,time,loc,op,stop
0,4688,0.0,0.0,-1
1,4689,0.0,0.0125,1
2,4690,0.0,0.0125,1
3,4691,0.0,0.0125,1
4,4692,0.007638888888888889,0.0125,-1
5,4693,0.015277777777777777,0.0125,-1
6,4694,0.022916666666666665,0.0125,-1
7,4695,0.030555555555555555,0.0125,-1
8,4696,0.03819444444444444,0.0125,-1
9,4697,0.04583333333333333,0.0125,-1
10,4698,0.05347222222222222,0.0125,-1
11,4699,0.06111111111111111,0.0125,-1
12,4700,0.06874999999999999,0.0125,-1
13,4701,0.07638888888888888,0.0125,-1
14,4702,0.08402777777777777,0.0125,-1
15,4703,0.09166666666666666,0.0125,-1
16,4704,0.09930555555555555,0.0125,-1
17,4705,0.10694444444444444,0.0125,-1
18,4706,0.11458333333333333,0.0125,-1
19,4707,0.12222222222222222,0.0125,-1
20,4708,0.1298611111111111,0.0125,-1
21,4709,0.13749999999999998,0.0125,-1
22,4710,0.14513888888888887,0.0125,-1
23,4711,0.15277777777777776,0.0125,-1
24,4712,0.16041666666666665,0.0125,-1
25,4713,0.16805555555555554,0.0125,-1
26,4714,0.17569444444444443,0.0125,-1
27,4715,0.18333333333333332,0.0125,-1
28,4716,0.1909722222222222,0.0125,-1
29,4717,0.1986111111111111,0.0125,-1
30,4718,0.20625,0.0125,-1
31,4719,0.21388888888888888,0.0125,-1
32,4720,0.22152777777777777,0.0125,-1
33,4721,0.22916666666666666,0.0125,-1
34,4722,0.23680555555555555,0.0125,-1
35,4723,0.24444444444444444,0.0125,-1
36,4724,0.2520833333333333,0.0125,-1
37,4725,0.2597222222222222,0.0125,-1
38,4726,0.26736111111111105,0.0125,-1
39,4727,0.2749999999999999,0.0125,-1
40,4728,0.2826388888888888,0.0125,-1
41,4729,0.29027777777777763,0.0125,-1
42,4730,0.2979166666666665,0.0125,-1
43,4731,0.30555555555555536,0.0125,-1
44,4732,0.3131944444444442,0.0125,-1
45,4733,0.3208333333333331,0.0125,-1
46,4734,0.32847222222222194,0.0125,-1
47,4735,0.3361111111111108,0.0125,-1
48,4736,0.3361111111111108,0.0375,2
49,4737,0.3361111111111108,0.0375,2
50,4738,0.3361111111111108,0.0375,2
51,4739,0.3361111111111108,0.0375,2
52,4740,0.3361111111111108,0.0375,2
53,4741,0.3361111111111108,0.0375,2
54,4742,0.34374999999999967,0.0375,-1
55,4743,0.35138888888888853,0.0375,-1
56,4744,0.3590277777777774,0.0375,-1
57,4745,0.36666666666666625,0.0375,-1
58,4746,0.3743055555555551,0.0375,-1
59,4747,0.381944444444444,0.0375,-1
60,4748,0.38958333333333284,0.0375,-1
61,4749,0.3972222222222217,0.0375,-1
62,4750,0.40486111111111056,0.0375,-1
63,4751,0.4124999999999994,0.0375,-1
64,4752,0.4201388888888883,0.0375,-1
65,4753,0.42777777777777715,0.0375,-1
66,4754,0.435416666666666,0.0375,-1
67,4755,0.44305555555555487,0.0375,-1
68,4756,0.45069444444444373,0.0375,-1
69,4757,0.4583333333333326,0.0375,-1
70,4758,0.46597222222222145,0.0375,-1
71,4759,0.4736111111111103,0.0375,-1
72,4760,0.4812499999999992,0.0375,-1
73,4761,0.48888888888888804,0.0375,-1
74,4762,0.4965277777777769,0.0375,-1
75,4763,0.5041666666666658,0.0375,-1
76,4764,0.5118055555555546,0.0375,-1
77,4765,0.5194444444444435,0.0375,-1
78,4766,0.5270833333333323,0.0375,-1
79,4767,0.5347222222222212,0.0375,-1
80,4768,0.5423611111111101,0.0375,-1
81,4769,0.5499999999999989,0.0375,-1
82,4770,0.5576388888888878,0.0375,-1
83,4771,0.5652777777777767,0.0375,-1
84,4772,0.5729166666666655,0.0375,-1
85,4773,0.5805555555555544,0.0375,-1
86,4774,0.5881944444444432,0.0375,-1
87,4775,0.5958333333333321,0.0375,-1
88,4776,0.603472222222221,0.0375,-1
89,4777,0.6111111111111098,0.0375,-1
90,4778,0.6187499999999987,0.0375,-1
91,4779,0.6263888888888876,0.0375,-1
92,4780,0.6340277777777764,0.0375,-1
93,4781,0.6416666666666653,0.0375,-1
94,4782,0.6493055555555541,0.0375,-1
95,4783,0.656944444444443,0.0375,-1
96,4784,0.6645833333333319,0.0375,-1
97,4785,0.6722222222222207,0.0375,-1
98,4786,0.6798611111111096,0.0375,-1
99,4787,0.6874999999999984,0.0375,-1
100,4788,0.6951388888888873,0.0375,-1
101,4789,0.7027777777777762,0.0375,-1
102,4790,0.710416666666665,0.0375,-1
103,4791,0.7180555555555539,0.0375,-1
104,4792,0.7256944444444428,0.0375,-1
105,4793,0.7333333333333316,0.0375,-1
106,4794,0.7409722222222205,0.0375,-1
107,4795,0.7486111111111093,0.0375,-1
108,4796,0.7562499999999982,0.0375,-1
109,4797,0.7638888888888871,0.0375,-1
110,4798,0.7715277777777759,0.0375,-1
111,4799,0.7791666666666648,0.0375,-1
112,4800,0.7868055555555536,0.0375,-1
113,4801,0.7944444444444425,0.0375,-1
114,4802,0.8020833333333314,0.0375,-1
115,4803,0.8097222222222202,0.0375,-1
116,4804,0.8173611111111091,0.0375,-1
117,4805,0.824999999999998,0.0375,-1
118,4806,0.8326388888888868,0.0375,-1
119,4807,0.8402777777777757,0.0375,-1
120,4808,0.8479166666666645,0.0375,-1
121,4809,0.8555555555555534,0.0375,-1
122,4810,0.8631944444444423,0.0375,-1
123,4811,0.8708333333333311,0.0375,-1
124,4812,0.87847222222222,0.0375,-1
125,4813,0.8861111111111089,0.0375,-1
126,4814,0.8937499999999977,0.0375,-1
127,4815,0.9013888888888866,0.0375,-1
128,4816,0.9090277777777754,0.0375,-1
129,4817,0.9166666666666643,0.0375,-1
130,4818,0.9243055555555532,0.0375,-1
131,4819,0.9243055555555532,0.05,3
132,4820,0.9243055555555532,0.05,3
133,4821,0.9243055555555532,0.05,3
134,4822,0.931944444444442,0.05,-1
135,4823,0.9395833333333309,0.05,-1
136,4824,0.9472222222222197,0.05,-1
137,4825,0.9548611111111086,0.05,-1
138,4826,0.9624999999999975,0.05,-1
139,4827,0.9701388888888863,0.05,-1
140,4828,0.9777777777777752,0.05,-1
141,4829,0.985416666666664,0.05,-1
142,4830,0.9930555555555529,0.05,-1
143,4831,1.0006944444444419,0.05,-1
144,4832,1.0083333333333309,0.05,-1
145,4833,1.0159722222222198,0.05,-1
146,4834,1.0236111111111088,0.05,-1
147,4835,1.0312499999999978,0.05,-1
148,4836,1.0388888888888868,0.05,-1
149,4837,1.0465277777777757,0.05,-1
150,4838,1.0541666666666647,0.05,-1
151,4839,1.0618055555555537,0.05,-1
152,4840,1.0694444444444426,0.05,-1
153,4841,1.0770833333333316,0.05,-1
154,4842,1.0847222222222206,0.05,-1
155,4843,1.0923611111111096,0.05,-1
156,4844,1.0999999999999985,0.05,-1
157,4845,1.1076388888888875,0.05,-1
158,4846,1.1152777777777765,0.05,-1
159,4847,1.1229166666666655,0.05,-1
160,4848,1.1305555555555544,0.05,-1
161,4849,1.1381944444444434,0.05,-1
162,4850,1.1458333333333324,0.05,-1
163,4851,1.1534722222222213,0.05,-1
164,4852,1.1611111111111103,0.05,-1
165,4853,1.1687499999999993,0.05,-1
166,4854,1.1763888888888883,0.05,-1
167,4855,1.1840277777777772,0.05,-1
168,4856,1.1916666666666662,0.05,-1
169,4857,1.1993055555555552,0.05,-1
170,4858,1.2069444444444442,0.05,-1
171,4859,1.2145833333333331,0.05,-1
172,4860,1.222222222222222,0.05,-1
173,4861,1.229861111111111,0.05,-1
174,4862,1.2375,0.05,-1
175,4863,1.245138888888889,0.05,-1
176,4864,1.252777777777778,0.05,-1
177,4865,1.260416666666667,0.05,-1
178,4866,1.268055555555556,0.05,-1
179,4867,1.275694444444445,0.05,-1
180,4868,1.2833333333333339,0.05,-1
181,4869,1.2909722222222229,0.05,-1
182,4870,1.2986111111111118,0.05,-1
183,4871,1.3062500000000008,0.05,-1
184,4872,1.3138888888888898,0.05,-1
185,4873,1.3215277777777787,0.05,-1
186,4874,1.3291666666666677,0.05,-1
187,4875,1.3368055555555567,0.05,-1
188,4876,1.3444444444444457,0.05,-1
189,4877,1.3520833333333346,0.05,-1
190,4878,1.3597222222222236,0.05,-1
191,4879,1.3673611111111126,0.05,-1
192,4880,1.3750000000000016,0.05,-1
193,4881,1.3826388888888905,0.05,-1
194,4882,1.3902777777777795,0.05,-1
195,4883,1.3979166666666685,0.05,-1
196,4884,1.4055555555555574,0.05,-1
197,4885,1.4131944444444464,0.05,-1
198,4886,1.4208333333333354,0.05,-1
199,4887,1.4284722222222244,0.05,-1
200,4888,1.4284722222222244,0.075,4
201,4889,1.4284722222222244,0.075,4
202,4890,1.4284722222222244,0.075,4
203,4891,1.4284722222222244,0.075,4
204,4892,1.4284722222222244,0.075,4
205,4893,1.4284722222222244,0.075,4
206,4894,1.4284722222222244,0.075,4
207,4895,1.4284722222222244,0.075,4
208,4896,1.4284722222222244,0.075,4
209,4897,1.4284722222222244,0.075,4
210,4898,1.4284722222222244,0.075,4
211,4899,1.4284722222222244,0.075,4
212,4900,1.4284722222222244,0.075,4
213,4901,1.4284722222222244,0.075,4
214,4902,1.4284722222222244,0.075,4
215,4903,1.4284722222222244,0.075,4
216,4904,1.4284722222222244,0.075,4
217,4905,1.4284722222222244,0.075,4
218,4906,1.4284722222222244,0.075,4
219,4907,1.4284722222222244,0.075,4
220,4908,1.4284722222222244,0.075,4
221,4909,1.4284722222222244,0.075,4
222,4910,1.4284722222222244,0.075,4
223,4911,1.4284722222222244,0.075,4
224,4912,1.4284722222222244,0.075,4
225,4913,1.4284722222222244,0.075,4
226,4914,1.4284722222222244,0.075,4
227,4915,1.4284722222222244,0.075,4
228,4916,1.4284722222222244,0.075,4
229,4917,1.4284722222222244,0.075,4
230,4918,1.4284722222222244,0.075,4
231,4919,1.4284722222222244,0.075,4
232,4920,1.4284722222222244,0.075,4
233,4921,1.4284722222222244,0.075,4
234,4922,1.4284722222222244,0.075,4
235,4923,1.4284722222222244,0.075,4
236,4924,1.4284722222222244,0.075,4
237,4925,1.4284722222222244,0.075,4
238,4926,1.4284722222222244,0.075,4
239,4927,1.4284722222222244,0.075,4
240,4928,1.4284722222222244,0.075,4
241,4929,1.4284722222222244,0.075,4
242,4930,1.4284722222222244,0.075,4
243,4931,1.4284722222222244,0.075,4
244,4932,1.4284722222222244,0.075,4
245,4933,1.4284722222222244,0.075,4
246,4934,1.4284722222222244,0.075,4
247,4935,1.4284722222222244,0.075,4
248,4936,1.4284722222222244,0.075,4
249,4937,1.4284722222222244,0.075,4
250,4938,1.4284722222222244,0.075,4
251,4939,1.4284722222222244,0.075,4
252,4940,1.4284722222222244,0.075,4
253,4941,1.4284722222222244,0.075,4
254,4942,1.4284722222222244,0.075,4
255,4943,1.4284722222222244,0.075,4
256,4944,1.4284722222222244,0.075,4
257,4945,1.4284722222222244,0.075,4
258,4946,1.4284722222222244,0.075,4
259,4947,1.4284722222222244,0.075,4
260,4948,1.4284722222222244,0.075,4
261,4949,1.4284722222222244,0.075,4
262,4950,1.4284722222222244,0.075,4
263,4951,1.4284722222222244,0.075,4
264,4952,1.4361111111111133,0.075,-1
265,4953,1.4437500000000023,0.075,-1
266,4954,1.4513888888888913,0.075,-1
267,4955,1.4590277777777803,0.075,-1
268,4956,1.4666666666666692,0.075,-1
269,4957,1.4743055555555582,0.075,-1
270,4958,1.4819444444444472,0.075,-1
271,4959,1.4895833333333361,0.075,-1
272,4960,1.4972222222222251,0.075,-1
273,4961,1.504861111111114,0.075,-1
274,4962,1.512500000000003,0.075,-1
275,4963,1.520138888888892,0.075,-1
276,4964,1.527777777777781,0.075,-1
277,4965,1.53541666666667,0.075,-1
278,4966,1.543055555555559,0.075,-1
279,4967,1.550694444444448,0.075,-1
280,4968,1.558333333333337,0.075,-1
281,4969,1.5659722222222259,0.075,-1
282,4970,1.5736111111111148,0.075,-1
283,4971,1.5812500000000038,0.075,-1
284,4972,1.5888888888888928,0.075,-1
285,4973,1.5965277777777818,0.075,-1
286,4974,1.6041666666666707,0.075,-1
287,4975,1.6118055555555597,0.075,-1
288,4976,1.6194444444444487,0.075,-1
289,4977,1.6270833333333377,0.075,-1
290,4978,1.6347222222222266,0.075,-1
291,4979,1.6423611111111156,0.075,-1
292,4980,1.6500000000000046,0.075,-1
293,4981,1.6576388888888935,0.075,-1
294,4982,1.6652777777777825,0.075,-1
295,4983,1.6729166666666715,0.075,-1
296,4984,1.6805555555555605,0.075,-1
297,4985,1.6881944444444494,0.075,-1
298,4986,1.6958333333333384,0.075,-1
299,4987,1.7034722222222274,0.075,-1
300,4988,1.7111111111111164,0.075,-1
301,4989,1.7187500000000053,0.075,-1
302,4990,1.7263888888888943,0.075,-1
303,4991,1.7340277777777833,0.075,-1
304,4992,1.7416666666666722,0.075,-1
305,4993,1.7493055555555612,0.075,-1
306,4994,1.7569444444444502,0.075,-1
307,4995,1.7645833333333392,0.075,-1
308,4996,1.7722222222222281,0.075,-1
309,4997,1.7798611111111171,0.075,-1
310,4998,1.787500000000006,0.075,-1
311,4999,1.795138888888895,0.075,-1
312,5000,1.802777777777784,0.075,-1
313,5001,1.810416666666673,0.075,-1
314,5002,1.818055555555562,0.075,-1
315,5003,1.825694444444451,0.075,-1
316,5004,1.83333333333334,0.075,-1
317,5005,1.840972222222229,0.075,-1
318,5006,1.8486111111111179,0.075,-1
319,5007,1.8562500000000068,0.075,-1
320,5008,1.8638888888888958,0.075,-1
321,5009,1.8715277777777848,0.075,-1
322,5010,1.8791666666666738,0.075,-1
323,5011,1.8868055555555627,0.075,-1
324,5012,1.8944444444444517,0.075,-1
325,5013,1.9020833333333407,0.075,-1
326,5014,1.9097222222222296,0.075,-1
327,5015,1.9173611111111186,0.075,-1
328,5016,1.9250000000000076,0.075,-1
329,5017,1.9326388888888966,0.075,-1
330,5018,1.9402777777777855,0.075,-1
331,5019,1.9479166666666745,0.075,-1
332,5020,1.9555555555555635,0.075,-1
333,5021,1.9631944444444525,0.075,-1
334,5022,1.9708333333333414,0.075,-1
335,5023,1.9784722222222304,0.075,-1
336,5024,1.9861111111111194,0.075,-1
337,5025,1.9937500000000083,0.075,-1
338,5026,2.001388888888897,0.075,-1
339,5027,2.009027777777786,0.075,-1
340,5028,2.0166666666666746,0.075,-1
341,5029,2.0243055555555634,0.075,-1
342,5030,2.031944444444452,0.075,-1
343,5031,2.039583333333341,0.075,-1
344,5032,2.0472222222222296,0.075,-1
345,5033,2.0548611111111184,0.075,-1
346,5034,2.062500000000007,0.075,-1
347,5035,2.070138888888896,0.075,-1
348,5036,2.0777777777777846,0.075,-1
349,5037,2.0854166666666734,0.075,-1
350,5038,2.093055555555562,0.075,-1
351,5039,2.100694444444451,0.075,-1
352,5040,2.1083333333333396,0.075,-1
353,5041,2.1159722222222284,0.075,-1
354,5042,2.123611111111117,0.075,-1
355,5043,2.131250000000006,0.075,-1
356,5044,2.1388888888888946,0.075,-1
357,5045,2.1465277777777834,0.075,-1
358,5046,2.154166666666672,0.075,-1
359,5047,2.161805555555561,0.075,-1
360,5048,2.1694444444444496,0.075,-1
361,5049,2.1770833333333384,0.075,-1
362,5050,2.184722222222227,0.075,-1
363,5051,2.192361111111116,0.075,-1
364,5052,2.2000000000000046,0.075,-1
365,5053,2.2076388888888934,0.075,-1
366,5054,2.215277777777782,0.075,-1
367,5055,2.222916666666671,0.075,-1
368,5056,2.2305555555555596,0.075,-1
369,5057,2.2381944444444484,0.075,-1
370,5058,2.245833333333337,0.075,-1
371,5059,2.253472222222226,0.075,-1
372,5060,2.2611111111111146,0.075,-1
373,5061,2.2687500000000034,0.075,-1
374,5062,2.276388888888892,0.075,-1
375,5063,2.276388888888892,0.1,5
376,5064,2.276388888888892,0.1,5
377,5065,2.276388888888892,0.1,5
378,5066,2.276388888888892,0.1,5
379,5067,2.276388888888892,0.1,5
380,5068,2.276388888888892,0.1,5
381,5069,2.276388888888892,0.1,5
382,5070,2.276388888888892,0.1,5
383,5071,2.276388888888892,0.1,5
384,5072,2.276388888888892,0.1,5
385,5073,2.276388888888892,0.1,5
386,5074,2.276388888888892,0.1,5
387,5075,2.276388888888892,0.1,5
388,5076,2.276388888888892,0.1,5
389,5077,2.276388888888892,0.1,5
390,5078,2.276388888888892,0.1,5
391,5079,2.276388888888892,0.1,5
392,5080,2.276388888888892,0.1,5
393,5081,2.276388888888892,0.1,5
394,5082,2.276388888888892,0.1,5
395,5083,2.276388888888892,0.1,5
396,5084,2.276388888888892,0.1,5
397,5085,2.276388888888892,0.1,5
398,5086,2.276388888888892,0.1,5
399,5087,2.276388888888892,0.1,5
400,5088,2.276388888888892,0.1,5
401,5089,2.276388888888892,0.1,5
402,5090,2.276388888888892,0.1,5
403,5091,2.276388888888892,0.1,5
404,5092,2.276388888888892,0.1,5
405,5093,2.276388888888892,0.1,5
406,5094,2.276388888888892,0.1,5
407,5095,2.276388888888892,0.1,5
408,5096,2.276388888888892,0.1,5
409,5097,2.276388888888892,0.1,5
410,5098,2.276388888888892,0.1,5
411,5099,2.276388888888892,0.1,5
412,5100,2.276388888888892,0.1,5
413,5101,2.276388888888892,0.1,5
414,5102,2.276388888888892,0.1,5
415,5103,2.276388888888892,0.1,5
416,5104,2.276388888888892,0.1,5
417,5105,2.276388888888892,0.1,5
418,5106,2.276388888888892,0.1,5
419,5107,2.276388888888892,0.1,5
420,5108,2.276388888888892,0.1,5
421,5109,2.276388888888892,0.1,5
422,5110,2.276388888888892,0.1,5
423,5111,2.276388888888892,0.1,5
424,5112,2.276388888888892,0.1,5
425,5113,2.276388888888892,0.1,5
426,5114,2.276388888888892,0.1,5
427,5115,2.276388888888892,0.1,5
428,5116,2.276388888888892,0.1,5
429,5117,2.276388888888892,0.1,5
430,5118,2.276388888888892,0.1,5
431,5119,2.276388888888892,0.1,5
432,5120,2.276388888888892,0.1,5
433,5121,2.276388888888892,0.1,5
434,5122,2.276388888888892,0.1,5
435,5123,2.276388888888892,0.1,5
436,5124,2.276388888888892,0.1,5
437,5125,2.276388888888892,0.1,5
438,5126,2.276388888888892,0.1,5
439,5127,2.276388888888892,0.1,5
440,5128,2.276388888888892,0.1,5
441,5129,2.276388888888892,0.1,5
442,5130,2.276388888888892,0.1,5
443,5131,2.276388888888892,0.1,5
444,5132,2.276388888888892,0.1,5
445,5133,2.276388888888892,0.1,5
446,5134,2.276388888888892,0.1,5
447,5135,2.276388888888892,0.1,5
448,5136,2.276388888888892,0.1,5
449,5137,2.276388888888892,0.1,5
450,5138,2.276388888888892,0.1,5
451,5139,2.276388888888892,0.1,5
452,5140,2.276388888888892,0.1,5
453,5141,2.276388888888892,0.1,5
454,5142,2.276388888888892,0.1,5
455,5143,2.276388888888892,0.1,5
456,5144,2.276388888888892,0.1,5
457,5145,2.276388888888892,0.1,5
458,5146,2.276388888888892,0.1,5
459,5147,2.276388888888892,0.1,5
460,5148,2.276388888888892,0.1,5
461,5149,2.276388888888892,0.1,5
462,5150,2.276388888888892,0.1,5
463,5151,2.276388888888892,0.1,5
464,5152,2.276388888888892,0.1,5
465,5153,2.276388888888892,0.1,5
466,5154,2.276388888888892,0.1,5
467,5155,2.276388888888892,0.1,5
468,5156,2.276388888888892,0.1,5
469,5157,2.276388888888892,0.1,5
470,5158,2.276388888888892,0.1,5
471,5159,2.276388888888892,0.1,5
472,5160,2.276388888888892,0.1,5
473,5161,2.284027777777781,0.1,-1
474,5162,2.2916666666666696,0.1,-1
475,5163,2.2993055555555584,0.1,-1
476,5164,2.306944444444447,0.1,-1
477,5165,2.314583333333336,0.1,-1
478,5166,2.3222222222222246,0.1,-1
479,5167,2.3298611111111134,0.1,-1
480,5168,2.337500000000002,0.1,-1
481,5169,2.345138888888891,0.1,-1
482,5170,2.3527777777777796,0.1,-1
483,5171,2.3604166666666684,0.1,-1
484,5172,2.368055555555557,0.1,-1
485,5173,2.375694444444446,0.1,-1
486,5174,2.3833333333333346,0.1,-1
487,5175,2.3909722222222234,0.1,-1
488,5176,2.398611111111112,0.1,-1
489,5177,2.406250000000001,0.1,-1
490,5178,2.4138888888888896,0.1,-1
491,5179,2.4215277777777784,0.1,-1
492,5180,2.429166666666667,0.1,-1
493,5181,2.436805555555556,0.1,-1
494,5182,2.4444444444444446,0.1,-1
495,5183,2.4520833333333334,0.1,-1
496,5184,2.459722222222222,0.1,-1
497,5185,2.467361111111111,0.1,-1
498,5186,2.4749999999999996,0.1,-1
499,5187,2.4826388888888884,0.1,-1
500,5188,2.490277777777777,0.1,-1
501,5189,2.497916666666666,0.1,-1
502,5190,2.5055555555555546,0.1,-1
503,5191,2.5131944444444434,0.1,-1
504,5192,2.520833333333332,0.1,-1
505,5193,2.528472222222221,0.1,-1
506,5194,2.5361111111111097,0.1,-1
507,5195,2.5437499999999984,0.1,-1
508,5196,2.551388888888887,0.1,-1
509,5197,2.559027777777776,0.1,-1
510,5198,2.5666666666666647,0.1,-1
511,5199,2.5743055555555534,0.1,-1
512,5200,2.581944444444442,0.1,-1
513,5201,2.589583333333331,0.1,-1
514,5202,2.5972222222222197,0.1,-1
515,5203,2.6048611111111084,0.1,-1
516,5204,2.612499999999997,0.1,-1
517,5205,2.620138888888886,0.1,-1
518,5206,2.6277777777777747,0.1,-1
519,5207,2.6354166666666634,0.1,-1
520,5208,2.643055555555552,0.1,-1
521,5209,2.650694444444441,0.1,-1
522,5210,2.6583333333333297,0.1,-1
523,5211,2.6659722222222184,0.1,-1
524,5212,2.673611111111107,0.1,-1
525,5213,2.681249999999996,0.1,-1
526,5214,2.6888888888888847,0.1,-1
527,5215,2.6965277777777734,0.1,-1
528,5216,2.704166666666662,0.1,-1
529,5217,2.711805555555551,0.1,-1
530,5218,2.7194444444444397,0.1,-1
531,5219,2.7270833333333284,0.1,-1
532,5220,2.734722222222217,0.1,-1
533,5221,2.742361111111106,0.1,-1
534,5222,2.7499999999999947,0.1,-1
535,5223,2.7576388888888834,0.1,-1
536,5224,2.765277777777772,0.1,-1
537,5225,2.772916666666661,0.1,-1
538,5226,2.7805555555555497,0.1,-1
539,5227,2.7881944444444384,0.1,-1
540,5228,2.795833333333327,0.1,-1
541,5229,2.803472222222216,0.1,-1
542,5230,2.8111111111111047,0.1,-1
543,5231,2.8187499999999934,0.1,-1
544,5232,2.826388888888882,0.1,-1
545,5233,2.834027777777771,0.1,-1
546,5234,2.8416666666666597,0.1,-1
547,5235,2.8493055555555484,0.1,-1
548,5236,2.856944444444437,0.1,-1
549,5237,2.864583333333326,0.1,-1
550,5238,2.8722222222222147,0.1,-1
551,5239,2.8798611111111034,0.1,-1
552,5240,2.887499999999992,0.1,-1
553,5241,2.895138888888881,0.1,-1
554,5242,2.9027777777777697,0.1,-1
555,5243,2.9104166666666584,0.1,-1
556,5244,2.918055555555547,0.1,-1
557,5245,2.925694444444436,0.1,-1
558,5246,2.9333333333333247,0.1,-1
559,5247,2.9409722222222134,0.1,-1
560,5248,2.948611111111102,0.1,-1
561,5249,2.956249999999991,0.1,-1
562,5250,2.9638888888888797,0.1,-1
563,5251,2.9715277777777684,0.1,-1
564,5252,2.979166666666657,0.1,-1
565,5253,2.986805555555546,0.1,-1
566,5254,2.9944444444444347,0.1,-1
567,5255,3.0020833333333234,0.1,-1
568,5256,3.009722222222212,0.1,-1
569,5257,3.017361111111101,0.1,-1
570,5258,3.0249999999999897,0.1,-1
571,5259,3.0326388888888784,0.1,-1
572,5260,3.040277777777767,0.1,-1
573,5261,3.047916666666656,0.1,-1
574,5262,3.0555555555555447,0.1,-1
575,5263,3.0631944444444335,0.1,-1
576,5264,3.070833333333322,0.1,-1
577,5265,3.078472222222211,0.1,-1
578,5266,3.0861111111110997,0.1,-1
579,5267,3.0937499999999885,0.1,-1
580,5268,3.101388888888877,0.1,-1
581,5269,3.109027777777766,0.1,-1
582,5270,3.1166666666666547,0.1,-1
583,5271,3.1243055555555435,0.1,-1
584,5272,3.131944444444432,0.1,-1
585,5273,3.139583333333321,0.1,-1
586,5274,3.139583333333321,0.1,6
587,5275,3.139583333333321,0.1,6
588,5276,3.139583333333321,0.1,6
589,5277,3.139583333333321,0.1,6
590,5278,3.139583333333321,0.1,6
591,5279,3.139583333333321,0.1,6
592,5280,3.139583333333321,0.1,6
593,5281,3.139583333333321,0.1,6
594,5282,3.139583333333321,0.1,6
595,5283,3.139583333333321,0.1,6
596,5284,3.139583333333321,0.1,6
597,5285,3.139583333333321,0.1,6
598,5286,3.139583333333321,0.1,6
599,5287,3.139583333333321,0.1,6
600,5288,3.139583333333321,0.1,6
601,5289,3.139583333333321,0.1,6
602,5290,3.139583333333321,0.1,6
603,5291,3.139583333333321,0.1,6
604,5292,3.139583333333321,0.1,6
605,5293,3.139583333333321,0.1,6
606,5294,3.139583333333321,0.1,6
607,5295,3.139583333333321,0.1,6
608,5296,3.139583333333321,0.1,6
609,5297,3.139583333333321,0.1,6
610,5298,3.139583333333321,0.1,6
611,5299,3.139583333333321,0.1,6
612,5300,3.139583333333321,0.1,6
613,5301,3.139583333333321,0.1,6
614,5302,3.139583333333321,0.1,6
615,5303,3.139583333333321,0.1,6
616,5304,3.139583333333321,0.1,6
617,5305,3.139583333333321,0.1,6
618,5306,3.139583333333321,0.1,6
619,5307,3.139583333333321,0.1,6
620,5308,3.139583333333321,0.1,6
621,5309,3.139583333333321,0.1,6
622,5310,3.139583333333321,0.1,6
623,5311,3.139583333333321,0.1,6
624,5312,3.139583333333321,0.1,6
625,5313,3.139583333333321,0.1,6
626,5314,3.139583333333321,0.1,6
627,5315,3.139583333333321,0.1,6
628,5316,3.139583333333321,0.1,6
629,5317,3.139583333333321,0.1,6
630,5318,3.139583333333321,0.1,6
631,5319,3.139583333333321,0.1,6
632,5320,3.139583333333321,0.1,6
633,5321,3.139583333333321,0.1,6
634,5322,3.139583333333321,0.1,6
635,5323,3.139583333333321,0.1,6
636,5324,3.139583333333321,0.1,6
637,5325,3.139583333333321,0.1,6
638,5326,3.139583333333321,0.1,6
639,5327,3.139583333333321,0.1,6
640,5328,3.139583333333321,0.1,6
641,5329,3.139583333333321,0.1,6
642,5330,3.139583333333321,0.1,6
643,5331,3.139583333333321,0.1,6
644,5332,3.139583333333321,0.1,6
645,5333,3.139583333333321,0.1,6
646,5334,3.139583333333321,0.1,6
647,5335,3.139583333333321,0.1,6
648,5336,3.139583333333321,0.1,6
649,5337,3.139583333333321,0.1,6
650,5338,3.139583333333321,0.1,6
651,5339,3.139583333333321,0.1,6
652,5340,3.139583333333321,0.1,6
653,5341,3.139583333333321,0.1,6
654,5342,3.139583333333321,0.1,6
655,5343,3.139583333333321,0.1,6
656,5344,3.139583333333321,0.1,6
657,5345,3.139583333333321,0.1,6
658,5346,3.139583333333321,0.1,6
659,5347,3.139583333333321,0.1,6
660,5348,3.139583333333321,0.1,6
661,5349,3.139583333333321,0.1,6
662,5350,3.139583333333321,0.1,6
663,5351,3.139583333333321,0.1,6
664,5352,3.139583333333321,0.1,6
665,5353,3.139583333333321,0.1,6
666,5354,3.139583333333321,0.1,6
667,5355,3.139583333333321,0.1,6
668,5356,3.139583333333321,0.1,6
669,5357,3.139583333333321,0.1,6
670,5358,3.139583333333321,0.1,6
671,5359,3.139583333333321,0.1,6
672,5360,3.139583333333321,0.1,6
673,5361,3.139583333333321,0.1,6
674,5362,3.139583333333321,0.1,6
675,5363,3.139583333333321,0.1,6
676,5364,3.139583333333321,0.1,6
677,5365,3.139583333333321,0.1,6
678,5366,3.139583333333321,0.1,6
679,5367,3.139583333333321,0.1,6
680,5368,3.139583333333321,0.1,6
681,5369,3.139583333333321,0.1,6
682,5370,3.139583333333321,0.1,6
683,5371,3.139583333333321,0.1,6
684,5372,3.139583333333321,0.1,6
685,5373,3.139583333333321,0.1,6
686,5374,3.139583333333321,0.1,6
687,5375,3.139583333333321,0.1,6
688,5376,3.139583333333321,0.1,6
689,5377,3.139583333333321,0.1,6
690,5378,3.139583333333321,0.1,6
691,5379,3.139583333333321,0.1,6
692,5380,3.139583333333321,0.1,6
693,5381,3.139583333333321,0.1,6
694,5382,3.139583333333321,0.1,6
695,5383,3.139583333333321,0.1,6
696,5384,3.139583333333321,0.1,6
697,5385,3.139583333333321,0.1,6
698,5386,3.1472222222222097,0.1,-1
699,5387,3.1548611111110985,0.1,-1
700,5388,3.162499999999987,0.1,-1
701,5389,3.170138888888876,0.1,-1
702,5390,3.1777777777777647,0.1,-1
703,5391,3.1854166666666535,0.1,-1
704,5392,3.193055555555542,0.1,-1
705,5393,3.200694444444431,0.1,-1
706,5394,3.2083333333333197,0.1,-1
707,5395,3.2159722222222085,0.1,-1
708,5396,3.223611111111097,0.1,-1
709,5397,3.231249999999986,0.1,-1
710,5398,3.2388888888888747,0.1,-1
711,5399,3.2465277777777635,0.1,-1
712,5400,3.254166666666652,0.1,-1
713,5401,3.261805555555541,0.1,-1
714,5402,3.2694444444444297,0.1,-1
715,5403,3.2770833333333185,0.1,-1
716,5404,3.284722222222207,0.1,-1
717,5405,3.292361111111096,0.1,-1
718,5406,3.2999999999999847,0.1,-1
719,5407,3.3076388888888735,0.1,-1
720,5408,3.3152777777777622,0.1,-1
721,5409,3.322916666666651,0.1,-1
722,5410,3.3305555555555397,0.1,-1
723,5411,3.3381944444444285,0.1,-1
724,5412,3.3458333333333172,0.1,-1
725,5413,3.353472222222206,0.1,-1
726,5414,3.3611111111110947,0.1,-1
727,5415,3.3687499999999835,0.1,-1
728,5416,3.3763888888888722,0.1,-1
729,5417,3.384027777777761,0.1,-1
730,5418,3.3916666666666497,0.1,-1
731,5419,3.3993055555555385,0.1,-1
732,5420,3.4069444444444272,0.1,-1
733,5421,3.414583333333316,0.1,-1
734,5422,3.4222222222222047,0.1,-1
735,5423,3.4298611111110935,0.1,-1
736,5424,3.4374999999999822,0.1,-1
737,5425,3.445138888888871,0.1,-1
738,5426,3.4527777777777597,0.1,-1
739,5427,3.4604166666666485,0.1,-1
740,5428,3.4680555555555372,0.1,-1
741,5429,3.475694444444426,0.1,-1
742,5430,3.4833333333333147,0.1,-1
743,5431,3.4909722222222035,0.1,-1
744,5432,3.4986111111110922,0.1,-1
745,5433,3.506249999999981,0.1,-1
746,5434,3.5138888888888697,0.1,-1
747,5435,3.5215277777777585,0.1,-1
748,5436,3.5291666666666472,0.1,-1
749,5437,3.536805555555536,0.1,-1
750,5438,3.5444444444444247,0.1,-1
751,5439,3.5520833333333135,0.1,-1
752,5440,3.5597222222222022,0.1,-1
753,5441,3.567361111111091,0.1,-1
754,5442,3.5749999999999797,0.1,-1
755,5443,3.5826388888888685,0.1,-1
756,5444,3.5902777777777573,0.1,-1
757,5445,3.597916666666646,0.1,-1
758,5446,3.6055555555555348,0.1,-1
759,5447,3.6131944444444235,0.1,-1
760,5448,3.6208333333333123,0.1,-1
761,5449,3.628472222222201,0.1,-1
762,5450,3.6361111111110898,0.1,-1
763,5451,3.6437499999999785,0.1,-1
764,5452,3.6513888888888673,0.1,-1
765,5453,3.659027777777756,0.1,-1
766,5454,3.6666666666666448,0.1,-1
767,5455,3.6743055555555335,0.1,-1
768,5456,3.6819444444444223,0.1,-1
769,5457,3.689583333333311,0.1,-1
770,5458,3.6972222222221998,0.1,-1
771,5459,3.7048611111110885,0.1,-1
772,5460,3.7124999999999773,0.1,-1
773,5461,3.720138888888866,0.1,-1
774,5462,3.7277777777777548,0.1,-1
775,5463,3.7354166666666435,0.1,-1
776,5464,3.7430555555555323,0.1,-1
777,5465,3.750694444444421,0.1,-1
778,5466,3.7583333333333098,0.1,-1
779,5467,3.7659722222221985,0.1,-1
780,5468,3.7736111111110873,0.1,-1
781,5469,3.781249999999976,0.1,-1
782,5470,3.7888888888888648,0.1,-1
783,5471,3.7965277777777535,0.1,-1
784,5472,3.8041666666666423,0.1,-1
785,5473,3.811805555555531,0.1,-1
786,5474,3.8194444444444198,0.1,-1
787,5475,3.8270833333333085,0.1,-1
788,5476,3.8347222222221973,0.1,-1
789,5477,3.842361111111086,0.1,-1
790,5478,3.8499999999999748,0.1,-1
791,5479,3.8576388888888635,0.1,-1
792,5480,3.8652777777777523,0.1,-1
793,5481,3.872916666666641,0.1,-1
794,5482,3.88055555555553,0.1,-1
795,5483,3.8881944444444185,0.1,-1
796,5484,3.8958333333333073,0.1,-1
797,5485,3.903472222222196,0.1,-1
798,5486,3.911111111111085,0.1,-1
799,5487,3.9187499999999735,0.1,-1
800,5488,3.9263888888888623,0.1,-1
801,5489,3.934027777777751,0.1,-1
802,5490,3.94166666666664,0.1,-1
803,5491,3.9493055555555285,0.1,-1
804,5492,3.9569444444444173,0.1,-1
805,5493,3.964583333333306,0.1,-1
806,5494,3.972222222222195,0.1,-1
807,5495,3.9798611111110835,0.1,-1
808,5496,3.9874999999999723,0.1,-1
809,5497,3.995138888888861,0.1,-1
810,5498,4.00277777777775,0.1,-1
811,5499,4.0104166666666385,0.1,-1
812,5500,4.018055555555527,0.1,-1
813,5501,4.025694444444416,0.1,-1
814,5502,4.033333333333305,0.1,-1
815,5503,4.033333333333305,0.15,7
816,5504,4.033333333333305,0.15,7
817,5505,4.033333333333305,0.15,7
818,5506,4.033333333333305,0.15,7
819,5507,4.033333333333305,0.15,7
820,5508,4.033333333333305,0.15,7
821,5509,4.033333333333305,0.15,7
822,5510,4.033333333333305,0.15,7
823,5511,4.033333333333305,0.15,7
824,5512,4.033333333333305,0.15,7
825,5513,4.033333333333305,0.15,7
826,5514,4.033333333333305,0.15,7
827,5515,4.033333333333305,0.15,7
828,5516,4.033333333333305,0.15,7
829,5517,4.033333333333305,0.15,7
830,5518,4.033333333333305,0.15,7
831,5519,4.033333333333305,0.15,7
832,5520,4.033333333333305,0.15,7
833,5521,4.033333333333305,0.15,7
834,5522,4.033333333333305,0.15,7
835,5523,4.033333333333305,0.15,7
836,5524,4.033333333333305,0.15,7
837,5525,4.033333333333305,0.15,7
838,5526,4.033333333333305,0.15,7
839,5527,4.033333333333305,0.15,7
840,5528,4.033333333333305,0.15,7
841,5529,4.033333333333305,0.15,7
842,5530,4.033333333333305,0.15,7
843,5531,4.033333333333305,0.15,7
844,5532,4.033333333333305,0.15,7
845,5533,4.033333333333305,0.15,7
846,5534,4.033333333333305,0.15,7
847,5535,4.033333333333305,0.15,7
848,5536,4.033333333333305,0.15,7
849,5537,4.033333333333305,0.15,7
850,5538,4.033333333333305,0.15,7
851,5539,4.033333333333305,0.15,7
852,5540,4.033333333333305,0.15,7
853,5541,4.033333333333305,0.15,7
854,5542,4.033333333333305,0.15,7
855,5543,4.033333333333305,0.15,7
856,5544,4.033333333333305,0.15,7
857,5545,4.033333333333305,0.15,7
858,5546,4.033333333333305,0.15,7
859,5547,4.033333333333305,0.15,7
860,5548,4.033333333333305,0.15,7
861,5549,4.033333333333305,0.15,7
862,5550,4.033333333333305,0.15,7
863,5551,4.033333333333305,0.15,7
864,5552,4.033333333333305,0.15,7
865,5553,4.033333333333305,0.15,7
866,5554,4.033333333333305,0.15,7
867,5555,4.033333333333305,0.15,7
868,5556,4.033333333333305,0.15,7
869,5557,4.033333333333305,0.15,7
870,5558,4.033333333333305,0.15,7
871,5559,4.033333333333305,0.15,7
872,5560,4.033333333333305,0.15,7
873,5561,4.033333333333305,0.15,7
874,5562,4.033333333333305,0.15,7
875,5563,4.033333333333305,0.15,7
876,5564,4.033333333333305,0.15,7
877,5565,4.033333333333305,0.15,7
878,5566,4.033333333333305,0.15,7
879,5567,4.033333333333305,0.15,7
880,5568,4.033333333333305,0.15,7
881,5569,4.033333333333305,0.15,7
882,5570,4.033333333333305,0.15,7
883,5571,4.033333333333305,0.15,7
884,5572,4.033333333333305,0.15,7
885,5573,4.033333333333305,0.15,7
886,5574,4.033333333333305,0.15,7
887,5575,4.033333333333305,0.15,7
888,5576,4.033333333333305,0.15,7
889,5577,4.033333333333305,0.15,7
890,5578,4.033333333333305,0.15,7
891,5579,4.033333333333305,0.15,7
892,5580,4.033333333333305,0.15,7
893,5581,4.033333333333305,0.15,7
894,5582,4.033333333333305,0.15,7
895,5583,4.033333333333305,0.15,7
896,5584,4.033333333333305,0.15,7
897,5585,4.033333333333305,0.15,7
898,5586,4.033333333333305,0.15,7
899,5587,4.033333333333305,0.15,7
900,5588,4.033333333333305,0.15,7
901,5589,4.033333333333305,0.15,7
902,5590,4.033333333333305,0.15,7
903,5591,4.033333333333305,0.15,7
904,5592,4.033333333333305,0.15,7
905,5593,4.033333333333305,0.15,7
906,5594,4.033333333333305,0.15,7
907,5595,4.033333333333305,0.15,7
908,5596,4.033333333333305,0.15,7
909,5597,4.033333333333305,0.15,7
910,5598,4.033333333333305,0.15,7
911,5599,4.033333333333305,0.15,7
912,5600,4.033333333333305,0.15,7
913,5601,4.033333333333305,0.15,7
914,5602,4.033333333333305,0.15,7
915,5603,4.033333333333305,0.15,7
916,5604,4.033333333333305,0.15,7
917,5605,4.033333333333305,0.15,7
918,5606,4.033333333333305,0.15,7
919,5607,4.033333333333305,0.15,7
920,5608,4.033333333333305,0.15,7
921,5609,4.033333333333305,0.15,7
922,5610,4.033333333333305,0.15,7
923,5611,4.033333333333305,0.15,7
924,5612,4.033333333333305,0.15,7
925,5613,4.033333333333305,0.15,7
926,5614,4.033333333333305,0.15,7
927,5615,4.033333333333305,0.15,7
928,5616,4.033333333333305,0.15,7
929,5617,4.033333333333305,0.15,7
930,5618,4.033333333333305,0.15,7
931,5619,4.033333333333305,0.15,7
932,5620,4.033333333333305,0.15,7
933,5621,4.033333333333305,0.15,7
934,5622,4.033333333333305,0.15,7
935,5623,4.033333333333305,0.15,7
936,5624,4.033333333333305,0.15,7
937,5625,4.033333333333305,0.15,7
938,5626,4.033333333333305,0.15,7
939,5627,4.033333333333305,0.15,7
940,5628,4.033333333333305,0.15,7
941,5629,4.033333333333305,0.15,7
942,5630,4.033333333333305,0.15,7
943,5631,4.033333333333305,0.15,7
944,5632,4.033333333333305,0.15,7
945,5633,4.033333333333305,0.15,7
946,5634,4.033333333333305,0.15,7
947,5635,4.033333333333305,0.15,7
948,5636,4.0409722222221935,0.15,-1
949,5637,4.048611111111082,0.15,-1
950,5638,4.056249999999971,0.15,-1
951,5639,4.06388888888886,0.15,-1
952,5640,4.0715277777777485,0.15,-1
953,5641,4.079166666666637,0.15,-1
954,5642,4.086805555555526,0.15,-1
955,5643,4.094444444444415,0.15,-1
956,5644,4.1020833333333035,0.15,-1
957,5645,4.109722222222192,0.15,-1
958,5646,4.117361111111081,0.15,-1
959,5647,4.12499999999997,0.15,-1
960,5648,4.1326388888888586,0.15,-1
961,5649,4.140277777777747,0.15,-1
962,5650,4.147916666666636,0.15,-1
963,5651,4.155555555555525,0.15,-1
964,5652,4.1631944444444136,0.15,-1
965,5653,4.170833333333302,0.15,-1
966,5654,4.178472222222191,0.15,-1
967,5655,4.18611111111108,0.15,-1
968,5656,4.193749999999969,0.15,-1
969,5657,4.201388888888857,0.15,-1
970,5658,4.209027777777746,0.15,-1
971,5659,4.216666666666635,0.15,-1
972,5660,4.224305555555524,0.15,-1
973,5661,4.231944444444412,0.15,-1
974,5662,4.239583333333301,0.15,-1
975,5663,4.24722222222219,0.15,-1
976,5664,4.254861111111079,0.15,-1
977,5665,4.262499999999967,0.15,-1
978,5666,4.270138888888856,0.15,-1
979,5667,4.277777777777745,0.15,-1
980,5668,4.285416666666634,0.15,-1
981,5669,4.293055555555522,0.15,-1
982,5670,4.300694444444411,0.15,-1
983,5671,4.3083333333333,0.15,-1
984,5672,4.315972222222189,0.15,-1
985,5673,4.323611111111077,0.15,-1
986,5674,4.331249999999966,0.15,-1
987,5675,4.331249999999966,0.2125,8
988,5676,4.331249999999966,0.2125,8
989,5677,4.331249999999966,0.2125,8
990,5678,4.331249999999966,0.2125,8
991,5679,4.331249999999966,0.2125,8
992,5680,4.331249999999966,0.2125,8
993,5681,4.331249999999966,0.2125,8
994,5682,4.331249999999966,0.2125,8
995,5683,4.331249999999966,0.2125,8
996,5684,4.331249999999966,0.2125,8
997,5685,4.331249999999966,0.2125,8
998,5686,4.331249999999966,0.2125,8
999,5687,4.331249999999966,0.2125,8
1000,5688,4.331249999999966,0.2125,8
1001,5689,4.331249999999966,0.2125,8
1002,5690,4.331249999999966,0.2125,8
1003,5691,4.331249999999966,0.2125,8
1004,5692,4.331249999999966,0.2125,8
1005,5693,4.331249999999966,0.2125,8
1006,5694,4.331249999999966,0.2125,8
1007,5695,4.331249999999966,0.2125,8
1008,5696,4.331249999999966,0.2125,8
1009,5697,4.331249999999966,0.2125,8
1010,5698,4.331249999999966,0.2125,8
1011,5699,4.331249999999966,0.2125,8
1012,5700,4.331249999999966,0.2125,8
1013,5701,4.331249999999966,0.2125,8
1014,5702,4.331249999999966,0.2125,8
1015,5703,4.331249999999966,0.2125,8
1016,5704,4.331249999999966,0.2125,8
1017,5705,4.331249999999966,0.2125,8
1018,5706,4.331249999999966,0.2125,8
1019,5707,4.331249999999966,0.2125,8
1020,5708,4.331249999999966,0.2125,8
1021,5709,4.331249999999966,0.2125,8
1022,5710,4.331249999999966,0.2125,8
1023,5711,4.331249999999966,0.2125,8
1024,5712,4.331249999999966,0.2125,8
1025,5713,4.331249999999966,0.2125,8
1026,5714,4.331249999999966,0.2125,8
1027,5715,4.331249999999966,0.2125,8
1028,5716,4.331249999999966,0.2125,8
1029,5717,4.331249999999966,0.2125,8
1030,5718,4.331249999999966,0.2125,8
1031,5719,4.331249999999966,0.2125,8
1032,5720,4.331249999999966,0.2125,8
1033,5721,4.331249999999966,0.2125,8
1034,5722,4.331249999999966,0.2125,8
1035,5723,4.331249999999966,0.2125,8
1036,5724,4.331249999999966,0.2125,8
1037,5725,4.331249999999966,0.2125,8
1038,5726,4.331249999999966,0.2125,8
1039,5727,4.331249999999966,0.2125,8
1040,5728,4.331249999999966,0.2125,8
1041,5729,4.331249999999966,0.2125,8
1042,5730,4.331249999999966,0.2125,8
1043,5731,4.331249999999966,0.2125,8
1044,5732,4.331249999999966,0.2125,8
1045,5733,4.331249999999966,0.2125,8
1046,5734,4.331249999999966,0.2125,8
1047,5735,4.331249999999966,0.2125,8
1048,5736,4.331249999999966,0.2125,8
1049,5737,4.331249999999966,0.2125,8
1050,5738,4.331249999999966,0.2125,8
1051,5739,4.331249999999966,0.2125,8
1052,5740,4.331249999999966,0.2125,8
1053,5741,4.338888888888855,0.2125,-1
1054,5742,4.346527777777744,0.2125,-1
1055,5743,4.354166666666632,0.2125,-1
1056,5744,4.361805555555521,0.2125,-1
1057,5745,4.36944444444441,0.2125,-1
1058,5746,4.377083333333299,0.2125,-1
1059,5747,4.384722222222187,0.2125,-1
1060,5748,4.392361111111076,0.2125,-1
1061,5749,4.399999999999965,0.2125,-1
1062,5750,4.407638888888854,0.2125,-1
1063,5751,4.415277777777742,0.2125,-1
1064,5752,4.422916666666631,0.2125,-1
1065,5753,4.43055555555552,0.2125,-1
1066,5754,4.438194444444409,0.2125,-1
1067,5755,4.445833333333297,0.2125,-1
1068,5756,4.453472222222186,0.2125,-1
1069,5757,4.461111111111075,0.2125,-1
1070,5758,4.468749999999964,0.2125,-1
1071,5759,4.476388888888852,0.2125,-1
1072,5760,4.484027777777741,0.2125,-1
1073,5761,4.49166666666663,0.2125,-1
1074,5762,4.499305555555519,0.2125,-1
1075,5763,4.506944444444407,0.2125,-1
1076,5764,4.514583333333296,0.2125,-1
1077,5765,4.522222222222185,0.2125,-1
1078,5766,4.529861111111074,0.2125,-1
1079,5767,4.537499999999962,0.2125,-1
1080,5768,4.545138888888851,0.2125,-1
1081,5769,4.55277777777774,0.2125,-1
1082,5770,4.560416666666629,0.2125,-1
1083,5771,4.568055555555517,0.2125,-1
1084,5772,4.575694444444406,0.2125,-1
1085,5773,4.583333333333295,0.2125,-1
1086,5774,4.590972222222184,0.2125,-1
1087,5775,4.598611111111072,0.2125,-1
1088,5776,4.606249999999961,0.2125,-1
1089,5777,4.61388888888885,0.2125,-1
1090,5778,4.621527777777739,0.2125,-1
1091,5779,4.629166666666627,0.2125,-1
1092,5780,4.636805555555516,0.2125,-1
1093,5781,4.644444444444405,0.2125,-1
1094,5782,4.652083333333294,0.2125,-1
1095,5783,4.659722222222182,0.2125,-1
1096,5784,4.667361111111071,0.2125,-1
1097,5785,4.67499999999996,0.2125,-1
1098,5786,4.682638888888849,0.2125,-1
1099,5787,4.690277777777737,0.2125,-1
1100,5788,4.697916666666626,0.2125,-1
1101,5789,4.705555555555515,0.2125,-1
1102,5790,4.713194444444404,0.2125,-1
1103,5791,4.720833333333292,0.2125,-1
1104,5792,4.728472222222181,0.2125,-1
1105,5793,4.73611111111107,0.2125,-1
1106,5794,4.743749999999959,0.2125,-1
1107,5795,4.751388888888847,0.2125,-1
1108,5796,4.759027777777736,0.2125,-1
1109,5797,4.766666666666625,0.2125,-1
1110,5798,4.774305555555514,0.2125,-1
1111,5799,4.781944444444402,0.2125,-1
1112,5800,4.789583333333291,0.2125,-1
1113,5801,4.79722222222218,0.2125,-1
1114,5802,4.804861111111069,0.2125,-1
1115,5803,4.812499999999957,0.2125,-1
1116,5804,4.820138888888846,0.2125,-1
1117,5805,4.827777777777735,0.2125,-1
1118,5806,4.835416666666624,0.2125,-1
1119,5807,4.843055555555512,0.2125,-1
1120,5808,4.850694444444401,0.2125,-1
1121,5809,4.85833333333329,0.2125,-1
1122,5810,4.865972222222179,0.2125,-1
1123,5811,4.873611111111067,0.2125,-1
1124,5812,4.881249999999956,0.2125,-1
1125,5813,4.888888888888845,0.2125,-1
1126,5814,4.896527777777734,0.2125,-1
1127,5815,4.904166666666622,0.2125,-1
1128,5816,4.911805555555511,0.2125,-1
1129,5817,4.9194444444444,0.2125,-1
1130,5818,4.927083333333289,0.2125,-1
1131,5819,4.927083333333289,0.2375,9
1132,5820,4.927083333333289,0.2375,9
1133,5821,4.927083333333289,0.2375,9
1134,5822,4.927083333333289,0.2375,9
1135,5823,4.927083333333289,0.2375,9
1136,5824,4.927083333333289,0.2375,9
1137,5825,4.934722222222177,0.2375,-1
1138,5826,4.942361111111066,0.2375,-1
1139,5827,4.949999999999955,0.2375,-1
1140,5828,4.957638888888844,0.2375,-1
1141,5829,4.965277777777732,0.2375,-1
1142,5830,4.972916666666621,0.2375,-1
1143,5831,4.98055555555551,0.2375,-1
1144,5832,4.988194444444399,0.2375,-1
1145,5833,4.995833333333287,0.2375,-1
1146,5834,5.003472222222176,0.2375,-1
1147,5835,5.011111111111065,0.2375,-1
1148,5836,5.018749999999954,0.2375,-1
1149,5837,5.026388888888842,0.2375,-1
1150,5838,5.034027777777731,0.2375,-1
1151,5839,5.04166666666662,0.2375,-1
1152,5840,5.049305555555509,0.2375,-1
1153,5841,5.056944444444397,0.2375,-1
1154,5842,5.064583333333286,0.2375,-1
1155,5843,5.072222222222175,0.2375,-1
1156,5844,5.079861111111064,0.2375,-1
1157,5845,5.087499999999952,0.2375,-1
1158,5846,5.095138888888841,0.2375,-1
1159,5847,5.10277777777773,0.2375,-1
1160,5848,5.110416666666619,0.2375,-1
1161,5849,5.118055555555507,0.2375,-1
1162,5850,5.125694444444396,0.2375,-1
1163,5851,5.133333333333285,0.2375,-1
1164,5852,5.140972222222174,0.2375,-1
1165,5853,5.148611111111062,0.2375,-1
1166,5854,5.156249999999951,0.2375,-1
1167,5855,5.16388888888884,0.2375,-1
1168,5856,5.171527777777729,0.2375,-1
1169,5857,5.179166666666617,0.2375,-1
1170,5858,5.186805555555506,0.2375,-1
1171,5859,5.194444444444395,0.2375,-1
1172,5860,5.202083333333284,0.2375,-1
1173,5861,5.209722222222172,0.2375,-1
1174,5862,5.217361111111061,0.2375,-1
1175,5863,5.22499999999995,0.2375,-1
1176,5864,5.232638888888839,0.2375,-1
1177,5865,5.240277777777727,0.2375,-1
1178,5866,5.247916666666616,0.2375,-1
1179,5867,5.255555555555505,0.2375,-1
1180,5868,5.263194444444394,0.2375,-1
1181,5869,5.270833333333282,0.2375,-1
1182,5870,5.278472222222171,0.2375,-1
1183,5871,5.28611111111106,0.2375,-1
1184,5872,5.293749999999949,0.2375,-1
1185,5873,5.301388888888837,0.2375,-1
1186,5874,5.309027777777726,0.2375,-1
1187,5875,5.316666666666615,0.2375,-1
1188,5876,5.324305555555504,0.2375,-1
1189,5877,5.331944444444392,0.2375,-1
1190,5878,5.339583333333281,0.2375,-1
1191,5879,5.34722222222217,0.2375,-1
1192,5880,5.354861111111059,0.2375,-1
1193,5881,5.354861111111059,0.2375,10
1194,5882,5.354861111111059,0.2375,10
1195,5883,5.354861111111059,0.2375,10
1196,5884,5.354861111111059,0.2375,10
1197,5885,5.354861111111059,0.2375,10
1198,5886,5.354861111111059,0.2375,10
1199,5887,5.354861111111059,0.2375,10
1200,5888,5.354861111111059,0.2375,10
1201,5889,5.354861111111059,0.2375,10
1202,5890,5.354861111111059,0.2375,10
1203,5891,5.354861111111059,0.2375,10
1204,5892,5.354861111111059,0.2375,10
1205,5893,5.354861111111059,0.2375,10
1206,5894,5.354861111111059,0.2375,10
1207,5895,5.354861111111059,0.2375,10
1208,5896,5.354861111111059,0.2375,10
1209,5897,5.354861111111059,0.2375,10
1210,5898,5.354861111111059,0.2375,10
1211,5899,5.354861111111059,0.2375,10
1212,5900,5.354861111111059,0.2375,10
1213,5901,5.354861111111059,0.2375,10
1214,5902,5.354861111111059,0.2375,10
1215,5903,5.354861111111059,0.2375,10
1216,5904,5.354861111111059,0.2375,10
1217,5905,5.354861111111059,0.2375,10
1218,5906,5.354861111111059,0.2375,10
1219,5907,5.354861111111059,0.2375,10
1220,5908,5.354861111111059,0.2375,10
1221,5909,5.354861111111059,0.2375,10
1222,5910,5.354861111111059,0.2375,10
1223,5911,5.354861111111059,0.2375,10
1224,5912,5.354861111111059,0.2375,10
1225,5913,5.354861111111059,0.2375,10
1226,5914,5.354861111111059,0.2375,10
1227,5915,5.354861111111059,0.2375,10
1228,5916,5.354861111111059,0.2375,10
1229,5917,5.354861111111059,0.2375,10
1230,5918,5.354861111111059,0.2375,10
1231,5919,5.354861111111059,0.2375,10
1232,5920,5.354861111111059,0.2375,10
1233,5921,5.354861111111059,0.2375,10
1234,5922,5.354861111111059,0.2375,10
1235,5923,5.354861111111059,0.2375,10
1236,5924,5.354861111111059,0.2375,10
1237,5925,5.354861111111059,0.2375,10
1238,5926,5.354861111111059,0.2375,10
1239,5927,5.354861111111059,0.2375,10
1240,5928,5.354861111111059,0.2375,10
1241,5929,5.354861111111059,0.2375,10
1242,5930,5.354861111111059,0.2375,10
1243,5931,5.354861111111059,0.2375,10
1244,5932,5.354861111111059,0.2375,10
1245,5933,5.354861111111059,0.2375,10
1246,5934,5.354861111111059,0.2375,10
1247,5935,5.354861111111059,0.2375,10
1248,5936,5.354861111111059,0.2375,10
1249,5937,5.354861111111059,0.2375,10
1250,5938,5.354861111111059,0.2375,10
1251,5939,5.354861111111059,0.2375,10
1252,5940,5.354861111111059,0.2375,10
1253,5941,5.354861111111059,0.2375,10
1254,5942,5.354861111111059,0.2375,10
1255,5943,5.354861111111059,0.2375,10
1256,5944,5.354861111111059,0.2375,10
1257,5945,5.354861111111059,0.2375,10
1258,5946,5.354861111111059,0.2375,10
1259,5947,5.354861111111059,0.2375,10
1260,5948,5.354861111111059,0.2375,10
1261,5949,5.354861111111059,0.2375,10
1262,5950,5.354861111111059,0.2375,10
1263,5951,5.354861111111059,0.2375,10
1264,5952,5.354861111111059,0.2375,10
1265,5953,5.354861111111059,0.2375,10
1266,5954,5.354861111111059,0.2375,10
1267,5955,5.354861111111059,0.2375,10
1268,5956,5.354861111111059,0.2375,10
1269,5957,5.354861111111059,0.2375,10
1270,5958,5.354861111111059,0.2375,10
1271,5959,5.354861111111059,0.2375,10
1272,5960,5.354861111111059,0.2375,10
1273,5961,5.354861111111059,0.2375,10
1274,5962,5.354861111111059,0.2375,10
1275,5963,5.354861111111059,0.2375,10
1276,5964,5.354861111111059,0.2375,10
1277,5965,5.354861111111059,0.2375,10
1278,5966,5.354861111111059,0.2375,10
1279,5967,5.354861111111059,0.2375,10
1280,5968,5.354861111111059,0.2375,10
1281,5969,5.354861111111059,0.2375,10
1282,5970,5.354861111111059,0.2375,10
1283,5971,5.354861111111059,0.2375,10
1284,5972,5.354861111111059,0.2375,10
1285,5973,5.354861111111059,0.2375,10
1286,5974,5.354861111111059,0.2375,10
1287,5975,5.354861111111059,0.2375,10
1288,5976,5.354861111111059,0.2375,10
1289,5977,5.354861111111059,0.2375,10
1290,5978,5.354861111111059,0.2375,10
1291,5979,5.354861111111059,0.2375,10
1292,5980,5.354861111111059,0.2375,10
1293,5981,5.354861111111059,0.2375,10
1294,5982,5.354861111111059,0.2375,10
1295,5983,5.354861111111059,0.2375,10
1296,5984,5.354861111111059,0.2375,10
1297,5985,5.354861111111059,0.2375,10
1298,5986,5.354861111111059,0.2375,10
1299,5987,5.354861111111059,0.2375,10
1300,5988,5.354861111111059,0.2375,10
1301,5989,5.362499999999947,0.2375,-1
1302,5990,5.370138888888836,0.2375,-1
1303,5991,5.377777777777725,0.2375,-1
1304,5992,5.385416666666614,0.2375,-1
1305,5993,5.393055555555502,0.2375,-1
1306,5994,5.400694444444391,0.2375,-1
1307,5995,5.40833333333328,0.2375,-1
1308,5996,5.415972222222169,0.2375,-1
1309,5997,5.423611111111057,0.2375,-1
1310,5998,5.431249999999946,0.2375,-1
1311,5999,5.438888888888835,0.2375,-1
1312,6000,5.446527777777724,0.2375,-1
1313,6001,5.454166666666612,0.2375,-1
1314,6002,5.461805555555501,0.2375,-1
1315,6003,5.46944444444439,0.2375,-1
1316,6004,5.477083333333279,0.2375,-1
1317,6005,5.484722222222167,0.2375,-1
1318,6006,5.492361111111056,0.2375,-1
1319,6007,5.499999999999945,0.2375,-1
1320,6008,5.507638888888834,0.2375,-1
1321,6009,5.515277777777722,0.2375,-1
1322,6010,5.522916666666611,0.2375,-1
1323,6011,5.5305555555555,0.2375,-1
1324,6012,5.538194444444389,0.2375,-1
1325,6013,5.545833333333277,0.2375,-1
1326,6014,5.553472222222166,0.2375,-1
1327,6015,5.561111111111055,0.2375,-1
1328,6016,5.568749999999944,0.2375,-1
1329,6017,5.576388888888832,0.2375,-1
1330,6018,5.584027777777721,0.2375,-1
1331,6019,5.59166666666661,0.2375,-1
1332,6020,5.599305555555499,0.2375,-1
1333,6021,5.606944444444387,0.2375,-1
1334,6022,5.614583333333276,0.2375,-1
1335,6023,5.622222222222165,0.2375,-1
1336,6024,5.629861111111054,0.2375,-1
1337,6025,5.6374999999999424,0.2375,-1
1338,6026,5.645138888888831,0.2375,-1
1339,6027,5.65277777777772,0.2375,-1
1340,6028,5.660416666666609,0.2375,-1
1341,6029,5.6680555555554974,0.2375,-1
1342,6030,5.675694444444386,0.2375,-1
1343,6031,5.683333333333275,0.2375,-1
1344,6032,5.690972222222164,0.2375,-1
1345,6033,5.6986111111110525,0.2375,-1
1346,6034,5.706249999999941,0.2375,-1
1347,6035,5.71388888888883,0.2375,-1
1348,6036,5.721527777777719,0.2375,-1
1349,6037,5.7291666666666075,0.2375,-1
1350,6038,5.736805555555496,0.2375,-1
1351,6039,5.744444444444385,0.2375,-1
1352,6040,5.752083333333274,0.2375,-1
1353,6041,5.7597222222221625,0.2375,-1
1354,6042,5.767361111111051,0.2375,-1
1355,6043,5.77499999999994,0.2375,-1
1356,6044,5.782638888888829,0.2375,-1
1357,6045,5.7902777777777175,0.2375,-1
1358,6046,5.797916666666606,0.2375,-1
1359,6047,5.805555555555495,0.2375,-1
1360,6048,5.813194444444384,0.2375,-1
1361,6049,5.8208333333332725,0.2375,-1
1362,6050,5.828472222222161,0.2375,-1
1363,6051,5.83611111111105,0.2375,-1
1364,6052,5.843749999999939,0.2375,-1
1365,6053,5.8513888888888275,0.2375,-1
1366,6054,5.859027777777716,0.2375,-1
1367,6055,5.866666666666605,0.2375,-1
1368,6056,5.874305555555494,0.2375,-1
1369,6057,5.8819444444443825,0.2375,-1
1370,6058,5.889583333333271,0.2375,-1
1371,6059,5.89722222222216,0.2375,-1
1372,6060,5.904861111111049,0.2375,-1
1373,6061,5.9124999999999375,0.2375,-1
1374,6062,5.920138888888826,0.2375,-1
1375,6063,5.927777777777715,0.2375,-1
1376,6064,5.935416666666604,0.2375,-1
1377,6065,5.9430555555554925,0.2375,-1
1378,6066,5.950694444444381,0.2375,-1
1379,6067,5.95833333333327,0.2375,-1
1380,6068,5.965972222222159,0.2375,-1
1381,6069,5.9736111111110475,0.2375,-1
1382,6070,5.981249999999936,0.2375,-1
1383,6071,5.988888888888825,0.2375,-1
1384,6072,5.996527777777714,0.2375,-1
1385,6073,6.0041666666666025,0.2375,-1
1386,6074,6.011805555555491,0.2375,-1
1387,6075,6.01944444444438,0.2375,-1
1388,6076,6.027083333333269,0.2375,-1
1389,6077,6.0347222222221575,0.2375,-1
1390,6078,6.042361111111046,0.2375,-1
1391,6079,6.049999999999935,0.2375,-1
1392,6080,6.057638888888824,0.2375,-1
1393,6081,6.0652777777777125,0.2375,-1
1394,6082,6.072916666666601,0.2375,-1
1395,6083,6.08055555555549,0.2375,-1
1396,6084,6.088194444444379,0.2375,-1
1397,6085,6.0958333333332675,0.2375,-1
1398,6086,6.103472222222156,0.2375,-1
1399,6087,6.111111111111045,0.2375,-1
1400,6088,6.118749999999934,0.2375,-1
1401,6089,6.1263888888888225,0.2375,-1
1402,6090,6.134027777777711,0.2375,-1
1403,6091,6.1416666666666,0.2375,-1
1404,6092,6.149305555555489,0.2375,-1
1405,6093,6.1569444444443775,0.2375,-1
1406,6094,6.164583333333266,0.2375,-1
1407,6095,6.172222222222155,0.2375,-1
1408,6096,6.179861111111044,0.2375,-1
1409,6097,6.1874999999999325,0.2375,-1
1410,6098,6.195138888888821,0.2375,-1
1411,6099,6.20277777777771,0.2375,-1
1412,6100,6.210416666666599,0.2375,-1
1413,6101,6.2180555555554875,0.2375,-1
1414,6102,6.225694444444376,0.2375,-1
1415,6103,6.233333333333265,0.2375,-1
1416,6104,6.240972222222154,0.2375,-1
1417,6105,6.2486111111110425,0.2375,-1
1418,6106,6.256249999999931,0.2375,-1
1419,6107,6.26388888888882,0.2375,-1
1420,6108,6.271527777777709,0.2375,-1
1421,6109,6.2791666666665975,0.2375,-1
1422,6110,6.286805555555486,0.2375,-1
1423,6111,6.294444444444375,0.2375,-1
1424,6112,6.302083333333264,0.2375,-1
1425,6113,6.3097222222221525,0.2375,-1
1426,6114,6.317361111111041,0.2375,-1
1427,6115,6.32499999999993,0.2375,-1
1428,6116,6.332638888888819,0.2375,-1
1429,6117,6.3402777777777075,0.2375,-1
1430,6118,6.347916666666596,0.2375,-1
1431,6119,6.355555555555485,0.2375,-1
1432,6120,6.363194444444374,0.2375,-1
1433,6121,6.3708333333332625,0.2375,-1
1434,6122,6.378472222222151,0.2375,-1
1435,6123,6.38611111111104,0.2375,-1
1436,6124,6.393749999999929,0.2375,-1
1437,6125,6.4013888888888175,0.2375,-1
1438,6126,6.409027777777706,0.2375,-1
1439,6127,6.416666666666595,0.2375,-1
1440,6128,6.424305555555484,0.2375,-1
1441,6129,6.4319444444443725,0.2375,-1
1442,6130,6.439583333333261,0.2375,-1
1443,6131,6.44722222222215,0.2375,-1
1444,6132,6.454861111111039,0.2375,-1
1445,6133,6.4624999999999275,0.2375,-1
1446,6134,6.470138888888816,0.2375,-1
1447,6135,6.477777777777705,0.2375,-1
1448,6136,6.485416666666594,0.2375,-1
1449,6137,6.4930555555554825,0.2375,-1
1450,6138,6.4930555555554825,0.25,11
1451,6139,6.4930555555554825,0.25,11
1452,6140,6.4930555555554825,0.25,11
1453,6141,6.4930555555554825,0.25,11
1454,6142,6.4930555555554825,0.25,11
1455,6143,6.4930555555554825,0.25,11
1456,6144,6.4930555555554825,0.25,11
1457,6145,6.4930555555554825,0.25,11
1458,6146,6.4930555555554825,0.25,11
1459,6147,6.4930555555554825,0.25,11
1460,6148,6.4930555555554825,0.25,11
1461,6149,6.4930555555554825,0.25,11
1462,6150,6.4930555555554825,0.25,11
1463,6151,6.4930555555554825,0.25,11
1464,6152,6.4930555555554825,0.25,11
1465,6153,6.4930555555554825,0.25,11
1466,6154,6.4930555555554825,0.25,11
1467,6155,6.4930555555554825,0.25,11
1468,6156,6.4930555555554825,0.25,11
1469,6157,6.4930555555554825,0.25,11
1470,6158,6.4930555555554825,0.25,11
1471,6159,6.4930555555554825,0.25,11
1472,6160,6.4930555555554825,0.25,11
1473,6161,6.4930555555554825,0.25,11
1474,6162,6.4930555555554825,0.25,11
1475,6163,6.4930555555554825,0.25,11
1476,6164,6.4930555555554825,0.25,11
1477,6165,6.4930555555554825,0.25,11
1478,6166,6.4930555555554825,0.25,11
1479,6167,6.4930555555554825,0.25,11
1480,6168,6.4930555555554825,0.25,11
1481,6169,6.4930555555554825,0.25,11
1482,6170,6.4930555555554825,0.25,11
1483,6171,6.4930555555554825,0.25,11
1484,6172,6.4930555555554825,0.25,11
1485,6173,6.4930555555554825,0.25,11
1486,6174,6.4930555555554825,0.25,11
1487,6175,6.4930555555554825,0.25,11
1488,6176,6.4930555555554825,0.25,11
1489,6177,6.4930555555554825,0.25,11
1490,6178,6.4930555555554825,0.25,11
1491,6179,6.4930555555554825,0.25,11
1492,6180,6.4930555555554825,0.25,11
1493,6181,6.4930555555554825,0.25,11
1494,6182,6.4930555555554825,0.25,11
1495,6183,6.4930555555554825,0.25,11
1496,6184,6.4930555555554825,0.25,11
1497,6185,6.4930555555554825,0.25,11
1498,6186,6.4930555555554825,0.25,11
1499,6187,6.4930555555554825,0.25,11
1500,6188,6.4930555555554825,0.25,11
1501,6189,6.4930555555554825,0.25,11
1502,6190,6.4930555555554825,0.25,11
1503,6191,6.4930555555554825,0.25,11
1504,6192,6.4930555555554825,0.25,11
1505,6193,6.4930555555554825,0.25,11
1506,6194,6.4930555555554825,0.25,11
1507,6195,6.4930555555554825,0.25,11
1508,6196,6.500694444444371,0.25,-1
1509,6197,6.50833333333326,0.25,-1
1510,6198,6.515972222222149,0.25,-1
1511,6199,6.5236111111110375,0.25,-1
1512,6200,6.531249999999926,0.25,-1
1513,6201,6.538888888888815,0.25,-1
1514,6202,6.546527777777704,0.25,-1
1515,6203,6.5541666666665925,0.25,-1
1516,6204,6.561805555555481,0.25,-1
1517,6205,6.56944444444437,0.25,-1
1518,6206,6.577083333333259,0.25,-1
1519,6207,6.5847222222221475,0.25,-1
1520,6208,6.592361111111036,0.25,-1
1521,6209,6.599999999999925,0.25,-1
1522,6210,6.607638888888814,0.25,-1
1523,6211,6.6152777777777025,0.25,-1
1524,6212,6.622916666666591,0.25,-1
1525,6213,6.63055555555548,0.25,-1
1526,6214,6.638194444444369,0.25,-1
1527,6215,6.6458333333332575,0.25,-1
1528,6216,6.653472222222146,0.25,-1
1529,6217,6.661111111111035,0.25,-1
1530,6218,6.668749999999924,0.25,-1
1531,6219,6.6763888888888125,0.25,-1
1532,6220,6.684027777777701,0.25,-1
1533,6221,6.69166666666659,0.25,-1
1534,6222,6.699305555555479,0.25,-1
1535,6223,6.7069444444443675,0.25,-1
1536,6224,6.714583333333256,0.25,-1
1537,6225,6.722222222222145,0.25,-1
1538,6226,6.729861111111034,0.25,-1
1539,6227,6.7374999999999226,0.25,-1
1540,6228,6.745138888888811,0.25,-1
1541,6229,6.7527777777777,0.25,-1
1542,6230,6.760416666666589,0.25,-1
1543,6231,6.7680555555554776,0.25,-1
1544,6232,6.775694444444366,0.25,-1
1545,6233,6.783333333333255,0.25,-1
1546,6234,6.790972222222144,0.25,-1
1547,6235,6.798611111111033,0.25,-1
1548,6236,6.806249999999921,0.25,-1
1549,6237,6.81388888888881,0.25,-1
1550,6238,6.821527777777699,0.25,-1
1551,6239,6.829166666666588,0.25,-1
1552,6240,6.836805555555476,0.25,-1
1553,6241,6.844444444444365,0.25,-1
1554,6242,6.852083333333254,0.25,-1
1555,6243,6.859722222222143,0.25,-1
1556,6244,6.867361111111031,0.25,-1
1557,6245,6.87499999999992,0.25,-1
1558,6246,6.882638888888809,0.25,-1
1559,6247,6.890277777777698,0.25,-1
1560,6248,6.897916666666586,0.25,-1
1561,6249,6.905555555555475,0.25,-1
1562,6250,6.913194444444364,0.25,-1
1563,6251,6.920833333333253,0.25,-1
1564,6252,6.928472222222141,0.25,-1
1565,6253,6.928472222222141,0.25,12
1566,6254,6.928472222222141,0.25,12
1567,6255,6.928472222222141,0.25,12
1568,6256,6.928472222222141,0.25,12
1569,6257,6.928472222222141,0.25,12
1570,6258,6.928472222222141,0.25,12
1571,6259,6.928472222222141,0.25,12
1572,6260,6.928472222222141,0.25,12
1573,6261,6.928472222222141,0.25,12
1574,6262,6.928472222222141,0.25,12
1575,6263,6.928472222222141,0.25,12
1576,6264,6.928472222222141,0.25,12
1577,6265,6.928472222222141,0.25,12
1578,6266,6.928472222222141,0.25,12
1579,6267,6.928472222222141,0.25,12
1580,6268,6.928472222222141,0.25,12
1581,6269,6.928472222222141,0.25,12
1582,6270,6.928472222222141,0.25,12
1583,6271,6.928472222222141,0.25,12
1584,6272,6.928472222222141,0.25,12
1585,6273,6.928472222222141,0.25,12
1586,6274,6.928472222222141,0.25,12
1587,6275,6.928472222222141,0.25,12
1588,6276,6.928472222222141,0.25,12
1589,6277,6.928472222222141,0.25,12
1590,6278,6.928472222222141,0.25,12
1591,6279,6.928472222222141,0.25,12
1592,6280,6.928472222222141,0.25,12
1593,6281,6.928472222222141,0.25,12
1594,6282,6.928472222222141,0.25,12
1595,6283,6.928472222222141,0.25,12
1596,6284,6.928472222222141,0.25,12
1597,6285,6.928472222222141,0.25,12
1598,6286,6.928472222222141,0.25,12
1599,6287,6.928472222222141,0.25,12
1600,6288,6.928472222222141,0.25,12
1601,6289,6.928472222222141,0.25,12
1602,6290,6.928472222222141,0.25,12
1603,6291,6.928472222222141,0.25,12
1604,6292,6.928472222222141,0.25,12
1605,6293,6.928472222222141,0.25,12
1606,6294,6.928472222222141,0.25,12
1607,6295,6.928472222222141,0.25,12
1608,6296,6.928472222222141,0.25,12
1609,6297,6.928472222222141,0.25,12
1610,6298,6.928472222222141,0.25,12
1611,6299,6.928472222222141,0.25,12
1612,6300,6.928472222222141,0.25,12
1613,6301,6.928472222222141,0.25,12
1614,6302,6.928472222222141,0.25,12
1615,6303,6.928472222222141,0.25,12
1616,6304,6.928472222222141,0.25,12
1617,6305,6.928472222222141,0.25,12
1618,6306,6.928472222222141,0.25,12
1619,6307,6.928472222222141,0.25,12
1620,6308,6.928472222222141,0.25,12
1621,6309,6.928472222222141,0.25,12
1622,6310,6.928472222222141,0.25,12
1623,6311,6.928472222222141,0.25,12
1624,6312,6.928472222222141,0.25,12
1625,6313,6.928472222222141,0.25,12
1626,6314,6.928472222222141,0.25,12
1627,6315,6.928472222222141,0.25,12
1628,6316,6.928472222222141,0.25,12
1629,6317,6.928472222222141,0.25,12
1630,6318,6.928472222222141,0.25,12
1631,6319,6.928472222222141,0.25,12
1632,6320,6.928472222222141,0.25,12
1633,6321,6.928472222222141,0.25,12
1634,6322,6.928472222222141,0.25,12
1635,6323,6.928472222222141,0.25,12
1636,6324,6.928472222222141,0.25,12
1637,6325,6.928472222222141,0.25,12
1638,6326,6.928472222222141,0.25,12
1639,6327,6.928472222222141,0.25,12
1640,6328,6.928472222222141,0.25,12
1641,6329,6.928472222222141,0.25,12
1642,6330,6.928472222222141,0.25,12
1643,6331,6.928472222222141,0.25,12
1644,6332,6.928472222222141,0.25,12
1645,6333,6.928472222222141,0.25,12
1646,6334,6.928472222222141,0.25,12
1647,6335,6.928472222222141,0.25,12
1648,6336,6.928472222222141,0.25,12
1649,6337,6.928472222222141,0.25,12
1650,6338,6.93611111111103,0.25,-1
1651,6339,6.943749999999919,0.25,-1
1652,6340,6.951388888888808,0.25,-1
1653,6341,6.959027777777696,0.25,-1
1654,6342,6.966666666666585,0.25,-1
1655,6343,6.974305555555474,0.25,-1
1656,6344,6.981944444444363,0.25,-1
1657,6345,6.989583333333251,0.25,-1
1658,6346,6.99722222222214,0.25,-1
1659,6347,7.004861111111029,0.25,-1
1660,6348,7.012499999999918,0.25,-1
1661,6349,7.020138888888806,0.25,-1
1662,6350,7.027777777777695,0.25,-1
1663,6351,7.035416666666584,0.25,-1
1664,6352,7.043055555555473,0.25,-1
1665,6353,7.050694444444361,0.25,-1
1666,6354,7.05833333333325,0.25,-1
1667,6355,7.065972222222139,0.25,-1
1668,6356,7.073611111111028,0.25,-1
1669,6357,7.081249999999916,0.25,-1
1670,6358,7.088888888888805,0.25,-1
1671,6359,7.096527777777694,0.25,-1
1672,6360,7.104166666666583,0.25,-1
1673,6361,7.111805555555471,0.25,-1
1674,6362,7.11944444444436,0.25,-1
1675,6363,7.127083333333249,0.25,-1
1676,6364,7.134722222222138,0.25,-1
1677,6365,7.142361111111026,0.25,-1
1678,6366,7.149999999999915,0.25,-1
1679,6367,7.157638888888804,0.25,-1
1680,6368,7.165277777777693,0.25,-1
1681,6369,7.172916666666581,0.25,-1
1682,6370,7.18055555555547,0.25,-1
1683,6371,7.188194444444359,0.25,-1
1684,6372,7.195833333333248,0.25,-1
1685,6373,7.203472222222136,0.25,-1
1686,6374,7.211111111111025,0.25,-1
1687,6375,7.218749999999914,0.25,-1
1688,6376,7.226388888888803,0.25,-1
1689,6377,7.234027777777691,0.25,-1
1690,6378,7.24166666666658,0.25,-1
1691,6379,7.249305555555469,0.25,-1
1692,6380,7.256944444444358,0.25,-1
1693,6381,7.264583333333246,0.25,-1
1694,6382,7.272222222222135,0.25,-1
1695,6383,7.279861111111024,0.25,-1
1696,6384,7.287499999999913,0.25,-1
1697,6385,7.295138888888801,0.25,-1
1698,6386,7.295138888888801,0.275,13
1699,6387,7.295138888888801,0.275,13
1700,6388,7.295138888888801,0.275,13
1701,6389,7.295138888888801,0.275,13
1702,6390,7.295138888888801,0.275,13
1703,6391,7.295138888888801,0.275,13
1704,6392,7.295138888888801,0.275,13
1705,6393,7.295138888888801,0.275,13
1706,6394,7.295138888888801,0.275,13
1707,6395,7.295138888888801,0.275,13
1708,6396,7.295138888888801,0.275,13
1709,6397,7.295138888888801,0.275,13
1710,6398,7.295138888888801,0.275,13
1711,6399,7.295138888888801,0.275,13
1712,6400,7.295138888888801,0.275,13
1713,6401,7.295138888888801,0.275,13
1714,6402,7.295138888888801,0.275,13
1715,6403,7.295138888888801,0.275,13
1716,6404,7.295138888888801,0.275,13
1717,6405,7.295138888888801,0.275,13
1718,6406,7.295138888888801,0.275,13
1719,6407,7.295138888888801,0.275,13
1720,6408,7.295138888888801,0.275,13
1721,6409,7.295138888888801,0.275,13
1722,6410,7.295138888888801,0.275,13
1723,6411,7.295138888888801,0.275,13
1724,6412,7.295138888888801,0.275,13
1725,6413,7.295138888888801,0.275,13
1726,6414,7.295138888888801,0.275,13
1727,6415,7.295138888888801,0.275,13
1728,6416,7.295138888888801,0.275,13
1729,6417,7.295138888888801,0.275,13
1730,6418,7.295138888888801,0.275,13
1731,6419,7.295138888888801,0.275,13
1732,6420,7.295138888888801,0.275,13
1733,6421,7.295138888888801,0.275,13
1734,6422,7.295138888888801,0.275,13
1735,6423,7.295138888888801,0.275,13
1736,6424,7.295138888888801,0.275,13
1737,6425,7.295138888888801,0.275,13
1738,6426,7.295138888888801,0.275,13
1739,6427,7.295138888888801,0.275,13
1740,6428,7.295138888888801,0.275,13
1741,6429,7.295138888888801,0.275,13
1742,6430,7.295138888888801,0.275,13
1743,6431,7.295138888888801,0.275,13
1744,6432,7.295138888888801,0.275,13
1745,6433,7.295138888888801,0.275,13
1746,6434,7.295138888888801,0.275,13
1747,6435,7.295138888888801,0.275,13
1748,6436,7.295138888888801,0.275,13
1749,6437,7.295138888888801,0.275,13
1750,6438,7.295138888888801,0.275,13
1751,6439,7.295138888888801,0.275,13
1752,6440,7.295138888888801,0.275,13
1753,6441,7.295138888888801,0.275,13
1754,6442,7.295138888888801,0.275,13
1755,6443,7.295138888888801,0.275,13
1756,6444,7.295138888888801,0.275,13
1757,6445,7.295138888888801,0.275,13
1758,6446,7.295138888888801,0.275,13
1759,6447,7.295138888888801,0.275,13
1760,6448,7.295138888888801,0.275,13
1761,6449,7.295138888888801,0.275,13
1762,6450,7.295138888888801,0.275,13
1763,6451,7.295138888888801,0.275,13
1764,6452,7.295138888888801,0.275,13
1765,6453,7.295138888888801,0.275,13
1766,6454,7.295138888888801,0.275,13
1767,6455,7.295138888888801,0.275,13
1768,6456,7.295138888888801,0.275,13
1769,6457,7.295138888888801,0.275,13
1770,6458,7.295138888888801,0.275,13
1771,6459,7.295138888888801,0.275,13
1772,6460,7.295138888888801,0.275,13
1773,6461,7.295138888888801,0.275,13
1774,6462,7.295138888888801,0.275,13
1775,6463,7.295138888888801,0.275,13
1776,6464,7.295138888888801,0.275,13
1777,6465,7.295138888888801,0.275,13
1778,6466,7.295138888888801,0.275,13
1779,6467,7.295138888888801,0.275,13
1780,6468,7.295138888888801,0.275,13
1781,6469,7.295138888888801,0.275,13
1782,6470,7.295138888888801,0.275,13
1783,6471,7.295138888888801,0.275,13
1784,6472,7.295138888888801,0.275,13
1785,6473,7.295138888888801,0.275,13
1786,6474,7.295138888888801,0.275,13
1787,6475,7.295138888888801,0.275,13
1788,6476,7.295138888888801,0.275,13
1789,6477,7.295138888888801,0.275,13
1790,6478,7.295138888888801,0.275,13
1791,6479,7.295138888888801,0.275,13
1792,6480,7.295138888888801,0.275,13
1793,6481,7.295138888888801,0.275,13
1794,6482,7.295138888888801,0.275,13
1795,6483,7.295138888888801,0.275,13
1796,6484,7.295138888888801,0.275,13
1797,6485,7.295138888888801,0.275,13
1798,6486,7.295138888888801,0.275,13
1799,6487,7.295138888888801,0.275,13
1800,6488,7.295138888888801,0.275,13
1801,6489,7.295138888888801,0.275,13
1802,6490,7.295138888888801,0.275,13
1803,6491,7.295138888888801,0.275,13
1804,6492,7.295138888888801,0.275,13
1805,6493,7.295138888888801,0.275,13
1806,6494,7.295138888888801,0.275,13
1807,6495,7.295138888888801,0.275,13
1808,6496,7.295138888888801,0.275,13
1809,6497,7.295138888888801,0.275,13
1810,6498,7.30277777777769,0.275,-1
1811,6499,7.310416666666579,0.275,-1
1812,6500,7.318055555555468,0.275,-1
1813,6501,7.325694444444356,0.275,-1
1814,6502,7.333333333333245,0.275,-1
1815,6503,7.340972222222134,0.275,-1
1816,6504,7.348611111111023,0.275,-1
1817,6505,7.356249999999911,0.275,-1
1818,6506,7.3638888888888,0.275,-1
1819,6507,7.371527777777689,0.275,-1
1820,6508,7.379166666666578,0.275,-1
1821,6509,7.386805555555466,0.275,-1
1822,6510,7.394444444444355,0.275,-1
1823,6511,7.402083333333244,0.275,-1
1824,6512,7.409722222222133,0.275,-1
1825,6513,7.417361111111021,0.275,-1
1826,6514,7.42499999999991,0.275,-1
1827,6515,7.432638888888799,0.275,-1
1828,6516,7.440277777777688,0.275,-1
1829,6517,7.447916666666576,0.275,-1
1830,6518,7.455555555555465,0.275,-1
1831,6519,7.463194444444354,0.275,-1
1832,6520,7.470833333333243,0.275,-1
1833,6521,7.478472222222131,0.275,-1
1834,6522,7.48611111111102,0.275,-1
1835,6523,7.493749999999909,0.275,-1
1836,6524,7.501388888888798,0.275,-1
1837,6525,7.509027777777686,0.275,-1
1838,6526,7.516666666666575,0.275,-1
1839,6527,7.524305555555464,0.275,-1
1840,6528,7.531944444444353,0.275,-1
1841,6529,7.539583333333241,0.275,-1
1842,6530,7.54722222222213,0.275,-1
1843,6531,7.554861111111019,0.275,-1
1844,6532,7.562499999999908,0.275,-1
1845,6533,7.570138888888796,0.275,-1
1846,6534,7.577777777777685,0.275,-1
1847,6535,7.585416666666574,0.275,-1
1848,6536,7.593055555555463,0.275,-1
1849,6537,7.600694444444351,0.275,-1
1850,6538,7.60833333333324,0.275,-1
1851,6539,7.615972222222129,0.275,-1
1852,6540,7.623611111111018,0.275,-1
1853,6541,7.631249999999906,0.275,-1
1854,6542,7.638888888888795,0.275,-1
1855,6543,7.646527777777684,0.275,-1
1856,6544,7.654166666666573,0.275,-1
1857,6545,7.661805555555461,0.275,-1
1858,6546,7.66944444444435,0.275,-1
1859,6547,7.677083333333239,0.275,-1
1860,6548,7.684722222222128,0.275,-1
1861,6549,7.692361111111016,0.275,-1
1862,6550,7.699999999999905,0.275,-1
1863,6551,7.707638888888794,0.275,-1
1864,6552,7.715277777777683,0.275,-1
1865,6553,7.722916666666571,0.275,-1
1866,6554,7.73055555555546,0.275,-1
1867,6555,7.738194444444349,0.275,-1
1868,6556,7.745833333333238,0.275,-1
1869,6557,7.753472222222126,0.275,-1
1870,6558,7.761111111111015,0.275,-1
1871,6559,7.768749999999904,0.275,-1
1872,6560,7.776388888888793,0.275,-1
1873,6561,7.784027777777681,0.275,-1
1874,6562,7.79166666666657,0.275,-1
1875,6563,7.799305555555459,0.275,-1
1876,6564,7.806944444444348,0.275,-1
1877,6565,7.814583333333236,0.275,-1
1878,6566,7.822222222222125,0.275,-1
1879,6567,7.829861111111014,0.275,-1
1880,6568,7.837499999999903,0.275,-1
1881,6569,7.845138888888791,0.275,-1
1882,6570,7.85277777777768,0.275,-1
1883,6571,7.860416666666569,0.275,-1
1884,6572,7.868055555555458,0.275,-1
1885,6573,7.875694444444346,0.275,-1
1886,6574,7.883333333333235,0.275,-1
1887,6575,7.890972222222124,0.275,-1
1888,6576,7.890972222222124,0.3875,14
1889,6577,7.890972222222124,0.3875,14
1890,6578,7.890972222222124,0.3875,14
1891,6579,7.890972222222124,0.3875,14
1892,6580,7.890972222222124,0.3875,14
1893,6581,7.890972222222124,0.3875,14
1894,6582,7.890972222222124,0.3875,14
1895,6583,7.890972222222124,0.3875,14
1896,6584,7.890972222222124,0.3875,14
1897,6585,7.890972222222124,0.3875,14
1898,6586,7.890972222222124,0.3875,14
1899,6587,7.890972222222124,0.3875,14
1900,6588,7.890972222222124,0.3875,14
1901,6589,7.890972222222124,0.3875,14
1902,6590,7.890972222222124,0.3875,14
1903,6591,7.890972222222124,0.3875,14
1904,6592,7.890972222222124,0.3875,14
1905,6593,7.890972222222124,0.3875,14
1906,6594,7.890972222222124,0.3875,14
1907,6595,7.890972222222124,0.3875,14
1908,6596,7.890972222222124,0.3875,14
1909,6597,7.890972222222124,0.3875,14
1910,6598,7.890972222222124,0.3875,14
1911,6599,7.890972222222124,0.3875,14
1912,6600,7.890972222222124,0.3875,14
1913,6601,7.890972222222124,0.3875,14
1914,6602,7.890972222222124,0.3875,14
1915,6603,7.890972222222124,0.3875,14
1916,6604,7.890972222222124,0.3875,14
1917,6605,7.890972222222124,0.3875,14
1918,6606,7.890972222222124,0.3875,14
1919,6607,7.890972222222124,0.3875,14
1920,6608,7.890972222222124,0.3875,14
1921,6609,7.890972222222124,0.3875,14
1922,6610,7.890972222222124,0.3875,14
1923,6611,7.890972222222124,0.3875,14
1924,6612,7.890972222222124,0.3875,14
1925,6613,7.890972222222124,0.3875,14
1926,6614,7.890972222222124,0.3875,14
1927,6615,7.890972222222124,0.3875,14
1928,6616,7.890972222222124,0.3875,14
1929,6617,7.890972222222124,0.3875,14
1930,6618,7.890972222222124,0.3875,14
1931,6619,7.890972222222124,0.3875,14
1932,6620,7.890972222222124,0.3875,14
1933,6621,7.890972222222124,0.3875,14
1934,6622,7.890972222222124,0.3875,14
1935,6623,7.890972222222124,0.3875,14
1936,6624,7.890972222222124,0.3875,14
1937,6625,7.890972222222124,0.3875,14
1938,6626,7.890972222222124,0.3875,14
1939,6627,7.890972222222124,0.3875,14
1940,6628,7.890972222222124,0.3875,14
1941,6629,7.890972222222124,0.3875,14
1942,6630,7.890972222222124,0.3875,14
1943,6631,7.890972222222124,0.3875,14
1944,6632,7.890972222222124,0.3875,14
1945,6633,7.890972222222124,0.3875,14
1946,6634,7.890972222222124,0.3875,14
1947,6635,7.890972222222124,0.3875,14
1948,6636,7.890972222222124,0.3875,14
1949,6637,7.890972222222124,0.3875,14
1950,6638,7.898611111111013,0.3875,-1
1951,6639,7.906249999999901,0.3875,-1
1952,6640,7.91388888888879,0.3875,-1
1953,6641,7.921527777777679,0.3875,-1
1954,6642,7.929166666666568,0.3875,-1
1955,6643,7.936805555555456,0.3875,-1
1956,6644,7.944444444444345,0.3875,-1
1957,6645,7.952083333333234,0.3875,-1
1958,6646,7.959722222222123,0.3875,-1
1959,6647,7.967361111111011,0.3875,-1
1960,6648,7.9749999999999,0.3875,-1
1961,6649,7.982638888888789,0.3875,-1
1962,6650,7.990277777777678,0.3875,-1
1963,6651,7.997916666666566,0.3875,-1
1964,6652,8.005555555555455,0.3875,-1
1965,6653,8.013194444444345,0.3875,-1
1966,6654,8.020833333333234,0.3875,-1
1967,6655,8.028472222222124,0.3875,-1
1968,6656,8.036111111111014,0.3875,-1
1969,6657,8.043749999999903,0.3875,-1
1970,6658,8.051388888888793,0.3875,-1
1971,6659,8.059027777777683,0.3875,-1
1972,6660,8.066666666666572,0.3875,-1
1973,6661,8.074305555555462,0.3875,-1
1974,6662,8.081944444444352,0.3875,-1
1975,6663,8.089583333333241,0.3875,-1
1976,6664,8.09722222222213,0.3875,-1
1977,6665,8.10486111111102,0.3875,-1
1978,6666,8.11249999999991,0.3875,-1
1979,6667,8.1201388888888,0.3875,-1
1980,6668,8.12777777777769,0.3875,-1
1981,6669,8.135416666666579,0.3875,-1
1982,6670,8.143055555555469,0.3875,-1
1983,6671,8.150694444444358,0.3875,-1
1984,6672,8.158333333333248,0.3875,-1
1985,6673,8.165972222222138,0.3875,-1
1986,6674,8.173611111111027,0.3875,-1
1987,6675,8.181249999999917,0.3875,-1
1988,6676,8.188888888888807,0.3875,-1
1989,6677,8.196527777777696,0.3875,-1
1990,6678,8.204166666666586,0.3875,-1
1991,6679,8.211805555555475,0.3875,-1
1992,6680,8.219444444444365,0.3875,-1
1993,6681,8.227083333333255,0.3875,-1
1994,6682,8.234722222222144,0.3875,-1
1995,6683,8.242361111111034,0.3875,-1
1996,6684,8.249999999999924,0.3875,-1
1997,6685,8.257638888888813,0.3875,-1
1998,6686,8.265277777777703,0.3875,-1
1999,6687,8.272916666666593,0.3875,-1
2000,6688,8.272916666666593,0.55,15
2001,6689,8.272916666666593,0.55,15
2002,6690,8.272916666666593,0.55,15
2003,6691,8.272916666666593,0.55,15
2004,6692,8.272916666666593,0.55,15
2005,6693,8.272916666666593,0.55,15
2006,6694,8.272916666666593,0.55,15
2007,6695,8.272916666666593,0.55,15
2008,6696,8.272916666666593,0.55,15
2009,6697,8.272916666666593,0.55,15
2010,6698,8.272916666666593,0.55,15
2011,6699,8.272916666666593,0.55,15
2012,6700,8.272916666666593,0.55,15
2013,6701,8.272916666666593,0.55,15
2014,6702,8.272916666666593,0.55,15
2015,6703,8.272916666666593,0.55,15
2016,6704,8.272916666666593,0.55,15
2017,6705,8.272916666666593,0.55,15
2018,6706,8.272916666666593,0.55,15
2019,6707,8.272916666666593,0.55,15
2020,6708,8.272916666666593,0.55,15
2021,6709,8.272916666666593,0.55,15
2022,6710,8.272916666666593,0.55,15
2023,6711,8.272916666666593,0.55,15
2024,6712,8.272916666666593,0.55,15
2025,6713,8.272916666666593,0.55,15
2026,6714,8.272916666666593,0.55,15
2027,6715,8.272916666666593,0.55,15
2028,6716,8.272916666666593,0.55,15
2029,6717,8.272916666666593,0.55,15
2030,6718,8.272916666666593,0.55,15
2031,6719,8.272916666666593,0.55,15
2032,6720,8.272916666666593,0.55,15
2033,6721,8.272916666666593,0.55,15
2034,6722,8.272916666666593,0.55,15
2035,6723,8.272916666666593,0.55,15
2036,6724,8.272916666666593,0.55,15
2037,6725,8.272916666666593,0.55,15
2038,6726,8.272916666666593,0.55,15
2039,6727,8.272916666666593,0.55,15
2040,6728,8.272916666666593,0.55,15
2041,6729,8.272916666666593,0.55,15
2042,6730,8.272916666666593,0.55,15
2043,6731,8.272916666666593,0.55,15
2044,6732,8.272916666666593,0.55,15
2045,6733,8.272916666666593,0.55,15
2046,6734,8.272916666666593,0.55,15
2047,6735,8.272916666666593,0.55,15
2048,6736,8.272916666666593,0.55,15
2049,6737,8.272916666666593,0.55,15
2050,6738,8.272916666666593,0.55,15
2051,6739,8.272916666666593,0.55,15
2052,6740,8.272916666666593,0.55,15
2053,6741,8.272916666666593,0.55,15
2054,6742,8.272916666666593,0.55,15
2055,6743,8.272916666666593,0.55,15
2056,6744,8.272916666666593,0.55,15
2057,6745,8.272916666666593,0.55,15
2058,6746,8.272916666666593,0.55,15
2059,6747,8.272916666666593,0.55,15
2060,6748,8.272916666666593,0.55,15
2061,6749,8.272916666666593,0.55,15
2062,6750,8.272916666666593,0.55,15
2063,6751,8.272916666666593,0.55,15
2064,6752,8.272916666666593,0.55,15
2065,6753,8.272916666666593,0.55,15
2066,6754,8.272916666666593,0.55,15
2067,6755,8.272916666666593,0.55,15
2068,6756,8.272916666666593,0.55,15
2069,6757,8.272916666666593,0.55,15
2070,6758,8.272916666666593,0.55,15
2071,6759,8.272916666666593,0.55,15
2072,6760,8.272916666666593,0.55,15
2073,6761,8.272916666666593,0.55,15
2074,6762,8.272916666666593,0.55,15
2075,6763,8.272916666666593,0.55,15
2076,6764,8.280555555555482,0.55,-1
2077,6765,8.288194444444372,0.55,-1
2078,6766,8.295833333333261,0.55,-1
2079,6767,8.303472222222151,0.55,-1
2080,6768,8.31111111111104,0.55,-1
2081,6769,8.31874999999993,0.55,-1
2082,6770,8.32638888888882,0.55,-1
2083,6771,8.33402777777771,0.55,-1
2084,6772,8.3416666666666,0.55,-1
2085,6773,8.349305555555489,0.55,-1
2086,6774,8.356944444444379,0.55,-1
2087,6775,8.364583333333268,0.55,-1
2088,6776,8.372222222222158,0.55,-1
2089,6777,8.379861111111047,0.55,-1
2090,6778,8.387499999999937,0.55,-1
2091,6779,8.395138888888827,0.55,-1
2092,6780,8.402777777777716,0.55,-1
2093,6781,8.410416666666606,0.55,-1
2094,6782,8.418055555555496,0.55,-1
2095,6783,8.425694444444385,0.55,-1
2096,6784,8.433333333333275,0.55,-1
2097,6785,8.440972222222165,0.55,-1
2098,6786,8.448611111111054,0.55,-1
2099,6787,8.456249999999944,0.55,-1
2100,6788,8.463888888888834,0.55,-1
2101,6789,8.471527777777723,0.55,-1
2102,6790,8.479166666666613,0.55,-1
2103,6791,8.486805555555502,0.55,-1
2104,6792,8.494444444444392,0.55,-1
2105,6793,8.502083333333282,0.55,-1
2106,6794,8.509722222222171,0.55,-1
2107,6795,8.517361111111061,0.55,-1
2108,6796,8.52499999999995,0.55,-1
2109,6797,8.53263888888884,0.55,-1
2110,6798,8.54027777777773,0.55,-1
2111,6799,8.54791666666662,0.55,-1
2112,6800,8.55555555555551,0.55,-1
2113,6801,8.563194444444399,0.55,-1
2114,6802,8.570833333333288,0.55,-1
2115,6803,8.578472222222178,0.55,-1
2116,6804,8.586111111111068,0.55,-1
2117,6805,8.593749999999957,0.55,-1
2118,6806,8.601388888888847,0.55,-1
2119,6807,8.609027777777737,0.55,-1
2120,6808,8.616666666666626,0.55,-1
2121,6809,8.624305555555516,0.55,-1
2122,6810,8.631944444444406,0.55,-1
2123,6811,8.639583333333295,0.55,-1
2124,6812,8.647222222222185,0.55,-1
2125,6813,8.654861111111074,0.55,-1
2126,6814,8.662499999999964,0.55,-1
2127,6815,8.670138888888854,0.55,-1
2128,6816,8.677777777777743,0.55,-1
2129,6817,8.685416666666633,0.55,-1
2130,6818,8.693055555555523,0.55,-1
2131,6819,8.700694444444412,0.55,-1
2132,6820,8.708333333333302,0.55,-1
2133,6821,8.715972222222192,0.55,-1
2134,6822,8.723611111111081,0.55,-1
2135,6823,8.73124999999997,0.55,-1
2136,6824,8.73888888888886,0.55,-1
2137,6825,8.74652777777775,0.55,-1
2138,6826,8.75416666666664,0.55,-1
2139,6827,8.76180555555553,0.55,-1
2140,6828,8.769444444444419,0.55,-1
2141,6829,8.777083333333309,0.55,-1
2142,6830,8.784722222222198,0.55,-1
2143,6831,8.792361111111088,0.55,-1
2144,6832,8.799999999999978,0.55,-1
2145,6833,8.807638888888867,0.55,-1
2146,6834,8.815277777777757,0.55,-1
2147,6835,8.822916666666647,0.55,-1
2148,6836,8.830555555555536,0.55,-1
2149,6837,8.838194444444426,0.55,-1
2150,6838,8.845833333333315,0.55,-1
2151,6839,8.853472222222205,0.55,-1
2152,6840,8.861111111111095,0.55,-1
2153,6841,8.868749999999984,0.55,-1
2154,6842,8.876388888888874,0.55,-1
2155,6843,8.884027777777764,0.55,-1
2156,6844,8.884027777777764,0.575,16
2157,6845,8.884027777777764,0.575,16
2158,6846,8.884027777777764,0.575,16
2159,6847,8.884027777777764,0.575,16
2160,6848,8.884027777777764,0.575,16
2161,6849,8.884027777777764,0.575,16
2162,6850,8.884027777777764,0.575,16
2163,6851,8.884027777777764,0.575,16
2164,6852,8.884027777777764,0.575,16
2165,6853,8.884027777777764,0.575,16
2166,6854,8.884027777777764,0.575,16
2167,6855,8.884027777777764,0.575,16
2168,6856,8.884027777777764,0.575,16
2169,6857,8.884027777777764,0.575,16
2170,6858,8.884027777777764,0.575,16
2171,6859,8.884027777777764,0.575,16
2172,6860,8.884027777777764,0.575,16
2173,6861,8.884027777777764,0.575,16
2174,6862,8.884027777777764,0.575,16
2175,6863,8.884027777777764,0.575,16
2176,6864,8.884027777777764,0.575,16
2177,6865,8.884027777777764,0.575,16
2178,6866,8.884027777777764,0.575,16
2179,6867,8.884027777777764,0.575,16
2180,6868,8.884027777777764,0.575,16
2181,6869,8.884027777777764,0.575,16
2182,6870,8.884027777777764,0.575,16
2183,6871,8.884027777777764,0.575,16
2184,6872,8.884027777777764,0.575,16
2185,6873,8.884027777777764,0.575,16
2186,6874,8.884027777777764,0.575,16
2187,6875,8.884027777777764,0.575,16
2188,6876,8.884027777777764,0.575,16
2189,6877,8.884027777777764,0.575,16
2190,6878,8.884027777777764,0.575,16
2191,6879,8.884027777777764,0.575,16
2192,6880,8.884027777777764,0.575,16
2193,6881,8.884027777777764,0.575,16
2194,6882,8.884027777777764,0.575,16
2195,6883,8.884027777777764,0.575,16
2196,6884,8.884027777777764,0.575,16
2197,6885,8.884027777777764,0.575,16
2198,6886,8.884027777777764,0.575,16
2199,6887,8.884027777777764,0.575,16
2200,6888,8.884027777777764,0.575,16
2201,6889,8.884027777777764,0.575,16
2202,6890,8.884027777777764,0.575,16
2203,6891,8.884027777777764,0.575,16
2204,6892,8.891666666666653,0.575,-1
2205,6893,8.899305555555543,0.575,-1
2206,6894,8.906944444444433,0.575,-1
2207,6895,8.914583333333322,0.575,-1
2208,6896,8.922222222222212,0.575,-1
2209,6897,8.929861111111101,0.575,-1
2210,6898,8.937499999999991,0.575,-1
2211,6899,8.94513888888888,0.575,-1
2212,6900,8.95277777777777,0.575,-1
2213,6901,8.96041666666666,0.575,-1
2214,6902,8.96805555555555,0.575,-1
2215,6903,8.97569444444444,0.575,-1
2216,6904,8.983333333333329,0.575,-1
2217,6905,8.990972222222219,0.575,-1
2218,6906,8.998611111111108,0.575,-1
2219,6907,9.006249999999998,0.575,-1
2220,6908,9.013888888888888,0.575,-1
2221,6909,9.021527777777777,0.575,-1
2222,6910,9.029166666666667,0.575,-1
2223,6911,9.036805555555556,0.575,-1
2224,6912,9.044444444444446,0.575,-1
2225,6913,9.052083333333336,0.575,-1
2226,6914,9.059722222222225,0.575,-1
2227,6915,9.067361111111115,0.575,-1
2228,6916,9.075000000000005,0.575,-1
2229,6917,9.082638888888894,0.575,-1
2230,6918,9.090277777777784,0.575,-1
2231,6919,9.097916666666674,0.575,-1
2232,6920,9.105555555555563,0.575,-1
2233,6921,9.113194444444453,0.575,-1
2234,6922,9.120833333333342,0.575,-1
2235,6923,9.128472222222232,0.575,-1
2236,6924,9.136111111111122,0.575,-1
2237,6925,9.143750000000011,0.575,-1
2238,6926,9.151388888888901,0.575,-1
2239,6927,9.15902777777779,0.575,-1
2240,6928,9.16666666666668,0.575,-1
2241,6929,9.17430555555557,0.575,-1
2242,6930,9.18194444444446,0.575,-1
2243,6931,9.18958333333335,0.575,-1
2244,6932,9.197222222222239,0.575,-1
2245,6933,9.204861111111128,0.575,-1
2246,6934,9.212500000000018,0.575,-1
2247,6935,9.220138888888908,0.575,-1
2248,6936,9.227777777777797,0.575,-1
2249,6937,9.235416666666687,0.575,-1
2250,6938,9.243055555555577,0.575,-1
2251,6939,9.250694444444466,0.575,-1
2252,6940,9.258333333333356,0.575,-1
2253,6941,9.265972222222246,0.575,-1
2254,6942,9.273611111111135,0.575,-1
2255,6943,9.281250000000025,0.575,-1
2256,6944,9.288888888888915,0.575,-1
2257,6945,9.296527777777804,0.575,-1
2258,6946,9.304166666666694,0.575,-1
2259,6947,9.311805555555583,0.575,-1
2260,6948,9.319444444444473,0.575,-1
2261,6949,9.327083333333363,0.575,-1
2262,6950,9.334722222222252,0.575,-1
2263,6951,9.342361111111142,0.575,-1
2264,6952,9.350000000000032,0.575,-1
2265,6953,9.357638888888921,0.575,-1
2266,6954,9.357638888888921,0.7,17
2267,6955,9.357638888888921,0.7,17
2268,6956,9.357638888888921,0.7,17
2269,6957,9.357638888888921,0.7,17
2270,6958,9.357638888888921,0.7,17
2271,6959,9.357638888888921,0.7,17
2272,6960,9.357638888888921,0.7,17
2273,6961,9.357638888888921,0.7,17
2274,6962,9.357638888888921,0.7,17
2275,6963,9.357638888888921,0.7,17
2276,6964,9.357638888888921,0.7,17
2277,6965,9.357638888888921,0.7,17
2278,6966,9.357638888888921,0.7,17
2279,6967,9.357638888888921,0.7,17
2280,6968,9.357638888888921,0.7,17
2281,6969,9.357638888888921,0.7,17
2282,6970,9.357638888888921,0.7,17
2283,6971,9.357638888888921,0.7,17
2284,6972,9.357638888888921,0.7,17
2285,6973,9.357638888888921,0.7,17
2286,6974,9.357638888888921,0.7,17
2287,6975,9.357638888888921,0.7,17
2288,6976,9.357638888888921,0.7,17
2289,6977,9.357638888888921,0.7,17
2290,6978,9.357638888888921,0.7,17
2291,6979,9.357638888888921,0.7,17
2292,6980,9.357638888888921,0.7,17
2293,6981,9.357638888888921,0.7,17
2294,6982,9.357638888888921,0.7,17
2295,6983,9.357638888888921,0.7,17
2296,6984,9.357638888888921,0.7,17
2297,6985,9.357638888888921,0.7,17
2298,6986,9.357638888888921,0.7,17
2299,6987,9.357638888888921,0.7,17
2300,6988,9.357638888888921,0.7,17
2301,6989,9.357638888888921,0.7,17
2302,6990,9.357638888888921,0.7,17
2303,6991,9.357638888888921,0.7,17
2304,6992,9.357638888888921,0.7,17
2305,6993,9.357638888888921,0.7,17
2306,6994,9.357638888888921,0.7,17
2307,6995,9.357638888888921,0.7,17
2308,6996,9.357638888888921,0.7,17
2309,6997,9.357638888888921,0.7,17
2310,6998,9.357638888888921,0.7,17
2311,6999,9.357638888888921,0.7,17
2312,7000,9.357638888888921,0.7,17
2313,7001,9.357638888888921,0.7,17
2314,7002,9.357638888888921,0.7,17
2315,7003,9.357638888888921,0.7,17
2316,7004,9.357638888888921,0.7,17
2317,7005,9.357638888888921,0.7,17
2318,7006,9.357638888888921,0.7,17
2319,7007,9.357638888888921,0.7,17
2320,7008,9.357638888888921,0.7,17
2321,7009,9.357638888888921,0.7,17
2322,7010,9.357638888888921,0.7,17
2323,7011,9.357638888888921,0.7,17
2324,7012,9.357638888888921,0.7,17
2325,7013,9.357638888888921,0.7,17
2326,7014,9.357638888888921,0.7,17
2327,7015,9.357638888888921,0.7,17
2328,7016,9.357638888888921,0.7,17
2329,7017,9.357638888888921,0.7,17
2330,7018,9.357638888888921,0.7,17
2331,7019,9.357638888888921,0.7,17
2332,7020,9.357638888888921,0.7,17
2333,7021,9.357638888888921,0.7,17
2334,7022,9.357638888888921,0.7,17
2335,7023,9.357638888888921,0.7,17
2336,7024,9.357638888888921,0.7,17
2337,7025,9.357638888888921,0.7,17
2338,7026,9.357638888888921,0.7,17
2339,7027,9.357638888888921,0.7,17
2340,7028,9.357638888888921,0.7,17
2341,7029,9.357638888888921,0.7,17
2342,7030,9.357638888888921,0.7,17
2343,7031,9.357638888888921,0.7,17
2344,7032,9.357638888888921,0.7,17
2345,7033,9.357638888888921,0.7,17
2346,7034,9.357638888888921,0.7,17
2347,7035,9.357638888888921,0.7,17
2348,7036,9.357638888888921,0.7,17
2349,7037,9.357638888888921,0.7,17
2350,7038,9.357638888888921,0.7,17
2351,7039,9.357638888888921,0.7,17
2352,7040,9.357638888888921,0.7,17
2353,7041,9.357638888888921,0.7,17
2354,7042,9.357638888888921,0.7,17
2355,7043,9.357638888888921,0.7,17
2356,7044,9.357638888888921,0.7,17
2357,7045,9.357638888888921,0.7,17
2358,7046,9.357638888888921,0.7,17
2359,7047,9.357638888888921,0.7,17
2360,7048,9.357638888888921,0.7,17
2361,7049,9.357638888888921,0.7,17
2362,7050,9.357638888888921,0.7,17
2363,7051,9.365277777777811,0.7,-1
2364,7052,9.3729166666667,0.7,-1
2365,7053,9.38055555555559,0.7,-1
2366,7054,9.38819444444448,0.7,-1
2367,7055,9.39583333333337,0.7,-1
2368,7056,9.403472222222259,0.7,-1
2369,7057,9.411111111111149,0.7,-1
2370,7058,9.418750000000038,0.7,-1
2371,7059,9.426388888888928,0.7,-1
2372,7060,9.434027777777818,0.7,-1
2373,7061,9.441666666666707,0.7,-1
2374,7062,9.449305555555597,0.7,-1
2375,7063,9.456944444444487,0.7,-1
2376,7064,9.464583333333376,0.7,-1
2377,7065,9.472222222222266,0.7,-1
2378,7066,9.479861111111155,0.7,-1
2379,7067,9.487500000000045,0.7,-1
2380,7068,9.495138888888935,0.7,-1
2381,7069,9.502777777777824,0.7,-1
2382,7070,9.510416666666714,0.7,-1
2383,7071,9.518055555555604,0.7,-1
2384,7072,9.525694444444493,0.7,-1
2385,7073,9.533333333333383,0.7,-1
2386,7074,9.540972222222273,0.7,-1
2387,7075,9.548611111111162,0.7,-1
2388,7076,9.556250000000052,0.7,-1
2389,7077,9.563888888888942,0.7,-1
2390,7078,9.571527777777831,0.7,-1
2391,7079,9.57916666666672,0.7,-1
2392,7080,9.58680555555561,0.7,-1
2393,7081,9.5944444444445,0.7,-1
2394,7082,9.60208333333339,0.7,-1
2395,7083,9.60972222222228,0.7,-1
2396,7084,9.617361111111169,0.7,-1
2397,7085,9.625000000000059,0.7,-1
2398,7086,9.632638888888948,0.7,-1
2399,7087,9.640277777777838,0.7,-1
2400,7088,9.647916666666728,0.7,-1
2401,7089,9.655555555555617,0.7,-1
2402,7090,9.663194444444507,0.7,-1
2403,7091,9.670833333333396,0.7,-1
2404,7092,9.678472222222286,0.7,-1
2405,7093,9.686111111111176,0.7,-1
2406,7094,9.693750000000065,0.7,-1
2407,7095,9.701388888888955,0.7,-1
2408,7096,9.709027777777845,0.7,-1
2409,7097,9.716666666666734,0.7,-1
2410,7098,9.724305555555624,0.7,-1
2411,7099,9.731944444444514,0.7,-1
2412,7100,9.739583333333403,0.7,-1
2413,7101,9.747222222222293,0.7,-1
2414,7102,9.754861111111182,0.7,-1
2415,7103,9.762500000000072,0.7,-1
2416,7104,9.770138888888962,0.7,-1
2417,7105,9.777777777777851,0.7,-1
2418,7106,9.777777777777851,0.8375,18
2419,7107,9.777777777777851,0.8375,18
2420,7108,9.777777777777851,0.8375,18
2421,7109,9.777777777777851,0.8375,18
2422,7110,9.777777777777851,0.8375,18
2423,7111,9.777777777777851,0.8375,18
2424,7112,9.777777777777851,0.8375,18
2425,7113,9.777777777777851,0.8375,18
2426,7114,9.777777777777851,0.8375,18
2427,7115,9.777777777777851,0.8375,18
2428,7116,9.777777777777851,0.8375,18
2429,7117,9.777777777777851,0.8375,18
2430,7118,9.777777777777851,0.8375,18
2431,7119,9.777777777777851,0.8375,18
2432,7120,9.777777777777851,0.8375,18
2433,7121,9.777777777777851,0.8375,18
2434,7122,9.777777777777851,0.8375,18
2435,7123,9.777777777777851,0.8375,18
2436,7124,9.777777777777851,0.8375,18
2437,7125,9.777777777777851,0.8375,18
2438,7126,9.777777777777851,0.8375,18
2439,7127,9.777777777777851,0.8375,18
2440,7128,9.777777777777851,0.8375,18
2441,7129,9.777777777777851,0.8375,18
2442,7130,9.777777777777851,0.8375,18
2443,7131,9.777777777777851,0.8375,18
2444,7132,9.777777777777851,0.8375,18
2445,7133,9.777777777777851,0.8375,18
2446,7134,9.777777777777851,0.8375,18
2447,7135,9.777777777777851,0.8375,18
2448,7136,9.777777777777851,0.8375,18
2449,7137,9.777777777777851,0.8375,18
2450,7138,9.777777777777851,0.8375,18
2451,7139,9.777777777777851,0.8375,18
2452,7140,9.777777777777851,0.8375,18
2453,7141,9.777777777777851,0.8375,18
2454,7142,9.785416666666741,0.8375,-1
2455,7143,9.79305555555563,0.8375,-1
2456,7144,9.80069444444452,0.8375,-1
2457,7145,9.80833333333341,0.8375,-1
2458,7146,9.8159722222223,0.8375,-1
2459,7147,9.82361111111119,0.8375,-1
2460,7148,9.831250000000079,0.8375,-1
2461,7149,9.838888888888969,0.8375,-1
2462,7150,9.846527777777858,0.8375,-1
2463,7151,9.854166666666748,0.8375,-1
2464,7152,9.861805555555637,0.8375,-1
2465,7153,9.869444444444527,0.8375,-1
2466,7154,9.877083333333417,0.8375,-1
2467,7155,9.884722222222306,0.8375,-1
2468,7156,9.892361111111196,0.8375,-1
2469,7157,9.900000000000086,0.8375,-1
2470,7158,9.907638888888975,0.8375,-1
2471,7159,9.915277777777865,0.8375,-1
2472,7160,9.922916666666755,0.8375,-1
2473,7161,9.930555555555644,0.8375,-1
2474,7162,9.938194444444534,0.8375,-1
2475,7163,9.945833333333423,0.8375,-1
2476,7164,9.953472222222313,0.8375,-1
2477,7165,9.961111111111203,0.8375,-1
2478,7166,9.968750000000092,0.8375,-1
2479,7167,9.976388888888982,0.8375,-1
2480,7168,9.984027777777872,0.8375,-1
2481,7169,9.991666666666761,0.8375,-1
2482,7170,9.999305555555651,0.8375,-1
2483,7171,10.00694444444454,0.8375,-1
2484,7172,10.01458333333343,0.8375,-1
2485,7173,10.02222222222232,0.8375,-1
2486,7174,10.02986111111121,0.8375,-1
2487,7175,10.0375000000001,0.8375,-1
2488,7176,10.045138888888989,0.8375,-1
2489,7177,10.052777777777878,0.8375,-1
2490,7178,10.060416666666768,0.8375,-1
2491,7179,10.068055555555658,0.8375,-1
2492,7180,10.075694444444547,0.8375,-1
2493,7181,10.083333333333437,0.8375,-1
2494,7182,10.090972222222327,0.8375,-1
2495,7183,10.098611111111216,0.8375,-1
2496,7184,10.106250000000106,0.8375,-1
2497,7185,10.113888888888996,0.8375,-1
2498,7186,10.121527777777885,0.8375,-1
2499,7187,10.129166666666775,0.8375,-1
2500,7188,10.136805555555664,0.8375,-1
2501,7189,10.144444444444554,0.8375,-1
2502,7190,10.152083333333444,0.8375,-1
2503,7191,10.159722222222333,0.8375,-1
2504,7192,10.167361111111223,0.8375,-1
2505,7193,10.167361111111223,0.9375,19
2506,7194,10.167361111111223,0.9375,19
2507,7195,10.167361111111223,0.9375,19
2508,7196,10.167361111111223,0.9375,19
2509,7197,10.167361111111223,0.9375,19
2510,7198,10.167361111111223,0.9375,19
2511,7199,10.167361111111223,0.9375,19
2512,7200,10.167361111111223,0.9375,19
2513,7201,10.167361111111223,0.9375,19
2514,7202,10.167361111111223,0.9375,19
2515,7203,10.167361111111223,0.9375,19
2516,7204,10.167361111111223,0.9375,19
2517,7205,10.167361111111223,0.9375,19
2518,7206,10.167361111111223,0.9375,19
2519,7207,10.167361111111223,0.9375,19
2520,7208,10.167361111111223,0.9375,19
2521,7209,10.167361111111223,0.9375,19
2522,7210,10.167361111111223,0.9375,19
2523,7211,10.167361111111223,0.9375,19
2524,7212,10.167361111111223,0.9375,19
2525,7213,10.167361111111223,0.9375,19
2526,7214,10.167361111111223,0.9375,19
2527,7215,10.167361111111223,0.9375,19
2528,7216,10.167361111111223,0.9375,19
2529,7217,10.167361111111223,0.9375,19
2530,7218,10.167361111111223,0.9375,19
2531,7219,10.167361111111223,0.9375,19
2532,7220,10.167361111111223,0.9375,19
2533,7221,10.167361111111223,0.9375,19
2534,7222,10.167361111111223,0.9375,19
2535,7223,10.167361111111223,0.9375,19
2536,7224,10.167361111111223,0.9375,19
2537,7225,10.167361111111223,0.9375,19
2538,7226,10.167361111111223,0.9375,19
2539,7227,10.167361111111223,0.9375,19
2540,7228,10.167361111111223,0.9375,19
2541,7229,10.167361111111223,0.9375,19
2542,7230,10.167361111111223,0.9375,19
2543,7231,10.167361111111223,0.9375,19
2544,7232,10.167361111111223,0.9375,19
2545,7233,10.167361111111223,0.9375,19
2546,7234,10.167361111111223,0.9375,19
2547,7235,10.167361111111223,0.9375,19
2548,7236,10.167361111111223,0.9375,19
2549,7237,10.167361111111223,0.9375,19
2550,7238,10.167361111111223,0.9375,19
2551,7239,10.167361111111223,0.9375,19
2552,7240,10.167361111111223,0.9375,19
2553,7241,10.167361111111223,0.9375,19
2554,7242,10.167361111111223,0.9375,19
2555,7243,10.167361111111223,0.9375,19
2556,7244,10.167361111111223,0.9375,19
2557,7245,10.167361111111223,0.9375,19
2558,7246,10.167361111111223,0.9375,19
2559,7247,10.167361111111223,0.9375,19
2560,7248,10.167361111111223,0.9375,19
2561,7249,10.167361111111223,0.9375,19
2562,7250,10.167361111111223,0.9375,19
2563,7251,10.167361111111223,0.9375,19
2564,7252,10.167361111111223,0.9375,19
2565,7253,10.167361111111223,0.9375,19
2566,7254,10.167361111111223,0.9375,19
2567,7255,10.167361111111223,0.9375,19
2568,7256,10.167361111111223,0.9375,19
2569,7257,10.167361111111223,0.9375,19
2570,7258,10.167361111111223,0.9375,19
2571,7259,10.167361111111223,0.9375,19
2572,7260,10.167361111111223,0.9375,19
2573,7261,10.167361111111223,0.9375,19
2574,7262,10.167361111111223,0.9375,19
2575,7263,10.167361111111223,0.9375,19
2576,7264,10.167361111111223,0.9375,19
2577,7265,10.167361111111223,0.9375,19
2578,7266,10.167361111111223,0.9375,19
2579,7267,10.167361111111223,0.9375,19
2580,7268,10.167361111111223,0.9375,19
2581,7269,10.167361111111223,0.9375,19
2582,7270,10.167361111111223,0.9375,19
2583,7271,10.167361111111223,0.9375,19
2584,7272,10.167361111111223,0.9375,19
2585,7273,10.167361111111223,0.9375,19
2586,7274,10.167361111111223,0.9375,19
2587,7275,10.167361111111223,0.9375,19
2588,7276,10.167361111111223,0.9375,19
2589,7277,10.167361111111223,0.9375,19
2590,7278,10.167361111111223,0.9375,19
2591,7279,10.167361111111223,0.9375,19
2592,7280,10.167361111111223,0.9375,19
2593,7281,10.167361111111223,0.9375,19
2594,7282,10.167361111111223,0.9375,19
2595,7283,10.167361111111223,0.9375,19
2596,7284,10.167361111111223,0.9375,19
2597,7285,10.167361111111223,0.9375,19
2598,7286,10.167361111111223,0.9375,19
2599,7287,10.167361111111223,0.9375,19
2600,7288,10.167361111111223,0.9375,19
2601,7289,10.167361111111223,0.9375,19
2602,7290,10.167361111111223,0.9375,19
2603,7291,10.167361111111223,0.9375,19
2604,7292,10.167361111111223,0.9375,19
2605,7293,10.167361111111223,0.9375,19
2606,7294,10.167361111111223,0.9375,19
2607,7295,10.167361111111223,0.9375,19
2608,7296,10.167361111111223,0.9375,19
2609,7297,10.167361111111223,0.9375,19
2610,7298,10.167361111111223,0.9375,19
2611,7299,10.167361111111223,0.9375,19
2612,7300,10.167361111111223,0.9375,19
2613,7301,10.167361111111223,0.9375,19
2614,7302,10.167361111111223,0.9375,19
2615,7303,10.167361111111223,0.9375,19
2616,7304,10.167361111111223,0.9375,19
2617,7305,10.167361111111223,0.9375,19
2618,7306,10.167361111111223,0.9375,19
2619,7307,10.167361111111223,0.9375,19
2620,7308,10.167361111111223,0.9375,19
2621,7309,10.167361111111223,0.9375,19
2622,7310,10.167361111111223,0.9375,19
2623,7311,10.167361111111223,0.9375,19
2624,7312,10.167361111111223,0.9375,19
2625,7313,10.167361111111223,0.9375,19
2626,7314,10.167361111111223,0.9375,19
2627,7315,10.167361111111223,0.9375,19
2628,7316,10.167361111111223,0.9375,19
2629,7317,10.167361111111223,0.9375,19
2630,7318,10.167361111111223,0.9375,19
2631,7319,10.167361111111223,0.9375,19
2632,7320,10.167361111111223,0.9375,19
2633,7321,10.175000000000113,0.9375,-1
2634,7322,10.182638888889002,0.9375,-1
2635,7323,10.190277777777892,0.9375,-1
2636,7324,10.197916666666782,0.9375,-1
2637,7325,10.205555555555671,0.9375,-1
2638,7326,10.21319444444456,0.9375,-1
2639,7327,10.22083333333345,0.9375,-1
2640,7328,10.22847222222234,0.9375,-1
2641,7329,10.23611111111123,0.9375,-1
2642,7330,10.24375000000012,0.9375,-1
2643,7331,10.251388888889009,0.9375,-1
2644,7332,10.259027777777899,0.9375,-1
2645,7333,10.266666666666788,0.9375,-1
2646,7334,10.274305555555678,0.9375,-1
2647,7335,10.281944444444568,0.9375,-1
2648,7336,10.289583333333457,0.9375,-1
2649,7337,10.297222222222347,0.9375,-1
2650,7338,10.304861111111236,0.9375,-1
2651,7339,10.312500000000126,0.9375,-1
2652,7340,10.320138888889016,0.9375,-1
2653,7341,10.327777777777905,0.9375,-1
2654,7342,10.335416666666795,0.9375,-1
2655,7343,10.343055555555685,0.9375,-1
2656,7344,10.350694444444574,0.9375,-1
2657,7345,10.358333333333464,0.9375,-1
2658,7346,10.365972222222354,0.9375,-1
2659,7347,10.373611111111243,0.9375,-1
2660,7348,10.381250000000133,0.9375,-1
2661,7349,10.388888888889023,0.9375,-1
2662,7350,10.396527777777912,0.9375,-1
2663,7351,10.404166666666802,0.9375,-1
2664,7352,10.411805555555691,0.9375,-1
2665,7353,10.419444444444581,0.9375,-1
2666,7354,10.42708333333347,0.9375,-1
2667,7355,10.43472222222236,0.9375,-1
2668,7356,10.44236111111125,0.9375,-1
2669,7357,10.45000000000014,0.9375,-1
2670,7358,10.45763888888903,0.9375,-1
2671,7359,10.465277777777919,0.9375,-1
2672,7360,10.472916666666809,0.9375,-1
2673,7361,10.480555555555698,0.9375,-1
2674,7362,10.488194444444588,0.9375,-1
2675,7363,10.495833333333477,0.9375,-1
2676,7364,10.503472222222367,0.9375,-1
2677,7365,10.511111111111257,0.9375,-1
2678,7366,10.518750000000146,0.9375,-1
2679,7367,10.526388888889036,0.9375,-1
2680,7368,10.534027777777926,0.9375,-1
2681,7369,10.541666666666815,0.9375,-1
2682,7370,10.549305555555705,0.9375,-1
2683,7371,10.556944444444595,0.9375,-1
2684,7372,10.564583333333484,0.9375,-1
2685,7373,10.572222222222374,0.9375,-1
2686,7374,10.579861111111263,0.9375,-1
2687,7375,10.587500000000153,0.9375,-1
2688,7376,10.595138888889043,0.9375,-1
2689,7377,10.602777777777932,0.9375,-1
2690,7378,10.610416666666822,0.9375,-1
2691,7379,10.618055555555712,0.9375,-1
2692,7380,10.625694444444601,0.9375,-1
2693,7381,10.633333333333491,0.9375,-1
2694,7382,10.64097222222238,0.9375,-1
2695,7383,10.64861111111127,0.9375,-1
2696,7384,10.65625000000016,0.9375,-1
2697,7385,10.66388888888905,0.9375,-1
2698,7386,10.67152777777794,0.9375,-1
2699,7387,10.679166666666829,0.9375,-1
2700,7388,10.686805555555718,0.9375,-1
2701,7389,10.694444444444608,0.9375,-1
2702,7390,10.702083333333498,0.9375,-1
2703,7391,10.709722222222387,0.9375,-1
2704,7392,10.717361111111277,0.9375,-1
2705,7393,10.725000000000167,0.9375,-1
2706,7394,10.732638888889056,0.9375,-1
2707,7395,10.740277777777946,0.9375,-1
2708,7396,10.747916666666836,0.9375,-1
2709,7397,10.755555555555725,0.9375,-1
2710,7398,10.763194444444615,0.9375,-1
2711,7399,10.770833333333504,0.9375,-1
2712,7400,10.778472222222394,0.9375,-1
2713,7401,10.786111111111284,0.9375,-1
2714,7402,10.793750000000173,0.9375,-1
2715,7403,10.801388888889063,0.9375,-1
2716,7404,10.809027777777953,0.9375,-1
2717,7405,10.816666666666842,0.9375,-1
2718,7406,10.824305555555732,0.9375,-1
2719,7407,10.831944444444622,0.9375,-1
2720,7408,10.839583333333511,0.9375,-1
2721,7409,10.8472222222224,0.9375,-1
2722,7410,10.8472222222224,1.0,20
2723,7411,10.8472222222224,1.0,20
2724,7412,10.8472222222224,1.0,20
2725,7413,10.8472222222224,1.0,20
2726,7414,10.8472222222224,1.0,20
2727,7415,10.8472222222224,1.0,20
2728,7416,10.8472222222224,1.0,20
2729,7417,10.8472222222224,1.0,20
2730,7418,10.8472222222224,1.0,20
2731,7419,10.8472222222224,1.0,20
2732,7420,10.8472222222224,1.0,20
2733,7421,10.8472222222224,1.0,20
2734,7422,10.8472222222224,1.0,20
2735,7423,10.8472222222224,1.0,20
2736,7424,10.8472222222224,1.0,20
2737,7425,10.8472222222224,1.0,20
2738,7426,10.8472222222224,1.0,20
2739,7427,10.8472222222224,1.0,20
2740,7428,10.8472222222224,1.0,20
2741,7429,10.8472222222224,1.0,20
2742,7430,10.8472222222224,1.0,20
2743,7431,10.8472222222224,1.0,20
2744,7432,10.8472222222224,1.0,20
2745,7433,10.8472222222224,1.0,20
2746,7434,10.8472222222224,1.0,20
2747,7435,10.8472222222224,1.0,20
2748,7436,10.8472222222224,1.0,20
2749,7437,10.8472222222224,1.0,20
2750,7438,10.8472222222224,1.0,20
2751,7439,10.8472222222224,1.0,20
2752,7440,10.85486111111129,1.0,-1
2753,7441,10.86250000000018,1.0,-1
2754,7442,10.87013888888907,1.0,-1
2755,7443,10.87777777777796,1.0,-1
2756,7444,10.885416666666849,1.0,-1
2757,7445,10.893055555555739,1.0,-1
2758,7446,10.900694444444628,1.0,-1
2759,7447,10.908333333333518,1.0,-1
2760,7448,10.915972222222408,1.0,-1
2761,7449,10.923611111111297,1.0,-1
2762,7450,10.931250000000187,1.0,-1
2763,7451,10.938888888889077,1.0,-1
2764,7452,10.946527777777966,1.0,-1
2765,7453,10.954166666666856,1.0,-1
2766,7454,10.961805555555745,1.0,-1
2767,7455,10.969444444444635,1.0,-1
2768,7456,10.977083333333525,1.0,-1
2769,7457,10.984722222222414,1.0,-1
2770,7458,10.992361111111304,1.0,-1
2771,7459,11.000000000000194,1.0,-1
2772,7460,11.007638888889083,1.0,-1
2773,7461,11.015277777777973,1.0,-1
2774,7462,11.022916666666863,1.0,-1
2775,7463,11.030555555555752,1.0,-1
2776,7464,11.038194444444642,1.0,-1
2777,7465,11.045833333333531,1.0,-1
2778,7466,11.053472222222421,1.0,-1
2779,7467,11.06111111111131,1.0,-1
2780,7468,11.0687500000002,1.0,-1
2781,7469,11.07638888888909,1.0,-1
2782,7470,11.08402777777798,1.0,-1
2783,7471,11.09166666666687,1.0,-1
2784,7472,11.099305555555759,1.0,-1
2785,7473,11.106944444444649,1.0,-1
2786,7474,11.114583333333538,1.0,-1
2787,7475,11.122222222222428,1.0,-1
2788,7476,11.129861111111317,1.0,-1
2789,7477,11.137500000000207,1.0,-1
2790,7478,11.145138888889097,1.0,-1
2791,7479,11.152777777777986,1.0,-1
2792,7480,11.160416666666876,1.0,-1
2793,7481,11.168055555555766,1.0,-1
2794,7482,11.175694444444655,1.0,-1
2795,7483,11.183333333333545,1.0,-1
2796,7484,11.190972222222435,1.0,-1
2797,7485,11.198611111111324,1.0,-1
2798,7486,11.206250000000214,1.0,-1
2799,7487,11.213888888889104,1.0,-1
2800,7488,11.221527777777993,1.0,-1
2801,7489,11.229166666666883,1.0,-1
2802,7490,11.236805555555772,1.0,-1
2803,7491,11.244444444444662,1.0,-1
2804,7492,11.252083333333552,1.0,-1
2805,7493,11.259722222222441,1.0,-1
2806,7494,11.267361111111331,1.0,-1
2807,7495,11.27500000000022,1.0,-1
2808,7496,11.28263888888911,1.0,-1
2809,7497,11.290277777778,1.0,-1
2810,7498,11.29791666666689,1.0,-1
2811,7499,11.30555555555578,1.0,-1
2812,7500,11.313194444444669,1.0,-1
2813,7501,11.320833333333558,1.0,-1
2814,7502,11.328472222222448,1.0,-1
2815,7503,11.336111111111338,1.0,-1
2816,7504,11.343750000000227,1.0,-1
2817,7505,11.351388888889117,1.0,-1
2818,7506,11.359027777778007,1.0,-1
2819,7507,11.366666666666896,1.0,-1
2820,7508,11.374305555555786,1.0,-1
2821,7509,11.381944444444676,1.0,-1
2822,7510,11.389583333333565,1.0,-1
2823,7511,11.397222222222455,1.0,-1
2824,7512,11.404861111111344,1.0,-1
2825,7513,11.412500000000234,1.0,-1
2826,7514,11.420138888889124,1.0,-1
2827,7515,11.427777777778013,1.0,-1
2828,7516,11.435416666666903,1.0,-1
2829,7517,11.443055555555793,1.0,-1
2830,7518,11.450694444444682,1.0,-1
2831,7519,11.458333333333572,1.0,-1
2832,7520,11.465972222222462,1.0,-1
2833,7521,11.473611111111351,1.0,-1
2834,7522,11.48125000000024,1.0,-1
2835,7523,11.48888888888913,1.0,-1
2836,7524,11.49652777777802,1.0,-1
2837,7525,11.49652777777802,1.0,21
2838,7526,11.49652777777802,1.0,21
2839,7527,11.49652777777802,1.0,21
2840,7528,11.49652777777802,1.0,21
2841,7529,11.49652777777802,1.0,21
2842,7530,11.49652777777802,1.0,21
2843,7531,11.49652777777802,1.0,21
2844,7532,11.49652777777802,1.0,21
2845,7533,11.49652777777802,1.0,21
2846,7534,11.49652777777802,1.0,21
2847,7535,11.49652777777802,1.0,21
2848,7536,11.49652777777802,1.0,21
2849,7537,11.49652777777802,1.0,21
2850,7538,11.49652777777802,1.0,21
2851,7539,11.49652777777802,1.0,21
2852,7540,11.49652777777802,1.0,21
2853,7541,11.49652777777802,1.0,21
2854,7542,11.49652777777802,1.0,21
2855,7543,11.49652777777802,1.0,21
2856,7544,11.49652777777802,1.0,21
2857,7545,11.49652777777802,1.0,21
2858,7546,11.49652777777802,1.0,21
2859,7547,11.49652777777802,1.0,21
2860,7548,11.49652777777802,1.0,21
2861,7549,11.49652777777802,1.0,21
2862,7550,11.49652777777802,1.0,21
2863,7551,11.49652777777802,1.0,21
2864,7552,11.49652777777802,1.0,21
2865,7553,11.49652777777802,1.0,21
2866,7554,11.49652777777802,1.0,21
2867,7555,11.49652777777802,1.0,21
2868,7556,11.49652777777802,1.0,21
2869,7557,11.49652777777802,1.0,21
2870,7558,11.49652777777802,1.0,21
2871,7559,11.49652777777802,1.0,21
2872,7560,11.49652777777802,1.0,21
2873,7561,11.49652777777802,1.0,21
2874,7562,11.49652777777802,1.0,21
2875,7563,11.49652777777802,1.0,21
2876,7564,11.49652777777802,1.0,21
2877,7565,11.49652777777802,1.0,21
2878,7566,11.49652777777802,1.0,21
2879,7567,11.49652777777802,1.0,21
2880,7568,11.49652777777802,1.0,21
2881,7569,11.49652777777802,1.0,21
2882,7570,11.49652777777802,1.0,21
2883,7571,11.49652777777802,1.0,21
2884,7572,11.49652777777802,1.0,21
2885,7573,11.49652777777802,1.0,21
2886,7574,11.49652777777802,1.0,21
2887,7575,11.49652777777802,1.0,21
2888,7576,11.49652777777802,1.0,21
2889,7577,11.49652777777802,1.0,21
2890,7578,11.49652777777802,1.0,21
2891,7579,11.49652777777802,1.0,21
2892,7580,11.49652777777802,1.0,21
2893,7581,11.49652777777802,1.0,21
2894,7582,11.49652777777802,1.0,21
2895,7583,11.49652777777802,1.0,21
2896,7584,11.49652777777802,1.0,21
2897,7585,11.49652777777802,1.0,21
2898,7586,11.49652777777802,1.0,21
2899,7587,11.49652777777802,1.0,21
2900,7588,11.49652777777802,1.0,21
2901,7589,11.49652777777802,1.0,21
2902,7590,11.49652777777802,1.0,21
2903,7591,11.49652777777802,1.0,21
2904,7592,11.49652777777802,1.0,21
2905,7593,11.49652777777802,1.0,21
2906,7594,11.49652777777802,1.0,21
2907,7595,11.49652777777802,1.0,21
2908,7596,11.49652777777802,1.0,21
2909,7597,11.49652777777802,1.0,21
2910,7598,11.49652777777802,1.0,21
2911,7599,11.49652777777802,1.0,21
2912,7600,11.49652777777802,1.0,21
2913,7601,11.49652777777802,1.0,21
2914,7602,11.49652777777802,1.0,21
2915,7603,11.49652777777802,1.0,21
2916,7604,11.49652777777802,1.0,21
2917,7605,11.49652777777802,1.0,21
2918,7606,11.49652777777802,1.0,21
2919,7607,11.49652777777802,1.0,21
2920,7608,11.49652777777802,1.0,21
2921,7609,11.49652777777802,1.0,21
2922,7610,11.49652777777802,1.0,21
2923,7611,11.49652777777802,1.0,21
2924,7612,11.49652777777802,1.0,21
2925,7613,11.49652777777802,1.0,21
2926,7614,11.49652777777802,1.0,21
2927,7615,11.49652777777802,1.0,21
2928,7616,11.49652777777802,1.0,21
2929,7617,11.49652777777802,1.0,21
2930,7618,11.49652777777802,1.0,21
2931,7619,11.49652777777802,1.0,21
2932,7620,11.49652777777802,1.0,21
2933,7621,11.49652777777802,1.0,21
2934,7622,11.49652777777802,1.0,21
2935,7623,11.49652777777802,1.0,21
2936,7624,11.49652777777802,1.0,21
2937,7625,11.49652777777802,1.0,21
2938,7626,11.49652777777802,1.0,21
2939,7627,11.49652777777802,1.0,21
2940,7628,11.49652777777802,1.0,21
2941,7629,11.49652777777802,1.0,21
2942,7630,11.49652777777802,1.0,21
2943,7631,11.49652777777802,1.0,21
2944,7632,11.49652777777802,1.0,21
2945,7633,11.49652777777802,1.0,21
2946,7634,11.50416666666691,1.0,-1
2947,7635,11.5118055555558,1.0,-1
2948,7636,11.519444444444689,1.0,-1
2949,7637,11.527083333333579,1.0,-1
2950,7638,11.534722222222468,1.0,-1
2951,7639,11.542361111111358,1.0,-1
2952,7640,11.550000000000248,1.0,-1
2953,7641,11.557638888889137,1.0,-1
2954,7642,11.565277777778027,1.0,-1
2955,7643,11.572916666666917,1.0,-1
2956,7644,11.580555555555806,1.0,-1
2957,7645,11.588194444444696,1.0,-1
2958,7646,11.595833333333585,1.0,-1
2959,7647,11.603472222222475,1.0,-1
2960,7648,11.611111111111365,1.0,-1
2961,7649,11.618750000000254,1.0,-1
2962,7650,11.626388888889144,1.0,-1
2963,7651,11.634027777778034,1.0,-1
2964,7652,11.641666666666923,1.0,-1
2965,7653,11.649305555555813,1.0,-1
2966,7654,11.656944444444703,1.0,-1
2967,7655,11.664583333333592,1.0,-1
2968,7656,11.672222222222482,1.0,-1
2969,7657,11.679861111111371,1.0,-1
2970,7658,11.687500000000261,1.0,-1
2971,7659,11.69513888888915,1.0,-1
2972,7660,11.70277777777804,1.0,-1
2973,7661,11.71041666666693,1.0,-1
2974,7662,11.71805555555582,1.0,-1
2975,7663,11.72569444444471,1.0,-1
2976,7664,11.733333333333599,1.0,-1
2977,7665,11.740972222222489,1.0,-1
2978,7666,11.748611111111378,1.0,-1
2979,7667,11.756250000000268,1.0,-1
2980,7668,11.763888888889158,1.0,-1
2981,7669,11.771527777778047,1.0,-1
2982,7670,11.779166666666937,1.0,-1
2983,7671,11.786805555555826,1.0,-1
2984,7672,11.794444444444716,1.0,-1
2985,7673,11.802083333333606,1.0,-1
2986,7674,11.809722222222495,1.0,-1
2987,7675,11.817361111111385,1.0,-1
2988,7676,11.825000000000275,1.0,-1
2989,7677,11.832638888889164,1.0,-1
2990,7678,11.840277777778054,1.0,-1
2991,7679,11.847916666666944,1.0,-1
2992,7680,11.855555555555833,1.0,-1
2993,7681,11.863194444444723,1.0,-1
2994,7682,11.870833333333612,1.0,-1
2995,7683,11.878472222222502,1.0,-1
2996,7684,11.886111111111392,1.0,-1
2997,7685,11.893750000000281,1.0,-1
2998,7686,11.901388888889171,1.0,-1
2999,7687,11.90902777777806,1.0,-1
3000,7688,11.91666666666695,1.0,-1
3001,7689,11.92430555555584,1.0,-1
3002,7690,11.93194444444473,1.0,-1
3003,7691,11.93958333333362,1.0,-1
3004,7692,11.947222222222509,1.0,-1
3005,7693,11.954861111111398,1.0,-1
3006,7694,11.962500000000288,1.0,-1
3007,7695,11.970138888889178,1.0,-1
3008,7696,11.977777777778067,1.0,-1
3009,7697,11.985416666666957,1.0,-1
3010,7698,11.993055555555847,1.0,-1
3011,7699,12.000694444444736,1.0,-1
3012,7700,12.008333333333626,1.0,-1
3013,7701,12.015972222222516,1.0,-1
3014,7702,12.023611111111405,1.0,-1
3015,7703,12.031250000000295,1.0,-1
3016,7704,12.038888888889185,1.0,-1
3017,7705,12.046527777778074,1.0,-1
3018,7706,12.054166666666964,1.0,-1
3019,7707,12.061805555555853,1.0,-1
3020,7708,12.069444444444743,1.0,-1
3021,7709,12.077083333333633,1.0,-1
3022,7710,12.084722222222522,1.0,-1
3023,7711,12.092361111111412,1.0,-1
3024,7712,12.100000000000302,1.0,-1
3025,7713,12.107638888889191,1.0,-1
3026,7714,12.115277777778081,1.0,-1
3027,7715,12.12291666666697,1.0,-1
3028,7716,12.13055555555586,1.0,-1
3029,7717,12.13819444444475,1.0,-1
3030,7718,12.14583333333364,1.0,-1
3031,7719,12.153472222222529,1.0,-1
3032,7720,12.161111111111419,1.0,-1
3033,7721,12.168750000000308,1.0,-1
3034,7722,12.176388888889198,1.0,-1
3035,7723,12.184027777778088,1.0,-1
3036,7724,12.191666666666977,1.0,-1
3037,7725,12.199305555555867,1.0,-1
3038,7726,12.206944444444757,1.0,-1
3039,7727,12.214583333333646,1.0,-1
3040,7728,12.222222222222536,1.0,-1
3041,7729,12.229861111111425,1.0,-1
3042,7730,12.237500000000315,1.0,-1
3043,7731,12.245138888889205,1.0,-1
3044,7732,12.252777777778094,1.0,-1
3045,7733,12.260416666666984,1.0,-1
3046,7734,12.268055555555874,1.0,-1
3047,7735,12.275694444444763,1.0,-1
3048,7736,12.283333333333653,1.0,-1
3049,7737,12.290972222222543,1.0,-1
3050,7738,12.290972222222543,1.0,22
3051,7739,12.290972222222543,1.0,22
3052,7740,12.290972222222543,1.0,22
3053,7741,12.290972222222543,1.0,22
3054,7742,12.290972222222543,1.0,22
3055,7743,12.290972222222543,1.0,22
3056,7744,12.290972222222543,1.0,22
3057,7745,12.290972222222543,1.0,22
3058,7746,12.290972222222543,1.0,22
3059,7747,12.290972222222543,1.0,22
3060,7748,12.290972222222543,1.0,22
3061,7749,12.290972222222543,1.0,22
3062,7750,12.290972222222543,1.0,22
3063,7751,12.290972222222543,1.0,22
3064,7752,12.290972222222543,1.0,22
3065,7753,12.290972222222543,1.0,22
3066,7754,12.290972222222543,1.0,22
3067,7755,12.290972222222543,1.0,22
3068,7756,12.290972222222543,1.0,22
3069,7757,12.290972222222543,1.0,22
3070,7758,12.290972222222543,1.0,22
3071,7759,12.290972222222543,1.0,22
3072,7760,12.290972222222543,1.0,22
3073,7761,12.290972222222543,1.0,22
3074,7762,12.290972222222543,1.0,22
3075,7763,12.290972222222543,1.0,22
3076,7764,12.290972222222543,1.0,22
3077,7765,12.290972222222543,1.0,22
3078,7766,12.290972222222543,1.0,22
3079,7767,12.290972222222543,1.0,22
3080,7768,12.290972222222543,1.0,22
3081,7769,12.290972222222543,1.0,22
3082,7770,12.290972222222543,1.0,22
3083,7771,12.290972222222543,1.0,22
3084,7772,12.290972222222543,1.0,22
3085,7773,12.290972222222543,1.0,22
3086,7774,12.290972222222543,1.0,22
3087,7775,12.290972222222543,1.0,22
3088,7776,12.290972222222543,1.0,22
3089,7777,12.290972222222543,1.0,22
3090,7778,12.290972222222543,1.0,22
3091,7779,12.290972222222543,1.0,22
3092,7780,12.290972222222543,1.0,22
3093,7781,12.290972222222543,1.0,22
3094,7782,12.290972222222543,1.0,22
3095,7783,12.290972222222543,1.0,22
3096,7784,12.290972222222543,1.0,22
3097,7785,12.290972222222543,1.0,22
3098,7786,12.290972222222543,1.0,22
3099,7787,12.290972222222543,1.0,22
3100,7788,12.290972222222543,1.0,22
3101,7789,12.290972222222543,1.0,22
3102,7790,12.290972222222543,1.0,22
3103,7791,12.290972222222543,1.0,22
3104,7792,12.290972222222543,1.0,22
3105,7793,12.298611111111432,1.0,-1
3106,7794,12.306250000000322,1.0,-1
3107,7795,12.313888888889212,1.0,-1
3108,7796,12.321527777778101,1.0,-1
3109,7797,12.32916666666699,1.0,-1
3110,7798,12.33680555555588,1.0,-1
3111,7799,12.34444444444477,1.0,-1
3112,7800,12.35208333333366,1.0,-1
3113,7801,12.35972222222255,1.0,-1
3114,7802,12.367361111111439,1.0,-1
3115,7803,12.375000000000329,1.0,-1
3116,7804,12.382638888889218,1.0,-1
3117,7805,12.390277777778108,1.0,-1
3118,7806,12.397916666666998,1.0,-1
3119,7807,12.405555555555887,1.0,-1
3120,7808,12.413194444444777,1.0,-1
3121,7809,12.420833333333666,1.0,-1
3122,7810,12.428472222222556,1.0,-1
3123,7811,12.436111111111446,1.0,-1
3124,7812,12.443750000000335,1.0,-1
3125,7813,12.451388888889225,1.0,-1
3126,7814,12.459027777778115,1.0,-1
3127,7815,12.466666666667004,1.0,-1
3128,7816,12.474305555555894,1.0,-1
3129,7817,12.481944444444784,1.0,-1
3130,7818,12.489583333333673,1.0,-1
3131,7819,12.497222222222563,1.0,-1
3132,7820,12.504861111111452,1.0,-1
3133,7821,12.512500000000342,1.0,-1
3134,7822,12.520138888889232,1.0,-1
3135,7823,12.527777777778121,1.0,-1
3136,7824,12.535416666667011,1.0,-1
3137,7825,12.5430555555559,1.0,-1
3138,7826,12.55069444444479,1.0,-1
3139,7827,12.55833333333368,1.0,-1
3140,7828,12.56597222222257,1.0,-1
3141,7829,12.57361111111146,1.0,-1
3142,7830,12.581250000000349,1.0,-1
3143,7831,12.588888888889239,1.0,-1
3144,7832,12.596527777778128,1.0,-1
3145,7833,12.604166666667018,1.0,-1
3146,7834,12.611805555555907,1.0,-1
3147,7835,12.619444444444797,1.0,-1
3148,7836,12.627083333333687,1.0,-1
3149,7837,12.634722222222576,1.0,-1
3150,7838,12.642361111111466,1.0,-1
3151,7839,12.650000000000356,1.0,-1
3152,7840,12.657638888889245,1.0,-1
3153,7841,12.665277777778135,1.0,-1
3154,7842,12.672916666667025,1.0,-1
3155,7843,12.680555555555914,1.0,-1
3156,7844,12.688194444444804,1.0,-1
3157,7845,12.695833333333693,1.0,-1
3158,7846,12.695833333333693,1.0,23
3159,7847,12.695833333333693,1.0,23
3160,7848,12.695833333333693,1.0,23
3161,7849,12.695833333333693,1.0,23
3162,7850,12.695833333333693,1.0,23
3163,7851,12.695833333333693,1.0,23
3164,7852,12.695833333333693,1.0,23
3165,7853,12.695833333333693,1.0,23
3166,7854,12.695833333333693,1.0,23
3167,7855,12.695833333333693,1.0,23
3168,7856,12.695833333333693,1.0,23
3169,7857,12.695833333333693,1.0,23
3170,7858,12.695833333333693,1.0,23
3171,7859,12.695833333333693,1.0,23
3172,7860,12.695833333333693,1.0,23
3173,7861,12.695833333333693,1.0,23
3174,7862,12.695833333333693,1.0,23
3175,7863,12.695833333333693,1.0,23
3176,7864,12.695833333333693,1.0,23
3177,7865,12.695833333333693,1.0,23
3178,7866,12.695833333333693,1.0,23
3179,7867,12.695833333333693,1.0,23
3180,7868,12.695833333333693,1.0,23
3181,7869,12.695833333333693,1.0,23
3182,7870,12.695833333333693,1.0,23
3183,7871,12.695833333333693,1.0,23
3184,7872,12.695833333333693,1.0,23
3185,7873,12.695833333333693,1.0,23
3186,7874,12.695833333333693,1.0,23
3187,7875,12.695833333333693,1.0,23
3188,7876,12.695833333333693,1.0,23
3189,7877,12.695833333333693,1.0,23
3190,7878,12.695833333333693,1.0,23
3191,7879,12.695833333333693,1.0,23
3192,7880,12.695833333333693,1.0,23
3193,7881,12.695833333333693,1.0,23
3194,7882,12.695833333333693,1.0,23
3195,7883,12.695833333333693,1.0,23
3196,7884,12.695833333333693,1.0,23
3197,7885,12.695833333333693,1.0,23
3198,7886,12.695833333333693,1.0,23
3199,7887,12.695833333333693,1.0,23
3200,7888,12.695833333333693,1.0,23
3201,7889,12.695833333333693,1.0,23
3202,7890,12.695833333333693,1.0,23
3203,7891,12.695833333333693,1.0,23
3204,7892,12.695833333333693,1.0,23
3205,7893,12.695833333333693,1.0,23
3206,7894,12.695833333333693,1.0,23
3207,7895,12.695833333333693,1.0,23
3208,7896,12.695833333333693,1.0,23
3209,7897,12.695833333333693,1.0,23
3210,7898,12.695833333333693,1.0,23
3211,7899,12.695833333333693,1.0,23
3212,7900,12.695833333333693,1.0,23
3213,7901,12.695833333333693,1.0,23
3214,7902,12.695833333333693,1.0,23
3215,7903,12.695833333333693,1.0,23
3216,7904,12.695833333333693,1.0,23
3217,7905,12.695833333333693,1.0,23
3218,7906,12.695833333333693,1.0,23
3219,7907,12.695833333333693,1.0,23
3220,7908,12.695833333333693,1.0,23
3221,7909,12.695833333333693,1.0,23
3222,7910,12.695833333333693,1.0,23
3223,7911,12.695833333333693,1.0,23
3224,7912,12.695833333333693,1.0,23
3225,7913,12.695833333333693,1.0,23
3226,7914,12.695833333333693,1.0,23
3227,7915,12.695833333333693,1.0,23
3228,7916,12.695833333333693,1.0,23
3229,7917,12.695833333333693,1.0,23
3230,7918,12.695833333333693,1.0,23
3231,7919,12.695833333333693,1.0,23
3232,7920,12.695833333333693,1.0,23
3233,7921,12.695833333333693,1.0,23
3234,7922,12.695833333333693,1.0,23
3235,7923,12.695833333333693,1.0,23
3236,7924,12.695833333333693,1.0,23
3237,7925,12.695833333333693,1.0,23
3238,7926,12.695833333333693,1.0,23
3239,7927,12.695833333333693,1.0,23
3240,7928,12.695833333333693,1.0,23
3241,7929,12.695833333333693,1.0,23
3242,7930,12.695833333333693,1.0,23
3243,7931,12.695833333333693,1.0,23
3244,7932,12.695833333333693,1.0,23
3245,7933,12.695833333333693,1.0,23
3246,7934,12.695833333333693,1.0,23
3247,7935,12.695833333333693,1.0,23
3248,7936,12.695833333333693,1.0,23
3249,7937,12.695833333333693,1.0,23
3250,7938,12.695833333333693,1.0,23
3251,7939,12.695833333333693,1.0,23
3252,7940,12.695833333333693,1.0,23
3253,7941,12.695833333333693,1.0,23
3254,7942,12.695833333333693,1.0,23
3255,7943,12.695833333333693,1.0,23
3256,7944,12.695833333333693,1.0,23
3257,7945,12.695833333333693,1.0,23
3258,7946,12.695833333333693,1.0,23
3259,7947,12.695833333333693,1.0,23
3260,7948,12.695833333333693,1.0,23
3261,7949,12.695833333333693,1.0,23
3262,7950,12.695833333333693,1.0,23
3263,7951,12.695833333333693,1.0,23
3264,7952,12.695833333333693,1.0,23
3265,7953,12.695833333333693,1.0,23
3266,7954,12.695833333333693,1.0,23
3267,7955,12.695833333333693,1.0,23
3268,7956,12.695833333333693,1.0,23
3269,7957,12.703472222222583,1.0,-1
3270,7958,12.711111111111473,1.0,-1
3271,7959,12.718750000000362,1.0,-1
3272,7960,12.726388888889252,1.0,-1
3273,7961,12.734027777778142,1.0,-1
3274,7962,12.741666666667031,1.0,-1
3275,7963,12.749305555555921,1.0,-1
3276,7964,12.75694444444481,1.0,-1
3277,7965,12.7645833333337,1.0,-1
3278,7966,12.77222222222259,1.0,-1
3279,7967,12.77986111111148,1.0,-1
3280,7968,12.78750000000037,1.0,-1
3281,7969,12.795138888889259,1.0,-1
3282,7970,12.802777777778148,1.0,-1
3283,7971,12.810416666667038,1.0,-1
3284,7972,12.818055555555928,1.0,-1
3285,7973,12.825694444444817,1.0,-1
3286,7974,12.833333333333707,1.0,-1
3287,7975,12.840972222222597,1.0,-1
3288,7976,12.848611111111486,1.0,-1
3289,7977,12.856250000000376,1.0,-1
3290,7978,12.863888888889266,1.0,-1
3291,7979,12.871527777778155,1.0,-1
3292,7980,12.879166666667045,1.0,-1
3293,7981,12.886805555555934,1.0,-1
3294,7982,12.894444444444824,1.0,-1
3295,7983,12.902083333333714,1.0,-1
3296,7984,12.909722222222603,1.0,-1
3297,7985,12.917361111111493,1.0,-1
3298,7986,12.925000000000383,1.0,-1
3299,7987,12.932638888889272,1.0,-1
3300,7988,12.940277777778162,1.0,-1
3301,7989,12.947916666667052,1.0,-1
3302,7990,12.955555555555941,1.0,-1
3303,7991,12.96319444444483,1.0,-1
3304,7992,12.97083333333372,1.0,-1
3305,7993,12.97847222222261,1.0,-1
3306,7994,12.9861111111115,1.0,-1
3307,7995,12.99375000000039,1.0,-1
3308,7996,13.001388888889279,1.0,-1
3309,7997,13.009027777778169,1.0,-1
3310,7998,13.016666666667058,1.0,-1
3311,7999,13.024305555555948,1.0,-1
3312,8000,13.031944444444838,1.0,-1
3313,8001,13.039583333333727,1.0,-1
3314,8002,13.047222222222617,1.0,-1
3315,8003,13.054861111111506,1.0,-1
3316,8004,13.062500000000396,1.0,-1
3317,8005,13.070138888889286,1.0,-1
3318,8006,13.077777777778175,1.0,-1
3319,8007,13.085416666667065,1.0,-1
3320,8008,13.093055555555955,1.0,-1
3321,8009,13.100694444444844,1.0,-1
3322,8010,13.108333333333734,1.0,-1
3323,8011,13.115972222222624,1.0,-1
3324,8012,13.123611111111513,1.0,-1
3325,8013,13.131250000000403,1.0,-1
3326,8014,13.138888888889293,1.0,-1
3327,8015,13.146527777778182,1.0,-1
3328,8016,13.154166666667072,1.0,-1
3329,8017,13.161805555555961,1.0,-1
3330,8018,13.169444444444851,1.0,-1
3331,8019,13.17708333333374,1.0,-1
3332,8020,13.18472222222263,1.0,-1
3333,8021,13.19236111111152,1.0,-1
3334,8022,13.20000000000041,1.0,-1
3335,8023,13.2076388888893,1.0,-1
3336,8024,13.215277777778189,1.0,-1
3337,8025,13.222916666667079,1.0,-1
3338,8026,13.230555555555968,1.0,-1
3339,8027,13.238194444444858,1.0,-1
3340,8028,13.238194444444858,1.0,24
3341,8029,13.238194444444858,1.0,24
3342,8030,13.238194444444858,1.0,24
3343,8031,13.238194444444858,1.0,24
3344,8032,13.238194444444858,1.0,24
3345,8033,13.238194444444858,1.0,24
3346,8034,13.238194444444858,1.0,24
3347,8035,13.238194444444858,1.0,24
3348,8036,13.238194444444858,1.0,24
3349,8037,13.238194444444858,1.0,24
3350,8038,13.238194444444858,1.0,24
3351,8039,13.238194444444858,1.0,24
3352,8040,13.238194444444858,1.0,24
3353,8041,13.238194444444858,1.0,24
3354,8042,13.238194444444858,1.0,24
3355,8043,13.238194444444858,1.0,24
3356,8044,13.238194444444858,1.0,24
3357,8045,13.238194444444858,1.0,24
3358,8046,13.238194444444858,1.0,24
3359,8047,13.238194444444858,1.0,24
3360,8048,13.238194444444858,1.0,24
3361,8049,13.238194444444858,1.0,24
3362,8050,13.238194444444858,1.0,24
3363,8051,13.238194444444858,1.0,24
3364,8052,13.238194444444858,1.0,24
3365,8053,13.238194444444858,1.0,24
3366,8054,13.238194444444858,1.0,24
3367,8055,13.238194444444858,1.0,24
3368,8056,13.238194444444858,1.0,24
3369,8057,13.238194444444858,1.0,24
3370,8058,13.238194444444858,1.0,24
3371,8059,13.238194444444858,1.0,24
3372,8060,13.238194444444858,1.0,24
3373,8061,13.238194444444858,1.0,24
3374,8062,13.238194444444858,1.0,24
3375,8063,13.238194444444858,1.0,24
3376,8064,13.238194444444858,1.0,24
3377,8065,13.238194444444858,1.0,24
3378,8066,13.238194444444858,1.0,24
3379,8067,13.238194444444858,1.0,24
3380,8068,13.238194444444858,1.0,24
3381,8069,13.238194444444858,1.0,24
3382,8070,13.238194444444858,1.0,24
3383,8071,13.238194444444858,1.0,24
3384,8072,13.238194444444858,1.0,24
3385,8073,13.238194444444858,1.0,24
3386,8074,13.238194444444858,1.0,24
3387,8075,13.238194444444858,1.0,24
3388,8076,13.238194444444858,1.0,24
3389,8077,13.238194444444858,1.0,24
3390,8078,13.238194444444858,1.0,24
3391,8079,13.245833333333747,1.0,-1
3392,8080,13.253472222222637,1.0,-1
3393,8081,13.261111111111527,1.0,-1
3394,8082,13.268750000000416,1.0,-1
3395,8083,13.276388888889306,1.0,-1
3396,8084,13.284027777778196,1.0,-1
3397,8085,13.291666666667085,1.0,-1
3398,8086,13.299305555555975,1.0,-1
3399,8087,13.306944444444865,1.0,-1
3400,8088,13.314583333333754,1.0,-1
3401,8089,13.322222222222644,1.0,-1
3402,8090,13.329861111111533,1.0,-1
3403,8091,13.337500000000423,1.0,-1
3404,8092,13.345138888889313,1.0,-1
3405,8093,13.352777777778202,1.0,-1
3406,8094,13.360416666667092,1.0,-1
3407,8095,13.368055555555982,1.0,-1
3408,8096,13.375694444444871,1.0,-1
3409,8097,13.383333333333761,1.0,-1
3410,8098,13.39097222222265,1.0,-1
3411,8099,13.39861111111154,1.0,-1
3412,8100,13.40625000000043,1.0,-1
3413,8101,13.41388888888932,1.0,-1
3414,8102,13.42152777777821,1.0,-1
3415,8103,13.429166666667099,1.0,-1
3416,8104,13.436805555555988,1.0,-1
3417,8105,13.444444444444878,1.0,-1
3418,8106,13.452083333333768,1.0,-1
3419,8107,13.459722222222657,1.0,-1
3420,8108,13.467361111111547,1.0,-1
3421,8109,13.475000000000437,1.0,-1
3422,8110,13.482638888889326,1.0,-1
3423,8111,13.490277777778216,1.0,-1
3424,8112,13.497916666667106,1.0,-1
3425,8113,13.505555555555995,1.0,-1
3426,8114,13.513194444444885,1.0,-1
3427,8115,13.520833333333774,1.0,-1
3428,8116,13.528472222222664,1.0,-1
3429,8117,13.536111111111554,1.0,-1
3430,8118,13.543750000000443,1.0,-1
3431,8119,13.551388888889333,1.0,-1
3432,8120,13.559027777778223,1.0,-1
3433,8121,13.566666666667112,1.0,-1
3434,8122,13.574305555556002,1.0,-1
3435,8123,13.581944444444892,1.0,-1
3436,8124,13.589583333333781,1.0,-1
3437,8125,13.59722222222267,1.0,-1
3438,8126,13.60486111111156,1.0,-1
3439,8127,13.61250000000045,1.0,-1
3440,8128,13.62013888888934,1.0,-1
3441,8129,13.62777777777823,1.0,-1
3442,8130,13.635416666667119,1.0,-1
3443,8131,13.643055555556009,1.0,-1
3444,8132,13.650694444444898,1.0,-1
3445,8133,13.658333333333788,1.0,-1
3446,8134,13.665972222222678,1.0,-1
3447,8135,13.673611111111567,1.0,-1
3448,8136,13.681250000000457,1.0,-1
3449,8137,13.688888888889347,1.0,-1
3450,8138,13.696527777778236,1.0,-1
3451,8139,13.704166666667126,1.0,-1
3452,8140,13.711805555556015,1.0,-1
3453,8141,13.719444444444905,1.0,-1
3454,8142,13.727083333333795,1.0,-1
3455,8143,13.734722222222684,1.0,-1
3456,8144,13.742361111111574,1.0,-1
3457,8145,13.750000000000464,1.0,-1
3458,8146,13.757638888889353,1.0,-1
3459,8147,13.765277777778243,1.0,-1
3460,8148,13.772916666667133,1.0,-1
3461,8149,13.780555555556022,1.0,-1
3462,8150,13.788194444444912,1.0,-1
3463,8151,13.795833333333801,1.0,-1
3464,8152,13.803472222222691,1.0,-1
3465,8153,13.81111111111158,1.0,-1
3466,8154,13.81875000000047,1.0,-1
3467,8155,13.82638888888936,1.0,-1
3468,8156,13.83402777777825,1.0,-1
3469,8157,13.84166666666714,1.0,-1
3470,8158,13.849305555556029,1.0,-1
3471,8159,13.856944444444919,1.0,-1
3472,8160,13.864583333333808,1.0,-1
3473,8161,13.864583333333808,1.0,25
3474,8162,13.864583333333808,1.0,25
3475,8163,13.864583333333808,1.0,25
3476,8164,13.864583333333808,1.0,25
3477,8165,13.864583333333808,1.0,25
3478,8166,13.864583333333808,1.0,25
3479,8167,13.864583333333808,1.0,25
3480,8168,13.864583333333808,1.0,25
3481,8169,13.864583333333808,1.0,25
3482,8170,13.864583333333808,1.0,25
3483,8171,13.864583333333808,1.0,25
3484,8172,13.864583333333808,1.0,25
3485,8173,13.864583333333808,1.0,25
3486,8174,13.864583333333808,1.0,25
3487,8175,13.864583333333808,1.0,25
3488,8176,13.864583333333808,1.0,25
3489,8177,13.864583333333808,1.0,25
3490,8178,13.864583333333808,1.0,25
3491,8179,13.864583333333808,1.0,25
3492,8180,13.864583333333808,1.0,25
3493,8181,13.864583333333808,1.0,25
3494,8182,13.864583333333808,1.0,25
3495,8183,13.864583333333808,1.0,25
3496,8184,13.864583333333808,1.0,25
3497,8185,13.864583333333808,1.0,25
3498,8186,13.864583333333808,1.0,25
3499,8187,13.864583333333808,1.0,25
3500,8188,13.864583333333808,1.0,25
3501,8189,13.864583333333808,1.0,25
3502,8190,13.864583333333808,1.0,25
3503,8191,13.864583333333808,1.0,25
3504,8192,13.864583333333808,1.0,25
3505,8193,13.864583333333808,1.0,25
3506,8194,13.864583333333808,1.0,25
3507,8195,13.864583333333808,1.0,25
3508,8196,13.864583333333808,1.0,25
3509,8197,13.864583333333808,1.0,25
3510,8198,13.864583333333808,1.0,25
3511,8199,13.864583333333808,1.0,25
3512,8200,13.864583333333808,1.0,25
3513,8201,13.864583333333808,1.0,25
3514,8202,13.864583333333808,1.0,25
3515,8203,13.864583333333808,1.0,25
3516,8204,13.864583333333808,1.0,25
3517,8205,13.864583333333808,1.0,25
3518,8206,13.864583333333808,1.0,25
3519,8207,13.864583333333808,1.0,25
3520,8208,13.864583333333808,1.0,25
3521,8209,13.864583333333808,1.0,25
3522,8210,13.864583333333808,1.0,25
3523,8211,13.864583333333808,1.0,25
3524,8212,13.864583333333808,1.0,25
3525,8213,13.864583333333808,1.0,25
3526,8214,13.864583333333808,1.0,25
3527,8215,13.864583333333808,1.0,25
3528,8216,13.864583333333808,1.0,25
3529,8217,13.864583333333808,1.0,25
3530,8218,13.864583333333808,1.0,25
3531,8219,13.864583333333808,1.0,25
3532,8220,13.864583333333808,1.0,25
3533,8221,13.864583333333808,1.0,25
3534,8222,13.864583333333808,1.0,25
3535,8223,13.864583333333808,1.0,25
3536,8224,13.864583333333808,1.0,25
3537,8225,13.864583333333808,1.0,25
3538,8226,13.864583333333808,1.0,25
3539,8227,13.864583333333808,1.0,25
3540,8228,13.864583333333808,1.0,25
3541,8229,13.864583333333808,1.0,25
3542,8230,13.864583333333808,1.0,25
3543,8231,13.864583333333808,1.0,25
3544,8232,13.864583333333808,1.0,25
3545,8233,13.864583333333808,1.0,25
3546,8234,13.864583333333808,1.0,25
3547,8235,13.864583333333808,1.0,25
3548,8236,13.864583333333808,1.0,25
3549,8237,13.864583333333808,1.0,25
3550,8238,13.864583333333808,1.0,25
3551,8239,13.864583333333808,1.0,25
3552,8240,13.864583333333808,1.0,25
3553,8241,13.864583333333808,1.0,25
3554,8242,13.864583333333808,1.0,25
3555,8243,13.864583333333808,1.0,25
3556,8244,13.864583333333808,1.0,25
3557,8245,13.864583333333808,1.0,25
3558,8246,13.864583333333808,1.0,25
3559,8247,13.864583333333808,1.0,25
3560,8248,13.864583333333808,1.0,25
3561,8249,13.864583333333808,1.0,25
3562,8250,13.864583333333808,1.0,25
3563,8251,13.864583333333808,1.0,25
3564,8252,13.864583333333808,1.0,25
3565,8253,13.864583333333808,1.0,25
3566,8254,13.864583333333808,1.0,25
3567,8255,13.864583333333808,1.0,25
3568,8256,13.864583333333808,1.0,25
3569,8257,13.864583333333808,1.0,25
3570,8258,13.864583333333808,1.0,25
3571,8259,13.864583333333808,1.0,25
3572,8260,13.864583333333808,1.0,25
3573,8261,13.864583333333808,1.0,25
3574,8262,13.864583333333808,1.0,25
3575,8263,13.864583333333808,1.0,25
3576,8264,13.864583333333808,1.0,25
3577,8265,13.864583333333808,1.0,25
3578,8266,13.864583333333808,1.0,25
3579,8267,13.864583333333808,1.0,25
3580,8268,13.864583333333808,1.0,25
3581,8269,13.864583333333808,1.0,25
3582,8270,13.864583333333808,1.0,25
3583,8271,13.864583333333808,1.0,25
3584,8272,13.864583333333808,1.0,25
3585,8273,13.864583333333808,1.0,25
3586,8274,13.864583333333808,1.0,25
3587,8275,13.864583333333808,1.0,25
3588,8276,13.864583333333808,1.0,25
3589,8277,13.864583333333808,1.0,25
3590,8278,13.864583333333808,1.0,25
3591,8279,13.864583333333808,1.0,25
3592,8280,13.864583333333808,1.0,25
3593,8281,13.864583333333808,1.0,25
3594,8282,13.864583333333808,1.0,25
3595,8283,13.872222222222698,1.0,-1
3596,8284,13.879861111111587,1.0,-1
3597,8285,13.887500000000477,1.0,-1
3598,8286,13.895138888889367,1.0,-1
3599,8287,13.902777777778256,1.0,-1
3600,8288,13.910416666667146,1.0,-1
3601,8289,13.918055555556036,1.0,-1
3602,8290,13.925694444444925,1.0,-1
3603,8291,13.933333333333815,1.0,-1
3604,8292,13.940972222222705,1.0,-1
3605,8293,13.948611111111594,1.0,-1
3606,8294,13.956250000000484,1.0,-1
3607,8295,13.963888888889374,1.0,-1
3608,8296,13.971527777778263,1.0,-1
3609,8297,13.979166666667153,1.0,-1
3610,8298,13.986805555556042,1.0,-1
3611,8299,13.994444444444932,1.0,-1
3612,8300,14.002083333333822,1.0,-1
3613,8301,14.009722222222711,1.0,-1
3614,8302,14.017361111111601,1.0,-1
3615,8303,14.02500000000049,1.0,-1
3616,8304,14.03263888888938,1.0,-1
3617,8305,14.04027777777827,1.0,-1
3618,8306,14.04791666666716,1.0,-1
3619,8307,14.05555555555605,1.0,-1
3620,8308,14.063194444444939,1.0,-1
3621,8309,14.070833333333828,1.0,-1
3622,8310,14.078472222222718,1.0,-1
3623,8311,14.086111111111608,1.0,-1
3624,8312,14.093750000000497,1.0,-1
3625,8313,14.101388888889387,1.0,-1
3626,8314,14.109027777778277,1.0,-1
3627,8315,14.116666666667166,1.0,-1
3628,8316,14.124305555556056,1.0,-1
3629,8317,14.131944444444946,1.0,-1
3630,8318,14.131944444444946,1.0,26
3631,8319,14.131944444444946,1.0,26
3632,8320,14.131944444444946,1.0,26
3633,8321,14.131944444444946,1.0,26
3634,8322,14.131944444444946,1.0,26
3635,8323,14.131944444444946,1.0,26
3636,8324,14.131944444444946,1.0,26
3637,8325,14.131944444444946,1.0,26
3638,8326,14.131944444444946,1.0,26
3639,8327,14.131944444444946,1.0,26
3640,8328,14.131944444444946,1.0,26
3641,8329,14.131944444444946,1.0,26
3642,8330,14.131944444444946,1.0,26
3643,8331,14.131944444444946,1.0,26
3644,8332,14.131944444444946,1.0,26
3645,8333,14.131944444444946,1.0,26
3646,8334,14.131944444444946,1.0,26
3647,8335,14.131944444444946,1.0,26
3648,8336,14.131944444444946,1.0,26
3649,8337,14.131944444444946,1.0,26
3650,8338,14.131944444444946,1.0,26
3651,8339,14.131944444444946,1.0,26
3652,8340,14.131944444444946,1.0,26
3653,8341,14.131944444444946,1.0,26
3654,8342,14.131944444444946,1.0,26
3655,8343,14.131944444444946,1.0,26
3656,8344,14.131944444444946,1.0,26
3657,8345,14.131944444444946,1.0,26
3658,8346,14.131944444444946,1.0,26
3659,8347,14.131944444444946,1.0,26
3660,8348,14.131944444444946,1.0,26
3661,8349,14.131944444444946,1.0,26
3662,8350,14.131944444444946,1.0,26
3663,8351,14.131944444444946,1.0,26
3664,8352,14.131944444444946,1.0,26
3665,8353,14.131944444444946,1.0,26
3666,8354,14.131944444444946,1.0,26
3667,8355,14.131944444444946,1.0,26
3668,8356,14.131944444444946,1.0,26
3669,8357,14.131944444444946,1.0,26
3670,8358,14.131944444444946,1.0,26
3671,8359,14.131944444444946,1.0,26
3672,8360,14.131944444444946,1.0,26
3673,8361,14.131944444444946,1.0,26
3674,8362,14.131944444444946,1.0,26
3675,8363,14.131944444444946,1.0,26
3676,8364,14.131944444444946,1.0,26
3677,8365,14.131944444444946,1.0,26
3678,8366,14.131944444444946,1.0,26
3679,8367,14.131944444444946,1.0,26
3680,8368,14.131944444444946,1.0,26
3681,8369,14.131944444444946,1.0,26
3682,8370,14.131944444444946,1.0,26
3683,8371,14.131944444444946,1.0,26
3684,8372,14.131944444444946,1.0,26
3685,8373,14.131944444444946,1.0,26
3686,8374,14.131944444444946,1.0,26
3687,8375,14.131944444444946,1.0,26
3688,8376,14.131944444444946,1.0,26
3689,8377,14.131944444444946,1.0,26
3690,8378,14.131944444444946,1.0,26
3691,8379,14.131944444444946,1.0,26
3692,8380,14.131944444444946,1.0,26
3693,8381,14.131944444444946,1.0,26
3694,8382,14.131944444444946,1.0,26
3695,8383,14.131944444444946,1.0,26
3696,8384,14.131944444444946,1.0,26
3697,8385,14.131944444444946,1.0,26
3698,8386,14.131944444444946,1.0,26
3699,8387,14.131944444444946,1.0,26
3700,8388,14.131944444444946,1.0,26
3701,8389,14.131944444444946,1.0,26
3702,8390,14.131944444444946,1.0,26
3703,8391,14.131944444444946,1.0,26
3704,8392,14.131944444444946,1.0,26
3705,8393,14.131944444444946,1.0,26
3706,8394,14.131944444444946,1.0,26
3707,8395,14.131944444444946,1.0,26
3708,8396,14.131944444444946,1.0,26
3709,8397,14.131944444444946,1.0,26
3710,8398,14.131944444444946,1.0,26
3711,8399,14.131944444444946,1.0,26
3712,8400,14.131944444444946,1.0,26
3713,8401,14.131944444444946,1.0,26
3714,8402,14.131944444444946,1.0,26
3715,8403,14.131944444444946,1.0,26
3716,8404,14.131944444444946,1.0,26
3717,8405,14.131944444444946,1.0,26
3718,8406,14.131944444444946,1.0,26
3719,8407,14.131944444444946,1.0,26
3720,8408,14.131944444444946,1.0,26
3721,8409,14.131944444444946,1.0,26
3722,8410,14.139583333333835,1.0,-1
3723,8411,14.147222222222725,1.0,-1
3724,8412,14.154861111111614,1.0,-1
3725,8413,14.162500000000504,1.0,-1
3726,8414,14.170138888889394,1.0,-1
3727,8415,14.177777777778283,1.0,-1
3728,8416,14.185416666667173,1.0,-1
3729,8417,14.193055555556063,1.0,-1
3730,8418,14.200694444444952,1.0,-1
3731,8419,14.208333333333842,1.0,-1
3732,8420,14.215972222222732,1.0,-1
3733,8421,14.223611111111621,1.0,-1
3734,8422,14.23125000000051,1.0,-1
3735,8423,14.2388888888894,1.0,-1
3736,8424,14.24652777777829,1.0,-1
3737,8425,14.25416666666718,1.0,-1
3738,8426,14.26180555555607,1.0,-1
3739,8427,14.269444444444959,1.0,-1
3740,8428,14.277083333333849,1.0,-1
3741,8429,14.284722222222738,1.0,-1
3742,8430,14.292361111111628,1.0,-1
3743,8431,14.300000000000518,1.0,-1
3744,8432,14.307638888889407,1.0,-1
3745,8433,14.315277777778297,1.0,-1
3746,8434,14.322916666667187,1.0,-1
3747,8435,14.330555555556076,1.0,-1
3748,8436,14.338194444444966,1.0,-1
3749,8437,14.345833333333855,1.0,-1
3750,8438,14.353472222222745,1.0,-1
3751,8439,14.361111111111635,1.0,-1
3752,8440,14.368750000000524,1.0,-1
3753,8441,14.376388888889414,1.0,-1
3754,8442,14.384027777778304,1.0,-1
3755,8443,14.391666666667193,1.0,-1
3756,8444,14.391666666667193,0.95,27
3757,8445,14.391666666667193,0.95,27
3758,8446,14.391666666667193,0.95,27
3759,8447,14.391666666667193,0.95,27
3760,8448,14.391666666667193,0.95,27
3761,8449,14.391666666667193,0.95,27
3762,8450,14.391666666667193,0.95,27
3763,8451,14.391666666667193,0.95,27
3764,8452,14.391666666667193,0.95,27
3765,8453,14.391666666667193,0.95,27
3766,8454,14.391666666667193,0.95,27
3767,8455,14.399305555556083,0.95,-1
3768,8456,14.406944444444973,0.95,-1
3769,8457,14.414583333333862,0.95,-1
3770,8458,14.422222222222752,0.95,-1
3771,8459,14.429861111111641,0.95,-1
3772,8460,14.437500000000531,0.95,-1
3773,8461,14.44513888888942,0.95,-1
3774,8462,14.45277777777831,0.95,-1
3775,8463,14.4604166666672,0.95,-1
3776,8464,14.46805555555609,0.95,-1
3777,8465,14.47569444444498,0.95,-1
3778,8466,14.483333333333869,0.95,-1
3779,8467,14.490972222222759,0.95,-1
3780,8468,14.498611111111648,0.95,-1
3781,8469,14.506250000000538,0.95,-1
3782,8470,14.513888888889428,0.95,-1
3783,8471,14.521527777778317,0.95,-1
3784,8472,14.529166666667207,0.95,-1
3785,8473,14.536805555556096,0.95,-1
3786,8474,14.544444444444986,0.95,-1
3787,8475,14.552083333333876,0.95,-1
3788,8476,14.559722222222765,0.95,-1
3789,8477,14.567361111111655,0.95,-1
3790,8478,14.575000000000545,0.95,-1
3791,8479,14.582638888889434,0.95,-1
3792,8480,14.590277777778324,0.95,-1
3793,8481,14.597916666667214,0.95,-1
3794,8482,14.605555555556103,0.95,-1
3795,8483,14.613194444444993,0.95,-1
3796,8484,14.620833333333882,0.95,-1
3797,8485,14.628472222222772,0.95,-1
3798,8486,14.636111111111662,0.95,-1
3799,8487,14.643750000000551,0.95,-1
3800,8488,14.651388888889441,0.95,-1
3801,8489,14.65902777777833,0.95,-1
3802,8490,14.65902777777833,0.925,28
3803,8491,14.65902777777833,0.925,28
3804,8492,14.65902777777833,0.925,28
3805,8493,14.65902777777833,0.925,28
3806,8494,14.65902777777833,0.925,28
3807,8495,14.65902777777833,0.925,28
3808,8496,14.65902777777833,0.925,28
3809,8497,14.65902777777833,0.925,28
3810,8498,14.65902777777833,0.925,28
3811,8499,14.66666666666722,0.925,-1
3812,8500,14.67430555555611,0.925,-1
3813,8501,14.681944444445,0.925,-1
3814,8502,14.68958333333389,0.925,-1
3815,8503,14.697222222222779,0.925,-1
3816,8504,14.704861111111668,0.925,-1
3817,8505,14.712500000000558,0.925,-1
3818,8506,14.720138888889448,0.925,-1
3819,8507,14.727777777778337,0.925,-1
3820,8508,14.735416666667227,0.925,-1
3821,8509,14.743055555556117,0.925,-1
3822,8510,14.750694444445006,0.925,-1
3823,8511,14.758333333333896,0.925,-1
3824,8512,14.765972222222786,0.925,-1
3825,8513,14.773611111111675,0.925,-1
3826,8514,14.781250000000565,0.925,-1
3827,8515,14.788888888889455,0.925,-1
3828,8516,14.796527777778344,0.925,-1
3829,8517,14.804166666667234,0.925,-1
3830,8518,14.811805555556123,0.925,-1
3831,8519,14.819444444445013,0.925,-1
3832,8520,14.827083333333903,0.925,-1
3833,8521,14.834722222222792,0.925,-1
3834,8522,14.842361111111682,0.925,-1
3835,8523,14.850000000000572,0.925,-1
3836,8524,14.857638888889461,0.925,-1
3837,8525,14.865277777778351,0.925,-1
3838,8526,14.87291666666724,0.925,-1
3839,8527,14.88055555555613,0.925,-1
3840,8528,14.88819444444502,0.925,-1
3841,8529,14.89583333333391,0.925,-1
3842,8530,14.903472222222799,0.925,-1
3843,8531,14.911111111111689,0.925,-1
3844,8532,14.918750000000578,0.925,-1
3845,8533,14.926388888889468,0.925,-1
3846,8534,14.934027777778358,0.925,-1
3847,8535,14.941666666667247,0.925,-1
3848,8536,14.949305555556137,0.925,-1
3849,8537,14.956944444445027,0.925,-1
3850,8538,14.964583333333916,0.925,-1
3851,8539,14.964583333333916,0.8,29
3852,8540,14.964583333333916,0.8,29
3853,8541,14.964583333333916,0.8,29
3854,8542,14.964583333333916,0.8,29
3855,8543,14.964583333333916,0.8,29
3856,8544,14.964583333333916,0.8,29
3857,8545,14.964583333333916,0.8,29
3858,8546,14.964583333333916,0.8,29
3859,8547,14.964583333333916,0.8,29
3860,8548,14.964583333333916,0.8,29
3861,8549,14.964583333333916,0.8,29
3862,8550,14.964583333333916,0.8,29
3863,8551,14.964583333333916,0.8,29
3864,8552,14.964583333333916,0.8,29
3865,8553,14.964583333333916,0.8,29
3866,8554,14.964583333333916,0.8,29
3867,8555,14.964583333333916,0.8,29
3868,8556,14.964583333333916,0.8,29
3869,8557,14.964583333333916,0.8,29
3870,8558,14.964583333333916,0.8,29
3871,8559,14.964583333333916,0.8,29
3872,8560,14.964583333333916,0.8,29
3873,8561,14.964583333333916,0.8,29
3874,8562,14.964583333333916,0.8,29
3875,8563,14.964583333333916,0.8,29
3876,8564,14.964583333333916,0.8,29
3877,8565,14.964583333333916,0.8,29
3878,8566,14.964583333333916,0.8,29
3879,8567,14.964583333333916,0.8,29
3880,8568,14.964583333333916,0.8,29
3881,8569,14.964583333333916,0.8,29
3882,8570,14.964583333333916,0.8,29
3883,8571,14.964583333333916,0.8,29
3884,8572,14.964583333333916,0.8,29
3885,8573,14.964583333333916,0.8,29
3886,8574,14.964583333333916,0.8,29
3887,8575,14.964583333333916,0.8,29
3888,8576,14.964583333333916,0.8,29
3889,8577,14.964583333333916,0.8,29
3890,8578,14.964583333333916,0.8,29
3891,8579,14.964583333333916,0.8,29
3892,8580,14.964583333333916,0.8,29
3893,8581,14.964583333333916,0.8,29
3894,8582,14.964583333333916,0.8,29
3895,8583,14.964583333333916,0.8,29
3896,8584,14.964583333333916,0.8,29
3897,8585,14.964583333333916,0.8,29
3898,8586,14.972222222222806,0.8,-1
3899,8587,14.979861111111695,0.8,-1
3900,8588,14.987500000000585,0.8,-1
3901,8589,14.995138888889475,0.8,-1
3902,8590,15.002777777778364,0.8,-1
3903,8591,15.010416666667254,0.8,-1
3904,8592,15.018055555556144,0.8,-1
3905,8593,15.025694444445033,0.8,-1
3906,8594,15.033333333333923,0.8,-1
3907,8595,15.040972222222813,0.8,-1
3908,8596,15.048611111111702,0.8,-1
3909,8597,15.056250000000592,0.8,-1
3910,8598,15.063888888889482,0.8,-1
3911,8599,15.071527777778371,0.8,-1
3912,8600,15.07916666666726,0.8,-1
3913,8601,15.08680555555615,0.8,-1
3914,8602,15.09444444444504,0.8,-1
3915,8603,15.10208333333393,0.8,-1
3916,8604,15.10972222222282,0.8,-1
3917,8605,15.117361111111709,0.8,-1
3918,8606,15.125000000000599,0.8,-1
3919,8607,15.132638888889488,0.8,-1
3920,8608,15.140277777778378,0.8,-1
3921,8609,15.147916666667268,0.8,-1
3922,8610,15.155555555556157,0.8,-1
3923,8611,15.163194444445047,0.8,-1
3924,8612,15.170833333333936,0.8,-1
3925,8613,15.178472222222826,0.8,-1
3926,8614,15.186111111111716,0.8,-1
3927,8615,15.193750000000605,0.8,-1
3928,8616,15.201388888889495,0.8,-1
3929,8617,15.209027777778385,0.8,-1
3930,8618,15.216666666667274,0.8,-1
3931,8619,15.224305555556164,0.8,-1
3932,8620,15.231944444445054,0.8,-1
3933,8621,15.239583333333943,0.8,-1
3934,8622,15.247222222222833,0.8,-1
3935,8623,15.254861111111722,0.8,-1
3936,8624,15.262500000000612,0.8,-1
3937,8625,15.270138888889502,0.8,-1
3938,8626,15.277777777778391,0.8,-1
3939,8627,15.285416666667281,0.8,-1
3940,8628,15.29305555555617,0.8,-1
3941,8629,15.30069444444506,0.8,-1
3942,8630,15.30833333333395,0.8,-1
3943,8631,15.31597222222284,0.8,-1
3944,8632,15.32361111111173,0.8,-1
3945,8633,15.331250000000619,0.8,-1
3946,8634,15.338888888889509,0.8,-1
3947,8635,15.338888888889509,0.75,30
3948,8636,15.338888888889509,0.75,30
3949,8637,15.338888888889509,0.75,30
3950,8638,15.338888888889509,0.75,30
3951,8639,15.338888888889509,0.75,30
3952,8640,15.338888888889509,0.75,30
3953,8641,15.338888888889509,0.75,30
3954,8642,15.338888888889509,0.75,30
3955,8643,15.338888888889509,0.75,30
3956,8644,15.338888888889509,0.75,30
3957,8645,15.338888888889509,0.75,30
3958,8646,15.338888888889509,0.75,30
3959,8647,15.338888888889509,0.75,30
3960,8648,15.338888888889509,0.75,30
3961,8649,15.338888888889509,0.75,30
3962,8650,15.338888888889509,0.75,30
3963,8651,15.338888888889509,0.75,30
3964,8652,15.338888888889509,0.75,30
3965,8653,15.338888888889509,0.75,30
3966,8654,15.338888888889509,0.75,30
3967,8655,15.338888888889509,0.75,30
3968,8656,15.338888888889509,0.75,30
3969,8657,15.338888888889509,0.75,30
3970,8658,15.338888888889509,0.75,30
3971,8659,15.338888888889509,0.75,30
3972,8660,15.338888888889509,0.75,30
3973,8661,15.338888888889509,0.75,30
3974,8662,15.338888888889509,0.75,30
3975,8663,15.338888888889509,0.75,30
3976,8664,15.338888888889509,0.75,30
3977,8665,15.338888888889509,0.75,30
3978,8666,15.338888888889509,0.75,30
3979,8667,15.338888888889509,0.75,30
3980,8668,15.338888888889509,0.75,30
3981,8669,15.338888888889509,0.75,30
3982,8670,15.338888888889509,0.75,30
3983,8671,15.338888888889509,0.75,30
3984,8672,15.338888888889509,0.75,30
3985,8673,15.338888888889509,0.75,30
3986,8674,15.338888888889509,0.75,30
3987,8675,15.346527777778398,0.75,-1
3988,8676,15.354166666667288,0.75,-1
3989,8677,15.361805555556177,0.75,-1
3990,8678,15.369444444445067,0.75,-1
3991,8679,15.377083333333957,0.75,-1
3992,8680,15.384722222222846,0.75,-1
3993,8681,15.392361111111736,0.75,-1
3994,8682,15.400000000000626,0.75,-1
3995,8683,15.407638888889515,0.75,-1
3996,8684,15.415277777778405,0.75,-1
3997,8685,15.422916666667295,0.75,-1
3998,8686,15.430555555556184,0.75,-1
3999,8687,15.438194444445074,0.75,-1
4000,8688,15.445833333333963,0.75,-1
4001,8689,15.453472222222853,0.75,-1
4002,8690,15.461111111111743,0.75,-1
4003,8691,15.468750000000632,0.75,-1
4004,8692,15.476388888889522,0.75,-1
4005,8693,15.484027777778412,0.75,-1
4006,8694,15.491666666667301,0.75,-1
4007,8695,15.499305555556191,0.75,-1
4008,8696,15.50694444444508,0.75,-1
4009,8697,15.51458333333397,0.75,-1
4010,8698,15.52222222222286,0.75,-1
4011,8699,15.52986111111175,0.75,-1
4012,8700,15.53750000000064,0.75,-1
4013,8701,15.545138888889529,0.75,-1
4014,8702,15.552777777778418,0.75,-1
4015,8703,15.560416666667308,0.75,-1
4016,8704,15.568055555556198,0.75,-1
4017,8705,15.575694444445087,0.75,-1
4018,8706,15.583333333333977,0.75,-1
4019,8707,15.590972222222867,0.75,-1
4020,8708,15.598611111111756,0.75,-1
4021,8709,15.606250000000646,0.75,-1
4022,8710,15.613888888889536,0.75,-1
4023,8711,15.621527777778425,0.75,-1
4024,8712,15.629166666667315,0.75,-1
4025,8713,15.636805555556204,0.75,-1
4026,8714,15.644444444445094,0.75,-1
4027,8715,15.652083333333984,0.75,-1
4028,8716,15.659722222222873,0.75,-1
4029,8717,15.667361111111763,0.75,-1
4030,8718,15.675000000000653,0.75,-1
4031,8719,15.682638888889542,0.75,-1
4032,8720,15.690277777778432,0.75,-1
4033,8721,15.697916666667322,0.75,-1
4034,8722,15.705555555556211,0.75,-1
4035,8723,15.7131944444451,0.75,-1
4036,8724,15.72083333333399,0.75,-1
4037,8725,15.72847222222288,0.75,-1
4038,8726,15.73611111111177,0.75,-1
4039,8727,15.74375000000066,0.75,-1
4040,8728,15.751388888889549,0.75,-1
4041,8729,15.759027777778439,0.75,-1
4042,8730,15.766666666667328,0.75,-1
4043,8731,15.774305555556218,0.75,-1
4044,8732,15.781944444445108,0.75,-1
4045,8733,15.789583333333997,0.75,-1
4046,8734,15.797222222222887,0.75,-1
4047,8735,15.804861111111776,0.75,-1
4048,8736,15.812500000000666,0.75,-1
4049,8737,15.820138888889556,0.75,-1
4050,8738,15.827777777778445,0.75,-1
4051,8739,15.835416666667335,0.75,-1
4052,8740,15.843055555556225,0.75,-1
4053,8741,15.850694444445114,0.75,-1
4054,8742,15.858333333334004,0.75,-1
4055,8743,15.858333333334004,0.65,31
4056,8744,15.858333333334004,0.65,31
4057,8745,15.858333333334004,0.65,31
4058,8746,15.858333333334004,0.65,31
4059,8747,15.858333333334004,0.65,31
4060,8748,15.858333333334004,0.65,31
4061,8749,15.858333333334004,0.65,31
4062,8750,15.858333333334004,0.65,31
4063,8751,15.858333333334004,0.65,31
4064,8752,15.858333333334004,0.65,31
4065,8753,15.858333333334004,0.65,31
4066,8754,15.858333333334004,0.65,31
4067,8755,15.858333333334004,0.65,31
4068,8756,15.858333333334004,0.65,31
4069,8757,15.858333333334004,0.65,31
4070,8758,15.858333333334004,0.65,31
4071,8759,15.858333333334004,0.65,31
4072,8760,15.858333333334004,0.65,31
4073,8761,15.858333333334004,0.65,31
4074,8762,15.858333333334004,0.65,31
4075,8763,15.858333333334004,0.65,31
4076,8764,15.858333333334004,0.65,31
4077,8765,15.858333333334004,0.65,31
4078,8766,15.858333333334004,0.65,31
4079,8767,15.858333333334004,0.65,31
4080,8768,15.858333333334004,0.65,31
4081,8769,15.858333333334004,0.65,31
4082,8770,15.858333333334004,0.65,31
4083,8771,15.858333333334004,0.65,31
4084,8772,15.858333333334004,0.65,31
4085,8773,15.858333333334004,0.65,31
4086,8774,15.858333333334004,0.65,31
4087,8775,15.858333333334004,0.65,31
4088,8776,15.858333333334004,0.65,31
4089,8777,15.858333333334004,0.65,31
4090,8778,15.858333333334004,0.65,31
4091,8779,15.858333333334004,0.65,31
4092,8780,15.858333333334004,0.65,31
4093,8781,15.858333333334004,0.65,31
4094,8782,15.858333333334004,0.65,31
4095,8783,15.858333333334004,0.65,31
4096,8784,15.858333333334004,0.65,31
4097,8785,15.858333333334004,0.65,31
4098,8786,15.858333333334004,0.65,31
4099,8787,15.858333333334004,0.65,31
4100,8788,15.858333333334004,0.65,31
4101,8789,15.858333333334004,0.65,31
4102,8790,15.858333333334004,0.65,31
4103,8791,15.858333333334004,0.65,31
4104,8792,15.858333333334004,0.65,31
4105,8793,15.858333333334004,0.65,31
4106,8794,15.858333333334004,0.65,31
4107,8795,15.858333333334004,0.65,31
4108,8796,15.858333333334004,0.65,31
4109,8797,15.858333333334004,0.65,31
4110,8798,15.858333333334004,0.65,31
4111,8799,15.858333333334004,0.65,31
4112,8800,15.858333333334004,0.65,31
4113,8801,15.858333333334004,0.65,31
4114,8802,15.858333333334004,0.65,31
4115,8803,15.858333333334004,0.65,31
4116,8804,15.858333333334004,0.65,31
4117,8805,15.858333333334004,0.65,31
4118,8806,15.858333333334004,0.65,31
4119,8807,15.858333333334004,0.65,31
4120,8808,15.858333333334004,0.65,31
4121,8809,15.858333333334004,0.65,31
4122,8810,15.858333333334004,0.65,31
4123,8811,15.858333333334004,0.65,31
4124,8812,15.858333333334004,0.65,31
4125,8813,15.858333333334004,0.65,31
4126,8814,15.858333333334004,0.65,31
4127,8815,15.858333333334004,0.65,31
4128,8816,15.858333333334004,0.65,31
4129,8817,15.858333333334004,0.65,31
4130,8818,15.858333333334004,0.65,31
4131,8819,15.858333333334004,0.65,31
4132,8820,15.858333333334004,0.65,31
4133,8821,15.865972222222894,0.65,-1
4134,8822,15.873611111111783,0.65,-1
4135,8823,15.881250000000673,0.65,-1
4136,8824,15.888888888889563,0.65,-1
4137,8825,15.896527777778452,0.65,-1
4138,8826,15.904166666667342,0.65,-1
4139,8827,15.911805555556231,0.65,-1
4140,8828,15.919444444445121,0.65,-1
4141,8829,15.92708333333401,0.65,-1
4142,8830,15.9347222222229,0.65,-1
4143,8831,15.94236111111179,0.65,-1
4144,8832,15.95000000000068,0.65,-1
4145,8833,15.95763888888957,0.65,-1
4146,8834,15.965277777778459,0.65,-1
4147,8835,15.972916666667349,0.65,-1
4148,8836,15.980555555556238,0.65,-1
4149,8837,15.988194444445128,0.65,-1
4150,8838,15.995833333334017,0.65,-1
4151,8839,16.003472222222907,0.65,-1
4152,8840,16.011111111111795,0.65,-1
4153,8841,16.018750000000683,0.65,-1
4154,8842,16.02638888888957,0.65,-1
4155,8843,16.03402777777846,0.65,-1
4156,8844,16.041666666667346,0.65,-1
4157,8845,16.049305555556234,0.65,-1
4158,8846,16.056944444445122,0.65,-1
4159,8847,16.06458333333401,0.65,-1
4160,8848,16.072222222222898,0.65,-1
4161,8849,16.079861111111786,0.65,-1
4162,8850,16.087500000000674,0.65,-1
4163,8851,16.09513888888956,0.65,-1
4164,8852,16.10277777777845,0.65,-1
4165,8853,16.110416666667337,0.65,-1
4166,8854,16.118055555556225,0.65,-1
4167,8855,16.125694444445113,0.65,-1
4168,8856,16.133333333334,0.65,-1
4169,8857,16.14097222222289,0.65,-1
4170,8858,16.148611111111776,0.65,-1
4171,8859,16.156250000000664,0.65,-1
4172,8860,16.163888888889552,0.65,-1
4173,8861,16.17152777777844,0.65,-1
4174,8862,16.179166666667328,0.65,-1
4175,8863,16.186805555556216,0.65,-1
4176,8864,16.194444444445104,0.65,-1
4177,8865,16.20208333333399,0.65,-1
4178,8866,16.20972222222288,0.65,-1
4179,8867,16.217361111111767,0.65,-1
4180,8868,16.225000000000655,0.65,-1
4181,8869,16.232638888889543,0.65,-1
4182,8870,16.24027777777843,0.65,-1
4183,8871,16.24791666666732,0.65,-1
4184,8872,16.255555555556207,0.65,-1
4185,8873,16.263194444445094,0.65,-1
4186,8874,16.270833333333982,0.65,-1
4187,8875,16.27847222222287,0.65,-1
4188,8876,16.286111111111758,0.65,-1
4189,8877,16.293750000000646,0.65,-1
4190,8878,16.301388888889534,0.65,-1
4191,8879,16.30902777777842,0.65,-1
4192,8880,16.31666666666731,0.65,-1
4193,8881,16.324305555556197,0.65,-1
4194,8882,16.331944444445085,0.65,-1
4195,8883,16.339583333333973,0.65,-1
4196,8884,16.34722222222286,0.65,-1
4197,8885,16.35486111111175,0.65,-1
4198,8886,16.362500000000637,0.65,-1
4199,8887,16.370138888889525,0.65,-1
4200,8888,16.377777777778412,0.65,-1
4201,8889,16.3854166666673,0.65,-1
4202,8890,16.393055555556188,0.65,-1
4203,8891,16.400694444445076,0.65,-1
4204,8892,16.408333333333964,0.65,-1
4205,8893,16.41597222222285,0.65,-1
4206,8894,16.42361111111174,0.65,-1
4207,8895,16.431250000000627,0.65,-1
4208,8896,16.438888888889515,0.65,-1
4209,8897,16.446527777778403,0.65,-1
4210,8898,16.45416666666729,0.65,-1
4211,8899,16.46180555555618,0.65,-1
4212,8900,16.469444444445067,0.65,-1
4213,8901,16.477083333333955,0.65,-1
4214,8902,16.484722222222842,0.65,-1
4215,8903,16.49236111111173,0.65,-1
4216,8904,16.500000000000618,0.65,-1
4217,8905,16.507638888889506,0.65,-1
4218,8906,16.515277777778394,0.65,-1
4219,8907,16.52291666666728,0.65,-1
4220,8908,16.53055555555617,0.65,-1
4221,8909,16.538194444445057,0.65,-1
4222,8910,16.545833333333945,0.65,-1
4223,8911,16.553472222222833,0.65,-1
4224,8912,16.56111111111172,0.65,-1
4225,8913,16.56875000000061,0.65,-1
4226,8914,16.576388888889497,0.65,-1
4227,8915,16.584027777778385,0.65,-1
4228,8916,16.591666666667273,0.65,-1
4229,8917,16.59930555555616,0.65,-1
4230,8918,16.59930555555616,0.6125,32
4231,8919,16.59930555555616,0.6125,32
4232,8920,16.59930555555616,0.6125,32
4233,8921,16.59930555555616,0.6125,32
4234,8922,16.59930555555616,0.6125,32
4235,8923,16.59930555555616,0.6125,32
4236,8924,16.59930555555616,0.6125,32
4237,8925,16.59930555555616,0.6125,32
4238,8926,16.59930555555616,0.6125,32
4239,8927,16.59930555555616,0.6125,32
4240,8928,16.59930555555616,0.6125,32
4241,8929,16.60694444444505,0.6125,-1
4242,8930,16.614583333333936,0.6125,-1
4243,8931,16.622222222222824,0.6125,-1
4244,8932,16.629861111111712,0.6125,-1
4245,8933,16.6375000000006,0.6125,-1
4246,8934,16.645138888889488,0.6125,-1
4247,8935,16.652777777778375,0.6125,-1
4248,8936,16.660416666667263,0.6125,-1
4249,8937,16.66805555555615,0.6125,-1
4250,8938,16.67569444444504,0.6125,-1
4251,8939,16.683333333333927,0.6125,-1
4252,8940,16.690972222222815,0.6125,-1
4253,8941,16.698611111111703,0.6125,-1
4254,8942,16.70625000000059,0.6125,-1
4255,8943,16.71388888888948,0.6125,-1
4256,8944,16.721527777778366,0.6125,-1
4257,8945,16.729166666667254,0.6125,-1
4258,8946,16.736805555556142,0.6125,-1
4259,8947,16.74444444444503,0.6125,-1
4260,8948,16.752083333333918,0.6125,-1
4261,8949,16.759722222222805,0.6125,-1
4262,8950,16.767361111111693,0.6125,-1
4263,8951,16.77500000000058,0.6125,-1
4264,8952,16.78263888888947,0.6125,-1
4265,8953,16.790277777778357,0.6125,-1
4266,8954,16.797916666667245,0.6125,-1
4267,8955,16.805555555556133,0.6125,-1
4268,8956,16.81319444444502,0.6125,-1
4269,8957,16.82083333333391,0.6125,-1
4270,8958,16.828472222222796,0.6125,-1
4271,8959,16.836111111111684,0.6125,-1
4272,8960,16.843750000000572,0.6125,-1
4273,8961,16.85138888888946,0.6125,-1
4274,8962,16.859027777778348,0.6125,-1
4275,8963,16.866666666667236,0.6125,-1
4276,8964,16.874305555556123,0.6125,-1
4277,8965,16.88194444444501,0.6125,-1
4278,8966,16.8895833333339,0.6125,-1
4279,8967,16.897222222222787,0.6125,-1
4280,8968,16.904861111111675,0.6125,-1
4281,8969,16.912500000000563,0.6125,-1
4282,8970,16.92013888888945,0.6125,-1
4283,8971,16.92777777777834,0.6125,-1
4284,8972,16.935416666667226,0.6125,-1
4285,8973,16.943055555556114,0.6125,-1
4286,8974,16.950694444445002,0.6125,-1
4287,8975,16.95833333333389,0.6125,-1
4288,8976,16.965972222222778,0.6125,-1
4289,8977,16.965972222222778,0.5,33
4290,8978,16.965972222222778,0.5,33
4291,8979,16.965972222222778,0.5,33
4292,8980,16.965972222222778,0.5,33
4293,8981,16.965972222222778,0.5,33
4294,8982,16.965972222222778,0.5,33
4295,8983,16.965972222222778,0.5,33
4296,8984,16.965972222222778,0.5,33
4297,8985,16.965972222222778,0.5,33
4298,8986,16.965972222222778,0.5,33
4299,8987,16.965972222222778,0.5,33
4300,8988,16.965972222222778,0.5,33
4301,8989,16.965972222222778,0.5,33
4302,8990,16.965972222222778,0.5,33
4303,8991,16.965972222222778,0.5,33
4304,8992,16.965972222222778,0.5,33
4305,8993,16.965972222222778,0.5,33
4306,8994,16.973611111111666,0.5,-1
4307,8995,16.981250000000554,0.5,-1
4308,8996,16.98888888888944,0.5,-1
4309,8997,16.99652777777833,0.5,-1
4310,8998,17.004166666667217,0.5,-1
4311,8999,17.011805555556105,0.5,-1
4312,9000,17.019444444444993,0.5,-1
4313,9001,17.02708333333388,0.5,-1
4314,9002,17.03472222222277,0.5,-1
4315,9003,17.042361111111656,0.5,-1
4316,9004,17.050000000000544,0.5,-1
4317,9005,17.057638888889432,0.5,-1
4318,9006,17.06527777777832,0.5,-1
4319,9007,17.072916666667208,0.5,-1
4320,9008,17.080555555556096,0.5,-1
4321,9009,17.088194444444984,0.5,-1
4322,9010,17.09583333333387,0.5,-1
4323,9011,17.10347222222276,0.5,-1
4324,9012,17.111111111111647,0.5,-1
4325,9013,17.118750000000535,0.5,-1
4326,9014,17.126388888889423,0.5,-1
4327,9015,17.13402777777831,0.5,-1
4328,9016,17.1416666666672,0.5,-1
4329,9017,17.149305555556086,0.5,-1
4330,9018,17.156944444444974,0.5,-1
4331,9019,17.164583333333862,0.5,-1
4332,9020,17.17222222222275,0.5,-1
4333,9021,17.179861111111638,0.5,-1
4334,9022,17.187500000000526,0.5,-1
4335,9023,17.195138888889414,0.5,-1
4336,9024,17.2027777777783,0.5,-1
4337,9025,17.21041666666719,0.5,-1
4338,9026,17.218055555556077,0.5,-1
4339,9027,17.225694444444965,0.5,-1
4340,9028,17.233333333333853,0.5,-1
4341,9029,17.24097222222274,0.5,-1
4342,9030,17.24861111111163,0.5,-1
4343,9031,17.256250000000517,0.5,-1
4344,9032,17.263888888889404,0.5,-1
4345,9033,17.271527777778292,0.5,-1
4346,9034,17.27916666666718,0.5,-1
4347,9035,17.286805555556068,0.5,-1
4348,9036,17.294444444444956,0.5,-1
4349,9037,17.302083333333844,0.5,-1
4350,9038,17.30972222222273,0.5,-1
4351,9039,17.31736111111162,0.5,-1
4352,9040,17.325000000000507,0.5,-1
4353,9041,17.332638888889395,0.5,-1
4354,9042,17.340277777778283,0.5,-1
4355,9043,17.34791666666717,0.5,-1
4356,9044,17.35555555555606,0.5,-1
4357,9045,17.363194444444947,0.5,-1
4358,9046,17.370833333333835,0.5,-1
4359,9047,17.378472222222722,0.5,-1
4360,9048,17.38611111111161,0.5,-1
4361,9049,17.393750000000498,0.5,-1
4362,9050,17.401388888889386,0.5,-1
4363,9051,17.409027777778274,0.5,-1
4364,9052,17.41666666666716,0.5,-1
4365,9053,17.42430555555605,0.5,-1
4366,9054,17.431944444444937,0.5,-1
4367,9055,17.439583333333825,0.5,-1
4368,9056,17.447222222222713,0.5,-1
4369,9057,17.4548611111116,0.5,-1
4370,9058,17.46250000000049,0.5,-1
4371,9059,17.470138888889377,0.5,-1
4372,9060,17.477777777778265,0.5,-1
4373,9061,17.485416666667152,0.5,-1
4374,9062,17.49305555555604,0.5,-1
4375,9063,17.500694444444928,0.5,-1
4376,9064,17.508333333333816,0.5,-1
4377,9065,17.515972222222704,0.5,-1
4378,9066,17.52361111111159,0.5,-1
4379,9067,17.53125000000048,0.5,-1
4380,9068,17.538888888889367,0.5,-1
4381,9069,17.546527777778255,0.5,-1
4382,9070,17.554166666667143,0.5,-1
4383,9071,17.56180555555603,0.5,-1
4384,9072,17.56944444444492,0.5,-1
4385,9073,17.577083333333807,0.5,-1
4386,9074,17.584722222222695,0.5,-1
4387,9075,17.592361111111583,0.5,-1
4388,9076,17.60000000000047,0.5,-1
4389,9077,17.60763888888936,0.5,-1
4390,9078,17.60763888888936,0.3625,34
4391,9079,17.60763888888936,0.3625,34
4392,9080,17.60763888888936,0.3625,34
4393,9081,17.60763888888936,0.3625,34
4394,9082,17.60763888888936,0.3625,34
4395,9083,17.60763888888936,0.3625,34
4396,9084,17.60763888888936,0.3625,34
4397,9085,17.60763888888936,0.3625,34
4398,9086,17.60763888888936,0.3625,34
4399,9087,17.60763888888936,0.3625,34
4400,9088,17.60763888888936,0.3625,34
4401,9089,17.60763888888936,0.3625,34
4402,9090,17.60763888888936,0.3625,34
4403,9091,17.60763888888936,0.3625,34
4404,9092,17.60763888888936,0.3625,34
4405,9093,17.60763888888936,0.3625,34
4406,9094,17.60763888888936,0.3625,34
4407,9095,17.60763888888936,0.3625,34
4408,9096,17.60763888888936,0.3625,34
4409,9097,17.60763888888936,0.3625,34
4410,9098,17.615277777778246,0.3625,-1
4411,9099,17.622916666667134,0.3625,-1
4412,9100,17.630555555556022,0.3625,-1
4413,9101,17.63819444444491,0.3625,-1
4414,9102,17.645833333333798,0.3625,-1
4415,9103,17.653472222222685,0.3625,-1
4416,9104,17.661111111111573,0.3625,-1
4417,9105,17.66875000000046,0.3625,-1
4418,9106,17.67638888888935,0.3625,-1
4419,9107,17.684027777778237,0.3625,-1
4420,9108,17.691666666667125,0.3625,-1
4421,9109,17.699305555556013,0.3625,-1
4422,9110,17.7069444444449,0.3625,-1
4423,9111,17.71458333333379,0.3625,-1
4424,9112,17.722222222222676,0.3625,-1
4425,9113,17.729861111111564,0.3625,-1
4426,9114,17.737500000000452,0.3625,-1
4427,9115,17.74513888888934,0.3625,-1
4428,9116,17.752777777778228,0.3625,-1
4429,9117,17.760416666667115,0.3625,-1
4430,9118,17.768055555556003,0.3625,-1
4431,9119,17.77569444444489,0.3625,-1
4432,9120,17.78333333333378,0.3625,-1
4433,9121,17.790972222222667,0.3625,-1
4434,9122,17.798611111111555,0.3625,-1
4435,9123,17.806250000000443,0.3625,-1
4436,9124,17.81388888888933,0.3625,-1
4437,9125,17.82152777777822,0.3625,-1
4438,9126,17.829166666667106,0.3625,-1
4439,9127,17.836805555555994,0.3625,-1
4440,9128,17.844444444444882,0.3625,-1
4441,9129,17.85208333333377,0.3625,-1
4442,9130,17.859722222222658,0.3625,-1
4443,9131,17.867361111111546,0.3625,-1
4444,9132,17.875000000000433,0.3625,-1
4445,9133,17.88263888888932,0.3625,-1
4446,9134,17.89027777777821,0.3625,-1
4447,9135,17.897916666667097,0.3625,-1
4448,9136,17.905555555555985,0.3625,-1
4449,9137,17.913194444444873,0.3625,-1
4450,9138,17.92083333333376,0.3625,-1
4451,9139,17.92847222222265,0.3625,-1
4452,9140,17.936111111111536,0.3625,-1
4453,9141,17.943750000000424,0.3625,-1
4454,9142,17.951388888889312,0.3625,-1
4455,9143,17.9590277777782,0.3625,-1
4456,9144,17.966666666667088,0.3625,-1
4457,9145,17.974305555555976,0.3625,-1
4458,9146,17.981944444444864,0.3625,-1
4459,9147,17.98958333333375,0.3625,-1
4460,9148,17.99722222222264,0.3625,-1
4461,9149,18.004861111111527,0.3625,-1
4462,9150,18.012500000000415,0.3625,-1
4463,9151,18.020138888889303,0.3625,-1
4464,9152,18.02777777777819,0.3625,-1
4465,9153,18.03541666666708,0.3625,-1
4466,9154,18.043055555555966,0.3625,-1
4467,9155,18.050694444444854,0.3625,-1
4468,9156,18.058333333333742,0.3625,-1
4469,9157,18.06597222222263,0.3625,-1
4470,9158,18.073611111111518,0.3625,-1
4471,9159,18.081250000000406,0.3625,-1
4472,9160,18.088888888889294,0.3625,-1
4473,9161,18.09652777777818,0.3625,-1
4474,9162,18.10416666666707,0.3625,-1
4475,9163,18.111805555555957,0.3625,-1
4476,9164,18.119444444444845,0.3625,-1
4477,9165,18.127083333333733,0.3625,-1
4478,9166,18.13472222222262,0.3625,-1
4479,9167,18.14236111111151,0.3625,-1
4480,9168,18.150000000000396,0.3625,-1
4481,9169,18.157638888889284,0.3625,-1
4482,9170,18.165277777778172,0.3625,-1
4483,9171,18.17291666666706,0.3625,-1
4484,9172,18.180555555555948,0.3625,-1
4485,9173,18.188194444444836,0.3625,-1
4486,9174,18.195833333333724,0.3625,-1
4487,9175,18.20347222222261,0.3625,-1
4488,9176,18.2111111111115,0.3625,-1
4489,9177,18.218750000000387,0.3625,-1
4490,9178,18.226388888889275,0.3625,-1
4491,9179,18.234027777778163,0.3625,-1
4492,9180,18.24166666666705,0.3625,-1
4493,9181,18.24930555555594,0.3625,-1
4494,9182,18.256944444444827,0.3625,-1
4495,9183,18.264583333333714,0.3625,-1
4496,9184,18.272222222222602,0.3625,-1
4497,9185,18.27986111111149,0.3625,-1
4498,9186,18.287500000000378,0.3625,-1
4499,9187,18.295138888889266,0.3625,-1
4500,9188,18.302777777778154,0.3625,-1
4501,9189,18.31041666666704,0.3625,-1
4502,9190,18.31805555555593,0.3625,-1
4503,9191,18.325694444444817,0.3625,-1
4504,9192,18.333333333333705,0.3625,-1
4505,9193,18.340972222222593,0.3625,-1
4506,9194,18.34861111111148,0.3625,-1
4507,9195,18.35625000000037,0.3625,-1
4508,9196,18.363888888889257,0.3625,-1
4509,9197,18.371527777778144,0.3625,-1
4510,9198,18.379166666667032,0.3625,-1
4511,9199,18.38680555555592,0.3625,-1
4512,9200,18.394444444444808,0.3625,-1
4513,9201,18.402083333333696,0.3625,-1
4514,9202,18.409722222222584,0.3625,-1
4515,9203,18.41736111111147,0.3625,-1
4516,9204,18.42500000000036,0.3625,-1
4517,9205,18.432638888889247,0.3625,-1
4518,9206,18.440277777778135,0.3625,-1
4519,9207,18.447916666667023,0.3625,-1
4520,9208,18.45555555555591,0.3625,-1
4521,9209,18.4631944444448,0.3625,-1
4522,9210,18.470833333333687,0.3625,-1
4523,9211,18.478472222222575,0.3625,-1
4524,9212,18.486111111111462,0.3625,-1
4525,9213,18.49375000000035,0.3625,-1
4526,9214,18.501388888889238,0.3625,-1
4527,9215,18.509027777778126,0.3625,-1
4528,9216,18.516666666667014,0.3625,-1
4529,9217,18.5243055555559,0.3625,-1
4530,9218,18.53194444444479,0.3625,-1
4531,9219,18.539583333333677,0.3625,-1
4532,9220,18.547222222222565,0.3625,-1
4533,9221,18.554861111111453,0.3625,-1
4534,9222,18.56250000000034,0.3625,-1
4535,9223,18.57013888888923,0.3625,-1
4536,9224,18.577777777778117,0.3625,-1
4537,9225,18.585416666667005,0.3625,-1
4538,9226,18.593055555555893,0.3625,-1
4539,9227,18.60069444444478,0.3625,-1
4540,9228,18.60833333333367,0.3625,-1
4541,9229,18.615972222222556,0.3625,-1
4542,9230,18.623611111111444,0.3625,-1
4543,9231,18.631250000000332,0.3625,-1
4544,9232,18.63888888888922,0.3625,-1
4545,9233,18.646527777778108,0.3625,-1
4546,9234,18.654166666666995,0.3625,-1
4547,9235,18.661805555555883,0.3625,-1
4548,9236,18.66944444444477,0.3625,-1
4549,9237,18.67708333333366,0.3625,-1
4550,9238,18.684722222222547,0.3625,-1
4551,9239,18.692361111111435,0.3625,-1
4552,9240,18.700000000000323,0.3625,-1
4553,9241,18.70763888888921,0.3625,-1
4554,9242,18.7152777777781,0.3625,-1
4555,9243,18.722916666666986,0.3625,-1
4556,9244,18.730555555555874,0.3625,-1
4557,9245,18.738194444444762,0.3625,-1
4558,9246,18.74583333333365,0.3625,-1
4559,9247,18.753472222222538,0.3625,-1
4560,9248,18.761111111111425,0.3625,-1
4561,9249,18.768750000000313,0.3625,-1
4562,9250,18.7763888888892,0.3625,-1
4563,9251,18.78402777777809,0.3625,-1
4564,9252,18.791666666666977,0.3625,-1
4565,9253,18.799305555555865,0.3625,-1
4566,9254,18.806944444444753,0.3625,-1
4567,9255,18.81458333333364,0.3625,-1
4568,9256,18.82222222222253,0.3625,-1
4569,9257,18.829861111111416,0.3625,-1
4570,9258,18.837500000000304,0.3625,-1
4571,9259,18.845138888889192,0.3625,-1
4572,9260,18.85277777777808,0.3625,-1
4573,9261,18.860416666666968,0.3625,-1
4574,9262,18.868055555555856,0.3625,-1
4575,9263,18.875694444444743,0.3625,-1
4576,9264,18.88333333333363,0.3625,-1
4577,9265,18.89097222222252,0.3625,-1
4578,9266,18.898611111111407,0.3625,-1
4579,9267,18.906250000000295,0.3625,-1
4580,9268,18.913888888889183,0.3625,-1
4581,9269,18.92152777777807,0.3625,-1
4582,9270,18.92916666666696,0.3625,-1
4583,9271,18.936805555555846,0.3625,-1
4584,9272,18.944444444444734,0.3625,-1
4585,9273,18.952083333333622,0.3625,-1
4586,9274,18.95972222222251,0.3625,-1
4587,9275,18.967361111111398,0.3625,-1
4588,9276,18.975000000000286,0.3625,-1
4589,9277,18.982638888889174,0.3625,-1
4590,9278,18.99027777777806,0.3625,-1
4591,9279,18.99791666666695,0.3625,-1
4592,9280,19.005555555555837,0.3625,-1
4593,9281,19.013194444444725,0.3625,-1
4594,9282,19.020833333333613,0.3625,-1
4595,9283,19.0284722222225,0.3625,-1
4596,9284,19.03611111111139,0.3625,-1
4597,9285,19.043750000000276,0.3625,-1
4598,9286,19.051388888889164,0.3625,-1
4599,9287,19.059027777778052,0.3625,-1
4600,9288,19.06666666666694,0.3625,-1
4601,9289,19.074305555555828,0.3625,-1
4602,9290,19.081944444444716,0.3625,-1
4603,9291,19.089583333333604,0.3625,-1
4604,9292,19.09722222222249,0.3625,-1
4605,9293,19.10486111111138,0.3625,-1
4606,9294,19.112500000000267,0.3625,-1
4607,9295,19.120138888889155,0.3625,-1
4608,9296,19.127777777778043,0.3625,-1
4609,9297,19.13541666666693,0.3625,-1
4610,9298,19.14305555555582,0.3625,-1
4611,9299,19.150694444444706,0.3625,-1
4612,9300,19.158333333333594,0.3625,-1
4613,9301,19.165972222222482,0.3625,-1
4614,9302,19.17361111111137,0.3625,-1
4615,9303,19.181250000000258,0.3625,-1
4616,9304,19.188888888889146,0.3625,-1
4617,9305,19.196527777778034,0.3625,-1
4618,9306,19.20416666666692,0.3625,-1
4619,9307,19.21180555555581,0.3625,-1
4620,9308,19.219444444444697,0.3625,-1
4621,9309,19.227083333333585,0.3625,-1
4622,9310,19.234722222222473,0.3625,-1
4623,9311,19.24236111111136,0.3625,-1
4624,9312,19.25000000000025,0.3625,-1
4625,9313,19.257638888889137,0.3625,-1
4626,9314,19.265277777778024,0.3625,-1
4627,9315,19.272916666666912,0.3625,-1
4628,9316,19.2805555555558,0.3625,-1
4629,9317,19.288194444444688,0.3625,-1
4630,9318,19.295833333333576,0.3625,-1
4631,9319,19.303472222222464,0.3625,-1
4632,9320,19.31111111111135,0.3625,-1
4633,9321,19.31875000000024,0.3625,-1
4634,9322,19.326388888889127,0.3625,-1
4635,9323,19.334027777778015,0.3625,-1
4636,9324,19.341666666666903,0.3625,-1
4637,9325,19.34930555555579,0.3625,-1
4638,9326,19.35694444444468,0.3625,-1
4639,9327,19.364583333333567,0.3625,-1
4640,9328,19.372222222222454,0.3625,-1
4641,9329,19.379861111111342,0.3625,-1
4642,9330,19.38750000000023,0.3625,-1
4643,9331,19.395138888889118,0.3625,-1
4644,9332,19.402777777778006,0.3625,-1
4645,9333,19.410416666666894,0.3625,-1
4646,9334,19.41805555555578,0.3625,-1
4647,9335,19.42569444444467,0.3625,-1
4648,9336,19.433333333333557,0.3625,-1
4649,9337,19.433333333333557,0.2875,35
4650,9338,19.433333333333557,0.2875,35
4651,9339,19.433333333333557,0.2875,35
4652,9340,19.433333333333557,0.2875,35
4653,9341,19.433333333333557,0.2875,35
4654,9342,19.433333333333557,0.2875,35
4655,9343,19.433333333333557,0.2875,35
4656,9344,19.433333333333557,0.2875,35
4657,9345,19.433333333333557,0.2875,35
4658,9346,19.433333333333557,0.2875,35
4659,9347,19.433333333333557,0.2875,35
4660,9348,19.433333333333557,0.2875,35
4661,9349,19.433333333333557,0.2875,35
4662,9350,19.433333333333557,0.2875,35
4663,9351,19.433333333333557,0.2875,35
4664,9352,19.433333333333557,0.2875,35
4665,9353,19.433333333333557,0.2875,35
4666,9354,19.433333333333557,0.2875,35
4667,9355,19.433333333333557,0.2875,35
4668,9356,19.433333333333557,0.2875,35
4669,9357,19.433333333333557,0.2875,35
4670,9358,19.433333333333557,0.2875,35
4671,9359,19.433333333333557,0.2875,35
4672,9360,19.433333333333557,0.2875,35
4673,9361,19.433333333333557,0.2875,35
4674,9362,19.433333333333557,0.2875,35
4675,9363,19.433333333333557,0.2875,35
4676,9364,19.433333333333557,0.2875,35
4677,9365,19.433333333333557,0.2875,35
4678,9366,19.433333333333557,0.2875,35
4679,9367,19.433333333333557,0.2875,35
4680,9368,19.433333333333557,0.2875,35
4681,9369,19.433333333333557,0.2875,35
4682,9370,19.433333333333557,0.2875,35
4683,9371,19.433333333333557,0.2875,35
4684,9372,19.433333333333557,0.2875,35
4685,9373,19.433333333333557,0.2875,35
4686,9374,19.433333333333557,0.2875,35
4687,9375,19.433333333333557,0.2875,35
4688,9376,19.433333333333557,0.2875,35
4689,9377,19.433333333333557,0.2875,35
4690,9378,19.433333333333557,0.2875,35
4691,9379,19.433333333333557,0.2875,35
4692,9380,19.433333333333557,0.2875,35
4693,9381,19.433333333333557,0.2875,35
4694,9382,19.433333333333557,0.2875,35
4695,9383,19.433333333333557,0.2875,35
4696,9384,19.433333333333557,0.2875,35
4697,9385,19.433333333333557,0.2875,35
4698,9386,19.433333333333557,0.2875,35
4699,9387,19.433333333333557,0.2875,35
4700,9388,19.433333333333557,0.2875,35
4701,9389,19.433333333333557,0.2875,35
4702,9390,19.433333333333557,0.2875,35
4703,9391,19.433333333333557,0.2875,35
4704,9392,19.433333333333557,0.2875,35
4705,9393,19.433333333333557,0.2875,35
4706,9394,19.433333333333557,0.2875,35
4707,9395,19.433333333333557,0.2875,35
4708,9396,19.433333333333557,0.2875,35
4709,9397,19.433333333333557,0.2875,35
4710,9398,19.433333333333557,0.2875,35
4711,9399,19.433333333333557,0.2875,35
4712,9400,19.433333333333557,0.2875,35
4713,9401,19.433333333333557,0.2875,35
4714,9402,19.433333333333557,0.2875,35
4715,9403,19.433333333333557,0.2875,35
4716,9404,19.433333333333557,0.2875,35
4717,9405,19.433333333333557,0.2875,35
4718,9406,19.433333333333557,0.2875,35
4719,9407,19.433333333333557,0.2875,35
4720,9408,19.433333333333557,0.2875,35
4721,9409,19.433333333333557,0.2875,35
4722,9410,19.433333333333557,0.2875,35
4723,9411,19.433333333333557,0.2875,35
4724,9412,19.433333333333557,0.2875,35
4725,9413,19.433333333333557,0.2875,35
4726,9414,19.433333333333557,0.2875,35
4727,9415,19.433333333333557,0.2875,35
4728,9416,19.433333333333557,0.2875,35
4729,9417,19.433333333333557,0.2875,35
4730,9418,19.433333333333557,0.2875,35
4731,9419,19.433333333333557,0.2875,35
4732,9420,19.433333333333557,0.2875,35
4733,9421,19.433333333333557,0.2875,35
4734,9422,19.433333333333557,0.2875,35
4735,9423,19.433333333333557,0.2875,35
4736,9424,19.433333333333557,0.2875,35
4737,9425,19.433333333333557,0.2875,35
4738,9426,19.433333333333557,0.2875,35
4739,9427,19.433333333333557,0.2875,35
4740,9428,19.433333333333557,0.2875,35
4741,9429,19.433333333333557,0.2875,35
4742,9430,19.433333333333557,0.2875,35
4743,9431,19.433333333333557,0.2875,35
4744,9432,19.433333333333557,0.2875,35
4745,9433,19.433333333333557,0.2875,35
4746,9434,19.433333333333557,0.2875,35
4747,9435,19.433333333333557,0.2875,35
4748,9436,19.433333333333557,0.2875,35
4749,9437,19.433333333333557,0.2875,35
4750,9438,19.433333333333557,0.2875,35
4751,9439,19.440972222222445,0.2875,-1
4752,9440,19.440972222222445,0.3,36
4753,9441,19.440972222222445,0.3,36
4754,9442,19.440972222222445,0.3,36
4755,9443,19.440972222222445,0.3,36
4756,9444,19.440972222222445,0.3,36
4757,9445,19.440972222222445,0.3,36
4758,9446,19.440972222222445,0.3,36
4759,9447,19.440972222222445,0.3,36
4760,9448,19.440972222222445,0.3,36
4761,9449,19.440972222222445,0.3,36
4762,9450,19.440972222222445,0.3,36
4763,9451,19.440972222222445,0.3,36
4764,9452,19.440972222222445,0.3,36
4765,9453,19.440972222222445,0.3,36
4766,9454,19.440972222222445,0.3,36
4767,9455,19.440972222222445,0.3,36
4768,9456,19.440972222222445,0.3,36
4769,9457,19.440972222222445,0.3,36
4770,9458,19.440972222222445,0.3,36
4771,9459,19.440972222222445,0.3,36
4772,9460,19.440972222222445,0.3,36
4773,9461,19.440972222222445,0.3,36
4774,9462,19.440972222222445,0.3,36
4775,9463,19.440972222222445,0.3,36
4776,9464,19.440972222222445,0.3,36
4777,9465,19.440972222222445,0.3,36
4778,9466,19.440972222222445,0.3,36
4779,9467,19.440972222222445,0.3,36
4780,9468,19.440972222222445,0.3,36
4781,9469,19.440972222222445,0.3,36
4782,9470,19.440972222222445,0.3,36
4783,9471,19.440972222222445,0.3,36
4784,9472,19.440972222222445,0.3,36
4785,9473,19.440972222222445,0.3,36
4786,9474,19.440972222222445,0.3,36
4787,9475,19.440972222222445,0.3,36
4788,9476,19.440972222222445,0.3,36
4789,9477,19.440972222222445,0.3,36
4790,9478,19.440972222222445,0.3,36
4791,9479,19.440972222222445,0.3,36
4792,9480,19.440972222222445,0.3,36
4793,9481,19.440972222222445,0.3,36
4794,9482,19.440972222222445,0.3,36
4795,9483,19.440972222222445,0.3,36
4796,9484,19.440972222222445,0.3,36
4797,9485,19.440972222222445,0.3,36
4798,9486,19.440972222222445,0.3,36
4799,9487,19.440972222222445,0.3,36
4800,9488,19.440972222222445,0.3,36
4801,9489,19.440972222222445,0.3,36
4802,9490,19.440972222222445,0.3,36
4803,9491,19.440972222222445,0.3,36
4804,9492,19.440972222222445,0.3,36
4805,9493,19.440972222222445,0.3,36
4806,9494,19.440972222222445,0.3,36
4807,9495,19.440972222222445,0.3,36
4808,9496,19.440972222222445,0.3,36
4809,9497,19.440972222222445,0.3,36
4810,9498,19.440972222222445,0.3,36
4811,9499,19.440972222222445,0.3,36
4812,9500,19.440972222222445,0.3,36
4813,9501,19.440972222222445,0.3,36
4814,9502,19.440972222222445,0.3,36
4815,9503,19.440972222222445,0.3,36
4816,9504,19.440972222222445,0.3,36
4817,9505,19.440972222222445,0.3,36
4818,9506,19.440972222222445,0.3,36
4819,9507,19.440972222222445,0.3,36
4820,9508,19.440972222222445,0.3,36
4821,9509,19.440972222222445,0.3,36
4822,9510,19.440972222222445,0.3,36
4823,9511,19.440972222222445,0.3,36
4824,9512,19.440972222222445,0.3,36
4825,9513,19.440972222222445,0.3,36
4826,9514,19.440972222222445,0.3,36
4827,9515,19.440972222222445,0.3,36
4828,9516,19.440972222222445,0.3,36
4829,9517,19.440972222222445,0.3,36
4830,9518,19.440972222222445,0.3,36
4831,9519,19.448611111111333,0.3,-1
4832,9520,19.45625000000022,0.3,-1
4833,9521,19.46388888888911,0.3,-1
4834,9522,19.471527777777997,0.3,-1
4835,9523,19.479166666666885,0.3,-1
4836,9524,19.486805555555772,0.3,-1
4837,9525,19.49444444444466,0.3,-1
4838,9526,19.502083333333548,0.3,-1
4839,9527,19.509722222222436,0.3,-1
4840,9528,19.517361111111324,0.3,-1
4841,9529,19.52500000000021,0.3,-1
4842,9530,19.5326388888891,0.3,-1
4843,9531,19.540277777777987,0.3,-1
4844,9532,19.547916666666875,0.3,-1
4845,9533,19.555555555555763,0.3,-1
4846,9534,19.56319444444465,0.3,-1
4847,9535,19.57083333333354,0.3,-1
4848,9536,19.578472222222427,0.3,-1
4849,9537,19.586111111111315,0.3,-1
4850,9538,19.593750000000203,0.3,-1
4851,9539,19.60138888888909,0.3,-1
4852,9540,19.60902777777798,0.3,-1
4853,9541,19.616666666666866,0.3,-1
4854,9542,19.624305555555754,0.3,-1
4855,9543,19.631944444444642,0.3,-1
4856,9544,19.63958333333353,0.3,-1
4857,9545,19.647222222222418,0.3,-1
4858,9546,19.654861111111305,0.3,-1
4859,9547,19.662500000000193,0.3,-1
4860,9548,19.67013888888908,0.3,-1
4861,9549,19.67777777777797,0.3,-1
4862,9550,19.685416666666857,0.3,-1
4863,9551,19.693055555555745,0.3,-1
4864,9552,19.700694444444633,0.3,-1
4865,9553,19.70833333333352,0.3,-1
4866,9554,19.71597222222241,0.3,-1
4867,9555,19.723611111111296,0.3,-1
4868,9556,19.731250000000184,0.3,-1
4869,9557,19.738888888889072,0.3,-1
4870,9558,19.74652777777796,0.3,-1
4871,9559,19.754166666666848,0.3,-1
4872,9560,19.761805555555735,0.3,-1
4873,9561,19.769444444444623,0.3,-1
4874,9562,19.77708333333351,0.3,-1
4875,9563,19.7847222222224,0.3,-1
4876,9564,19.7847222222224,0.1875,37
4877,9565,19.7847222222224,0.1875,37
4878,9566,19.7847222222224,0.1875,37
4879,9567,19.7847222222224,0.1875,37
4880,9568,19.7847222222224,0.1875,37
4881,9569,19.7847222222224,0.1875,37
4882,9570,19.7847222222224,0.1875,37
4883,9571,19.7847222222224,0.1875,37
4884,9572,19.7847222222224,0.1875,37
4885,9573,19.7847222222224,0.1875,37
4886,9574,19.7847222222224,0.1875,37
4887,9575,19.7847222222224,0.1875,37
4888,9576,19.7847222222224,0.1875,37
4889,9577,19.7847222222224,0.1875,37
4890,9578,19.7847222222224,0.1875,37
4891,9579,19.7847222222224,0.1875,37
4892,9580,19.7847222222224,0.1875,37
4893,9581,19.7847222222224,0.1875,37
4894,9582,19.792361111111287,0.1875,-1
4895,9583,19.800000000000175,0.1875,-1
4896,9584,19.807638888889063,0.1875,-1
4897,9585,19.81527777777795,0.1875,-1
4898,9586,19.82291666666684,0.1875,-1
4899,9587,19.830555555555726,0.1875,-1
4900,9588,19.838194444444614,0.1875,-1
4901,9589,19.845833333333502,0.1875,-1
4902,9590,19.85347222222239,0.1875,-1
4903,9591,19.861111111111278,0.1875,-1
4904,9592,19.868750000000166,0.1875,-1
4905,9593,19.876388888889053,0.1875,-1
4906,9594,19.88402777777794,0.1875,-1
4907,9595,19.89166666666683,0.1875,-1
4908,9596,19.899305555555717,0.1875,-1
4909,9597,19.906944444444605,0.1875,-1
4910,9598,19.914583333333493,0.1875,-1
4911,9599,19.92222222222238,0.1875,-1
4912,9600,19.92986111111127,0.1875,-1
4913,9601,19.937500000000156,0.1875,-1
4914,9602,19.945138888889044,0.1875,-1
4915,9603,19.952777777777932,0.1875,-1
4916,9604,19.96041666666682,0.1875,-1
4917,9605,19.968055555555708,0.1875,-1
4918,9606,19.975694444444596,0.1875,-1
4919,9607,19.983333333333483,0.1875,-1
4920,9608,19.99097222222237,0.1875,-1
4921,9609,19.99861111111126,0.1875,-1
4922,9610,20.006250000000147,0.1875,-1
4923,9611,20.013888888889035,0.1875,-1
4924,9612,20.021527777777923,0.1875,-1
4925,9613,20.02916666666681,0.1875,-1
4926,9614,20.0368055555557,0.1875,-1
4927,9615,20.044444444444586,0.1875,-1
4928,9616,20.052083333333474,0.1875,-1
4929,9617,20.059722222222362,0.1875,-1
4930,9618,20.06736111111125,0.1875,-1
4931,9619,20.075000000000138,0.1875,-1
4932,9620,20.082638888889026,0.1875,-1
4933,9621,20.090277777777914,0.1875,-1
4934,9622,20.0979166666668,0.1875,-1
4935,9623,20.10555555555569,0.1875,-1
4936,9624,20.113194444444577,0.1875,-1
4937,9625,20.120833333333465,0.1875,-1
4938,9626,20.128472222222353,0.1875,-1
4939,9627,20.13611111111124,0.1875,-1
4940,9628,20.14375000000013,0.1875,-1
4941,9629,20.151388888889016,0.1875,-1
4942,9630,20.159027777777904,0.1875,-1
4943,9631,20.166666666666792,0.1875,-1
4944,9632,20.17430555555568,0.1875,-1
4945,9633,20.181944444444568,0.1875,-1
4946,9634,20.189583333333456,0.1875,-1
4947,9635,20.197222222222344,0.1875,-1
4948,9636,20.20486111111123,0.1875,-1
4949,9637,20.21250000000012,0.1875,-1
4950,9638,20.220138888889007,0.1875,-1
4951,9639,20.227777777777895,0.1875,-1
4952,9640,20.235416666666783,0.1875,-1
4953,9641,20.24305555555567,0.1875,-1
4954,9642,20.25069444444456,0.1875,-1
4955,9643,20.258333333333447,0.1875,-1
4956,9644,20.265972222222334,0.1875,-1
4957,9645,20.273611111111222,0.1875,-1
4958,9646,20.28125000000011,0.1875,-1
4959,9647,20.288888888888998,0.1875,-1
4960,9648,20.296527777777886,0.1875,-1
4961,9649,20.304166666666774,0.1875,-1
4962,9650,20.31180555555566,0.1875,-1
4963,9651,20.31944444444455,0.1875,-1
4964,9652,20.327083333333437,0.1875,-1
4965,9653,20.327083333333437,0.1625,38
4966,9654,20.327083333333437,0.1625,38
4967,9655,20.327083333333437,0.1625,38
4968,9656,20.327083333333437,0.1625,38
4969,9657,20.327083333333437,0.1625,38
4970,9658,20.327083333333437,0.1625,38
4971,9659,20.327083333333437,0.1625,38
4972,9660,20.327083333333437,0.1625,38
4973,9661,20.327083333333437,0.1625,38
4974,9662,20.327083333333437,0.1625,38
4975,9663,20.327083333333437,0.1625,38
4976,9664,20.327083333333437,0.1625,38
4977,9665,20.327083333333437,0.1625,38
4978,9666,20.327083333333437,0.1625,38
4979,9667,20.327083333333437,0.1625,38
4980,9668,20.327083333333437,0.1625,38
4981,9669,20.327083333333437,0.1625,38
4982,9670,20.327083333333437,0.1625,38
4983,9671,20.327083333333437,0.1625,38
4984,9672,20.327083333333437,0.1625,38
4985,9673,20.327083333333437,0.1625,38
4986,9674,20.327083333333437,0.1625,38
4987,9675,20.327083333333437,0.1625,38
4988,9676,20.327083333333437,0.1625,38
4989,9677,20.327083333333437,0.1625,38
4990,9678,20.327083333333437,0.1625,38
4991,9679,20.327083333333437,0.1625,38
4992,9680,20.327083333333437,0.1625,38
4993,9681,20.327083333333437,0.1625,38
4994,9682,20.327083333333437,0.1625,38
4995,9683,20.327083333333437,0.1625,38
4996,9684,20.327083333333437,0.1625,38
4997,9685,20.327083333333437,0.1625,38
4998,9686,20.327083333333437,0.1625,38
4999,9687,20.327083333333437,0.1625,38
5000,9688,20.327083333333437,0.1625,38
5001,9689,20.327083333333437,0.1625,38
5002,9690,20.327083333333437,0.1625,38
5003,9691,20.327083333333437,0.1625,38
5004,9692,20.327083333333437,0.1625,38
5005,9693,20.327083333333437,0.1625,38
5006,9694,20.327083333333437,0.1625,38
5007,9695,20.334722222222325,0.1625,-1
5008,9696,20.342361111111213,0.1625,-1
5009,9697,20.3500000000001,0.1625,-1
5010,9698,20.35763888888899,0.1625,-1
5011,9699,20.365277777777877,0.1625,-1
5012,9700,20.372916666666764,0.1625,-1
5013,9701,20.380555555555652,0.1625,-1
5014,9702,20.38819444444454,0.1625,-1
5015,9703,20.395833333333428,0.1625,-1
5016,9704,20.403472222222316,0.1625,-1
5017,9705,20.411111111111204,0.1625,-1
5018,9706,20.41875000000009,0.1625,-1
5019,9707,20.42638888888898,0.1625,-1
5020,9708,20.434027777777867,0.1625,-1
5021,9709,20.441666666666755,0.1625,-1
5022,9710,20.449305555555643,0.1625,-1
5023,9711,20.45694444444453,0.1625,-1
5024,9712,20.46458333333342,0.1625,-1
5025,9713,20.472222222222307,0.1625,-1
5026,9714,20.479861111111195,0.1625,-1
5027,9715,20.487500000000082,0.1625,-1
5028,9716,20.49513888888897,0.1625,-1
5029,9717,20.502777777777858,0.1625,-1
5030,9718,20.510416666666746,0.1625,-1
5031,9719,20.518055555555634,0.1625,-1
5032,9720,20.52569444444452,0.1625,-1
5033,9721,20.53333333333341,0.1625,-1
5034,9722,20.540972222222297,0.1625,-1
5035,9723,20.548611111111185,0.1625,-1
5036,9724,20.556250000000073,0.1625,-1
5037,9725,20.56388888888896,0.1625,-1
5038,9726,20.57152777777785,0.1625,-1
5039,9727,20.579166666666737,0.1625,-1
5040,9728,20.586805555555625,0.1625,-1
5041,9729,20.594444444444512,0.1625,-1
5042,9730,20.6020833333334,0.1625,-1
5043,9731,20.60972222222229,0.1625,-1
5044,9732,20.617361111111176,0.1625,-1
5045,9733,20.625000000000064,0.1625,-1
5046,9734,20.632638888888952,0.1625,-1
5047,9735,20.64027777777784,0.1625,-1
5048,9736,20.647916666666728,0.1625,-1
5049,9737,20.655555555555615,0.1625,-1
5050,9738,20.663194444444503,0.1625,-1
5051,9739,20.67083333333339,0.1625,-1
5052,9740,20.67847222222228,0.1625,-1
5053,9741,20.686111111111167,0.1625,-1
5054,9742,20.693750000000055,0.1625,-1
5055,9743,20.701388888888943,0.1625,-1
5056,9744,20.70902777777783,0.1625,-1
5057,9745,20.71666666666672,0.1625,-1
5058,9746,20.724305555555606,0.1625,-1
5059,9747,20.731944444444494,0.1625,-1
5060,9748,20.739583333333382,0.1625,-1
5061,9749,20.74722222222227,0.1625,-1
5062,9750,20.754861111111158,0.1625,-1
5063,9751,20.762500000000045,0.1625,-1
5064,9752,20.770138888888933,0.1625,-1
5065,9753,20.77777777777782,0.1625,-1
5066,9754,20.78541666666671,0.1625,-1
5067,9755,20.793055555555597,0.1625,-1
5068,9756,20.800694444444485,0.1625,-1
5069,9757,20.808333333333373,0.1625,-1
5070,9758,20.81597222222226,0.1625,-1
5071,9759,20.82361111111115,0.1625,-1
5072,9760,20.831250000000036,0.1625,-1
5073,9761,20.838888888888924,0.1625,-1
5074,9762,20.846527777777812,0.1625,-1
5075,9763,20.8541666666667,0.1625,-1
5076,9764,20.861805555555588,0.1625,-1
5077,9765,20.869444444444476,0.1625,-1
5078,9766,20.877083333333363,0.1625,-1
5079,9767,20.88472222222225,0.1625,-1
5080,9768,20.89236111111114,0.1625,-1
5081,9769,20.900000000000027,0.1625,-1
5082,9770,20.907638888888915,0.1625,-1
5083,9771,20.915277777777803,0.1625,-1
5084,9772,20.92291666666669,0.1625,-1
5085,9773,20.93055555555558,0.1625,-1
5086,9774,20.938194444444466,0.1625,-1
5087,9775,20.945833333333354,0.1625,-1
5088,9776,20.953472222222242,0.1625,-1
5089,9777,20.96111111111113,0.1625,-1
5090,9778,20.968750000000018,0.1625,-1
5091,9779,20.976388888888906,0.1625,-1
5092,9780,20.984027777777793,0.1625,-1
5093,9781,20.99166666666668,0.1625,-1
5094,9782,20.99930555555557,0.1625,-1
5095,9783,20.99930555555557,0.0,39
