,time,loc,op,stop
0,5050,0.0,0.0,-1
1,5051,0.005763888888888889,0.0,-1
2,5052,0.011527777777777777,0.0,-1
3,5053,0.017291666666666667,0.0,-1
4,5054,0.023055555555555555,0.0,-1
5,5055,0.028819444444444443,0.0,-1
6,5056,0.034583333333333334,0.0,-1
7,5057,0.04034722222222222,0.0,-1
8,5058,0.04611111111111111,0.0,-1
9,5059,0.051875,0.0,-1
10,5060,0.057638888888888885,0.0,-1
11,5061,0.06340277777777778,0.0,-1
12,5062,0.06916666666666667,0.0,-1
13,5063,0.07493055555555556,0.0,-1
14,5064,0.08069444444444444,0.0,-1
15,5065,0.08645833333333333,0.0,-1
16,5066,0.09222222222222222,0.0,-1
17,5067,0.09798611111111111,0.0,-1
18,5068,0.10375,0.0,-1
19,5069,0.10951388888888888,0.0,-1
20,5070,0.11527777777777777,0.0,-1
21,5071,0.12104166666666666,0.0,-1
22,5072,0.12680555555555556,0.0,-1
23,5073,0.13256944444444446,0.0,-1
24,5074,0.13833333333333336,0.0,-1
25,5075,0.14409722222222227,0.0,-1
26,5076,0.14986111111111117,0.0,-1
27,5077,0.15562500000000007,0.0,-1
28,5078,0.16138888888888897,0.0,-1
29,5079,0.16715277777777787,0.0,-1
30,5080,0.17291666666666677,0.0,-1
31,5081,0.17868055555555568,0.0,-1
32,5082,0.18444444444444458,0.0,-1
33,5083,0.19020833333333348,0.0,-1
34,5084,0.19597222222222238,0.0,-1
35,5085,0.20173611111111128,0.0,-1
36,5086,0.20750000000000018,0.0,-1
37,5087,0.21326388888888909,0.0,-1
38,5088,0.219027777777778,0.0,-1
39,5089,0.2247916666666669,0.0,-1
40,5090,0.2305555555555558,0.0,-1
41,5091,0.2363194444444447,0.0,-1
42,5092,0.2420833333333336,0.0,-1
43,5093,0.2478472222222225,0.0,-1
44,5094,0.2536111111111114,0.0,-1
45,5095,0.2593750000000003,0.0,-1
46,5096,0.2651388888888892,0.0,-1
47,5097,0.2709027777777781,0.0,-1
48,5098,0.276666666666667,0.0,-1
49,5099,0.2824305555555559,0.0,-1
50,5100,0.2881944444444448,0.0,-1
51,5101,0.2939583333333337,0.0,-1
52,5102,0.2997222222222226,0.0,-1
53,5103,0.3054861111111115,0.0,-1
54,5104,0.3112500000000004,0.0,-1
55,5105,0.3170138888888893,0.0,-1
56,5106,0.3227777777777782,0.0,-1
57,5107,0.3285416666666671,0.0,-1
58,5108,0.334305555555556,0.0,-1
59,5109,0.334305555555556,0.05,2
60,5110,0.334305555555556,0.05,2
61,5111,0.334305555555556,0.05,2
62,5112,0.334305555555556,0.05,2
63,5113,0.334305555555556,0.05,2
64,5114,0.334305555555556,0.05,2
65,5115,0.334305555555556,0.05,2
66,5116,0.334305555555556,0.05,2
67,5117,0.334305555555556,0.05,2
68,5118,0.334305555555556,0.05,2
69,5119,0.334305555555556,0.05,2
70,5120,0.334305555555556,0.05,2
71,5121,0.3400694444444449,0.05,-1
72,5122,0.3458333333333338,0.05,-1
73,5123,0.3515972222222227,0.05,-1
74,5124,0.35736111111111163,0.05,-1
75,5125,0.36312500000000053,0.05,-1
76,5126,0.36888888888888943,0.05,-1
77,5127,0.37465277777777833,0.05,-1
78,5128,0.38041666666666724,0.05,-1
79,5129,0.38618055555555614,0.05,-1
80,5130,0.39194444444444504,0.05,-1
81,5131,0.39770833333333394,0.05,-1
82,5132,0.40347222222222284,0.05,-1
83,5133,0.40923611111111174,0.05,-1
84,5134,0.41500000000000065,0.05,-1
85,5135,0.42076388888888955,0.05,-1
86,5136,0.42652777777777845,0.05,-1
87,5137,0.43229166666666735,0.05,-1
88,5138,0.43805555555555625,0.05,-1
89,5139,0.44381944444444515,0.05,-1
90,5140,0.44958333333333406,0.05,-1
91,5141,0.45534722222222296,0.05,-1
92,5142,0.46111111111111186,0.05,-1
93,5143,0.46687500000000076,0.05,-1
94,5144,0.47263888888888966,0.05,-1
95,5145,0.47840277777777857,0.05,-1
96,5146,0.48416666666666747,0.05,-1
97,5147,0.48993055555555637,0.05,-1
98,5148,0.49569444444444527,0.05,-1
99,5149,0.5014583333333341,0.05,-1
100,5150,0.507222222222223,0.05,-1
101,5151,0.5129861111111119,0.05,-1
102,5152,0.5187500000000008,0.05,-1
103,5153,0.5245138888888897,0.05,-1
104,5154,0.5302777777777786,0.05,-1
105,5155,0.5360416666666675,0.05,-1
106,5156,0.5418055555555564,0.05,-1
107,5157,0.5475694444444453,0.05,-1
108,5158,0.5533333333333342,0.05,-1
109,5159,0.5590972222222231,0.05,-1
110,5160,0.564861111111112,0.05,-1
111,5161,0.5706250000000009,0.05,-1
112,5162,0.5763888888888898,0.05,-1
113,5163,0.5821527777777787,0.05,-1
114,5164,0.5879166666666676,0.05,-1
115,5165,0.5936805555555565,0.05,-1
116,5166,0.5994444444444454,0.05,-1
117,5167,0.6052083333333343,0.05,-1
118,5168,0.6109722222222232,0.05,-1
119,5169,0.6167361111111122,0.05,-1
120,5170,0.622500000000001,0.05,-1
121,5171,0.62826388888889,0.05,-1
122,5172,0.6340277777777789,0.05,-1
123,5173,0.6397916666666678,0.05,-1
124,5174,0.6455555555555567,0.05,-1
125,5175,0.6513194444444456,0.05,-1
126,5176,0.6570833333333345,0.05,-1
127,5177,0.6628472222222234,0.05,-1
128,5178,0.6686111111111123,0.05,-1
129,5179,0.6743750000000012,0.05,-1
130,5180,0.6801388888888901,0.05,-1
131,5181,0.685902777777779,0.05,-1
132,5182,0.6916666666666679,0.05,-1
133,5183,0.6974305555555568,0.05,-1
134,5184,0.7031944444444457,0.05,-1
135,5185,0.7089583333333346,0.05,-1
136,5186,0.7147222222222235,0.05,-1
137,5187,0.7204861111111124,0.05,-1
138,5188,0.7262500000000013,0.05,-1
139,5189,0.7320138888888902,0.05,-1
140,5190,0.7377777777777791,0.05,-1
141,5191,0.743541666666668,0.05,-1
142,5192,0.7493055555555569,0.05,-1
143,5193,0.7550694444444458,0.05,-1
144,5194,0.7608333333333347,0.05,-1
145,5195,0.7665972222222236,0.05,-1
146,5196,0.7723611111111125,0.05,-1
147,5197,0.7781250000000014,0.05,-1
148,5198,0.7838888888888903,0.05,-1
149,5199,0.7896527777777792,0.05,-1
150,5200,0.7954166666666681,0.05,-1
151,5201,0.801180555555557,0.05,-1
152,5202,0.8069444444444459,0.05,-1
153,5203,0.8127083333333348,0.05,-1
154,5204,0.8184722222222237,0.05,-1
155,5205,0.8242361111111126,0.05,-1
156,5206,0.8300000000000015,0.05,-1
157,5207,0.8357638888888904,0.05,-1
158,5208,0.8415277777777793,0.05,-1
159,5209,0.8472916666666682,0.05,-1
160,5210,0.8530555555555571,0.05,-1
161,5211,0.858819444444446,0.05,-1
162,5212,0.8645833333333349,0.05,-1
163,5213,0.8703472222222238,0.05,-1
164,5214,0.8761111111111127,0.05,-1
165,5215,0.8818750000000016,0.05,-1
166,5216,0.8876388888888905,0.05,-1
167,5217,0.8934027777777794,0.05,-1
168,5218,0.8991666666666683,0.05,-1
169,5219,0.9049305555555572,0.05,-1
170,5220,0.9106944444444461,0.05,-1
171,5221,0.916458333333335,0.05,-1
172,5222,0.9222222222222239,0.05,-1
173,5223,0.9279861111111128,0.05,-1
174,5224,0.9279861111111128,0.0375,3
175,5225,0.9279861111111128,0.0375,3
176,5226,0.9337500000000017,0.0375,-1
177,5227,0.9395138888888906,0.0375,-1
178,5228,0.9452777777777795,0.0375,-1
179,5229,0.9510416666666685,0.0375,-1
180,5230,0.9568055555555574,0.0375,-1
181,5231,0.9625694444444463,0.0375,-1
182,5232,0.9683333333333352,0.0375,-1
183,5233,0.9740972222222241,0.0375,-1
184,5234,0.979861111111113,0.0375,-1
185,5235,0.9856250000000019,0.0375,-1
186,5236,0.9913888888888908,0.0375,-1
187,5237,0.9971527777777797,0.0375,-1
188,5238,1.0029166666666685,0.0375,-1
189,5239,1.0086805555555574,0.0375,-1
190,5240,1.0144444444444463,0.0375,-1
191,5241,1.0202083333333352,0.0375,-1
192,5242,1.025972222222224,0.0375,-1
193,5243,1.031736111111113,0.0375,-1
194,5244,1.0375000000000019,0.0375,-1
195,5245,1.0432638888888908,0.0375,-1
196,5246,1.0490277777777797,0.0375,-1
197,5247,1.0547916666666686,0.0375,-1
198,5248,1.0605555555555575,0.0375,-1
199,5249,1.0663194444444464,0.0375,-1
200,5250,1.0720833333333353,0.0375,-1
201,5251,1.0778472222222242,0.0375,-1
202,5252,1.083611111111113,0.0375,-1
203,5253,1.089375000000002,0.0375,-1
204,5254,1.0951388888888909,0.0375,-1
205,5255,1.1009027777777798,0.0375,-1
206,5256,1.1066666666666687,0.0375,-1
207,5257,1.1124305555555576,0.0375,-1
208,5258,1.1181944444444465,0.0375,-1
209,5259,1.1239583333333354,0.0375,-1
210,5260,1.1297222222222243,0.0375,-1
211,5261,1.1354861111111132,0.0375,-1
212,5262,1.141250000000002,0.0375,-1
213,5263,1.147013888888891,0.0375,-1
214,5264,1.15277777777778,0.0375,-1
215,5265,1.1585416666666688,0.0375,-1
216,5266,1.1643055555555577,0.0375,-1
217,5267,1.1700694444444466,0.0375,-1
218,5268,1.1758333333333355,0.0375,-1
219,5269,1.1815972222222244,0.0375,-1
220,5270,1.1873611111111133,0.0375,-1
221,5271,1.1931250000000022,0.0375,-1
222,5272,1.1988888888888911,0.0375,-1
223,5273,1.20465277777778,0.0375,-1
224,5274,1.210416666666669,0.0375,-1
225,5275,1.2161805555555578,0.0375,-1
226,5276,1.2219444444444467,0.0375,-1
227,5277,1.2277083333333356,0.0375,-1
228,5278,1.2334722222222245,0.0375,-1
229,5279,1.2392361111111134,0.0375,-1
230,5280,1.2450000000000023,0.0375,-1
231,5281,1.2507638888888912,0.0375,-1
232,5282,1.2565277777777801,0.0375,-1
233,5283,1.262291666666669,0.0375,-1
234,5284,1.268055555555558,0.0375,-1
235,5285,1.2738194444444468,0.0375,-1
236,5286,1.2795833333333357,0.0375,-1
237,5287,1.2853472222222246,0.0375,-1
238,5288,1.2911111111111135,0.0375,-1
239,5289,1.2968750000000024,0.0375,-1
240,5290,1.3026388888888913,0.0375,-1
241,5291,1.3084027777777802,0.0375,-1
242,5292,1.3141666666666691,0.0375,-1
243,5293,1.319930555555558,0.0375,-1
244,5294,1.325694444444447,0.0375,-1
245,5295,1.3314583333333359,0.0375,-1
246,5296,1.3372222222222248,0.0375,-1
247,5297,1.3429861111111137,0.0375,-1
248,5298,1.3487500000000026,0.0375,-1
249,5299,1.3545138888888915,0.0375,-1
250,5300,1.3602777777777804,0.0375,-1
251,5301,1.3660416666666693,0.0375,-1
252,5302,1.3718055555555582,0.0375,-1
253,5303,1.377569444444447,0.0375,-1
254,5304,1.383333333333336,0.0375,-1
255,5305,1.3890972222222249,0.0375,-1
256,5306,1.3948611111111138,0.0375,-1
257,5307,1.4006250000000027,0.0375,-1
258,5308,1.4063888888888916,0.0375,-1
259,5309,1.4121527777777805,0.0375,-1
260,5310,1.4179166666666694,0.0375,-1
261,5311,1.4236805555555583,0.0375,-1
262,5312,1.4294444444444472,0.0375,-1
263,5313,1.4294444444444472,0.075,4
264,5314,1.4294444444444472,0.075,4
265,5315,1.4294444444444472,0.075,4
266,5316,1.4294444444444472,0.075,4
267,5317,1.4294444444444472,0.075,4
268,5318,1.4294444444444472,0.075,4
269,5319,1.4294444444444472,0.075,4
270,5320,1.4294444444444472,0.075,4
271,5321,1.4294444444444472,0.075,4
272,5322,1.435208333333336,0.075,-1
273,5323,1.440972222222225,0.075,-1
274,5324,1.4467361111111139,0.075,-1
275,5325,1.4525000000000028,0.075,-1
276,5326,1.4582638888888917,0.075,-1
277,5327,1.4640277777777806,0.075,-1
278,5328,1.4697916666666695,0.075,-1
279,5329,1.4755555555555584,0.075,-1
280,5330,1.4813194444444473,0.075,-1
281,5331,1.4870833333333362,0.075,-1
282,5332,1.492847222222225,0.075,-1
283,5333,1.498611111111114,0.075,-1
284,5334,1.504375000000003,0.075,-1
285,5335,1.5101388888888918,0.075,-1
286,5336,1.5159027777777807,0.075,-1
287,5337,1.5216666666666696,0.075,-1
288,5338,1.5274305555555585,0.075,-1
289,5339,1.5331944444444474,0.075,-1
290,5340,1.5389583333333363,0.075,-1
291,5341,1.5447222222222252,0.075,-1
292,5342,1.5504861111111141,0.075,-1
293,5343,1.556250000000003,0.075,-1
294,5344,1.562013888888892,0.075,-1
295,5345,1.5677777777777808,0.075,-1
296,5346,1.5735416666666697,0.075,-1
297,5347,1.5793055555555586,0.075,-1
298,5348,1.5850694444444475,0.075,-1
299,5349,1.5908333333333364,0.075,-1
300,5350,1.5965972222222253,0.075,-1
301,5351,1.6023611111111142,0.075,-1
302,5352,1.6081250000000031,0.075,-1
303,5353,1.613888888888892,0.075,-1
304,5354,1.619652777777781,0.075,-1
305,5355,1.6254166666666698,0.075,-1
306,5356,1.6311805555555587,0.075,-1
307,5357,1.6369444444444476,0.075,-1
308,5358,1.6427083333333365,0.075,-1
309,5359,1.6484722222222254,0.075,-1
310,5360,1.6542361111111143,0.075,-1
311,5361,1.6600000000000033,0.075,-1
312,5362,1.6657638888888922,0.075,-1
313,5363,1.671527777777781,0.075,-1
314,5364,1.67729166666667,0.075,-1
315,5365,1.6830555555555589,0.075,-1
316,5366,1.6888194444444478,0.075,-1
317,5367,1.6945833333333367,0.075,-1
318,5368,1.7003472222222256,0.075,-1
319,5369,1.7061111111111145,0.075,-1
320,5370,1.7118750000000034,0.075,-1
321,5371,1.7176388888888923,0.075,-1
322,5372,1.7234027777777812,0.075,-1
323,5373,1.72916666666667,0.075,-1
324,5374,1.734930555555559,0.075,-1
325,5375,1.7406944444444479,0.075,-1
326,5376,1.7464583333333368,0.075,-1
327,5377,1.7522222222222257,0.075,-1
328,5378,1.7579861111111146,0.075,-1
329,5379,1.7637500000000035,0.075,-1
330,5380,1.7695138888888924,0.075,-1
331,5381,1.7752777777777813,0.075,-1
332,5382,1.7810416666666702,0.075,-1
333,5383,1.786805555555559,0.075,-1
334,5384,1.792569444444448,0.075,-1
335,5385,1.798333333333337,0.075,-1
336,5386,1.8040972222222258,0.075,-1
337,5387,1.8098611111111147,0.075,-1
338,5388,1.8156250000000036,0.075,-1
339,5389,1.8213888888888925,0.075,-1
340,5390,1.8271527777777814,0.075,-1
341,5391,1.8329166666666703,0.075,-1
342,5392,1.8386805555555592,0.075,-1
343,5393,1.844444444444448,0.075,-1
344,5394,1.850208333333337,0.075,-1
345,5395,1.855972222222226,0.075,-1
346,5396,1.8617361111111148,0.075,-1
347,5397,1.8675000000000037,0.075,-1
348,5398,1.8732638888888926,0.075,-1
349,5399,1.8790277777777815,0.075,-1
350,5400,1.8847916666666704,0.075,-1
351,5401,1.8905555555555593,0.075,-1
352,5402,1.8963194444444482,0.075,-1
353,5403,1.9020833333333371,0.075,-1
354,5404,1.907847222222226,0.075,-1
355,5405,1.913611111111115,0.075,-1
356,5406,1.9193750000000038,0.075,-1
357,5407,1.9251388888888927,0.075,-1
358,5408,1.9309027777777816,0.075,-1
359,5409,1.9366666666666705,0.075,-1
360,5410,1.9424305555555594,0.075,-1
361,5411,1.9481944444444483,0.075,-1
362,5412,1.9539583333333372,0.075,-1
363,5413,1.9597222222222261,0.075,-1
364,5414,1.965486111111115,0.075,-1
365,5415,1.971250000000004,0.075,-1
366,5416,1.9770138888888928,0.075,-1
367,5417,1.9827777777777817,0.075,-1
368,5418,1.9885416666666706,0.075,-1
369,5419,1.9943055555555596,0.075,-1
370,5420,2.0000694444444482,0.075,-1
371,5421,2.005833333333337,0.075,-1
372,5422,2.0115972222222256,0.075,-1
373,5423,2.0173611111111143,0.075,-1
374,5424,2.023125000000003,0.075,-1
375,5425,2.0288888888888916,0.075,-1
376,5426,2.0346527777777803,0.075,-1
377,5427,2.040416666666669,0.075,-1
378,5428,2.0461805555555577,0.075,-1
379,5429,2.0519444444444463,0.075,-1
380,5430,2.057708333333335,0.075,-1
381,5431,2.0634722222222237,0.075,-1
382,5432,2.0692361111111124,0.075,-1
383,5433,2.075000000000001,0.075,-1
384,5434,2.0807638888888897,0.075,-1
385,5435,2.0865277777777784,0.075,-1
386,5436,2.092291666666667,0.075,-1
387,5437,2.098055555555556,0.075,-1
388,5438,2.1038194444444445,0.075,-1
389,5439,2.109583333333333,0.075,-1
390,5440,2.115347222222222,0.075,-1
391,5441,2.1211111111111105,0.075,-1
392,5442,2.126874999999999,0.075,-1
393,5443,2.132638888888888,0.075,-1
394,5444,2.1384027777777765,0.075,-1
395,5445,2.144166666666665,0.075,-1
396,5446,2.149930555555554,0.075,-1
397,5447,2.1556944444444426,0.075,-1
398,5448,2.1614583333333313,0.075,-1
399,5449,2.16722222222222,0.075,-1
400,5450,2.1729861111111086,0.075,-1
401,5451,2.1787499999999973,0.075,-1
402,5452,2.184513888888886,0.075,-1
403,5453,2.1902777777777747,0.075,-1
404,5454,2.1960416666666633,0.075,-1
405,5455,2.201805555555552,0.075,-1
406,5456,2.2075694444444407,0.075,-1
407,5457,2.2133333333333294,0.075,-1
408,5458,2.219097222222218,0.075,-1
409,5459,2.2248611111111067,0.075,-1
410,5460,2.2306249999999954,0.075,-1
411,5461,2.236388888888884,0.075,-1
412,5462,2.2421527777777728,0.075,-1
413,5463,2.2479166666666615,0.075,-1
414,5464,2.25368055555555,0.075,-1
415,5465,2.259444444444439,0.075,-1
416,5466,2.2652083333333275,0.075,-1
417,5467,2.270972222222216,0.075,-1
418,5468,2.276736111111105,0.075,-1
419,5469,2.276736111111105,0.1,5
420,5470,2.276736111111105,0.1,5
421,5471,2.276736111111105,0.1,5
422,5472,2.276736111111105,0.1,5
423,5473,2.276736111111105,0.1,5
424,5474,2.276736111111105,0.1,5
425,5475,2.276736111111105,0.1,5
426,5476,2.276736111111105,0.1,5
427,5477,2.276736111111105,0.1,5
428,5478,2.276736111111105,0.1,5
429,5479,2.276736111111105,0.1,5
430,5480,2.276736111111105,0.1,5
431,5481,2.276736111111105,0.1,5
432,5482,2.276736111111105,0.1,5
433,5483,2.276736111111105,0.1,5
434,5484,2.276736111111105,0.1,5
435,5485,2.276736111111105,0.1,5
436,5486,2.276736111111105,0.1,5
437,5487,2.276736111111105,0.1,5
438,5488,2.276736111111105,0.1,5
439,5489,2.276736111111105,0.1,5
440,5490,2.276736111111105,0.1,5
441,5491,2.276736111111105,0.1,5
442,5492,2.276736111111105,0.1,5
443,5493,2.276736111111105,0.1,5
444,5494,2.276736111111105,0.1,5
445,5495,2.276736111111105,0.1,5
446,5496,2.276736111111105,0.1,5
447,5497,2.276736111111105,0.1,5
448,5498,2.276736111111105,0.1,5
449,5499,2.276736111111105,0.1,5
450,5500,2.276736111111105,0.1,5
451,5501,2.276736111111105,0.1,5
452,5502,2.276736111111105,0.1,5
453,5503,2.276736111111105,0.1,5
454,5504,2.276736111111105,0.1,5
455,5505,2.276736111111105,0.1,5
456,5506,2.276736111111105,0.1,5
457,5507,2.276736111111105,0.1,5
458,5508,2.276736111111105,0.1,5
459,5509,2.276736111111105,0.1,5
460,5510,2.276736111111105,0.1,5
461,5511,2.276736111111105,0.1,5
462,5512,2.276736111111105,0.1,5
463,5513,2.2824999999999935,0.1,-1
464,5514,2.288263888888882,0.1,-1
465,5515,2.294027777777771,0.1,-1
466,5516,2.2997916666666596,0.1,-1
467,5517,2.3055555555555483,0.1,-1
468,5518,2.311319444444437,0.1,-1
469,5519,2.3170833333333256,0.1,-1
470,5520,2.3228472222222143,0.1,-1
471,5521,2.328611111111103,0.1,-1
472,5522,2.3343749999999917,0.1,-1
473,5523,2.3401388888888803,0.1,-1
474,5524,2.345902777777769,0.1,-1
475,5525,2.3516666666666577,0.1,-1
476,5526,2.3574305555555464,0.1,-1
477,5527,2.363194444444435,0.1,-1
478,5528,2.3689583333333237,0.1,-1
479,5529,2.3747222222222124,0.1,-1
480,5530,2.380486111111101,0.1,-1
481,5531,2.3862499999999898,0.1,-1
482,5532,2.3920138888888784,0.1,-1
483,5533,2.397777777777767,0.1,-1
484,5534,2.403541666666656,0.1,-1
485,5535,2.4093055555555445,0.1,-1
486,5536,2.415069444444433,0.1,-1
487,5537,2.420833333333322,0.1,-1
488,5538,2.4265972222222105,0.1,-1
489,5539,2.432361111111099,0.1,-1
490,5540,2.438124999999988,0.1,-1
491,5541,2.4438888888888766,0.1,-1
492,5542,2.4496527777777652,0.1,-1
493,5543,2.455416666666654,0.1,-1
494,5544,2.4611805555555426,0.1,-1
495,5545,2.4669444444444313,0.1,-1
496,5546,2.47270833333332,0.1,-1
497,5547,2.4784722222222086,0.1,-1
498,5548,2.4842361111110973,0.1,-1
499,5549,2.489999999999986,0.1,-1
500,5550,2.4957638888888747,0.1,-1
501,5551,2.5015277777777634,0.1,-1
502,5552,2.507291666666652,0.1,-1
503,5553,2.5130555555555407,0.1,-1
504,5554,2.5188194444444294,0.1,-1
505,5555,2.524583333333318,0.1,-1
506,5556,2.5303472222222068,0.1,-1
507,5557,2.5361111111110954,0.1,-1
508,5558,2.541874999999984,0.1,-1
509,5559,2.547638888888873,0.1,-1
510,5560,2.5534027777777615,0.1,-1
511,5561,2.55916666666665,0.1,-1
512,5562,2.564930555555539,0.1,-1
513,5563,2.5706944444444275,0.1,-1
514,5564,2.576458333333316,0.1,-1
515,5565,2.582222222222205,0.1,-1
516,5566,2.5879861111110936,0.1,-1
517,5567,2.5937499999999822,0.1,-1
518,5568,2.599513888888871,0.1,-1
519,5569,2.6052777777777596,0.1,-1
520,5570,2.6110416666666483,0.1,-1
521,5571,2.616805555555537,0.1,-1
522,5572,2.6225694444444256,0.1,-1
523,5573,2.6283333333333143,0.1,-1
524,5574,2.634097222222203,0.1,-1
525,5575,2.6398611111110917,0.1,-1
526,5576,2.6456249999999804,0.1,-1
527,5577,2.651388888888869,0.1,-1
528,5578,2.6571527777777577,0.1,-1
529,5579,2.6629166666666464,0.1,-1
530,5580,2.668680555555535,0.1,-1
531,5581,2.6744444444444238,0.1,-1
532,5582,2.6802083333333124,0.1,-1
533,5583,2.685972222222201,0.1,-1
534,5584,2.69173611111109,0.1,-1
535,5585,2.6974999999999785,0.1,-1
536,5586,2.703263888888867,0.1,-1
537,5587,2.709027777777756,0.1,-1
538,5588,2.7147916666666445,0.1,-1
539,5589,2.720555555555533,0.1,-1
540,5590,2.726319444444422,0.1,-1
541,5591,2.7320833333333105,0.1,-1
542,5592,2.7378472222221992,0.1,-1
543,5593,2.743611111111088,0.1,-1
544,5594,2.7493749999999766,0.1,-1
545,5595,2.7551388888888653,0.1,-1
546,5596,2.760902777777754,0.1,-1
547,5597,2.7666666666666426,0.1,-1
548,5598,2.7724305555555313,0.1,-1
549,5599,2.77819444444442,0.1,-1
550,5600,2.7839583333333087,0.1,-1
551,5601,2.7897222222221973,0.1,-1
552,5602,2.795486111111086,0.1,-1
553,5603,2.8012499999999747,0.1,-1
554,5604,2.8070138888888634,0.1,-1
555,5605,2.812777777777752,0.1,-1
556,5606,2.8185416666666407,0.1,-1
557,5607,2.8243055555555294,0.1,-1
558,5608,2.830069444444418,0.1,-1
559,5609,2.835833333333307,0.1,-1
560,5610,2.8415972222221955,0.1,-1
561,5611,2.847361111111084,0.1,-1
562,5612,2.853124999999973,0.1,-1
563,5613,2.8588888888888615,0.1,-1
564,5614,2.86465277777775,0.1,-1
565,5615,2.870416666666639,0.1,-1
566,5616,2.8761805555555275,0.1,-1
567,5617,2.881944444444416,0.1,-1
568,5618,2.887708333333305,0.1,-1
569,5619,2.8934722222221936,0.1,-1
570,5620,2.8992361111110823,0.1,-1
571,5621,2.904999999999971,0.1,-1
572,5622,2.9107638888888596,0.1,-1
573,5623,2.9165277777777483,0.1,-1
574,5624,2.922291666666637,0.1,-1
575,5625,2.9280555555555257,0.1,-1
576,5626,2.9338194444444143,0.1,-1
577,5627,2.939583333333303,0.1,-1
578,5628,2.9453472222221917,0.1,-1
579,5629,2.9511111111110804,0.1,-1
580,5630,2.956874999999969,0.1,-1
581,5631,2.9626388888888577,0.1,-1
582,5632,2.9684027777777464,0.1,-1
583,5633,2.974166666666635,0.1,-1
584,5634,2.9799305555555238,0.1,-1
585,5635,2.9856944444444125,0.1,-1
586,5636,2.991458333333301,0.1,-1
587,5637,2.99722222222219,0.1,-1
588,5638,3.0029861111110785,0.1,-1
589,5639,3.008749999999967,0.1,-1
590,5640,3.014513888888856,0.1,-1
591,5641,3.0202777777777445,0.1,-1
592,5642,3.026041666666633,0.1,-1
593,5643,3.031805555555522,0.1,-1
594,5644,3.0375694444444106,0.1,-1
595,5645,3.0433333333332993,0.1,-1
596,5646,3.049097222222188,0.1,-1
597,5647,3.0548611111110766,0.1,-1
598,5648,3.0606249999999653,0.1,-1
599,5649,3.066388888888854,0.1,-1
600,5650,3.0721527777777426,0.1,-1
601,5651,3.0779166666666313,0.1,-1
602,5652,3.08368055555552,0.1,-1
603,5653,3.0894444444444087,0.1,-1
604,5654,3.0952083333332974,0.1,-1
605,5655,3.100972222222186,0.1,-1
606,5656,3.1067361111110747,0.1,-1
607,5657,3.1124999999999634,0.1,-1
608,5658,3.118263888888852,0.1,-1
609,5659,3.1240277777777408,0.1,-1
610,5660,3.1297916666666294,0.1,-1
611,5661,3.135555555555518,0.1,-1
612,5662,3.135555555555518,0.1,6
613,5663,3.135555555555518,0.1,6
614,5664,3.135555555555518,0.1,6
615,5665,3.135555555555518,0.1,6
616,5666,3.135555555555518,0.1,6
617,5667,3.135555555555518,0.1,6
618,5668,3.135555555555518,0.1,6
619,5669,3.135555555555518,0.1,6
620,5670,3.135555555555518,0.1,6
621,5671,3.135555555555518,0.1,6
622,5672,3.135555555555518,0.1,6
623,5673,3.135555555555518,0.1,6
624,5674,3.135555555555518,0.1,6
625,5675,3.135555555555518,0.1,6
626,5676,3.135555555555518,0.1,6
627,5677,3.135555555555518,0.1,6
628,5678,3.135555555555518,0.1,6
629,5679,3.135555555555518,0.1,6
630,5680,3.135555555555518,0.1,6
631,5681,3.135555555555518,0.1,6
632,5682,3.135555555555518,0.1,6
633,5683,3.135555555555518,0.1,6
634,5684,3.135555555555518,0.1,6
635,5685,3.135555555555518,0.1,6
636,5686,3.135555555555518,0.1,6
637,5687,3.135555555555518,0.1,6
638,5688,3.135555555555518,0.1,6
639,5689,3.135555555555518,0.1,6
640,5690,3.135555555555518,0.1,6
641,5691,3.135555555555518,0.1,6
642,5692,3.135555555555518,0.1,6
643,5693,3.135555555555518,0.1,6
644,5694,3.135555555555518,0.1,6
645,5695,3.135555555555518,0.1,6
646,5696,3.135555555555518,0.1,6
647,5697,3.135555555555518,0.1,6
648,5698,3.135555555555518,0.1,6
649,5699,3.135555555555518,0.1,6
650,5700,3.135555555555518,0.1,6
651,5701,3.135555555555518,0.1,6
652,5702,3.135555555555518,0.1,6
653,5703,3.135555555555518,0.1,6
654,5704,3.135555555555518,0.1,6
655,5705,3.135555555555518,0.1,6
656,5706,3.135555555555518,0.1,6
657,5707,3.135555555555518,0.1,6
658,5708,3.135555555555518,0.1,6
659,5709,3.135555555555518,0.1,6
660,5710,3.135555555555518,0.1,6
661,5711,3.135555555555518,0.1,6
662,5712,3.135555555555518,0.1,6
663,5713,3.135555555555518,0.1,6
664,5714,3.135555555555518,0.1,6
665,5715,3.135555555555518,0.1,6
666,5716,3.135555555555518,0.1,6
667,5717,3.135555555555518,0.1,6
668,5718,3.135555555555518,0.1,6
669,5719,3.135555555555518,0.1,6
670,5720,3.135555555555518,0.1,6
671,5721,3.135555555555518,0.1,6
672,5722,3.135555555555518,0.1,6
673,5723,3.135555555555518,0.1,6
674,5724,3.135555555555518,0.1,6
675,5725,3.135555555555518,0.1,6
676,5726,3.135555555555518,0.1,6
677,5727,3.135555555555518,0.1,6
678,5728,3.135555555555518,0.1,6
679,5729,3.135555555555518,0.1,6
680,5730,3.135555555555518,0.1,6
681,5731,3.135555555555518,0.1,6
682,5732,3.135555555555518,0.1,6
683,5733,3.135555555555518,0.1,6
684,5734,3.135555555555518,0.1,6
685,5735,3.135555555555518,0.1,6
686,5736,3.135555555555518,0.1,6
687,5737,3.135555555555518,0.1,6
688,5738,3.135555555555518,0.1,6
689,5739,3.135555555555518,0.1,6
690,5740,3.135555555555518,0.1,6
691,5741,3.135555555555518,0.1,6
692,5742,3.135555555555518,0.1,6
693,5743,3.135555555555518,0.1,6
694,5744,3.135555555555518,0.1,6
695,5745,3.135555555555518,0.1,6
696,5746,3.135555555555518,0.1,6
697,5747,3.135555555555518,0.1,6
698,5748,3.135555555555518,0.1,6
699,5749,3.135555555555518,0.1,6
700,5750,3.135555555555518,0.1,6
701,5751,3.135555555555518,0.1,6
702,5752,3.135555555555518,0.1,6
703,5753,3.135555555555518,0.1,6
704,5754,3.135555555555518,0.1,6
705,5755,3.135555555555518,0.1,6
706,5756,3.135555555555518,0.1,6
707,5757,3.135555555555518,0.1,6
708,5758,3.135555555555518,0.1,6
709,5759,3.135555555555518,0.1,6
710,5760,3.135555555555518,0.1,6
711,5761,3.135555555555518,0.1,6
712,5762,3.135555555555518,0.1,6
713,5763,3.135555555555518,0.1,6
714,5764,3.135555555555518,0.1,6
715,5765,3.135555555555518,0.1,6
716,5766,3.135555555555518,0.1,6
717,5767,3.135555555555518,0.1,6
718,5768,3.135555555555518,0.1,6
719,5769,3.135555555555518,0.1,6
720,5770,3.135555555555518,0.1,6
721,5771,3.135555555555518,0.1,6
722,5772,3.135555555555518,0.1,6
723,5773,3.135555555555518,0.1,6
724,5774,3.135555555555518,0.1,6
725,5775,3.135555555555518,0.1,6
726,5776,3.135555555555518,0.1,6
727,5777,3.135555555555518,0.1,6
728,5778,3.135555555555518,0.1,6
729,5779,3.135555555555518,0.1,6
730,5780,3.135555555555518,0.1,6
731,5781,3.135555555555518,0.1,6
732,5782,3.135555555555518,0.1,6
733,5783,3.135555555555518,0.1,6
734,5784,3.135555555555518,0.1,6
735,5785,3.141319444444407,0.1,-1
736,5786,3.1470833333332955,0.1,-1
737,5787,3.152847222222184,0.1,-1
738,5788,3.158611111111073,0.1,-1
739,5789,3.1643749999999615,0.1,-1
740,5790,3.17013888888885,0.1,-1
741,5791,3.175902777777739,0.1,-1
742,5792,3.1816666666666276,0.1,-1
743,5793,3.1874305555555162,0.1,-1
744,5794,3.193194444444405,0.1,-1
745,5795,3.1989583333332936,0.1,-1
746,5796,3.2047222222221823,0.1,-1
747,5797,3.210486111111071,0.1,-1
748,5798,3.2162499999999596,0.1,-1
749,5799,3.2220138888888483,0.1,-1
750,5800,3.227777777777737,0.1,-1
751,5801,3.2335416666666257,0.1,-1
752,5802,3.2393055555555144,0.1,-1
753,5803,3.245069444444403,0.1,-1
754,5804,3.2508333333332917,0.1,-1
755,5805,3.2565972222221804,0.1,-1
756,5806,3.262361111111069,0.1,-1
757,5807,3.2681249999999578,0.1,-1
758,5808,3.2738888888888464,0.1,-1
759,5809,3.279652777777735,0.1,-1
760,5810,3.285416666666624,0.1,-1
761,5811,3.2911805555555125,0.1,-1
762,5812,3.296944444444401,0.1,-1
763,5813,3.30270833333329,0.1,-1
764,5814,3.3084722222221785,0.1,-1
765,5815,3.314236111111067,0.1,-1
766,5816,3.319999999999956,0.1,-1
767,5817,3.3257638888888446,0.1,-1
768,5818,3.3315277777777332,0.1,-1
769,5819,3.337291666666622,0.1,-1
770,5820,3.3430555555555106,0.1,-1
771,5821,3.3488194444443993,0.1,-1
772,5822,3.354583333333288,0.1,-1
773,5823,3.3603472222221766,0.1,-1
774,5824,3.3661111111110653,0.1,-1
775,5825,3.371874999999954,0.1,-1
776,5826,3.3776388888888427,0.1,-1
777,5827,3.3834027777777314,0.1,-1
778,5828,3.38916666666662,0.1,-1
779,5829,3.3949305555555087,0.1,-1
780,5830,3.4006944444443974,0.1,-1
781,5831,3.406458333333286,0.1,-1
782,5832,3.4122222222221748,0.1,-1
783,5833,3.4179861111110634,0.1,-1
784,5834,3.423749999999952,0.1,-1
785,5835,3.429513888888841,0.1,-1
786,5836,3.4352777777777295,0.1,-1
787,5837,3.441041666666618,0.1,-1
788,5838,3.446805555555507,0.1,-1
789,5839,3.4525694444443955,0.1,-1
790,5840,3.458333333333284,0.1,-1
791,5841,3.464097222222173,0.1,-1
792,5842,3.4698611111110615,0.1,-1
793,5843,3.4756249999999502,0.1,-1
794,5844,3.481388888888839,0.1,-1
795,5845,3.4871527777777276,0.1,-1
796,5846,3.4929166666666163,0.1,-1
797,5847,3.498680555555505,0.1,-1
798,5848,3.5044444444443936,0.1,-1
799,5849,3.5102083333332823,0.1,-1
800,5850,3.515972222222171,0.1,-1
801,5851,3.5217361111110597,0.1,-1
802,5852,3.5274999999999483,0.1,-1
803,5853,3.533263888888837,0.1,-1
804,5854,3.5390277777777257,0.1,-1
805,5855,3.5447916666666144,0.1,-1
806,5856,3.550555555555503,0.1,-1
807,5857,3.5563194444443917,0.1,-1
808,5858,3.5620833333332804,0.1,-1
809,5859,3.567847222222169,0.1,-1
810,5860,3.573611111111058,0.1,-1
811,5861,3.5793749999999465,0.1,-1
812,5862,3.585138888888835,0.1,-1
813,5863,3.590902777777724,0.1,-1
814,5864,3.5966666666666125,0.1,-1
815,5865,3.602430555555501,0.1,-1
816,5866,3.60819444444439,0.1,-1
817,5867,3.6139583333332785,0.1,-1
818,5868,3.619722222222167,0.1,-1
819,5869,3.625486111111056,0.1,-1
820,5870,3.6312499999999446,0.1,-1
821,5871,3.6370138888888333,0.1,-1
822,5872,3.642777777777722,0.1,-1
823,5873,3.6485416666666106,0.1,-1
824,5874,3.6543055555554993,0.1,-1
825,5875,3.660069444444388,0.1,-1
826,5876,3.6658333333332767,0.1,-1
827,5877,3.6715972222221653,0.1,-1
828,5878,3.677361111111054,0.1,-1
829,5879,3.6831249999999427,0.1,-1
830,5880,3.6888888888888314,0.1,-1
831,5881,3.69465277777772,0.1,-1
832,5882,3.7004166666666087,0.1,-1
833,5883,3.7061805555554974,0.1,-1
834,5884,3.711944444444386,0.1,-1
835,5885,3.7177083333332748,0.1,-1
836,5886,3.7234722222221635,0.1,-1
837,5887,3.729236111111052,0.1,-1
838,5888,3.734999999999941,0.1,-1
839,5889,3.7407638888888295,0.1,-1
840,5890,3.746527777777718,0.1,-1
841,5891,3.752291666666607,0.1,-1
842,5892,3.7580555555554955,0.1,-1
843,5893,3.763819444444384,0.1,-1
844,5894,3.769583333333273,0.1,-1
845,5895,3.7753472222221616,0.1,-1
846,5896,3.7811111111110502,0.1,-1
847,5897,3.786874999999939,0.1,-1
848,5898,3.7926388888888276,0.1,-1
849,5899,3.7984027777777163,0.1,-1
850,5900,3.804166666666605,0.1,-1
851,5901,3.8099305555554936,0.1,-1
852,5902,3.8156944444443823,0.1,-1
853,5903,3.821458333333271,0.1,-1
854,5904,3.8272222222221597,0.1,-1
855,5905,3.8329861111110484,0.1,-1
856,5906,3.838749999999937,0.1,-1
857,5907,3.8445138888888257,0.1,-1
858,5908,3.8502777777777144,0.1,-1
859,5909,3.856041666666603,0.1,-1
860,5910,3.8618055555554918,0.1,-1
861,5911,3.8675694444443804,0.1,-1
862,5912,3.873333333333269,0.1,-1
863,5913,3.879097222222158,0.1,-1
864,5914,3.8848611111110465,0.1,-1
865,5915,3.890624999999935,0.1,-1
866,5916,3.896388888888824,0.1,-1
867,5917,3.9021527777777125,0.1,-1
868,5918,3.907916666666601,0.1,-1
869,5919,3.91368055555549,0.1,-1
870,5920,3.9194444444443786,0.1,-1
871,5921,3.9252083333332672,0.1,-1
872,5922,3.930972222222156,0.1,-1
873,5923,3.9367361111110446,0.1,-1
874,5924,3.9424999999999333,0.1,-1
875,5925,3.948263888888822,0.1,-1
876,5926,3.9540277777777106,0.1,-1
877,5927,3.9597916666665993,0.1,-1
878,5928,3.965555555555488,0.1,-1
879,5929,3.9713194444443767,0.1,-1
880,5930,3.9770833333332654,0.1,-1
881,5931,3.982847222222154,0.1,-1
882,5932,3.9886111111110427,0.1,-1
883,5933,3.9943749999999314,0.1,-1
884,5934,4.00013888888882,0.1,-1
885,5935,4.005902777777709,0.1,-1
886,5936,4.011666666666597,0.1,-1
887,5937,4.017430555555486,0.1,-1
888,5938,4.023194444444375,0.1,-1
889,5939,4.0289583333332635,0.1,-1
890,5940,4.034722222222152,0.1,-1
891,5941,4.034722222222152,0.1625,7
892,5942,4.034722222222152,0.1625,7
893,5943,4.034722222222152,0.1625,7
894,5944,4.034722222222152,0.1625,7
895,5945,4.034722222222152,0.1625,7
896,5946,4.034722222222152,0.1625,7
897,5947,4.034722222222152,0.1625,7
898,5948,4.034722222222152,0.1625,7
899,5949,4.034722222222152,0.1625,7
900,5950,4.034722222222152,0.1625,7
901,5951,4.034722222222152,0.1625,7
902,5952,4.034722222222152,0.1625,7
903,5953,4.034722222222152,0.1625,7
904,5954,4.034722222222152,0.1625,7
905,5955,4.034722222222152,0.1625,7
906,5956,4.034722222222152,0.1625,7
907,5957,4.034722222222152,0.1625,7
908,5958,4.034722222222152,0.1625,7
909,5959,4.034722222222152,0.1625,7
910,5960,4.034722222222152,0.1625,7
911,5961,4.034722222222152,0.1625,7
912,5962,4.034722222222152,0.1625,7
913,5963,4.034722222222152,0.1625,7
914,5964,4.034722222222152,0.1625,7
915,5965,4.034722222222152,0.1625,7
916,5966,4.034722222222152,0.1625,7
917,5967,4.034722222222152,0.1625,7
918,5968,4.034722222222152,0.1625,7
919,5969,4.034722222222152,0.1625,7
920,5970,4.034722222222152,0.1625,7
921,5971,4.034722222222152,0.1625,7
922,5972,4.034722222222152,0.1625,7
923,5973,4.034722222222152,0.1625,7
924,5974,4.034722222222152,0.1625,7
925,5975,4.034722222222152,0.1625,7
926,5976,4.034722222222152,0.1625,7
927,5977,4.034722222222152,0.1625,7
928,5978,4.034722222222152,0.1625,7
929,5979,4.034722222222152,0.1625,7
930,5980,4.034722222222152,0.1625,7
931,5981,4.034722222222152,0.1625,7
932,5982,4.034722222222152,0.1625,7
933,5983,4.034722222222152,0.1625,7
934,5984,4.034722222222152,0.1625,7
935,5985,4.034722222222152,0.1625,7
936,5986,4.034722222222152,0.1625,7
937,5987,4.034722222222152,0.1625,7
938,5988,4.034722222222152,0.1625,7
939,5989,4.034722222222152,0.1625,7
940,5990,4.034722222222152,0.1625,7
941,5991,4.034722222222152,0.1625,7
942,5992,4.034722222222152,0.1625,7
943,5993,4.034722222222152,0.1625,7
944,5994,4.034722222222152,0.1625,7
945,5995,4.034722222222152,0.1625,7
946,5996,4.034722222222152,0.1625,7
947,5997,4.034722222222152,0.1625,7
948,5998,4.034722222222152,0.1625,7
949,5999,4.034722222222152,0.1625,7
950,6000,4.034722222222152,0.1625,7
951,6001,4.034722222222152,0.1625,7
952,6002,4.034722222222152,0.1625,7
953,6003,4.034722222222152,0.1625,7
954,6004,4.034722222222152,0.1625,7
955,6005,4.034722222222152,0.1625,7
956,6006,4.034722222222152,0.1625,7
957,6007,4.034722222222152,0.1625,7
958,6008,4.034722222222152,0.1625,7
959,6009,4.034722222222152,0.1625,7
960,6010,4.034722222222152,0.1625,7
961,6011,4.034722222222152,0.1625,7
962,6012,4.034722222222152,0.1625,7
963,6013,4.034722222222152,0.1625,7
964,6014,4.034722222222152,0.1625,7
965,6015,4.034722222222152,0.1625,7
966,6016,4.034722222222152,0.1625,7
967,6017,4.034722222222152,0.1625,7
968,6018,4.034722222222152,0.1625,7
969,6019,4.034722222222152,0.1625,7
970,6020,4.034722222222152,0.1625,7
971,6021,4.034722222222152,0.1625,7
972,6022,4.034722222222152,0.1625,7
973,6023,4.034722222222152,0.1625,7
974,6024,4.034722222222152,0.1625,7
975,6025,4.034722222222152,0.1625,7
976,6026,4.034722222222152,0.1625,7
977,6027,4.034722222222152,0.1625,7
978,6028,4.034722222222152,0.1625,7
979,6029,4.034722222222152,0.1625,7
980,6030,4.034722222222152,0.1625,7
981,6031,4.034722222222152,0.1625,7
982,6032,4.034722222222152,0.1625,7
983,6033,4.034722222222152,0.1625,7
984,6034,4.034722222222152,0.1625,7
985,6035,4.034722222222152,0.1625,7
986,6036,4.034722222222152,0.1625,7
987,6037,4.034722222222152,0.1625,7
988,6038,4.034722222222152,0.1625,7
989,6039,4.034722222222152,0.1625,7
990,6040,4.034722222222152,0.1625,7
991,6041,4.034722222222152,0.1625,7
992,6042,4.034722222222152,0.1625,7
993,6043,4.034722222222152,0.1625,7
994,6044,4.034722222222152,0.1625,7
995,6045,4.034722222222152,0.1625,7
996,6046,4.034722222222152,0.1625,7
997,6047,4.034722222222152,0.1625,7
998,6048,4.034722222222152,0.1625,7
999,6049,4.034722222222152,0.1625,7
1000,6050,4.034722222222152,0.1625,7
1001,6051,4.034722222222152,0.1625,7
1002,6052,4.034722222222152,0.1625,7
1003,6053,4.034722222222152,0.1625,7
1004,6054,4.034722222222152,0.1625,7
1005,6055,4.034722222222152,0.1625,7
1006,6056,4.034722222222152,0.1625,7
1007,6057,4.034722222222152,0.1625,7
1008,6058,4.034722222222152,0.1625,7
1009,6059,4.034722222222152,0.1625,7
1010,6060,4.034722222222152,0.1625,7
1011,6061,4.034722222222152,0.1625,7
1012,6062,4.034722222222152,0.1625,7
1013,6063,4.034722222222152,0.1625,7
1014,6064,4.034722222222152,0.1625,7
1015,6065,4.034722222222152,0.1625,7
1016,6066,4.034722222222152,0.1625,7
1017,6067,4.034722222222152,0.1625,7
1018,6068,4.034722222222152,0.1625,7
1019,6069,4.034722222222152,0.1625,7
1020,6070,4.040486111111041,0.1625,-1
1021,6071,4.0462499999999295,0.1625,-1
1022,6072,4.052013888888818,0.1625,-1
1023,6073,4.057777777777707,0.1625,-1
1024,6074,4.0635416666665956,0.1625,-1
1025,6075,4.069305555555484,0.1625,-1
1026,6076,4.075069444444373,0.1625,-1
1027,6077,4.080833333333262,0.1625,-1
1028,6078,4.08659722222215,0.1625,-1
1029,6079,4.092361111111039,0.1625,-1
1030,6080,4.098124999999928,0.1625,-1
1031,6081,4.103888888888816,0.1625,-1
1032,6082,4.109652777777705,0.1625,-1
1033,6083,4.115416666666594,0.1625,-1
1034,6084,4.121180555555482,0.1625,-1
1035,6085,4.126944444444371,0.1625,-1
1036,6086,4.13270833333326,0.1625,-1
1037,6087,4.138472222222148,0.1625,-1
1038,6088,4.144236111111037,0.1625,-1
1039,6089,4.149999999999926,0.1625,-1
1040,6090,4.155763888888814,0.1625,-1
1041,6091,4.161527777777703,0.1625,-1
1042,6092,4.167291666666592,0.1625,-1
1043,6093,4.1730555555554805,0.1625,-1
1044,6094,4.178819444444369,0.1625,-1
1045,6095,4.184583333333258,0.1625,-1
1046,6096,4.1903472222221465,0.1625,-1
1047,6097,4.196111111111035,0.1625,-1
1048,6098,4.201874999999924,0.1625,-1
1049,6099,4.2076388888888125,0.1625,-1
1050,6100,4.213402777777701,0.1625,-1
1051,6101,4.21916666666659,0.1625,-1
1052,6102,4.224930555555479,0.1625,-1
1053,6103,4.230694444444367,0.1625,-1
1054,6104,4.236458333333256,0.1625,-1
1055,6105,4.242222222222145,0.1625,-1
1056,6106,4.247986111111033,0.1625,-1
1057,6107,4.253749999999922,0.1625,-1
1058,6108,4.259513888888811,0.1625,-1
1059,6109,4.265277777777699,0.1625,-1
1060,6110,4.271041666666588,0.1625,-1
1061,6111,4.276805555555477,0.1625,-1
1062,6112,4.282569444444365,0.1625,-1
1063,6113,4.288333333333254,0.1625,-1
1064,6114,4.294097222222143,0.1625,-1
1065,6115,4.299861111111031,0.1625,-1
1066,6116,4.30562499999992,0.1625,-1
1067,6117,4.311388888888809,0.1625,-1
1068,6118,4.3171527777776975,0.1625,-1
1069,6119,4.322916666666586,0.1625,-1
1070,6120,4.328680555555475,0.1625,-1
1071,6121,4.328680555555475,0.2125,8
1072,6122,4.328680555555475,0.2125,8
1073,6123,4.328680555555475,0.2125,8
1074,6124,4.328680555555475,0.2125,8
1075,6125,4.328680555555475,0.2125,8
1076,6126,4.328680555555475,0.2125,8
1077,6127,4.328680555555475,0.2125,8
1078,6128,4.328680555555475,0.2125,8
1079,6129,4.328680555555475,0.2125,8
1080,6130,4.328680555555475,0.2125,8
1081,6131,4.328680555555475,0.2125,8
1082,6132,4.328680555555475,0.2125,8
1083,6133,4.3344444444443635,0.2125,-1
1084,6134,4.340208333333252,0.2125,-1
1085,6135,4.345972222222141,0.2125,-1
1086,6136,4.3517361111110295,0.2125,-1
1087,6137,4.357499999999918,0.2125,-1
1088,6138,4.363263888888807,0.2125,-1
1089,6139,4.369027777777696,0.2125,-1
1090,6140,4.374791666666584,0.2125,-1
1091,6141,4.380555555555473,0.2125,-1
1092,6142,4.386319444444362,0.2125,-1
1093,6143,4.39208333333325,0.2125,-1
1094,6144,4.397847222222139,0.2125,-1
1095,6145,4.403611111111028,0.2125,-1
1096,6146,4.409374999999916,0.2125,-1
1097,6147,4.415138888888805,0.2125,-1
1098,6148,4.420902777777694,0.2125,-1
1099,6149,4.426666666666582,0.2125,-1
1100,6150,4.432430555555471,0.2125,-1
1101,6151,4.43819444444436,0.2125,-1
1102,6152,4.443958333333248,0.2125,-1
1103,6153,4.449722222222137,0.2125,-1
1104,6154,4.455486111111026,0.2125,-1
1105,6155,4.4612499999999145,0.2125,-1
1106,6156,4.467013888888803,0.2125,-1
1107,6157,4.472777777777692,0.2125,-1
1108,6158,4.4785416666665805,0.2125,-1
1109,6159,4.484305555555469,0.2125,-1
1110,6160,4.490069444444358,0.2125,-1
1111,6161,4.4958333333332465,0.2125,-1
1112,6162,4.501597222222135,0.2125,-1
1113,6163,4.507361111111024,0.2125,-1
1114,6164,4.513124999999913,0.2125,-1
1115,6165,4.518888888888801,0.2125,-1
1116,6166,4.52465277777769,0.2125,-1
1117,6167,4.530416666666579,0.2125,-1
1118,6168,4.536180555555467,0.2125,-1
1119,6169,4.541944444444356,0.2125,-1
1120,6170,4.547708333333245,0.2125,-1
1121,6171,4.553472222222133,0.2125,-1
1122,6172,4.559236111111022,0.2125,-1
1123,6173,4.564999999999911,0.2125,-1
1124,6174,4.570763888888799,0.2125,-1
1125,6175,4.576527777777688,0.2125,-1
1126,6176,4.582291666666577,0.2125,-1
1127,6177,4.588055555555465,0.2125,-1
1128,6178,4.593819444444354,0.2125,-1
1129,6179,4.599583333333243,0.2125,-1
1130,6180,4.605347222222131,0.2125,-1
1131,6181,4.61111111111102,0.2125,-1
1132,6182,4.616874999999909,0.2125,-1
1133,6183,4.6226388888887975,0.2125,-1
1134,6184,4.628402777777686,0.2125,-1
1135,6185,4.634166666666575,0.2125,-1
1136,6186,4.6399305555554635,0.2125,-1
1137,6187,4.645694444444352,0.2125,-1
1138,6188,4.651458333333241,0.2125,-1
1139,6189,4.65722222222213,0.2125,-1
1140,6190,4.662986111111018,0.2125,-1
1141,6191,4.668749999999907,0.2125,-1
1142,6192,4.674513888888796,0.2125,-1
1143,6193,4.680277777777684,0.2125,-1
1144,6194,4.686041666666573,0.2125,-1
1145,6195,4.691805555555462,0.2125,-1
1146,6196,4.69756944444435,0.2125,-1
1147,6197,4.703333333333239,0.2125,-1
1148,6198,4.709097222222128,0.2125,-1
1149,6199,4.714861111111016,0.2125,-1
1150,6200,4.720624999999905,0.2125,-1
1151,6201,4.726388888888794,0.2125,-1
1152,6202,4.732152777777682,0.2125,-1
1153,6203,4.737916666666571,0.2125,-1
1154,6204,4.74368055555546,0.2125,-1
1155,6205,4.749444444444348,0.2125,-1
1156,6206,4.755208333333237,0.2125,-1
1157,6207,4.760972222222126,0.2125,-1
1158,6208,4.7667361111110145,0.2125,-1
1159,6209,4.772499999999903,0.2125,-1
1160,6210,4.778263888888792,0.2125,-1
1161,6211,4.7840277777776805,0.2125,-1
1162,6212,4.789791666666569,0.2125,-1
1163,6213,4.795555555555458,0.2125,-1
1164,6214,4.8013194444443466,0.2125,-1
1165,6215,4.807083333333235,0.2125,-1
1166,6216,4.812847222222124,0.2125,-1
1167,6217,4.818611111111013,0.2125,-1
1168,6218,4.824374999999901,0.2125,-1
1169,6219,4.83013888888879,0.2125,-1
1170,6220,4.835902777777679,0.2125,-1
1171,6221,4.841666666666567,0.2125,-1
1172,6222,4.847430555555456,0.2125,-1
1173,6223,4.853194444444345,0.2125,-1
1174,6224,4.858958333333233,0.2125,-1
1175,6225,4.864722222222122,0.2125,-1
1176,6226,4.870486111111011,0.2125,-1
1177,6227,4.876249999999899,0.2125,-1
1178,6228,4.882013888888788,0.2125,-1
1179,6229,4.887777777777677,0.2125,-1
1180,6230,4.893541666666565,0.2125,-1
1181,6231,4.899305555555454,0.2125,-1
1182,6232,4.905069444444343,0.2125,-1
1183,6233,4.9108333333332315,0.2125,-1
1184,6234,4.91659722222212,0.2125,-1
1185,6235,4.922361111111009,0.2125,-1
1186,6236,4.9281249999998975,0.2125,-1
1187,6237,4.9281249999998975,0.25,9
1188,6238,4.9281249999998975,0.25,9
1189,6239,4.9281249999998975,0.25,9
1190,6240,4.9281249999998975,0.25,9
1191,6241,4.9281249999998975,0.25,9
1192,6242,4.9281249999998975,0.25,9
1193,6243,4.9281249999998975,0.25,9
1194,6244,4.9281249999998975,0.25,9
1195,6245,4.9281249999998975,0.25,9
1196,6246,4.933888888888786,0.25,-1
1197,6247,4.939652777777675,0.25,-1
1198,6248,4.9454166666665635,0.25,-1
1199,6249,4.951180555555452,0.25,-1
1200,6250,4.956944444444341,0.25,-1
1201,6251,4.96270833333323,0.25,-1
1202,6252,4.968472222222118,0.25,-1
1203,6253,4.974236111111007,0.25,-1
1204,6254,4.979999999999896,0.25,-1
1205,6255,4.985763888888784,0.25,-1
1206,6256,4.991527777777673,0.25,-1
1207,6257,4.997291666666562,0.25,-1
1208,6258,5.00305555555545,0.25,-1
1209,6259,5.008819444444339,0.25,-1
1210,6260,5.014583333333228,0.25,-1
1211,6261,5.020347222222116,0.25,-1
1212,6262,5.026111111111005,0.25,-1
1213,6263,5.031874999999894,0.25,-1
1214,6264,5.037638888888782,0.25,-1
1215,6265,5.043402777777671,0.25,-1
1216,6266,5.04916666666656,0.25,-1
1217,6267,5.0549305555554485,0.25,-1
1218,6268,5.060694444444337,0.25,-1
1219,6269,5.066458333333226,0.25,-1
1220,6270,5.0722222222221145,0.25,-1
1221,6271,5.077986111111003,0.25,-1
1222,6272,5.083749999999892,0.25,-1
1223,6273,5.0895138888887805,0.25,-1
1224,6274,5.095277777777669,0.25,-1
1225,6275,5.101041666666558,0.25,-1
1226,6276,5.106805555555447,0.25,-1
1227,6277,5.112569444444335,0.25,-1
1228,6278,5.118333333333224,0.25,-1
1229,6279,5.124097222222113,0.25,-1
1230,6280,5.129861111111001,0.25,-1
1231,6281,5.13562499999989,0.25,-1
1232,6282,5.141388888888779,0.25,-1
1233,6283,5.147152777777667,0.25,-1
1234,6284,5.152916666666556,0.25,-1
1235,6285,5.158680555555445,0.25,-1
1236,6286,5.164444444444333,0.25,-1
1237,6287,5.170208333333222,0.25,-1
1238,6288,5.175972222222111,0.25,-1
1239,6289,5.181736111110999,0.25,-1
1240,6290,5.187499999999888,0.25,-1
1241,6291,5.193263888888777,0.25,-1
1242,6292,5.1990277777776654,0.25,-1
1243,6293,5.204791666666554,0.25,-1
1244,6294,5.210555555555443,0.25,-1
1245,6295,5.2163194444443315,0.25,-1
1246,6296,5.22208333333322,0.25,-1
1247,6297,5.227847222222109,0.25,-1
1248,6298,5.2336111111109975,0.25,-1
1249,6299,5.239374999999886,0.25,-1
1250,6300,5.245138888888775,0.25,-1
1251,6301,5.250902777777664,0.25,-1
1252,6302,5.256666666666552,0.25,-1
1253,6303,5.262430555555441,0.25,-1
1254,6304,5.26819444444433,0.25,-1
1255,6305,5.273958333333218,0.25,-1
1256,6306,5.279722222222107,0.25,-1
1257,6307,5.285486111110996,0.25,-1
1258,6308,5.291249999999884,0.25,-1
1259,6309,5.297013888888773,0.25,-1
1260,6310,5.302777777777662,0.25,-1
1261,6311,5.30854166666655,0.25,-1
1262,6312,5.314305555555439,0.25,-1
1263,6313,5.320069444444328,0.25,-1
1264,6314,5.325833333333216,0.25,-1
1265,6315,5.331597222222105,0.25,-1
1266,6316,5.337361111110994,0.25,-1
1267,6317,5.343124999999882,0.25,-1
1268,6318,5.348888888888771,0.25,-1
1269,6319,5.35465277777766,0.25,-1
1270,6320,5.35465277777766,0.2375,10
1271,6321,5.35465277777766,0.2375,10
1272,6322,5.3604166666665485,0.2375,-1
1273,6323,5.366180555555437,0.2375,-1
1274,6324,5.371944444444326,0.2375,-1
1275,6325,5.3777083333332145,0.2375,-1
1276,6326,5.383472222222103,0.2375,-1
1277,6327,5.389236111110992,0.2375,-1
1278,6328,5.394999999999881,0.2375,-1
1279,6329,5.400763888888769,0.2375,-1
1280,6330,5.406527777777658,0.2375,-1
1281,6331,5.412291666666547,0.2375,-1
1282,6332,5.418055555555435,0.2375,-1
1283,6333,5.423819444444324,0.2375,-1
1284,6334,5.429583333333213,0.2375,-1
1285,6335,5.435347222222101,0.2375,-1
1286,6336,5.44111111111099,0.2375,-1
1287,6337,5.446874999999879,0.2375,-1
1288,6338,5.452638888888767,0.2375,-1
1289,6339,5.458402777777656,0.2375,-1
1290,6340,5.464166666666545,0.2375,-1
1291,6341,5.469930555555433,0.2375,-1
1292,6342,5.475694444444322,0.2375,-1
1293,6343,5.481458333333211,0.2375,-1
1294,6344,5.487222222222099,0.2375,-1
1295,6345,5.492986111110988,0.2375,-1
1296,6346,5.498749999999877,0.2375,-1
1297,6347,5.5045138888887655,0.2375,-1
1298,6348,5.510277777777654,0.2375,-1
1299,6349,5.516041666666543,0.2375,-1
1300,6350,5.5218055555554315,0.2375,-1
1301,6351,5.52756944444432,0.2375,-1
1302,6352,5.533333333333209,0.2375,-1
1303,6353,5.5390972222220975,0.2375,-1
1304,6354,5.544861111110986,0.2375,-1
1305,6355,5.550624999999875,0.2375,-1
1306,6356,5.556388888888764,0.2375,-1
1307,6357,5.562152777777652,0.2375,-1
1308,6358,5.567916666666541,0.2375,-1
1309,6359,5.57368055555543,0.2375,-1
1310,6360,5.579444444444318,0.2375,-1
1311,6361,5.585208333333207,0.2375,-1
1312,6362,5.590972222222096,0.2375,-1
1313,6363,5.596736111110984,0.2375,-1
1314,6364,5.602499999999873,0.2375,-1
1315,6365,5.608263888888762,0.2375,-1
1316,6366,5.61402777777765,0.2375,-1
1317,6367,5.619791666666539,0.2375,-1
1318,6368,5.625555555555428,0.2375,-1
1319,6369,5.631319444444316,0.2375,-1
1320,6370,5.637083333333205,0.2375,-1
1321,6371,5.642847222222094,0.2375,-1
1322,6372,5.6486111111109825,0.2375,-1
1323,6373,5.654374999999871,0.2375,-1
1324,6374,5.66013888888876,0.2375,-1
1325,6375,5.6659027777776485,0.2375,-1
1326,6376,5.671666666666537,0.2375,-1
1327,6377,5.677430555555426,0.2375,-1
1328,6378,5.6831944444443145,0.2375,-1
1329,6379,5.688958333333203,0.2375,-1
1330,6380,5.694722222222092,0.2375,-1
1331,6381,5.700486111110981,0.2375,-1
1332,6382,5.706249999999869,0.2375,-1
1333,6383,5.712013888888758,0.2375,-1
1334,6384,5.717777777777647,0.2375,-1
1335,6385,5.723541666666535,0.2375,-1
1336,6386,5.729305555555424,0.2375,-1
1337,6387,5.735069444444313,0.2375,-1
1338,6388,5.740833333333201,0.2375,-1
1339,6389,5.74659722222209,0.2375,-1
1340,6390,5.752361111110979,0.2375,-1
1341,6391,5.758124999999867,0.2375,-1
1342,6392,5.763888888888756,0.2375,-1
1343,6393,5.769652777777645,0.2375,-1
1344,6394,5.775416666666533,0.2375,-1
1345,6395,5.781180555555422,0.2375,-1
1346,6396,5.786944444444311,0.2375,-1
1347,6397,5.7927083333331995,0.2375,-1
1348,6398,5.798472222222088,0.2375,-1
1349,6399,5.804236111110977,0.2375,-1
1350,6400,5.8099999999998655,0.2375,-1
1351,6401,5.815763888888754,0.2375,-1
1352,6402,5.821527777777643,0.2375,-1
1353,6403,5.8272916666665315,0.2375,-1
1354,6404,5.83305555555542,0.2375,-1
1355,6405,5.838819444444309,0.2375,-1
1356,6406,5.844583333333198,0.2375,-1
1357,6407,5.850347222222086,0.2375,-1
1358,6408,5.856111111110975,0.2375,-1
1359,6409,5.861874999999864,0.2375,-1
1360,6410,5.867638888888752,0.2375,-1
1361,6411,5.873402777777641,0.2375,-1
1362,6412,5.87916666666653,0.2375,-1
1363,6413,5.884930555555418,0.2375,-1
1364,6414,5.890694444444307,0.2375,-1
1365,6415,5.896458333333196,0.2375,-1
1366,6416,5.902222222222084,0.2375,-1
1367,6417,5.907986111110973,0.2375,-1
1368,6418,5.913749999999862,0.2375,-1
1369,6419,5.91951388888875,0.2375,-1
1370,6420,5.925277777777639,0.2375,-1
1371,6421,5.931041666666528,0.2375,-1
1372,6422,5.9368055555554164,0.2375,-1
1373,6423,5.942569444444305,0.2375,-1
1374,6424,5.948333333333194,0.2375,-1
1375,6425,5.9540972222220825,0.2375,-1
1376,6426,5.959861111110971,0.2375,-1
1377,6427,5.96562499999986,0.2375,-1
1378,6428,5.9713888888887485,0.2375,-1
1379,6429,5.977152777777637,0.2375,-1
1380,6430,5.982916666666526,0.2375,-1
1381,6431,5.988680555555415,0.2375,-1
1382,6432,5.994444444444303,0.2375,-1
1383,6433,6.000208333333192,0.2375,-1
1384,6434,6.005972222222081,0.2375,-1
1385,6435,6.011736111110969,0.2375,-1
1386,6436,6.017499999999858,0.2375,-1
1387,6437,6.023263888888747,0.2375,-1
1388,6438,6.029027777777635,0.2375,-1
1389,6439,6.034791666666524,0.2375,-1
1390,6440,6.040555555555413,0.2375,-1
1391,6441,6.046319444444301,0.2375,-1
1392,6442,6.05208333333319,0.2375,-1
1393,6443,6.057847222222079,0.2375,-1
1394,6444,6.063611111110967,0.2375,-1
1395,6445,6.069374999999856,0.2375,-1
1396,6446,6.075138888888745,0.2375,-1
1397,6447,6.080902777777633,0.2375,-1
1398,6448,6.086666666666522,0.2375,-1
1399,6449,6.092430555555411,0.2375,-1
1400,6450,6.0981944444442995,0.2375,-1
1401,6451,6.103958333333188,0.2375,-1
1402,6452,6.109722222222077,0.2375,-1
1403,6453,6.1154861111109655,0.2375,-1
1404,6454,6.121249999999854,0.2375,-1
1405,6455,6.127013888888743,0.2375,-1
1406,6456,6.132777777777632,0.2375,-1
1407,6457,6.13854166666652,0.2375,-1
1408,6458,6.144305555555409,0.2375,-1
1409,6459,6.150069444444298,0.2375,-1
1410,6460,6.155833333333186,0.2375,-1
1411,6461,6.161597222222075,0.2375,-1
1412,6462,6.167361111110964,0.2375,-1
1413,6463,6.173124999999852,0.2375,-1
1414,6464,6.178888888888741,0.2375,-1
1415,6465,6.18465277777763,0.2375,-1
1416,6466,6.190416666666518,0.2375,-1
1417,6467,6.196180555555407,0.2375,-1
1418,6468,6.201944444444296,0.2375,-1
1419,6469,6.207708333333184,0.2375,-1
1420,6470,6.213472222222073,0.2375,-1
1421,6471,6.219236111110962,0.2375,-1
1422,6472,6.22499999999985,0.2375,-1
1423,6473,6.230763888888739,0.2375,-1
1424,6474,6.236527777777628,0.2375,-1
1425,6475,6.2422916666665165,0.2375,-1
1426,6476,6.248055555555405,0.2375,-1
1427,6477,6.253819444444294,0.2375,-1
1428,6478,6.2595833333331825,0.2375,-1
1429,6479,6.265347222222071,0.2375,-1
1430,6480,6.27111111111096,0.2375,-1
1431,6481,6.2768749999998485,0.2375,-1
1432,6482,6.282638888888737,0.2375,-1
1433,6483,6.288402777777626,0.2375,-1
1434,6484,6.294166666666515,0.2375,-1
1435,6485,6.299930555555403,0.2375,-1
1436,6486,6.305694444444292,0.2375,-1
1437,6487,6.311458333333181,0.2375,-1
1438,6488,6.317222222222069,0.2375,-1
1439,6489,6.322986111110958,0.2375,-1
1440,6490,6.328749999999847,0.2375,-1
1441,6491,6.334513888888735,0.2375,-1
1442,6492,6.340277777777624,0.2375,-1
1443,6493,6.346041666666513,0.2375,-1
1444,6494,6.351805555555401,0.2375,-1
1445,6495,6.35756944444429,0.2375,-1
1446,6496,6.363333333333179,0.2375,-1
1447,6497,6.369097222222067,0.2375,-1
1448,6498,6.374861111110956,0.2375,-1
1449,6499,6.380624999999845,0.2375,-1
1450,6500,6.3863888888887335,0.2375,-1
1451,6501,6.392152777777622,0.2375,-1
1452,6502,6.397916666666511,0.2375,-1
1453,6503,6.4036805555553995,0.2375,-1
1454,6504,6.409444444444288,0.2375,-1
1455,6505,6.415208333333177,0.2375,-1
1456,6506,6.4209722222220655,0.2375,-1
1457,6507,6.426736111110954,0.2375,-1
1458,6508,6.432499999999843,0.2375,-1
1459,6509,6.438263888888732,0.2375,-1
1460,6510,6.44402777777762,0.2375,-1
1461,6511,6.449791666666509,0.2375,-1
1462,6512,6.455555555555398,0.2375,-1
1463,6513,6.461319444444286,0.2375,-1
1464,6514,6.467083333333175,0.2375,-1
1465,6515,6.472847222222064,0.2375,-1
1466,6516,6.478611111110952,0.2375,-1
1467,6517,6.484374999999841,0.2375,-1
1468,6518,6.49013888888873,0.2375,-1
1469,6519,6.495902777777618,0.2375,-1
1470,6520,6.495902777777618,0.2625,11
1471,6521,6.495902777777618,0.2625,11
1472,6522,6.495902777777618,0.2625,11
1473,6523,6.495902777777618,0.2625,11
1474,6524,6.495902777777618,0.2625,11
1475,6525,6.495902777777618,0.2625,11
1476,6526,6.495902777777618,0.2625,11
1477,6527,6.495902777777618,0.2625,11
1478,6528,6.495902777777618,0.2625,11
1479,6529,6.495902777777618,0.2625,11
1480,6530,6.495902777777618,0.2625,11
1481,6531,6.495902777777618,0.2625,11
1482,6532,6.495902777777618,0.2625,11
1483,6533,6.495902777777618,0.2625,11
1484,6534,6.495902777777618,0.2625,11
1485,6535,6.495902777777618,0.2625,11
1486,6536,6.495902777777618,0.2625,11
1487,6537,6.495902777777618,0.2625,11
1488,6538,6.495902777777618,0.2625,11
1489,6539,6.495902777777618,0.2625,11
1490,6540,6.495902777777618,0.2625,11
1491,6541,6.495902777777618,0.2625,11
1492,6542,6.495902777777618,0.2625,11
1493,6543,6.495902777777618,0.2625,11
1494,6544,6.495902777777618,0.2625,11
1495,6545,6.495902777777618,0.2625,11
1496,6546,6.495902777777618,0.2625,11
1497,6547,6.495902777777618,0.2625,11
1498,6548,6.495902777777618,0.2625,11
1499,6549,6.495902777777618,0.2625,11
1500,6550,6.495902777777618,0.2625,11
1501,6551,6.495902777777618,0.2625,11
1502,6552,6.495902777777618,0.2625,11
1503,6553,6.495902777777618,0.2625,11
1504,6554,6.495902777777618,0.2625,11
1505,6555,6.495902777777618,0.2625,11
1506,6556,6.495902777777618,0.2625,11
1507,6557,6.495902777777618,0.2625,11
1508,6558,6.495902777777618,0.2625,11
1509,6559,6.495902777777618,0.2625,11
1510,6560,6.495902777777618,0.2625,11
1511,6561,6.495902777777618,0.2625,11
1512,6562,6.495902777777618,0.2625,11
1513,6563,6.495902777777618,0.2625,11
1514,6564,6.495902777777618,0.2625,11
1515,6565,6.495902777777618,0.2625,11
1516,6566,6.495902777777618,0.2625,11
1517,6567,6.495902777777618,0.2625,11
1518,6568,6.495902777777618,0.2625,11
1519,6569,6.495902777777618,0.2625,11
1520,6570,6.495902777777618,0.2625,11
1521,6571,6.495902777777618,0.2625,11
1522,6572,6.495902777777618,0.2625,11
1523,6573,6.495902777777618,0.2625,11
1524,6574,6.495902777777618,0.2625,11
1525,6575,6.495902777777618,0.2625,11
1526,6576,6.495902777777618,0.2625,11
1527,6577,6.495902777777618,0.2625,11
1528,6578,6.495902777777618,0.2625,11
1529,6579,6.495902777777618,0.2625,11
1530,6580,6.495902777777618,0.2625,11
1531,6581,6.495902777777618,0.2625,11
1532,6582,6.495902777777618,0.2625,11
1533,6583,6.495902777777618,0.2625,11
1534,6584,6.495902777777618,0.2625,11
1535,6585,6.495902777777618,0.2625,11
1536,6586,6.495902777777618,0.2625,11
1537,6587,6.495902777777618,0.2625,11
1538,6588,6.495902777777618,0.2625,11
1539,6589,6.495902777777618,0.2625,11
1540,6590,6.495902777777618,0.2625,11
1541,6591,6.495902777777618,0.2625,11
1542,6592,6.495902777777618,0.2625,11
1543,6593,6.495902777777618,0.2625,11
1544,6594,6.495902777777618,0.2625,11
1545,6595,6.495902777777618,0.2625,11
1546,6596,6.495902777777618,0.2625,11
1547,6597,6.495902777777618,0.2625,11
1548,6598,6.495902777777618,0.2625,11
1549,6599,6.495902777777618,0.2625,11
1550,6600,6.495902777777618,0.2625,11
1551,6601,6.495902777777618,0.2625,11
1552,6602,6.495902777777618,0.2625,11
1553,6603,6.495902777777618,0.2625,11
1554,6604,6.495902777777618,0.2625,11
1555,6605,6.495902777777618,0.2625,11
1556,6606,6.495902777777618,0.2625,11
1557,6607,6.495902777777618,0.2625,11
1558,6608,6.495902777777618,0.2625,11
1559,6609,6.495902777777618,0.2625,11
1560,6610,6.495902777777618,0.2625,11
1561,6611,6.495902777777618,0.2625,11
1562,6612,6.495902777777618,0.2625,11
1563,6613,6.495902777777618,0.2625,11
1564,6614,6.495902777777618,0.2625,11
1565,6615,6.495902777777618,0.2625,11
1566,6616,6.495902777777618,0.2625,11
1567,6617,6.495902777777618,0.2625,11
1568,6618,6.495902777777618,0.2625,11
1569,6619,6.495902777777618,0.2625,11
1570,6620,6.495902777777618,0.2625,11
1571,6621,6.495902777777618,0.2625,11
1572,6622,6.495902777777618,0.2625,11
1573,6623,6.495902777777618,0.2625,11
1574,6624,6.495902777777618,0.2625,11
1575,6625,6.495902777777618,0.2625,11
1576,6626,6.495902777777618,0.2625,11
1577,6627,6.495902777777618,0.2625,11
1578,6628,6.495902777777618,0.2625,11
1579,6629,6.501666666666507,0.2625,-1
1580,6630,6.507430555555396,0.2625,-1
1581,6631,6.513194444444284,0.2625,-1
1582,6632,6.518958333333173,0.2625,-1
1583,6633,6.524722222222062,0.2625,-1
1584,6634,6.5304861111109505,0.2625,-1
1585,6635,6.536249999999839,0.2625,-1
1586,6636,6.542013888888728,0.2625,-1
1587,6637,6.5477777777776165,0.2625,-1
1588,6638,6.553541666666505,0.2625,-1
1589,6639,6.559305555555394,0.2625,-1
1590,6640,6.5650694444442825,0.2625,-1
1591,6641,6.570833333333171,0.2625,-1
1592,6642,6.57659722222206,0.2625,-1
1593,6643,6.582361111110949,0.2625,-1
1594,6644,6.588124999999837,0.2625,-1
1595,6645,6.593888888888726,0.2625,-1
1596,6646,6.599652777777615,0.2625,-1
1597,6647,6.605416666666503,0.2625,-1
1598,6648,6.611180555555392,0.2625,-1
1599,6649,6.616944444444281,0.2625,-1
1600,6650,6.622708333333169,0.2625,-1
1601,6651,6.628472222222058,0.2625,-1
1602,6652,6.634236111110947,0.2625,-1
1603,6653,6.639999999999835,0.2625,-1
1604,6654,6.645763888888724,0.2625,-1
1605,6655,6.651527777777613,0.2625,-1
1606,6656,6.657291666666501,0.2625,-1
1607,6657,6.66305555555539,0.2625,-1
1608,6658,6.668819444444279,0.2625,-1
1609,6659,6.6745833333331674,0.2625,-1
1610,6660,6.680347222222056,0.2625,-1
1611,6661,6.686111111110945,0.2625,-1
1612,6662,6.6918749999998335,0.2625,-1
1613,6663,6.697638888888722,0.2625,-1
1614,6664,6.703402777777611,0.2625,-1
1615,6665,6.7091666666664995,0.2625,-1
1616,6666,6.714930555555388,0.2625,-1
1617,6667,6.720694444444277,0.2625,-1
1618,6668,6.726458333333166,0.2625,-1
1619,6669,6.732222222222054,0.2625,-1
1620,6670,6.737986111110943,0.2625,-1
1621,6671,6.743749999999832,0.2625,-1
1622,6672,6.74951388888872,0.2625,-1
1623,6673,6.755277777777609,0.2625,-1
1624,6674,6.761041666666498,0.2625,-1
1625,6675,6.766805555555386,0.2625,-1
1626,6676,6.772569444444275,0.2625,-1
1627,6677,6.778333333333164,0.2625,-1
1628,6678,6.784097222222052,0.2625,-1
1629,6679,6.789861111110941,0.2625,-1
1630,6680,6.79562499999983,0.2625,-1
1631,6681,6.801388888888718,0.2625,-1
1632,6682,6.807152777777607,0.2625,-1
1633,6683,6.812916666666496,0.2625,-1
1634,6684,6.818680555555384,0.2625,-1
1635,6685,6.824444444444273,0.2625,-1
1636,6686,6.830208333333162,0.2625,-1
1637,6687,6.8359722222220505,0.2625,-1
1638,6688,6.841736111110939,0.2625,-1
1639,6689,6.847499999999828,0.2625,-1
1640,6690,6.8532638888887165,0.2625,-1
1641,6691,6.859027777777605,0.2625,-1
1642,6692,6.864791666666494,0.2625,-1
1643,6693,6.8705555555553826,0.2625,-1
1644,6694,6.876319444444271,0.2625,-1
1645,6695,6.88208333333316,0.2625,-1
1646,6696,6.887847222222049,0.2625,-1
1647,6697,6.893611111110937,0.2625,-1
1648,6698,6.899374999999826,0.2625,-1
1649,6699,6.905138888888715,0.2625,-1
1650,6700,6.910902777777603,0.2625,-1
1651,6701,6.916666666666492,0.2625,-1
1652,6702,6.922430555555381,0.2625,-1
1653,6703,6.928194444444269,0.2625,-1
1654,6704,6.933958333333158,0.2625,-1
1655,6705,6.933958333333158,0.2875,12
1656,6706,6.933958333333158,0.2875,12
1657,6707,6.933958333333158,0.2875,12
1658,6708,6.933958333333158,0.2875,12
1659,6709,6.933958333333158,0.2875,12
1660,6710,6.933958333333158,0.2875,12
1661,6711,6.939722222222047,0.2875,-1
1662,6712,6.945486111110935,0.2875,-1
1663,6713,6.951249999999824,0.2875,-1
1664,6714,6.957013888888713,0.2875,-1
1665,6715,6.962777777777601,0.2875,-1
1666,6716,6.96854166666649,0.2875,-1
1667,6717,6.974305555555379,0.2875,-1
1668,6718,6.9800694444442675,0.2875,-1
1669,6719,6.985833333333156,0.2875,-1
1670,6720,6.991597222222045,0.2875,-1
1671,6721,6.9973611111109335,0.2875,-1
1672,6722,7.003124999999822,0.2875,-1
1673,6723,7.008888888888711,0.2875,-1
1674,6724,7.0146527777775995,0.2875,-1
1675,6725,7.020416666666488,0.2875,-1
1676,6726,7.026180555555377,0.2875,-1
1677,6727,7.031944444444266,0.2875,-1
1678,6728,7.037708333333154,0.2875,-1
1679,6729,7.043472222222043,0.2875,-1
1680,6730,7.049236111110932,0.2875,-1
1681,6731,7.05499999999982,0.2875,-1
1682,6732,7.060763888888709,0.2875,-1
1683,6733,7.066527777777598,0.2875,-1
1684,6734,7.072291666666486,0.2875,-1
1685,6735,7.078055555555375,0.2875,-1
1686,6736,7.083819444444264,0.2875,-1
1687,6737,7.089583333333152,0.2875,-1
1688,6738,7.095347222222041,0.2875,-1
1689,6739,7.10111111111093,0.2875,-1
1690,6740,7.106874999999818,0.2875,-1
1691,6741,7.112638888888707,0.2875,-1
1692,6742,7.118402777777596,0.2875,-1
1693,6743,7.1241666666664845,0.2875,-1
1694,6744,7.129930555555373,0.2875,-1
1695,6745,7.135694444444262,0.2875,-1
1696,6746,7.1414583333331505,0.2875,-1
1697,6747,7.147222222222039,0.2875,-1
1698,6748,7.152986111110928,0.2875,-1
1699,6749,7.1587499999998165,0.2875,-1
1700,6750,7.164513888888705,0.2875,-1
1701,6751,7.170277777777594,0.2875,-1
1702,6752,7.176041666666483,0.2875,-1
1703,6753,7.181805555555371,0.2875,-1
1704,6754,7.18756944444426,0.2875,-1
1705,6755,7.193333333333149,0.2875,-1
1706,6756,7.199097222222037,0.2875,-1
1707,6757,7.204861111110926,0.2875,-1
1708,6758,7.210624999999815,0.2875,-1
1709,6759,7.216388888888703,0.2875,-1
1710,6760,7.222152777777592,0.2875,-1
1711,6761,7.227916666666481,0.2875,-1
1712,6762,7.233680555555369,0.2875,-1
1713,6763,7.239444444444258,0.2875,-1
1714,6764,7.245208333333147,0.2875,-1
1715,6765,7.250972222222035,0.2875,-1
1716,6766,7.256736111110924,0.2875,-1
1717,6767,7.262499999999813,0.2875,-1
1718,6768,7.2682638888887015,0.2875,-1
1719,6769,7.27402777777759,0.2875,-1
1720,6770,7.279791666666479,0.2875,-1
1721,6771,7.2855555555553675,0.2875,-1
1722,6772,7.291319444444256,0.2875,-1
1723,6773,7.297083333333145,0.2875,-1
1724,6774,7.297083333333145,0.3,13
1725,6775,7.297083333333145,0.3,13
1726,6776,7.297083333333145,0.3,13
1727,6777,7.3028472222220335,0.3,-1
1728,6778,7.308611111110922,0.3,-1
1729,6779,7.314374999999811,0.3,-1
1730,6780,7.3201388888887,0.3,-1
1731,6781,7.325902777777588,0.3,-1
1732,6782,7.331666666666477,0.3,-1
1733,6783,7.337430555555366,0.3,-1
1734,6784,7.343194444444254,0.3,-1
1735,6785,7.348958333333143,0.3,-1
1736,6786,7.354722222222032,0.3,-1
1737,6787,7.36048611111092,0.3,-1
1738,6788,7.366249999999809,0.3,-1
1739,6789,7.372013888888698,0.3,-1
1740,6790,7.377777777777586,0.3,-1
1741,6791,7.383541666666475,0.3,-1
1742,6792,7.389305555555364,0.3,-1
1743,6793,7.395069444444252,0.3,-1
1744,6794,7.400833333333141,0.3,-1
1745,6795,7.40659722222203,0.3,-1
1746,6796,7.412361111110918,0.3,-1
1747,6797,7.418124999999807,0.3,-1
1748,6798,7.423888888888696,0.3,-1
1749,6799,7.4296527777775845,0.3,-1
1750,6800,7.435416666666473,0.3,-1
1751,6801,7.441180555555362,0.3,-1
1752,6802,7.4469444444442505,0.3,-1
1753,6803,7.452708333333139,0.3,-1
1754,6804,7.458472222222028,0.3,-1
1755,6805,7.464236111110917,0.3,-1
1756,6806,7.469999999999805,0.3,-1
1757,6807,7.475763888888694,0.3,-1
1758,6808,7.481527777777583,0.3,-1
1759,6809,7.487291666666471,0.3,-1
1760,6810,7.49305555555536,0.3,-1
1761,6811,7.498819444444249,0.3,-1
1762,6812,7.504583333333137,0.3,-1
1763,6813,7.510347222222026,0.3,-1
1764,6814,7.516111111110915,0.3,-1
1765,6815,7.521874999999803,0.3,-1
1766,6816,7.527638888888692,0.3,-1
1767,6817,7.533402777777581,0.3,-1
1768,6818,7.539166666666469,0.3,-1
1769,6819,7.544930555555358,0.3,-1
1770,6820,7.550694444444247,0.3,-1
1771,6821,7.556458333333135,0.3,-1
1772,6822,7.562222222222024,0.3,-1
1773,6823,7.567986111110913,0.3,-1
1774,6824,7.5737499999998015,0.3,-1
1775,6825,7.57951388888869,0.3,-1
1776,6826,7.585277777777579,0.3,-1
1777,6827,7.5910416666664675,0.3,-1
1778,6828,7.596805555555356,0.3,-1
1779,6829,7.602569444444245,0.3,-1
1780,6830,7.6083333333331336,0.3,-1
1781,6831,7.614097222222022,0.3,-1
1782,6832,7.619861111110911,0.3,-1
1783,6833,7.6256249999998,0.3,-1
1784,6834,7.631388888888688,0.3,-1
1785,6835,7.637152777777577,0.3,-1
1786,6836,7.642916666666466,0.3,-1
1787,6837,7.648680555555354,0.3,-1
1788,6838,7.654444444444243,0.3,-1
1789,6839,7.660208333333132,0.3,-1
1790,6840,7.66597222222202,0.3,-1
1791,6841,7.671736111110909,0.3,-1
1792,6842,7.677499999999798,0.3,-1
1793,6843,7.683263888888686,0.3,-1
1794,6844,7.689027777777575,0.3,-1
1795,6845,7.694791666666464,0.3,-1
1796,6846,7.700555555555352,0.3,-1
1797,6847,7.706319444444241,0.3,-1
1798,6848,7.71208333333313,0.3,-1
1799,6849,7.7178472222220185,0.3,-1
1800,6850,7.723611111110907,0.3,-1
1801,6851,7.729374999999796,0.3,-1
1802,6852,7.7351388888886845,0.3,-1
1803,6853,7.740902777777573,0.3,-1
1804,6854,7.746666666666462,0.3,-1
1805,6855,7.7524305555553505,0.3,-1
1806,6856,7.758194444444239,0.3,-1
1807,6857,7.763958333333128,0.3,-1
1808,6858,7.769722222222017,0.3,-1
1809,6859,7.775486111110905,0.3,-1
1810,6860,7.781249999999794,0.3,-1
1811,6861,7.787013888888683,0.3,-1
1812,6862,7.792777777777571,0.3,-1
1813,6863,7.79854166666646,0.3,-1
1814,6864,7.804305555555349,0.3,-1
1815,6865,7.810069444444237,0.3,-1
1816,6866,7.815833333333126,0.3,-1
1817,6867,7.821597222222015,0.3,-1
1818,6868,7.827361111110903,0.3,-1
1819,6869,7.833124999999792,0.3,-1
1820,6870,7.838888888888681,0.3,-1
1821,6871,7.844652777777569,0.3,-1
1822,6872,7.850416666666458,0.3,-1
1823,6873,7.856180555555347,0.3,-1
1824,6874,7.8619444444442355,0.3,-1
1825,6875,7.867708333333124,0.3,-1
1826,6876,7.873472222222013,0.3,-1
1827,6877,7.8792361111109015,0.3,-1
1828,6878,7.88499999999979,0.3,-1
1829,6879,7.890763888888679,0.3,-1
1830,6880,7.8965277777775675,0.3,-1
1831,6881,7.8965277777775675,0.3875,14
1832,6882,7.8965277777775675,0.3875,14
1833,6883,7.8965277777775675,0.3875,14
1834,6884,7.8965277777775675,0.3875,14
1835,6885,7.8965277777775675,0.3875,14
1836,6886,7.8965277777775675,0.3875,14
1837,6887,7.8965277777775675,0.3875,14
1838,6888,7.8965277777775675,0.3875,14
1839,6889,7.8965277777775675,0.3875,14
1840,6890,7.8965277777775675,0.3875,14
1841,6891,7.8965277777775675,0.3875,14
1842,6892,7.8965277777775675,0.3875,14
1843,6893,7.8965277777775675,0.3875,14
1844,6894,7.8965277777775675,0.3875,14
1845,6895,7.8965277777775675,0.3875,14
1846,6896,7.8965277777775675,0.3875,14
1847,6897,7.8965277777775675,0.3875,14
1848,6898,7.8965277777775675,0.3875,14
1849,6899,7.8965277777775675,0.3875,14
1850,6900,7.8965277777775675,0.3875,14
1851,6901,7.8965277777775675,0.3875,14
1852,6902,7.8965277777775675,0.3875,14
1853,6903,7.8965277777775675,0.3875,14
1854,6904,7.8965277777775675,0.3875,14
1855,6905,7.8965277777775675,0.3875,14
1856,6906,7.8965277777775675,0.3875,14
1857,6907,7.8965277777775675,0.3875,14
1858,6908,7.8965277777775675,0.3875,14
1859,6909,7.8965277777775675,0.3875,14
1860,6910,7.8965277777775675,0.3875,14
1861,6911,7.8965277777775675,0.3875,14
1862,6912,7.8965277777775675,0.3875,14
1863,6913,7.8965277777775675,0.3875,14
1864,6914,7.8965277777775675,0.3875,14
1865,6915,7.8965277777775675,0.3875,14
1866,6916,7.8965277777775675,0.3875,14
1867,6917,7.8965277777775675,0.3875,14
1868,6918,7.8965277777775675,0.3875,14
1869,6919,7.8965277777775675,0.3875,14
1870,6920,7.8965277777775675,0.3875,14
1871,6921,7.8965277777775675,0.3875,14
1872,6922,7.8965277777775675,0.3875,14
1873,6923,7.8965277777775675,0.3875,14
1874,6924,7.8965277777775675,0.3875,14
1875,6925,7.8965277777775675,0.3875,14
1876,6926,7.8965277777775675,0.3875,14
1877,6927,7.8965277777775675,0.3875,14
1878,6928,7.8965277777775675,0.3875,14
1879,6929,7.8965277777775675,0.3875,14
1880,6930,7.8965277777775675,0.3875,14
1881,6931,7.8965277777775675,0.3875,14
1882,6932,7.8965277777775675,0.3875,14
1883,6933,7.8965277777775675,0.3875,14
1884,6934,7.902291666666456,0.3875,-1
1885,6935,7.908055555555345,0.3875,-1
1886,6936,7.913819444444234,0.3875,-1
1887,6937,7.919583333333122,0.3875,-1
1888,6938,7.925347222222011,0.3875,-1
1889,6939,7.9311111111109,0.3875,-1
1890,6940,7.936874999999788,0.3875,-1
1891,6941,7.942638888888677,0.3875,-1
1892,6942,7.948402777777566,0.3875,-1
1893,6943,7.954166666666454,0.3875,-1
1894,6944,7.959930555555343,0.3875,-1
1895,6945,7.965694444444232,0.3875,-1
1896,6946,7.97145833333312,0.3875,-1
1897,6947,7.977222222222009,0.3875,-1
1898,6948,7.982986111110898,0.3875,-1
1899,6949,7.988749999999786,0.3875,-1
1900,6950,7.994513888888675,0.3875,-1
1901,6951,8.000277777777564,0.3875,-1
1902,6952,8.006041666666453,0.3875,-1
1903,6953,8.011805555555343,0.3875,-1
1904,6954,8.017569444444232,0.3875,-1
1905,6955,8.023333333333122,0.3875,-1
1906,6956,8.029097222222012,0.3875,-1
1907,6957,8.034861111110901,0.3875,-1
1908,6958,8.04062499999979,0.3875,-1
1909,6959,8.04638888888868,0.3875,-1
1910,6960,8.05215277777757,0.3875,-1
1911,6961,8.05791666666646,0.3875,-1
1912,6962,8.063680555555349,0.3875,-1
1913,6963,8.069444444444239,0.3875,-1
1914,6964,8.075208333333128,0.3875,-1
1915,6965,8.080972222222018,0.3875,-1
1916,6966,8.086736111110907,0.3875,-1
1917,6967,8.092499999999797,0.3875,-1
1918,6968,8.098263888888686,0.3875,-1
1919,6969,8.104027777777576,0.3875,-1
1920,6970,8.109791666666466,0.3875,-1
1921,6971,8.115555555555355,0.3875,-1
1922,6972,8.121319444444245,0.3875,-1
1923,6973,8.127083333333134,0.3875,-1
1924,6974,8.132847222222024,0.3875,-1
1925,6975,8.138611111110913,0.3875,-1
1926,6976,8.144374999999803,0.3875,-1
1927,6977,8.150138888888693,0.3875,-1
1928,6978,8.155902777777582,0.3875,-1
1929,6979,8.161666666666472,0.3875,-1
1930,6980,8.167430555555361,0.3875,-1
1931,6981,8.17319444444425,0.3875,-1
1932,6982,8.17895833333314,0.3875,-1
1933,6983,8.18472222222203,0.3875,-1
1934,6984,8.19048611111092,0.3875,-1
1935,6985,8.196249999999809,0.3875,-1
1936,6986,8.202013888888699,0.3875,-1
1937,6987,8.207777777777588,0.3875,-1
1938,6988,8.213541666666478,0.3875,-1
1939,6989,8.219305555555367,0.3875,-1
1940,6990,8.225069444444257,0.3875,-1
1941,6991,8.230833333333146,0.3875,-1
1942,6992,8.236597222222036,0.3875,-1
1943,6993,8.242361111110926,0.3875,-1
1944,6994,8.248124999999815,0.3875,-1
1945,6995,8.253888888888705,0.3875,-1
1946,6996,8.259652777777594,0.3875,-1
1947,6997,8.265416666666484,0.3875,-1
1948,6998,8.271180555555373,0.3875,-1
1949,6999,8.271180555555373,0.4375,15
1950,7000,8.271180555555373,0.4375,15
1951,7001,8.271180555555373,0.4375,15
1952,7002,8.271180555555373,0.4375,15
1953,7003,8.271180555555373,0.4375,15
1954,7004,8.271180555555373,0.4375,15
1955,7005,8.271180555555373,0.4375,15
1956,7006,8.271180555555373,0.4375,15
1957,7007,8.271180555555373,0.4375,15
1958,7008,8.271180555555373,0.4375,15
1959,7009,8.271180555555373,0.4375,15
1960,7010,8.271180555555373,0.4375,15
1961,7011,8.271180555555373,0.4375,15
1962,7012,8.271180555555373,0.4375,15
1963,7013,8.271180555555373,0.4375,15
1964,7014,8.271180555555373,0.4375,15
1965,7015,8.271180555555373,0.4375,15
1966,7016,8.271180555555373,0.4375,15
1967,7017,8.271180555555373,0.4375,15
1968,7018,8.271180555555373,0.4375,15
1969,7019,8.271180555555373,0.4375,15
1970,7020,8.271180555555373,0.4375,15
1971,7021,8.271180555555373,0.4375,15
1972,7022,8.271180555555373,0.4375,15
1973,7023,8.271180555555373,0.4375,15
1974,7024,8.271180555555373,0.4375,15
1975,7025,8.271180555555373,0.4375,15
1976,7026,8.271180555555373,0.4375,15
1977,7027,8.271180555555373,0.4375,15
1978,7028,8.271180555555373,0.4375,15
1979,7029,8.271180555555373,0.4375,15
1980,7030,8.271180555555373,0.4375,15
1981,7031,8.271180555555373,0.4375,15
1982,7032,8.271180555555373,0.4375,15
1983,7033,8.271180555555373,0.4375,15
1984,7034,8.271180555555373,0.4375,15
1985,7035,8.271180555555373,0.4375,15
1986,7036,8.271180555555373,0.4375,15
1987,7037,8.271180555555373,0.4375,15
1988,7038,8.271180555555373,0.4375,15
1989,7039,8.271180555555373,0.4375,15
1990,7040,8.271180555555373,0.4375,15
1991,7041,8.271180555555373,0.4375,15
1992,7042,8.276944444444263,0.4375,-1
1993,7043,8.282708333333153,0.4375,-1
1994,7044,8.288472222222042,0.4375,-1
1995,7045,8.294236111110932,0.4375,-1
1996,7046,8.299999999999821,0.4375,-1
1997,7047,8.30576388888871,0.4375,-1
1998,7048,8.3115277777776,0.4375,-1
1999,7049,8.31729166666649,0.4375,-1
2000,7050,8.32305555555538,0.4375,-1
2001,7051,8.32881944444427,0.4375,-1
2002,7052,8.334583333333159,0.4375,-1
2003,7053,8.340347222222048,0.4375,-1
2004,7054,8.346111111110938,0.4375,-1
2005,7055,8.351874999999827,0.4375,-1
2006,7056,8.357638888888717,0.4375,-1
2007,7057,8.363402777777607,0.4375,-1
2008,7058,8.369166666666496,0.4375,-1
2009,7059,8.374930555555386,0.4375,-1
2010,7060,8.380694444444275,0.4375,-1
2011,7061,8.386458333333165,0.4375,-1
2012,7062,8.392222222222054,0.4375,-1
2013,7063,8.397986111110944,0.4375,-1
2014,7064,8.403749999999834,0.4375,-1
2015,7065,8.409513888888723,0.4375,-1
2016,7066,8.415277777777613,0.4375,-1
2017,7067,8.421041666666502,0.4375,-1
2018,7068,8.426805555555392,0.4375,-1
2019,7069,8.432569444444281,0.4375,-1
2020,7070,8.438333333333171,0.4375,-1
2021,7071,8.44409722222206,0.4375,-1
2022,7072,8.44986111111095,0.4375,-1
2023,7073,8.45562499999984,0.4375,-1
2024,7074,8.46138888888873,0.4375,-1
2025,7075,8.467152777777619,0.4375,-1
2026,7076,8.472916666666508,0.4375,-1
2027,7077,8.478680555555398,0.4375,-1
2028,7078,8.484444444444287,0.4375,-1
2029,7079,8.490208333333177,0.4375,-1
2030,7080,8.495972222222067,0.4375,-1
2031,7081,8.501736111110956,0.4375,-1
2032,7082,8.507499999999846,0.4375,-1
2033,7083,8.513263888888735,0.4375,-1
2034,7084,8.519027777777625,0.4375,-1
2035,7085,8.524791666666514,0.4375,-1
2036,7086,8.530555555555404,0.4375,-1
2037,7087,8.536319444444294,0.4375,-1
2038,7088,8.542083333333183,0.4375,-1
2039,7089,8.547847222222073,0.4375,-1
2040,7090,8.553611111110962,0.4375,-1
2041,7091,8.559374999999852,0.4375,-1
2042,7092,8.565138888888741,0.4375,-1
2043,7093,8.570902777777631,0.4375,-1
2044,7094,8.57666666666652,0.4375,-1
2045,7095,8.58243055555541,0.4375,-1
2046,7096,8.5881944444443,0.4375,-1
2047,7097,8.59395833333319,0.4375,-1
2048,7098,8.599722222222079,0.4375,-1
2049,7099,8.605486111110968,0.4375,-1
2050,7100,8.611249999999858,0.4375,-1
2051,7101,8.617013888888748,0.4375,-1
2052,7102,8.622777777777637,0.4375,-1
2053,7103,8.628541666666527,0.4375,-1
2054,7104,8.634305555555416,0.4375,-1
2055,7105,8.640069444444306,0.4375,-1
2056,7106,8.645833333333195,0.4375,-1
2057,7107,8.651597222222085,0.4375,-1
2058,7108,8.657361111110975,0.4375,-1
2059,7109,8.663124999999864,0.4375,-1
2060,7110,8.668888888888754,0.4375,-1
2061,7111,8.674652777777643,0.4375,-1
2062,7112,8.680416666666533,0.4375,-1
2063,7113,8.686180555555422,0.4375,-1
2064,7114,8.691944444444312,0.4375,-1
2065,7115,8.697708333333201,0.4375,-1
2066,7116,8.703472222222091,0.4375,-1
2067,7117,8.70923611111098,0.4375,-1
2068,7118,8.71499999999987,0.4375,-1
2069,7119,8.72076388888876,0.4375,-1
2070,7120,8.72652777777765,0.4375,-1
2071,7121,8.732291666666539,0.4375,-1
2072,7122,8.738055555555428,0.4375,-1
2073,7123,8.743819444444318,0.4375,-1
2074,7124,8.749583333333208,0.4375,-1
2075,7125,8.755347222222097,0.4375,-1
2076,7126,8.761111111110987,0.4375,-1
2077,7127,8.766874999999876,0.4375,-1
2078,7128,8.772638888888766,0.4375,-1
2079,7129,8.778402777777655,0.4375,-1
2080,7130,8.784166666666545,0.4375,-1
2081,7131,8.789930555555435,0.4375,-1
2082,7132,8.795694444444324,0.4375,-1
2083,7133,8.801458333333214,0.4375,-1
2084,7134,8.807222222222103,0.4375,-1
2085,7135,8.812986111110993,0.4375,-1
2086,7136,8.818749999999882,0.4375,-1
2087,7137,8.824513888888772,0.4375,-1
2088,7138,8.830277777777662,0.4375,-1
2089,7139,8.836041666666551,0.4375,-1
2090,7140,8.84180555555544,0.4375,-1
2091,7141,8.84756944444433,0.4375,-1
2092,7142,8.85333333333322,0.4375,-1
2093,7143,8.85909722222211,0.4375,-1
2094,7144,8.864861111110999,0.4375,-1
2095,7145,8.870624999999889,0.4375,-1
2096,7146,8.876388888888778,0.4375,-1
2097,7147,8.882152777777668,0.4375,-1
2098,7148,8.887916666666557,0.4375,-1
2099,7149,8.887916666666557,0.5125,16
2100,7150,8.887916666666557,0.5125,16
2101,7151,8.887916666666557,0.5125,16
2102,7152,8.887916666666557,0.5125,16
2103,7153,8.887916666666557,0.5125,16
2104,7154,8.887916666666557,0.5125,16
2105,7155,8.887916666666557,0.5125,16
2106,7156,8.887916666666557,0.5125,16
2107,7157,8.887916666666557,0.5125,16
2108,7158,8.887916666666557,0.5125,16
2109,7159,8.887916666666557,0.5125,16
2110,7160,8.887916666666557,0.5125,16
2111,7161,8.887916666666557,0.5125,16
2112,7162,8.887916666666557,0.5125,16
2113,7163,8.887916666666557,0.5125,16
2114,7164,8.887916666666557,0.5125,16
2115,7165,8.887916666666557,0.5125,16
2116,7166,8.887916666666557,0.5125,16
2117,7167,8.887916666666557,0.5125,16
2118,7168,8.887916666666557,0.5125,16
2119,7169,8.887916666666557,0.5125,16
2120,7170,8.887916666666557,0.5125,16
2121,7171,8.887916666666557,0.5125,16
2122,7172,8.887916666666557,0.5125,16
2123,7173,8.887916666666557,0.5125,16
2124,7174,8.887916666666557,0.5125,16
2125,7175,8.887916666666557,0.5125,16
2126,7176,8.887916666666557,0.5125,16
2127,7177,8.887916666666557,0.5125,16
2128,7178,8.887916666666557,0.5125,16
2129,7179,8.887916666666557,0.5125,16
2130,7180,8.887916666666557,0.5125,16
2131,7181,8.887916666666557,0.5125,16
2132,7182,8.887916666666557,0.5125,16
2133,7183,8.887916666666557,0.5125,16
2134,7184,8.887916666666557,0.5125,16
2135,7185,8.887916666666557,0.5125,16
2136,7186,8.887916666666557,0.5125,16
2137,7187,8.887916666666557,0.5125,16
2138,7188,8.887916666666557,0.5125,16
2139,7189,8.887916666666557,0.5125,16
2140,7190,8.887916666666557,0.5125,16
2141,7191,8.887916666666557,0.5125,16
2142,7192,8.887916666666557,0.5125,16
2143,7193,8.887916666666557,0.5125,16
2144,7194,8.887916666666557,0.5125,16
2145,7195,8.887916666666557,0.5125,16
2146,7196,8.887916666666557,0.5125,16
2147,7197,8.887916666666557,0.5125,16
2148,7198,8.887916666666557,0.5125,16
2149,7199,8.887916666666557,0.5125,16
2150,7200,8.887916666666557,0.5125,16
2151,7201,8.887916666666557,0.5125,16
2152,7202,8.887916666666557,0.5125,16
2153,7203,8.887916666666557,0.5125,16
2154,7204,8.887916666666557,0.5125,16
2155,7205,8.887916666666557,0.5125,16
2156,7206,8.887916666666557,0.5125,16
2157,7207,8.887916666666557,0.5125,16
2158,7208,8.887916666666557,0.5125,16
2159,7209,8.887916666666557,0.5125,16
2160,7210,8.887916666666557,0.5125,16
2161,7211,8.887916666666557,0.5125,16
2162,7212,8.887916666666557,0.5125,16
2163,7213,8.887916666666557,0.5125,16
2164,7214,8.887916666666557,0.5125,16
2165,7215,8.887916666666557,0.5125,16
2166,7216,8.887916666666557,0.5125,16
2167,7217,8.887916666666557,0.5125,16
2168,7218,8.887916666666557,0.5125,16
2169,7219,8.887916666666557,0.5125,16
2170,7220,8.887916666666557,0.5125,16
2171,7221,8.887916666666557,0.5125,16
2172,7222,8.887916666666557,0.5125,16
2173,7223,8.887916666666557,0.5125,16
2174,7224,8.887916666666557,0.5125,16
2175,7225,8.887916666666557,0.5125,16
2176,7226,8.887916666666557,0.5125,16
2177,7227,8.887916666666557,0.5125,16
2178,7228,8.887916666666557,0.5125,16
2179,7229,8.887916666666557,0.5125,16
2180,7230,8.887916666666557,0.5125,16
2181,7231,8.887916666666557,0.5125,16
2182,7232,8.887916666666557,0.5125,16
2183,7233,8.887916666666557,0.5125,16
2184,7234,8.887916666666557,0.5125,16
2185,7235,8.887916666666557,0.5125,16
2186,7236,8.887916666666557,0.5125,16
2187,7237,8.887916666666557,0.5125,16
2188,7238,8.887916666666557,0.5125,16
2189,7239,8.887916666666557,0.5125,16
2190,7240,8.887916666666557,0.5125,16
2191,7241,8.887916666666557,0.5125,16
2192,7242,8.887916666666557,0.5125,16
2193,7243,8.887916666666557,0.5125,16
2194,7244,8.893680555555447,0.5125,-1
2195,7245,8.899444444444336,0.5125,-1
2196,7246,8.905208333333226,0.5125,-1
2197,7247,8.910972222222115,0.5125,-1
2198,7248,8.916736111111005,0.5125,-1
2199,7249,8.922499999999895,0.5125,-1
2200,7250,8.928263888888784,0.5125,-1
2201,7251,8.934027777777674,0.5125,-1
2202,7252,8.939791666666563,0.5125,-1
2203,7253,8.945555555555453,0.5125,-1
2204,7254,8.951319444444342,0.5125,-1
2205,7255,8.957083333333232,0.5125,-1
2206,7256,8.962847222222122,0.5125,-1
2207,7257,8.968611111111011,0.5125,-1
2208,7258,8.9743749999999,0.5125,-1
2209,7259,8.98013888888879,0.5125,-1
2210,7260,8.98590277777768,0.5125,-1
2211,7261,8.99166666666657,0.5125,-1
2212,7262,8.997430555555459,0.5125,-1
2213,7263,9.003194444444349,0.5125,-1
2214,7264,9.008958333333238,0.5125,-1
2215,7265,9.014722222222128,0.5125,-1
2216,7266,9.020486111111017,0.5125,-1
2217,7267,9.026249999999907,0.5125,-1
2218,7268,9.032013888888796,0.5125,-1
2219,7269,9.037777777777686,0.5125,-1
2220,7270,9.043541666666576,0.5125,-1
2221,7271,9.049305555555465,0.5125,-1
2222,7272,9.055069444444355,0.5125,-1
2223,7273,9.060833333333244,0.5125,-1
2224,7274,9.066597222222134,0.5125,-1
2225,7275,9.072361111111023,0.5125,-1
2226,7276,9.078124999999913,0.5125,-1
2227,7277,9.083888888888803,0.5125,-1
2228,7278,9.089652777777692,0.5125,-1
2229,7279,9.095416666666582,0.5125,-1
2230,7280,9.101180555555471,0.5125,-1
2231,7281,9.10694444444436,0.5125,-1
2232,7282,9.11270833333325,0.5125,-1
2233,7283,9.11847222222214,0.5125,-1
2234,7284,9.12423611111103,0.5125,-1
2235,7285,9.129999999999919,0.5125,-1
2236,7286,9.135763888888809,0.5125,-1
2237,7287,9.141527777777698,0.5125,-1
2238,7288,9.147291666666588,0.5125,-1
2239,7289,9.153055555555477,0.5125,-1
2240,7290,9.158819444444367,0.5125,-1
2241,7291,9.164583333333256,0.5125,-1
2242,7292,9.170347222222146,0.5125,-1
2243,7293,9.176111111111036,0.5125,-1
2244,7294,9.181874999999925,0.5125,-1
2245,7295,9.187638888888815,0.5125,-1
2246,7296,9.193402777777704,0.5125,-1
2247,7297,9.199166666666594,0.5125,-1
2248,7298,9.204930555555483,0.5125,-1
2249,7299,9.210694444444373,0.5125,-1
2250,7300,9.216458333333263,0.5125,-1
2251,7301,9.222222222222152,0.5125,-1
2252,7302,9.227986111111042,0.5125,-1
2253,7303,9.233749999999931,0.5125,-1
2254,7304,9.23951388888882,0.5125,-1
2255,7305,9.24527777777771,0.5125,-1
2256,7306,9.2510416666666,0.5125,-1
2257,7307,9.25680555555549,0.5125,-1
2258,7308,9.26256944444438,0.5125,-1
2259,7309,9.268333333333269,0.5125,-1
2260,7310,9.274097222222158,0.5125,-1
2261,7311,9.279861111111048,0.5125,-1
2262,7312,9.285624999999937,0.5125,-1
2263,7313,9.291388888888827,0.5125,-1
2264,7314,9.297152777777717,0.5125,-1
2265,7315,9.302916666666606,0.5125,-1
2266,7316,9.308680555555496,0.5125,-1
2267,7317,9.314444444444385,0.5125,-1
2268,7318,9.320208333333275,0.5125,-1
2269,7319,9.325972222222164,0.5125,-1
2270,7320,9.331736111111054,0.5125,-1
2271,7321,9.337499999999944,0.5125,-1
2272,7322,9.343263888888833,0.5125,-1
2273,7323,9.349027777777723,0.5125,-1
2274,7324,9.354791666666612,0.5125,-1
2275,7325,9.354791666666612,0.55,17
2276,7326,9.354791666666612,0.55,17
2277,7327,9.354791666666612,0.55,17
2278,7328,9.354791666666612,0.55,17
2279,7329,9.354791666666612,0.55,17
2280,7330,9.354791666666612,0.55,17
2281,7331,9.354791666666612,0.55,17
2282,7332,9.354791666666612,0.55,17
2283,7333,9.354791666666612,0.55,17
2284,7334,9.354791666666612,0.55,17
2285,7335,9.354791666666612,0.55,17
2286,7336,9.354791666666612,0.55,17
2287,7337,9.354791666666612,0.55,17
2288,7338,9.354791666666612,0.55,17
2289,7339,9.354791666666612,0.55,17
2290,7340,9.360555555555502,0.55,-1
2291,7341,9.366319444444391,0.55,-1
2292,7342,9.372083333333281,0.55,-1
2293,7343,9.37784722222217,0.55,-1
2294,7344,9.38361111111106,0.55,-1
2295,7345,9.38937499999995,0.55,-1
2296,7346,9.39513888888884,0.55,-1
2297,7347,9.400902777777729,0.55,-1
2298,7348,9.406666666666618,0.55,-1
2299,7349,9.412430555555508,0.55,-1
2300,7350,9.418194444444397,0.55,-1
2301,7351,9.423958333333287,0.55,-1
2302,7352,9.429722222222177,0.55,-1
2303,7353,9.435486111111066,0.55,-1
2304,7354,9.441249999999956,0.55,-1
2305,7355,9.447013888888845,0.55,-1
2306,7356,9.452777777777735,0.55,-1
2307,7357,9.458541666666624,0.55,-1
2308,7358,9.464305555555514,0.55,-1
2309,7359,9.470069444444404,0.55,-1
2310,7360,9.475833333333293,0.55,-1
2311,7361,9.481597222222183,0.55,-1
2312,7362,9.487361111111072,0.55,-1
2313,7363,9.493124999999962,0.55,-1
2314,7364,9.498888888888851,0.55,-1
2315,7365,9.504652777777741,0.55,-1
2316,7366,9.51041666666663,0.55,-1
2317,7367,9.51618055555552,0.55,-1
2318,7368,9.52194444444441,0.55,-1
2319,7369,9.5277083333333,0.55,-1
2320,7370,9.533472222222189,0.55,-1
2321,7371,9.539236111111078,0.55,-1
2322,7372,9.544999999999968,0.55,-1
2323,7373,9.550763888888858,0.55,-1
2324,7374,9.556527777777747,0.55,-1
2325,7375,9.562291666666637,0.55,-1
2326,7376,9.568055555555526,0.55,-1
2327,7377,9.573819444444416,0.55,-1
2328,7378,9.579583333333305,0.55,-1
2329,7379,9.585347222222195,0.55,-1
2330,7380,9.591111111111084,0.55,-1
2331,7381,9.596874999999974,0.55,-1
2332,7382,9.602638888888864,0.55,-1
2333,7383,9.608402777777753,0.55,-1
2334,7384,9.614166666666643,0.55,-1
2335,7385,9.619930555555532,0.55,-1
2336,7386,9.625694444444422,0.55,-1
2337,7387,9.631458333333311,0.55,-1
2338,7388,9.637222222222201,0.55,-1
2339,7389,9.64298611111109,0.55,-1
2340,7390,9.64874999999998,0.55,-1
2341,7391,9.65451388888887,0.55,-1
2342,7392,9.66027777777776,0.55,-1
2343,7393,9.666041666666649,0.55,-1
2344,7394,9.671805555555538,0.55,-1
2345,7395,9.677569444444428,0.55,-1
2346,7396,9.683333333333318,0.55,-1
2347,7397,9.689097222222207,0.55,-1
2348,7398,9.694861111111097,0.55,-1
2349,7399,9.700624999999986,0.55,-1
2350,7400,9.706388888888876,0.55,-1
2351,7401,9.712152777777765,0.55,-1
2352,7402,9.717916666666655,0.55,-1
2353,7403,9.723680555555545,0.55,-1
2354,7404,9.729444444444434,0.55,-1
2355,7405,9.735208333333324,0.55,-1
2356,7406,9.740972222222213,0.55,-1
2357,7407,9.746736111111103,0.55,-1
2358,7408,9.752499999999992,0.55,-1
2359,7409,9.758263888888882,0.55,-1
2360,7410,9.764027777777772,0.55,-1
2361,7411,9.769791666666661,0.55,-1
2362,7412,9.77555555555555,0.55,-1
2363,7413,9.77555555555555,0.625,18
2364,7414,9.77555555555555,0.625,18
2365,7415,9.77555555555555,0.625,18
2366,7416,9.77555555555555,0.625,18
2367,7417,9.77555555555555,0.625,18
2368,7418,9.77555555555555,0.625,18
2369,7419,9.77555555555555,0.625,18
2370,7420,9.77555555555555,0.625,18
2371,7421,9.77555555555555,0.625,18
2372,7422,9.77555555555555,0.625,18
2373,7423,9.77555555555555,0.625,18
2374,7424,9.77555555555555,0.625,18
2375,7425,9.77555555555555,0.625,18
2376,7426,9.77555555555555,0.625,18
2377,7427,9.77555555555555,0.625,18
2378,7428,9.77555555555555,0.625,18
2379,7429,9.77555555555555,0.625,18
2380,7430,9.77555555555555,0.625,18
2381,7431,9.77555555555555,0.625,18
2382,7432,9.77555555555555,0.625,18
2383,7433,9.77555555555555,0.625,18
2384,7434,9.77555555555555,0.625,18
2385,7435,9.77555555555555,0.625,18
2386,7436,9.77555555555555,0.625,18
2387,7437,9.77555555555555,0.625,18
2388,7438,9.77555555555555,0.625,18
2389,7439,9.77555555555555,0.625,18
2390,7440,9.78131944444444,0.625,-1
2391,7441,9.78708333333333,0.625,-1
2392,7442,9.79284722222222,0.625,-1
2393,7443,9.798611111111109,0.625,-1
2394,7444,9.804374999999999,0.625,-1
2395,7445,9.810138888888888,0.625,-1
2396,7446,9.815902777777778,0.625,-1
2397,7447,9.821666666666667,0.625,-1
2398,7448,9.827430555555557,0.625,-1
2399,7449,9.833194444444446,0.625,-1
2400,7450,9.838958333333336,0.625,-1
2401,7451,9.844722222222225,0.625,-1
2402,7452,9.850486111111115,0.625,-1
2403,7453,9.856250000000005,0.625,-1
2404,7454,9.862013888888894,0.625,-1
2405,7455,9.867777777777784,0.625,-1
2406,7456,9.873541666666673,0.625,-1
2407,7457,9.879305555555563,0.625,-1
2408,7458,9.885069444444452,0.625,-1
2409,7459,9.890833333333342,0.625,-1
2410,7460,9.896597222222232,0.625,-1
2411,7461,9.902361111111121,0.625,-1
2412,7462,9.90812500000001,0.625,-1
2413,7463,9.9138888888889,0.625,-1
2414,7464,9.91965277777779,0.625,-1
2415,7465,9.92541666666668,0.625,-1
2416,7466,9.931180555555569,0.625,-1
2417,7467,9.936944444444459,0.625,-1
2418,7468,9.942708333333348,0.625,-1
2419,7469,9.948472222222238,0.625,-1
2420,7470,9.954236111111127,0.625,-1
2421,7471,9.960000000000017,0.625,-1
2422,7472,9.965763888888906,0.625,-1
2423,7473,9.971527777777796,0.625,-1
2424,7474,9.977291666666686,0.625,-1
2425,7475,9.983055555555575,0.625,-1
2426,7476,9.988819444444465,0.625,-1
2427,7477,9.994583333333354,0.625,-1
2428,7478,10.000347222222244,0.625,-1
2429,7479,10.006111111111133,0.625,-1
2430,7480,10.011875000000023,0.625,-1
2431,7481,10.017638888888913,0.625,-1
2432,7482,10.023402777777802,0.625,-1
2433,7483,10.029166666666692,0.625,-1
2434,7484,10.034930555555581,0.625,-1
2435,7485,10.04069444444447,0.625,-1
2436,7486,10.04645833333336,0.625,-1
2437,7487,10.05222222222225,0.625,-1
2438,7488,10.05798611111114,0.625,-1
2439,7489,10.063750000000029,0.625,-1
2440,7490,10.069513888888919,0.625,-1
2441,7491,10.075277777777808,0.625,-1
2442,7492,10.081041666666698,0.625,-1
2443,7493,10.086805555555587,0.625,-1
2444,7494,10.092569444444477,0.625,-1
2445,7495,10.098333333333366,0.625,-1
2446,7496,10.104097222222256,0.625,-1
2447,7497,10.109861111111146,0.625,-1
2448,7498,10.115625000000035,0.625,-1
2449,7499,10.121388888888925,0.625,-1
2450,7500,10.127152777777814,0.625,-1
2451,7501,10.132916666666704,0.625,-1
2452,7502,10.138680555555593,0.625,-1
2453,7503,10.144444444444483,0.625,-1
2454,7504,10.150208333333373,0.625,-1
2455,7505,10.155972222222262,0.625,-1
2456,7506,10.161736111111152,0.625,-1
2457,7507,10.167500000000041,0.625,-1
2458,7508,10.167500000000041,0.65,19
2459,7509,10.167500000000041,0.65,19
2460,7510,10.167500000000041,0.65,19
2461,7511,10.167500000000041,0.65,19
2462,7512,10.167500000000041,0.65,19
2463,7513,10.167500000000041,0.65,19
2464,7514,10.167500000000041,0.65,19
2465,7515,10.167500000000041,0.65,19
2466,7516,10.167500000000041,0.65,19
2467,7517,10.17326388888893,0.65,-1
2468,7518,10.17902777777782,0.65,-1
2469,7519,10.18479166666671,0.65,-1
2470,7520,10.1905555555556,0.65,-1
2471,7521,10.19631944444449,0.65,-1
2472,7522,10.202083333333379,0.65,-1
2473,7523,10.207847222222268,0.65,-1
2474,7524,10.213611111111158,0.65,-1
2475,7525,10.219375000000047,0.65,-1
2476,7526,10.225138888888937,0.65,-1
2477,7527,10.230902777777827,0.65,-1
2478,7528,10.236666666666716,0.65,-1
2479,7529,10.242430555555606,0.65,-1
2480,7530,10.248194444444495,0.65,-1
2481,7531,10.253958333333385,0.65,-1
2482,7532,10.259722222222274,0.65,-1
2483,7533,10.265486111111164,0.65,-1
2484,7534,10.271250000000054,0.65,-1
2485,7535,10.277013888888943,0.65,-1
2486,7536,10.282777777777833,0.65,-1
2487,7537,10.288541666666722,0.65,-1
2488,7538,10.294305555555612,0.65,-1
2489,7539,10.300069444444501,0.65,-1
2490,7540,10.305833333333391,0.65,-1
2491,7541,10.31159722222228,0.65,-1
2492,7542,10.31736111111117,0.65,-1
2493,7543,10.32312500000006,0.65,-1
2494,7544,10.32888888888895,0.65,-1
2495,7545,10.334652777777839,0.65,-1
2496,7546,10.340416666666728,0.65,-1
2497,7547,10.346180555555618,0.65,-1
2498,7548,10.351944444444507,0.65,-1
2499,7549,10.357708333333397,0.65,-1
2500,7550,10.363472222222287,0.65,-1
2501,7551,10.369236111111176,0.65,-1
2502,7552,10.375000000000066,0.65,-1
2503,7553,10.380763888888955,0.65,-1
2504,7554,10.386527777777845,0.65,-1
2505,7555,10.392291666666734,0.65,-1
2506,7556,10.398055555555624,0.65,-1
2507,7557,10.403819444444514,0.65,-1
2508,7558,10.409583333333403,0.65,-1
2509,7559,10.415347222222293,0.65,-1
2510,7560,10.421111111111182,0.65,-1
2511,7561,10.426875000000072,0.65,-1
2512,7562,10.432638888888961,0.65,-1
2513,7563,10.438402777777851,0.65,-1
2514,7564,10.44416666666674,0.65,-1
2515,7565,10.44993055555563,0.65,-1
2516,7566,10.45569444444452,0.65,-1
2517,7567,10.46145833333341,0.65,-1
2518,7568,10.467222222222299,0.65,-1
2519,7569,10.472986111111188,0.65,-1
2520,7570,10.478750000000078,0.65,-1
2521,7571,10.484513888888968,0.65,-1
2522,7572,10.490277777777857,0.65,-1
2523,7573,10.496041666666747,0.65,-1
2524,7574,10.501805555555636,0.65,-1
2525,7575,10.507569444444526,0.65,-1
2526,7576,10.513333333333415,0.65,-1
2527,7577,10.519097222222305,0.65,-1
2528,7578,10.524861111111194,0.65,-1
2529,7579,10.530625000000084,0.65,-1
2530,7580,10.536388888888974,0.65,-1
2531,7581,10.542152777777863,0.65,-1
2532,7582,10.547916666666753,0.65,-1
2533,7583,10.553680555555642,0.65,-1
2534,7584,10.559444444444532,0.65,-1
2535,7585,10.565208333333421,0.65,-1
2536,7586,10.570972222222311,0.65,-1
2537,7587,10.5767361111112,0.65,-1
2538,7588,10.58250000000009,0.65,-1
2539,7589,10.58826388888898,0.65,-1
2540,7590,10.59402777777787,0.65,-1
2541,7591,10.599791666666759,0.65,-1
2542,7592,10.605555555555648,0.65,-1
2543,7593,10.611319444444538,0.65,-1
2544,7594,10.617083333333428,0.65,-1
2545,7595,10.622847222222317,0.65,-1
2546,7596,10.628611111111207,0.65,-1
2547,7597,10.634375000000096,0.65,-1
2548,7598,10.640138888888986,0.65,-1
2549,7599,10.645902777777875,0.65,-1
2550,7600,10.651666666666765,0.65,-1
2551,7601,10.657430555555655,0.65,-1
2552,7602,10.663194444444544,0.65,-1
2553,7603,10.668958333333434,0.65,-1
2554,7604,10.674722222222323,0.65,-1
2555,7605,10.680486111111213,0.65,-1
2556,7606,10.686250000000102,0.65,-1
2557,7607,10.692013888888992,0.65,-1
2558,7608,10.697777777777882,0.65,-1
2559,7609,10.703541666666771,0.65,-1
2560,7610,10.70930555555566,0.65,-1
2561,7611,10.71506944444455,0.65,-1
2562,7612,10.72083333333344,0.65,-1
2563,7613,10.72659722222233,0.65,-1
2564,7614,10.732361111111219,0.65,-1
2565,7615,10.738125000000108,0.65,-1
2566,7616,10.743888888888998,0.65,-1
2567,7617,10.749652777777888,0.65,-1
2568,7618,10.755416666666777,0.65,-1
2569,7619,10.761180555555667,0.65,-1
2570,7620,10.766944444444556,0.65,-1
2571,7621,10.772708333333446,0.65,-1
2572,7622,10.778472222222335,0.65,-1
2573,7623,10.784236111111225,0.65,-1
2574,7624,10.790000000000115,0.65,-1
2575,7625,10.795763888889004,0.65,-1
2576,7626,10.801527777777894,0.65,-1
2577,7627,10.807291666666783,0.65,-1
2578,7628,10.813055555555673,0.65,-1
2579,7629,10.818819444444562,0.65,-1
2580,7630,10.824583333333452,0.65,-1
2581,7631,10.830347222222342,0.65,-1
2582,7632,10.836111111111231,0.65,-1
2583,7633,10.84187500000012,0.65,-1
2584,7634,10.84763888888901,0.65,-1
2585,7635,10.84763888888901,0.9375,20
2586,7636,10.84763888888901,0.9375,20
2587,7637,10.84763888888901,0.9375,20
2588,7638,10.84763888888901,0.9375,20
2589,7639,10.84763888888901,0.9375,20
2590,7640,10.84763888888901,0.9375,20
2591,7641,10.84763888888901,0.9375,20
2592,7642,10.84763888888901,0.9375,20
2593,7643,10.84763888888901,0.9375,20
2594,7644,10.84763888888901,0.9375,20
2595,7645,10.84763888888901,0.9375,20
2596,7646,10.84763888888901,0.9375,20
2597,7647,10.84763888888901,0.9375,20
2598,7648,10.84763888888901,0.9375,20
2599,7649,10.84763888888901,0.9375,20
2600,7650,10.84763888888901,0.9375,20
2601,7651,10.84763888888901,0.9375,20
2602,7652,10.84763888888901,0.9375,20
2603,7653,10.84763888888901,0.9375,20
2604,7654,10.84763888888901,0.9375,20
2605,7655,10.84763888888901,0.9375,20
2606,7656,10.84763888888901,0.9375,20
2607,7657,10.84763888888901,0.9375,20
2608,7658,10.84763888888901,0.9375,20
2609,7659,10.84763888888901,0.9375,20
2610,7660,10.84763888888901,0.9375,20
2611,7661,10.84763888888901,0.9375,20
2612,7662,10.84763888888901,0.9375,20
2613,7663,10.84763888888901,0.9375,20
2614,7664,10.84763888888901,0.9375,20
2615,7665,10.84763888888901,0.9375,20
2616,7666,10.84763888888901,0.9375,20
2617,7667,10.84763888888901,0.9375,20
2618,7668,10.84763888888901,0.9375,20
2619,7669,10.84763888888901,0.9375,20
2620,7670,10.84763888888901,0.9375,20
2621,7671,10.84763888888901,0.9375,20
2622,7672,10.84763888888901,0.9375,20
2623,7673,10.84763888888901,0.9375,20
2624,7674,10.84763888888901,0.9375,20
2625,7675,10.84763888888901,0.9375,20
2626,7676,10.84763888888901,0.9375,20
2627,7677,10.84763888888901,0.9375,20
2628,7678,10.84763888888901,0.9375,20
2629,7679,10.84763888888901,0.9375,20
2630,7680,10.84763888888901,0.9375,20
2631,7681,10.84763888888901,0.9375,20
2632,7682,10.84763888888901,0.9375,20
2633,7683,10.84763888888901,0.9375,20
2634,7684,10.84763888888901,0.9375,20
2635,7685,10.84763888888901,0.9375,20
2636,7686,10.84763888888901,0.9375,20
2637,7687,10.84763888888901,0.9375,20
2638,7688,10.84763888888901,0.9375,20
2639,7689,10.84763888888901,0.9375,20
2640,7690,10.84763888888901,0.9375,20
2641,7691,10.84763888888901,0.9375,20
2642,7692,10.84763888888901,0.9375,20
2643,7693,10.84763888888901,0.9375,20
2644,7694,10.84763888888901,0.9375,20
2645,7695,10.84763888888901,0.9375,20
2646,7696,10.84763888888901,0.9375,20
2647,7697,10.84763888888901,0.9375,20
2648,7698,10.84763888888901,0.9375,20
2649,7699,10.84763888888901,0.9375,20
2650,7700,10.84763888888901,0.9375,20
2651,7701,10.84763888888901,0.9375,20
2652,7702,10.84763888888901,0.9375,20
2653,7703,10.84763888888901,0.9375,20
2654,7704,10.84763888888901,0.9375,20
2655,7705,10.84763888888901,0.9375,20
2656,7706,10.84763888888901,0.9375,20
2657,7707,10.84763888888901,0.9375,20
2658,7708,10.84763888888901,0.9375,20
2659,7709,10.84763888888901,0.9375,20
2660,7710,10.84763888888901,0.9375,20
2661,7711,10.84763888888901,0.9375,20
2662,7712,10.84763888888901,0.9375,20
2663,7713,10.84763888888901,0.9375,20
2664,7714,10.84763888888901,0.9375,20
2665,7715,10.84763888888901,0.9375,20
2666,7716,10.84763888888901,0.9375,20
2667,7717,10.84763888888901,0.9375,20
2668,7718,10.84763888888901,0.9375,20
2669,7719,10.84763888888901,0.9375,20
2670,7720,10.84763888888901,0.9375,20
2671,7721,10.84763888888901,0.9375,20
2672,7722,10.84763888888901,0.9375,20
2673,7723,10.84763888888901,0.9375,20
2674,7724,10.84763888888901,0.9375,20
2675,7725,10.84763888888901,0.9375,20
2676,7726,10.84763888888901,0.9375,20
2677,7727,10.84763888888901,0.9375,20
2678,7728,10.84763888888901,0.9375,20
2679,7729,10.84763888888901,0.9375,20
2680,7730,10.84763888888901,0.9375,20
2681,7731,10.84763888888901,0.9375,20
2682,7732,10.8534027777779,0.9375,-1
2683,7733,10.85916666666679,0.9375,-1
2684,7734,10.864930555555679,0.9375,-1
2685,7735,10.870694444444569,0.9375,-1
2686,7736,10.876458333333458,0.9375,-1
2687,7737,10.882222222222348,0.9375,-1
2688,7738,10.887986111111237,0.9375,-1
2689,7739,10.893750000000127,0.9375,-1
2690,7740,10.899513888889016,0.9375,-1
2691,7741,10.905277777777906,0.9375,-1
2692,7742,10.911041666666796,0.9375,-1
2693,7743,10.916805555555685,0.9375,-1
2694,7744,10.922569444444575,0.9375,-1
2695,7745,10.928333333333464,0.9375,-1
2696,7746,10.934097222222354,0.9375,-1
2697,7747,10.939861111111243,0.9375,-1
2698,7748,10.945625000000133,0.9375,-1
2699,7749,10.951388888889023,0.9375,-1
2700,7750,10.957152777777912,0.9375,-1
2701,7751,10.962916666666802,0.9375,-1
2702,7752,10.968680555555691,0.9375,-1
2703,7753,10.97444444444458,0.9375,-1
2704,7754,10.98020833333347,0.9375,-1
2705,7755,10.98597222222236,0.9375,-1
2706,7756,10.99173611111125,0.9375,-1
2707,7757,10.997500000000139,0.9375,-1
2708,7758,11.003263888889029,0.9375,-1
2709,7759,11.009027777777918,0.9375,-1
2710,7760,11.014791666666808,0.9375,-1
2711,7761,11.020555555555697,0.9375,-1
2712,7762,11.026319444444587,0.9375,-1
2713,7763,11.032083333333476,0.9375,-1
2714,7764,11.037847222222366,0.9375,-1
2715,7765,11.043611111111256,0.9375,-1
2716,7766,11.049375000000145,0.9375,-1
2717,7767,11.055138888889035,0.9375,-1
2718,7768,11.060902777777924,0.9375,-1
2719,7769,11.066666666666814,0.9375,-1
2720,7770,11.072430555555703,0.9375,-1
2721,7771,11.078194444444593,0.9375,-1
2722,7772,11.083958333333483,0.9375,-1
2723,7773,11.089722222222372,0.9375,-1
2724,7774,11.095486111111262,0.9375,-1
2725,7775,11.101250000000151,0.9375,-1
2726,7776,11.10701388888904,0.9375,-1
2727,7777,11.11277777777793,0.9375,-1
2728,7778,11.11854166666682,0.9375,-1
2729,7779,11.12430555555571,0.9375,-1
2730,7780,11.1300694444446,0.9375,-1
2731,7781,11.135833333333489,0.9375,-1
2732,7782,11.141597222222378,0.9375,-1
2733,7783,11.147361111111268,0.9375,-1
2734,7784,11.153125000000157,0.9375,-1
2735,7785,11.158888888889047,0.9375,-1
2736,7786,11.164652777777937,0.9375,-1
2737,7787,11.170416666666826,0.9375,-1
2738,7788,11.176180555555716,0.9375,-1
2739,7789,11.181944444444605,0.9375,-1
2740,7790,11.187708333333495,0.9375,-1
2741,7791,11.193472222222384,0.9375,-1
2742,7792,11.199236111111274,0.9375,-1
2743,7793,11.205000000000163,0.9375,-1
2744,7794,11.210763888889053,0.9375,-1
2745,7795,11.216527777777943,0.9375,-1
2746,7796,11.222291666666832,0.9375,-1
2747,7797,11.228055555555722,0.9375,-1
2748,7798,11.233819444444611,0.9375,-1
2749,7799,11.239583333333501,0.9375,-1
2750,7800,11.24534722222239,0.9375,-1
2751,7801,11.25111111111128,0.9375,-1
2752,7802,11.25687500000017,0.9375,-1
2753,7803,11.26263888888906,0.9375,-1
2754,7804,11.268402777777949,0.9375,-1
2755,7805,11.274166666666838,0.9375,-1
2756,7806,11.279930555555728,0.9375,-1
2757,7807,11.285694444444617,0.9375,-1
2758,7808,11.291458333333507,0.9375,-1
2759,7809,11.297222222222397,0.9375,-1
2760,7810,11.302986111111286,0.9375,-1
2761,7811,11.308750000000176,0.9375,-1
2762,7812,11.314513888889065,0.9375,-1
2763,7813,11.320277777777955,0.9375,-1
2764,7814,11.326041666666844,0.9375,-1
2765,7815,11.331805555555734,0.9375,-1
2766,7816,11.337569444444624,0.9375,-1
2767,7817,11.343333333333513,0.9375,-1
2768,7818,11.349097222222403,0.9375,-1
2769,7819,11.354861111111292,0.9375,-1
2770,7820,11.360625000000182,0.9375,-1
2771,7821,11.366388888889071,0.9375,-1
2772,7822,11.372152777777961,0.9375,-1
2773,7823,11.37791666666685,0.9375,-1
2774,7824,11.38368055555574,0.9375,-1
2775,7825,11.38944444444463,0.9375,-1
2776,7826,11.39520833333352,0.9375,-1
2777,7827,11.400972222222409,0.9375,-1
2778,7828,11.406736111111298,0.9375,-1
2779,7829,11.412500000000188,0.9375,-1
2780,7830,11.418263888889078,0.9375,-1
2781,7831,11.424027777777967,0.9375,-1
2782,7832,11.429791666666857,0.9375,-1
2783,7833,11.435555555555746,0.9375,-1
2784,7834,11.441319444444636,0.9375,-1
2785,7835,11.447083333333525,0.9375,-1
2786,7836,11.452847222222415,0.9375,-1
2787,7837,11.458611111111304,0.9375,-1
2788,7838,11.464375000000194,0.9375,-1
2789,7839,11.470138888889084,0.9375,-1
2790,7840,11.475902777777973,0.9375,-1
2791,7841,11.481666666666863,0.9375,-1
2792,7842,11.487430555555752,0.9375,-1
2793,7843,11.493194444444642,0.9375,-1
2794,7844,11.498958333333531,0.9375,-1
2795,7845,11.498958333333531,1.0,21
2796,7846,11.498958333333531,1.0,21
2797,7847,11.498958333333531,1.0,21
2798,7848,11.498958333333531,1.0,21
2799,7849,11.498958333333531,1.0,21
2800,7850,11.498958333333531,1.0,21
2801,7851,11.498958333333531,1.0,21
2802,7852,11.498958333333531,1.0,21
2803,7853,11.498958333333531,1.0,21
2804,7854,11.498958333333531,1.0,21
2805,7855,11.498958333333531,1.0,21
2806,7856,11.498958333333531,1.0,21
2807,7857,11.498958333333531,1.0,21
2808,7858,11.498958333333531,1.0,21
2809,7859,11.498958333333531,1.0,21
2810,7860,11.498958333333531,1.0,21
2811,7861,11.498958333333531,1.0,21
2812,7862,11.498958333333531,1.0,21
2813,7863,11.498958333333531,1.0,21
2814,7864,11.498958333333531,1.0,21
2815,7865,11.498958333333531,1.0,21
2816,7866,11.498958333333531,1.0,21
2817,7867,11.498958333333531,1.0,21
2818,7868,11.498958333333531,1.0,21
2819,7869,11.498958333333531,1.0,21
2820,7870,11.498958333333531,1.0,21
2821,7871,11.498958333333531,1.0,21
2822,7872,11.498958333333531,1.0,21
2823,7873,11.498958333333531,1.0,21
2824,7874,11.498958333333531,1.0,21
2825,7875,11.498958333333531,1.0,21
2826,7876,11.498958333333531,1.0,21
2827,7877,11.498958333333531,1.0,21
2828,7878,11.498958333333531,1.0,21
2829,7879,11.498958333333531,1.0,21
2830,7880,11.498958333333531,1.0,21
2831,7881,11.498958333333531,1.0,21
2832,7882,11.498958333333531,1.0,21
2833,7883,11.498958333333531,1.0,21
2834,7884,11.498958333333531,1.0,21
2835,7885,11.498958333333531,1.0,21
2836,7886,11.498958333333531,1.0,21
2837,7887,11.498958333333531,1.0,21
2838,7888,11.498958333333531,1.0,21
2839,7889,11.498958333333531,1.0,21
2840,7890,11.498958333333531,1.0,21
2841,7891,11.498958333333531,1.0,21
2842,7892,11.498958333333531,1.0,21
2843,7893,11.498958333333531,1.0,21
2844,7894,11.498958333333531,1.0,21
2845,7895,11.498958333333531,1.0,21
2846,7896,11.498958333333531,1.0,21
2847,7897,11.498958333333531,1.0,21
2848,7898,11.498958333333531,1.0,21
2849,7899,11.498958333333531,1.0,21
2850,7900,11.498958333333531,1.0,21
2851,7901,11.498958333333531,1.0,21
2852,7902,11.498958333333531,1.0,21
2853,7903,11.498958333333531,1.0,21
2854,7904,11.498958333333531,1.0,21
2855,7905,11.498958333333531,1.0,21
2856,7906,11.498958333333531,1.0,21
2857,7907,11.498958333333531,1.0,21
2858,7908,11.498958333333531,1.0,21
2859,7909,11.498958333333531,1.0,21
2860,7910,11.498958333333531,1.0,21
2861,7911,11.498958333333531,1.0,21
2862,7912,11.498958333333531,1.0,21
2863,7913,11.498958333333531,1.0,21
2864,7914,11.498958333333531,1.0,21
2865,7915,11.498958333333531,1.0,21
2866,7916,11.498958333333531,1.0,21
2867,7917,11.498958333333531,1.0,21
2868,7918,11.498958333333531,1.0,21
2869,7919,11.498958333333531,1.0,21
2870,7920,11.498958333333531,1.0,21
2871,7921,11.498958333333531,1.0,21
2872,7922,11.498958333333531,1.0,21
2873,7923,11.498958333333531,1.0,21
2874,7924,11.498958333333531,1.0,21
2875,7925,11.498958333333531,1.0,21
2876,7926,11.498958333333531,1.0,21
2877,7927,11.504722222222421,1.0,-1
2878,7928,11.51048611111131,1.0,-1
2879,7929,11.5162500000002,1.0,-1
2880,7930,11.52201388888909,1.0,-1
2881,7931,11.52777777777798,1.0,-1
2882,7932,11.533541666666869,1.0,-1
2883,7933,11.539305555555758,1.0,-1
2884,7934,11.545069444444648,1.0,-1
2885,7935,11.550833333333538,1.0,-1
2886,7936,11.556597222222427,1.0,-1
2887,7937,11.562361111111317,1.0,-1
2888,7938,11.568125000000206,1.0,-1
2889,7939,11.573888888889096,1.0,-1
2890,7940,11.579652777777985,1.0,-1
2891,7941,11.585416666666875,1.0,-1
2892,7942,11.591180555555765,1.0,-1
2893,7943,11.596944444444654,1.0,-1
2894,7944,11.602708333333544,1.0,-1
2895,7945,11.608472222222433,1.0,-1
2896,7946,11.614236111111323,1.0,-1
2897,7947,11.620000000000212,1.0,-1
2898,7948,11.625763888889102,1.0,-1
2899,7949,11.631527777777992,1.0,-1
2900,7950,11.637291666666881,1.0,-1
2901,7951,11.64305555555577,1.0,-1
2902,7952,11.64881944444466,1.0,-1
2903,7953,11.65458333333355,1.0,-1
2904,7954,11.66034722222244,1.0,-1
2905,7955,11.666111111111329,1.0,-1
2906,7956,11.671875000000218,1.0,-1
2907,7957,11.677638888889108,1.0,-1
2908,7958,11.683402777777998,1.0,-1
2909,7959,11.689166666666887,1.0,-1
2910,7960,11.694930555555777,1.0,-1
2911,7961,11.700694444444666,1.0,-1
2912,7962,11.706458333333556,1.0,-1
2913,7963,11.712222222222445,1.0,-1
2914,7964,11.717986111111335,1.0,-1
2915,7965,11.723750000000225,1.0,-1
2916,7966,11.729513888889114,1.0,-1
2917,7967,11.735277777778004,1.0,-1
2918,7968,11.741041666666893,1.0,-1
2919,7969,11.746805555555783,1.0,-1
2920,7970,11.752569444444672,1.0,-1
2921,7971,11.758333333333562,1.0,-1
2922,7972,11.764097222222452,1.0,-1
2923,7973,11.769861111111341,1.0,-1
2924,7974,11.77562500000023,1.0,-1
2925,7975,11.78138888888912,1.0,-1
2926,7976,11.78715277777801,1.0,-1
2927,7977,11.7929166666669,1.0,-1
2928,7978,11.798680555555789,1.0,-1
2929,7979,11.804444444444679,1.0,-1
2930,7980,11.810208333333568,1.0,-1
2931,7981,11.815972222222458,1.0,-1
2932,7982,11.821736111111347,1.0,-1
2933,7983,11.827500000000237,1.0,-1
2934,7984,11.833263888889126,1.0,-1
2935,7985,11.839027777778016,1.0,-1
2936,7986,11.844791666666906,1.0,-1
2937,7987,11.850555555555795,1.0,-1
2938,7988,11.856319444444685,1.0,-1
2939,7989,11.862083333333574,1.0,-1
2940,7990,11.867847222222464,1.0,-1
2941,7991,11.873611111111353,1.0,-1
2942,7992,11.879375000000243,1.0,-1
2943,7993,11.885138888889133,1.0,-1
2944,7994,11.890902777778022,1.0,-1
2945,7995,11.896666666666912,1.0,-1
2946,7996,11.902430555555801,1.0,-1
2947,7997,11.90819444444469,1.0,-1
2948,7998,11.91395833333358,1.0,-1
2949,7999,11.91972222222247,1.0,-1
2950,8000,11.92548611111136,1.0,-1
2951,8001,11.931250000000249,1.0,-1
2952,8002,11.937013888889139,1.0,-1
2953,8003,11.942777777778028,1.0,-1
2954,8004,11.948541666666918,1.0,-1
2955,8005,11.954305555555807,1.0,-1
2956,8006,11.960069444444697,1.0,-1
2957,8007,11.965833333333586,1.0,-1
2958,8008,11.971597222222476,1.0,-1
2959,8009,11.977361111111366,1.0,-1
2960,8010,11.983125000000255,1.0,-1
2961,8011,11.988888888889145,1.0,-1
2962,8012,11.994652777778034,1.0,-1
2963,8013,12.000416666666924,1.0,-1
2964,8014,12.006180555555813,1.0,-1
2965,8015,12.011944444444703,1.0,-1
2966,8016,12.017708333333593,1.0,-1
2967,8017,12.023472222222482,1.0,-1
2968,8018,12.029236111111372,1.0,-1
2969,8019,12.035000000000261,1.0,-1
2970,8020,12.04076388888915,1.0,-1
2971,8021,12.04652777777804,1.0,-1
2972,8022,12.05229166666693,1.0,-1
2973,8023,12.05805555555582,1.0,-1
2974,8024,12.063819444444709,1.0,-1
2975,8025,12.069583333333599,1.0,-1
2976,8026,12.075347222222488,1.0,-1
2977,8027,12.081111111111378,1.0,-1
2978,8028,12.086875000000267,1.0,-1
2979,8029,12.092638888889157,1.0,-1
2980,8030,12.098402777778047,1.0,-1
2981,8031,12.104166666666936,1.0,-1
2982,8032,12.109930555555826,1.0,-1
2983,8033,12.115694444444715,1.0,-1
2984,8034,12.121458333333605,1.0,-1
2985,8035,12.127222222222494,1.0,-1
2986,8036,12.132986111111384,1.0,-1
2987,8037,12.138750000000273,1.0,-1
2988,8038,12.144513888889163,1.0,-1
2989,8039,12.150277777778053,1.0,-1
2990,8040,12.156041666666942,1.0,-1
2991,8041,12.161805555555832,1.0,-1
2992,8042,12.167569444444721,1.0,-1
2993,8043,12.173333333333611,1.0,-1
2994,8044,12.1790972222225,1.0,-1
2995,8045,12.18486111111139,1.0,-1
2996,8046,12.19062500000028,1.0,-1
2997,8047,12.19638888888917,1.0,-1
2998,8048,12.202152777778059,1.0,-1
2999,8049,12.207916666666948,1.0,-1
3000,8050,12.213680555555838,1.0,-1
3001,8051,12.219444444444727,1.0,-1
3002,8052,12.225208333333617,1.0,-1
3003,8053,12.230972222222507,1.0,-1
3004,8054,12.236736111111396,1.0,-1
3005,8055,12.242500000000286,1.0,-1
3006,8056,12.248263888889175,1.0,-1
3007,8057,12.254027777778065,1.0,-1
3008,8058,12.259791666666954,1.0,-1
3009,8059,12.265555555555844,1.0,-1
3010,8060,12.271319444444734,1.0,-1
3011,8061,12.277083333333623,1.0,-1
3012,8062,12.282847222222513,1.0,-1
3013,8063,12.288611111111402,1.0,-1
3014,8064,12.288611111111402,1.0,22
3015,8065,12.288611111111402,1.0,22
3016,8066,12.288611111111402,1.0,22
3017,8067,12.288611111111402,1.0,22
3018,8068,12.288611111111402,1.0,22
3019,8069,12.288611111111402,1.0,22
3020,8070,12.288611111111402,1.0,22
3021,8071,12.288611111111402,1.0,22
3022,8072,12.288611111111402,1.0,22
3023,8073,12.288611111111402,1.0,22
3024,8074,12.288611111111402,1.0,22
3025,8075,12.288611111111402,1.0,22
3026,8076,12.288611111111402,1.0,22
3027,8077,12.288611111111402,1.0,22
3028,8078,12.288611111111402,1.0,22
3029,8079,12.288611111111402,1.0,22
3030,8080,12.288611111111402,1.0,22
3031,8081,12.288611111111402,1.0,22
3032,8082,12.294375000000292,1.0,-1
3033,8083,12.300138888889181,1.0,-1
3034,8084,12.305902777778071,1.0,-1
3035,8085,12.31166666666696,1.0,-1
3036,8086,12.31743055555585,1.0,-1
3037,8087,12.32319444444474,1.0,-1
3038,8088,12.32895833333363,1.0,-1
3039,8089,12.334722222222519,1.0,-1
3040,8090,12.340486111111408,1.0,-1
3041,8091,12.346250000000298,1.0,-1
3042,8092,12.352013888889187,1.0,-1
3043,8093,12.357777777778077,1.0,-1
3044,8094,12.363541666666967,1.0,-1
3045,8095,12.369305555555856,1.0,-1
3046,8096,12.375069444444746,1.0,-1
3047,8097,12.380833333333635,1.0,-1
3048,8098,12.386597222222525,1.0,-1
3049,8099,12.392361111111414,1.0,-1
3050,8100,12.398125000000304,1.0,-1
3051,8101,12.403888888889194,1.0,-1
3052,8102,12.409652777778083,1.0,-1
3053,8103,12.415416666666973,1.0,-1
3054,8104,12.421180555555862,1.0,-1
3055,8105,12.426944444444752,1.0,-1
3056,8106,12.432708333333641,1.0,-1
3057,8107,12.438472222222531,1.0,-1
3058,8108,12.44423611111142,1.0,-1
3059,8109,12.45000000000031,1.0,-1
3060,8110,12.4557638888892,1.0,-1
3061,8111,12.46152777777809,1.0,-1
3062,8112,12.467291666666979,1.0,-1
3063,8113,12.473055555555868,1.0,-1
3064,8114,12.478819444444758,1.0,-1
3065,8115,12.484583333333648,1.0,-1
3066,8116,12.490347222222537,1.0,-1
3067,8117,12.496111111111427,1.0,-1
3068,8118,12.501875000000316,1.0,-1
3069,8119,12.507638888889206,1.0,-1
3070,8120,12.513402777778095,1.0,-1
3071,8121,12.519166666666985,1.0,-1
3072,8122,12.524930555555875,1.0,-1
3073,8123,12.530694444444764,1.0,-1
3074,8124,12.536458333333654,1.0,-1
3075,8125,12.542222222222543,1.0,-1
3076,8126,12.547986111111433,1.0,-1
3077,8127,12.553750000000322,1.0,-1
3078,8128,12.559513888889212,1.0,-1
3079,8129,12.565277777778102,1.0,-1
3080,8130,12.571041666666991,1.0,-1
3081,8131,12.57680555555588,1.0,-1
3082,8132,12.58256944444477,1.0,-1
3083,8133,12.58833333333366,1.0,-1
3084,8134,12.59409722222255,1.0,-1
3085,8135,12.599861111111439,1.0,-1
3086,8136,12.605625000000328,1.0,-1
3087,8137,12.611388888889218,1.0,-1
3088,8138,12.617152777778108,1.0,-1
3089,8139,12.622916666666997,1.0,-1
3090,8140,12.628680555555887,1.0,-1
3091,8141,12.634444444444776,1.0,-1
3092,8142,12.640208333333666,1.0,-1
3093,8143,12.645972222222555,1.0,-1
3094,8144,12.651736111111445,1.0,-1
3095,8145,12.657500000000335,1.0,-1
3096,8146,12.663263888889224,1.0,-1
3097,8147,12.669027777778114,1.0,-1
3098,8148,12.674791666667003,1.0,-1
3099,8149,12.680555555555893,1.0,-1
3100,8150,12.686319444444782,1.0,-1
3101,8151,12.692083333333672,1.0,-1
3102,8152,12.697847222222562,1.0,-1
3103,8153,12.697847222222562,1.0,23
3104,8154,12.697847222222562,1.0,23
3105,8155,12.697847222222562,1.0,23
3106,8156,12.697847222222562,1.0,23
3107,8157,12.697847222222562,1.0,23
3108,8158,12.697847222222562,1.0,23
3109,8159,12.697847222222562,1.0,23
3110,8160,12.697847222222562,1.0,23
3111,8161,12.697847222222562,1.0,23
3112,8162,12.697847222222562,1.0,23
3113,8163,12.697847222222562,1.0,23
3114,8164,12.697847222222562,1.0,23
3115,8165,12.697847222222562,1.0,23
3116,8166,12.697847222222562,1.0,23
3117,8167,12.697847222222562,1.0,23
3118,8168,12.697847222222562,1.0,23
3119,8169,12.697847222222562,1.0,23
3120,8170,12.697847222222562,1.0,23
3121,8171,12.697847222222562,1.0,23
3122,8172,12.697847222222562,1.0,23
3123,8173,12.697847222222562,1.0,23
3124,8174,12.697847222222562,1.0,23
3125,8175,12.697847222222562,1.0,23
3126,8176,12.697847222222562,1.0,23
3127,8177,12.697847222222562,1.0,23
3128,8178,12.697847222222562,1.0,23
3129,8179,12.697847222222562,1.0,23
3130,8180,12.697847222222562,1.0,23
3131,8181,12.697847222222562,1.0,23
3132,8182,12.697847222222562,1.0,23
3133,8183,12.697847222222562,1.0,23
3134,8184,12.697847222222562,1.0,23
3135,8185,12.697847222222562,1.0,23
3136,8186,12.697847222222562,1.0,23
3137,8187,12.697847222222562,1.0,23
3138,8188,12.697847222222562,1.0,23
3139,8189,12.697847222222562,1.0,23
3140,8190,12.697847222222562,1.0,23
3141,8191,12.697847222222562,1.0,23
3142,8192,12.697847222222562,1.0,23
3143,8193,12.697847222222562,1.0,23
3144,8194,12.697847222222562,1.0,23
3145,8195,12.697847222222562,1.0,23
3146,8196,12.697847222222562,1.0,23
3147,8197,12.697847222222562,1.0,23
3148,8198,12.697847222222562,1.0,23
3149,8199,12.697847222222562,1.0,23
3150,8200,12.703611111111451,1.0,-1
3151,8201,12.70937500000034,1.0,-1
3152,8202,12.71513888888923,1.0,-1
3153,8203,12.72090277777812,1.0,-1
3154,8204,12.72666666666701,1.0,-1
3155,8205,12.732430555555899,1.0,-1
3156,8206,12.738194444444789,1.0,-1
3157,8207,12.743958333333678,1.0,-1
3158,8208,12.749722222222568,1.0,-1
3159,8209,12.755486111111457,1.0,-1
3160,8210,12.761250000000347,1.0,-1
3161,8211,12.767013888889236,1.0,-1
3162,8212,12.772777777778126,1.0,-1
3163,8213,12.778541666667016,1.0,-1
3164,8214,12.784305555555905,1.0,-1
3165,8215,12.790069444444795,1.0,-1
3166,8216,12.795833333333684,1.0,-1
3167,8217,12.801597222222574,1.0,-1
3168,8218,12.807361111111463,1.0,-1
3169,8219,12.813125000000353,1.0,-1
3170,8220,12.818888888889242,1.0,-1
3171,8221,12.824652777778132,1.0,-1
3172,8222,12.830416666667022,1.0,-1
3173,8223,12.836180555555911,1.0,-1
3174,8224,12.8419444444448,1.0,-1
3175,8225,12.84770833333369,1.0,-1
3176,8226,12.85347222222258,1.0,-1
3177,8227,12.85923611111147,1.0,-1
3178,8228,12.865000000000359,1.0,-1
3179,8229,12.870763888889249,1.0,-1
3180,8230,12.876527777778138,1.0,-1
3181,8231,12.882291666667028,1.0,-1
3182,8232,12.888055555555917,1.0,-1
3183,8233,12.893819444444807,1.0,-1
3184,8234,12.899583333333696,1.0,-1
3185,8235,12.905347222222586,1.0,-1
3186,8236,12.911111111111476,1.0,-1
3187,8237,12.916875000000365,1.0,-1
3188,8238,12.922638888889255,1.0,-1
3189,8239,12.928402777778144,1.0,-1
3190,8240,12.934166666667034,1.0,-1
3191,8241,12.939930555555923,1.0,-1
3192,8242,12.945694444444813,1.0,-1
3193,8243,12.951458333333703,1.0,-1
3194,8244,12.957222222222592,1.0,-1
3195,8245,12.962986111111482,1.0,-1
3196,8246,12.968750000000371,1.0,-1
3197,8247,12.97451388888926,1.0,-1
3198,8248,12.98027777777815,1.0,-1
3199,8249,12.98604166666704,1.0,-1
3200,8250,12.99180555555593,1.0,-1
3201,8251,12.997569444444819,1.0,-1
3202,8252,13.003333333333709,1.0,-1
3203,8253,13.009097222222598,1.0,-1
3204,8254,13.014861111111488,1.0,-1
3205,8255,13.020625000000377,1.0,-1
3206,8256,13.026388888889267,1.0,-1
3207,8257,13.032152777778157,1.0,-1
3208,8258,13.037916666667046,1.0,-1
3209,8259,13.043680555555936,1.0,-1
3210,8260,13.049444444444825,1.0,-1
3211,8261,13.055208333333715,1.0,-1
3212,8262,13.060972222222604,1.0,-1
3213,8263,13.066736111111494,1.0,-1
3214,8264,13.072500000000383,1.0,-1
3215,8265,13.078263888889273,1.0,-1
3216,8266,13.084027777778163,1.0,-1
3217,8267,13.089791666667052,1.0,-1
3218,8268,13.095555555555942,1.0,-1
3219,8269,13.101319444444831,1.0,-1
3220,8270,13.10708333333372,1.0,-1
3221,8271,13.11284722222261,1.0,-1
3222,8272,13.1186111111115,1.0,-1
3223,8273,13.12437500000039,1.0,-1
3224,8274,13.13013888888928,1.0,-1
3225,8275,13.135902777778169,1.0,-1
3226,8276,13.141666666667058,1.0,-1
3227,8277,13.147430555555948,1.0,-1
3228,8278,13.153194444444837,1.0,-1
3229,8279,13.158958333333727,1.0,-1
3230,8280,13.164722222222617,1.0,-1
3231,8281,13.170486111111506,1.0,-1
3232,8282,13.176250000000396,1.0,-1
3233,8283,13.182013888889285,1.0,-1
3234,8284,13.187777777778175,1.0,-1
3235,8285,13.193541666667064,1.0,-1
3236,8286,13.199305555555954,1.0,-1
3237,8287,13.205069444444844,1.0,-1
3238,8288,13.210833333333733,1.0,-1
3239,8289,13.216597222222623,1.0,-1
3240,8290,13.222361111111512,1.0,-1
3241,8291,13.228125000000402,1.0,-1
3242,8292,13.233888888889291,1.0,-1
3243,8293,13.239652777778181,1.0,-1
3244,8294,13.239652777778181,1.0,24
3245,8295,13.239652777778181,1.0,24
3246,8296,13.239652777778181,1.0,24
3247,8297,13.239652777778181,1.0,24
3248,8298,13.239652777778181,1.0,24
3249,8299,13.239652777778181,1.0,24
3250,8300,13.239652777778181,1.0,24
3251,8301,13.239652777778181,1.0,24
3252,8302,13.239652777778181,1.0,24
3253,8303,13.239652777778181,1.0,24
3254,8304,13.239652777778181,1.0,24
3255,8305,13.239652777778181,1.0,24
3256,8306,13.239652777778181,1.0,24
3257,8307,13.239652777778181,1.0,24
3258,8308,13.239652777778181,1.0,24
3259,8309,13.239652777778181,1.0,24
3260,8310,13.239652777778181,1.0,24
3261,8311,13.239652777778181,1.0,24
3262,8312,13.239652777778181,1.0,24
3263,8313,13.239652777778181,1.0,24
3264,8314,13.239652777778181,1.0,24
3265,8315,13.239652777778181,1.0,24
3266,8316,13.239652777778181,1.0,24
3267,8317,13.239652777778181,1.0,24
3268,8318,13.239652777778181,1.0,24
3269,8319,13.239652777778181,1.0,24
3270,8320,13.239652777778181,1.0,24
3271,8321,13.239652777778181,1.0,24
3272,8322,13.239652777778181,1.0,24
3273,8323,13.239652777778181,1.0,24
3274,8324,13.239652777778181,1.0,24
3275,8325,13.239652777778181,1.0,24
3276,8326,13.239652777778181,1.0,24
3277,8327,13.239652777778181,1.0,24
3278,8328,13.239652777778181,1.0,24
3279,8329,13.239652777778181,1.0,24
3280,8330,13.239652777778181,1.0,24
3281,8331,13.239652777778181,1.0,24
3282,8332,13.239652777778181,1.0,24
3283,8333,13.239652777778181,1.0,24
3284,8334,13.239652777778181,1.0,24
3285,8335,13.239652777778181,1.0,24
3286,8336,13.239652777778181,1.0,24
3287,8337,13.239652777778181,1.0,24
3288,8338,13.239652777778181,1.0,24
3289,8339,13.239652777778181,1.0,24
3290,8340,13.239652777778181,1.0,24
3291,8341,13.239652777778181,1.0,24
3292,8342,13.239652777778181,1.0,24
3293,8343,13.239652777778181,1.0,24
3294,8344,13.239652777778181,1.0,24
3295,8345,13.239652777778181,1.0,24
3296,8346,13.239652777778181,1.0,24
3297,8347,13.239652777778181,1.0,24
3298,8348,13.239652777778181,1.0,24
3299,8349,13.239652777778181,1.0,24
3300,8350,13.239652777778181,1.0,24
3301,8351,13.239652777778181,1.0,24
3302,8352,13.239652777778181,1.0,24
3303,8353,13.239652777778181,1.0,24
3304,8354,13.24541666666707,1.0,-1
3305,8355,13.25118055555596,1.0,-1
3306,8356,13.25694444444485,1.0,-1
3307,8357,13.26270833333374,1.0,-1
3308,8358,13.268472222222629,1.0,-1
3309,8359,13.274236111111518,1.0,-1
3310,8360,13.280000000000408,1.0,-1
3311,8361,13.285763888889297,1.0,-1
3312,8362,13.291527777778187,1.0,-1
3313,8363,13.297291666667077,1.0,-1
3314,8364,13.303055555555966,1.0,-1
3315,8365,13.308819444444856,1.0,-1
3316,8366,13.314583333333745,1.0,-1
3317,8367,13.320347222222635,1.0,-1
3318,8368,13.326111111111524,1.0,-1
3319,8369,13.331875000000414,1.0,-1
3320,8370,13.337638888889304,1.0,-1
3321,8371,13.343402777778193,1.0,-1
3322,8372,13.349166666667083,1.0,-1
3323,8373,13.354930555555972,1.0,-1
3324,8374,13.360694444444862,1.0,-1
3325,8375,13.366458333333751,1.0,-1
3326,8376,13.372222222222641,1.0,-1
3327,8377,13.37798611111153,1.0,-1
3328,8378,13.38375000000042,1.0,-1
3329,8379,13.38951388888931,1.0,-1
3330,8380,13.3952777777782,1.0,-1
3331,8381,13.401041666667089,1.0,-1
3332,8382,13.406805555555978,1.0,-1
3333,8383,13.412569444444868,1.0,-1
3334,8384,13.418333333333758,1.0,-1
3335,8385,13.424097222222647,1.0,-1
3336,8386,13.429861111111537,1.0,-1
3337,8387,13.435625000000426,1.0,-1
3338,8388,13.441388888889316,1.0,-1
3339,8389,13.447152777778205,1.0,-1
3340,8390,13.452916666667095,1.0,-1
3341,8391,13.458680555555985,1.0,-1
3342,8392,13.464444444444874,1.0,-1
3343,8393,13.470208333333764,1.0,-1
3344,8394,13.475972222222653,1.0,-1
3345,8395,13.481736111111543,1.0,-1
3346,8396,13.487500000000432,1.0,-1
3347,8397,13.493263888889322,1.0,-1
3348,8398,13.499027777778212,1.0,-1
3349,8399,13.504791666667101,1.0,-1
3350,8400,13.51055555555599,1.0,-1
3351,8401,13.51631944444488,1.0,-1
3352,8402,13.52208333333377,1.0,-1
3353,8403,13.52784722222266,1.0,-1
3354,8404,13.533611111111549,1.0,-1
3355,8405,13.539375000000438,1.0,-1
3356,8406,13.545138888889328,1.0,-1
3357,8407,13.550902777778218,1.0,-1
3358,8408,13.556666666667107,1.0,-1
3359,8409,13.562430555555997,1.0,-1
3360,8410,13.568194444444886,1.0,-1
3361,8411,13.573958333333776,1.0,-1
3362,8412,13.579722222222665,1.0,-1
3363,8413,13.585486111111555,1.0,-1
3364,8414,13.591250000000445,1.0,-1
3365,8415,13.597013888889334,1.0,-1
3366,8416,13.602777777778224,1.0,-1
3367,8417,13.608541666667113,1.0,-1
3368,8418,13.614305555556003,1.0,-1
3369,8419,13.620069444444892,1.0,-1
3370,8420,13.625833333333782,1.0,-1
3371,8421,13.631597222222672,1.0,-1
3372,8422,13.637361111111561,1.0,-1
3373,8423,13.64312500000045,1.0,-1
3374,8424,13.64888888888934,1.0,-1
3375,8425,13.65465277777823,1.0,-1
3376,8426,13.66041666666712,1.0,-1
3377,8427,13.666180555556009,1.0,-1
3378,8428,13.671944444444899,1.0,-1
3379,8429,13.677708333333788,1.0,-1
3380,8430,13.683472222222678,1.0,-1
3381,8431,13.689236111111567,1.0,-1
3382,8432,13.695000000000457,1.0,-1
3383,8433,13.700763888889346,1.0,-1
3384,8434,13.706527777778236,1.0,-1
3385,8435,13.712291666667126,1.0,-1
3386,8436,13.718055555556015,1.0,-1
3387,8437,13.723819444444905,1.0,-1
3388,8438,13.729583333333794,1.0,-1
3389,8439,13.735347222222684,1.0,-1
3390,8440,13.741111111111573,1.0,-1
3391,8441,13.746875000000463,1.0,-1
3392,8442,13.752638888889352,1.0,-1
3393,8443,13.758402777778242,1.0,-1
3394,8444,13.764166666667132,1.0,-1
3395,8445,13.769930555556021,1.0,-1
3396,8446,13.77569444444491,1.0,-1
3397,8447,13.7814583333338,1.0,-1
3398,8448,13.78722222222269,1.0,-1
3399,8449,13.79298611111158,1.0,-1
3400,8450,13.798750000000469,1.0,-1
3401,8451,13.804513888889359,1.0,-1
3402,8452,13.810277777778248,1.0,-1
3403,8453,13.816041666667138,1.0,-1
3404,8454,13.821805555556027,1.0,-1
3405,8455,13.827569444444917,1.0,-1
3406,8456,13.833333333333806,1.0,-1
3407,8457,13.839097222222696,1.0,-1
3408,8458,13.844861111111586,1.0,-1
3409,8459,13.850625000000475,1.0,-1
3410,8460,13.856388888889365,1.0,-1
3411,8461,13.862152777778254,1.0,-1
3412,8462,13.867916666667144,1.0,-1
3413,8463,13.867916666667144,1.0,25
3414,8464,13.867916666667144,1.0,25
3415,8465,13.867916666667144,1.0,25
3416,8466,13.867916666667144,1.0,25
3417,8467,13.867916666667144,1.0,25
3418,8468,13.867916666667144,1.0,25
3419,8469,13.867916666667144,1.0,25
3420,8470,13.867916666667144,1.0,25
3421,8471,13.867916666667144,1.0,25
3422,8472,13.867916666667144,1.0,25
3423,8473,13.867916666667144,1.0,25
3424,8474,13.867916666667144,1.0,25
3425,8475,13.867916666667144,1.0,25
3426,8476,13.867916666667144,1.0,25
3427,8477,13.867916666667144,1.0,25
3428,8478,13.867916666667144,1.0,25
3429,8479,13.867916666667144,1.0,25
3430,8480,13.867916666667144,1.0,25
3431,8481,13.867916666667144,1.0,25
3432,8482,13.867916666667144,1.0,25
3433,8483,13.867916666667144,1.0,25
3434,8484,13.867916666667144,1.0,25
3435,8485,13.867916666667144,1.0,25
3436,8486,13.867916666667144,1.0,25
3437,8487,13.867916666667144,1.0,25
3438,8488,13.867916666667144,1.0,25
3439,8489,13.867916666667144,1.0,25
3440,8490,13.867916666667144,1.0,25
3441,8491,13.867916666667144,1.0,25
3442,8492,13.867916666667144,1.0,25
3443,8493,13.867916666667144,1.0,25
3444,8494,13.867916666667144,1.0,25
3445,8495,13.867916666667144,1.0,25
3446,8496,13.867916666667144,1.0,25
3447,8497,13.867916666667144,1.0,25
3448,8498,13.867916666667144,1.0,25
3449,8499,13.867916666667144,1.0,25
3450,8500,13.867916666667144,1.0,25
3451,8501,13.867916666667144,1.0,25
3452,8502,13.867916666667144,1.0,25
3453,8503,13.867916666667144,1.0,25
3454,8504,13.867916666667144,1.0,25
3455,8505,13.867916666667144,1.0,25
3456,8506,13.867916666667144,1.0,25
3457,8507,13.867916666667144,1.0,25
3458,8508,13.867916666667144,1.0,25
3459,8509,13.867916666667144,1.0,25
3460,8510,13.867916666667144,1.0,25
3461,8511,13.867916666667144,1.0,25
3462,8512,13.867916666667144,1.0,25
3463,8513,13.867916666667144,1.0,25
3464,8514,13.867916666667144,1.0,25
3465,8515,13.867916666667144,1.0,25
3466,8516,13.867916666667144,1.0,25
3467,8517,13.867916666667144,1.0,25
3468,8518,13.867916666667144,1.0,25
3469,8519,13.867916666667144,1.0,25
3470,8520,13.867916666667144,1.0,25
3471,8521,13.867916666667144,1.0,25
3472,8522,13.867916666667144,1.0,25
3473,8523,13.867916666667144,1.0,25
3474,8524,13.867916666667144,1.0,25
3475,8525,13.867916666667144,1.0,25
3476,8526,13.867916666667144,1.0,25
3477,8527,13.867916666667144,1.0,25
3478,8528,13.867916666667144,1.0,25
3479,8529,13.867916666667144,1.0,25
3480,8530,13.867916666667144,1.0,25
3481,8531,13.867916666667144,1.0,25
3482,8532,13.867916666667144,1.0,25
3483,8533,13.867916666667144,1.0,25
3484,8534,13.867916666667144,1.0,25
3485,8535,13.867916666667144,1.0,25
3486,8536,13.867916666667144,1.0,25
3487,8537,13.867916666667144,1.0,25
3488,8538,13.867916666667144,1.0,25
3489,8539,13.867916666667144,1.0,25
3490,8540,13.867916666667144,1.0,25
3491,8541,13.867916666667144,1.0,25
3492,8542,13.867916666667144,1.0,25
3493,8543,13.867916666667144,1.0,25
3494,8544,13.867916666667144,1.0,25
3495,8545,13.867916666667144,1.0,25
3496,8546,13.867916666667144,1.0,25
3497,8547,13.867916666667144,1.0,25
3498,8548,13.867916666667144,1.0,25
3499,8549,13.867916666667144,1.0,25
3500,8550,13.867916666667144,1.0,25
3501,8551,13.867916666667144,1.0,25
3502,8552,13.867916666667144,1.0,25
3503,8553,13.867916666667144,1.0,25
3504,8554,13.867916666667144,1.0,25
3505,8555,13.867916666667144,1.0,25
3506,8556,13.867916666667144,1.0,25
3507,8557,13.867916666667144,1.0,25
3508,8558,13.867916666667144,1.0,25
3509,8559,13.867916666667144,1.0,25
3510,8560,13.867916666667144,1.0,25
3511,8561,13.867916666667144,1.0,25
3512,8562,13.867916666667144,1.0,25
3513,8563,13.867916666667144,1.0,25
3514,8564,13.867916666667144,1.0,25
3515,8565,13.867916666667144,1.0,25
3516,8566,13.867916666667144,1.0,25
3517,8567,13.867916666667144,1.0,25
3518,8568,13.867916666667144,1.0,25
3519,8569,13.867916666667144,1.0,25
3520,8570,13.867916666667144,1.0,25
3521,8571,13.873680555556033,1.0,-1
3522,8572,13.879444444444923,1.0,-1
3523,8573,13.885208333333813,1.0,-1
3524,8574,13.890972222222702,1.0,-1
3525,8575,13.896736111111592,1.0,-1
3526,8576,13.902500000000481,1.0,-1
3527,8577,13.90826388888937,1.0,-1
3528,8578,13.91402777777826,1.0,-1
3529,8579,13.91979166666715,1.0,-1
3530,8580,13.92555555555604,1.0,-1
3531,8581,13.931319444444929,1.0,-1
3532,8582,13.937083333333819,1.0,-1
3533,8583,13.942847222222708,1.0,-1
3534,8584,13.948611111111598,1.0,-1
3535,8585,13.954375000000487,1.0,-1
3536,8586,13.960138888889377,1.0,-1
3537,8587,13.965902777778266,1.0,-1
3538,8588,13.971666666667156,1.0,-1
3539,8589,13.977430555556046,1.0,-1
3540,8590,13.983194444444935,1.0,-1
3541,8591,13.988958333333825,1.0,-1
3542,8592,13.994722222222714,1.0,-1
3543,8593,14.000486111111604,1.0,-1
3544,8594,14.006250000000493,1.0,-1
3545,8595,14.012013888889383,1.0,-1
3546,8596,14.017777777778273,1.0,-1
3547,8597,14.023541666667162,1.0,-1
3548,8598,14.029305555556052,1.0,-1
3549,8599,14.035069444444941,1.0,-1
3550,8600,14.04083333333383,1.0,-1
3551,8601,14.04659722222272,1.0,-1
3552,8602,14.05236111111161,1.0,-1
3553,8603,14.0581250000005,1.0,-1
3554,8604,14.06388888888939,1.0,-1
3555,8605,14.069652777778279,1.0,-1
3556,8606,14.075416666667168,1.0,-1
3557,8607,14.081180555556058,1.0,-1
3558,8608,14.086944444444947,1.0,-1
3559,8609,14.092708333333837,1.0,-1
3560,8610,14.098472222222727,1.0,-1
3561,8611,14.104236111111616,1.0,-1
3562,8612,14.110000000000506,1.0,-1
3563,8613,14.115763888889395,1.0,-1
3564,8614,14.121527777778285,1.0,-1
3565,8615,14.127291666667174,1.0,-1
3566,8616,14.133055555556064,1.0,-1
3567,8617,14.133055555556064,1.0,26
3568,8618,14.133055555556064,1.0,26
3569,8619,14.133055555556064,1.0,26
3570,8620,14.133055555556064,1.0,26
3571,8621,14.133055555556064,1.0,26
3572,8622,14.133055555556064,1.0,26
3573,8623,14.133055555556064,1.0,26
3574,8624,14.133055555556064,1.0,26
3575,8625,14.133055555556064,1.0,26
3576,8626,14.133055555556064,1.0,26
3577,8627,14.133055555556064,1.0,26
3578,8628,14.133055555556064,1.0,26
3579,8629,14.133055555556064,1.0,26
3580,8630,14.133055555556064,1.0,26
3581,8631,14.133055555556064,1.0,26
3582,8632,14.138819444444954,1.0,-1
3583,8633,14.144583333333843,1.0,-1
3584,8634,14.150347222222733,1.0,-1
3585,8635,14.156111111111622,1.0,-1
3586,8636,14.161875000000512,1.0,-1
3587,8637,14.167638888889401,1.0,-1
3588,8638,14.173402777778291,1.0,-1
3589,8639,14.17916666666718,1.0,-1
3590,8640,14.18493055555607,1.0,-1
3591,8641,14.19069444444496,1.0,-1
3592,8642,14.19645833333385,1.0,-1
3593,8643,14.202222222222739,1.0,-1
3594,8644,14.207986111111628,1.0,-1
3595,8645,14.213750000000518,1.0,-1
3596,8646,14.219513888889407,1.0,-1
3597,8647,14.225277777778297,1.0,-1
3598,8648,14.231041666667187,1.0,-1
3599,8649,14.236805555556076,1.0,-1
3600,8650,14.242569444444966,1.0,-1
3601,8651,14.248333333333855,1.0,-1
3602,8652,14.254097222222745,1.0,-1
3603,8653,14.259861111111634,1.0,-1
3604,8654,14.265625000000524,1.0,-1
3605,8655,14.271388888889414,1.0,-1
3606,8656,14.277152777778303,1.0,-1
3607,8657,14.282916666667193,1.0,-1
3608,8658,14.288680555556082,1.0,-1
3609,8659,14.294444444444972,1.0,-1
3610,8660,14.300208333333861,1.0,-1
3611,8661,14.305972222222751,1.0,-1
3612,8662,14.31173611111164,1.0,-1
3613,8663,14.31750000000053,1.0,-1
3614,8664,14.32326388888942,1.0,-1
3615,8665,14.32902777777831,1.0,-1
3616,8666,14.334791666667199,1.0,-1
3617,8667,14.340555555556088,1.0,-1
3618,8668,14.346319444444978,1.0,-1
3619,8669,14.352083333333868,1.0,-1
3620,8670,14.357847222222757,1.0,-1
3621,8671,14.363611111111647,1.0,-1
3622,8672,14.369375000000536,1.0,-1
3623,8673,14.375138888889426,1.0,-1
3624,8674,14.380902777778315,1.0,-1
3625,8675,14.386666666667205,1.0,-1
3626,8676,14.392430555556095,1.0,-1
3627,8677,14.392430555556095,0.925,27
3628,8678,14.392430555556095,0.925,27
3629,8679,14.392430555556095,0.925,27
3630,8680,14.392430555556095,0.925,27
3631,8681,14.392430555556095,0.925,27
3632,8682,14.392430555556095,0.925,27
3633,8683,14.392430555556095,0.925,27
3634,8684,14.392430555556095,0.925,27
3635,8685,14.392430555556095,0.925,27
3636,8686,14.392430555556095,0.925,27
3637,8687,14.392430555556095,0.925,27
3638,8688,14.392430555556095,0.925,27
3639,8689,14.392430555556095,0.925,27
3640,8690,14.392430555556095,0.925,27
3641,8691,14.392430555556095,0.925,27
3642,8692,14.392430555556095,0.925,27
3643,8693,14.392430555556095,0.925,27
3644,8694,14.392430555556095,0.925,27
3645,8695,14.398194444444984,0.925,-1
3646,8696,14.403958333333874,0.925,-1
3647,8697,14.409722222222763,0.925,-1
3648,8698,14.415486111111653,0.925,-1
3649,8699,14.421250000000542,0.925,-1
3650,8700,14.427013888889432,0.925,-1
3651,8701,14.432777777778321,0.925,-1
3652,8702,14.438541666667211,0.925,-1
3653,8703,14.4443055555561,0.925,-1
3654,8704,14.45006944444499,0.925,-1
3655,8705,14.45583333333388,0.925,-1
3656,8706,14.46159722222277,0.925,-1
3657,8707,14.467361111111659,0.925,-1
3658,8708,14.473125000000548,0.925,-1
3659,8709,14.478888888889438,0.925,-1
3660,8710,14.484652777778328,0.925,-1
3661,8711,14.490416666667217,0.925,-1
3662,8712,14.496180555556107,0.925,-1
3663,8713,14.501944444444996,0.925,-1
3664,8714,14.507708333333886,0.925,-1
3665,8715,14.513472222222775,0.925,-1
3666,8716,14.519236111111665,0.925,-1
3667,8717,14.525000000000555,0.925,-1
3668,8718,14.530763888889444,0.925,-1
3669,8719,14.536527777778334,0.925,-1
3670,8720,14.542291666667223,0.925,-1
3671,8721,14.548055555556113,0.925,-1
3672,8722,14.553819444445002,0.925,-1
3673,8723,14.559583333333892,0.925,-1
3674,8724,14.565347222222782,0.925,-1
3675,8725,14.571111111111671,0.925,-1
3676,8726,14.57687500000056,0.925,-1
3677,8727,14.58263888888945,0.925,-1
3678,8728,14.58840277777834,0.925,-1
3679,8729,14.59416666666723,0.925,-1
3680,8730,14.599930555556119,0.925,-1
3681,8731,14.605694444445009,0.925,-1
3682,8732,14.611458333333898,0.925,-1
3683,8733,14.617222222222788,0.925,-1
3684,8734,14.622986111111677,0.925,-1
3685,8735,14.628750000000567,0.925,-1
3686,8736,14.634513888889456,0.925,-1
3687,8737,14.640277777778346,0.925,-1
3688,8738,14.646041666667236,0.925,-1
3689,8739,14.651805555556125,0.925,-1
3690,8740,14.657569444445015,0.925,-1
3691,8741,14.657569444445015,0.875,28
3692,8742,14.657569444445015,0.875,28
3693,8743,14.657569444445015,0.875,28
3694,8744,14.657569444445015,0.875,28
3695,8745,14.657569444445015,0.875,28
3696,8746,14.657569444445015,0.875,28
3697,8747,14.657569444445015,0.875,28
3698,8748,14.657569444445015,0.875,28
3699,8749,14.657569444445015,0.875,28
3700,8750,14.657569444445015,0.875,28
3701,8751,14.657569444445015,0.875,28
3702,8752,14.657569444445015,0.875,28
3703,8753,14.657569444445015,0.875,28
3704,8754,14.663333333333904,0.875,-1
3705,8755,14.669097222222794,0.875,-1
3706,8756,14.674861111111683,0.875,-1
3707,8757,14.680625000000573,0.875,-1
3708,8758,14.686388888889462,0.875,-1
3709,8759,14.692152777778352,0.875,-1
3710,8760,14.697916666667242,0.875,-1
3711,8761,14.703680555556131,0.875,-1
3712,8762,14.70944444444502,0.875,-1
3713,8763,14.71520833333391,0.875,-1
3714,8764,14.7209722222228,0.875,-1
3715,8765,14.72673611111169,0.875,-1
3716,8766,14.732500000000579,0.875,-1
3717,8767,14.738263888889469,0.875,-1
3718,8768,14.744027777778358,0.875,-1
3719,8769,14.749791666667248,0.875,-1
3720,8770,14.755555555556137,0.875,-1
3721,8771,14.761319444445027,0.875,-1
3722,8772,14.767083333333916,0.875,-1
3723,8773,14.772847222222806,0.875,-1
3724,8774,14.778611111111696,0.875,-1
3725,8775,14.784375000000585,0.875,-1
3726,8776,14.790138888889475,0.875,-1
3727,8777,14.795902777778364,0.875,-1
3728,8778,14.801666666667254,0.875,-1
3729,8779,14.807430555556143,0.875,-1
3730,8780,14.813194444445033,0.875,-1
3731,8781,14.818958333333923,0.875,-1
3732,8782,14.824722222222812,0.875,-1
3733,8783,14.830486111111702,0.875,-1
3734,8784,14.836250000000591,0.875,-1
3735,8785,14.84201388888948,0.875,-1
3736,8786,14.84777777777837,0.875,-1
3737,8787,14.85354166666726,0.875,-1
3738,8788,14.85930555555615,0.875,-1
3739,8789,14.865069444445039,0.875,-1
3740,8790,14.870833333333929,0.875,-1
3741,8791,14.876597222222818,0.875,-1
3742,8792,14.882361111111708,0.875,-1
3743,8793,14.888125000000597,0.875,-1
3744,8794,14.893888888889487,0.875,-1
3745,8795,14.899652777778376,0.875,-1
3746,8796,14.905416666667266,0.875,-1
3747,8797,14.911180555556156,0.875,-1
3748,8798,14.916944444445045,0.875,-1
3749,8799,14.922708333333935,0.875,-1
3750,8800,14.928472222222824,0.875,-1
3751,8801,14.934236111111714,0.875,-1
3752,8802,14.940000000000603,0.875,-1
3753,8803,14.945763888889493,0.875,-1
3754,8804,14.951527777778383,0.875,-1
3755,8805,14.957291666667272,0.875,-1
3756,8806,14.963055555556162,0.875,-1
3757,8807,14.968819444445051,0.875,-1
3758,8808,14.968819444445051,0.775,29
3759,8809,14.968819444445051,0.775,29
3760,8810,14.968819444445051,0.775,29
3761,8811,14.968819444445051,0.775,29
3762,8812,14.968819444445051,0.775,29
3763,8813,14.968819444445051,0.775,29
3764,8814,14.968819444445051,0.775,29
3765,8815,14.968819444445051,0.775,29
3766,8816,14.968819444445051,0.775,29
3767,8817,14.968819444445051,0.775,29
3768,8818,14.968819444445051,0.775,29
3769,8819,14.968819444445051,0.775,29
3770,8820,14.968819444445051,0.775,29
3771,8821,14.968819444445051,0.775,29
3772,8822,14.968819444445051,0.775,29
3773,8823,14.968819444445051,0.775,29
3774,8824,14.968819444445051,0.775,29
3775,8825,14.968819444445051,0.775,29
3776,8826,14.968819444445051,0.775,29
3777,8827,14.968819444445051,0.775,29
3778,8828,14.968819444445051,0.775,29
3779,8829,14.968819444445051,0.775,29
3780,8830,14.968819444445051,0.775,29
3781,8831,14.968819444445051,0.775,29
3782,8832,14.968819444445051,0.775,29
3783,8833,14.968819444445051,0.775,29
3784,8834,14.968819444445051,0.775,29
3785,8835,14.968819444445051,0.775,29
3786,8836,14.968819444445051,0.775,29
3787,8837,14.968819444445051,0.775,29
3788,8838,14.968819444445051,0.775,29
3789,8839,14.968819444445051,0.775,29
3790,8840,14.968819444445051,0.775,29
3791,8841,14.968819444445051,0.775,29
3792,8842,14.968819444445051,0.775,29
3793,8843,14.968819444445051,0.775,29
3794,8844,14.968819444445051,0.775,29
3795,8845,14.968819444445051,0.775,29
3796,8846,14.968819444445051,0.775,29
3797,8847,14.968819444445051,0.775,29
3798,8848,14.968819444445051,0.775,29
3799,8849,14.968819444445051,0.775,29
3800,8850,14.968819444445051,0.775,29
3801,8851,14.968819444445051,0.775,29
3802,8852,14.968819444445051,0.775,29
3803,8853,14.968819444445051,0.775,29
3804,8854,14.968819444445051,0.775,29
3805,8855,14.968819444445051,0.775,29
3806,8856,14.968819444445051,0.775,29
3807,8857,14.968819444445051,0.775,29
3808,8858,14.968819444445051,0.775,29
3809,8859,14.968819444445051,0.775,29
3810,8860,14.968819444445051,0.775,29
3811,8861,14.968819444445051,0.775,29
3812,8862,14.968819444445051,0.775,29
3813,8863,14.968819444445051,0.775,29
3814,8864,14.968819444445051,0.775,29
3815,8865,14.968819444445051,0.775,29
3816,8866,14.968819444445051,0.775,29
3817,8867,14.968819444445051,0.775,29
3818,8868,14.968819444445051,0.775,29
3819,8869,14.968819444445051,0.775,29
3820,8870,14.968819444445051,0.775,29
3821,8871,14.968819444445051,0.775,29
3822,8872,14.968819444445051,0.775,29
3823,8873,14.968819444445051,0.775,29
3824,8874,14.968819444445051,0.775,29
3825,8875,14.968819444445051,0.775,29
3826,8876,14.968819444445051,0.775,29
3827,8877,14.968819444445051,0.775,29
3828,8878,14.968819444445051,0.775,29
3829,8879,14.968819444445051,0.775,29
3830,8880,14.968819444445051,0.775,29
3831,8881,14.968819444445051,0.775,29
3832,8882,14.968819444445051,0.775,29
3833,8883,14.968819444445051,0.775,29
3834,8884,14.97458333333394,0.775,-1
3835,8885,14.98034722222283,0.775,-1
3836,8886,14.98611111111172,0.775,-1
3837,8887,14.99187500000061,0.775,-1
3838,8888,14.9976388888895,0.775,-1
3839,8889,15.003402777778389,0.775,-1
3840,8890,15.009166666667278,0.775,-1
3841,8891,15.014930555556168,0.775,-1
3842,8892,15.020694444445057,0.775,-1
3843,8893,15.026458333333947,0.775,-1
3844,8894,15.032222222222837,0.775,-1
3845,8895,15.037986111111726,0.775,-1
3846,8896,15.043750000000616,0.775,-1
3847,8897,15.049513888889505,0.775,-1
3848,8898,15.055277777778395,0.775,-1
3849,8899,15.061041666667284,0.775,-1
3850,8900,15.066805555556174,0.775,-1
3851,8901,15.072569444445064,0.775,-1
3852,8902,15.078333333333953,0.775,-1
3853,8903,15.084097222222843,0.775,-1
3854,8904,15.089861111111732,0.775,-1
3855,8905,15.095625000000622,0.775,-1
3856,8906,15.101388888889511,0.775,-1
3857,8907,15.107152777778401,0.775,-1
3858,8908,15.11291666666729,0.775,-1
3859,8909,15.11868055555618,0.775,-1
3860,8910,15.12444444444507,0.775,-1
3861,8911,15.13020833333396,0.775,-1
3862,8912,15.135972222222849,0.775,-1
3863,8913,15.141736111111738,0.775,-1
3864,8914,15.147500000000628,0.775,-1
3865,8915,15.153263888889517,0.775,-1
3866,8916,15.159027777778407,0.775,-1
3867,8917,15.164791666667297,0.775,-1
3868,8918,15.170555555556186,0.775,-1
3869,8919,15.176319444445076,0.775,-1
3870,8920,15.182083333333965,0.775,-1
3871,8921,15.187847222222855,0.775,-1
3872,8922,15.193611111111744,0.775,-1
3873,8923,15.199375000000634,0.775,-1
3874,8924,15.205138888889524,0.775,-1
3875,8925,15.210902777778413,0.775,-1
3876,8926,15.216666666667303,0.775,-1
3877,8927,15.222430555556192,0.775,-1
3878,8928,15.228194444445082,0.775,-1
3879,8929,15.233958333333971,0.775,-1
3880,8930,15.239722222222861,0.775,-1
3881,8931,15.24548611111175,0.775,-1
3882,8932,15.25125000000064,0.775,-1
3883,8933,15.25701388888953,0.775,-1
3884,8934,15.26277777777842,0.775,-1
3885,8935,15.268541666667309,0.775,-1
3886,8936,15.274305555556198,0.775,-1
3887,8937,15.280069444445088,0.775,-1
3888,8938,15.285833333333978,0.775,-1
3889,8939,15.291597222222867,0.775,-1
3890,8940,15.297361111111757,0.775,-1
3891,8941,15.303125000000646,0.775,-1
3892,8942,15.308888888889536,0.775,-1
3893,8943,15.314652777778425,0.775,-1
3894,8944,15.320416666667315,0.775,-1
3895,8945,15.326180555556205,0.775,-1
3896,8946,15.331944444445094,0.775,-1
3897,8947,15.337708333333984,0.775,-1
3898,8948,15.337708333333984,0.725,30
3899,8949,15.337708333333984,0.725,30
3900,8950,15.337708333333984,0.725,30
3901,8951,15.337708333333984,0.725,30
3902,8952,15.337708333333984,0.725,30
3903,8953,15.337708333333984,0.725,30
3904,8954,15.337708333333984,0.725,30
3905,8955,15.337708333333984,0.725,30
3906,8956,15.337708333333984,0.725,30
3907,8957,15.337708333333984,0.725,30
3908,8958,15.337708333333984,0.725,30
3909,8959,15.343472222222873,0.725,-1
3910,8960,15.349236111111763,0.725,-1
3911,8961,15.355000000000652,0.725,-1
3912,8962,15.360763888889542,0.725,-1
3913,8963,15.366527777778431,0.725,-1
3914,8964,15.372291666667321,0.725,-1
3915,8965,15.37805555555621,0.725,-1
3916,8966,15.3838194444451,0.725,-1
3917,8967,15.38958333333399,0.725,-1
3918,8968,15.39534722222288,0.725,-1
3919,8969,15.401111111111769,0.725,-1
3920,8970,15.406875000000658,0.725,-1
3921,8971,15.412638888889548,0.725,-1
3922,8972,15.418402777778438,0.725,-1
3923,8973,15.424166666667327,0.725,-1
3924,8974,15.429930555556217,0.725,-1
3925,8975,15.435694444445106,0.725,-1
3926,8976,15.441458333333996,0.725,-1
3927,8977,15.447222222222885,0.725,-1
3928,8978,15.452986111111775,0.725,-1
3929,8979,15.458750000000665,0.725,-1
3930,8980,15.464513888889554,0.725,-1
3931,8981,15.470277777778444,0.725,-1
3932,8982,15.476041666667333,0.725,-1
3933,8983,15.481805555556223,0.725,-1
3934,8984,15.487569444445112,0.725,-1
3935,8985,15.493333333334002,0.725,-1
3936,8986,15.499097222222892,0.725,-1
3937,8987,15.504861111111781,0.725,-1
3938,8988,15.51062500000067,0.725,-1
3939,8989,15.51638888888956,0.725,-1
3940,8990,15.52215277777845,0.725,-1
3941,8991,15.52791666666734,0.725,-1
3942,8992,15.533680555556229,0.725,-1
3943,8993,15.539444444445119,0.725,-1
3944,8994,15.545208333334008,0.725,-1
3945,8995,15.550972222222898,0.725,-1
3946,8996,15.556736111111787,0.725,-1
3947,8997,15.562500000000677,0.725,-1
3948,8998,15.568263888889566,0.725,-1
3949,8999,15.574027777778456,0.725,-1
3950,9000,15.579791666667345,0.725,-1
3951,9001,15.585555555556235,0.725,-1
3952,9002,15.591319444445125,0.725,-1
3953,9003,15.597083333334014,0.725,-1
3954,9004,15.602847222222904,0.725,-1
3955,9005,15.608611111111793,0.725,-1
3956,9006,15.614375000000683,0.725,-1
3957,9007,15.620138888889572,0.725,-1
3958,9008,15.625902777778462,0.725,-1
3959,9009,15.631666666667352,0.725,-1
3960,9010,15.637430555556241,0.725,-1
3961,9011,15.64319444444513,0.725,-1
3962,9012,15.64895833333402,0.725,-1
3963,9013,15.65472222222291,0.725,-1
3964,9014,15.6604861111118,0.725,-1
3965,9015,15.666250000000689,0.725,-1
3966,9016,15.672013888889579,0.725,-1
3967,9017,15.677777777778468,0.725,-1
3968,9018,15.683541666667358,0.725,-1
3969,9019,15.689305555556247,0.725,-1
3970,9020,15.695069444445137,0.725,-1
3971,9021,15.700833333334026,0.725,-1
3972,9022,15.706597222222916,0.725,-1
3973,9023,15.712361111111806,0.725,-1
3974,9024,15.718125000000695,0.725,-1
3975,9025,15.723888888889585,0.725,-1
3976,9026,15.729652777778474,0.725,-1
3977,9027,15.735416666667364,0.725,-1
3978,9028,15.741180555556253,0.725,-1
3979,9029,15.746944444445143,0.725,-1
3980,9030,15.752708333334033,0.725,-1
3981,9031,15.758472222222922,0.725,-1
3982,9032,15.764236111111812,0.725,-1
3983,9033,15.770000000000701,0.725,-1
3984,9034,15.77576388888959,0.725,-1
3985,9035,15.78152777777848,0.725,-1
3986,9036,15.78729166666737,0.725,-1
3987,9037,15.79305555555626,0.725,-1
3988,9038,15.798819444445149,0.725,-1
3989,9039,15.804583333334039,0.725,-1
3990,9040,15.810347222222928,0.725,-1
3991,9041,15.816111111111818,0.725,-1
3992,9042,15.821875000000707,0.725,-1
3993,9043,15.827638888889597,0.725,-1
3994,9044,15.833402777778486,0.725,-1
3995,9045,15.839166666667376,0.725,-1
3996,9046,15.844930555556266,0.725,-1
3997,9047,15.850694444445155,0.725,-1
3998,9048,15.856458333334045,0.725,-1
3999,9049,15.862222222222934,0.725,-1
4000,9050,15.862222222222934,0.7125,31
4001,9051,15.862222222222934,0.7125,31
4002,9052,15.862222222222934,0.7125,31
4003,9053,15.862222222222934,0.7125,31
4004,9054,15.862222222222934,0.7125,31
4005,9055,15.862222222222934,0.7125,31
4006,9056,15.862222222222934,0.7125,31
4007,9057,15.862222222222934,0.7125,31
4008,9058,15.862222222222934,0.7125,31
4009,9059,15.862222222222934,0.7125,31
4010,9060,15.862222222222934,0.7125,31
4011,9061,15.862222222222934,0.7125,31
4012,9062,15.867986111111824,0.7125,-1
4013,9063,15.873750000000713,0.7125,-1
4014,9064,15.879513888889603,0.7125,-1
4015,9065,15.885277777778493,0.7125,-1
4016,9066,15.891041666667382,0.7125,-1
4017,9067,15.896805555556272,0.7125,-1
4018,9068,15.902569444445161,0.7125,-1
4019,9069,15.90833333333405,0.7125,-1
4020,9070,15.91409722222294,0.7125,-1
4021,9071,15.91986111111183,0.7125,-1
4022,9072,15.92562500000072,0.7125,-1
4023,9073,15.93138888888961,0.7125,-1
4024,9074,15.937152777778499,0.7125,-1
4025,9075,15.942916666667388,0.7125,-1
4026,9076,15.948680555556278,0.7125,-1
4027,9077,15.954444444445167,0.7125,-1
4028,9078,15.960208333334057,0.7125,-1
4029,9079,15.965972222222947,0.7125,-1
4030,9080,15.971736111111836,0.7125,-1
4031,9081,15.977500000000726,0.7125,-1
4032,9082,15.983263888889615,0.7125,-1
4033,9083,15.989027777778505,0.7125,-1
4034,9084,15.994791666667394,0.7125,-1
4035,9085,16.000555555556282,0.7125,-1
4036,9086,16.00631944444517,0.7125,-1
4037,9087,16.01208333333406,0.7125,-1
4038,9088,16.01784722222295,0.7125,-1
4039,9089,16.02361111111184,0.7125,-1
4040,9090,16.02937500000073,0.7125,-1
4041,9091,16.03513888888962,0.7125,-1
4042,9092,16.04090277777851,0.7125,-1
4043,9093,16.0466666666674,0.7125,-1
4044,9094,16.05243055555629,0.7125,-1
4045,9095,16.058194444445178,0.7125,-1
4046,9096,16.063958333334067,0.7125,-1
4047,9097,16.069722222222957,0.7125,-1
4048,9098,16.075486111111847,0.7125,-1
4049,9099,16.081250000000736,0.7125,-1
4050,9100,16.087013888889626,0.7125,-1
4051,9101,16.092777777778515,0.7125,-1
4052,9102,16.098541666667405,0.7125,-1
4053,9103,16.104305555556294,0.7125,-1
4054,9104,16.110069444445184,0.7125,-1
4055,9105,16.115833333334074,0.7125,-1
4056,9106,16.121597222222963,0.7125,-1
4057,9107,16.127361111111853,0.7125,-1
4058,9108,16.133125000000742,0.7125,-1
4059,9109,16.138888888889632,0.7125,-1
4060,9110,16.14465277777852,0.7125,-1
4061,9111,16.15041666666741,0.7125,-1
4062,9112,16.1561805555563,0.7125,-1
4063,9113,16.16194444444519,0.7125,-1
4064,9114,16.16770833333408,0.7125,-1
4065,9115,16.17347222222297,0.7125,-1
4066,9116,16.17923611111186,0.7125,-1
4067,9117,16.18500000000075,0.7125,-1
4068,9118,16.190763888889638,0.7125,-1
4069,9119,16.196527777778527,0.7125,-1
4070,9120,16.202291666667417,0.7125,-1
4071,9121,16.208055555556307,0.7125,-1
4072,9122,16.213819444445196,0.7125,-1
4073,9123,16.219583333334086,0.7125,-1
4074,9124,16.225347222222975,0.7125,-1
4075,9125,16.231111111111865,0.7125,-1
4076,9126,16.236875000000754,0.7125,-1
4077,9127,16.242638888889644,0.7125,-1
4078,9128,16.248402777778534,0.7125,-1
4079,9129,16.254166666667423,0.7125,-1
4080,9130,16.259930555556313,0.7125,-1
4081,9131,16.265694444445202,0.7125,-1
4082,9132,16.271458333334092,0.7125,-1
4083,9133,16.27722222222298,0.7125,-1
4084,9134,16.28298611111187,0.7125,-1
4085,9135,16.28875000000076,0.7125,-1
4086,9136,16.29451388888965,0.7125,-1
4087,9137,16.30027777777854,0.7125,-1
4088,9138,16.30604166666743,0.7125,-1
4089,9139,16.31180555555632,0.7125,-1
4090,9140,16.31756944444521,0.7125,-1
4091,9141,16.323333333334098,0.7125,-1
4092,9142,16.329097222222988,0.7125,-1
4093,9143,16.334861111111877,0.7125,-1
4094,9144,16.340625000000767,0.7125,-1
4095,9145,16.346388888889656,0.7125,-1
4096,9146,16.352152777778546,0.7125,-1
4097,9147,16.357916666667435,0.7125,-1
4098,9148,16.363680555556325,0.7125,-1
4099,9149,16.369444444445215,0.7125,-1
4100,9150,16.375208333334104,0.7125,-1
4101,9151,16.380972222222994,0.7125,-1
4102,9152,16.386736111111883,0.7125,-1
4103,9153,16.392500000000773,0.7125,-1
4104,9154,16.398263888889662,0.7125,-1
4105,9155,16.404027777778552,0.7125,-1
4106,9156,16.40979166666744,0.7125,-1
4107,9157,16.41555555555633,0.7125,-1
4108,9158,16.42131944444522,0.7125,-1
4109,9159,16.42708333333411,0.7125,-1
4110,9160,16.432847222223,0.7125,-1
4111,9161,16.43861111111189,0.7125,-1
4112,9162,16.44437500000078,0.7125,-1
4113,9163,16.45013888888967,0.7125,-1
4114,9164,16.455902777778558,0.7125,-1
4115,9165,16.461666666667448,0.7125,-1
4116,9166,16.467430555556337,0.7125,-1
4117,9167,16.473194444445227,0.7125,-1
4118,9168,16.478958333334116,0.7125,-1
4119,9169,16.484722222223006,0.7125,-1
4120,9170,16.490486111111895,0.7125,-1
4121,9171,16.496250000000785,0.7125,-1
4122,9172,16.502013888889675,0.7125,-1
4123,9173,16.507777777778564,0.7125,-1
4124,9174,16.513541666667454,0.7125,-1
4125,9175,16.519305555556343,0.7125,-1
4126,9176,16.525069444445233,0.7125,-1
4127,9177,16.530833333334122,0.7125,-1
4128,9178,16.536597222223012,0.7125,-1
4129,9179,16.5423611111119,0.7125,-1
4130,9180,16.54812500000079,0.7125,-1
4131,9181,16.55388888888968,0.7125,-1
4132,9182,16.55965277777857,0.7125,-1
4133,9183,16.56541666666746,0.7125,-1
4134,9184,16.57118055555635,0.7125,-1
4135,9185,16.57694444444524,0.7125,-1
4136,9186,16.58270833333413,0.7125,-1
4137,9187,16.588472222223018,0.7125,-1
4138,9188,16.594236111111908,0.7125,-1
4139,9189,16.600000000000797,0.7125,-1
4140,9190,16.600000000000797,0.65,32
4141,9191,16.600000000000797,0.65,32
4142,9192,16.600000000000797,0.65,32
4143,9193,16.600000000000797,0.65,32
4144,9194,16.600000000000797,0.65,32
4145,9195,16.600000000000797,0.65,32
4146,9196,16.600000000000797,0.65,32
4147,9197,16.600000000000797,0.65,32
4148,9198,16.600000000000797,0.65,32
4149,9199,16.600000000000797,0.65,32
4150,9200,16.600000000000797,0.65,32
4151,9201,16.600000000000797,0.65,32
4152,9202,16.600000000000797,0.65,32
4153,9203,16.605763888889687,0.65,-1
4154,9204,16.611527777778576,0.65,-1
4155,9205,16.617291666667466,0.65,-1
4156,9206,16.623055555556356,0.65,-1
4157,9207,16.628819444445245,0.65,-1
4158,9208,16.634583333334135,0.65,-1
4159,9209,16.640347222223024,0.65,-1
4160,9210,16.646111111111914,0.65,-1
4161,9211,16.651875000000803,0.65,-1
4162,9212,16.657638888889693,0.65,-1
4163,9213,16.663402777778582,0.65,-1
4164,9214,16.669166666667472,0.65,-1
4165,9215,16.67493055555636,0.65,-1
4166,9216,16.68069444444525,0.65,-1
4167,9217,16.68645833333414,0.65,-1
4168,9218,16.69222222222303,0.65,-1
4169,9219,16.69798611111192,0.65,-1
4170,9220,16.70375000000081,0.65,-1
4171,9221,16.7095138888897,0.65,-1
4172,9222,16.71527777777859,0.65,-1
4173,9223,16.721041666667478,0.65,-1
4174,9224,16.726805555556368,0.65,-1
4175,9225,16.732569444445257,0.65,-1
4176,9226,16.738333333334147,0.65,-1
4177,9227,16.744097222223036,0.65,-1
4178,9228,16.749861111111926,0.65,-1
4179,9229,16.755625000000816,0.65,-1
4180,9230,16.761388888889705,0.65,-1
4181,9231,16.767152777778595,0.65,-1
4182,9232,16.772916666667484,0.65,-1
4183,9233,16.778680555556374,0.65,-1
4184,9234,16.784444444445263,0.65,-1
4185,9235,16.790208333334153,0.65,-1
4186,9236,16.795972222223043,0.65,-1
4187,9237,16.801736111111932,0.65,-1
4188,9238,16.80750000000082,0.65,-1
4189,9239,16.81326388888971,0.65,-1
4190,9240,16.8190277777786,0.65,-1
4191,9241,16.82479166666749,0.65,-1
4192,9242,16.83055555555638,0.65,-1
4193,9243,16.83631944444527,0.65,-1
4194,9244,16.84208333333416,0.65,-1
4195,9245,16.84784722222305,0.65,-1
4196,9246,16.853611111111938,0.65,-1
4197,9247,16.859375000000828,0.65,-1
4198,9248,16.865138888889717,0.65,-1
4199,9249,16.870902777778607,0.65,-1
4200,9250,16.876666666667496,0.65,-1
4201,9251,16.882430555556386,0.65,-1
4202,9252,16.888194444445276,0.65,-1
4203,9253,16.893958333334165,0.65,-1
4204,9254,16.899722222223055,0.65,-1
4205,9255,16.905486111111944,0.65,-1
4206,9256,16.911250000000834,0.65,-1
4207,9257,16.917013888889723,0.65,-1
4208,9258,16.922777777778613,0.65,-1
4209,9259,16.928541666667503,0.65,-1
4210,9260,16.934305555556392,0.65,-1
4211,9261,16.94006944444528,0.65,-1
4212,9262,16.94583333333417,0.65,-1
4213,9263,16.95159722222306,0.65,-1
4214,9264,16.95736111111195,0.65,-1
4215,9265,16.96312500000084,0.65,-1
4216,9266,16.96888888888973,0.65,-1
4217,9267,16.96888888888973,0.6625,33
4218,9268,16.96888888888973,0.6625,33
4219,9269,16.96888888888973,0.6625,33
4220,9270,16.96888888888973,0.6625,33
4221,9271,16.96888888888973,0.6625,33
4222,9272,16.96888888888973,0.6625,33
4223,9273,16.96888888888973,0.6625,33
4224,9274,16.96888888888973,0.6625,33
4225,9275,16.96888888888973,0.6625,33
4226,9276,16.96888888888973,0.6625,33
4227,9277,16.96888888888973,0.6625,33
4228,9278,16.96888888888973,0.6625,33
4229,9279,16.96888888888973,0.6625,33
4230,9280,16.96888888888973,0.6625,33
4231,9281,16.96888888888973,0.6625,33
4232,9282,16.96888888888973,0.6625,33
4233,9283,16.96888888888973,0.6625,33
4234,9284,16.96888888888973,0.6625,33
4235,9285,16.96888888888973,0.6625,33
4236,9286,16.96888888888973,0.6625,33
4237,9287,16.96888888888973,0.6625,33
4238,9288,16.96888888888973,0.6625,33
4239,9289,16.96888888888973,0.6625,33
4240,9290,16.96888888888973,0.6625,33
4241,9291,16.96888888888973,0.6625,33
4242,9292,16.96888888888973,0.6625,33
4243,9293,16.96888888888973,0.6625,33
4244,9294,16.96888888888973,0.6625,33
4245,9295,16.96888888888973,0.6625,33
4246,9296,16.96888888888973,0.6625,33
4247,9297,16.96888888888973,0.6625,33
4248,9298,16.96888888888973,0.6625,33
4249,9299,16.96888888888973,0.6625,33
4250,9300,16.96888888888973,0.6625,33
4251,9301,16.96888888888973,0.6625,33
4252,9302,16.96888888888973,0.6625,33
4253,9303,16.96888888888973,0.6625,33
4254,9304,16.96888888888973,0.6625,33
4255,9305,16.96888888888973,0.6625,33
4256,9306,16.96888888888973,0.6625,33
4257,9307,16.96888888888973,0.6625,33
4258,9308,16.96888888888973,0.6625,33
4259,9309,16.96888888888973,0.6625,33
4260,9310,16.96888888888973,0.6625,33
4261,9311,16.97465277777862,0.6625,-1
4262,9312,16.98041666666751,0.6625,-1
4263,9313,16.9861805555564,0.6625,-1
4264,9314,16.991944444445288,0.6625,-1
4265,9315,16.997708333334177,0.6625,-1
4266,9316,17.003472222223067,0.6625,-1
4267,9317,17.009236111111957,0.6625,-1
4268,9318,17.015000000000846,0.6625,-1
4269,9319,17.020763888889736,0.6625,-1
4270,9320,17.026527777778625,0.6625,-1
4271,9321,17.032291666667515,0.6625,-1
4272,9322,17.038055555556404,0.6625,-1
4273,9323,17.043819444445294,0.6625,-1
4274,9324,17.049583333334184,0.6625,-1
4275,9325,17.055347222223073,0.6625,-1
4276,9326,17.061111111111963,0.6625,-1
4277,9327,17.066875000000852,0.6625,-1
4278,9328,17.072638888889742,0.6625,-1
4279,9329,17.07840277777863,0.6625,-1
4280,9330,17.08416666666752,0.6625,-1
4281,9331,17.08993055555641,0.6625,-1
4282,9332,17.0956944444453,0.6625,-1
4283,9333,17.10145833333419,0.6625,-1
4284,9334,17.10722222222308,0.6625,-1
4285,9335,17.11298611111197,0.6625,-1
4286,9336,17.11875000000086,0.6625,-1
4287,9337,17.124513888889748,0.6625,-1
4288,9338,17.130277777778637,0.6625,-1
4289,9339,17.136041666667527,0.6625,-1
4290,9340,17.141805555556417,0.6625,-1
4291,9341,17.147569444445306,0.6625,-1
4292,9342,17.153333333334196,0.6625,-1
4293,9343,17.159097222223085,0.6625,-1
4294,9344,17.164861111111975,0.6625,-1
4295,9345,17.170625000000864,0.6625,-1
4296,9346,17.176388888889754,0.6625,-1
4297,9347,17.182152777778644,0.6625,-1
4298,9348,17.187916666667533,0.6625,-1
4299,9349,17.193680555556423,0.6625,-1
4300,9350,17.199444444445312,0.6625,-1
4301,9351,17.205208333334202,0.6625,-1
4302,9352,17.21097222222309,0.6625,-1
4303,9353,17.21673611111198,0.6625,-1
4304,9354,17.22250000000087,0.6625,-1
4305,9355,17.22826388888976,0.6625,-1
4306,9356,17.23402777777865,0.6625,-1
4307,9357,17.23979166666754,0.6625,-1
4308,9358,17.24555555555643,0.6625,-1
4309,9359,17.25131944444532,0.6625,-1
4310,9360,17.257083333334208,0.6625,-1
4311,9361,17.262847222223098,0.6625,-1
4312,9362,17.268611111111987,0.6625,-1
4313,9363,17.274375000000877,0.6625,-1
4314,9364,17.280138888889766,0.6625,-1
4315,9365,17.285902777778656,0.6625,-1
4316,9366,17.291666666667545,0.6625,-1
4317,9367,17.297430555556435,0.6625,-1
4318,9368,17.303194444445325,0.6625,-1
4319,9369,17.308958333334214,0.6625,-1
4320,9370,17.314722222223104,0.6625,-1
4321,9371,17.320486111111993,0.6625,-1
4322,9372,17.326250000000883,0.6625,-1
4323,9373,17.332013888889772,0.6625,-1
4324,9374,17.337777777778662,0.6625,-1
4325,9375,17.34354166666755,0.6625,-1
4326,9376,17.34930555555644,0.6625,-1
4327,9377,17.35506944444533,0.6625,-1
4328,9378,17.36083333333422,0.6625,-1
4329,9379,17.36659722222311,0.6625,-1
4330,9380,17.372361111112,0.6625,-1
4331,9381,17.37812500000089,0.6625,-1
4332,9382,17.38388888888978,0.6625,-1
4333,9383,17.389652777778668,0.6625,-1
4334,9384,17.395416666667558,0.6625,-1
4335,9385,17.401180555556447,0.6625,-1
4336,9386,17.406944444445337,0.6625,-1
4337,9387,17.412708333334226,0.6625,-1
4338,9388,17.418472222223116,0.6625,-1
4339,9389,17.424236111112005,0.6625,-1
4340,9390,17.430000000000895,0.6625,-1
4341,9391,17.435763888889785,0.6625,-1
4342,9392,17.441527777778674,0.6625,-1
4343,9393,17.447291666667564,0.6625,-1
4344,9394,17.453055555556453,0.6625,-1
4345,9395,17.458819444445343,0.6625,-1
4346,9396,17.464583333334232,0.6625,-1
4347,9397,17.470347222223122,0.6625,-1
4348,9398,17.47611111111201,0.6625,-1
4349,9399,17.4818750000009,0.6625,-1
4350,9400,17.48763888888979,0.6625,-1
4351,9401,17.49340277777868,0.6625,-1
4352,9402,17.49916666666757,0.6625,-1
4353,9403,17.50493055555646,0.6625,-1
4354,9404,17.51069444444535,0.6625,-1
4355,9405,17.51645833333424,0.6625,-1
4356,9406,17.522222222223128,0.6625,-1
4357,9407,17.527986111112018,0.6625,-1
4358,9408,17.533750000000907,0.6625,-1
4359,9409,17.539513888889797,0.6625,-1
4360,9410,17.545277777778686,0.6625,-1
4361,9411,17.551041666667576,0.6625,-1
4362,9412,17.556805555556465,0.6625,-1
4363,9413,17.562569444445355,0.6625,-1
4364,9414,17.568333333334245,0.6625,-1
4365,9415,17.574097222223134,0.6625,-1
4366,9416,17.579861111112024,0.6625,-1
4367,9417,17.585625000000913,0.6625,-1
4368,9418,17.591388888889803,0.6625,-1
4369,9419,17.597152777778692,0.6625,-1
4370,9420,17.602916666667582,0.6625,-1
4371,9421,17.60868055555647,0.6625,-1
4372,9422,17.61444444444536,0.6625,-1
4373,9423,17.61444444444536,0.6,34
4374,9424,17.61444444444536,0.6,34
4375,9425,17.61444444444536,0.6,34
4376,9426,17.61444444444536,0.6,34
4377,9427,17.61444444444536,0.6,34
4378,9428,17.61444444444536,0.6,34
4379,9429,17.61444444444536,0.6,34
4380,9430,17.61444444444536,0.6,34
4381,9431,17.61444444444536,0.6,34
4382,9432,17.61444444444536,0.6,34
4383,9433,17.61444444444536,0.6,34
4384,9434,17.62020833333425,0.6,-1
4385,9435,17.62597222222314,0.6,-1
4386,9436,17.63173611111203,0.6,-1
4387,9437,17.63750000000092,0.6,-1
4388,9438,17.64326388888981,0.6,-1
4389,9439,17.6490277777787,0.6,-1
4390,9440,17.654791666667588,0.6,-1
4391,9441,17.660555555556478,0.6,-1
4392,9442,17.666319444445367,0.6,-1
4393,9443,17.672083333334257,0.6,-1
4394,9444,17.677847222223146,0.6,-1
4395,9445,17.683611111112036,0.6,-1
4396,9446,17.689375000000926,0.6,-1
4397,9447,17.695138888889815,0.6,-1
4398,9448,17.700902777778705,0.6,-1
4399,9449,17.706666666667594,0.6,-1
4400,9450,17.712430555556484,0.6,-1
4401,9451,17.718194444445373,0.6,-1
4402,9452,17.723958333334263,0.6,-1
4403,9453,17.729722222223153,0.6,-1
4404,9454,17.735486111112042,0.6,-1
4405,9455,17.74125000000093,0.6,-1
4406,9456,17.74701388888982,0.6,-1
4407,9457,17.75277777777871,0.6,-1
4408,9458,17.7585416666676,0.6,-1
4409,9459,17.76430555555649,0.6,-1
4410,9460,17.77006944444538,0.6,-1
4411,9461,17.77583333333427,0.6,-1
4412,9462,17.78159722222316,0.6,-1
4413,9463,17.787361111112048,0.6,-1
4414,9464,17.793125000000938,0.6,-1
4415,9465,17.798888888889827,0.6,-1
4416,9466,17.804652777778717,0.6,-1
4417,9467,17.810416666667606,0.6,-1
4418,9468,17.816180555556496,0.6,-1
4419,9469,17.821944444445386,0.6,-1
4420,9470,17.827708333334275,0.6,-1
4421,9471,17.833472222223165,0.6,-1
4422,9472,17.839236111112054,0.6,-1
4423,9473,17.845000000000944,0.6,-1
4424,9474,17.850763888889833,0.6,-1
4425,9475,17.856527777778723,0.6,-1
4426,9476,17.862291666667613,0.6,-1
4427,9477,17.868055555556502,0.6,-1
4428,9478,17.87381944444539,0.6,-1
4429,9479,17.87958333333428,0.6,-1
4430,9480,17.88534722222317,0.6,-1
4431,9481,17.89111111111206,0.6,-1
4432,9482,17.89687500000095,0.6,-1
4433,9483,17.90263888888984,0.6,-1
4434,9484,17.90840277777873,0.6,-1
4435,9485,17.91416666666762,0.6,-1
4436,9486,17.91993055555651,0.6,-1
4437,9487,17.925694444445398,0.6,-1
4438,9488,17.931458333334287,0.6,-1
4439,9489,17.937222222223177,0.6,-1
4440,9490,17.942986111112067,0.6,-1
4441,9491,17.948750000000956,0.6,-1
4442,9492,17.954513888889846,0.6,-1
4443,9493,17.960277777778735,0.6,-1
4444,9494,17.966041666667625,0.6,-1
4445,9495,17.971805555556514,0.6,-1
4446,9496,17.977569444445404,0.6,-1
4447,9497,17.983333333334294,0.6,-1
4448,9498,17.989097222223183,0.6,-1
4449,9499,17.994861111112073,0.6,-1
4450,9500,18.000625000000962,0.6,-1
4451,9501,18.006388888889852,0.6,-1
4452,9502,18.01215277777874,0.6,-1
4453,9503,18.01791666666763,0.6,-1
4454,9504,18.02368055555652,0.6,-1
4455,9505,18.02944444444541,0.6,-1
4456,9506,18.0352083333343,0.6,-1
4457,9507,18.04097222222319,0.6,-1
4458,9508,18.04673611111208,0.6,-1
4459,9509,18.05250000000097,0.6,-1
4460,9510,18.058263888889858,0.6,-1
4461,9511,18.064027777778747,0.6,-1
4462,9512,18.069791666667637,0.6,-1
4463,9513,18.075555555556527,0.6,-1
4464,9514,18.081319444445416,0.6,-1
4465,9515,18.087083333334306,0.6,-1
4466,9516,18.092847222223195,0.6,-1
4467,9517,18.098611111112085,0.6,-1
4468,9518,18.104375000000974,0.6,-1
4469,9519,18.110138888889864,0.6,-1
4470,9520,18.115902777778754,0.6,-1
4471,9521,18.121666666667643,0.6,-1
4472,9522,18.127430555556533,0.6,-1
4473,9523,18.133194444445422,0.6,-1
4474,9524,18.138958333334312,0.6,-1
4475,9525,18.1447222222232,0.6,-1
4476,9526,18.15048611111209,0.6,-1
4477,9527,18.15625000000098,0.6,-1
4478,9528,18.16201388888987,0.6,-1
4479,9529,18.16777777777876,0.6,-1
4480,9530,18.17354166666765,0.6,-1
4481,9531,18.17930555555654,0.6,-1
4482,9532,18.18506944444543,0.6,-1
4483,9533,18.190833333334318,0.6,-1
4484,9534,18.196597222223208,0.6,-1
4485,9535,18.202361111112097,0.6,-1
4486,9536,18.208125000000987,0.6,-1
4487,9537,18.213888888889876,0.6,-1
4488,9538,18.219652777778766,0.6,-1
4489,9539,18.225416666667655,0.6,-1
4490,9540,18.231180555556545,0.6,-1
4491,9541,18.236944444445434,0.6,-1
4492,9542,18.242708333334324,0.6,-1
4493,9543,18.248472222223214,0.6,-1
4494,9544,18.254236111112103,0.6,-1
4495,9545,18.260000000000993,0.6,-1
4496,9546,18.265763888889882,0.6,-1
4497,9547,18.271527777778772,0.6,-1
4498,9548,18.27729166666766,0.6,-1
4499,9549,18.28305555555655,0.6,-1
4500,9550,18.28881944444544,0.6,-1
4501,9551,18.29458333333433,0.6,-1
4502,9552,18.30034722222322,0.6,-1
4503,9553,18.30611111111211,0.6,-1
4504,9554,18.311875000001,0.6,-1
4505,9555,18.31763888888989,0.6,-1
4506,9556,18.323402777778778,0.6,-1
4507,9557,18.329166666667668,0.6,-1
4508,9558,18.334930555556557,0.6,-1
4509,9559,18.340694444445447,0.6,-1
4510,9560,18.346458333334336,0.6,-1
4511,9561,18.352222222223226,0.6,-1
4512,9562,18.357986111112115,0.6,-1
4513,9563,18.363750000001005,0.6,-1
4514,9564,18.369513888889895,0.6,-1
4515,9565,18.375277777778784,0.6,-1
4516,9566,18.381041666667674,0.6,-1
4517,9567,18.386805555556563,0.6,-1
4518,9568,18.392569444445453,0.6,-1
4519,9569,18.398333333334342,0.6,-1
4520,9570,18.404097222223232,0.6,-1
4521,9571,18.40986111111212,0.6,-1
4522,9572,18.41562500000101,0.6,-1
4523,9573,18.4213888888899,0.6,-1
4524,9574,18.42715277777879,0.6,-1
4525,9575,18.43291666666768,0.6,-1
4526,9576,18.43868055555657,0.6,-1
4527,9577,18.44444444444546,0.6,-1
4528,9578,18.45020833333435,0.6,-1
4529,9579,18.455972222223238,0.6,-1
4530,9580,18.461736111112128,0.6,-1
4531,9581,18.467500000001017,0.6,-1
4532,9582,18.473263888889907,0.6,-1
4533,9583,18.479027777778796,0.6,-1
4534,9584,18.484791666667686,0.6,-1
4535,9585,18.490555555556575,0.6,-1
4536,9586,18.496319444445465,0.6,-1
4537,9587,18.502083333334355,0.6,-1
4538,9588,18.507847222223244,0.6,-1
4539,9589,18.513611111112134,0.6,-1
4540,9590,18.519375000001023,0.6,-1
4541,9591,18.525138888889913,0.6,-1
4542,9592,18.530902777778802,0.6,-1
4543,9593,18.536666666667692,0.6,-1
4544,9594,18.54243055555658,0.6,-1
4545,9595,18.54819444444547,0.6,-1
4546,9596,18.55395833333436,0.6,-1
4547,9597,18.55972222222325,0.6,-1
4548,9598,18.56548611111214,0.6,-1
4549,9599,18.57125000000103,0.6,-1
4550,9600,18.57701388888992,0.6,-1
4551,9601,18.58277777777881,0.6,-1
4552,9602,18.588541666667698,0.6,-1
4553,9603,18.594305555556588,0.6,-1
4554,9604,18.600069444445477,0.6,-1
4555,9605,18.605833333334367,0.6,-1
4556,9606,18.611597222223256,0.6,-1
4557,9607,18.617361111112146,0.6,-1
4558,9608,18.623125000001036,0.6,-1
4559,9609,18.628888888889925,0.6,-1
4560,9610,18.634652777778815,0.6,-1
4561,9611,18.640416666667704,0.6,-1
4562,9612,18.646180555556594,0.6,-1
4563,9613,18.651944444445483,0.6,-1
4564,9614,18.657708333334373,0.6,-1
4565,9615,18.663472222223263,0.6,-1
4566,9616,18.669236111112152,0.6,-1
4567,9617,18.67500000000104,0.6,-1
4568,9618,18.68076388888993,0.6,-1
4569,9619,18.68652777777882,0.6,-1
4570,9620,18.69229166666771,0.6,-1
4571,9621,18.6980555555566,0.6,-1
4572,9622,18.70381944444549,0.6,-1
4573,9623,18.70958333333438,0.6,-1
4574,9624,18.71534722222327,0.6,-1
4575,9625,18.721111111112158,0.6,-1
4576,9626,18.726875000001048,0.6,-1
4577,9627,18.732638888889937,0.6,-1
4578,9628,18.738402777778827,0.6,-1
4579,9629,18.744166666667716,0.6,-1
4580,9630,18.749930555556606,0.6,-1
4581,9631,18.755694444445496,0.6,-1
4582,9632,18.761458333334385,0.6,-1
4583,9633,18.767222222223275,0.6,-1
4584,9634,18.772986111112164,0.6,-1
4585,9635,18.778750000001054,0.6,-1
4586,9636,18.784513888889943,0.6,-1
4587,9637,18.790277777778833,0.6,-1
4588,9638,18.796041666667723,0.6,-1
4589,9639,18.801805555556612,0.6,-1
4590,9640,18.8075694444455,0.6,-1
4591,9641,18.81333333333439,0.6,-1
4592,9642,18.81909722222328,0.6,-1
4593,9643,18.82486111111217,0.6,-1
4594,9644,18.83062500000106,0.6,-1
4595,9645,18.83638888888995,0.6,-1
4596,9646,18.84215277777884,0.6,-1
4597,9647,18.84791666666773,0.6,-1
4598,9648,18.85368055555662,0.6,-1
4599,9649,18.859444444445508,0.6,-1
4600,9650,18.865208333334397,0.6,-1
4601,9651,18.870972222223287,0.6,-1
4602,9652,18.876736111112177,0.6,-1
4603,9653,18.882500000001066,0.6,-1
4604,9654,18.888263888889956,0.6,-1
4605,9655,18.894027777778845,0.6,-1
4606,9656,18.899791666667735,0.6,-1
4607,9657,18.905555555556624,0.6,-1
4608,9658,18.911319444445514,0.6,-1
4609,9659,18.917083333334404,0.6,-1
4610,9660,18.922847222223293,0.6,-1
4611,9661,18.928611111112183,0.6,-1
4612,9662,18.934375000001072,0.6,-1
4613,9663,18.940138888889962,0.6,-1
4614,9664,18.94590277777885,0.6,-1
4615,9665,18.95166666666774,0.6,-1
4616,9666,18.95743055555663,0.6,-1
4617,9667,18.96319444444552,0.6,-1
4618,9668,18.96895833333441,0.6,-1
4619,9669,18.9747222222233,0.6,-1
4620,9670,18.98048611111219,0.6,-1
4621,9671,18.98625000000108,0.6,-1
4622,9672,18.992013888889968,0.6,-1
4623,9673,18.997777777778857,0.6,-1
4624,9674,19.003541666667747,0.6,-1
4625,9675,19.009305555556637,0.6,-1
4626,9676,19.015069444445526,0.6,-1
4627,9677,19.020833333334416,0.6,-1
4628,9678,19.026597222223305,0.6,-1
4629,9679,19.032361111112195,0.6,-1
4630,9680,19.038125000001084,0.6,-1
4631,9681,19.043888888889974,0.6,-1
4632,9682,19.049652777778864,0.6,-1
4633,9683,19.055416666667753,0.6,-1
4634,9684,19.061180555556643,0.6,-1
4635,9685,19.066944444445532,0.6,-1
4636,9686,19.072708333334422,0.6,-1
4637,9687,19.07847222222331,0.6,-1
4638,9688,19.0842361111122,0.6,-1
4639,9689,19.09000000000109,0.6,-1
4640,9690,19.09576388888998,0.6,-1
4641,9691,19.10152777777887,0.6,-1
4642,9692,19.10729166666776,0.6,-1
4643,9693,19.11305555555665,0.6,-1
4644,9694,19.11881944444554,0.6,-1
4645,9695,19.124583333334428,0.6,-1
4646,9696,19.130347222223318,0.6,-1
4647,9697,19.136111111112207,0.6,-1
4648,9698,19.141875000001097,0.6,-1
4649,9699,19.147638888889986,0.6,-1
4650,9700,19.153402777778876,0.6,-1
4651,9701,19.159166666667765,0.6,-1
4652,9702,19.164930555556655,0.6,-1
4653,9703,19.170694444445544,0.6,-1
4654,9704,19.176458333334434,0.6,-1
4655,9705,19.182222222223324,0.6,-1
4656,9706,19.187986111112213,0.6,-1
4657,9707,19.193750000001103,0.6,-1
4658,9708,19.199513888889992,0.6,-1
4659,9709,19.205277777778882,0.6,-1
4660,9710,19.21104166666777,0.6,-1
4661,9711,19.21680555555666,0.6,-1
4662,9712,19.22256944444555,0.6,-1
4663,9713,19.22833333333444,0.6,-1
4664,9714,19.23409722222333,0.6,-1
4665,9715,19.23986111111222,0.6,-1
4666,9716,19.24562500000111,0.6,-1
4667,9717,19.25138888889,0.6,-1
4668,9718,19.257152777778888,0.6,-1
4669,9719,19.262916666667778,0.6,-1
4670,9720,19.268680555556667,0.6,-1
4671,9721,19.274444444445557,0.6,-1
4672,9722,19.280208333334446,0.6,-1
4673,9723,19.285972222223336,0.6,-1
4674,9724,19.291736111112225,0.6,-1
4675,9725,19.297500000001115,0.6,-1
4676,9726,19.303263888890005,0.6,-1
4677,9727,19.309027777778894,0.6,-1
4678,9728,19.314791666667784,0.6,-1
4679,9729,19.320555555556673,0.6,-1
4680,9730,19.326319444445563,0.6,-1
4681,9731,19.332083333334452,0.6,-1
4682,9732,19.337847222223342,0.6,-1
4683,9733,19.34361111111223,0.6,-1
4684,9734,19.34937500000112,0.6,-1
4685,9735,19.35513888889001,0.6,-1
4686,9736,19.3609027777789,0.6,-1
4687,9737,19.36666666666779,0.6,-1
4688,9738,19.37243055555668,0.6,-1
4689,9739,19.37819444444557,0.6,-1
4690,9740,19.38395833333446,0.6,-1
4691,9741,19.389722222223348,0.6,-1
4692,9742,19.395486111112238,0.6,-1
4693,9743,19.401250000001127,0.6,-1
4694,9744,19.407013888890017,0.6,-1
4695,9745,19.412777777778906,0.6,-1
4696,9746,19.418541666667796,0.6,-1
4697,9747,19.424305555556685,0.6,-1
4698,9748,19.430069444445575,0.6,-1
4699,9749,19.430069444445575,0.5,35
4700,9750,19.430069444445575,0.5,35
4701,9751,19.430069444445575,0.5,35
4702,9752,19.430069444445575,0.5,35
4703,9753,19.430069444445575,0.5,35
4704,9754,19.430069444445575,0.5,35
4705,9755,19.430069444445575,0.5,35
4706,9756,19.430069444445575,0.5,35
4707,9757,19.430069444445575,0.5,35
4708,9758,19.430069444445575,0.5,35
4709,9759,19.430069444445575,0.5,35
4710,9760,19.430069444445575,0.5,35
4711,9761,19.430069444445575,0.5,35
4712,9762,19.430069444445575,0.5,35
4713,9763,19.430069444445575,0.5,35
4714,9764,19.430069444445575,0.5,35
4715,9765,19.430069444445575,0.5,35
4716,9766,19.435833333334465,0.5,-1
4717,9767,19.435833333334465,0.5,36
4718,9768,19.435833333334465,0.5,36
4719,9769,19.435833333334465,0.5,36
4720,9770,19.435833333334465,0.5,36
4721,9771,19.435833333334465,0.5,36
4722,9772,19.435833333334465,0.5,36
4723,9773,19.435833333334465,0.5,36
4724,9774,19.435833333334465,0.5,36
4725,9775,19.435833333334465,0.5,36
4726,9776,19.435833333334465,0.5,36
4727,9777,19.435833333334465,0.5,36
4728,9778,19.435833333334465,0.5,36
4729,9779,19.435833333334465,0.5,36
4730,9780,19.435833333334465,0.5,36
4731,9781,19.435833333334465,0.5,36
4732,9782,19.435833333334465,0.5,36
4733,9783,19.435833333334465,0.5,36
4734,9784,19.435833333334465,0.5,36
4735,9785,19.435833333334465,0.5,36
4736,9786,19.435833333334465,0.5,36
4737,9787,19.435833333334465,0.5,36
4738,9788,19.435833333334465,0.5,36
4739,9789,19.435833333334465,0.5,36
4740,9790,19.435833333334465,0.5,36
4741,9791,19.441597222223354,0.5,-1
4742,9792,19.447361111112244,0.5,-1
4743,9793,19.453125000001133,0.5,-1
4744,9794,19.458888888890023,0.5,-1
4745,9795,19.464652777778912,0.5,-1
4746,9796,19.470416666667802,0.5,-1
4747,9797,19.47618055555669,0.5,-1
4748,9798,19.48194444444558,0.5,-1
4749,9799,19.48770833333447,0.5,-1
4750,9800,19.49347222222336,0.5,-1
4751,9801,19.49923611111225,0.5,-1
4752,9802,19.50500000000114,0.5,-1
4753,9803,19.51076388889003,0.5,-1
4754,9804,19.51652777777892,0.5,-1
4755,9805,19.522291666667808,0.5,-1
4756,9806,19.528055555556698,0.5,-1
4757,9807,19.533819444445587,0.5,-1
4758,9808,19.539583333334477,0.5,-1
4759,9809,19.545347222223366,0.5,-1
4760,9810,19.551111111112256,0.5,-1
4761,9811,19.556875000001146,0.5,-1
4762,9812,19.562638888890035,0.5,-1
4763,9813,19.568402777778925,0.5,-1
4764,9814,19.574166666667814,0.5,-1
4765,9815,19.579930555556704,0.5,-1
4766,9816,19.585694444445593,0.5,-1
4767,9817,19.591458333334483,0.5,-1
4768,9818,19.597222222223373,0.5,-1
4769,9819,19.602986111112262,0.5,-1
4770,9820,19.60875000000115,0.5,-1
4771,9821,19.61451388889004,0.5,-1
4772,9822,19.62027777777893,0.5,-1
4773,9823,19.62604166666782,0.5,-1
4774,9824,19.63180555555671,0.5,-1
4775,9825,19.6375694444456,0.5,-1
4776,9826,19.64333333333449,0.5,-1
4777,9827,19.64909722222338,0.5,-1
4778,9828,19.654861111112268,0.5,-1
4779,9829,19.660625000001158,0.5,-1
4780,9830,19.666388888890047,0.5,-1
4781,9831,19.672152777778937,0.5,-1
4782,9832,19.677916666667826,0.5,-1
4783,9833,19.683680555556716,0.5,-1
4784,9834,19.689444444445606,0.5,-1
4785,9835,19.695208333334495,0.5,-1
4786,9836,19.700972222223385,0.5,-1
4787,9837,19.706736111112274,0.5,-1
4788,9838,19.712500000001164,0.5,-1
4789,9839,19.718263888890053,0.5,-1
4790,9840,19.724027777778943,0.5,-1
4791,9841,19.729791666667833,0.5,-1
4792,9842,19.735555555556722,0.5,-1
4793,9843,19.74131944444561,0.5,-1
4794,9844,19.7470833333345,0.5,-1
4795,9845,19.75284722222339,0.5,-1
4796,9846,19.75861111111228,0.5,-1
4797,9847,19.76437500000117,0.5,-1
4798,9848,19.77013888889006,0.5,-1
4799,9849,19.77590277777895,0.5,-1
4800,9850,19.78166666666784,0.5,-1
4801,9851,19.78743055555673,0.5,-1
4802,9852,19.78743055555673,0.3625,37
4803,9853,19.78743055555673,0.3625,37
4804,9854,19.78743055555673,0.3625,37
4805,9855,19.78743055555673,0.3625,37
4806,9856,19.78743055555673,0.3625,37
4807,9857,19.78743055555673,0.3625,37
4808,9858,19.78743055555673,0.3625,37
4809,9859,19.78743055555673,0.3625,37
4810,9860,19.78743055555673,0.3625,37
4811,9861,19.78743055555673,0.3625,37
4812,9862,19.78743055555673,0.3625,37
4813,9863,19.78743055555673,0.3625,37
4814,9864,19.78743055555673,0.3625,37
4815,9865,19.78743055555673,0.3625,37
4816,9866,19.78743055555673,0.3625,37
4817,9867,19.78743055555673,0.3625,37
4818,9868,19.78743055555673,0.3625,37
4819,9869,19.78743055555673,0.3625,37
4820,9870,19.78743055555673,0.3625,37
4821,9871,19.78743055555673,0.3625,37
4822,9872,19.78743055555673,0.3625,37
4823,9873,19.78743055555673,0.3625,37
4824,9874,19.78743055555673,0.3625,37
4825,9875,19.78743055555673,0.3625,37
4826,9876,19.78743055555673,0.3625,37
4827,9877,19.78743055555673,0.3625,37
4828,9878,19.78743055555673,0.3625,37
4829,9879,19.78743055555673,0.3625,37
4830,9880,19.78743055555673,0.3625,37
4831,9881,19.78743055555673,0.3625,37
4832,9882,19.78743055555673,0.3625,37
4833,9883,19.78743055555673,0.3625,37
4834,9884,19.78743055555673,0.3625,37
4835,9885,19.78743055555673,0.3625,37
4836,9886,19.78743055555673,0.3625,37
4837,9887,19.78743055555673,0.3625,37
4838,9888,19.78743055555673,0.3625,37
4839,9889,19.793194444445618,0.3625,-1
4840,9890,19.798958333334507,0.3625,-1
4841,9891,19.804722222223397,0.3625,-1
4842,9892,19.810486111112287,0.3625,-1
4843,9893,19.816250000001176,0.3625,-1
4844,9894,19.822013888890066,0.3625,-1
4845,9895,19.827777777778955,0.3625,-1
4846,9896,19.833541666667845,0.3625,-1
4847,9897,19.839305555556734,0.3625,-1
4848,9898,19.845069444445624,0.3625,-1
4849,9899,19.850833333334513,0.3625,-1
4850,9900,19.856597222223403,0.3625,-1
4851,9901,19.862361111112293,0.3625,-1
4852,9902,19.868125000001182,0.3625,-1
4853,9903,19.87388888889007,0.3625,-1
4854,9904,19.87965277777896,0.3625,-1
4855,9905,19.88541666666785,0.3625,-1
4856,9906,19.89118055555674,0.3625,-1
4857,9907,19.89694444444563,0.3625,-1
4858,9908,19.90270833333452,0.3625,-1
4859,9909,19.90847222222341,0.3625,-1
4860,9910,19.9142361111123,0.3625,-1
4861,9911,19.92000000000119,0.3625,-1
4862,9912,19.925763888890078,0.3625,-1
4863,9913,19.931527777778967,0.3625,-1
4864,9914,19.937291666667857,0.3625,-1
4865,9915,19.943055555556747,0.3625,-1
4866,9916,19.948819444445636,0.3625,-1
4867,9917,19.954583333334526,0.3625,-1
4868,9918,19.960347222223415,0.3625,-1
4869,9919,19.966111111112305,0.3625,-1
4870,9920,19.971875000001194,0.3625,-1
4871,9921,19.977638888890084,0.3625,-1
4872,9922,19.983402777778974,0.3625,-1
4873,9923,19.989166666667863,0.3625,-1
4874,9924,19.994930555556753,0.3625,-1
4875,9925,20.000694444445642,0.3625,-1
4876,9926,20.006458333334532,0.3625,-1
4877,9927,20.01222222222342,0.3625,-1
4878,9928,20.01798611111231,0.3625,-1
4879,9929,20.0237500000012,0.3625,-1
4880,9930,20.02951388889009,0.3625,-1
4881,9931,20.03527777777898,0.3625,-1
4882,9932,20.04104166666787,0.3625,-1
4883,9933,20.04680555555676,0.3625,-1
4884,9934,20.05256944444565,0.3625,-1
4885,9935,20.058333333334538,0.3625,-1
4886,9936,20.064097222223428,0.3625,-1
4887,9937,20.069861111112317,0.3625,-1
4888,9938,20.075625000001207,0.3625,-1
4889,9939,20.081388888890096,0.3625,-1
4890,9940,20.087152777778986,0.3625,-1
4891,9941,20.092916666667875,0.3625,-1
4892,9942,20.098680555556765,0.3625,-1
4893,9943,20.104444444445654,0.3625,-1
4894,9944,20.110208333334544,0.3625,-1
4895,9945,20.115972222223434,0.3625,-1
4896,9946,20.121736111112323,0.3625,-1
4897,9947,20.127500000001213,0.3625,-1
4898,9948,20.133263888890102,0.3625,-1
4899,9949,20.139027777778992,0.3625,-1
4900,9950,20.14479166666788,0.3625,-1
4901,9951,20.15055555555677,0.3625,-1
4902,9952,20.15631944444566,0.3625,-1
4903,9953,20.16208333333455,0.3625,-1
4904,9954,20.16784722222344,0.3625,-1
4905,9955,20.17361111111233,0.3625,-1
4906,9956,20.17937500000122,0.3625,-1
4907,9957,20.18513888889011,0.3625,-1
4908,9958,20.190902777778998,0.3625,-1
4909,9959,20.196666666667888,0.3625,-1
4910,9960,20.202430555556777,0.3625,-1
4911,9961,20.208194444445667,0.3625,-1
4912,9962,20.213958333334556,0.3625,-1
4913,9963,20.219722222223446,0.3625,-1
4914,9964,20.225486111112335,0.3625,-1
4915,9965,20.231250000001225,0.3625,-1
4916,9966,20.237013888890115,0.3625,-1
4917,9967,20.242777777779004,0.3625,-1
4918,9968,20.248541666667894,0.3625,-1
4919,9969,20.254305555556783,0.3625,-1
4920,9970,20.260069444445673,0.3625,-1
4921,9971,20.265833333334562,0.3625,-1
4922,9972,20.271597222223452,0.3625,-1
4923,9973,20.27736111111234,0.3625,-1
4924,9974,20.28312500000123,0.3625,-1
4925,9975,20.28888888889012,0.3625,-1
4926,9976,20.29465277777901,0.3625,-1
4927,9977,20.3004166666679,0.3625,-1
4928,9978,20.30618055555679,0.3625,-1
4929,9979,20.31194444444568,0.3625,-1
4930,9980,20.31770833333457,0.3625,-1
4931,9981,20.323472222223458,0.3625,-1
4932,9982,20.329236111112348,0.3625,-1
4933,9983,20.329236111112348,0.2375,38
4934,9984,20.329236111112348,0.2375,38
4935,9985,20.329236111112348,0.2375,38
4936,9986,20.329236111112348,0.2375,38
4937,9987,20.329236111112348,0.2375,38
4938,9988,20.329236111112348,0.2375,38
4939,9989,20.329236111112348,0.2375,38
4940,9990,20.329236111112348,0.2375,38
4941,9991,20.329236111112348,0.2375,38
4942,9992,20.329236111112348,0.2375,38
4943,9993,20.329236111112348,0.2375,38
4944,9994,20.329236111112348,0.2375,38
4945,9995,20.329236111112348,0.2375,38
4946,9996,20.329236111112348,0.2375,38
4947,9997,20.329236111112348,0.2375,38
4948,9998,20.329236111112348,0.2375,38
4949,9999,20.329236111112348,0.2375,38
4950,10000,20.329236111112348,0.2375,38
4951,10001,20.329236111112348,0.2375,38
4952,10002,20.329236111112348,0.2375,38
4953,10003,20.329236111112348,0.2375,38
4954,10004,20.329236111112348,0.2375,38
4955,10005,20.329236111112348,0.2375,38
4956,10006,20.329236111112348,0.2375,38
4957,10007,20.329236111112348,0.2375,38
4958,10008,20.329236111112348,0.2375,38
4959,10009,20.329236111112348,0.2375,38
4960,10010,20.329236111112348,0.2375,38
4961,10011,20.329236111112348,0.2375,38
4962,10012,20.329236111112348,0.2375,38
4963,10013,20.329236111112348,0.2375,38
4964,10014,20.329236111112348,0.2375,38
4965,10015,20.329236111112348,0.2375,38
4966,10016,20.329236111112348,0.2375,38
4967,10017,20.329236111112348,0.2375,38
4968,10018,20.329236111112348,0.2375,38
4969,10019,20.329236111112348,0.2375,38
4970,10020,20.329236111112348,0.2375,38
4971,10021,20.329236111112348,0.2375,38
4972,10022,20.329236111112348,0.2375,38
4973,10023,20.329236111112348,0.2375,38
4974,10024,20.329236111112348,0.2375,38
4975,10025,20.329236111112348,0.2375,38
4976,10026,20.329236111112348,0.2375,38
4977,10027,20.329236111112348,0.2375,38
4978,10028,20.329236111112348,0.2375,38
4979,10029,20.329236111112348,0.2375,38
4980,10030,20.329236111112348,0.2375,38
4981,10031,20.329236111112348,0.2375,38
4982,10032,20.329236111112348,0.2375,38
4983,10033,20.329236111112348,0.2375,38
4984,10034,20.329236111112348,0.2375,38
4985,10035,20.329236111112348,0.2375,38
4986,10036,20.329236111112348,0.2375,38
4987,10037,20.329236111112348,0.2375,38
4988,10038,20.329236111112348,0.2375,38
4989,10039,20.329236111112348,0.2375,38
4990,10040,20.329236111112348,0.2375,38
4991,10041,20.329236111112348,0.2375,38
4992,10042,20.329236111112348,0.2375,38
4993,10043,20.329236111112348,0.2375,38
4994,10044,20.329236111112348,0.2375,38
4995,10045,20.329236111112348,0.2375,38
4996,10046,20.329236111112348,0.2375,38
4997,10047,20.329236111112348,0.2375,38
4998,10048,20.329236111112348,0.2375,38
4999,10049,20.329236111112348,0.2375,38
5000,10050,20.329236111112348,0.2375,38
5001,10051,20.329236111112348,0.2375,38
5002,10052,20.329236111112348,0.2375,38
5003,10053,20.329236111112348,0.2375,38
5004,10054,20.329236111112348,0.2375,38
5005,10055,20.329236111112348,0.2375,38
5006,10056,20.329236111112348,0.2375,38
5007,10057,20.329236111112348,0.2375,38
5008,10058,20.329236111112348,0.2375,38
5009,10059,20.329236111112348,0.2375,38
5010,10060,20.329236111112348,0.2375,38
5011,10061,20.329236111112348,0.2375,38
5012,10062,20.329236111112348,0.2375,38
5013,10063,20.329236111112348,0.2375,38
5014,10064,20.329236111112348,0.2375,38
5015,10065,20.329236111112348,0.2375,38
5016,10066,20.329236111112348,0.2375,38
5017,10067,20.329236111112348,0.2375,38
5018,10068,20.329236111112348,0.2375,38
5019,10069,20.329236111112348,0.2375,38
5020,10070,20.329236111112348,0.2375,38
5021,10071,20.329236111112348,0.2375,38
5022,10072,20.329236111112348,0.2375,38
5023,10073,20.329236111112348,0.2375,38
5024,10074,20.329236111112348,0.2375,38
5025,10075,20.329236111112348,0.2375,38
5026,10076,20.329236111112348,0.2375,38
5027,10077,20.329236111112348,0.2375,38
5028,10078,20.329236111112348,0.2375,38
5029,10079,20.329236111112348,0.2375,38
5030,10080,20.329236111112348,0.2375,38
5031,10081,20.329236111112348,0.2375,38
5032,10082,20.329236111112348,0.2375,38
5033,10083,20.329236111112348,0.2375,38
5034,10084,20.329236111112348,0.2375,38
5035,10085,20.329236111112348,0.2375,38
5036,10086,20.329236111112348,0.2375,38
5037,10087,20.329236111112348,0.2375,38
5038,10088,20.329236111112348,0.2375,38
5039,10089,20.329236111112348,0.2375,38
5040,10090,20.329236111112348,0.2375,38
5041,10091,20.329236111112348,0.2375,38
5042,10092,20.329236111112348,0.2375,38
5043,10093,20.329236111112348,0.2375,38
5044,10094,20.329236111112348,0.2375,38
5045,10095,20.329236111112348,0.2375,38
5046,10096,20.329236111112348,0.2375,38
5047,10097,20.329236111112348,0.2375,38
5048,10098,20.329236111112348,0.2375,38
5049,10099,20.329236111112348,0.2375,38
5050,10100,20.329236111112348,0.2375,38
5051,10101,20.329236111112348,0.2375,38
5052,10102,20.329236111112348,0.2375,38
5053,10103,20.329236111112348,0.2375,38
5054,10104,20.329236111112348,0.2375,38
5055,10105,20.335000000001237,0.2375,-1
5056,10106,20.340763888890127,0.2375,-1
5057,10107,20.346527777779016,0.2375,-1
5058,10108,20.352291666667906,0.2375,-1
5059,10109,20.358055555556795,0.2375,-1
5060,10110,20.363819444445685,0.2375,-1
5061,10111,20.369583333334575,0.2375,-1
5062,10112,20.375347222223464,0.2375,-1
5063,10113,20.381111111112354,0.2375,-1
5064,10114,20.386875000001243,0.2375,-1
5065,10115,20.392638888890133,0.2375,-1
5066,10116,20.398402777779022,0.2375,-1
5067,10117,20.404166666667912,0.2375,-1
5068,10118,20.4099305555568,0.2375,-1
5069,10119,20.41569444444569,0.2375,-1
5070,10120,20.42145833333458,0.2375,-1
5071,10121,20.42722222222347,0.2375,-1
5072,10122,20.43298611111236,0.2375,-1
5073,10123,20.43875000000125,0.2375,-1
5074,10124,20.44451388889014,0.2375,-1
5075,10125,20.45027777777903,0.2375,-1
5076,10126,20.456041666667918,0.2375,-1
5077,10127,20.461805555556808,0.2375,-1
5078,10128,20.467569444445697,0.2375,-1
5079,10129,20.473333333334587,0.2375,-1
5080,10130,20.479097222223476,0.2375,-1
5081,10131,20.484861111112366,0.2375,-1
5082,10132,20.490625000001256,0.2375,-1
5083,10133,20.496388888890145,0.2375,-1
5084,10134,20.502152777779035,0.2375,-1
5085,10135,20.507916666667924,0.2375,-1
5086,10136,20.513680555556814,0.2375,-1
5087,10137,20.519444444445703,0.2375,-1
5088,10138,20.525208333334593,0.2375,-1
5089,10139,20.530972222223483,0.2375,-1
5090,10140,20.536736111112372,0.2375,-1
5091,10141,20.54250000000126,0.2375,-1
5092,10142,20.54826388889015,0.2375,-1
5093,10143,20.55402777777904,0.2375,-1
5094,10144,20.55979166666793,0.2375,-1
5095,10145,20.56555555555682,0.2375,-1
5096,10146,20.57131944444571,0.2375,-1
5097,10147,20.5770833333346,0.2375,-1
5098,10148,20.58284722222349,0.2375,-1
5099,10149,20.588611111112378,0.2375,-1
5100,10150,20.594375000001268,0.2375,-1
5101,10151,20.600138888890157,0.2375,-1
5102,10152,20.605902777779047,0.2375,-1
5103,10153,20.611666666667936,0.2375,-1
5104,10154,20.617430555556826,0.2375,-1
5105,10155,20.623194444445716,0.2375,-1
5106,10156,20.628958333334605,0.2375,-1
5107,10157,20.634722222223495,0.2375,-1
5108,10158,20.640486111112384,0.2375,-1
5109,10159,20.646250000001274,0.2375,-1
5110,10160,20.652013888890163,0.2375,-1
5111,10161,20.657777777779053,0.2375,-1
5112,10162,20.663541666667943,0.2375,-1
5113,10163,20.669305555556832,0.2375,-1
5114,10164,20.67506944444572,0.2375,-1
5115,10165,20.68083333333461,0.2375,-1
5116,10166,20.6865972222235,0.2375,-1
5117,10167,20.69236111111239,0.2375,-1
5118,10168,20.69812500000128,0.2375,-1
5119,10169,20.70388888889017,0.2375,-1
5120,10170,20.70965277777906,0.2375,-1
5121,10171,20.71541666666795,0.2375,-1
5122,10172,20.72118055555684,0.2375,-1
5123,10173,20.726944444445728,0.2375,-1
5124,10174,20.732708333334617,0.2375,-1
5125,10175,20.738472222223507,0.2375,-1
5126,10176,20.744236111112397,0.2375,-1
5127,10177,20.750000000001286,0.2375,-1
5128,10178,20.755763888890176,0.2375,-1
5129,10179,20.761527777779065,0.2375,-1
5130,10180,20.767291666667955,0.2375,-1
5131,10181,20.773055555556844,0.2375,-1
5132,10182,20.778819444445734,0.2375,-1
5133,10183,20.784583333334623,0.2375,-1
5134,10184,20.790347222223513,0.2375,-1
5135,10185,20.796111111112403,0.2375,-1
5136,10186,20.801875000001292,0.2375,-1
5137,10187,20.80763888889018,0.2375,-1
5138,10188,20.81340277777907,0.2375,-1
5139,10189,20.81916666666796,0.2375,-1
5140,10190,20.82493055555685,0.2375,-1
5141,10191,20.83069444444574,0.2375,-1
5142,10192,20.83645833333463,0.2375,-1
5143,10193,20.84222222222352,0.2375,-1
5144,10194,20.84798611111241,0.2375,-1
5145,10195,20.8537500000013,0.2375,-1
5146,10196,20.859513888890188,0.2375,-1
5147,10197,20.865277777779077,0.2375,-1
5148,10198,20.871041666667967,0.2375,-1
5149,10199,20.876805555556857,0.2375,-1
5150,10200,20.882569444445746,0.2375,-1
5151,10201,20.888333333334636,0.2375,-1
5152,10202,20.894097222223525,0.2375,-1
5153,10203,20.899861111112415,0.2375,-1
5154,10204,20.905625000001304,0.2375,-1
5155,10205,20.911388888890194,0.2375,-1
5156,10206,20.917152777779084,0.2375,-1
5157,10207,20.922916666667973,0.2375,-1
5158,10208,20.928680555556863,0.2375,-1
5159,10209,20.934444444445752,0.2375,-1
5160,10210,20.940208333334642,0.2375,-1
5161,10211,20.94597222222353,0.2375,-1
5162,10212,20.95173611111242,0.2375,-1
5163,10213,20.95750000000131,0.2375,-1
5164,10214,20.9632638888902,0.2375,-1
5165,10215,20.96902777777909,0.2375,-1
5166,10216,20.97479166666798,0.2375,-1
5167,10217,20.98055555555687,0.2375,-1
5168,10218,20.98631944444576,0.2375,-1
5169,10219,20.992083333334648,0.2375,-1
5170,10220,20.997847222223537,0.2375,-1
5171,10221,21.003611111112427,0.2375,-1
5172,10222,21.003611111112427,0.0,39
