,time,loc,op,stop
0,5382,0.0,0.0,-1
1,5383,0.008055555555555555,0.0,-1
2,5384,0.01611111111111111,0.0,-1
3,5385,0.024166666666666666,0.0,-1
4,5386,0.03222222222222222,0.0,-1
5,5387,0.04027777777777777,0.0,-1
6,5388,0.048333333333333325,0.0,-1
7,5389,0.05638888888888888,0.0,-1
8,5390,0.06444444444444443,0.0,-1
9,5391,0.07249999999999998,0.0,-1
10,5392,0.08055555555555553,0.0,-1
11,5393,0.08861111111111108,0.0,-1
12,5394,0.09666666666666664,0.0,-1
13,5395,0.10472222222222219,0.0,-1
14,5396,0.11277777777777774,0.0,-1
15,5397,0.12083333333333329,0.0,-1
16,5398,0.12888888888888886,0.0,-1
17,5399,0.13694444444444442,0.0,-1
18,5400,0.145,0.0,-1
19,5401,0.15305555555555556,0.0,-1
20,5402,0.16111111111111112,0.0,-1
21,5403,0.1691666666666667,0.0,-1
22,5404,0.17722222222222225,0.0,-1
23,5405,0.18527777777777782,0.0,-1
24,5406,0.19333333333333338,0.0,-1
25,5407,0.20138888888888895,0.0,-1
26,5408,0.20944444444444452,0.0,-1
27,5409,0.21750000000000008,0.0,-1
28,5410,0.22555555555555565,0.0,-1
29,5411,0.2336111111111112,0.0,-1
30,5412,0.24166666666666678,0.0,-1
31,5413,0.24972222222222235,0.0,-1
32,5414,0.2577777777777779,0.0,-1
33,5415,0.2658333333333334,0.0,-1
34,5416,0.27388888888888896,0.0,-1
35,5417,0.2819444444444445,0.0,-1
36,5418,0.29000000000000004,0.0,-1
37,5419,0.2980555555555556,0.0,-1
38,5420,0.3061111111111111,0.0,-1
39,5421,0.31416666666666665,0.0,-1
40,5422,0.3222222222222222,0.0,-1
41,5423,0.3302777777777777,0.0,-1
42,5424,0.33833333333333326,0.0,-1
43,5425,0.33833333333333326,0.0625,2
44,5426,0.33833333333333326,0.0625,2
45,5427,0.33833333333333326,0.0625,2
46,5428,0.33833333333333326,0.0625,2
47,5429,0.33833333333333326,0.0625,2
48,5430,0.33833333333333326,0.0625,2
49,5431,0.33833333333333326,0.0625,2
50,5432,0.33833333333333326,0.0625,2
51,5433,0.33833333333333326,0.0625,2
52,5434,0.33833333333333326,0.0625,2
53,5435,0.33833333333333326,0.0625,2
54,5436,0.33833333333333326,0.0625,2
55,5437,0.33833333333333326,0.0625,2
56,5438,0.33833333333333326,0.0625,2
57,5439,0.33833333333333326,0.0625,2
58,5440,0.3463888888888888,0.0625,-1
59,5441,0.35444444444444434,0.0625,-1
60,5442,0.3624999999999999,0.0625,-1
61,5443,0.3705555555555554,0.0625,-1
62,5444,0.37861111111111095,0.0625,-1
63,5445,0.3866666666666665,0.0625,-1
64,5446,0.39472222222222203,0.0625,-1
65,5447,0.40277777777777757,0.0625,-1
66,5448,0.4108333333333331,0.0625,-1
67,5449,0.41888888888888864,0.0625,-1
68,5450,0.4269444444444442,0.0625,-1
69,5451,0.4349999999999997,0.0625,-1
70,5452,0.44305555555555526,0.0625,-1
71,5453,0.4511111111111108,0.0625,-1
72,5454,0.45916666666666633,0.0625,-1
73,5455,0.4672222222222219,0.0625,-1
74,5456,0.4752777777777774,0.0625,-1
75,5457,0.48333333333333295,0.0625,-1
76,5458,0.4913888888888885,0.0625,-1
77,5459,0.499444444444444,0.0625,-1
78,5460,0.5074999999999996,0.0625,-1
79,5461,0.5155555555555552,0.0625,-1
80,5462,0.5236111111111108,0.0625,-1
81,5463,0.5316666666666664,0.0625,-1
82,5464,0.539722222222222,0.0625,-1
83,5465,0.5477777777777776,0.0625,-1
84,5466,0.5558333333333332,0.0625,-1
85,5467,0.5638888888888888,0.0625,-1
86,5468,0.5719444444444444,0.0625,-1
87,5469,0.58,0.0625,-1
88,5470,0.5880555555555556,0.0625,-1
89,5471,0.5961111111111111,0.0625,-1
90,5472,0.6041666666666667,0.0625,-1
91,5473,0.6122222222222223,0.0625,-1
92,5474,0.6202777777777779,0.0625,-1
93,5475,0.6283333333333335,0.0625,-1
94,5476,0.6363888888888891,0.0625,-1
95,5477,0.6444444444444447,0.0625,-1
96,5478,0.6525000000000003,0.0625,-1
97,5479,0.6605555555555559,0.0625,-1
98,5480,0.6686111111111115,0.0625,-1
99,5481,0.6766666666666671,0.0625,-1
100,5482,0.6847222222222227,0.0625,-1
101,5483,0.6927777777777783,0.0625,-1
102,5484,0.7008333333333339,0.0625,-1
103,5485,0.7088888888888895,0.0625,-1
104,5486,0.716944444444445,0.0625,-1
105,5487,0.7250000000000006,0.0625,-1
106,5488,0.7330555555555562,0.0625,-1
107,5489,0.7411111111111118,0.0625,-1
108,5490,0.7491666666666674,0.0625,-1
109,5491,0.757222222222223,0.0625,-1
110,5492,0.7652777777777786,0.0625,-1
111,5493,0.7733333333333342,0.0625,-1
112,5494,0.7813888888888898,0.0625,-1
113,5495,0.7894444444444454,0.0625,-1
114,5496,0.797500000000001,0.0625,-1
115,5497,0.8055555555555566,0.0625,-1
116,5498,0.8136111111111122,0.0625,-1
117,5499,0.8216666666666678,0.0625,-1
118,5500,0.8297222222222234,0.0625,-1
119,5501,0.837777777777779,0.0625,-1
120,5502,0.8458333333333345,0.0625,-1
121,5503,0.8538888888888901,0.0625,-1
122,5504,0.8619444444444457,0.0625,-1
123,5505,0.8700000000000013,0.0625,-1
124,5506,0.8780555555555569,0.0625,-1
125,5507,0.8861111111111125,0.0625,-1
126,5508,0.8941666666666681,0.0625,-1
127,5509,0.9022222222222237,0.0625,-1
128,5510,0.9102777777777793,0.0625,-1
129,5511,0.9183333333333349,0.0625,-1
130,5512,0.9263888888888905,0.0625,-1
131,5513,0.9344444444444461,0.0625,-1
132,5514,0.9425000000000017,0.0625,-1
133,5515,0.9505555555555573,0.0625,-1
134,5516,0.9586111111111129,0.0625,-1
135,5517,0.9666666666666685,0.0625,-1
136,5518,0.974722222222224,0.0625,-1
137,5519,0.9827777777777796,0.0625,-1
138,5520,0.9908333333333352,0.0625,-1
139,5521,0.9988888888888908,0.0625,-1
140,5522,1.0069444444444464,0.0625,-1
141,5523,1.015000000000002,0.0625,-1
142,5524,1.0230555555555574,0.0625,-1
143,5525,1.0311111111111129,0.0625,-1
144,5526,1.0391666666666683,0.0625,-1
145,5527,1.0472222222222238,0.0625,-1
146,5528,1.0552777777777793,0.0625,-1
147,5529,1.0633333333333348,0.0625,-1
148,5530,1.0713888888888903,0.0625,-1
149,5531,1.0794444444444458,0.0625,-1
150,5532,1.0875000000000012,0.0625,-1
151,5533,1.0955555555555567,0.0625,-1
152,5534,1.1036111111111122,0.0625,-1
153,5535,1.1116666666666677,0.0625,-1
154,5536,1.1197222222222232,0.0625,-1
155,5537,1.1277777777777787,0.0625,-1
156,5538,1.1358333333333341,0.0625,-1
157,5539,1.1438888888888896,0.0625,-1
158,5540,1.151944444444445,0.0625,-1
159,5541,1.1600000000000006,0.0625,-1
160,5542,1.168055555555556,0.0625,-1
161,5543,1.1761111111111116,0.0625,-1
162,5544,1.184166666666667,0.0625,-1
163,5545,1.1922222222222225,0.0625,-1
164,5546,1.200277777777778,0.0625,-1
165,5547,1.2083333333333335,0.0625,-1
166,5548,1.216388888888889,0.0625,-1
167,5549,1.2244444444444444,0.0625,-1
168,5550,1.2325,0.0625,-1
169,5551,1.2405555555555554,0.0625,-1
170,5552,1.248611111111111,0.0625,-1
171,5553,1.2566666666666664,0.0625,-1
172,5554,1.2647222222222219,0.0625,-1
173,5555,1.2727777777777773,0.0625,-1
174,5556,1.2808333333333328,0.0625,-1
175,5557,1.2888888888888883,0.0625,-1
176,5558,1.2969444444444438,0.0625,-1
177,5559,1.3049999999999993,0.0625,-1
178,5560,1.3130555555555548,0.0625,-1
179,5561,1.3211111111111102,0.0625,-1
180,5562,1.3291666666666657,0.0625,-1
181,5563,1.3372222222222212,0.0625,-1
182,5564,1.3452777777777767,0.0625,-1
183,5565,1.3533333333333322,0.0625,-1
184,5566,1.3613888888888876,0.0625,-1
185,5567,1.3694444444444431,0.0625,-1
186,5568,1.3774999999999986,0.0625,-1
187,5569,1.385555555555554,0.0625,-1
188,5570,1.3936111111111096,0.0625,-1
189,5571,1.401666666666665,0.0625,-1
190,5572,1.4097222222222205,0.0625,-1
191,5573,1.417777777777776,0.0625,-1
192,5574,1.4258333333333315,0.0625,-1
193,5575,1.4258333333333315,0.1125,4
194,5576,1.4258333333333315,0.1125,4
195,5577,1.4258333333333315,0.1125,4
196,5578,1.4258333333333315,0.1125,4
197,5579,1.4258333333333315,0.1125,4
198,5580,1.4258333333333315,0.1125,4
199,5581,1.4258333333333315,0.1125,4
200,5582,1.4258333333333315,0.1125,4
201,5583,1.4258333333333315,0.1125,4
202,5584,1.4258333333333315,0.1125,4
203,5585,1.4258333333333315,0.1125,4
204,5586,1.4258333333333315,0.1125,4
205,5587,1.4258333333333315,0.1125,4
206,5588,1.4258333333333315,0.1125,4
207,5589,1.4258333333333315,0.1125,4
208,5590,1.4258333333333315,0.1125,4
209,5591,1.4258333333333315,0.1125,4
210,5592,1.4258333333333315,0.1125,4
211,5593,1.4258333333333315,0.1125,4
212,5594,1.4258333333333315,0.1125,4
213,5595,1.4258333333333315,0.1125,4
214,5596,1.4258333333333315,0.1125,4
215,5597,1.4258333333333315,0.1125,4
216,5598,1.4258333333333315,0.1125,4
217,5599,1.4258333333333315,0.1125,4
218,5600,1.4258333333333315,0.1125,4
219,5601,1.4258333333333315,0.1125,4
220,5602,1.4258333333333315,0.1125,4
221,5603,1.4258333333333315,0.1125,4
222,5604,1.4258333333333315,0.1125,4
223,5605,1.4258333333333315,0.1125,4
224,5606,1.4258333333333315,0.1125,4
225,5607,1.4258333333333315,0.1125,4
226,5608,1.4258333333333315,0.1125,4
227,5609,1.4258333333333315,0.1125,4
228,5610,1.4258333333333315,0.1125,4
229,5611,1.4258333333333315,0.1125,4
230,5612,1.4258333333333315,0.1125,4
231,5613,1.4258333333333315,0.1125,4
232,5614,1.4258333333333315,0.1125,4
233,5615,1.4258333333333315,0.1125,4
234,5616,1.4258333333333315,0.1125,4
235,5617,1.4258333333333315,0.1125,4
236,5618,1.4258333333333315,0.1125,4
237,5619,1.4258333333333315,0.1125,4
238,5620,1.4258333333333315,0.1125,4
239,5621,1.4258333333333315,0.1125,4
240,5622,1.4258333333333315,0.1125,4
241,5623,1.4258333333333315,0.1125,4
242,5624,1.4258333333333315,0.1125,4
243,5625,1.4258333333333315,0.1125,4
244,5626,1.4258333333333315,0.1125,4
245,5627,1.4258333333333315,0.1125,4
246,5628,1.4258333333333315,0.1125,4
247,5629,1.4258333333333315,0.1125,4
248,5630,1.4258333333333315,0.1125,4
249,5631,1.4258333333333315,0.1125,4
250,5632,1.4258333333333315,0.1125,4
251,5633,1.4258333333333315,0.1125,4
252,5634,1.4258333333333315,0.1125,4
253,5635,1.4258333333333315,0.1125,4
254,5636,1.4258333333333315,0.1125,4
255,5637,1.4258333333333315,0.1125,4
256,5638,1.4258333333333315,0.1125,4
257,5639,1.4258333333333315,0.1125,4
258,5640,1.4258333333333315,0.1125,4
259,5641,1.4258333333333315,0.1125,4
260,5642,1.4258333333333315,0.1125,4
261,5643,1.4258333333333315,0.1125,4
262,5644,1.4258333333333315,0.1125,4
263,5645,1.4258333333333315,0.1125,4
264,5646,1.4258333333333315,0.1125,4
265,5647,1.4258333333333315,0.1125,4
266,5648,1.4258333333333315,0.1125,4
267,5649,1.4258333333333315,0.1125,4
268,5650,1.4258333333333315,0.1125,4
269,5651,1.4258333333333315,0.1125,4
270,5652,1.4258333333333315,0.1125,4
271,5653,1.4258333333333315,0.1125,4
272,5654,1.4258333333333315,0.1125,4
273,5655,1.4258333333333315,0.1125,4
274,5656,1.4258333333333315,0.1125,4
275,5657,1.4258333333333315,0.1125,4
276,5658,1.4258333333333315,0.1125,4
277,5659,1.433888888888887,0.1125,-1
278,5660,1.4419444444444425,0.1125,-1
279,5661,1.449999999999998,0.1125,-1
280,5662,1.4580555555555534,0.1125,-1
281,5663,1.466111111111109,0.1125,-1
282,5664,1.4741666666666644,0.1125,-1
283,5665,1.4822222222222199,0.1125,-1
284,5666,1.4902777777777754,0.1125,-1
285,5667,1.4983333333333309,0.1125,-1
286,5668,1.5063888888888863,0.1125,-1
287,5669,1.5144444444444418,0.1125,-1
288,5670,1.5224999999999973,0.1125,-1
289,5671,1.5305555555555528,0.1125,-1
290,5672,1.5386111111111083,0.1125,-1
291,5673,1.5466666666666637,0.1125,-1
292,5674,1.5547222222222192,0.1125,-1
293,5675,1.5627777777777747,0.1125,-1
294,5676,1.5708333333333302,0.1125,-1
295,5677,1.5788888888888857,0.1125,-1
296,5678,1.5869444444444412,0.1125,-1
297,5679,1.5949999999999966,0.1125,-1
298,5680,1.6030555555555521,0.1125,-1
299,5681,1.6111111111111076,0.1125,-1
300,5682,1.619166666666663,0.1125,-1
301,5683,1.6272222222222186,0.1125,-1
302,5684,1.635277777777774,0.1125,-1
303,5685,1.6433333333333295,0.1125,-1
304,5686,1.651388888888885,0.1125,-1
305,5687,1.6594444444444405,0.1125,-1
306,5688,1.667499999999996,0.1125,-1
307,5689,1.6755555555555515,0.1125,-1
308,5690,1.683611111111107,0.1125,-1
309,5691,1.6916666666666624,0.1125,-1
310,5692,1.699722222222218,0.1125,-1
311,5693,1.7077777777777734,0.1125,-1
312,5694,1.7158333333333289,0.1125,-1
313,5695,1.7238888888888844,0.1125,-1
314,5696,1.7319444444444398,0.1125,-1
315,5697,1.7399999999999953,0.1125,-1
316,5698,1.7480555555555508,0.1125,-1
317,5699,1.7561111111111063,0.1125,-1
318,5700,1.7641666666666618,0.1125,-1
319,5701,1.7722222222222173,0.1125,-1
320,5702,1.7802777777777727,0.1125,-1
321,5703,1.7883333333333282,0.1125,-1
322,5704,1.7963888888888837,0.1125,-1
323,5705,1.8044444444444392,0.1125,-1
324,5706,1.8124999999999947,0.1125,-1
325,5707,1.8205555555555502,0.1125,-1
326,5708,1.8286111111111056,0.1125,-1
327,5709,1.8366666666666611,0.1125,-1
328,5710,1.8447222222222166,0.1125,-1
329,5711,1.852777777777772,0.1125,-1
330,5712,1.8608333333333276,0.1125,-1
331,5713,1.868888888888883,0.1125,-1
332,5714,1.8769444444444385,0.1125,-1
333,5715,1.884999999999994,0.1125,-1
334,5716,1.8930555555555495,0.1125,-1
335,5717,1.901111111111105,0.1125,-1
336,5718,1.9091666666666605,0.1125,-1
337,5719,1.917222222222216,0.1125,-1
338,5720,1.9252777777777714,0.1125,-1
339,5721,1.933333333333327,0.1125,-1
340,5722,1.9413888888888824,0.1125,-1
341,5723,1.9494444444444379,0.1125,-1
342,5724,1.9574999999999934,0.1125,-1
343,5725,1.9655555555555488,0.1125,-1
344,5726,1.9736111111111043,0.1125,-1
345,5727,1.9816666666666598,0.1125,-1
346,5728,1.9897222222222153,0.1125,-1
347,5729,1.9977777777777708,0.1125,-1
348,5730,2.0058333333333263,0.1125,-1
349,5731,2.0138888888888817,0.1125,-1
350,5732,2.021944444444437,0.1125,-1
351,5733,2.0299999999999927,0.1125,-1
352,5734,2.038055555555548,0.1125,-1
353,5735,2.0461111111111037,0.1125,-1
354,5736,2.054166666666659,0.1125,-1
355,5737,2.0622222222222146,0.1125,-1
356,5738,2.07027777777777,0.1125,-1
357,5739,2.0783333333333256,0.1125,-1
358,5740,2.086388888888881,0.1125,-1
359,5741,2.0944444444444366,0.1125,-1
360,5742,2.102499999999992,0.1125,-1
361,5743,2.1105555555555475,0.1125,-1
362,5744,2.118611111111103,0.1125,-1
363,5745,2.1266666666666585,0.1125,-1
364,5746,2.134722222222214,0.1125,-1
365,5747,2.1427777777777695,0.1125,-1
366,5748,2.150833333333325,0.1125,-1
367,5749,2.1588888888888804,0.1125,-1
368,5750,2.166944444444436,0.1125,-1
369,5751,2.1749999999999914,0.1125,-1
370,5752,2.183055555555547,0.1125,-1
371,5753,2.1911111111111023,0.1125,-1
372,5754,2.199166666666658,0.1125,-1
373,5755,2.2072222222222133,0.1125,-1
374,5756,2.215277777777769,0.1125,-1
375,5757,2.2233333333333243,0.1125,-1
376,5758,2.2313888888888798,0.1125,-1
377,5759,2.2394444444444352,0.1125,-1
378,5760,2.2474999999999907,0.1125,-1
379,5761,2.255555555555546,0.1125,-1
380,5762,2.2636111111111017,0.1125,-1
381,5763,2.271666666666657,0.1125,-1
382,5764,2.2797222222222127,0.1125,-1
383,5765,2.2797222222222127,0.15,5
384,5766,2.2797222222222127,0.15,5
385,5767,2.2797222222222127,0.15,5
386,5768,2.2797222222222127,0.15,5
387,5769,2.2797222222222127,0.15,5
388,5770,2.2797222222222127,0.15,5
389,5771,2.2797222222222127,0.15,5
390,5772,2.2797222222222127,0.15,5
391,5773,2.2797222222222127,0.15,5
392,5774,2.2797222222222127,0.15,5
393,5775,2.2797222222222127,0.15,5
394,5776,2.2797222222222127,0.15,5
395,5777,2.2797222222222127,0.15,5
396,5778,2.2797222222222127,0.15,5
397,5779,2.2797222222222127,0.15,5
398,5780,2.2797222222222127,0.15,5
399,5781,2.2797222222222127,0.15,5
400,5782,2.2797222222222127,0.15,5
401,5783,2.2797222222222127,0.15,5
402,5784,2.2797222222222127,0.15,5
403,5785,2.2797222222222127,0.15,5
404,5786,2.2797222222222127,0.15,5
405,5787,2.2797222222222127,0.15,5
406,5788,2.2797222222222127,0.15,5
407,5789,2.2797222222222127,0.15,5
408,5790,2.2797222222222127,0.15,5
409,5791,2.2797222222222127,0.15,5
410,5792,2.2797222222222127,0.15,5
411,5793,2.2797222222222127,0.15,5
412,5794,2.2797222222222127,0.15,5
413,5795,2.2797222222222127,0.15,5
414,5796,2.2797222222222127,0.15,5
415,5797,2.2797222222222127,0.15,5
416,5798,2.2797222222222127,0.15,5
417,5799,2.2797222222222127,0.15,5
418,5800,2.2797222222222127,0.15,5
419,5801,2.2797222222222127,0.15,5
420,5802,2.2797222222222127,0.15,5
421,5803,2.2797222222222127,0.15,5
422,5804,2.2797222222222127,0.15,5
423,5805,2.2797222222222127,0.15,5
424,5806,2.2797222222222127,0.15,5
425,5807,2.2797222222222127,0.15,5
426,5808,2.2797222222222127,0.15,5
427,5809,2.2797222222222127,0.15,5
428,5810,2.2797222222222127,0.15,5
429,5811,2.2797222222222127,0.15,5
430,5812,2.2797222222222127,0.15,5
431,5813,2.2797222222222127,0.15,5
432,5814,2.2797222222222127,0.15,5
433,5815,2.2797222222222127,0.15,5
434,5816,2.2797222222222127,0.15,5
435,5817,2.2797222222222127,0.15,5
436,5818,2.2797222222222127,0.15,5
437,5819,2.2797222222222127,0.15,5
438,5820,2.2797222222222127,0.15,5
439,5821,2.2797222222222127,0.15,5
440,5822,2.2797222222222127,0.15,5
441,5823,2.2797222222222127,0.15,5
442,5824,2.2797222222222127,0.15,5
443,5825,2.2797222222222127,0.15,5
444,5826,2.2797222222222127,0.15,5
445,5827,2.2797222222222127,0.15,5
446,5828,2.2797222222222127,0.15,5
447,5829,2.2797222222222127,0.15,5
448,5830,2.2797222222222127,0.15,5
449,5831,2.2797222222222127,0.15,5
450,5832,2.2797222222222127,0.15,5
451,5833,2.2797222222222127,0.15,5
452,5834,2.2797222222222127,0.15,5
453,5835,2.2797222222222127,0.15,5
454,5836,2.2797222222222127,0.15,5
455,5837,2.2797222222222127,0.15,5
456,5838,2.2797222222222127,0.15,5
457,5839,2.2797222222222127,0.15,5
458,5840,2.2797222222222127,0.15,5
459,5841,2.2797222222222127,0.15,5
460,5842,2.2797222222222127,0.15,5
461,5843,2.2797222222222127,0.15,5
462,5844,2.2797222222222127,0.15,5
463,5845,2.2797222222222127,0.15,5
464,5846,2.2797222222222127,0.15,5
465,5847,2.2797222222222127,0.15,5
466,5848,2.2797222222222127,0.15,5
467,5849,2.2797222222222127,0.15,5
468,5850,2.2797222222222127,0.15,5
469,5851,2.2797222222222127,0.15,5
470,5852,2.2797222222222127,0.15,5
471,5853,2.2797222222222127,0.15,5
472,5854,2.2797222222222127,0.15,5
473,5855,2.2797222222222127,0.15,5
474,5856,2.2797222222222127,0.15,5
475,5857,2.2797222222222127,0.15,5
476,5858,2.2797222222222127,0.15,5
477,5859,2.2797222222222127,0.15,5
478,5860,2.2797222222222127,0.15,5
479,5861,2.2797222222222127,0.15,5
480,5862,2.2797222222222127,0.15,5
481,5863,2.2797222222222127,0.15,5
482,5864,2.2797222222222127,0.15,5
483,5865,2.2797222222222127,0.15,5
484,5866,2.2797222222222127,0.15,5
485,5867,2.2797222222222127,0.15,5
486,5868,2.2797222222222127,0.15,5
487,5869,2.2797222222222127,0.15,5
488,5870,2.2797222222222127,0.15,5
489,5871,2.2797222222222127,0.15,5
490,5872,2.2797222222222127,0.15,5
491,5873,2.2797222222222127,0.15,5
492,5874,2.2797222222222127,0.15,5
493,5875,2.2797222222222127,0.15,5
494,5876,2.2797222222222127,0.15,5
495,5877,2.2797222222222127,0.15,5
496,5878,2.2797222222222127,0.15,5
497,5879,2.2797222222222127,0.15,5
498,5880,2.2797222222222127,0.15,5
499,5881,2.2797222222222127,0.15,5
500,5882,2.2797222222222127,0.15,5
501,5883,2.2797222222222127,0.15,5
502,5884,2.2797222222222127,0.15,5
503,5885,2.2797222222222127,0.15,5
504,5886,2.2797222222222127,0.15,5
505,5887,2.2797222222222127,0.15,5
506,5888,2.2797222222222127,0.15,5
507,5889,2.2797222222222127,0.15,5
508,5890,2.287777777777768,0.15,-1
509,5891,2.2958333333333236,0.15,-1
510,5892,2.303888888888879,0.15,-1
511,5893,2.3119444444444346,0.15,-1
512,5894,2.31999999999999,0.15,-1
513,5895,2.3280555555555456,0.15,-1
514,5896,2.336111111111101,0.15,-1
515,5897,2.3441666666666565,0.15,-1
516,5898,2.352222222222212,0.15,-1
517,5899,2.3602777777777675,0.15,-1
518,5900,2.368333333333323,0.15,-1
519,5901,2.3763888888888784,0.15,-1
520,5902,2.384444444444434,0.15,-1
521,5903,2.3924999999999894,0.15,-1
522,5904,2.400555555555545,0.15,-1
523,5905,2.4086111111111004,0.15,-1
524,5906,2.416666666666656,0.15,-1
525,5907,2.4247222222222113,0.15,-1
526,5908,2.432777777777767,0.15,-1
527,5909,2.4408333333333223,0.15,-1
528,5910,2.448888888888878,0.15,-1
529,5911,2.4569444444444333,0.15,-1
530,5912,2.4649999999999888,0.15,-1
531,5913,2.4730555555555442,0.15,-1
532,5914,2.4811111111110997,0.15,-1
533,5915,2.489166666666655,0.15,-1
534,5916,2.4972222222222107,0.15,-1
535,5917,2.505277777777766,0.15,-1
536,5918,2.5133333333333217,0.15,-1
537,5919,2.521388888888877,0.15,-1
538,5920,2.5294444444444326,0.15,-1
539,5921,2.537499999999988,0.15,-1
540,5922,2.5455555555555436,0.15,-1
541,5923,2.553611111111099,0.15,-1
542,5924,2.5616666666666545,0.15,-1
543,5925,2.56972222222221,0.15,-1
544,5926,2.5777777777777655,0.15,-1
545,5927,2.585833333333321,0.15,-1
546,5928,2.5938888888888765,0.15,-1
547,5929,2.601944444444432,0.15,-1
548,5930,2.6099999999999874,0.15,-1
549,5931,2.618055555555543,0.15,-1
550,5932,2.6261111111110984,0.15,-1
551,5933,2.634166666666654,0.15,-1
552,5934,2.6422222222222094,0.15,-1
553,5935,2.650277777777765,0.15,-1
554,5936,2.6583333333333203,0.15,-1
555,5937,2.666388888888876,0.15,-1
556,5938,2.6744444444444313,0.15,-1
557,5939,2.682499999999987,0.15,-1
558,5940,2.6905555555555423,0.15,-1
559,5941,2.6986111111110977,0.15,-1
560,5942,2.7066666666666532,0.15,-1
561,5943,2.7147222222222087,0.15,-1
562,5944,2.722777777777764,0.15,-1
563,5945,2.7308333333333197,0.15,-1
564,5946,2.738888888888875,0.15,-1
565,5947,2.7469444444444306,0.15,-1
566,5948,2.754999999999986,0.15,-1
567,5949,2.7630555555555416,0.15,-1
568,5950,2.771111111111097,0.15,-1
569,5951,2.7791666666666526,0.15,-1
570,5952,2.787222222222208,0.15,-1
571,5953,2.7952777777777635,0.15,-1
572,5954,2.803333333333319,0.15,-1
573,5955,2.8113888888888745,0.15,-1
574,5956,2.81944444444443,0.15,-1
575,5957,2.8274999999999855,0.15,-1
576,5958,2.835555555555541,0.15,-1
577,5959,2.8436111111110964,0.15,-1
578,5960,2.851666666666652,0.15,-1
579,5961,2.8597222222222074,0.15,-1
580,5962,2.867777777777763,0.15,-1
581,5963,2.8758333333333184,0.15,-1
582,5964,2.883888888888874,0.15,-1
583,5965,2.8919444444444293,0.15,-1
584,5966,2.899999999999985,0.15,-1
585,5967,2.9080555555555403,0.15,-1
586,5968,2.9161111111110958,0.15,-1
587,5969,2.9241666666666513,0.15,-1
588,5970,2.9322222222222067,0.15,-1
589,5971,2.9402777777777622,0.15,-1
590,5972,2.9483333333333177,0.15,-1
591,5973,2.956388888888873,0.15,-1
592,5974,2.9644444444444287,0.15,-1
593,5975,2.972499999999984,0.15,-1
594,5976,2.9805555555555396,0.15,-1
595,5977,2.988611111111095,0.15,-1
596,5978,2.9966666666666506,0.15,-1
597,5979,3.004722222222206,0.15,-1
598,5980,3.0127777777777616,0.15,-1
599,5981,3.020833333333317,0.15,-1
600,5982,3.0288888888888725,0.15,-1
601,5983,3.036944444444428,0.15,-1
602,5984,3.0449999999999835,0.15,-1
603,5985,3.053055555555539,0.15,-1
604,5986,3.0611111111110945,0.15,-1
605,5987,3.06916666666665,0.15,-1
606,5988,3.0772222222222054,0.15,-1
607,5989,3.085277777777761,0.15,-1
608,5990,3.0933333333333164,0.15,-1
609,5991,3.101388888888872,0.15,-1
610,5992,3.1094444444444274,0.15,-1
611,5993,3.117499999999983,0.15,-1
612,5994,3.1255555555555383,0.15,-1
613,5995,3.133611111111094,0.15,-1
614,5996,3.133611111111094,0.15,6
615,5997,3.133611111111094,0.15,6
616,5998,3.133611111111094,0.15,6
617,5999,3.133611111111094,0.15,6
618,6000,3.133611111111094,0.15,6
619,6001,3.133611111111094,0.15,6
620,6002,3.133611111111094,0.15,6
621,6003,3.133611111111094,0.15,6
622,6004,3.133611111111094,0.15,6
623,6005,3.133611111111094,0.15,6
624,6006,3.133611111111094,0.15,6
625,6007,3.133611111111094,0.15,6
626,6008,3.133611111111094,0.15,6
627,6009,3.133611111111094,0.15,6
628,6010,3.133611111111094,0.15,6
629,6011,3.133611111111094,0.15,6
630,6012,3.133611111111094,0.15,6
631,6013,3.133611111111094,0.15,6
632,6014,3.133611111111094,0.15,6
633,6015,3.133611111111094,0.15,6
634,6016,3.133611111111094,0.15,6
635,6017,3.133611111111094,0.15,6
636,6018,3.133611111111094,0.15,6
637,6019,3.133611111111094,0.15,6
638,6020,3.133611111111094,0.15,6
639,6021,3.133611111111094,0.15,6
640,6022,3.133611111111094,0.15,6
641,6023,3.133611111111094,0.15,6
642,6024,3.133611111111094,0.15,6
643,6025,3.133611111111094,0.15,6
644,6026,3.133611111111094,0.15,6
645,6027,3.133611111111094,0.15,6
646,6028,3.133611111111094,0.15,6
647,6029,3.133611111111094,0.15,6
648,6030,3.133611111111094,0.15,6
649,6031,3.133611111111094,0.15,6
650,6032,3.133611111111094,0.15,6
651,6033,3.133611111111094,0.15,6
652,6034,3.133611111111094,0.15,6
653,6035,3.133611111111094,0.15,6
654,6036,3.133611111111094,0.15,6
655,6037,3.133611111111094,0.15,6
656,6038,3.133611111111094,0.15,6
657,6039,3.133611111111094,0.15,6
658,6040,3.133611111111094,0.15,6
659,6041,3.133611111111094,0.15,6
660,6042,3.133611111111094,0.15,6
661,6043,3.133611111111094,0.15,6
662,6044,3.133611111111094,0.15,6
663,6045,3.133611111111094,0.15,6
664,6046,3.133611111111094,0.15,6
665,6047,3.133611111111094,0.15,6
666,6048,3.133611111111094,0.15,6
667,6049,3.133611111111094,0.15,6
668,6050,3.133611111111094,0.15,6
669,6051,3.133611111111094,0.15,6
670,6052,3.133611111111094,0.15,6
671,6053,3.133611111111094,0.15,6
672,6054,3.133611111111094,0.15,6
673,6055,3.133611111111094,0.15,6
674,6056,3.133611111111094,0.15,6
675,6057,3.133611111111094,0.15,6
676,6058,3.133611111111094,0.15,6
677,6059,3.133611111111094,0.15,6
678,6060,3.133611111111094,0.15,6
679,6061,3.133611111111094,0.15,6
680,6062,3.133611111111094,0.15,6
681,6063,3.133611111111094,0.15,6
682,6064,3.133611111111094,0.15,6
683,6065,3.133611111111094,0.15,6
684,6066,3.133611111111094,0.15,6
685,6067,3.133611111111094,0.15,6
686,6068,3.133611111111094,0.15,6
687,6069,3.133611111111094,0.15,6
688,6070,3.133611111111094,0.15,6
689,6071,3.133611111111094,0.15,6
690,6072,3.133611111111094,0.15,6
691,6073,3.133611111111094,0.15,6
692,6074,3.133611111111094,0.15,6
693,6075,3.133611111111094,0.15,6
694,6076,3.133611111111094,0.15,6
695,6077,3.133611111111094,0.15,6
696,6078,3.133611111111094,0.15,6
697,6079,3.133611111111094,0.15,6
698,6080,3.133611111111094,0.15,6
699,6081,3.133611111111094,0.15,6
700,6082,3.133611111111094,0.15,6
701,6083,3.133611111111094,0.15,6
702,6084,3.133611111111094,0.15,6
703,6085,3.133611111111094,0.15,6
704,6086,3.133611111111094,0.15,6
705,6087,3.133611111111094,0.15,6
706,6088,3.133611111111094,0.15,6
707,6089,3.133611111111094,0.15,6
708,6090,3.133611111111094,0.15,6
709,6091,3.133611111111094,0.15,6
710,6092,3.133611111111094,0.15,6
711,6093,3.133611111111094,0.15,6
712,6094,3.133611111111094,0.15,6
713,6095,3.133611111111094,0.15,6
714,6096,3.133611111111094,0.15,6
715,6097,3.133611111111094,0.15,6
716,6098,3.133611111111094,0.15,6
717,6099,3.133611111111094,0.15,6
718,6100,3.133611111111094,0.15,6
719,6101,3.133611111111094,0.15,6
720,6102,3.133611111111094,0.15,6
721,6103,3.133611111111094,0.15,6
722,6104,3.133611111111094,0.15,6
723,6105,3.133611111111094,0.15,6
724,6106,3.133611111111094,0.15,6
725,6107,3.1416666666666493,0.15,-1
726,6108,3.1497222222222048,0.15,-1
727,6109,3.1577777777777603,0.15,-1
728,6110,3.1658333333333157,0.15,-1
729,6111,3.173888888888871,0.15,-1
730,6112,3.1819444444444267,0.15,-1
731,6113,3.189999999999982,0.15,-1
732,6114,3.1980555555555377,0.15,-1
733,6115,3.206111111111093,0.15,-1
734,6116,3.2141666666666486,0.15,-1
735,6117,3.222222222222204,0.15,-1
736,6118,3.2302777777777596,0.15,-1
737,6119,3.238333333333315,0.15,-1
738,6120,3.2463888888888706,0.15,-1
739,6121,3.254444444444426,0.15,-1
740,6122,3.2624999999999815,0.15,-1
741,6123,3.270555555555537,0.15,-1
742,6124,3.2786111111110925,0.15,-1
743,6125,3.286666666666648,0.15,-1
744,6126,3.2947222222222035,0.15,-1
745,6127,3.302777777777759,0.15,-1
746,6128,3.3108333333333144,0.15,-1
747,6129,3.31888888888887,0.15,-1
748,6130,3.3269444444444254,0.15,-1
749,6131,3.334999999999981,0.15,-1
750,6132,3.3430555555555364,0.15,-1
751,6133,3.351111111111092,0.15,-1
752,6134,3.3591666666666473,0.15,-1
753,6135,3.367222222222203,0.15,-1
754,6136,3.3752777777777583,0.15,-1
755,6137,3.3833333333333138,0.15,-1
756,6138,3.3913888888888692,0.15,-1
757,6139,3.3994444444444247,0.15,-1
758,6140,3.40749999999998,0.15,-1
759,6141,3.4155555555555357,0.15,-1
760,6142,3.423611111111091,0.15,-1
761,6143,3.4316666666666467,0.15,-1
762,6144,3.439722222222202,0.15,-1
763,6145,3.4477777777777576,0.15,-1
764,6146,3.455833333333313,0.15,-1
765,6147,3.4638888888888686,0.15,-1
766,6148,3.471944444444424,0.15,-1
767,6149,3.4799999999999796,0.15,-1
768,6150,3.488055555555535,0.15,-1
769,6151,3.4961111111110905,0.15,-1
770,6152,3.504166666666646,0.15,-1
771,6153,3.5122222222222015,0.15,-1
772,6154,3.520277777777757,0.15,-1
773,6155,3.5283333333333124,0.15,-1
774,6156,3.536388888888868,0.15,-1
775,6157,3.5444444444444234,0.15,-1
776,6158,3.552499999999979,0.15,-1
777,6159,3.5605555555555344,0.15,-1
778,6160,3.56861111111109,0.15,-1
779,6161,3.5766666666666453,0.15,-1
780,6162,3.584722222222201,0.15,-1
781,6163,3.5927777777777563,0.15,-1
782,6164,3.600833333333312,0.15,-1
783,6165,3.6088888888888673,0.15,-1
784,6166,3.6169444444444228,0.15,-1
785,6167,3.6249999999999782,0.15,-1
786,6168,3.6330555555555337,0.15,-1
787,6169,3.641111111111089,0.15,-1
788,6170,3.6491666666666447,0.15,-1
789,6171,3.6572222222222,0.15,-1
790,6172,3.6652777777777557,0.15,-1
791,6173,3.673333333333311,0.15,-1
792,6174,3.6813888888888666,0.15,-1
793,6175,3.689444444444422,0.15,-1
794,6176,3.6974999999999776,0.15,-1
795,6177,3.705555555555533,0.15,-1
796,6178,3.7136111111110885,0.15,-1
797,6179,3.721666666666644,0.15,-1
798,6180,3.7297222222221995,0.15,-1
799,6181,3.737777777777755,0.15,-1
800,6182,3.7458333333333105,0.15,-1
801,6183,3.753888888888866,0.15,-1
802,6184,3.7619444444444214,0.15,-1
803,6185,3.769999999999977,0.15,-1
804,6186,3.7780555555555324,0.15,-1
805,6187,3.786111111111088,0.15,-1
806,6188,3.7941666666666434,0.15,-1
807,6189,3.802222222222199,0.15,-1
808,6190,3.8102777777777543,0.15,-1
809,6191,3.81833333333331,0.15,-1
810,6192,3.8263888888888653,0.15,-1
811,6193,3.834444444444421,0.15,-1
812,6194,3.8424999999999763,0.15,-1
813,6195,3.8505555555555318,0.15,-1
814,6196,3.8586111111110872,0.15,-1
815,6197,3.8666666666666427,0.15,-1
816,6198,3.874722222222198,0.15,-1
817,6199,3.8827777777777537,0.15,-1
818,6200,3.890833333333309,0.15,-1
819,6201,3.8988888888888646,0.15,-1
820,6202,3.90694444444442,0.15,-1
821,6203,3.9149999999999756,0.15,-1
822,6204,3.923055555555531,0.15,-1
823,6205,3.9311111111110866,0.15,-1
824,6206,3.939166666666642,0.15,-1
825,6207,3.9472222222221975,0.15,-1
826,6208,3.955277777777753,0.15,-1
827,6209,3.9633333333333085,0.15,-1
828,6210,3.971388888888864,0.15,-1
829,6211,3.9794444444444195,0.15,-1
830,6212,3.987499999999975,0.15,-1
831,6213,3.9955555555555304,0.15,-1
832,6214,4.003611111111086,0.15,-1
833,6215,4.011666666666642,0.15,-1
834,6216,4.019722222222198,0.15,-1
835,6217,4.027777777777754,0.15,-1
836,6218,4.03583333333331,0.15,-1
837,6219,4.03583333333331,0.15,7
838,6220,4.03583333333331,0.15,7
839,6221,4.03583333333331,0.15,7
840,6222,4.03583333333331,0.15,7
841,6223,4.03583333333331,0.15,7
842,6224,4.03583333333331,0.15,7
843,6225,4.03583333333331,0.15,7
844,6226,4.03583333333331,0.15,7
845,6227,4.03583333333331,0.15,7
846,6228,4.03583333333331,0.15,7
847,6229,4.03583333333331,0.15,7
848,6230,4.03583333333331,0.15,7
849,6231,4.03583333333331,0.15,7
850,6232,4.03583333333331,0.15,7
851,6233,4.03583333333331,0.15,7
852,6234,4.03583333333331,0.15,7
853,6235,4.03583333333331,0.15,7
854,6236,4.03583333333331,0.15,7
855,6237,4.03583333333331,0.15,7
856,6238,4.03583333333331,0.15,7
857,6239,4.03583333333331,0.15,7
858,6240,4.03583333333331,0.15,7
859,6241,4.03583333333331,0.15,7
860,6242,4.03583333333331,0.15,7
861,6243,4.03583333333331,0.15,7
862,6244,4.03583333333331,0.15,7
863,6245,4.03583333333331,0.15,7
864,6246,4.03583333333331,0.15,7
865,6247,4.03583333333331,0.15,7
866,6248,4.03583333333331,0.15,7
867,6249,4.03583333333331,0.15,7
868,6250,4.03583333333331,0.15,7
869,6251,4.03583333333331,0.15,7
870,6252,4.03583333333331,0.15,7
871,6253,4.03583333333331,0.15,7
872,6254,4.03583333333331,0.15,7
873,6255,4.03583333333331,0.15,7
874,6256,4.03583333333331,0.15,7
875,6257,4.03583333333331,0.15,7
876,6258,4.03583333333331,0.15,7
877,6259,4.03583333333331,0.15,7
878,6260,4.03583333333331,0.15,7
879,6261,4.03583333333331,0.15,7
880,6262,4.03583333333331,0.15,7
881,6263,4.03583333333331,0.15,7
882,6264,4.03583333333331,0.15,7
883,6265,4.03583333333331,0.15,7
884,6266,4.03583333333331,0.15,7
885,6267,4.03583333333331,0.15,7
886,6268,4.03583333333331,0.15,7
887,6269,4.03583333333331,0.15,7
888,6270,4.03583333333331,0.15,7
889,6271,4.03583333333331,0.15,7
890,6272,4.03583333333331,0.15,7
891,6273,4.03583333333331,0.15,7
892,6274,4.03583333333331,0.15,7
893,6275,4.03583333333331,0.15,7
894,6276,4.03583333333331,0.15,7
895,6277,4.03583333333331,0.15,7
896,6278,4.03583333333331,0.15,7
897,6279,4.03583333333331,0.15,7
898,6280,4.03583333333331,0.15,7
899,6281,4.03583333333331,0.15,7
900,6282,4.03583333333331,0.15,7
901,6283,4.03583333333331,0.15,7
902,6284,4.03583333333331,0.15,7
903,6285,4.03583333333331,0.15,7
904,6286,4.03583333333331,0.15,7
905,6287,4.03583333333331,0.15,7
906,6288,4.03583333333331,0.15,7
907,6289,4.03583333333331,0.15,7
908,6290,4.03583333333331,0.15,7
909,6291,4.03583333333331,0.15,7
910,6292,4.03583333333331,0.15,7
911,6293,4.03583333333331,0.15,7
912,6294,4.03583333333331,0.15,7
913,6295,4.03583333333331,0.15,7
914,6296,4.03583333333331,0.15,7
915,6297,4.03583333333331,0.15,7
916,6298,4.03583333333331,0.15,7
917,6299,4.03583333333331,0.15,7
918,6300,4.03583333333331,0.15,7
919,6301,4.03583333333331,0.15,7
920,6302,4.03583333333331,0.15,7
921,6303,4.03583333333331,0.15,7
922,6304,4.03583333333331,0.15,7
923,6305,4.03583333333331,0.15,7
924,6306,4.03583333333331,0.15,7
925,6307,4.03583333333331,0.15,7
926,6308,4.03583333333331,0.15,7
927,6309,4.03583333333331,0.15,7
928,6310,4.03583333333331,0.15,7
929,6311,4.03583333333331,0.15,7
930,6312,4.03583333333331,0.15,7
931,6313,4.03583333333331,0.15,7
932,6314,4.03583333333331,0.15,7
933,6315,4.03583333333331,0.15,7
934,6316,4.03583333333331,0.15,7
935,6317,4.03583333333331,0.15,7
936,6318,4.03583333333331,0.15,7
937,6319,4.03583333333331,0.15,7
938,6320,4.03583333333331,0.15,7
939,6321,4.03583333333331,0.15,7
940,6322,4.03583333333331,0.15,7
941,6323,4.03583333333331,0.15,7
942,6324,4.03583333333331,0.15,7
943,6325,4.03583333333331,0.15,7
944,6326,4.03583333333331,0.15,7
945,6327,4.03583333333331,0.15,7
946,6328,4.0438888888888656,0.15,-1
947,6329,4.0519444444444215,0.15,-1
948,6330,4.059999999999977,0.15,-1
949,6331,4.068055555555533,0.15,-1
950,6332,4.076111111111089,0.15,-1
951,6333,4.084166666666645,0.15,-1
952,6334,4.092222222222201,0.15,-1
953,6335,4.100277777777757,0.15,-1
954,6336,4.108333333333313,0.15,-1
955,6337,4.116388888888869,0.15,-1
956,6338,4.124444444444425,0.15,-1
957,6339,4.132499999999981,0.15,-1
958,6340,4.140555555555537,0.15,-1
959,6341,4.148611111111093,0.15,-1
960,6342,4.1566666666666485,0.15,-1
961,6343,4.1647222222222045,0.15,-1
962,6344,4.17277777777776,0.15,-1
963,6345,4.180833333333316,0.15,-1
964,6346,4.188888888888872,0.15,-1
965,6347,4.196944444444428,0.15,-1
966,6348,4.204999999999984,0.15,-1
967,6349,4.21305555555554,0.15,-1
968,6350,4.221111111111096,0.15,-1
969,6351,4.229166666666652,0.15,-1
970,6352,4.237222222222208,0.15,-1
971,6353,4.245277777777764,0.15,-1
972,6354,4.25333333333332,0.15,-1
973,6355,4.261388888888876,0.15,-1
974,6356,4.2694444444444315,0.15,-1
975,6357,4.277499999999987,0.15,-1
976,6358,4.285555555555543,0.15,-1
977,6359,4.293611111111099,0.15,-1
978,6360,4.301666666666655,0.15,-1
979,6361,4.309722222222211,0.15,-1
980,6362,4.317777777777767,0.15,-1
981,6363,4.325833333333323,0.15,-1
982,6364,4.325833333333323,0.175,8
983,6365,4.325833333333323,0.175,8
984,6366,4.325833333333323,0.175,8
985,6367,4.325833333333323,0.175,8
986,6368,4.325833333333323,0.175,8
987,6369,4.325833333333323,0.175,8
988,6370,4.325833333333323,0.175,8
989,6371,4.325833333333323,0.175,8
990,6372,4.325833333333323,0.175,8
991,6373,4.325833333333323,0.175,8
992,6374,4.325833333333323,0.175,8
993,6375,4.325833333333323,0.175,8
994,6376,4.325833333333323,0.175,8
995,6377,4.325833333333323,0.175,8
996,6378,4.325833333333323,0.175,8
997,6379,4.325833333333323,0.175,8
998,6380,4.325833333333323,0.175,8
999,6381,4.325833333333323,0.175,8
1000,6382,4.325833333333323,0.175,8
1001,6383,4.325833333333323,0.175,8
1002,6384,4.325833333333323,0.175,8
1003,6385,4.325833333333323,0.175,8
1004,6386,4.325833333333323,0.175,8
1005,6387,4.325833333333323,0.175,8
1006,6388,4.325833333333323,0.175,8
1007,6389,4.325833333333323,0.175,8
1008,6390,4.325833333333323,0.175,8
1009,6391,4.325833333333323,0.175,8
1010,6392,4.325833333333323,0.175,8
1011,6393,4.325833333333323,0.175,8
1012,6394,4.325833333333323,0.175,8
1013,6395,4.325833333333323,0.175,8
1014,6396,4.325833333333323,0.175,8
1015,6397,4.325833333333323,0.175,8
1016,6398,4.325833333333323,0.175,8
1017,6399,4.325833333333323,0.175,8
1018,6400,4.325833333333323,0.175,8
1019,6401,4.325833333333323,0.175,8
1020,6402,4.325833333333323,0.175,8
1021,6403,4.325833333333323,0.175,8
1022,6404,4.325833333333323,0.175,8
1023,6405,4.325833333333323,0.175,8
1024,6406,4.325833333333323,0.175,8
1025,6407,4.325833333333323,0.175,8
1026,6408,4.325833333333323,0.175,8
1027,6409,4.325833333333323,0.175,8
1028,6410,4.325833333333323,0.175,8
1029,6411,4.325833333333323,0.175,8
1030,6412,4.325833333333323,0.175,8
1031,6413,4.325833333333323,0.175,8
1032,6414,4.325833333333323,0.175,8
1033,6415,4.325833333333323,0.175,8
1034,6416,4.325833333333323,0.175,8
1035,6417,4.325833333333323,0.175,8
1036,6418,4.325833333333323,0.175,8
1037,6419,4.325833333333323,0.175,8
1038,6420,4.325833333333323,0.175,8
1039,6421,4.325833333333323,0.175,8
1040,6422,4.333888888888879,0.175,-1
1041,6423,4.341944444444435,0.175,-1
1042,6424,4.349999999999991,0.175,-1
1043,6425,4.358055555555547,0.175,-1
1044,6426,4.366111111111103,0.175,-1
1045,6427,4.3741666666666585,0.175,-1
1046,6428,4.3822222222222145,0.175,-1
1047,6429,4.39027777777777,0.175,-1
1048,6430,4.398333333333326,0.175,-1
1049,6431,4.406388888888882,0.175,-1
1050,6432,4.414444444444438,0.175,-1
1051,6433,4.422499999999994,0.175,-1
1052,6434,4.43055555555555,0.175,-1
1053,6435,4.438611111111106,0.175,-1
1054,6436,4.446666666666662,0.175,-1
1055,6437,4.454722222222218,0.175,-1
1056,6438,4.462777777777774,0.175,-1
1057,6439,4.47083333333333,0.175,-1
1058,6440,4.478888888888886,0.175,-1
1059,6441,4.4869444444444415,0.175,-1
1060,6442,4.494999999999997,0.175,-1
1061,6443,4.503055555555553,0.175,-1
1062,6444,4.511111111111109,0.175,-1
1063,6445,4.519166666666665,0.175,-1
1064,6446,4.527222222222221,0.175,-1
1065,6447,4.535277777777777,0.175,-1
1066,6448,4.543333333333333,0.175,-1
1067,6449,4.551388888888889,0.175,-1
1068,6450,4.559444444444445,0.175,-1
1069,6451,4.567500000000001,0.175,-1
1070,6452,4.575555555555557,0.175,-1
1071,6453,4.583611111111113,0.175,-1
1072,6454,4.591666666666669,0.175,-1
1073,6455,4.5997222222222245,0.175,-1
1074,6456,4.60777777777778,0.175,-1
1075,6457,4.615833333333336,0.175,-1
1076,6458,4.623888888888892,0.175,-1
1077,6459,4.631944444444448,0.175,-1
1078,6460,4.640000000000004,0.175,-1
1079,6461,4.64805555555556,0.175,-1
1080,6462,4.656111111111116,0.175,-1
1081,6463,4.664166666666672,0.175,-1
1082,6464,4.672222222222228,0.175,-1
1083,6465,4.680277777777784,0.175,-1
1084,6466,4.68833333333334,0.175,-1
1085,6467,4.696388888888896,0.175,-1
1086,6468,4.7044444444444515,0.175,-1
1087,6469,4.7125000000000075,0.175,-1
1088,6470,4.720555555555563,0.175,-1
1089,6471,4.728611111111119,0.175,-1
1090,6472,4.736666666666675,0.175,-1
1091,6473,4.744722222222231,0.175,-1
1092,6474,4.752777777777787,0.175,-1
1093,6475,4.760833333333343,0.175,-1
1094,6476,4.768888888888899,0.175,-1
1095,6477,4.776944444444455,0.175,-1
1096,6478,4.785000000000011,0.175,-1
1097,6479,4.793055555555567,0.175,-1
1098,6480,4.801111111111123,0.175,-1
1099,6481,4.809166666666679,0.175,-1
1100,6482,4.8172222222222345,0.175,-1
1101,6483,4.82527777777779,0.175,-1
1102,6484,4.833333333333346,0.175,-1
1103,6485,4.841388888888902,0.175,-1
1104,6486,4.849444444444458,0.175,-1
1105,6487,4.857500000000014,0.175,-1
1106,6488,4.86555555555557,0.175,-1
1107,6489,4.873611111111126,0.175,-1
1108,6490,4.881666666666682,0.175,-1
1109,6491,4.889722222222238,0.175,-1
1110,6492,4.897777777777794,0.175,-1
1111,6493,4.90583333333335,0.175,-1
1112,6494,4.913888888888906,0.175,-1
1113,6495,4.9219444444444616,0.175,-1
1114,6496,4.9300000000000175,0.175,-1
1115,6497,4.9300000000000175,0.175,9
1116,6498,4.9300000000000175,0.175,9
1117,6499,4.9300000000000175,0.175,9
1118,6500,4.9300000000000175,0.175,9
1119,6501,4.9300000000000175,0.175,9
1120,6502,4.9300000000000175,0.175,9
1121,6503,4.9300000000000175,0.175,9
1122,6504,4.9300000000000175,0.175,9
1123,6505,4.9300000000000175,0.175,9
1124,6506,4.9300000000000175,0.175,9
1125,6507,4.9300000000000175,0.175,9
1126,6508,4.9300000000000175,0.175,9
1127,6509,4.9300000000000175,0.175,9
1128,6510,4.9300000000000175,0.175,9
1129,6511,4.9300000000000175,0.175,9
1130,6512,4.9300000000000175,0.175,9
1131,6513,4.9300000000000175,0.175,9
1132,6514,4.9300000000000175,0.175,9
1133,6515,4.9300000000000175,0.175,9
1134,6516,4.9300000000000175,0.175,9
1135,6517,4.9300000000000175,0.175,9
1136,6518,4.9300000000000175,0.175,9
1137,6519,4.9300000000000175,0.175,9
1138,6520,4.9300000000000175,0.175,9
1139,6521,4.9300000000000175,0.175,9
1140,6522,4.9300000000000175,0.175,9
1141,6523,4.9300000000000175,0.175,9
1142,6524,4.9300000000000175,0.175,9
1143,6525,4.9300000000000175,0.175,9
1144,6526,4.9300000000000175,0.175,9
1145,6527,4.9300000000000175,0.175,9
1146,6528,4.9300000000000175,0.175,9
1147,6529,4.9300000000000175,0.175,9
1148,6530,4.9300000000000175,0.175,9
1149,6531,4.9300000000000175,0.175,9
1150,6532,4.938055555555573,0.175,-1
1151,6533,4.946111111111129,0.175,-1
1152,6534,4.954166666666685,0.175,-1
1153,6535,4.962222222222241,0.175,-1
1154,6536,4.970277777777797,0.175,-1
1155,6537,4.978333333333353,0.175,-1
1156,6538,4.986388888888909,0.175,-1
1157,6539,4.994444444444465,0.175,-1
1158,6540,5.002500000000021,0.175,-1
1159,6541,5.010555555555577,0.175,-1
1160,6542,5.018611111111133,0.175,-1
1161,6543,5.026666666666689,0.175,-1
1162,6544,5.0347222222222445,0.175,-1
1163,6545,5.0427777777778005,0.175,-1
1164,6546,5.050833333333356,0.175,-1
1165,6547,5.058888888888912,0.175,-1
1166,6548,5.066944444444468,0.175,-1
1167,6549,5.075000000000024,0.175,-1
1168,6550,5.08305555555558,0.175,-1
1169,6551,5.091111111111136,0.175,-1
1170,6552,5.099166666666692,0.175,-1
1171,6553,5.107222222222248,0.175,-1
1172,6554,5.115277777777804,0.175,-1
1173,6555,5.12333333333336,0.175,-1
1174,6556,5.131388888888916,0.175,-1
1175,6557,5.139444444444472,0.175,-1
1176,6558,5.1475000000000275,0.175,-1
1177,6559,5.155555555555583,0.175,-1
1178,6560,5.163611111111139,0.175,-1
1179,6561,5.171666666666695,0.175,-1
1180,6562,5.179722222222251,0.175,-1
1181,6563,5.187777777777807,0.175,-1
1182,6564,5.195833333333363,0.175,-1
1183,6565,5.203888888888919,0.175,-1
1184,6566,5.211944444444475,0.175,-1
1185,6567,5.220000000000031,0.175,-1
1186,6568,5.228055555555587,0.175,-1
1187,6569,5.236111111111143,0.175,-1
1188,6570,5.244166666666699,0.175,-1
1189,6571,5.2522222222222545,0.175,-1
1190,6572,5.2602777777778105,0.175,-1
1191,6573,5.268333333333366,0.175,-1
1192,6574,5.276388888888922,0.175,-1
1193,6575,5.284444444444478,0.175,-1
1194,6576,5.292500000000034,0.175,-1
1195,6577,5.30055555555559,0.175,-1
1196,6578,5.308611111111146,0.175,-1
1197,6579,5.316666666666702,0.175,-1
1198,6580,5.324722222222258,0.175,-1
1199,6581,5.332777777777814,0.175,-1
1200,6582,5.34083333333337,0.175,-1
1201,6583,5.348888888888926,0.175,-1
1202,6584,5.356944444444482,0.175,-1
1203,6585,5.356944444444482,0.2,10
1204,6586,5.356944444444482,0.2,10
1205,6587,5.356944444444482,0.2,10
1206,6588,5.356944444444482,0.2,10
1207,6589,5.356944444444482,0.2,10
1208,6590,5.356944444444482,0.2,10
1209,6591,5.3650000000000375,0.2,-1
1210,6592,5.373055555555593,0.2,-1
1211,6593,5.381111111111149,0.2,-1
1212,6594,5.389166666666705,0.2,-1
1213,6595,5.397222222222261,0.2,-1
1214,6596,5.405277777777817,0.2,-1
1215,6597,5.413333333333373,0.2,-1
1216,6598,5.421388888888929,0.2,-1
1217,6599,5.429444444444485,0.2,-1
1218,6600,5.437500000000041,0.2,-1
1219,6601,5.445555555555597,0.2,-1
1220,6602,5.453611111111153,0.2,-1
1221,6603,5.461666666666709,0.2,-1
1222,6604,5.469722222222265,0.2,-1
1223,6605,5.4777777777778205,0.2,-1
1224,6606,5.485833333333376,0.2,-1
1225,6607,5.493888888888932,0.2,-1
1226,6608,5.501944444444488,0.2,-1
1227,6609,5.510000000000044,0.2,-1
1228,6610,5.5180555555556,0.2,-1
1229,6611,5.526111111111156,0.2,-1
1230,6612,5.534166666666712,0.2,-1
1231,6613,5.542222222222268,0.2,-1
1232,6614,5.550277777777824,0.2,-1
1233,6615,5.55833333333338,0.2,-1
1234,6616,5.566388888888936,0.2,-1
1235,6617,5.574444444444492,0.2,-1
1236,6618,5.5825000000000475,0.2,-1
1237,6619,5.5905555555556035,0.2,-1
1238,6620,5.598611111111159,0.2,-1
1239,6621,5.606666666666715,0.2,-1
1240,6622,5.614722222222271,0.2,-1
1241,6623,5.622777777777827,0.2,-1
1242,6624,5.630833333333383,0.2,-1
1243,6625,5.638888888888939,0.2,-1
1244,6626,5.646944444444495,0.2,-1
1245,6627,5.655000000000051,0.2,-1
1246,6628,5.663055555555607,0.2,-1
1247,6629,5.671111111111163,0.2,-1
1248,6630,5.679166666666719,0.2,-1
1249,6631,5.687222222222275,0.2,-1
1250,6632,5.6952777777778305,0.2,-1
1251,6633,5.703333333333386,0.2,-1
1252,6634,5.711388888888942,0.2,-1
1253,6635,5.719444444444498,0.2,-1
1254,6636,5.727500000000054,0.2,-1
1255,6637,5.73555555555561,0.2,-1
1256,6638,5.743611111111166,0.2,-1
1257,6639,5.751666666666722,0.2,-1
1258,6640,5.759722222222278,0.2,-1
1259,6641,5.767777777777834,0.2,-1
1260,6642,5.77583333333339,0.2,-1
1261,6643,5.783888888888946,0.2,-1
1262,6644,5.791944444444502,0.2,-1
1263,6645,5.8000000000000576,0.2,-1
1264,6646,5.8080555555556135,0.2,-1
1265,6647,5.816111111111169,0.2,-1
1266,6648,5.824166666666725,0.2,-1
1267,6649,5.832222222222281,0.2,-1
1268,6650,5.840277777777837,0.2,-1
1269,6651,5.848333333333393,0.2,-1
1270,6652,5.856388888888949,0.2,-1
1271,6653,5.864444444444505,0.2,-1
1272,6654,5.872500000000061,0.2,-1
1273,6655,5.880555555555617,0.2,-1
1274,6656,5.888611111111173,0.2,-1
1275,6657,5.896666666666729,0.2,-1
1276,6658,5.904722222222285,0.2,-1
1277,6659,5.9127777777778405,0.2,-1
1278,6660,5.9208333333333965,0.2,-1
1279,6661,5.928888888888952,0.2,-1
1280,6662,5.936944444444508,0.2,-1
1281,6663,5.945000000000064,0.2,-1
1282,6664,5.95305555555562,0.2,-1
1283,6665,5.961111111111176,0.2,-1
1284,6666,5.969166666666732,0.2,-1
1285,6667,5.977222222222288,0.2,-1
1286,6668,5.985277777777844,0.2,-1
1287,6669,5.9933333333334,0.2,-1
1288,6670,6.001388888888956,0.2,-1
1289,6671,6.009444444444512,0.2,-1
1290,6672,6.017500000000068,0.2,-1
1291,6673,6.0255555555556235,0.2,-1
1292,6674,6.033611111111179,0.2,-1
1293,6675,6.041666666666735,0.2,-1
1294,6676,6.049722222222291,0.2,-1
1295,6677,6.057777777777847,0.2,-1
1296,6678,6.065833333333403,0.2,-1
1297,6679,6.073888888888959,0.2,-1
1298,6680,6.081944444444515,0.2,-1
1299,6681,6.090000000000071,0.2,-1
1300,6682,6.098055555555627,0.2,-1
1301,6683,6.106111111111183,0.2,-1
1302,6684,6.114166666666739,0.2,-1
1303,6685,6.122222222222295,0.2,-1
1304,6686,6.1302777777778505,0.2,-1
1305,6687,6.1383333333334065,0.2,-1
1306,6688,6.146388888888962,0.2,-1
1307,6689,6.154444444444518,0.2,-1
1308,6690,6.162500000000074,0.2,-1
1309,6691,6.17055555555563,0.2,-1
1310,6692,6.178611111111186,0.2,-1
1311,6693,6.186666666666742,0.2,-1
1312,6694,6.194722222222298,0.2,-1
1313,6695,6.202777777777854,0.2,-1
1314,6696,6.21083333333341,0.2,-1
1315,6697,6.218888888888966,0.2,-1
1316,6698,6.226944444444522,0.2,-1
1317,6699,6.235000000000078,0.2,-1
1318,6700,6.2430555555556335,0.2,-1
1319,6701,6.2511111111111894,0.2,-1
1320,6702,6.259166666666745,0.2,-1
1321,6703,6.267222222222301,0.2,-1
1322,6704,6.275277777777857,0.2,-1
1323,6705,6.283333333333413,0.2,-1
1324,6706,6.291388888888969,0.2,-1
1325,6707,6.299444444444525,0.2,-1
1326,6708,6.307500000000081,0.2,-1
1327,6709,6.315555555555637,0.2,-1
1328,6710,6.323611111111193,0.2,-1
1329,6711,6.331666666666749,0.2,-1
1330,6712,6.339722222222305,0.2,-1
1331,6713,6.347777777777861,0.2,-1
1332,6714,6.3558333333334165,0.2,-1
1333,6715,6.363888888888972,0.2,-1
1334,6716,6.371944444444528,0.2,-1
1335,6717,6.380000000000084,0.2,-1
1336,6718,6.38805555555564,0.2,-1
1337,6719,6.396111111111196,0.2,-1
1338,6720,6.404166666666752,0.2,-1
1339,6721,6.412222222222308,0.2,-1
1340,6722,6.420277777777864,0.2,-1
1341,6723,6.42833333333342,0.2,-1
1342,6724,6.436388888888976,0.2,-1
1343,6725,6.444444444444532,0.2,-1
1344,6726,6.452500000000088,0.2,-1
1345,6727,6.4605555555556435,0.2,-1
1346,6728,6.4686111111111995,0.2,-1
1347,6729,6.476666666666755,0.2,-1
1348,6730,6.484722222222311,0.2,-1
1349,6731,6.492777777777867,0.2,-1
1350,6732,6.492777777777867,0.2125,11
1351,6733,6.492777777777867,0.2125,11
1352,6734,6.492777777777867,0.2125,11
1353,6735,6.492777777777867,0.2125,11
1354,6736,6.492777777777867,0.2125,11
1355,6737,6.492777777777867,0.2125,11
1356,6738,6.492777777777867,0.2125,11
1357,6739,6.492777777777867,0.2125,11
1358,6740,6.492777777777867,0.2125,11
1359,6741,6.492777777777867,0.2125,11
1360,6742,6.492777777777867,0.2125,11
1361,6743,6.492777777777867,0.2125,11
1362,6744,6.492777777777867,0.2125,11
1363,6745,6.492777777777867,0.2125,11
1364,6746,6.492777777777867,0.2125,11
1365,6747,6.492777777777867,0.2125,11
1366,6748,6.492777777777867,0.2125,11
1367,6749,6.492777777777867,0.2125,11
1368,6750,6.492777777777867,0.2125,11
1369,6751,6.492777777777867,0.2125,11
1370,6752,6.492777777777867,0.2125,11
1371,6753,6.492777777777867,0.2125,11
1372,6754,6.492777777777867,0.2125,11
1373,6755,6.492777777777867,0.2125,11
1374,6756,6.492777777777867,0.2125,11
1375,6757,6.492777777777867,0.2125,11
1376,6758,6.492777777777867,0.2125,11
1377,6759,6.492777777777867,0.2125,11
1378,6760,6.492777777777867,0.2125,11
1379,6761,6.492777777777867,0.2125,11
1380,6762,6.492777777777867,0.2125,11
1381,6763,6.492777777777867,0.2125,11
1382,6764,6.492777777777867,0.2125,11
1383,6765,6.492777777777867,0.2125,11
1384,6766,6.492777777777867,0.2125,11
1385,6767,6.492777777777867,0.2125,11
1386,6768,6.492777777777867,0.2125,11
1387,6769,6.492777777777867,0.2125,11
1388,6770,6.492777777777867,0.2125,11
1389,6771,6.492777777777867,0.2125,11
1390,6772,6.492777777777867,0.2125,11
1391,6773,6.492777777777867,0.2125,11
1392,6774,6.492777777777867,0.2125,11
1393,6775,6.492777777777867,0.2125,11
1394,6776,6.492777777777867,0.2125,11
1395,6777,6.492777777777867,0.2125,11
1396,6778,6.492777777777867,0.2125,11
1397,6779,6.492777777777867,0.2125,11
1398,6780,6.492777777777867,0.2125,11
1399,6781,6.492777777777867,0.2125,11
1400,6782,6.492777777777867,0.2125,11
1401,6783,6.492777777777867,0.2125,11
1402,6784,6.492777777777867,0.2125,11
1403,6785,6.492777777777867,0.2125,11
1404,6786,6.492777777777867,0.2125,11
1405,6787,6.492777777777867,0.2125,11
1406,6788,6.492777777777867,0.2125,11
1407,6789,6.492777777777867,0.2125,11
1408,6790,6.492777777777867,0.2125,11
1409,6791,6.492777777777867,0.2125,11
1410,6792,6.492777777777867,0.2125,11
1411,6793,6.492777777777867,0.2125,11
1412,6794,6.492777777777867,0.2125,11
1413,6795,6.492777777777867,0.2125,11
1414,6796,6.492777777777867,0.2125,11
1415,6797,6.492777777777867,0.2125,11
1416,6798,6.492777777777867,0.2125,11
1417,6799,6.492777777777867,0.2125,11
1418,6800,6.492777777777867,0.2125,11
1419,6801,6.492777777777867,0.2125,11
1420,6802,6.492777777777867,0.2125,11
1421,6803,6.492777777777867,0.2125,11
1422,6804,6.492777777777867,0.2125,11
1423,6805,6.492777777777867,0.2125,11
1424,6806,6.492777777777867,0.2125,11
1425,6807,6.492777777777867,0.2125,11
1426,6808,6.492777777777867,0.2125,11
1427,6809,6.492777777777867,0.2125,11
1428,6810,6.492777777777867,0.2125,11
1429,6811,6.492777777777867,0.2125,11
1430,6812,6.492777777777867,0.2125,11
1431,6813,6.492777777777867,0.2125,11
1432,6814,6.492777777777867,0.2125,11
1433,6815,6.492777777777867,0.2125,11
1434,6816,6.492777777777867,0.2125,11
1435,6817,6.492777777777867,0.2125,11
1436,6818,6.492777777777867,0.2125,11
1437,6819,6.492777777777867,0.2125,11
1438,6820,6.492777777777867,0.2125,11
1439,6821,6.492777777777867,0.2125,11
1440,6822,6.492777777777867,0.2125,11
1441,6823,6.492777777777867,0.2125,11
1442,6824,6.492777777777867,0.2125,11
1443,6825,6.492777777777867,0.2125,11
1444,6826,6.492777777777867,0.2125,11
1445,6827,6.492777777777867,0.2125,11
1446,6828,6.492777777777867,0.2125,11
1447,6829,6.492777777777867,0.2125,11
1448,6830,6.492777777777867,0.2125,11
1449,6831,6.500833333333423,0.2125,-1
1450,6832,6.508888888888979,0.2125,-1
1451,6833,6.516944444444535,0.2125,-1
1452,6834,6.525000000000091,0.2125,-1
1453,6835,6.533055555555647,0.2125,-1
1454,6836,6.541111111111203,0.2125,-1
1455,6837,6.549166666666759,0.2125,-1
1456,6838,6.557222222222315,0.2125,-1
1457,6839,6.565277777777871,0.2125,-1
1458,6840,6.5733333333334265,0.2125,-1
1459,6841,6.581388888888982,0.2125,-1
1460,6842,6.589444444444538,0.2125,-1
1461,6843,6.597500000000094,0.2125,-1
1462,6844,6.60555555555565,0.2125,-1
1463,6845,6.613611111111206,0.2125,-1
1464,6846,6.621666666666762,0.2125,-1
1465,6847,6.629722222222318,0.2125,-1
1466,6848,6.637777777777874,0.2125,-1
1467,6849,6.64583333333343,0.2125,-1
1468,6850,6.653888888888986,0.2125,-1
1469,6851,6.661944444444542,0.2125,-1
1470,6852,6.670000000000098,0.2125,-1
1471,6853,6.6780555555556536,0.2125,-1
1472,6854,6.6861111111112095,0.2125,-1
1473,6855,6.694166666666765,0.2125,-1
1474,6856,6.702222222222321,0.2125,-1
1475,6857,6.710277777777877,0.2125,-1
1476,6858,6.718333333333433,0.2125,-1
1477,6859,6.726388888888989,0.2125,-1
1478,6860,6.734444444444545,0.2125,-1
1479,6861,6.742500000000101,0.2125,-1
1480,6862,6.750555555555657,0.2125,-1
1481,6863,6.758611111111213,0.2125,-1
1482,6864,6.766666666666769,0.2125,-1
1483,6865,6.774722222222325,0.2125,-1
1484,6866,6.782777777777881,0.2125,-1
1485,6867,6.7908333333334365,0.2125,-1
1486,6868,6.7988888888889925,0.2125,-1
1487,6869,6.806944444444548,0.2125,-1
1488,6870,6.815000000000104,0.2125,-1
1489,6871,6.82305555555566,0.2125,-1
1490,6872,6.831111111111216,0.2125,-1
1491,6873,6.839166666666772,0.2125,-1
1492,6874,6.847222222222328,0.2125,-1
1493,6875,6.855277777777884,0.2125,-1
1494,6876,6.86333333333344,0.2125,-1
1495,6877,6.871388888888996,0.2125,-1
1496,6878,6.879444444444552,0.2125,-1
1497,6879,6.887500000000108,0.2125,-1
1498,6880,6.895555555555664,0.2125,-1
1499,6881,6.9036111111112195,0.2125,-1
1500,6882,6.911666666666775,0.2125,-1
1501,6883,6.919722222222331,0.2125,-1
1502,6884,6.927777777777887,0.2125,-1
1503,6885,6.927777777777887,0.2,12
1504,6886,6.927777777777887,0.2,12
1505,6887,6.927777777777887,0.2,12
1506,6888,6.927777777777887,0.2,12
1507,6889,6.927777777777887,0.2,12
1508,6890,6.927777777777887,0.2,12
1509,6891,6.927777777777887,0.2,12
1510,6892,6.927777777777887,0.2,12
1511,6893,6.927777777777887,0.2,12
1512,6894,6.927777777777887,0.2,12
1513,6895,6.927777777777887,0.2,12
1514,6896,6.927777777777887,0.2,12
1515,6897,6.927777777777887,0.2,12
1516,6898,6.927777777777887,0.2,12
1517,6899,6.927777777777887,0.2,12
1518,6900,6.927777777777887,0.2,12
1519,6901,6.927777777777887,0.2,12
1520,6902,6.927777777777887,0.2,12
1521,6903,6.927777777777887,0.2,12
1522,6904,6.927777777777887,0.2,12
1523,6905,6.927777777777887,0.2,12
1524,6906,6.927777777777887,0.2,12
1525,6907,6.927777777777887,0.2,12
1526,6908,6.927777777777887,0.2,12
1527,6909,6.927777777777887,0.2,12
1528,6910,6.927777777777887,0.2,12
1529,6911,6.927777777777887,0.2,12
1530,6912,6.927777777777887,0.2,12
1531,6913,6.927777777777887,0.2,12
1532,6914,6.927777777777887,0.2,12
1533,6915,6.927777777777887,0.2,12
1534,6916,6.927777777777887,0.2,12
1535,6917,6.927777777777887,0.2,12
1536,6918,6.927777777777887,0.2,12
1537,6919,6.927777777777887,0.2,12
1538,6920,6.927777777777887,0.2,12
1539,6921,6.927777777777887,0.2,12
1540,6922,6.927777777777887,0.2,12
1541,6923,6.927777777777887,0.2,12
1542,6924,6.927777777777887,0.2,12
1543,6925,6.927777777777887,0.2,12
1544,6926,6.927777777777887,0.2,12
1545,6927,6.927777777777887,0.2,12
1546,6928,6.927777777777887,0.2,12
1547,6929,6.927777777777887,0.2,12
1548,6930,6.927777777777887,0.2,12
1549,6931,6.927777777777887,0.2,12
1550,6932,6.927777777777887,0.2,12
1551,6933,6.927777777777887,0.2,12
1552,6934,6.927777777777887,0.2,12
1553,6935,6.927777777777887,0.2,12
1554,6936,6.927777777777887,0.2,12
1555,6937,6.927777777777887,0.2,12
1556,6938,6.927777777777887,0.2,12
1557,6939,6.927777777777887,0.2,12
1558,6940,6.927777777777887,0.2,12
1559,6941,6.927777777777887,0.2,12
1560,6942,6.927777777777887,0.2,12
1561,6943,6.927777777777887,0.2,12
1562,6944,6.927777777777887,0.2,12
1563,6945,6.927777777777887,0.2,12
1564,6946,6.927777777777887,0.2,12
1565,6947,6.927777777777887,0.2,12
1566,6948,6.927777777777887,0.2,12
1567,6949,6.927777777777887,0.2,12
1568,6950,6.927777777777887,0.2,12
1569,6951,6.927777777777887,0.2,12
1570,6952,6.927777777777887,0.2,12
1571,6953,6.927777777777887,0.2,12
1572,6954,6.927777777777887,0.2,12
1573,6955,6.927777777777887,0.2,12
1574,6956,6.927777777777887,0.2,12
1575,6957,6.927777777777887,0.2,12
1576,6958,6.927777777777887,0.2,12
1577,6959,6.927777777777887,0.2,12
1578,6960,6.927777777777887,0.2,12
1579,6961,6.927777777777887,0.2,12
1580,6962,6.927777777777887,0.2,12
1581,6963,6.927777777777887,0.2,12
1582,6964,6.927777777777887,0.2,12
1583,6965,6.927777777777887,0.2,12
1584,6966,6.927777777777887,0.2,12
1585,6967,6.927777777777887,0.2,12
1586,6968,6.927777777777887,0.2,12
1587,6969,6.927777777777887,0.2,12
1588,6970,6.927777777777887,0.2,12
1589,6971,6.927777777777887,0.2,12
1590,6972,6.927777777777887,0.2,12
1591,6973,6.927777777777887,0.2,12
1592,6974,6.927777777777887,0.2,12
1593,6975,6.927777777777887,0.2,12
1594,6976,6.927777777777887,0.2,12
1595,6977,6.927777777777887,0.2,12
1596,6978,6.927777777777887,0.2,12
1597,6979,6.927777777777887,0.2,12
1598,6980,6.927777777777887,0.2,12
1599,6981,6.927777777777887,0.2,12
1600,6982,6.927777777777887,0.2,12
1601,6983,6.927777777777887,0.2,12
1602,6984,6.927777777777887,0.2,12
1603,6985,6.927777777777887,0.2,12
1604,6986,6.927777777777887,0.2,12
1605,6987,6.927777777777887,0.2,12
1606,6988,6.927777777777887,0.2,12
1607,6989,6.927777777777887,0.2,12
1608,6990,6.935833333333443,0.2,-1
1609,6991,6.943888888888999,0.2,-1
1610,6992,6.951944444444555,0.2,-1
1611,6993,6.960000000000111,0.2,-1
1612,6994,6.968055555555667,0.2,-1
1613,6995,6.976111111111223,0.2,-1
1614,6996,6.984166666666779,0.2,-1
1615,6997,6.992222222222335,0.2,-1
1616,6998,7.000277777777891,0.2,-1
1617,6999,7.0083333333334465,0.2,-1
1618,7000,7.0163888888890025,0.2,-1
1619,7001,7.024444444444558,0.2,-1
1620,7002,7.032500000000114,0.2,-1
1621,7003,7.04055555555567,0.2,-1
1622,7004,7.048611111111226,0.2,-1
1623,7005,7.056666666666782,0.2,-1
1624,7006,7.064722222222338,0.2,-1
1625,7007,7.072777777777894,0.2,-1
1626,7008,7.08083333333345,0.2,-1
1627,7009,7.088888888889006,0.2,-1
1628,7010,7.096944444444562,0.2,-1
1629,7011,7.105000000000118,0.2,-1
1630,7012,7.113055555555674,0.2,-1
1631,7013,7.1211111111112295,0.2,-1
1632,7014,7.1291666666667854,0.2,-1
1633,7015,7.137222222222341,0.2,-1
1634,7016,7.145277777777897,0.2,-1
1635,7017,7.153333333333453,0.2,-1
1636,7018,7.161388888889009,0.2,-1
1637,7019,7.169444444444565,0.2,-1
1638,7020,7.177500000000121,0.2,-1
1639,7021,7.185555555555677,0.2,-1
1640,7022,7.193611111111233,0.2,-1
1641,7023,7.201666666666789,0.2,-1
1642,7024,7.209722222222345,0.2,-1
1643,7025,7.217777777777901,0.2,-1
1644,7026,7.225833333333457,0.2,-1
1645,7027,7.2338888888890125,0.2,-1
1646,7028,7.241944444444568,0.2,-1
1647,7029,7.250000000000124,0.2,-1
1648,7030,7.25805555555568,0.2,-1
1649,7031,7.266111111111236,0.2,-1
1650,7032,7.274166666666792,0.2,-1
1651,7033,7.282222222222348,0.2,-1
1652,7034,7.290277777777904,0.2,-1
1653,7035,7.29833333333346,0.2,-1
1654,7036,7.29833333333346,0.225,13
1655,7037,7.29833333333346,0.225,13
1656,7038,7.29833333333346,0.225,13
1657,7039,7.29833333333346,0.225,13
1658,7040,7.29833333333346,0.225,13
1659,7041,7.29833333333346,0.225,13
1660,7042,7.29833333333346,0.225,13
1661,7043,7.29833333333346,0.225,13
1662,7044,7.29833333333346,0.225,13
1663,7045,7.306388888889016,0.225,-1
1664,7046,7.314444444444572,0.225,-1
1665,7047,7.322500000000128,0.225,-1
1666,7048,7.330555555555684,0.225,-1
1667,7049,7.3386111111112395,0.225,-1
1668,7050,7.3466666666667955,0.225,-1
1669,7051,7.354722222222351,0.225,-1
1670,7052,7.362777777777907,0.225,-1
1671,7053,7.370833333333463,0.225,-1
1672,7054,7.378888888889019,0.225,-1
1673,7055,7.386944444444575,0.225,-1
1674,7056,7.395000000000131,0.225,-1
1675,7057,7.403055555555687,0.225,-1
1676,7058,7.411111111111243,0.225,-1
1677,7059,7.419166666666799,0.225,-1
1678,7060,7.427222222222355,0.225,-1
1679,7061,7.435277777777911,0.225,-1
1680,7062,7.443333333333467,0.225,-1
1681,7063,7.4513888888890225,0.225,-1
1682,7064,7.459444444444578,0.225,-1
1683,7065,7.467500000000134,0.225,-1
1684,7066,7.47555555555569,0.225,-1
1685,7067,7.483611111111246,0.225,-1
1686,7068,7.491666666666802,0.225,-1
1687,7069,7.499722222222358,0.225,-1
1688,7070,7.507777777777914,0.225,-1
1689,7071,7.51583333333347,0.225,-1
1690,7072,7.523888888889026,0.225,-1
1691,7073,7.531944444444582,0.225,-1
1692,7074,7.540000000000138,0.225,-1
1693,7075,7.548055555555694,0.225,-1
1694,7076,7.55611111111125,0.225,-1
1695,7077,7.5641666666668055,0.225,-1
1696,7078,7.572222222222361,0.225,-1
1697,7079,7.580277777777917,0.225,-1
1698,7080,7.588333333333473,0.225,-1
1699,7081,7.596388888889029,0.225,-1
1700,7082,7.604444444444585,0.225,-1
1701,7083,7.612500000000141,0.225,-1
1702,7084,7.620555555555697,0.225,-1
1703,7085,7.628611111111253,0.225,-1
1704,7086,7.636666666666809,0.225,-1
1705,7087,7.644722222222365,0.225,-1
1706,7088,7.652777777777921,0.225,-1
1707,7089,7.660833333333477,0.225,-1
1708,7090,7.6688888888890325,0.225,-1
1709,7091,7.6769444444445885,0.225,-1
1710,7092,7.685000000000144,0.225,-1
1711,7093,7.6930555555557,0.225,-1
1712,7094,7.701111111111256,0.225,-1
1713,7095,7.709166666666812,0.225,-1
1714,7096,7.717222222222368,0.225,-1
1715,7097,7.725277777777924,0.225,-1
1716,7098,7.73333333333348,0.225,-1
1717,7099,7.741388888889036,0.225,-1
1718,7100,7.749444444444592,0.225,-1
1719,7101,7.757500000000148,0.225,-1
1720,7102,7.765555555555704,0.225,-1
1721,7103,7.77361111111126,0.225,-1
1722,7104,7.7816666666668155,0.225,-1
1723,7105,7.789722222222371,0.225,-1
1724,7106,7.797777777777927,0.225,-1
1725,7107,7.805833333333483,0.225,-1
1726,7108,7.813888888889039,0.225,-1
1727,7109,7.821944444444595,0.225,-1
1728,7110,7.830000000000151,0.225,-1
1729,7111,7.838055555555707,0.225,-1
1730,7112,7.846111111111263,0.225,-1
1731,7113,7.854166666666819,0.225,-1
1732,7114,7.862222222222375,0.225,-1
1733,7115,7.870277777777931,0.225,-1
1734,7116,7.878333333333487,0.225,-1
1735,7117,7.8863888888890425,0.225,-1
1736,7118,7.8944444444445985,0.225,-1
1737,7119,7.8944444444445985,0.2625,14
1738,7120,7.8944444444445985,0.2625,14
1739,7121,7.8944444444445985,0.2625,14
1740,7122,7.8944444444445985,0.2625,14
1741,7123,7.8944444444445985,0.2625,14
1742,7124,7.8944444444445985,0.2625,14
1743,7125,7.8944444444445985,0.2625,14
1744,7126,7.8944444444445985,0.2625,14
1745,7127,7.8944444444445985,0.2625,14
1746,7128,7.8944444444445985,0.2625,14
1747,7129,7.8944444444445985,0.2625,14
1748,7130,7.8944444444445985,0.2625,14
1749,7131,7.8944444444445985,0.2625,14
1750,7132,7.8944444444445985,0.2625,14
1751,7133,7.8944444444445985,0.2625,14
1752,7134,7.8944444444445985,0.2625,14
1753,7135,7.8944444444445985,0.2625,14
1754,7136,7.8944444444445985,0.2625,14
1755,7137,7.8944444444445985,0.2625,14
1756,7138,7.8944444444445985,0.2625,14
1757,7139,7.8944444444445985,0.2625,14
1758,7140,7.8944444444445985,0.2625,14
1759,7141,7.8944444444445985,0.2625,14
1760,7142,7.8944444444445985,0.2625,14
1761,7143,7.8944444444445985,0.2625,14
1762,7144,7.8944444444445985,0.2625,14
1763,7145,7.8944444444445985,0.2625,14
1764,7146,7.8944444444445985,0.2625,14
1765,7147,7.8944444444445985,0.2625,14
1766,7148,7.8944444444445985,0.2625,14
1767,7149,7.8944444444445985,0.2625,14
1768,7150,7.8944444444445985,0.2625,14
1769,7151,7.8944444444445985,0.2625,14
1770,7152,7.8944444444445985,0.2625,14
1771,7153,7.8944444444445985,0.2625,14
1772,7154,7.8944444444445985,0.2625,14
1773,7155,7.8944444444445985,0.2625,14
1774,7156,7.8944444444445985,0.2625,14
1775,7157,7.8944444444445985,0.2625,14
1776,7158,7.8944444444445985,0.2625,14
1777,7159,7.8944444444445985,0.2625,14
1778,7160,7.8944444444445985,0.2625,14
1779,7161,7.8944444444445985,0.2625,14
1780,7162,7.8944444444445985,0.2625,14
1781,7163,7.8944444444445985,0.2625,14
1782,7164,7.8944444444445985,0.2625,14
1783,7165,7.8944444444445985,0.2625,14
1784,7166,7.8944444444445985,0.2625,14
1785,7167,7.8944444444445985,0.2625,14
1786,7168,7.8944444444445985,0.2625,14
1787,7169,7.8944444444445985,0.2625,14
1788,7170,7.8944444444445985,0.2625,14
1789,7171,7.8944444444445985,0.2625,14
1790,7172,7.8944444444445985,0.2625,14
1791,7173,7.8944444444445985,0.2625,14
1792,7174,7.8944444444445985,0.2625,14
1793,7175,7.8944444444445985,0.2625,14
1794,7176,7.8944444444445985,0.2625,14
1795,7177,7.8944444444445985,0.2625,14
1796,7178,7.8944444444445985,0.2625,14
1797,7179,7.8944444444445985,0.2625,14
1798,7180,7.8944444444445985,0.2625,14
1799,7181,7.8944444444445985,0.2625,14
1800,7182,7.8944444444445985,0.2625,14
1801,7183,7.8944444444445985,0.2625,14
1802,7184,7.8944444444445985,0.2625,14
1803,7185,7.8944444444445985,0.2625,14
1804,7186,7.8944444444445985,0.2625,14
1805,7187,7.8944444444445985,0.2625,14
1806,7188,7.8944444444445985,0.2625,14
1807,7189,7.8944444444445985,0.2625,14
1808,7190,7.8944444444445985,0.2625,14
1809,7191,7.8944444444445985,0.2625,14
1810,7192,7.8944444444445985,0.2625,14
1811,7193,7.8944444444445985,0.2625,14
1812,7194,7.8944444444445985,0.2625,14
1813,7195,7.8944444444445985,0.2625,14
1814,7196,7.8944444444445985,0.2625,14
1815,7197,7.8944444444445985,0.2625,14
1816,7198,7.8944444444445985,0.2625,14
1817,7199,7.8944444444445985,0.2625,14
1818,7200,7.8944444444445985,0.2625,14
1819,7201,7.8944444444445985,0.2625,14
1820,7202,7.8944444444445985,0.2625,14
1821,7203,7.8944444444445985,0.2625,14
1822,7204,7.8944444444445985,0.2625,14
1823,7205,7.8944444444445985,0.2625,14
1824,7206,7.8944444444445985,0.2625,14
1825,7207,7.8944444444445985,0.2625,14
1826,7208,7.8944444444445985,0.2625,14
1827,7209,7.8944444444445985,0.2625,14
1828,7210,7.8944444444445985,0.2625,14
1829,7211,7.8944444444445985,0.2625,14
1830,7212,7.8944444444445985,0.2625,14
1831,7213,7.8944444444445985,0.2625,14
1832,7214,7.8944444444445985,0.2625,14
1833,7215,7.8944444444445985,0.2625,14
1834,7216,7.8944444444445985,0.2625,14
1835,7217,7.8944444444445985,0.2625,14
1836,7218,7.8944444444445985,0.2625,14
1837,7219,7.8944444444445985,0.2625,14
1838,7220,7.902500000000154,0.2625,-1
1839,7221,7.91055555555571,0.2625,-1
1840,7222,7.918611111111266,0.2625,-1
1841,7223,7.926666666666822,0.2625,-1
1842,7224,7.934722222222378,0.2625,-1
1843,7225,7.942777777777934,0.2625,-1
1844,7226,7.95083333333349,0.2625,-1
1845,7227,7.958888888889046,0.2625,-1
1846,7228,7.966944444444602,0.2625,-1
1847,7229,7.975000000000158,0.2625,-1
1848,7230,7.983055555555714,0.2625,-1
1849,7231,7.99111111111127,0.2625,-1
1850,7232,7.9991666666668255,0.2625,-1
1851,7233,8.007222222222381,0.2625,-1
1852,7234,8.015277777777937,0.2625,-1
1853,7235,8.023333333333493,0.2625,-1
1854,7236,8.03138888888905,0.2625,-1
1855,7237,8.039444444444605,0.2625,-1
1856,7238,8.047500000000161,0.2625,-1
1857,7239,8.055555555555717,0.2625,-1
1858,7240,8.063611111111273,0.2625,-1
1859,7241,8.071666666666829,0.2625,-1
1860,7242,8.079722222222385,0.2625,-1
1861,7243,8.08777777777794,0.2625,-1
1862,7244,8.095833333333497,0.2625,-1
1863,7245,8.103888888889053,0.2625,-1
1864,7246,8.111944444444608,0.2625,-1
1865,7247,8.120000000000164,0.2625,-1
1866,7248,8.12805555555572,0.2625,-1
1867,7249,8.136111111111276,0.2625,-1
1868,7250,8.144166666666832,0.2625,-1
1869,7251,8.152222222222388,0.2625,-1
1870,7252,8.160277777777944,0.2625,-1
1871,7253,8.1683333333335,0.2625,-1
1872,7254,8.176388888889056,0.2625,-1
1873,7255,8.184444444444612,0.2625,-1
1874,7256,8.192500000000168,0.2625,-1
1875,7257,8.200555555555724,0.2625,-1
1876,7258,8.20861111111128,0.2625,-1
1877,7259,8.216666666666836,0.2625,-1
1878,7260,8.224722222222391,0.2625,-1
1879,7261,8.232777777777947,0.2625,-1
1880,7262,8.240833333333503,0.2625,-1
1881,7263,8.24888888888906,0.2625,-1
1882,7264,8.256944444444615,0.2625,-1
1883,7265,8.265000000000171,0.2625,-1
1884,7266,8.273055555555727,0.2625,-1
1885,7267,8.273055555555727,0.3,15
1886,7268,8.273055555555727,0.3,15
1887,7269,8.273055555555727,0.3,15
1888,7270,8.273055555555727,0.3,15
1889,7271,8.273055555555727,0.3,15
1890,7272,8.273055555555727,0.3,15
1891,7273,8.273055555555727,0.3,15
1892,7274,8.273055555555727,0.3,15
1893,7275,8.273055555555727,0.3,15
1894,7276,8.273055555555727,0.3,15
1895,7277,8.273055555555727,0.3,15
1896,7278,8.273055555555727,0.3,15
1897,7279,8.273055555555727,0.3,15
1898,7280,8.273055555555727,0.3,15
1899,7281,8.273055555555727,0.3,15
1900,7282,8.273055555555727,0.3,15
1901,7283,8.273055555555727,0.3,15
1902,7284,8.273055555555727,0.3,15
1903,7285,8.273055555555727,0.3,15
1904,7286,8.273055555555727,0.3,15
1905,7287,8.273055555555727,0.3,15
1906,7288,8.273055555555727,0.3,15
1907,7289,8.273055555555727,0.3,15
1908,7290,8.273055555555727,0.3,15
1909,7291,8.273055555555727,0.3,15
1910,7292,8.273055555555727,0.3,15
1911,7293,8.273055555555727,0.3,15
1912,7294,8.273055555555727,0.3,15
1913,7295,8.273055555555727,0.3,15
1914,7296,8.273055555555727,0.3,15
1915,7297,8.273055555555727,0.3,15
1916,7298,8.273055555555727,0.3,15
1917,7299,8.273055555555727,0.3,15
1918,7300,8.273055555555727,0.3,15
1919,7301,8.273055555555727,0.3,15
1920,7302,8.273055555555727,0.3,15
1921,7303,8.273055555555727,0.3,15
1922,7304,8.273055555555727,0.3,15
1923,7305,8.273055555555727,0.3,15
1924,7306,8.273055555555727,0.3,15
1925,7307,8.273055555555727,0.3,15
1926,7308,8.273055555555727,0.3,15
1927,7309,8.273055555555727,0.3,15
1928,7310,8.273055555555727,0.3,15
1929,7311,8.273055555555727,0.3,15
1930,7312,8.273055555555727,0.3,15
1931,7313,8.273055555555727,0.3,15
1932,7314,8.273055555555727,0.3,15
1933,7315,8.273055555555727,0.3,15
1934,7316,8.273055555555727,0.3,15
1935,7317,8.273055555555727,0.3,15
1936,7318,8.273055555555727,0.3,15
1937,7319,8.273055555555727,0.3,15
1938,7320,8.273055555555727,0.3,15
1939,7321,8.273055555555727,0.3,15
1940,7322,8.273055555555727,0.3,15
1941,7323,8.273055555555727,0.3,15
1942,7324,8.273055555555727,0.3,15
1943,7325,8.273055555555727,0.3,15
1944,7326,8.273055555555727,0.3,15
1945,7327,8.273055555555727,0.3,15
1946,7328,8.273055555555727,0.3,15
1947,7329,8.273055555555727,0.3,15
1948,7330,8.273055555555727,0.3,15
1949,7331,8.273055555555727,0.3,15
1950,7332,8.273055555555727,0.3,15
1951,7333,8.273055555555727,0.3,15
1952,7334,8.273055555555727,0.3,15
1953,7335,8.273055555555727,0.3,15
1954,7336,8.273055555555727,0.3,15
1955,7337,8.273055555555727,0.3,15
1956,7338,8.273055555555727,0.3,15
1957,7339,8.273055555555727,0.3,15
1958,7340,8.273055555555727,0.3,15
1959,7341,8.273055555555727,0.3,15
1960,7342,8.273055555555727,0.3,15
1961,7343,8.273055555555727,0.3,15
1962,7344,8.273055555555727,0.3,15
1963,7345,8.273055555555727,0.3,15
1964,7346,8.273055555555727,0.3,15
1965,7347,8.273055555555727,0.3,15
1966,7348,8.273055555555727,0.3,15
1967,7349,8.273055555555727,0.3,15
1968,7350,8.273055555555727,0.3,15
1969,7351,8.273055555555727,0.3,15
1970,7352,8.273055555555727,0.3,15
1971,7353,8.273055555555727,0.3,15
1972,7354,8.273055555555727,0.3,15
1973,7355,8.273055555555727,0.3,15
1974,7356,8.273055555555727,0.3,15
1975,7357,8.273055555555727,0.3,15
1976,7358,8.273055555555727,0.3,15
1977,7359,8.273055555555727,0.3,15
1978,7360,8.273055555555727,0.3,15
1979,7361,8.273055555555727,0.3,15
1980,7362,8.273055555555727,0.3,15
1981,7363,8.273055555555727,0.3,15
1982,7364,8.273055555555727,0.3,15
1983,7365,8.273055555555727,0.3,15
1984,7366,8.273055555555727,0.3,15
1985,7367,8.273055555555727,0.3,15
1986,7368,8.273055555555727,0.3,15
1987,7369,8.273055555555727,0.3,15
1988,7370,8.273055555555727,0.3,15
1989,7371,8.273055555555727,0.3,15
1990,7372,8.273055555555727,0.3,15
1991,7373,8.273055555555727,0.3,15
1992,7374,8.273055555555727,0.3,15
1993,7375,8.273055555555727,0.3,15
1994,7376,8.273055555555727,0.3,15
1995,7377,8.273055555555727,0.3,15
1996,7378,8.273055555555727,0.3,15
1997,7379,8.281111111111283,0.3,-1
1998,7380,8.289166666666839,0.3,-1
1999,7381,8.297222222222395,0.3,-1
2000,7382,8.30527777777795,0.3,-1
2001,7383,8.313333333333507,0.3,-1
2002,7384,8.321388888889063,0.3,-1
2003,7385,8.329444444444619,0.3,-1
2004,7386,8.337500000000174,0.3,-1
2005,7387,8.34555555555573,0.3,-1
2006,7388,8.353611111111286,0.3,-1
2007,7389,8.361666666666842,0.3,-1
2008,7390,8.369722222222398,0.3,-1
2009,7391,8.377777777777954,0.3,-1
2010,7392,8.38583333333351,0.3,-1
2011,7393,8.393888888889066,0.3,-1
2012,7394,8.401944444444622,0.3,-1
2013,7395,8.410000000000178,0.3,-1
2014,7396,8.418055555555734,0.3,-1
2015,7397,8.42611111111129,0.3,-1
2016,7398,8.434166666666846,0.3,-1
2017,7399,8.442222222222401,0.3,-1
2018,7400,8.450277777777957,0.3,-1
2019,7401,8.458333333333513,0.3,-1
2020,7402,8.46638888888907,0.3,-1
2021,7403,8.474444444444625,0.3,-1
2022,7404,8.482500000000181,0.3,-1
2023,7405,8.490555555555737,0.3,-1
2024,7406,8.498611111111293,0.3,-1
2025,7407,8.506666666666849,0.3,-1
2026,7408,8.514722222222405,0.3,-1
2027,7409,8.52277777777796,0.3,-1
2028,7410,8.530833333333517,0.3,-1
2029,7411,8.538888888889073,0.3,-1
2030,7412,8.546944444444629,0.3,-1
2031,7413,8.555000000000184,0.3,-1
2032,7414,8.56305555555574,0.3,-1
2033,7415,8.571111111111296,0.3,-1
2034,7416,8.579166666666852,0.3,-1
2035,7417,8.587222222222408,0.3,-1
2036,7418,8.595277777777964,0.3,-1
2037,7419,8.60333333333352,0.3,-1
2038,7420,8.611388888889076,0.3,-1
2039,7421,8.619444444444632,0.3,-1
2040,7422,8.627500000000188,0.3,-1
2041,7423,8.635555555555744,0.3,-1
2042,7424,8.6436111111113,0.3,-1
2043,7425,8.651666666666856,0.3,-1
2044,7426,8.659722222222412,0.3,-1
2045,7427,8.667777777777967,0.3,-1
2046,7428,8.675833333333523,0.3,-1
2047,7429,8.68388888888908,0.3,-1
2048,7430,8.691944444444635,0.3,-1
2049,7431,8.700000000000191,0.3,-1
2050,7432,8.708055555555747,0.3,-1
2051,7433,8.716111111111303,0.3,-1
2052,7434,8.724166666666859,0.3,-1
2053,7435,8.732222222222415,0.3,-1
2054,7436,8.74027777777797,0.3,-1
2055,7437,8.748333333333527,0.3,-1
2056,7438,8.756388888889083,0.3,-1
2057,7439,8.764444444444639,0.3,-1
2058,7440,8.772500000000194,0.3,-1
2059,7441,8.78055555555575,0.3,-1
2060,7442,8.788611111111306,0.3,-1
2061,7443,8.796666666666862,0.3,-1
2062,7444,8.804722222222418,0.3,-1
2063,7445,8.812777777777974,0.3,-1
2064,7446,8.82083333333353,0.3,-1
2065,7447,8.828888888889086,0.3,-1
2066,7448,8.836944444444642,0.3,-1
2067,7449,8.845000000000198,0.3,-1
2068,7450,8.853055555555754,0.3,-1
2069,7451,8.86111111111131,0.3,-1
2070,7452,8.869166666666866,0.3,-1
2071,7453,8.877222222222422,0.3,-1
2072,7454,8.885277777777977,0.3,-1
2073,7455,8.885277777777977,0.3375,16
2074,7456,8.885277777777977,0.3375,16
2075,7457,8.885277777777977,0.3375,16
2076,7458,8.885277777777977,0.3375,16
2077,7459,8.885277777777977,0.3375,16
2078,7460,8.885277777777977,0.3375,16
2079,7461,8.885277777777977,0.3375,16
2080,7462,8.885277777777977,0.3375,16
2081,7463,8.885277777777977,0.3375,16
2082,7464,8.893333333333533,0.3375,-1
2083,7465,8.90138888888909,0.3375,-1
2084,7466,8.909444444444645,0.3375,-1
2085,7467,8.917500000000201,0.3375,-1
2086,7468,8.925555555555757,0.3375,-1
2087,7469,8.933611111111313,0.3375,-1
2088,7470,8.941666666666869,0.3375,-1
2089,7471,8.949722222222425,0.3375,-1
2090,7472,8.95777777777798,0.3375,-1
2091,7473,8.965833333333537,0.3375,-1
2092,7474,8.973888888889093,0.3375,-1
2093,7475,8.981944444444649,0.3375,-1
2094,7476,8.990000000000204,0.3375,-1
2095,7477,8.99805555555576,0.3375,-1
2096,7478,9.006111111111316,0.3375,-1
2097,7479,9.014166666666872,0.3375,-1
2098,7480,9.022222222222428,0.3375,-1
2099,7481,9.030277777777984,0.3375,-1
2100,7482,9.03833333333354,0.3375,-1
2101,7483,9.046388888889096,0.3375,-1
2102,7484,9.054444444444652,0.3375,-1
2103,7485,9.062500000000208,0.3375,-1
2104,7486,9.070555555555764,0.3375,-1
2105,7487,9.07861111111132,0.3375,-1
2106,7488,9.086666666666876,0.3375,-1
2107,7489,9.094722222222432,0.3375,-1
2108,7490,9.102777777777987,0.3375,-1
2109,7491,9.110833333333543,0.3375,-1
2110,7492,9.1188888888891,0.3375,-1
2111,7493,9.126944444444655,0.3375,-1
2112,7494,9.135000000000211,0.3375,-1
2113,7495,9.143055555555767,0.3375,-1
2114,7496,9.151111111111323,0.3375,-1
2115,7497,9.159166666666879,0.3375,-1
2116,7498,9.167222222222435,0.3375,-1
2117,7499,9.17527777777799,0.3375,-1
2118,7500,9.183333333333547,0.3375,-1
2119,7501,9.191388888889103,0.3375,-1
2120,7502,9.199444444444659,0.3375,-1
2121,7503,9.207500000000215,0.3375,-1
2122,7504,9.21555555555577,0.3375,-1
2123,7505,9.223611111111326,0.3375,-1
2124,7506,9.231666666666882,0.3375,-1
2125,7507,9.239722222222438,0.3375,-1
2126,7508,9.247777777777994,0.3375,-1
2127,7509,9.25583333333355,0.3375,-1
2128,7510,9.263888888889106,0.3375,-1
2129,7511,9.271944444444662,0.3375,-1
2130,7512,9.280000000000218,0.3375,-1
2131,7513,9.288055555555774,0.3375,-1
2132,7514,9.29611111111133,0.3375,-1
2133,7515,9.304166666666886,0.3375,-1
2134,7516,9.312222222222442,0.3375,-1
2135,7517,9.320277777777997,0.3375,-1
2136,7518,9.328333333333553,0.3375,-1
2137,7519,9.33638888888911,0.3375,-1
2138,7520,9.344444444444665,0.3375,-1
2139,7521,9.352500000000221,0.3375,-1
2140,7522,9.352500000000221,0.4,17
2141,7523,9.352500000000221,0.4,17
2142,7524,9.352500000000221,0.4,17
2143,7525,9.352500000000221,0.4,17
2144,7526,9.352500000000221,0.4,17
2145,7527,9.352500000000221,0.4,17
2146,7528,9.352500000000221,0.4,17
2147,7529,9.352500000000221,0.4,17
2148,7530,9.352500000000221,0.4,17
2149,7531,9.352500000000221,0.4,17
2150,7532,9.352500000000221,0.4,17
2151,7533,9.352500000000221,0.4,17
2152,7534,9.352500000000221,0.4,17
2153,7535,9.352500000000221,0.4,17
2154,7536,9.352500000000221,0.4,17
2155,7537,9.352500000000221,0.4,17
2156,7538,9.352500000000221,0.4,17
2157,7539,9.352500000000221,0.4,17
2158,7540,9.352500000000221,0.4,17
2159,7541,9.352500000000221,0.4,17
2160,7542,9.352500000000221,0.4,17
2161,7543,9.352500000000221,0.4,17
2162,7544,9.352500000000221,0.4,17
2163,7545,9.352500000000221,0.4,17
2164,7546,9.352500000000221,0.4,17
2165,7547,9.352500000000221,0.4,17
2166,7548,9.352500000000221,0.4,17
2167,7549,9.352500000000221,0.4,17
2168,7550,9.352500000000221,0.4,17
2169,7551,9.352500000000221,0.4,17
2170,7552,9.352500000000221,0.4,17
2171,7553,9.352500000000221,0.4,17
2172,7554,9.352500000000221,0.4,17
2173,7555,9.352500000000221,0.4,17
2174,7556,9.352500000000221,0.4,17
2175,7557,9.352500000000221,0.4,17
2176,7558,9.352500000000221,0.4,17
2177,7559,9.352500000000221,0.4,17
2178,7560,9.352500000000221,0.4,17
2179,7561,9.352500000000221,0.4,17
2180,7562,9.352500000000221,0.4,17
2181,7563,9.352500000000221,0.4,17
2182,7564,9.352500000000221,0.4,17
2183,7565,9.352500000000221,0.4,17
2184,7566,9.352500000000221,0.4,17
2185,7567,9.352500000000221,0.4,17
2186,7568,9.352500000000221,0.4,17
2187,7569,9.352500000000221,0.4,17
2188,7570,9.352500000000221,0.4,17
2189,7571,9.352500000000221,0.4,17
2190,7572,9.352500000000221,0.4,17
2191,7573,9.352500000000221,0.4,17
2192,7574,9.352500000000221,0.4,17
2193,7575,9.352500000000221,0.4,17
2194,7576,9.352500000000221,0.4,17
2195,7577,9.352500000000221,0.4,17
2196,7578,9.352500000000221,0.4,17
2197,7579,9.352500000000221,0.4,17
2198,7580,9.352500000000221,0.4,17
2199,7581,9.352500000000221,0.4,17
2200,7582,9.352500000000221,0.4,17
2201,7583,9.352500000000221,0.4,17
2202,7584,9.352500000000221,0.4,17
2203,7585,9.352500000000221,0.4,17
2204,7586,9.352500000000221,0.4,17
2205,7587,9.352500000000221,0.4,17
2206,7588,9.352500000000221,0.4,17
2207,7589,9.352500000000221,0.4,17
2208,7590,9.352500000000221,0.4,17
2209,7591,9.352500000000221,0.4,17
2210,7592,9.352500000000221,0.4,17
2211,7593,9.352500000000221,0.4,17
2212,7594,9.352500000000221,0.4,17
2213,7595,9.352500000000221,0.4,17
2214,7596,9.352500000000221,0.4,17
2215,7597,9.352500000000221,0.4,17
2216,7598,9.352500000000221,0.4,17
2217,7599,9.352500000000221,0.4,17
2218,7600,9.352500000000221,0.4,17
2219,7601,9.352500000000221,0.4,17
2220,7602,9.352500000000221,0.4,17
2221,7603,9.352500000000221,0.4,17
2222,7604,9.352500000000221,0.4,17
2223,7605,9.352500000000221,0.4,17
2224,7606,9.352500000000221,0.4,17
2225,7607,9.352500000000221,0.4,17
2226,7608,9.352500000000221,0.4,17
2227,7609,9.352500000000221,0.4,17
2228,7610,9.352500000000221,0.4,17
2229,7611,9.352500000000221,0.4,17
2230,7612,9.352500000000221,0.4,17
2231,7613,9.352500000000221,0.4,17
2232,7614,9.352500000000221,0.4,17
2233,7615,9.352500000000221,0.4,17
2234,7616,9.352500000000221,0.4,17
2235,7617,9.352500000000221,0.4,17
2236,7618,9.352500000000221,0.4,17
2237,7619,9.352500000000221,0.4,17
2238,7620,9.352500000000221,0.4,17
2239,7621,9.352500000000221,0.4,17
2240,7622,9.352500000000221,0.4,17
2241,7623,9.352500000000221,0.4,17
2242,7624,9.352500000000221,0.4,17
2243,7625,9.352500000000221,0.4,17
2244,7626,9.352500000000221,0.4,17
2245,7627,9.352500000000221,0.4,17
2246,7628,9.352500000000221,0.4,17
2247,7629,9.352500000000221,0.4,17
2248,7630,9.352500000000221,0.4,17
2249,7631,9.352500000000221,0.4,17
2250,7632,9.352500000000221,0.4,17
2251,7633,9.352500000000221,0.4,17
2252,7634,9.352500000000221,0.4,17
2253,7635,9.352500000000221,0.4,17
2254,7636,9.352500000000221,0.4,17
2255,7637,9.352500000000221,0.4,17
2256,7638,9.352500000000221,0.4,17
2257,7639,9.352500000000221,0.4,17
2258,7640,9.352500000000221,0.4,17
2259,7641,9.352500000000221,0.4,17
2260,7642,9.352500000000221,0.4,17
2261,7643,9.352500000000221,0.4,17
2262,7644,9.352500000000221,0.4,17
2263,7645,9.352500000000221,0.4,17
2264,7646,9.352500000000221,0.4,17
2265,7647,9.352500000000221,0.4,17
2266,7648,9.352500000000221,0.4,17
2267,7649,9.352500000000221,0.4,17
2268,7650,9.352500000000221,0.4,17
2269,7651,9.352500000000221,0.4,17
2270,7652,9.352500000000221,0.4,17
2271,7653,9.352500000000221,0.4,17
2272,7654,9.352500000000221,0.4,17
2273,7655,9.352500000000221,0.4,17
2274,7656,9.360555555555777,0.4,-1
2275,7657,9.368611111111333,0.4,-1
2276,7658,9.376666666666889,0.4,-1
2277,7659,9.384722222222445,0.4,-1
2278,7660,9.392777777778,0.4,-1
2279,7661,9.400833333333557,0.4,-1
2280,7662,9.408888888889113,0.4,-1
2281,7663,9.416944444444669,0.4,-1
2282,7664,9.425000000000225,0.4,-1
2283,7665,9.43305555555578,0.4,-1
2284,7666,9.441111111111336,0.4,-1
2285,7667,9.449166666666892,0.4,-1
2286,7668,9.457222222222448,0.4,-1
2287,7669,9.465277777778004,0.4,-1
2288,7670,9.47333333333356,0.4,-1
2289,7671,9.481388888889116,0.4,-1
2290,7672,9.489444444444672,0.4,-1
2291,7673,9.497500000000228,0.4,-1
2292,7674,9.505555555555784,0.4,-1
2293,7675,9.51361111111134,0.4,-1
2294,7676,9.521666666666896,0.4,-1
2295,7677,9.529722222222452,0.4,-1
2296,7678,9.537777777778008,0.4,-1
2297,7679,9.545833333333563,0.4,-1
2298,7680,9.55388888888912,0.4,-1
2299,7681,9.561944444444675,0.4,-1
2300,7682,9.570000000000231,0.4,-1
2301,7683,9.578055555555787,0.4,-1
2302,7684,9.586111111111343,0.4,-1
2303,7685,9.594166666666899,0.4,-1
2304,7686,9.602222222222455,0.4,-1
2305,7687,9.61027777777801,0.4,-1
2306,7688,9.618333333333567,0.4,-1
2307,7689,9.626388888889123,0.4,-1
2308,7690,9.634444444444679,0.4,-1
2309,7691,9.642500000000235,0.4,-1
2310,7692,9.65055555555579,0.4,-1
2311,7693,9.658611111111346,0.4,-1
2312,7694,9.666666666666902,0.4,-1
2313,7695,9.674722222222458,0.4,-1
2314,7696,9.682777777778014,0.4,-1
2315,7697,9.69083333333357,0.4,-1
2316,7698,9.698888888889126,0.4,-1
2317,7699,9.706944444444682,0.4,-1
2318,7700,9.715000000000238,0.4,-1
2319,7701,9.723055555555794,0.4,-1
2320,7702,9.73111111111135,0.4,-1
2321,7703,9.739166666666906,0.4,-1
2322,7704,9.747222222222462,0.4,-1
2323,7705,9.755277777778018,0.4,-1
2324,7706,9.763333333333573,0.4,-1
2325,7707,9.77138888888913,0.4,-1
2326,7708,9.779444444444685,0.4,-1
2327,7709,9.779444444444685,0.6,18
2328,7710,9.779444444444685,0.6,18
2329,7711,9.779444444444685,0.6,18
2330,7712,9.779444444444685,0.6,18
2331,7713,9.779444444444685,0.6,18
2332,7714,9.779444444444685,0.6,18
2333,7715,9.779444444444685,0.6,18
2334,7716,9.779444444444685,0.6,18
2335,7717,9.779444444444685,0.6,18
2336,7718,9.779444444444685,0.6,18
2337,7719,9.779444444444685,0.6,18
2338,7720,9.779444444444685,0.6,18
2339,7721,9.779444444444685,0.6,18
2340,7722,9.779444444444685,0.6,18
2341,7723,9.779444444444685,0.6,18
2342,7724,9.779444444444685,0.6,18
2343,7725,9.779444444444685,0.6,18
2344,7726,9.779444444444685,0.6,18
2345,7727,9.779444444444685,0.6,18
2346,7728,9.779444444444685,0.6,18
2347,7729,9.779444444444685,0.6,18
2348,7730,9.779444444444685,0.6,18
2349,7731,9.779444444444685,0.6,18
2350,7732,9.779444444444685,0.6,18
2351,7733,9.779444444444685,0.6,18
2352,7734,9.779444444444685,0.6,18
2353,7735,9.779444444444685,0.6,18
2354,7736,9.779444444444685,0.6,18
2355,7737,9.779444444444685,0.6,18
2356,7738,9.779444444444685,0.6,18
2357,7739,9.779444444444685,0.6,18
2358,7740,9.779444444444685,0.6,18
2359,7741,9.779444444444685,0.6,18
2360,7742,9.779444444444685,0.6,18
2361,7743,9.779444444444685,0.6,18
2362,7744,9.779444444444685,0.6,18
2363,7745,9.779444444444685,0.6,18
2364,7746,9.779444444444685,0.6,18
2365,7747,9.779444444444685,0.6,18
2366,7748,9.779444444444685,0.6,18
2367,7749,9.779444444444685,0.6,18
2368,7750,9.779444444444685,0.6,18
2369,7751,9.779444444444685,0.6,18
2370,7752,9.779444444444685,0.6,18
2371,7753,9.779444444444685,0.6,18
2372,7754,9.779444444444685,0.6,18
2373,7755,9.779444444444685,0.6,18
2374,7756,9.779444444444685,0.6,18
2375,7757,9.779444444444685,0.6,18
2376,7758,9.779444444444685,0.6,18
2377,7759,9.779444444444685,0.6,18
2378,7760,9.779444444444685,0.6,18
2379,7761,9.779444444444685,0.6,18
2380,7762,9.779444444444685,0.6,18
2381,7763,9.779444444444685,0.6,18
2382,7764,9.779444444444685,0.6,18
2383,7765,9.779444444444685,0.6,18
2384,7766,9.779444444444685,0.6,18
2385,7767,9.779444444444685,0.6,18
2386,7768,9.779444444444685,0.6,18
2387,7769,9.779444444444685,0.6,18
2388,7770,9.779444444444685,0.6,18
2389,7771,9.779444444444685,0.6,18
2390,7772,9.779444444444685,0.6,18
2391,7773,9.779444444444685,0.6,18
2392,7774,9.779444444444685,0.6,18
2393,7775,9.779444444444685,0.6,18
2394,7776,9.779444444444685,0.6,18
2395,7777,9.779444444444685,0.6,18
2396,7778,9.779444444444685,0.6,18
2397,7779,9.779444444444685,0.6,18
2398,7780,9.779444444444685,0.6,18
2399,7781,9.779444444444685,0.6,18
2400,7782,9.779444444444685,0.6,18
2401,7783,9.779444444444685,0.6,18
2402,7784,9.779444444444685,0.6,18
2403,7785,9.779444444444685,0.6,18
2404,7786,9.779444444444685,0.6,18
2405,7787,9.779444444444685,0.6,18
2406,7788,9.779444444444685,0.6,18
2407,7789,9.779444444444685,0.6,18
2408,7790,9.779444444444685,0.6,18
2409,7791,9.779444444444685,0.6,18
2410,7792,9.779444444444685,0.6,18
2411,7793,9.779444444444685,0.6,18
2412,7794,9.779444444444685,0.6,18
2413,7795,9.779444444444685,0.6,18
2414,7796,9.779444444444685,0.6,18
2415,7797,9.779444444444685,0.6,18
2416,7798,9.779444444444685,0.6,18
2417,7799,9.779444444444685,0.6,18
2418,7800,9.779444444444685,0.6,18
2419,7801,9.779444444444685,0.6,18
2420,7802,9.779444444444685,0.6,18
2421,7803,9.779444444444685,0.6,18
2422,7804,9.779444444444685,0.6,18
2423,7805,9.779444444444685,0.6,18
2424,7806,9.779444444444685,0.6,18
2425,7807,9.779444444444685,0.6,18
2426,7808,9.779444444444685,0.6,18
2427,7809,9.779444444444685,0.6,18
2428,7810,9.779444444444685,0.6,18
2429,7811,9.779444444444685,0.6,18
2430,7812,9.779444444444685,0.6,18
2431,7813,9.779444444444685,0.6,18
2432,7814,9.779444444444685,0.6,18
2433,7815,9.779444444444685,0.6,18
2434,7816,9.779444444444685,0.6,18
2435,7817,9.779444444444685,0.6,18
2436,7818,9.779444444444685,0.6,18
2437,7819,9.779444444444685,0.6,18
2438,7820,9.779444444444685,0.6,18
2439,7821,9.779444444444685,0.6,18
2440,7822,9.779444444444685,0.6,18
2441,7823,9.779444444444685,0.6,18
2442,7824,9.779444444444685,0.6,18
2443,7825,9.779444444444685,0.6,18
2444,7826,9.779444444444685,0.6,18
2445,7827,9.779444444444685,0.6,18
2446,7828,9.787500000000241,0.6,-1
2447,7829,9.795555555555797,0.6,-1
2448,7830,9.803611111111353,0.6,-1
2449,7831,9.811666666666909,0.6,-1
2450,7832,9.819722222222465,0.6,-1
2451,7833,9.82777777777802,0.6,-1
2452,7834,9.835833333333577,0.6,-1
2453,7835,9.843888888889133,0.6,-1
2454,7836,9.851944444444689,0.6,-1
2455,7837,9.860000000000245,0.6,-1
2456,7838,9.8680555555558,0.6,-1
2457,7839,9.876111111111356,0.6,-1
2458,7840,9.884166666666912,0.6,-1
2459,7841,9.892222222222468,0.6,-1
2460,7842,9.900277777778024,0.6,-1
2461,7843,9.90833333333358,0.6,-1
2462,7844,9.916388888889136,0.6,-1
2463,7845,9.924444444444692,0.6,-1
2464,7846,9.932500000000248,0.6,-1
2465,7847,9.940555555555804,0.6,-1
2466,7848,9.94861111111136,0.6,-1
2467,7849,9.956666666666916,0.6,-1
2468,7850,9.964722222222472,0.6,-1
2469,7851,9.972777777778028,0.6,-1
2470,7852,9.980833333333583,0.6,-1
2471,7853,9.98888888888914,0.6,-1
2472,7854,9.996944444444695,0.6,-1
2473,7855,10.005000000000251,0.6,-1
2474,7856,10.013055555555807,0.6,-1
2475,7857,10.021111111111363,0.6,-1
2476,7858,10.029166666666919,0.6,-1
2477,7859,10.037222222222475,0.6,-1
2478,7860,10.04527777777803,0.6,-1
2479,7861,10.053333333333587,0.6,-1
2480,7862,10.061388888889143,0.6,-1
2481,7863,10.069444444444699,0.6,-1
2482,7864,10.077500000000255,0.6,-1
2483,7865,10.08555555555581,0.6,-1
2484,7866,10.093611111111366,0.6,-1
2485,7867,10.101666666666922,0.6,-1
2486,7868,10.109722222222478,0.6,-1
2487,7869,10.117777777778034,0.6,-1
2488,7870,10.12583333333359,0.6,-1
2489,7871,10.133888888889146,0.6,-1
2490,7872,10.141944444444702,0.6,-1
2491,7873,10.150000000000258,0.6,-1
2492,7874,10.158055555555814,0.6,-1
2493,7875,10.16611111111137,0.6,-1
2494,7876,10.16611111111137,0.725,19
2495,7877,10.16611111111137,0.725,19
2496,7878,10.16611111111137,0.725,19
2497,7879,10.16611111111137,0.725,19
2498,7880,10.16611111111137,0.725,19
2499,7881,10.16611111111137,0.725,19
2500,7882,10.16611111111137,0.725,19
2501,7883,10.16611111111137,0.725,19
2502,7884,10.16611111111137,0.725,19
2503,7885,10.16611111111137,0.725,19
2504,7886,10.16611111111137,0.725,19
2505,7887,10.16611111111137,0.725,19
2506,7888,10.16611111111137,0.725,19
2507,7889,10.16611111111137,0.725,19
2508,7890,10.16611111111137,0.725,19
2509,7891,10.16611111111137,0.725,19
2510,7892,10.16611111111137,0.725,19
2511,7893,10.16611111111137,0.725,19
2512,7894,10.16611111111137,0.725,19
2513,7895,10.16611111111137,0.725,19
2514,7896,10.16611111111137,0.725,19
2515,7897,10.16611111111137,0.725,19
2516,7898,10.16611111111137,0.725,19
2517,7899,10.16611111111137,0.725,19
2518,7900,10.16611111111137,0.725,19
2519,7901,10.16611111111137,0.725,19
2520,7902,10.16611111111137,0.725,19
2521,7903,10.16611111111137,0.725,19
2522,7904,10.16611111111137,0.725,19
2523,7905,10.16611111111137,0.725,19
2524,7906,10.16611111111137,0.725,19
2525,7907,10.16611111111137,0.725,19
2526,7908,10.16611111111137,0.725,19
2527,7909,10.16611111111137,0.725,19
2528,7910,10.16611111111137,0.725,19
2529,7911,10.16611111111137,0.725,19
2530,7912,10.16611111111137,0.725,19
2531,7913,10.16611111111137,0.725,19
2532,7914,10.16611111111137,0.725,19
2533,7915,10.16611111111137,0.725,19
2534,7916,10.16611111111137,0.725,19
2535,7917,10.16611111111137,0.725,19
2536,7918,10.174166666666926,0.725,-1
2537,7919,10.182222222222482,0.725,-1
2538,7920,10.190277777778038,0.725,-1
2539,7921,10.198333333333593,0.725,-1
2540,7922,10.20638888888915,0.725,-1
2541,7923,10.214444444444705,0.725,-1
2542,7924,10.222500000000261,0.725,-1
2543,7925,10.230555555555817,0.725,-1
2544,7926,10.238611111111373,0.725,-1
2545,7927,10.246666666666929,0.725,-1
2546,7928,10.254722222222485,0.725,-1
2547,7929,10.262777777778041,0.725,-1
2548,7930,10.270833333333597,0.725,-1
2549,7931,10.278888888889153,0.725,-1
2550,7932,10.286944444444709,0.725,-1
2551,7933,10.295000000000265,0.725,-1
2552,7934,10.30305555555582,0.725,-1
2553,7935,10.311111111111376,0.725,-1
2554,7936,10.319166666666932,0.725,-1
2555,7937,10.327222222222488,0.725,-1
2556,7938,10.335277777778044,0.725,-1
2557,7939,10.3433333333336,0.725,-1
2558,7940,10.351388888889156,0.725,-1
2559,7941,10.359444444444712,0.725,-1
2560,7942,10.367500000000268,0.725,-1
2561,7943,10.375555555555824,0.725,-1
2562,7944,10.38361111111138,0.725,-1
2563,7945,10.391666666666936,0.725,-1
2564,7946,10.399722222222492,0.725,-1
2565,7947,10.407777777778048,0.725,-1
2566,7948,10.415833333333604,0.725,-1
2567,7949,10.42388888888916,0.725,-1
2568,7950,10.431944444444715,0.725,-1
2569,7951,10.440000000000271,0.725,-1
2570,7952,10.448055555555827,0.725,-1
2571,7953,10.456111111111383,0.725,-1
2572,7954,10.464166666666939,0.725,-1
2573,7955,10.472222222222495,0.725,-1
2574,7956,10.480277777778051,0.725,-1
2575,7957,10.488333333333607,0.725,-1
2576,7958,10.496388888889163,0.725,-1
2577,7959,10.504444444444719,0.725,-1
2578,7960,10.512500000000275,0.725,-1
2579,7961,10.52055555555583,0.725,-1
2580,7962,10.528611111111386,0.725,-1
2581,7963,10.536666666666942,0.725,-1
2582,7964,10.544722222222498,0.725,-1
2583,7965,10.552777777778054,0.725,-1
2584,7966,10.56083333333361,0.725,-1
2585,7967,10.568888888889166,0.725,-1
2586,7968,10.576944444444722,0.725,-1
2587,7969,10.585000000000278,0.725,-1
2588,7970,10.593055555555834,0.725,-1
2589,7971,10.60111111111139,0.725,-1
2590,7972,10.609166666666946,0.725,-1
2591,7973,10.617222222222502,0.725,-1
2592,7974,10.625277777778058,0.725,-1
2593,7975,10.633333333333614,0.725,-1
2594,7976,10.64138888888917,0.725,-1
2595,7977,10.649444444444725,0.725,-1
2596,7978,10.657500000000281,0.725,-1
2597,7979,10.665555555555837,0.725,-1
2598,7980,10.673611111111393,0.725,-1
2599,7981,10.681666666666949,0.725,-1
2600,7982,10.689722222222505,0.725,-1
2601,7983,10.697777777778061,0.725,-1
2602,7984,10.705833333333617,0.725,-1
2603,7985,10.713888888889173,0.725,-1
2604,7986,10.721944444444729,0.725,-1
2605,7987,10.730000000000285,0.725,-1
2606,7988,10.73805555555584,0.725,-1
2607,7989,10.746111111111396,0.725,-1
2608,7990,10.754166666666952,0.725,-1
2609,7991,10.762222222222508,0.725,-1
2610,7992,10.770277777778064,0.725,-1
2611,7993,10.77833333333362,0.725,-1
2612,7994,10.786388888889176,0.725,-1
2613,7995,10.794444444444732,0.725,-1
2614,7996,10.802500000000288,0.725,-1
2615,7997,10.810555555555844,0.725,-1
2616,7998,10.8186111111114,0.725,-1
2617,7999,10.826666666666956,0.725,-1
2618,8000,10.834722222222512,0.725,-1
2619,8001,10.842777777778068,0.725,-1
2620,8002,10.842777777778068,0.8125,20
2621,8003,10.842777777778068,0.8125,20
2622,8004,10.842777777778068,0.8125,20
2623,8005,10.842777777778068,0.8125,20
2624,8006,10.842777777778068,0.8125,20
2625,8007,10.842777777778068,0.8125,20
2626,8008,10.842777777778068,0.8125,20
2627,8009,10.842777777778068,0.8125,20
2628,8010,10.842777777778068,0.8125,20
2629,8011,10.842777777778068,0.8125,20
2630,8012,10.842777777778068,0.8125,20
2631,8013,10.842777777778068,0.8125,20
2632,8014,10.842777777778068,0.8125,20
2633,8015,10.842777777778068,0.8125,20
2634,8016,10.842777777778068,0.8125,20
2635,8017,10.842777777778068,0.8125,20
2636,8018,10.842777777778068,0.8125,20
2637,8019,10.842777777778068,0.8125,20
2638,8020,10.842777777778068,0.8125,20
2639,8021,10.842777777778068,0.8125,20
2640,8022,10.842777777778068,0.8125,20
2641,8023,10.850833333333624,0.8125,-1
2642,8024,10.85888888888918,0.8125,-1
2643,8025,10.866944444444735,0.8125,-1
2644,8026,10.875000000000291,0.8125,-1
2645,8027,10.883055555555847,0.8125,-1
2646,8028,10.891111111111403,0.8125,-1
2647,8029,10.899166666666959,0.8125,-1
2648,8030,10.907222222222515,0.8125,-1
2649,8031,10.915277777778071,0.8125,-1
2650,8032,10.923333333333627,0.8125,-1
2651,8033,10.931388888889183,0.8125,-1
2652,8034,10.939444444444739,0.8125,-1
2653,8035,10.947500000000295,0.8125,-1
2654,8036,10.95555555555585,0.8125,-1
2655,8037,10.963611111111407,0.8125,-1
2656,8038,10.971666666666962,0.8125,-1
2657,8039,10.979722222222518,0.8125,-1
2658,8040,10.987777777778074,0.8125,-1
2659,8041,10.99583333333363,0.8125,-1
2660,8042,11.003888888889186,0.8125,-1
2661,8043,11.011944444444742,0.8125,-1
2662,8044,11.020000000000298,0.8125,-1
2663,8045,11.028055555555854,0.8125,-1
2664,8046,11.03611111111141,0.8125,-1
2665,8047,11.044166666666966,0.8125,-1
2666,8048,11.052222222222522,0.8125,-1
2667,8049,11.060277777778078,0.8125,-1
2668,8050,11.068333333333634,0.8125,-1
2669,8051,11.07638888888919,0.8125,-1
2670,8052,11.084444444444745,0.8125,-1
2671,8053,11.092500000000301,0.8125,-1
2672,8054,11.100555555555857,0.8125,-1
2673,8055,11.108611111111413,0.8125,-1
2674,8056,11.11666666666697,0.8125,-1
2675,8057,11.124722222222525,0.8125,-1
2676,8058,11.132777777778081,0.8125,-1
2677,8059,11.140833333333637,0.8125,-1
2678,8060,11.148888888889193,0.8125,-1
2679,8061,11.156944444444749,0.8125,-1
2680,8062,11.165000000000305,0.8125,-1
2681,8063,11.17305555555586,0.8125,-1
2682,8064,11.181111111111417,0.8125,-1
2683,8065,11.189166666666972,0.8125,-1
2684,8066,11.197222222222528,0.8125,-1
2685,8067,11.205277777778084,0.8125,-1
2686,8068,11.21333333333364,0.8125,-1
2687,8069,11.221388888889196,0.8125,-1
2688,8070,11.229444444444752,0.8125,-1
2689,8071,11.237500000000308,0.8125,-1
2690,8072,11.245555555555864,0.8125,-1
2691,8073,11.25361111111142,0.8125,-1
2692,8074,11.261666666666976,0.8125,-1
2693,8075,11.269722222222532,0.8125,-1
2694,8076,11.277777777778088,0.8125,-1
2695,8077,11.285833333333644,0.8125,-1
2696,8078,11.2938888888892,0.8125,-1
2697,8079,11.301944444444755,0.8125,-1
2698,8080,11.310000000000311,0.8125,-1
2699,8081,11.318055555555867,0.8125,-1
2700,8082,11.326111111111423,0.8125,-1
2701,8083,11.33416666666698,0.8125,-1
2702,8084,11.342222222222535,0.8125,-1
2703,8085,11.350277777778091,0.8125,-1
2704,8086,11.358333333333647,0.8125,-1
2705,8087,11.366388888889203,0.8125,-1
2706,8088,11.374444444444759,0.8125,-1
2707,8089,11.382500000000315,0.8125,-1
2708,8090,11.39055555555587,0.8125,-1
2709,8091,11.398611111111427,0.8125,-1
2710,8092,11.406666666666982,0.8125,-1
2711,8093,11.414722222222538,0.8125,-1
2712,8094,11.422777777778094,0.8125,-1
2713,8095,11.43083333333365,0.8125,-1
2714,8096,11.438888888889206,0.8125,-1
2715,8097,11.446944444444762,0.8125,-1
2716,8098,11.455000000000318,0.8125,-1
2717,8099,11.463055555555874,0.8125,-1
2718,8100,11.47111111111143,0.8125,-1
2719,8101,11.479166666666986,0.8125,-1
2720,8102,11.487222222222542,0.8125,-1
2721,8103,11.495277777778098,0.8125,-1
2722,8104,11.495277777778098,1.0,21
2723,8105,11.495277777778098,1.0,21
2724,8106,11.495277777778098,1.0,21
2725,8107,11.495277777778098,1.0,21
2726,8108,11.495277777778098,1.0,21
2727,8109,11.495277777778098,1.0,21
2728,8110,11.495277777778098,1.0,21
2729,8111,11.495277777778098,1.0,21
2730,8112,11.495277777778098,1.0,21
2731,8113,11.495277777778098,1.0,21
2732,8114,11.495277777778098,1.0,21
2733,8115,11.495277777778098,1.0,21
2734,8116,11.495277777778098,1.0,21
2735,8117,11.495277777778098,1.0,21
2736,8118,11.495277777778098,1.0,21
2737,8119,11.495277777778098,1.0,21
2738,8120,11.495277777778098,1.0,21
2739,8121,11.495277777778098,1.0,21
2740,8122,11.495277777778098,1.0,21
2741,8123,11.495277777778098,1.0,21
2742,8124,11.495277777778098,1.0,21
2743,8125,11.495277777778098,1.0,21
2744,8126,11.495277777778098,1.0,21
2745,8127,11.495277777778098,1.0,21
2746,8128,11.495277777778098,1.0,21
2747,8129,11.495277777778098,1.0,21
2748,8130,11.495277777778098,1.0,21
2749,8131,11.495277777778098,1.0,21
2750,8132,11.495277777778098,1.0,21
2751,8133,11.495277777778098,1.0,21
2752,8134,11.495277777778098,1.0,21
2753,8135,11.495277777778098,1.0,21
2754,8136,11.495277777778098,1.0,21
2755,8137,11.495277777778098,1.0,21
2756,8138,11.495277777778098,1.0,21
2757,8139,11.495277777778098,1.0,21
2758,8140,11.495277777778098,1.0,21
2759,8141,11.495277777778098,1.0,21
2760,8142,11.495277777778098,1.0,21
2761,8143,11.495277777778098,1.0,21
2762,8144,11.495277777778098,1.0,21
2763,8145,11.495277777778098,1.0,21
2764,8146,11.495277777778098,1.0,21
2765,8147,11.495277777778098,1.0,21
2766,8148,11.495277777778098,1.0,21
2767,8149,11.495277777778098,1.0,21
2768,8150,11.495277777778098,1.0,21
2769,8151,11.495277777778098,1.0,21
2770,8152,11.495277777778098,1.0,21
2771,8153,11.495277777778098,1.0,21
2772,8154,11.495277777778098,1.0,21
2773,8155,11.495277777778098,1.0,21
2774,8156,11.495277777778098,1.0,21
2775,8157,11.495277777778098,1.0,21
2776,8158,11.495277777778098,1.0,21
2777,8159,11.495277777778098,1.0,21
2778,8160,11.495277777778098,1.0,21
2779,8161,11.495277777778098,1.0,21
2780,8162,11.495277777778098,1.0,21
2781,8163,11.495277777778098,1.0,21
2782,8164,11.495277777778098,1.0,21
2783,8165,11.495277777778098,1.0,21
2784,8166,11.495277777778098,1.0,21
2785,8167,11.495277777778098,1.0,21
2786,8168,11.495277777778098,1.0,21
2787,8169,11.495277777778098,1.0,21
2788,8170,11.495277777778098,1.0,21
2789,8171,11.495277777778098,1.0,21
2790,8172,11.495277777778098,1.0,21
2791,8173,11.495277777778098,1.0,21
2792,8174,11.495277777778098,1.0,21
2793,8175,11.495277777778098,1.0,21
2794,8176,11.495277777778098,1.0,21
2795,8177,11.495277777778098,1.0,21
2796,8178,11.495277777778098,1.0,21
2797,8179,11.495277777778098,1.0,21
2798,8180,11.495277777778098,1.0,21
2799,8181,11.495277777778098,1.0,21
2800,8182,11.495277777778098,1.0,21
2801,8183,11.495277777778098,1.0,21
2802,8184,11.495277777778098,1.0,21
2803,8185,11.495277777778098,1.0,21
2804,8186,11.495277777778098,1.0,21
2805,8187,11.495277777778098,1.0,21
2806,8188,11.495277777778098,1.0,21
2807,8189,11.495277777778098,1.0,21
2808,8190,11.495277777778098,1.0,21
2809,8191,11.495277777778098,1.0,21
2810,8192,11.495277777778098,1.0,21
2811,8193,11.495277777778098,1.0,21
2812,8194,11.495277777778098,1.0,21
2813,8195,11.495277777778098,1.0,21
2814,8196,11.495277777778098,1.0,21
2815,8197,11.495277777778098,1.0,21
2816,8198,11.495277777778098,1.0,21
2817,8199,11.495277777778098,1.0,21
2818,8200,11.495277777778098,1.0,21
2819,8201,11.495277777778098,1.0,21
2820,8202,11.495277777778098,1.0,21
2821,8203,11.495277777778098,1.0,21
2822,8204,11.495277777778098,1.0,21
2823,8205,11.495277777778098,1.0,21
2824,8206,11.495277777778098,1.0,21
2825,8207,11.495277777778098,1.0,21
2826,8208,11.503333333333654,1.0,-1
2827,8209,11.51138888888921,1.0,-1
2828,8210,11.519444444444765,1.0,-1
2829,8211,11.527500000000321,1.0,-1
2830,8212,11.535555555555877,1.0,-1
2831,8213,11.543611111111433,1.0,-1
2832,8214,11.55166666666699,1.0,-1
2833,8215,11.559722222222545,1.0,-1
2834,8216,11.567777777778101,1.0,-1
2835,8217,11.575833333333657,1.0,-1
2836,8218,11.583888888889213,1.0,-1
2837,8219,11.591944444444769,1.0,-1
2838,8220,11.600000000000325,1.0,-1
2839,8221,11.60805555555588,1.0,-1
2840,8222,11.616111111111437,1.0,-1
2841,8223,11.624166666666992,1.0,-1
2842,8224,11.632222222222548,1.0,-1
2843,8225,11.640277777778104,1.0,-1
2844,8226,11.64833333333366,1.0,-1
2845,8227,11.656388888889216,1.0,-1
2846,8228,11.664444444444772,1.0,-1
2847,8229,11.672500000000328,1.0,-1
2848,8230,11.680555555555884,1.0,-1
2849,8231,11.68861111111144,1.0,-1
2850,8232,11.696666666666996,1.0,-1
2851,8233,11.704722222222552,1.0,-1
2852,8234,11.712777777778108,1.0,-1
2853,8235,11.720833333333664,1.0,-1
2854,8236,11.72888888888922,1.0,-1
2855,8237,11.736944444444775,1.0,-1
2856,8238,11.745000000000331,1.0,-1
2857,8239,11.753055555555887,1.0,-1
2858,8240,11.761111111111443,1.0,-1
2859,8241,11.769166666667,1.0,-1
2860,8242,11.777222222222555,1.0,-1
2861,8243,11.785277777778111,1.0,-1
2862,8244,11.793333333333667,1.0,-1
2863,8245,11.801388888889223,1.0,-1
2864,8246,11.809444444444779,1.0,-1
2865,8247,11.817500000000335,1.0,-1
2866,8248,11.82555555555589,1.0,-1
2867,8249,11.833611111111447,1.0,-1
2868,8250,11.841666666667003,1.0,-1
2869,8251,11.849722222222558,1.0,-1
2870,8252,11.857777777778114,1.0,-1
2871,8253,11.86583333333367,1.0,-1
2872,8254,11.873888888889226,1.0,-1
2873,8255,11.881944444444782,1.0,-1
2874,8256,11.890000000000338,1.0,-1
2875,8257,11.898055555555894,1.0,-1
2876,8258,11.90611111111145,1.0,-1
2877,8259,11.914166666667006,1.0,-1
2878,8260,11.922222222222562,1.0,-1
2879,8261,11.930277777778118,1.0,-1
2880,8262,11.938333333333674,1.0,-1
2881,8263,11.94638888888923,1.0,-1
2882,8264,11.954444444444785,1.0,-1
2883,8265,11.962500000000341,1.0,-1
2884,8266,11.970555555555897,1.0,-1
2885,8267,11.978611111111453,1.0,-1
2886,8268,11.98666666666701,1.0,-1
2887,8269,11.994722222222565,1.0,-1
2888,8270,12.002777777778121,1.0,-1
2889,8271,12.010833333333677,1.0,-1
2890,8272,12.018888888889233,1.0,-1
2891,8273,12.026944444444789,1.0,-1
2892,8274,12.035000000000345,1.0,-1
2893,8275,12.0430555555559,1.0,-1
2894,8276,12.051111111111457,1.0,-1
2895,8277,12.059166666667013,1.0,-1
2896,8278,12.067222222222568,1.0,-1
2897,8279,12.075277777778124,1.0,-1
2898,8280,12.08333333333368,1.0,-1
2899,8281,12.091388888889236,1.0,-1
2900,8282,12.099444444444792,1.0,-1
2901,8283,12.107500000000348,1.0,-1
2902,8284,12.115555555555904,1.0,-1
2903,8285,12.12361111111146,1.0,-1
2904,8286,12.131666666667016,1.0,-1
2905,8287,12.139722222222572,1.0,-1
2906,8288,12.147777777778128,1.0,-1
2907,8289,12.155833333333684,1.0,-1
2908,8290,12.16388888888924,1.0,-1
2909,8291,12.171944444444796,1.0,-1
2910,8292,12.180000000000351,1.0,-1
2911,8293,12.188055555555907,1.0,-1
2912,8294,12.196111111111463,1.0,-1
2913,8295,12.20416666666702,1.0,-1
2914,8296,12.212222222222575,1.0,-1
2915,8297,12.220277777778131,1.0,-1
2916,8298,12.228333333333687,1.0,-1
2917,8299,12.236388888889243,1.0,-1
2918,8300,12.244444444444799,1.0,-1
2919,8301,12.252500000000355,1.0,-1
2920,8302,12.26055555555591,1.0,-1
2921,8303,12.268611111111467,1.0,-1
2922,8304,12.276666666667023,1.0,-1
2923,8305,12.284722222222578,1.0,-1
2924,8306,12.284722222222578,1.0,22
2925,8307,12.284722222222578,1.0,22
2926,8308,12.284722222222578,1.0,22
2927,8309,12.284722222222578,1.0,22
2928,8310,12.284722222222578,1.0,22
2929,8311,12.284722222222578,1.0,22
2930,8312,12.292777777778134,1.0,-1
2931,8313,12.30083333333369,1.0,-1
2932,8314,12.308888888889246,1.0,-1
2933,8315,12.316944444444802,1.0,-1
2934,8316,12.325000000000358,1.0,-1
2935,8317,12.333055555555914,1.0,-1
2936,8318,12.34111111111147,1.0,-1
2937,8319,12.349166666667026,1.0,-1
2938,8320,12.357222222222582,1.0,-1
2939,8321,12.365277777778138,1.0,-1
2940,8322,12.373333333333694,1.0,-1
2941,8323,12.38138888888925,1.0,-1
2942,8324,12.389444444444806,1.0,-1
2943,8325,12.397500000000361,1.0,-1
2944,8326,12.405555555555917,1.0,-1
2945,8327,12.413611111111473,1.0,-1
2946,8328,12.42166666666703,1.0,-1
2947,8329,12.429722222222585,1.0,-1
2948,8330,12.437777777778141,1.0,-1
2949,8331,12.445833333333697,1.0,-1
2950,8332,12.453888888889253,1.0,-1
2951,8333,12.461944444444809,1.0,-1
2952,8334,12.470000000000365,1.0,-1
2953,8335,12.47805555555592,1.0,-1
2954,8336,12.486111111111477,1.0,-1
2955,8337,12.494166666667033,1.0,-1
2956,8338,12.502222222222588,1.0,-1
2957,8339,12.510277777778144,1.0,-1
2958,8340,12.5183333333337,1.0,-1
2959,8341,12.526388888889256,1.0,-1
2960,8342,12.534444444444812,1.0,-1
2961,8343,12.542500000000368,1.0,-1
2962,8344,12.550555555555924,1.0,-1
2963,8345,12.55861111111148,1.0,-1
2964,8346,12.566666666667036,1.0,-1
2965,8347,12.574722222222592,1.0,-1
2966,8348,12.582777777778148,1.0,-1
2967,8349,12.590833333333704,1.0,-1
2968,8350,12.59888888888926,1.0,-1
2969,8351,12.606944444444816,1.0,-1
2970,8352,12.615000000000371,1.0,-1
2971,8353,12.623055555555927,1.0,-1
2972,8354,12.631111111111483,1.0,-1
2973,8355,12.63916666666704,1.0,-1
2974,8356,12.647222222222595,1.0,-1
2975,8357,12.655277777778151,1.0,-1
2976,8358,12.663333333333707,1.0,-1
2977,8359,12.671388888889263,1.0,-1
2978,8360,12.679444444444819,1.0,-1
2979,8361,12.687500000000375,1.0,-1
2980,8362,12.69555555555593,1.0,-1
2981,8363,12.69555555555593,1.0,23
2982,8364,12.69555555555593,1.0,23
2983,8365,12.69555555555593,1.0,23
2984,8366,12.69555555555593,1.0,23
2985,8367,12.69555555555593,1.0,23
2986,8368,12.69555555555593,1.0,23
2987,8369,12.69555555555593,1.0,23
2988,8370,12.69555555555593,1.0,23
2989,8371,12.69555555555593,1.0,23
2990,8372,12.69555555555593,1.0,23
2991,8373,12.69555555555593,1.0,23
2992,8374,12.69555555555593,1.0,23
2993,8375,12.69555555555593,1.0,23
2994,8376,12.69555555555593,1.0,23
2995,8377,12.69555555555593,1.0,23
2996,8378,12.69555555555593,1.0,23
2997,8379,12.69555555555593,1.0,23
2998,8380,12.69555555555593,1.0,23
2999,8381,12.69555555555593,1.0,23
3000,8382,12.69555555555593,1.0,23
3001,8383,12.69555555555593,1.0,23
3002,8384,12.69555555555593,1.0,23
3003,8385,12.69555555555593,1.0,23
3004,8386,12.69555555555593,1.0,23
3005,8387,12.69555555555593,1.0,23
3006,8388,12.69555555555593,1.0,23
3007,8389,12.69555555555593,1.0,23
3008,8390,12.69555555555593,1.0,23
3009,8391,12.69555555555593,1.0,23
3010,8392,12.69555555555593,1.0,23
3011,8393,12.69555555555593,1.0,23
3012,8394,12.69555555555593,1.0,23
3013,8395,12.69555555555593,1.0,23
3014,8396,12.69555555555593,1.0,23
3015,8397,12.69555555555593,1.0,23
3016,8398,12.69555555555593,1.0,23
3017,8399,12.69555555555593,1.0,23
3018,8400,12.69555555555593,1.0,23
3019,8401,12.69555555555593,1.0,23
3020,8402,12.69555555555593,1.0,23
3021,8403,12.69555555555593,1.0,23
3022,8404,12.69555555555593,1.0,23
3023,8405,12.69555555555593,1.0,23
3024,8406,12.69555555555593,1.0,23
3025,8407,12.69555555555593,1.0,23
3026,8408,12.69555555555593,1.0,23
3027,8409,12.69555555555593,1.0,23
3028,8410,12.69555555555593,1.0,23
3029,8411,12.69555555555593,1.0,23
3030,8412,12.69555555555593,1.0,23
3031,8413,12.69555555555593,1.0,23
3032,8414,12.69555555555593,1.0,23
3033,8415,12.69555555555593,1.0,23
3034,8416,12.69555555555593,1.0,23
3035,8417,12.69555555555593,1.0,23
3036,8418,12.69555555555593,1.0,23
3037,8419,12.69555555555593,1.0,23
3038,8420,12.69555555555593,1.0,23
3039,8421,12.69555555555593,1.0,23
3040,8422,12.69555555555593,1.0,23
3041,8423,12.69555555555593,1.0,23
3042,8424,12.69555555555593,1.0,23
3043,8425,12.69555555555593,1.0,23
3044,8426,12.69555555555593,1.0,23
3045,8427,12.69555555555593,1.0,23
3046,8428,12.69555555555593,1.0,23
3047,8429,12.69555555555593,1.0,23
3048,8430,12.69555555555593,1.0,23
3049,8431,12.69555555555593,1.0,23
3050,8432,12.69555555555593,1.0,23
3051,8433,12.69555555555593,1.0,23
3052,8434,12.69555555555593,1.0,23
3053,8435,12.69555555555593,1.0,23
3054,8436,12.69555555555593,1.0,23
3055,8437,12.69555555555593,1.0,23
3056,8438,12.69555555555593,1.0,23
3057,8439,12.69555555555593,1.0,23
3058,8440,12.69555555555593,1.0,23
3059,8441,12.69555555555593,1.0,23
3060,8442,12.69555555555593,1.0,23
3061,8443,12.69555555555593,1.0,23
3062,8444,12.69555555555593,1.0,23
3063,8445,12.69555555555593,1.0,23
3064,8446,12.69555555555593,1.0,23
3065,8447,12.69555555555593,1.0,23
3066,8448,12.69555555555593,1.0,23
3067,8449,12.69555555555593,1.0,23
3068,8450,12.69555555555593,1.0,23
3069,8451,12.69555555555593,1.0,23
3070,8452,12.69555555555593,1.0,23
3071,8453,12.69555555555593,1.0,23
3072,8454,12.69555555555593,1.0,23
3073,8455,12.69555555555593,1.0,23
3074,8456,12.69555555555593,1.0,23
3075,8457,12.69555555555593,1.0,23
3076,8458,12.703611111111487,1.0,-1
3077,8459,12.711666666667043,1.0,-1
3078,8460,12.719722222222599,1.0,-1
3079,8461,12.727777777778154,1.0,-1
3080,8462,12.73583333333371,1.0,-1
3081,8463,12.743888888889266,1.0,-1
3082,8464,12.751944444444822,1.0,-1
3083,8465,12.760000000000378,1.0,-1
3084,8466,12.768055555555934,1.0,-1
3085,8467,12.77611111111149,1.0,-1
3086,8468,12.784166666667046,1.0,-1
3087,8469,12.792222222222602,1.0,-1
3088,8470,12.800277777778158,1.0,-1
3089,8471,12.808333333333714,1.0,-1
3090,8472,12.81638888888927,1.0,-1
3091,8473,12.824444444444826,1.0,-1
3092,8474,12.832500000000381,1.0,-1
3093,8475,12.840555555555937,1.0,-1
3094,8476,12.848611111111493,1.0,-1
3095,8477,12.85666666666705,1.0,-1
3096,8478,12.864722222222605,1.0,-1
3097,8479,12.872777777778161,1.0,-1
3098,8480,12.880833333333717,1.0,-1
3099,8481,12.888888888889273,1.0,-1
3100,8482,12.896944444444829,1.0,-1
3101,8483,12.905000000000385,1.0,-1
3102,8484,12.91305555555594,1.0,-1
3103,8485,12.921111111111497,1.0,-1
3104,8486,12.929166666667053,1.0,-1
3105,8487,12.937222222222609,1.0,-1
3106,8488,12.945277777778164,1.0,-1
3107,8489,12.95333333333372,1.0,-1
3108,8490,12.961388888889276,1.0,-1
3109,8491,12.969444444444832,1.0,-1
3110,8492,12.977500000000388,1.0,-1
3111,8493,12.985555555555944,1.0,-1
3112,8494,12.9936111111115,1.0,-1
3113,8495,13.001666666667056,1.0,-1
3114,8496,13.009722222222612,1.0,-1
3115,8497,13.017777777778168,1.0,-1
3116,8498,13.025833333333724,1.0,-1
3117,8499,13.03388888888928,1.0,-1
3118,8500,13.041944444444836,1.0,-1
3119,8501,13.050000000000392,1.0,-1
3120,8502,13.058055555555947,1.0,-1
3121,8503,13.066111111111503,1.0,-1
3122,8504,13.07416666666706,1.0,-1
3123,8505,13.082222222222615,1.0,-1
3124,8506,13.090277777778171,1.0,-1
3125,8507,13.098333333333727,1.0,-1
3126,8508,13.106388888889283,1.0,-1
3127,8509,13.114444444444839,1.0,-1
3128,8510,13.122500000000395,1.0,-1
3129,8511,13.13055555555595,1.0,-1
3130,8512,13.138611111111507,1.0,-1
3131,8513,13.146666666667063,1.0,-1
3132,8514,13.154722222222619,1.0,-1
3133,8515,13.162777777778174,1.0,-1
3134,8516,13.17083333333373,1.0,-1
3135,8517,13.178888888889286,1.0,-1
3136,8518,13.186944444444842,1.0,-1
3137,8519,13.195000000000398,1.0,-1
3138,8520,13.203055555555954,1.0,-1
3139,8521,13.21111111111151,1.0,-1
3140,8522,13.219166666667066,1.0,-1
3141,8523,13.227222222222622,1.0,-1
3142,8524,13.235277777778178,1.0,-1
3143,8525,13.243333333333734,1.0,-1
3144,8526,13.243333333333734,1.0,24
3145,8527,13.243333333333734,1.0,24
3146,8528,13.243333333333734,1.0,24
3147,8529,13.243333333333734,1.0,24
3148,8530,13.243333333333734,1.0,24
3149,8531,13.243333333333734,1.0,24
3150,8532,13.243333333333734,1.0,24
3151,8533,13.243333333333734,1.0,24
3152,8534,13.243333333333734,1.0,24
3153,8535,13.243333333333734,1.0,24
3154,8536,13.243333333333734,1.0,24
3155,8537,13.243333333333734,1.0,24
3156,8538,13.243333333333734,1.0,24
3157,8539,13.243333333333734,1.0,24
3158,8540,13.243333333333734,1.0,24
3159,8541,13.243333333333734,1.0,24
3160,8542,13.243333333333734,1.0,24
3161,8543,13.243333333333734,1.0,24
3162,8544,13.243333333333734,1.0,24
3163,8545,13.243333333333734,1.0,24
3164,8546,13.243333333333734,1.0,24
3165,8547,13.243333333333734,1.0,24
3166,8548,13.243333333333734,1.0,24
3167,8549,13.243333333333734,1.0,24
3168,8550,13.243333333333734,1.0,24
3169,8551,13.243333333333734,1.0,24
3170,8552,13.243333333333734,1.0,24
3171,8553,13.243333333333734,1.0,24
3172,8554,13.243333333333734,1.0,24
3173,8555,13.243333333333734,1.0,24
3174,8556,13.243333333333734,1.0,24
3175,8557,13.243333333333734,1.0,24
3176,8558,13.243333333333734,1.0,24
3177,8559,13.243333333333734,1.0,24
3178,8560,13.243333333333734,1.0,24
3179,8561,13.243333333333734,1.0,24
3180,8562,13.243333333333734,1.0,24
3181,8563,13.243333333333734,1.0,24
3182,8564,13.243333333333734,1.0,24
3183,8565,13.243333333333734,1.0,24
3184,8566,13.243333333333734,1.0,24
3185,8567,13.243333333333734,1.0,24
3186,8568,13.243333333333734,1.0,24
3187,8569,13.243333333333734,1.0,24
3188,8570,13.243333333333734,1.0,24
3189,8571,13.243333333333734,1.0,24
3190,8572,13.243333333333734,1.0,24
3191,8573,13.243333333333734,1.0,24
3192,8574,13.243333333333734,1.0,24
3193,8575,13.243333333333734,1.0,24
3194,8576,13.243333333333734,1.0,24
3195,8577,13.243333333333734,1.0,24
3196,8578,13.243333333333734,1.0,24
3197,8579,13.243333333333734,1.0,24
3198,8580,13.243333333333734,1.0,24
3199,8581,13.243333333333734,1.0,24
3200,8582,13.243333333333734,1.0,24
3201,8583,13.243333333333734,1.0,24
3202,8584,13.243333333333734,1.0,24
3203,8585,13.243333333333734,1.0,24
3204,8586,13.243333333333734,1.0,24
3205,8587,13.243333333333734,1.0,24
3206,8588,13.243333333333734,1.0,24
3207,8589,13.243333333333734,1.0,24
3208,8590,13.243333333333734,1.0,24
3209,8591,13.243333333333734,1.0,24
3210,8592,13.243333333333734,1.0,24
3211,8593,13.243333333333734,1.0,24
3212,8594,13.243333333333734,1.0,24
3213,8595,13.243333333333734,1.0,24
3214,8596,13.243333333333734,1.0,24
3215,8597,13.243333333333734,1.0,24
3216,8598,13.243333333333734,1.0,24
3217,8599,13.243333333333734,1.0,24
3218,8600,13.243333333333734,1.0,24
3219,8601,13.243333333333734,1.0,24
3220,8602,13.243333333333734,1.0,24
3221,8603,13.243333333333734,1.0,24
3222,8604,13.243333333333734,1.0,24
3223,8605,13.243333333333734,1.0,24
3224,8606,13.243333333333734,1.0,24
3225,8607,13.243333333333734,1.0,24
3226,8608,13.243333333333734,1.0,24
3227,8609,13.243333333333734,1.0,24
3228,8610,13.243333333333734,1.0,24
3229,8611,13.243333333333734,1.0,24
3230,8612,13.243333333333734,1.0,24
3231,8613,13.243333333333734,1.0,24
3232,8614,13.243333333333734,1.0,24
3233,8615,13.243333333333734,1.0,24
3234,8616,13.243333333333734,1.0,24
3235,8617,13.243333333333734,1.0,24
3236,8618,13.243333333333734,1.0,24
3237,8619,13.243333333333734,1.0,24
3238,8620,13.243333333333734,1.0,24
3239,8621,13.243333333333734,1.0,24
3240,8622,13.243333333333734,1.0,24
3241,8623,13.243333333333734,1.0,24
3242,8624,13.243333333333734,1.0,24
3243,8625,13.243333333333734,1.0,24
3244,8626,13.243333333333734,1.0,24
3245,8627,13.243333333333734,1.0,24
3246,8628,13.243333333333734,1.0,24
3247,8629,13.243333333333734,1.0,24
3248,8630,13.243333333333734,1.0,24
3249,8631,13.243333333333734,1.0,24
3250,8632,13.243333333333734,1.0,24
3251,8633,13.243333333333734,1.0,24
3252,8634,13.243333333333734,1.0,24
3253,8635,13.243333333333734,1.0,24
3254,8636,13.243333333333734,1.0,24
3255,8637,13.243333333333734,1.0,24
3256,8638,13.243333333333734,1.0,24
3257,8639,13.243333333333734,1.0,24
3258,8640,13.25138888888929,1.0,-1
3259,8641,13.259444444444846,1.0,-1
3260,8642,13.267500000000402,1.0,-1
3261,8643,13.275555555555957,1.0,-1
3262,8644,13.283611111111513,1.0,-1
3263,8645,13.29166666666707,1.0,-1
3264,8646,13.299722222222625,1.0,-1
3265,8647,13.307777777778181,1.0,-1
3266,8648,13.315833333333737,1.0,-1
3267,8649,13.323888888889293,1.0,-1
3268,8650,13.331944444444849,1.0,-1
3269,8651,13.340000000000405,1.0,-1
3270,8652,13.34805555555596,1.0,-1
3271,8653,13.356111111111517,1.0,-1
3272,8654,13.364166666667073,1.0,-1
3273,8655,13.372222222222629,1.0,-1
3274,8656,13.380277777778185,1.0,-1
3275,8657,13.38833333333374,1.0,-1
3276,8658,13.396388888889296,1.0,-1
3277,8659,13.404444444444852,1.0,-1
3278,8660,13.412500000000408,1.0,-1
3279,8661,13.420555555555964,1.0,-1
3280,8662,13.42861111111152,1.0,-1
3281,8663,13.436666666667076,1.0,-1
3282,8664,13.444722222222632,1.0,-1
3283,8665,13.452777777778188,1.0,-1
3284,8666,13.460833333333744,1.0,-1
3285,8667,13.4688888888893,1.0,-1
3286,8668,13.476944444444856,1.0,-1
3287,8669,13.485000000000412,1.0,-1
3288,8670,13.493055555555967,1.0,-1
3289,8671,13.501111111111523,1.0,-1
3290,8672,13.50916666666708,1.0,-1
3291,8673,13.517222222222635,1.0,-1
3292,8674,13.525277777778191,1.0,-1
3293,8675,13.533333333333747,1.0,-1
3294,8676,13.541388888889303,1.0,-1
3295,8677,13.549444444444859,1.0,-1
3296,8678,13.557500000000415,1.0,-1
3297,8679,13.56555555555597,1.0,-1
3298,8680,13.573611111111527,1.0,-1
3299,8681,13.581666666667083,1.0,-1
3300,8682,13.589722222222639,1.0,-1
3301,8683,13.597777777778195,1.0,-1
3302,8684,13.60583333333375,1.0,-1
3303,8685,13.613888888889306,1.0,-1
3304,8686,13.621944444444862,1.0,-1
3305,8687,13.630000000000418,1.0,-1
3306,8688,13.638055555555974,1.0,-1
3307,8689,13.64611111111153,1.0,-1
3308,8690,13.654166666667086,1.0,-1
3309,8691,13.662222222222642,1.0,-1
3310,8692,13.670277777778198,1.0,-1
3311,8693,13.678333333333754,1.0,-1
3312,8694,13.68638888888931,1.0,-1
3313,8695,13.694444444444866,1.0,-1
3314,8696,13.702500000000422,1.0,-1
3315,8697,13.710555555555977,1.0,-1
3316,8698,13.718611111111533,1.0,-1
3317,8699,13.72666666666709,1.0,-1
3318,8700,13.734722222222645,1.0,-1
3319,8701,13.742777777778201,1.0,-1
3320,8702,13.750833333333757,1.0,-1
3321,8703,13.758888888889313,1.0,-1
3322,8704,13.766944444444869,1.0,-1
3323,8705,13.775000000000425,1.0,-1
3324,8706,13.78305555555598,1.0,-1
3325,8707,13.791111111111537,1.0,-1
3326,8708,13.799166666667093,1.0,-1
3327,8709,13.807222222222649,1.0,-1
3328,8710,13.815277777778205,1.0,-1
3329,8711,13.82333333333376,1.0,-1
3330,8712,13.831388888889316,1.0,-1
3331,8713,13.839444444444872,1.0,-1
3332,8714,13.847500000000428,1.0,-1
3333,8715,13.855555555555984,1.0,-1
3334,8716,13.86361111111154,1.0,-1
3335,8717,13.86361111111154,1.0,25
3336,8718,13.86361111111154,1.0,25
3337,8719,13.86361111111154,1.0,25
3338,8720,13.86361111111154,1.0,25
3339,8721,13.86361111111154,1.0,25
3340,8722,13.86361111111154,1.0,25
3341,8723,13.86361111111154,1.0,25
3342,8724,13.86361111111154,1.0,25
3343,8725,13.86361111111154,1.0,25
3344,8726,13.86361111111154,1.0,25
3345,8727,13.86361111111154,1.0,25
3346,8728,13.86361111111154,1.0,25
3347,8729,13.86361111111154,1.0,25
3348,8730,13.86361111111154,1.0,25
3349,8731,13.86361111111154,1.0,25
3350,8732,13.86361111111154,1.0,25
3351,8733,13.86361111111154,1.0,25
3352,8734,13.86361111111154,1.0,25
3353,8735,13.86361111111154,1.0,25
3354,8736,13.86361111111154,1.0,25
3355,8737,13.86361111111154,1.0,25
3356,8738,13.86361111111154,1.0,25
3357,8739,13.86361111111154,1.0,25
3358,8740,13.86361111111154,1.0,25
3359,8741,13.86361111111154,1.0,25
3360,8742,13.86361111111154,1.0,25
3361,8743,13.86361111111154,1.0,25
3362,8744,13.86361111111154,1.0,25
3363,8745,13.86361111111154,1.0,25
3364,8746,13.86361111111154,1.0,25
3365,8747,13.86361111111154,1.0,25
3366,8748,13.86361111111154,1.0,25
3367,8749,13.86361111111154,1.0,25
3368,8750,13.86361111111154,1.0,25
3369,8751,13.86361111111154,1.0,25
3370,8752,13.86361111111154,1.0,25
3371,8753,13.86361111111154,1.0,25
3372,8754,13.86361111111154,1.0,25
3373,8755,13.86361111111154,1.0,25
3374,8756,13.86361111111154,1.0,25
3375,8757,13.86361111111154,1.0,25
3376,8758,13.86361111111154,1.0,25
3377,8759,13.86361111111154,1.0,25
3378,8760,13.86361111111154,1.0,25
3379,8761,13.86361111111154,1.0,25
3380,8762,13.86361111111154,1.0,25
3381,8763,13.86361111111154,1.0,25
3382,8764,13.86361111111154,1.0,25
3383,8765,13.86361111111154,1.0,25
3384,8766,13.86361111111154,1.0,25
3385,8767,13.86361111111154,1.0,25
3386,8768,13.86361111111154,1.0,25
3387,8769,13.86361111111154,1.0,25
3388,8770,13.86361111111154,1.0,25
3389,8771,13.86361111111154,1.0,25
3390,8772,13.86361111111154,1.0,25
3391,8773,13.86361111111154,1.0,25
3392,8774,13.86361111111154,1.0,25
3393,8775,13.86361111111154,1.0,25
3394,8776,13.86361111111154,1.0,25
3395,8777,13.86361111111154,1.0,25
3396,8778,13.86361111111154,1.0,25
3397,8779,13.86361111111154,1.0,25
3398,8780,13.86361111111154,1.0,25
3399,8781,13.86361111111154,1.0,25
3400,8782,13.86361111111154,1.0,25
3401,8783,13.86361111111154,1.0,25
3402,8784,13.86361111111154,1.0,25
3403,8785,13.86361111111154,1.0,25
3404,8786,13.86361111111154,1.0,25
3405,8787,13.86361111111154,1.0,25
3406,8788,13.86361111111154,1.0,25
3407,8789,13.86361111111154,1.0,25
3408,8790,13.86361111111154,1.0,25
3409,8791,13.86361111111154,1.0,25
3410,8792,13.86361111111154,1.0,25
3411,8793,13.86361111111154,1.0,25
3412,8794,13.86361111111154,1.0,25
3413,8795,13.86361111111154,1.0,25
3414,8796,13.86361111111154,1.0,25
3415,8797,13.86361111111154,1.0,25
3416,8798,13.86361111111154,1.0,25
3417,8799,13.86361111111154,1.0,25
3418,8800,13.86361111111154,1.0,25
3419,8801,13.86361111111154,1.0,25
3420,8802,13.871666666667096,1.0,-1
3421,8803,13.879722222222652,1.0,-1
3422,8804,13.887777777778208,1.0,-1
3423,8805,13.895833333333764,1.0,-1
3424,8806,13.90388888888932,1.0,-1
3425,8807,13.911944444444876,1.0,-1
3426,8808,13.920000000000432,1.0,-1
3427,8809,13.928055555555988,1.0,-1
3428,8810,13.936111111111543,1.0,-1
3429,8811,13.9441666666671,1.0,-1
3430,8812,13.952222222222655,1.0,-1
3431,8813,13.960277777778211,1.0,-1
3432,8814,13.968333333333767,1.0,-1
3433,8815,13.976388888889323,1.0,-1
3434,8816,13.984444444444879,1.0,-1
3435,8817,13.992500000000435,1.0,-1
3436,8818,14.00055555555599,1.0,-1
3437,8819,14.008611111111547,1.0,-1
3438,8820,14.016666666667103,1.0,-1
3439,8821,14.024722222222659,1.0,-1
3440,8822,14.032777777778215,1.0,-1
3441,8823,14.04083333333377,1.0,-1
3442,8824,14.048888888889326,1.0,-1
3443,8825,14.056944444444882,1.0,-1
3444,8826,14.065000000000438,1.0,-1
3445,8827,14.073055555555994,1.0,-1
3446,8828,14.08111111111155,1.0,-1
3447,8829,14.089166666667106,1.0,-1
3448,8830,14.097222222222662,1.0,-1
3449,8831,14.105277777778218,1.0,-1
3450,8832,14.113333333333774,1.0,-1
3451,8833,14.12138888888933,1.0,-1
3452,8834,14.129444444444886,1.0,-1
3453,8835,14.129444444444886,1.0,26
3454,8836,14.129444444444886,1.0,26
3455,8837,14.129444444444886,1.0,26
3456,8838,14.129444444444886,1.0,26
3457,8839,14.129444444444886,1.0,26
3458,8840,14.129444444444886,1.0,26
3459,8841,14.129444444444886,1.0,26
3460,8842,14.129444444444886,1.0,26
3461,8843,14.129444444444886,1.0,26
3462,8844,14.129444444444886,1.0,26
3463,8845,14.129444444444886,1.0,26
3464,8846,14.129444444444886,1.0,26
3465,8847,14.129444444444886,1.0,26
3466,8848,14.129444444444886,1.0,26
3467,8849,14.129444444444886,1.0,26
3468,8850,14.129444444444886,1.0,26
3469,8851,14.129444444444886,1.0,26
3470,8852,14.129444444444886,1.0,26
3471,8853,14.129444444444886,1.0,26
3472,8854,14.129444444444886,1.0,26
3473,8855,14.129444444444886,1.0,26
3474,8856,14.129444444444886,1.0,26
3475,8857,14.129444444444886,1.0,26
3476,8858,14.129444444444886,1.0,26
3477,8859,14.129444444444886,1.0,26
3478,8860,14.129444444444886,1.0,26
3479,8861,14.129444444444886,1.0,26
3480,8862,14.129444444444886,1.0,26
3481,8863,14.129444444444886,1.0,26
3482,8864,14.129444444444886,1.0,26
3483,8865,14.129444444444886,1.0,26
3484,8866,14.129444444444886,1.0,26
3485,8867,14.129444444444886,1.0,26
3486,8868,14.129444444444886,1.0,26
3487,8869,14.129444444444886,1.0,26
3488,8870,14.129444444444886,1.0,26
3489,8871,14.129444444444886,1.0,26
3490,8872,14.129444444444886,1.0,26
3491,8873,14.129444444444886,1.0,26
3492,8874,14.129444444444886,1.0,26
3493,8875,14.129444444444886,1.0,26
3494,8876,14.129444444444886,1.0,26
3495,8877,14.129444444444886,1.0,26
3496,8878,14.129444444444886,1.0,26
3497,8879,14.129444444444886,1.0,26
3498,8880,14.129444444444886,1.0,26
3499,8881,14.129444444444886,1.0,26
3500,8882,14.129444444444886,1.0,26
3501,8883,14.129444444444886,1.0,26
3502,8884,14.129444444444886,1.0,26
3503,8885,14.129444444444886,1.0,26
3504,8886,14.129444444444886,1.0,26
3505,8887,14.129444444444886,1.0,26
3506,8888,14.129444444444886,1.0,26
3507,8889,14.129444444444886,1.0,26
3508,8890,14.129444444444886,1.0,26
3509,8891,14.129444444444886,1.0,26
3510,8892,14.129444444444886,1.0,26
3511,8893,14.129444444444886,1.0,26
3512,8894,14.129444444444886,1.0,26
3513,8895,14.129444444444886,1.0,26
3514,8896,14.129444444444886,1.0,26
3515,8897,14.129444444444886,1.0,26
3516,8898,14.129444444444886,1.0,26
3517,8899,14.129444444444886,1.0,26
3518,8900,14.129444444444886,1.0,26
3519,8901,14.129444444444886,1.0,26
3520,8902,14.129444444444886,1.0,26
3521,8903,14.129444444444886,1.0,26
3522,8904,14.129444444444886,1.0,26
3523,8905,14.129444444444886,1.0,26
3524,8906,14.129444444444886,1.0,26
3525,8907,14.129444444444886,1.0,26
3526,8908,14.129444444444886,1.0,26
3527,8909,14.129444444444886,1.0,26
3528,8910,14.129444444444886,1.0,26
3529,8911,14.129444444444886,1.0,26
3530,8912,14.129444444444886,1.0,26
3531,8913,14.137500000000442,1.0,-1
3532,8914,14.145555555555998,1.0,-1
3533,8915,14.153611111111553,1.0,-1
3534,8916,14.16166666666711,1.0,-1
3535,8917,14.169722222222665,1.0,-1
3536,8918,14.177777777778221,1.0,-1
3537,8919,14.185833333333777,1.0,-1
3538,8920,14.193888888889333,1.0,-1
3539,8921,14.201944444444889,1.0,-1
3540,8922,14.210000000000445,1.0,-1
3541,8923,14.218055555556,1.0,-1
3542,8924,14.226111111111557,1.0,-1
3543,8925,14.234166666667113,1.0,-1
3544,8926,14.242222222222669,1.0,-1
3545,8927,14.250277777778225,1.0,-1
3546,8928,14.25833333333378,1.0,-1
3547,8929,14.266388888889336,1.0,-1
3548,8930,14.274444444444892,1.0,-1
3549,8931,14.282500000000448,1.0,-1
3550,8932,14.290555555556004,1.0,-1
3551,8933,14.29861111111156,1.0,-1
3552,8934,14.306666666667116,1.0,-1
3553,8935,14.314722222222672,1.0,-1
3554,8936,14.322777777778228,1.0,-1
3555,8937,14.330833333333784,1.0,-1
3556,8938,14.33888888888934,1.0,-1
3557,8939,14.346944444444896,1.0,-1
3558,8940,14.355000000000452,1.0,-1
3559,8941,14.363055555556008,1.0,-1
3560,8942,14.371111111111563,1.0,-1
3561,8943,14.37916666666712,1.0,-1
3562,8944,14.387222222222675,1.0,-1
3563,8945,14.387222222222675,1.0,27
3564,8946,14.387222222222675,1.0,27
3565,8947,14.387222222222675,1.0,27
3566,8948,14.387222222222675,1.0,27
3567,8949,14.387222222222675,1.0,27
3568,8950,14.387222222222675,1.0,27
3569,8951,14.387222222222675,1.0,27
3570,8952,14.387222222222675,1.0,27
3571,8953,14.387222222222675,1.0,27
3572,8954,14.387222222222675,1.0,27
3573,8955,14.387222222222675,1.0,27
3574,8956,14.387222222222675,1.0,27
3575,8957,14.387222222222675,1.0,27
3576,8958,14.387222222222675,1.0,27
3577,8959,14.387222222222675,1.0,27
3578,8960,14.395277777778231,1.0,-1
3579,8961,14.403333333333787,1.0,-1
3580,8962,14.411388888889343,1.0,-1
3581,8963,14.419444444444899,1.0,-1
3582,8964,14.427500000000455,1.0,-1
3583,8965,14.43555555555601,1.0,-1
3584,8966,14.443611111111567,1.0,-1
3585,8967,14.451666666667123,1.0,-1
3586,8968,14.459722222222679,1.0,-1
3587,8969,14.467777777778235,1.0,-1
3588,8970,14.47583333333379,1.0,-1
3589,8971,14.483888888889346,1.0,-1
3590,8972,14.491944444444902,1.0,-1
3591,8973,14.500000000000458,1.0,-1
3592,8974,14.508055555556014,1.0,-1
3593,8975,14.51611111111157,1.0,-1
3594,8976,14.524166666667126,1.0,-1
3595,8977,14.532222222222682,1.0,-1
3596,8978,14.540277777778238,1.0,-1
3597,8979,14.548333333333794,1.0,-1
3598,8980,14.55638888888935,1.0,-1
3599,8981,14.564444444444906,1.0,-1
3600,8982,14.572500000000462,1.0,-1
3601,8983,14.580555555556018,1.0,-1
3602,8984,14.588611111111573,1.0,-1
3603,8985,14.59666666666713,1.0,-1
3604,8986,14.604722222222685,1.0,-1
3605,8987,14.612777777778241,1.0,-1
3606,8988,14.620833333333797,1.0,-1
3607,8989,14.628888888889353,1.0,-1
3608,8990,14.636944444444909,1.0,-1
3609,8991,14.645000000000465,1.0,-1
3610,8992,14.653055555556021,1.0,-1
3611,8993,14.661111111111577,1.0,-1
3612,8994,14.661111111111577,1.0,28
3613,8995,14.661111111111577,1.0,28
3614,8996,14.661111111111577,1.0,28
3615,8997,14.661111111111577,1.0,28
3616,8998,14.661111111111577,1.0,28
3617,8999,14.661111111111577,1.0,28
3618,9000,14.661111111111577,1.0,28
3619,9001,14.661111111111577,1.0,28
3620,9002,14.661111111111577,1.0,28
3621,9003,14.661111111111577,1.0,28
3622,9004,14.661111111111577,1.0,28
3623,9005,14.661111111111577,1.0,28
3624,9006,14.661111111111577,1.0,28
3625,9007,14.661111111111577,1.0,28
3626,9008,14.661111111111577,1.0,28
3627,9009,14.661111111111577,1.0,28
3628,9010,14.661111111111577,1.0,28
3629,9011,14.661111111111577,1.0,28
3630,9012,14.661111111111577,1.0,28
3631,9013,14.661111111111577,1.0,28
3632,9014,14.661111111111577,1.0,28
3633,9015,14.661111111111577,1.0,28
3634,9016,14.661111111111577,1.0,28
3635,9017,14.661111111111577,1.0,28
3636,9018,14.661111111111577,1.0,28
3637,9019,14.661111111111577,1.0,28
3638,9020,14.661111111111577,1.0,28
3639,9021,14.661111111111577,1.0,28
3640,9022,14.661111111111577,1.0,28
3641,9023,14.661111111111577,1.0,28
3642,9024,14.661111111111577,1.0,28
3643,9025,14.661111111111577,1.0,28
3644,9026,14.661111111111577,1.0,28
3645,9027,14.661111111111577,1.0,28
3646,9028,14.661111111111577,1.0,28
3647,9029,14.661111111111577,1.0,28
3648,9030,14.661111111111577,1.0,28
3649,9031,14.661111111111577,1.0,28
3650,9032,14.661111111111577,1.0,28
3651,9033,14.661111111111577,1.0,28
3652,9034,14.661111111111577,1.0,28
3653,9035,14.661111111111577,1.0,28
3654,9036,14.661111111111577,1.0,28
3655,9037,14.661111111111577,1.0,28
3656,9038,14.661111111111577,1.0,28
3657,9039,14.661111111111577,1.0,28
3658,9040,14.661111111111577,1.0,28
3659,9041,14.661111111111577,1.0,28
3660,9042,14.661111111111577,1.0,28
3661,9043,14.661111111111577,1.0,28
3662,9044,14.661111111111577,1.0,28
3663,9045,14.661111111111577,1.0,28
3664,9046,14.661111111111577,1.0,28
3665,9047,14.661111111111577,1.0,28
3666,9048,14.661111111111577,1.0,28
3667,9049,14.661111111111577,1.0,28
3668,9050,14.661111111111577,1.0,28
3669,9051,14.661111111111577,1.0,28
3670,9052,14.661111111111577,1.0,28
3671,9053,14.669166666667133,1.0,-1
3672,9054,14.677222222222689,1.0,-1
3673,9055,14.685277777778245,1.0,-1
3674,9056,14.6933333333338,1.0,-1
3675,9057,14.701388888889356,1.0,-1
3676,9058,14.709444444444912,1.0,-1
3677,9059,14.717500000000468,1.0,-1
3678,9060,14.725555555556024,1.0,-1
3679,9061,14.73361111111158,1.0,-1
3680,9062,14.741666666667136,1.0,-1
3681,9063,14.749722222222692,1.0,-1
3682,9064,14.757777777778248,1.0,-1
3683,9065,14.765833333333804,1.0,-1
3684,9066,14.77388888888936,1.0,-1
3685,9067,14.781944444444916,1.0,-1
3686,9068,14.790000000000472,1.0,-1
3687,9069,14.798055555556028,1.0,-1
3688,9070,14.806111111111584,1.0,-1
3689,9071,14.81416666666714,1.0,-1
3690,9072,14.822222222222695,1.0,-1
3691,9073,14.830277777778251,1.0,-1
3692,9074,14.838333333333807,1.0,-1
3693,9075,14.846388888889363,1.0,-1
3694,9076,14.854444444444919,1.0,-1
3695,9077,14.862500000000475,1.0,-1
3696,9078,14.870555555556031,1.0,-1
3697,9079,14.878611111111587,1.0,-1
3698,9080,14.886666666667143,1.0,-1
3699,9081,14.894722222222699,1.0,-1
3700,9082,14.902777777778255,1.0,-1
3701,9083,14.91083333333381,1.0,-1
3702,9084,14.918888888889366,1.0,-1
3703,9085,14.926944444444922,1.0,-1
3704,9086,14.935000000000478,1.0,-1
3705,9087,14.943055555556034,1.0,-1
3706,9088,14.95111111111159,1.0,-1
3707,9089,14.959166666667146,1.0,-1
3708,9090,14.967222222222702,1.0,-1
3709,9091,14.967222222222702,0.95,29
3710,9092,14.967222222222702,0.95,29
3711,9093,14.967222222222702,0.95,29
3712,9094,14.967222222222702,0.95,29
3713,9095,14.967222222222702,0.95,29
3714,9096,14.967222222222702,0.95,29
3715,9097,14.967222222222702,0.95,29
3716,9098,14.967222222222702,0.95,29
3717,9099,14.967222222222702,0.95,29
3718,9100,14.967222222222702,0.95,29
3719,9101,14.967222222222702,0.95,29
3720,9102,14.975277777778258,0.95,-1
3721,9103,14.983333333333814,0.95,-1
3722,9104,14.99138888888937,0.95,-1
3723,9105,14.999444444444926,0.95,-1
3724,9106,15.007500000000482,0.95,-1
3725,9107,15.015555555556038,0.95,-1
3726,9108,15.023611111111594,0.95,-1
3727,9109,15.03166666666715,0.95,-1
3728,9110,15.039722222222705,0.95,-1
3729,9111,15.047777777778261,0.95,-1
3730,9112,15.055833333333817,0.95,-1
3731,9113,15.063888888889373,0.95,-1
3732,9114,15.071944444444929,0.95,-1
3733,9115,15.080000000000485,0.95,-1
3734,9116,15.088055555556041,0.95,-1
3735,9117,15.096111111111597,0.95,-1
3736,9118,15.104166666667153,0.95,-1
3737,9119,15.112222222222709,0.95,-1
3738,9120,15.120277777778265,0.95,-1
3739,9121,15.12833333333382,0.95,-1
3740,9122,15.136388888889377,0.95,-1
3741,9123,15.144444444444932,0.95,-1
3742,9124,15.152500000000488,0.95,-1
3743,9125,15.160555555556044,0.95,-1
3744,9126,15.1686111111116,0.95,-1
3745,9127,15.176666666667156,0.95,-1
3746,9128,15.184722222222712,0.95,-1
3747,9129,15.192777777778268,0.95,-1
3748,9130,15.200833333333824,0.95,-1
3749,9131,15.20888888888938,0.95,-1
3750,9132,15.216944444444936,0.95,-1
3751,9133,15.225000000000492,0.95,-1
3752,9134,15.233055555556048,0.95,-1
3753,9135,15.241111111111604,0.95,-1
3754,9136,15.24916666666716,0.95,-1
3755,9137,15.257222222222715,0.95,-1
3756,9138,15.265277777778271,0.95,-1
3757,9139,15.273333333333827,0.95,-1
3758,9140,15.281388888889383,0.95,-1
3759,9141,15.289444444444939,0.95,-1
3760,9142,15.297500000000495,0.95,-1
3761,9143,15.305555555556051,0.95,-1
3762,9144,15.313611111111607,0.95,-1
3763,9145,15.321666666667163,0.95,-1
3764,9146,15.329722222222719,0.95,-1
3765,9147,15.337777777778275,0.95,-1
3766,9148,15.337777777778275,0.85,30
3767,9149,15.337777777778275,0.85,30
3768,9150,15.337777777778275,0.85,30
3769,9151,15.337777777778275,0.85,30
3770,9152,15.337777777778275,0.85,30
3771,9153,15.337777777778275,0.85,30
3772,9154,15.337777777778275,0.85,30
3773,9155,15.337777777778275,0.85,30
3774,9156,15.337777777778275,0.85,30
3775,9157,15.337777777778275,0.85,30
3776,9158,15.337777777778275,0.85,30
3777,9159,15.337777777778275,0.85,30
3778,9160,15.337777777778275,0.85,30
3779,9161,15.337777777778275,0.85,30
3780,9162,15.337777777778275,0.85,30
3781,9163,15.34583333333383,0.85,-1
3782,9164,15.353888888889387,0.85,-1
3783,9165,15.361944444444942,0.85,-1
3784,9166,15.370000000000498,0.85,-1
3785,9167,15.378055555556054,0.85,-1
3786,9168,15.38611111111161,0.85,-1
3787,9169,15.394166666667166,0.85,-1
3788,9170,15.402222222222722,0.85,-1
3789,9171,15.410277777778278,0.85,-1
3790,9172,15.418333333333834,0.85,-1
3791,9173,15.42638888888939,0.85,-1
3792,9174,15.434444444444946,0.85,-1
3793,9175,15.442500000000502,0.85,-1
3794,9176,15.450555555556058,0.85,-1
3795,9177,15.458611111111614,0.85,-1
3796,9178,15.46666666666717,0.85,-1
3797,9179,15.474722222222725,0.85,-1
3798,9180,15.482777777778281,0.85,-1
3799,9181,15.490833333333837,0.85,-1
3800,9182,15.498888888889393,0.85,-1
3801,9183,15.50694444444495,0.85,-1
3802,9184,15.515000000000505,0.85,-1
3803,9185,15.523055555556061,0.85,-1
3804,9186,15.531111111111617,0.85,-1
3805,9187,15.539166666667173,0.85,-1
3806,9188,15.547222222222729,0.85,-1
3807,9189,15.555277777778285,0.85,-1
3808,9190,15.56333333333384,0.85,-1
3809,9191,15.571388888889397,0.85,-1
3810,9192,15.579444444444952,0.85,-1
3811,9193,15.587500000000508,0.85,-1
3812,9194,15.595555555556064,0.85,-1
3813,9195,15.60361111111162,0.85,-1
3814,9196,15.611666666667176,0.85,-1
3815,9197,15.619722222222732,0.85,-1
3816,9198,15.627777777778288,0.85,-1
3817,9199,15.635833333333844,0.85,-1
3818,9200,15.6438888888894,0.85,-1
3819,9201,15.651944444444956,0.85,-1
3820,9202,15.660000000000512,0.85,-1
3821,9203,15.668055555556068,0.85,-1
3822,9204,15.676111111111624,0.85,-1
3823,9205,15.68416666666718,0.85,-1
3824,9206,15.692222222222735,0.85,-1
3825,9207,15.700277777778291,0.85,-1
3826,9208,15.708333333333847,0.85,-1
3827,9209,15.716388888889403,0.85,-1
3828,9210,15.72444444444496,0.85,-1
3829,9211,15.732500000000515,0.85,-1
3830,9212,15.740555555556071,0.85,-1
3831,9213,15.748611111111627,0.85,-1
3832,9214,15.756666666667183,0.85,-1
3833,9215,15.764722222222739,0.85,-1
3834,9216,15.772777777778295,0.85,-1
3835,9217,15.78083333333385,0.85,-1
3836,9218,15.788888888889407,0.85,-1
3837,9219,15.796944444444962,0.85,-1
3838,9220,15.805000000000518,0.85,-1
3839,9221,15.813055555556074,0.85,-1
3840,9222,15.82111111111163,0.85,-1
3841,9223,15.829166666667186,0.85,-1
3842,9224,15.837222222222742,0.85,-1
3843,9225,15.845277777778298,0.85,-1
3844,9226,15.853333333333854,0.85,-1
3845,9227,15.86138888888941,0.85,-1
3846,9228,15.86138888888941,0.8,31
3847,9229,15.86138888888941,0.8,31
3848,9230,15.86138888888941,0.8,31
3849,9231,15.86138888888941,0.8,31
3850,9232,15.86138888888941,0.8,31
3851,9233,15.86138888888941,0.8,31
3852,9234,15.86138888888941,0.8,31
3853,9235,15.86138888888941,0.8,31
3854,9236,15.86138888888941,0.8,31
3855,9237,15.86138888888941,0.8,31
3856,9238,15.86138888888941,0.8,31
3857,9239,15.86138888888941,0.8,31
3858,9240,15.86138888888941,0.8,31
3859,9241,15.86138888888941,0.8,31
3860,9242,15.86138888888941,0.8,31
3861,9243,15.86138888888941,0.8,31
3862,9244,15.86138888888941,0.8,31
3863,9245,15.86138888888941,0.8,31
3864,9246,15.86138888888941,0.8,31
3865,9247,15.86138888888941,0.8,31
3866,9248,15.86138888888941,0.8,31
3867,9249,15.86138888888941,0.8,31
3868,9250,15.86138888888941,0.8,31
3869,9251,15.86138888888941,0.8,31
3870,9252,15.86138888888941,0.8,31
3871,9253,15.86138888888941,0.8,31
3872,9254,15.86138888888941,0.8,31
3873,9255,15.86138888888941,0.8,31
3874,9256,15.86138888888941,0.8,31
3875,9257,15.86138888888941,0.8,31
3876,9258,15.86138888888941,0.8,31
3877,9259,15.86138888888941,0.8,31
3878,9260,15.86138888888941,0.8,31
3879,9261,15.86138888888941,0.8,31
3880,9262,15.86138888888941,0.8,31
3881,9263,15.86138888888941,0.8,31
3882,9264,15.86138888888941,0.8,31
3883,9265,15.86138888888941,0.8,31
3884,9266,15.86138888888941,0.8,31
3885,9267,15.86138888888941,0.8,31
3886,9268,15.86138888888941,0.8,31
3887,9269,15.86138888888941,0.8,31
3888,9270,15.86138888888941,0.8,31
3889,9271,15.86138888888941,0.8,31
3890,9272,15.86138888888941,0.8,31
3891,9273,15.86138888888941,0.8,31
3892,9274,15.86138888888941,0.8,31
3893,9275,15.86138888888941,0.8,31
3894,9276,15.86138888888941,0.8,31
3895,9277,15.86138888888941,0.8,31
3896,9278,15.86138888888941,0.8,31
3897,9279,15.86138888888941,0.8,31
3898,9280,15.86138888888941,0.8,31
3899,9281,15.86138888888941,0.8,31
3900,9282,15.86138888888941,0.8,31
3901,9283,15.86138888888941,0.8,31
3902,9284,15.86138888888941,0.8,31
3903,9285,15.86138888888941,0.8,31
3904,9286,15.86138888888941,0.8,31
3905,9287,15.86138888888941,0.8,31
3906,9288,15.86138888888941,0.8,31
3907,9289,15.86138888888941,0.8,31
3908,9290,15.86138888888941,0.8,31
3909,9291,15.86138888888941,0.8,31
3910,9292,15.86138888888941,0.8,31
3911,9293,15.86138888888941,0.8,31
3912,9294,15.86138888888941,0.8,31
3913,9295,15.86138888888941,0.8,31
3914,9296,15.86138888888941,0.8,31
3915,9297,15.86138888888941,0.8,31
3916,9298,15.86138888888941,0.8,31
3917,9299,15.86138888888941,0.8,31
3918,9300,15.869444444444966,0.8,-1
3919,9301,15.877500000000522,0.8,-1
3920,9302,15.885555555556078,0.8,-1
3921,9303,15.893611111111634,0.8,-1
3922,9304,15.90166666666719,0.8,-1
3923,9305,15.909722222222745,0.8,-1
3924,9306,15.917777777778301,0.8,-1
3925,9307,15.925833333333857,0.8,-1
3926,9308,15.933888888889413,0.8,-1
3927,9309,15.94194444444497,0.8,-1
3928,9310,15.950000000000525,0.8,-1
3929,9311,15.958055555556081,0.8,-1
3930,9312,15.966111111111637,0.8,-1
3931,9313,15.974166666667193,0.8,-1
3932,9314,15.982222222222749,0.8,-1
3933,9315,15.990277777778305,0.8,-1
3934,9316,15.99833333333386,0.8,-1
3935,9317,16.006388888889415,0.8,-1
3936,9318,16.01444444444497,0.8,-1
3937,9319,16.022500000000523,0.8,-1
3938,9320,16.030555555556077,0.8,-1
3939,9321,16.03861111111163,0.8,-1
3940,9322,16.046666666667186,0.8,-1
3941,9323,16.05472222222274,0.8,-1
3942,9324,16.062777777778294,0.8,-1
3943,9325,16.070833333333848,0.8,-1
3944,9326,16.078888888889402,0.8,-1
3945,9327,16.086944444444956,0.8,-1
3946,9328,16.09500000000051,0.8,-1
3947,9329,16.103055555556065,0.8,-1
3948,9330,16.11111111111162,0.8,-1
3949,9331,16.119166666667173,0.8,-1
3950,9332,16.127222222222727,0.8,-1
3951,9333,16.13527777777828,0.8,-1
3952,9334,16.143333333333835,0.8,-1
3953,9335,16.15138888888939,0.8,-1
3954,9336,16.159444444444944,0.8,-1
3955,9337,16.167500000000498,0.8,-1
3956,9338,16.175555555556052,0.8,-1
3957,9339,16.183611111111606,0.8,-1
3958,9340,16.19166666666716,0.8,-1
3959,9341,16.199722222222714,0.8,-1
3960,9342,16.20777777777827,0.8,-1
3961,9343,16.215833333333823,0.8,-1
3962,9344,16.223888888889377,0.8,-1
3963,9345,16.23194444444493,0.8,-1
3964,9346,16.240000000000485,0.8,-1
3965,9347,16.24805555555604,0.8,-1
3966,9348,16.256111111111593,0.8,-1
3967,9349,16.264166666667148,0.8,-1
3968,9350,16.2722222222227,0.8,-1
3969,9351,16.280277777778256,0.8,-1
3970,9352,16.28833333333381,0.8,-1
3971,9353,16.296388888889364,0.8,-1
3972,9354,16.30444444444492,0.8,-1
3973,9355,16.312500000000473,0.8,-1
3974,9356,16.320555555556027,0.8,-1
3975,9357,16.32861111111158,0.8,-1
3976,9358,16.336666666667135,0.8,-1
3977,9359,16.34472222222269,0.8,-1
3978,9360,16.352777777778243,0.8,-1
3979,9361,16.360833333333797,0.8,-1
3980,9362,16.36888888888935,0.8,-1
3981,9363,16.376944444444906,0.8,-1
3982,9364,16.38500000000046,0.8,-1
3983,9365,16.393055555556014,0.8,-1
3984,9366,16.401111111111568,0.8,-1
3985,9367,16.409166666667122,0.8,-1
3986,9368,16.417222222222676,0.8,-1
3987,9369,16.42527777777823,0.8,-1
3988,9370,16.433333333333785,0.8,-1
3989,9371,16.44138888888934,0.8,-1
3990,9372,16.449444444444893,0.8,-1
3991,9373,16.457500000000447,0.8,-1
3992,9374,16.465555555556,0.8,-1
3993,9375,16.473611111111556,0.8,-1
3994,9376,16.48166666666711,0.8,-1
3995,9377,16.489722222222664,0.8,-1
3996,9378,16.497777777778218,0.8,-1
3997,9379,16.505833333333772,0.8,-1
3998,9380,16.513888888889326,0.8,-1
3999,9381,16.52194444444488,0.8,-1
4000,9382,16.530000000000435,0.8,-1
4001,9383,16.53805555555599,0.8,-1
4002,9384,16.546111111111543,0.8,-1
4003,9385,16.554166666667097,0.8,-1
4004,9386,16.56222222222265,0.8,-1
4005,9387,16.570277777778205,0.8,-1
4006,9388,16.57833333333376,0.8,-1
4007,9389,16.586388888889314,0.8,-1
4008,9390,16.594444444444868,0.8,-1
4009,9391,16.602500000000422,0.8,-1
4010,9392,16.602500000000422,0.725,32
4011,9393,16.602500000000422,0.725,32
4012,9394,16.602500000000422,0.725,32
4013,9395,16.602500000000422,0.725,32
4014,9396,16.602500000000422,0.725,32
4015,9397,16.602500000000422,0.725,32
4016,9398,16.602500000000422,0.725,32
4017,9399,16.602500000000422,0.725,32
4018,9400,16.602500000000422,0.725,32
4019,9401,16.602500000000422,0.725,32
4020,9402,16.602500000000422,0.725,32
4021,9403,16.602500000000422,0.725,32
4022,9404,16.602500000000422,0.725,32
4023,9405,16.602500000000422,0.725,32
4024,9406,16.602500000000422,0.725,32
4025,9407,16.602500000000422,0.725,32
4026,9408,16.602500000000422,0.725,32
4027,9409,16.602500000000422,0.725,32
4028,9410,16.602500000000422,0.725,32
4029,9411,16.602500000000422,0.725,32
4030,9412,16.602500000000422,0.725,32
4031,9413,16.602500000000422,0.725,32
4032,9414,16.602500000000422,0.725,32
4033,9415,16.602500000000422,0.725,32
4034,9416,16.602500000000422,0.725,32
4035,9417,16.602500000000422,0.725,32
4036,9418,16.602500000000422,0.725,32
4037,9419,16.602500000000422,0.725,32
4038,9420,16.602500000000422,0.725,32
4039,9421,16.602500000000422,0.725,32
4040,9422,16.602500000000422,0.725,32
4041,9423,16.602500000000422,0.725,32
4042,9424,16.602500000000422,0.725,32
4043,9425,16.602500000000422,0.725,32
4044,9426,16.602500000000422,0.725,32
4045,9427,16.602500000000422,0.725,32
4046,9428,16.602500000000422,0.725,32
4047,9429,16.602500000000422,0.725,32
4048,9430,16.602500000000422,0.725,32
4049,9431,16.602500000000422,0.725,32
4050,9432,16.602500000000422,0.725,32
4051,9433,16.602500000000422,0.725,32
4052,9434,16.602500000000422,0.725,32
4053,9435,16.602500000000422,0.725,32
4054,9436,16.602500000000422,0.725,32
4055,9437,16.602500000000422,0.725,32
4056,9438,16.602500000000422,0.725,32
4057,9439,16.602500000000422,0.725,32
4058,9440,16.602500000000422,0.725,32
4059,9441,16.602500000000422,0.725,32
4060,9442,16.602500000000422,0.725,32
4061,9443,16.602500000000422,0.725,32
4062,9444,16.602500000000422,0.725,32
4063,9445,16.602500000000422,0.725,32
4064,9446,16.602500000000422,0.725,32
4065,9447,16.602500000000422,0.725,32
4066,9448,16.602500000000422,0.725,32
4067,9449,16.602500000000422,0.725,32
4068,9450,16.602500000000422,0.725,32
4069,9451,16.602500000000422,0.725,32
4070,9452,16.602500000000422,0.725,32
4071,9453,16.602500000000422,0.725,32
4072,9454,16.602500000000422,0.725,32
4073,9455,16.602500000000422,0.725,32
4074,9456,16.602500000000422,0.725,32
4075,9457,16.602500000000422,0.725,32
4076,9458,16.602500000000422,0.725,32
4077,9459,16.602500000000422,0.725,32
4078,9460,16.602500000000422,0.725,32
4079,9461,16.602500000000422,0.725,32
4080,9462,16.602500000000422,0.725,32
4081,9463,16.602500000000422,0.725,32
4082,9464,16.602500000000422,0.725,32
4083,9465,16.602500000000422,0.725,32
4084,9466,16.602500000000422,0.725,32
4085,9467,16.602500000000422,0.725,32
4086,9468,16.602500000000422,0.725,32
4087,9469,16.602500000000422,0.725,32
4088,9470,16.602500000000422,0.725,32
4089,9471,16.602500000000422,0.725,32
4090,9472,16.602500000000422,0.725,32
4091,9473,16.602500000000422,0.725,32
4092,9474,16.602500000000422,0.725,32
4093,9475,16.602500000000422,0.725,32
4094,9476,16.602500000000422,0.725,32
4095,9477,16.602500000000422,0.725,32
4096,9478,16.602500000000422,0.725,32
4097,9479,16.602500000000422,0.725,32
4098,9480,16.610555555555976,0.725,-1
4099,9481,16.61861111111153,0.725,-1
4100,9482,16.626666666667084,0.725,-1
4101,9483,16.63472222222264,0.725,-1
4102,9484,16.642777777778193,0.725,-1
4103,9485,16.650833333333747,0.725,-1
4104,9486,16.6588888888893,0.725,-1
4105,9487,16.666944444444855,0.725,-1
4106,9488,16.67500000000041,0.725,-1
4107,9489,16.683055555555963,0.725,-1
4108,9490,16.691111111111518,0.725,-1
4109,9491,16.69916666666707,0.725,-1
4110,9492,16.707222222222626,0.725,-1
4111,9493,16.71527777777818,0.725,-1
4112,9494,16.723333333333734,0.725,-1
4113,9495,16.73138888888929,0.725,-1
4114,9496,16.739444444444842,0.725,-1
4115,9497,16.747500000000397,0.725,-1
4116,9498,16.75555555555595,0.725,-1
4117,9499,16.763611111111505,0.725,-1
4118,9500,16.77166666666706,0.725,-1
4119,9501,16.779722222222613,0.725,-1
4120,9502,16.787777777778167,0.725,-1
4121,9503,16.79583333333372,0.725,-1
4122,9504,16.803888888889276,0.725,-1
4123,9505,16.81194444444483,0.725,-1
4124,9506,16.820000000000384,0.725,-1
4125,9507,16.828055555555938,0.725,-1
4126,9508,16.836111111111492,0.725,-1
4127,9509,16.844166666667046,0.725,-1
4128,9510,16.8522222222226,0.725,-1
4129,9511,16.860277777778155,0.725,-1
4130,9512,16.86833333333371,0.725,-1
4131,9513,16.876388888889263,0.725,-1
4132,9514,16.884444444444817,0.725,-1
4133,9515,16.89250000000037,0.725,-1
4134,9516,16.900555555555925,0.725,-1
4135,9517,16.90861111111148,0.725,-1
4136,9518,16.916666666667034,0.725,-1
4137,9519,16.924722222222588,0.725,-1
4138,9520,16.932777777778142,0.725,-1
4139,9521,16.940833333333696,0.725,-1
4140,9522,16.94888888888925,0.725,-1
4141,9523,16.956944444444805,0.725,-1
4142,9524,16.96500000000036,0.725,-1
4143,9525,16.96500000000036,0.675,33
4144,9526,16.96500000000036,0.675,33
4145,9527,16.96500000000036,0.675,33
4146,9528,16.96500000000036,0.675,33
4147,9529,16.96500000000036,0.675,33
4148,9530,16.96500000000036,0.675,33
4149,9531,16.96500000000036,0.675,33
4150,9532,16.96500000000036,0.675,33
4151,9533,16.96500000000036,0.675,33
4152,9534,16.96500000000036,0.675,33
4153,9535,16.96500000000036,0.675,33
4154,9536,16.96500000000036,0.675,33
4155,9537,16.96500000000036,0.675,33
4156,9538,16.96500000000036,0.675,33
4157,9539,16.96500000000036,0.675,33
4158,9540,16.96500000000036,0.675,33
4159,9541,16.96500000000036,0.675,33
4160,9542,16.96500000000036,0.675,33
4161,9543,16.96500000000036,0.675,33
4162,9544,16.96500000000036,0.675,33
4163,9545,16.96500000000036,0.675,33
4164,9546,16.96500000000036,0.675,33
4165,9547,16.96500000000036,0.675,33
4166,9548,16.96500000000036,0.675,33
4167,9549,16.96500000000036,0.675,33
4168,9550,16.96500000000036,0.675,33
4169,9551,16.96500000000036,0.675,33
4170,9552,16.96500000000036,0.675,33
4171,9553,16.96500000000036,0.675,33
4172,9554,16.96500000000036,0.675,33
4173,9555,16.96500000000036,0.675,33
4174,9556,16.96500000000036,0.675,33
4175,9557,16.96500000000036,0.675,33
4176,9558,16.96500000000036,0.675,33
4177,9559,16.96500000000036,0.675,33
4178,9560,16.96500000000036,0.675,33
4179,9561,16.96500000000036,0.675,33
4180,9562,16.96500000000036,0.675,33
4181,9563,16.96500000000036,0.675,33
4182,9564,16.96500000000036,0.675,33
4183,9565,16.973055555555913,0.675,-1
4184,9566,16.981111111111467,0.675,-1
4185,9567,16.98916666666702,0.675,-1
4186,9568,16.997222222222575,0.675,-1
4187,9569,17.00527777777813,0.675,-1
4188,9570,17.013333333333684,0.675,-1
4189,9571,17.021388888889238,0.675,-1
4190,9572,17.029444444444792,0.675,-1
4191,9573,17.037500000000346,0.675,-1
4192,9574,17.0455555555559,0.675,-1
4193,9575,17.053611111111454,0.675,-1
4194,9576,17.06166666666701,0.675,-1
4195,9577,17.069722222222563,0.675,-1
4196,9578,17.077777777778117,0.675,-1
4197,9579,17.08583333333367,0.675,-1
4198,9580,17.093888888889225,0.675,-1
4199,9581,17.10194444444478,0.675,-1
4200,9582,17.110000000000333,0.675,-1
4201,9583,17.118055555555888,0.675,-1
4202,9584,17.12611111111144,0.675,-1
4203,9585,17.134166666666996,0.675,-1
4204,9586,17.14222222222255,0.675,-1
4205,9587,17.150277777778104,0.675,-1
4206,9588,17.15833333333366,0.675,-1
4207,9589,17.166388888889212,0.675,-1
4208,9590,17.174444444444767,0.675,-1
4209,9591,17.18250000000032,0.675,-1
4210,9592,17.190555555555875,0.675,-1
4211,9593,17.19861111111143,0.675,-1
4212,9594,17.206666666666983,0.675,-1
4213,9595,17.214722222222537,0.675,-1
4214,9596,17.22277777777809,0.675,-1
4215,9597,17.230833333333646,0.675,-1
4216,9598,17.2388888888892,0.675,-1
4217,9599,17.246944444444754,0.675,-1
4218,9600,17.255000000000308,0.675,-1
4219,9601,17.263055555555862,0.675,-1
4220,9602,17.271111111111416,0.675,-1
4221,9603,17.27916666666697,0.675,-1
4222,9604,17.287222222222525,0.675,-1
4223,9605,17.29527777777808,0.675,-1
4224,9606,17.303333333333633,0.675,-1
4225,9607,17.311388888889187,0.675,-1
4226,9608,17.31944444444474,0.675,-1
4227,9609,17.327500000000295,0.675,-1
4228,9610,17.33555555555585,0.675,-1
4229,9611,17.343611111111404,0.675,-1
4230,9612,17.351666666666958,0.675,-1
4231,9613,17.359722222222512,0.675,-1
4232,9614,17.367777777778066,0.675,-1
4233,9615,17.37583333333362,0.675,-1
4234,9616,17.383888888889174,0.675,-1
4235,9617,17.39194444444473,0.675,-1
4236,9618,17.400000000000283,0.675,-1
4237,9619,17.408055555555837,0.675,-1
4238,9620,17.41611111111139,0.675,-1
4239,9621,17.424166666666945,0.675,-1
4240,9622,17.4322222222225,0.675,-1
4241,9623,17.440277777778054,0.675,-1
4242,9624,17.448333333333608,0.675,-1
4243,9625,17.456388888889162,0.675,-1
4244,9626,17.464444444444716,0.675,-1
4245,9627,17.47250000000027,0.675,-1
4246,9628,17.480555555555824,0.675,-1
4247,9629,17.48861111111138,0.675,-1
4248,9630,17.496666666666933,0.675,-1
4249,9631,17.504722222222487,0.675,-1
4250,9632,17.51277777777804,0.675,-1
4251,9633,17.520833333333595,0.675,-1
4252,9634,17.52888888888915,0.675,-1
4253,9635,17.536944444444703,0.675,-1
4254,9636,17.545000000000258,0.675,-1
4255,9637,17.55305555555581,0.675,-1
4256,9638,17.561111111111366,0.675,-1
4257,9639,17.56916666666692,0.675,-1
4258,9640,17.577222222222474,0.675,-1
4259,9641,17.58527777777803,0.675,-1
4260,9642,17.593333333333582,0.675,-1
4261,9643,17.601388888889137,0.675,-1
4262,9644,17.60944444444469,0.675,-1
4263,9645,17.60944444444469,0.525,34
4264,9646,17.60944444444469,0.525,34
4265,9647,17.60944444444469,0.525,34
4266,9648,17.60944444444469,0.525,34
4267,9649,17.60944444444469,0.525,34
4268,9650,17.60944444444469,0.525,34
4269,9651,17.60944444444469,0.525,34
4270,9652,17.60944444444469,0.525,34
4271,9653,17.60944444444469,0.525,34
4272,9654,17.60944444444469,0.525,34
4273,9655,17.60944444444469,0.525,34
4274,9656,17.60944444444469,0.525,34
4275,9657,17.60944444444469,0.525,34
4276,9658,17.60944444444469,0.525,34
4277,9659,17.60944444444469,0.525,34
4278,9660,17.60944444444469,0.525,34
4279,9661,17.60944444444469,0.525,34
4280,9662,17.60944444444469,0.525,34
4281,9663,17.60944444444469,0.525,34
4282,9664,17.60944444444469,0.525,34
4283,9665,17.60944444444469,0.525,34
4284,9666,17.60944444444469,0.525,34
4285,9667,17.60944444444469,0.525,34
4286,9668,17.60944444444469,0.525,34
4287,9669,17.60944444444469,0.525,34
4288,9670,17.60944444444469,0.525,34
4289,9671,17.60944444444469,0.525,34
4290,9672,17.60944444444469,0.525,34
4291,9673,17.60944444444469,0.525,34
4292,9674,17.60944444444469,0.525,34
4293,9675,17.60944444444469,0.525,34
4294,9676,17.60944444444469,0.525,34
4295,9677,17.60944444444469,0.525,34
4296,9678,17.60944444444469,0.525,34
4297,9679,17.60944444444469,0.525,34
4298,9680,17.60944444444469,0.525,34
4299,9681,17.60944444444469,0.525,34
4300,9682,17.60944444444469,0.525,34
4301,9683,17.60944444444469,0.525,34
4302,9684,17.60944444444469,0.525,34
4303,9685,17.60944444444469,0.525,34
4304,9686,17.60944444444469,0.525,34
4305,9687,17.60944444444469,0.525,34
4306,9688,17.617500000000245,0.525,-1
4307,9689,17.6255555555558,0.525,-1
4308,9690,17.633611111111353,0.525,-1
4309,9691,17.641666666666907,0.525,-1
4310,9692,17.64972222222246,0.525,-1
4311,9693,17.657777777778016,0.525,-1
4312,9694,17.66583333333357,0.525,-1
4313,9695,17.673888888889124,0.525,-1
4314,9696,17.681944444444678,0.525,-1
4315,9697,17.690000000000232,0.525,-1
4316,9698,17.698055555555786,0.525,-1
4317,9699,17.70611111111134,0.525,-1
4318,9700,17.714166666666895,0.525,-1
4319,9701,17.72222222222245,0.525,-1
4320,9702,17.730277777778003,0.525,-1
4321,9703,17.738333333333557,0.525,-1
4322,9704,17.74638888888911,0.525,-1
4323,9705,17.754444444444665,0.525,-1
4324,9706,17.76250000000022,0.525,-1
4325,9707,17.770555555555774,0.525,-1
4326,9708,17.778611111111328,0.525,-1
4327,9709,17.786666666666882,0.525,-1
4328,9710,17.794722222222436,0.525,-1
4329,9711,17.80277777777799,0.525,-1
4330,9712,17.810833333333544,0.525,-1
4331,9713,17.8188888888891,0.525,-1
4332,9714,17.826944444444653,0.525,-1
4333,9715,17.835000000000207,0.525,-1
4334,9716,17.84305555555576,0.525,-1
4335,9717,17.851111111111315,0.525,-1
4336,9718,17.85916666666687,0.525,-1
4337,9719,17.867222222222424,0.525,-1
4338,9720,17.875277777777978,0.525,-1
4339,9721,17.883333333333532,0.525,-1
4340,9722,17.891388888889086,0.525,-1
4341,9723,17.89944444444464,0.525,-1
4342,9724,17.907500000000194,0.525,-1
4343,9725,17.91555555555575,0.525,-1
4344,9726,17.923611111111303,0.525,-1
4345,9727,17.931666666666857,0.525,-1
4346,9728,17.93972222222241,0.525,-1
4347,9729,17.947777777777965,0.525,-1
4348,9730,17.95583333333352,0.525,-1
4349,9731,17.963888888889073,0.525,-1
4350,9732,17.971944444444627,0.525,-1
4351,9733,17.98000000000018,0.525,-1
4352,9734,17.988055555555736,0.525,-1
4353,9735,17.99611111111129,0.525,-1
4354,9736,18.004166666666844,0.525,-1
4355,9737,18.012222222222398,0.525,-1
4356,9738,18.020277777777952,0.525,-1
4357,9739,18.028333333333507,0.525,-1
4358,9740,18.03638888888906,0.525,-1
4359,9741,18.044444444444615,0.525,-1
4360,9742,18.05250000000017,0.525,-1
4361,9743,18.060555555555723,0.525,-1
4362,9744,18.068611111111277,0.525,-1
4363,9745,18.07666666666683,0.525,-1
4364,9746,18.084722222222386,0.525,-1
4365,9747,18.09277777777794,0.525,-1
4366,9748,18.100833333333494,0.525,-1
4367,9749,18.108888888889048,0.525,-1
4368,9750,18.116944444444602,0.525,-1
4369,9751,18.125000000000156,0.525,-1
4370,9752,18.13305555555571,0.525,-1
4371,9753,18.141111111111265,0.525,-1
4372,9754,18.14916666666682,0.525,-1
4373,9755,18.157222222222373,0.525,-1
4374,9756,18.165277777777927,0.525,-1
4375,9757,18.17333333333348,0.525,-1
4376,9758,18.181388888889035,0.525,-1
4377,9759,18.18944444444459,0.525,-1
4378,9760,18.197500000000144,0.525,-1
4379,9761,18.205555555555698,0.525,-1
4380,9762,18.213611111111252,0.525,-1
4381,9763,18.221666666666806,0.525,-1
4382,9764,18.22972222222236,0.525,-1
4383,9765,18.237777777777914,0.525,-1
4384,9766,18.24583333333347,0.525,-1
4385,9767,18.253888888889023,0.525,-1
4386,9768,18.261944444444577,0.525,-1
4387,9769,18.27000000000013,0.525,-1
4388,9770,18.278055555555685,0.525,-1
4389,9771,18.28611111111124,0.525,-1
4390,9772,18.294166666666793,0.525,-1
4391,9773,18.302222222222348,0.525,-1
4392,9774,18.3102777777779,0.525,-1
4393,9775,18.318333333333456,0.525,-1
4394,9776,18.32638888888901,0.525,-1
4395,9777,18.334444444444564,0.525,-1
4396,9778,18.34250000000012,0.525,-1
4397,9779,18.350555555555673,0.525,-1
4398,9780,18.358611111111227,0.525,-1
4399,9781,18.36666666666678,0.525,-1
4400,9782,18.374722222222335,0.525,-1
4401,9783,18.38277777777789,0.525,-1
4402,9784,18.390833333333443,0.525,-1
4403,9785,18.398888888888997,0.525,-1
4404,9786,18.40694444444455,0.525,-1
4405,9787,18.415000000000106,0.525,-1
4406,9788,18.42305555555566,0.525,-1
4407,9789,18.431111111111214,0.525,-1
4408,9790,18.439166666666768,0.525,-1
4409,9791,18.447222222222322,0.525,-1
4410,9792,18.455277777777876,0.525,-1
4411,9793,18.46333333333343,0.525,-1
4412,9794,18.471388888888985,0.525,-1
4413,9795,18.47944444444454,0.525,-1
4414,9796,18.487500000000093,0.525,-1
4415,9797,18.495555555555647,0.525,-1
4416,9798,18.5036111111112,0.525,-1
4417,9799,18.511666666666756,0.525,-1
4418,9800,18.51972222222231,0.525,-1
4419,9801,18.527777777777864,0.525,-1
4420,9802,18.535833333333418,0.525,-1
4421,9803,18.543888888888972,0.525,-1
4422,9804,18.551944444444526,0.525,-1
4423,9805,18.56000000000008,0.525,-1
4424,9806,18.568055555555635,0.525,-1
4425,9807,18.57611111111119,0.525,-1
4426,9808,18.584166666666743,0.525,-1
4427,9809,18.592222222222297,0.525,-1
4428,9810,18.60027777777785,0.525,-1
4429,9811,18.608333333333405,0.525,-1
4430,9812,18.61638888888896,0.525,-1
4431,9813,18.624444444444514,0.525,-1
4432,9814,18.632500000000068,0.525,-1
4433,9815,18.640555555555622,0.525,-1
4434,9816,18.648611111111176,0.525,-1
4435,9817,18.65666666666673,0.525,-1
4436,9818,18.664722222222284,0.525,-1
4437,9819,18.67277777777784,0.525,-1
4438,9820,18.680833333333393,0.525,-1
4439,9821,18.688888888888947,0.525,-1
4440,9822,18.6969444444445,0.525,-1
4441,9823,18.705000000000055,0.525,-1
4442,9824,18.71305555555561,0.525,-1
4443,9825,18.721111111111163,0.525,-1
4444,9826,18.729166666666718,0.525,-1
4445,9827,18.73722222222227,0.525,-1
4446,9828,18.745277777777826,0.525,-1
4447,9829,18.75333333333338,0.525,-1
4448,9830,18.761388888888934,0.525,-1
4449,9831,18.76944444444449,0.525,-1
4450,9832,18.777500000000042,0.525,-1
4451,9833,18.785555555555597,0.525,-1
4452,9834,18.79361111111115,0.525,-1
4453,9835,18.801666666666705,0.525,-1
4454,9836,18.80972222222226,0.525,-1
4455,9837,18.817777777777813,0.525,-1
4456,9838,18.825833333333367,0.525,-1
4457,9839,18.83388888888892,0.525,-1
4458,9840,18.841944444444476,0.525,-1
4459,9841,18.85000000000003,0.525,-1
4460,9842,18.858055555555584,0.525,-1
4461,9843,18.866111111111138,0.525,-1
4462,9844,18.874166666666692,0.525,-1
4463,9845,18.882222222222246,0.525,-1
4464,9846,18.8902777777778,0.525,-1
4465,9847,18.898333333333355,0.525,-1
4466,9848,18.90638888888891,0.525,-1
4467,9849,18.914444444444463,0.525,-1
4468,9850,18.922500000000017,0.525,-1
4469,9851,18.93055555555557,0.525,-1
4470,9852,18.938611111111125,0.525,-1
4471,9853,18.94666666666668,0.525,-1
4472,9854,18.954722222222234,0.525,-1
4473,9855,18.962777777777788,0.525,-1
4474,9856,18.970833333333342,0.525,-1
4475,9857,18.978888888888896,0.525,-1
4476,9858,18.98694444444445,0.525,-1
4477,9859,18.995000000000005,0.525,-1
4478,9860,19.00305555555556,0.525,-1
4479,9861,19.011111111111113,0.525,-1
4480,9862,19.019166666666667,0.525,-1
4481,9863,19.02722222222222,0.525,-1
4482,9864,19.035277777777775,0.525,-1
4483,9865,19.04333333333333,0.525,-1
4484,9866,19.051388888888884,0.525,-1
4485,9867,19.059444444444438,0.525,-1
4486,9868,19.067499999999992,0.525,-1
4487,9869,19.075555555555546,0.525,-1
4488,9870,19.0836111111111,0.525,-1
4489,9871,19.091666666666654,0.525,-1
4490,9872,19.09972222222221,0.525,-1
4491,9873,19.107777777777763,0.525,-1
4492,9874,19.115833333333317,0.525,-1
4493,9875,19.12388888888887,0.525,-1
4494,9876,19.131944444444425,0.525,-1
4495,9877,19.13999999999998,0.525,-1
4496,9878,19.148055555555533,0.525,-1
4497,9879,19.156111111111088,0.525,-1
4498,9880,19.16416666666664,0.525,-1
4499,9881,19.172222222222196,0.525,-1
4500,9882,19.18027777777775,0.525,-1
4501,9883,19.188333333333304,0.525,-1
4502,9884,19.19638888888886,0.525,-1
4503,9885,19.204444444444412,0.525,-1
4504,9886,19.212499999999967,0.525,-1
4505,9887,19.22055555555552,0.525,-1
4506,9888,19.228611111111075,0.525,-1
4507,9889,19.23666666666663,0.525,-1
4508,9890,19.244722222222183,0.525,-1
4509,9891,19.252777777777737,0.525,-1
4510,9892,19.26083333333329,0.525,-1
4511,9893,19.268888888888846,0.525,-1
4512,9894,19.2769444444444,0.525,-1
4513,9895,19.284999999999954,0.525,-1
4514,9896,19.293055555555508,0.525,-1
4515,9897,19.301111111111062,0.525,-1
4516,9898,19.309166666666616,0.525,-1
4517,9899,19.31722222222217,0.525,-1
4518,9900,19.325277777777725,0.525,-1
4519,9901,19.33333333333328,0.525,-1
4520,9902,19.341388888888833,0.525,-1
4521,9903,19.349444444444387,0.525,-1
4522,9904,19.35749999999994,0.525,-1
4523,9905,19.365555555555495,0.525,-1
4524,9906,19.37361111111105,0.525,-1
4525,9907,19.381666666666604,0.525,-1
4526,9908,19.389722222222158,0.525,-1
4527,9909,19.397777777777712,0.525,-1
4528,9910,19.405833333333266,0.525,-1
4529,9911,19.41388888888882,0.525,-1
4530,9912,19.421944444444375,0.525,-1
4531,9913,19.42999999999993,0.525,-1
4532,9914,19.42999999999993,0.475,35
4533,9915,19.42999999999993,0.475,35
4534,9916,19.42999999999993,0.475,35
4535,9917,19.42999999999993,0.475,35
4536,9918,19.42999999999993,0.475,35
4537,9919,19.42999999999993,0.475,35
4538,9920,19.42999999999993,0.475,35
4539,9921,19.42999999999993,0.475,35
4540,9922,19.42999999999993,0.475,35
4541,9923,19.42999999999993,0.475,35
4542,9924,19.42999999999993,0.475,35
4543,9925,19.42999999999993,0.475,35
4544,9926,19.42999999999993,0.475,35
4545,9927,19.42999999999993,0.475,35
4546,9928,19.42999999999993,0.475,35
4547,9929,19.42999999999993,0.475,35
4548,9930,19.42999999999993,0.475,35
4549,9931,19.42999999999993,0.475,35
4550,9932,19.42999999999993,0.475,35
4551,9933,19.42999999999993,0.475,35
4552,9934,19.42999999999993,0.475,35
4553,9935,19.42999999999993,0.475,35
4554,9936,19.42999999999993,0.475,35
4555,9937,19.42999999999993,0.475,35
4556,9938,19.42999999999993,0.475,35
4557,9939,19.42999999999993,0.475,35
4558,9940,19.42999999999993,0.475,35
4559,9941,19.42999999999993,0.475,35
4560,9942,19.42999999999993,0.475,35
4561,9943,19.42999999999993,0.475,35
4562,9944,19.42999999999993,0.475,35
4563,9945,19.42999999999993,0.475,35
4564,9946,19.42999999999993,0.475,35
4565,9947,19.42999999999993,0.475,35
4566,9948,19.42999999999993,0.475,35
4567,9949,19.42999999999993,0.475,35
4568,9950,19.42999999999993,0.475,35
4569,9951,19.42999999999993,0.475,35
4570,9952,19.42999999999993,0.475,35
4571,9953,19.42999999999993,0.475,35
4572,9954,19.42999999999993,0.475,35
4573,9955,19.42999999999993,0.475,35
4574,9956,19.42999999999993,0.475,35
4575,9957,19.42999999999993,0.475,35
4576,9958,19.42999999999993,0.475,35
4577,9959,19.42999999999993,0.475,35
4578,9960,19.42999999999993,0.475,35
4579,9961,19.42999999999993,0.475,35
4580,9962,19.42999999999993,0.475,35
4581,9963,19.42999999999993,0.475,35
4582,9964,19.42999999999993,0.475,35
4583,9965,19.42999999999993,0.475,35
4584,9966,19.42999999999993,0.475,35
4585,9967,19.42999999999993,0.475,35
4586,9968,19.42999999999993,0.475,35
4587,9969,19.42999999999993,0.475,35
4588,9970,19.42999999999993,0.475,35
4589,9971,19.42999999999993,0.475,35
4590,9972,19.42999999999993,0.475,35
4591,9973,19.42999999999993,0.475,35
4592,9974,19.42999999999993,0.475,35
4593,9975,19.42999999999993,0.475,35
4594,9976,19.42999999999993,0.475,35
4595,9977,19.42999999999993,0.475,35
4596,9978,19.42999999999993,0.475,35
4597,9979,19.42999999999993,0.475,35
4598,9980,19.42999999999993,0.475,35
4599,9981,19.42999999999993,0.475,35
4600,9982,19.42999999999993,0.475,35
4601,9983,19.42999999999993,0.475,35
4602,9984,19.42999999999993,0.475,35
4603,9985,19.42999999999993,0.475,35
4604,9986,19.42999999999993,0.475,35
4605,9987,19.42999999999993,0.475,35
4606,9988,19.42999999999993,0.475,35
4607,9989,19.42999999999993,0.475,35
4608,9990,19.42999999999993,0.475,35
4609,9991,19.42999999999993,0.475,35
4610,9992,19.42999999999993,0.475,35
4611,9993,19.42999999999993,0.475,35
4612,9994,19.42999999999993,0.475,35
4613,9995,19.42999999999993,0.475,35
4614,9996,19.42999999999993,0.475,35
4615,9997,19.42999999999993,0.475,35
4616,9998,19.42999999999993,0.475,35
4617,9999,19.42999999999993,0.475,35
4618,10000,19.42999999999993,0.475,35
4619,10001,19.42999999999993,0.475,35
4620,10002,19.42999999999993,0.475,35
4621,10003,19.42999999999993,0.475,35
4622,10004,19.42999999999993,0.475,35
4623,10005,19.42999999999993,0.475,35
4624,10006,19.42999999999993,0.475,35
4625,10007,19.42999999999993,0.475,35
4626,10008,19.42999999999993,0.475,35
4627,10009,19.42999999999993,0.475,35
4628,10010,19.42999999999993,0.475,35
4629,10011,19.438055555555483,0.475,-1
4630,10012,19.438055555555483,0.4375,36
4631,10013,19.438055555555483,0.4375,36
4632,10014,19.438055555555483,0.4375,36
4633,10015,19.438055555555483,0.4375,36
4634,10016,19.438055555555483,0.4375,36
4635,10017,19.438055555555483,0.4375,36
4636,10018,19.438055555555483,0.4375,36
4637,10019,19.438055555555483,0.4375,36
4638,10020,19.438055555555483,0.4375,36
4639,10021,19.438055555555483,0.4375,36
4640,10022,19.438055555555483,0.4375,36
4641,10023,19.438055555555483,0.4375,36
4642,10024,19.438055555555483,0.4375,36
4643,10025,19.438055555555483,0.4375,36
4644,10026,19.438055555555483,0.4375,36
4645,10027,19.438055555555483,0.4375,36
4646,10028,19.438055555555483,0.4375,36
4647,10029,19.438055555555483,0.4375,36
4648,10030,19.438055555555483,0.4375,36
4649,10031,19.438055555555483,0.4375,36
4650,10032,19.438055555555483,0.4375,36
4651,10033,19.438055555555483,0.4375,36
4652,10034,19.438055555555483,0.4375,36
4653,10035,19.438055555555483,0.4375,36
4654,10036,19.438055555555483,0.4375,36
4655,10037,19.438055555555483,0.4375,36
4656,10038,19.438055555555483,0.4375,36
4657,10039,19.438055555555483,0.4375,36
4658,10040,19.438055555555483,0.4375,36
4659,10041,19.438055555555483,0.4375,36
4660,10042,19.438055555555483,0.4375,36
4661,10043,19.438055555555483,0.4375,36
4662,10044,19.438055555555483,0.4375,36
4663,10045,19.438055555555483,0.4375,36
4664,10046,19.438055555555483,0.4375,36
4665,10047,19.438055555555483,0.4375,36
4666,10048,19.438055555555483,0.4375,36
4667,10049,19.438055555555483,0.4375,36
4668,10050,19.438055555555483,0.4375,36
4669,10051,19.438055555555483,0.4375,36
4670,10052,19.438055555555483,0.4375,36
4671,10053,19.438055555555483,0.4375,36
4672,10054,19.438055555555483,0.4375,36
4673,10055,19.438055555555483,0.4375,36
4674,10056,19.438055555555483,0.4375,36
4675,10057,19.438055555555483,0.4375,36
4676,10058,19.438055555555483,0.4375,36
4677,10059,19.438055555555483,0.4375,36
4678,10060,19.438055555555483,0.4375,36
4679,10061,19.438055555555483,0.4375,36
4680,10062,19.438055555555483,0.4375,36
4681,10063,19.438055555555483,0.4375,36
4682,10064,19.438055555555483,0.4375,36
4683,10065,19.438055555555483,0.4375,36
4684,10066,19.438055555555483,0.4375,36
4685,10067,19.438055555555483,0.4375,36
4686,10068,19.438055555555483,0.4375,36
4687,10069,19.438055555555483,0.4375,36
4688,10070,19.438055555555483,0.4375,36
4689,10071,19.438055555555483,0.4375,36
4690,10072,19.438055555555483,0.4375,36
4691,10073,19.438055555555483,0.4375,36
4692,10074,19.438055555555483,0.4375,36
4693,10075,19.438055555555483,0.4375,36
4694,10076,19.438055555555483,0.4375,36
4695,10077,19.438055555555483,0.4375,36
4696,10078,19.438055555555483,0.4375,36
4697,10079,19.438055555555483,0.4375,36
4698,10080,19.438055555555483,0.4375,36
4699,10081,19.438055555555483,0.4375,36
4700,10082,19.438055555555483,0.4375,36
4701,10083,19.438055555555483,0.4375,36
4702,10084,19.438055555555483,0.4375,36
4703,10085,19.438055555555483,0.4375,36
4704,10086,19.438055555555483,0.4375,36
4705,10087,19.438055555555483,0.4375,36
4706,10088,19.438055555555483,0.4375,36
4707,10089,19.438055555555483,0.4375,36
4708,10090,19.438055555555483,0.4375,36
4709,10091,19.438055555555483,0.4375,36
4710,10092,19.438055555555483,0.4375,36
4711,10093,19.438055555555483,0.4375,36
4712,10094,19.438055555555483,0.4375,36
4713,10095,19.438055555555483,0.4375,36
4714,10096,19.438055555555483,0.4375,36
4715,10097,19.438055555555483,0.4375,36
4716,10098,19.438055555555483,0.4375,36
4717,10099,19.438055555555483,0.4375,36
4718,10100,19.438055555555483,0.4375,36
4719,10101,19.438055555555483,0.4375,36
4720,10102,19.438055555555483,0.4375,36
4721,10103,19.438055555555483,0.4375,36
4722,10104,19.438055555555483,0.4375,36
4723,10105,19.438055555555483,0.4375,36
4724,10106,19.438055555555483,0.4375,36
4725,10107,19.438055555555483,0.4375,36
4726,10108,19.438055555555483,0.4375,36
4727,10109,19.438055555555483,0.4375,36
4728,10110,19.438055555555483,0.4375,36
4729,10111,19.446111111111037,0.4375,-1
4730,10112,19.45416666666659,0.4375,-1
4731,10113,19.462222222222145,0.4375,-1
4732,10114,19.4702777777777,0.4375,-1
4733,10115,19.478333333333254,0.4375,-1
4734,10116,19.486388888888808,0.4375,-1
4735,10117,19.494444444444362,0.4375,-1
4736,10118,19.502499999999916,0.4375,-1
4737,10119,19.51055555555547,0.4375,-1
4738,10120,19.518611111111024,0.4375,-1
4739,10121,19.52666666666658,0.4375,-1
4740,10122,19.534722222222133,0.4375,-1
4741,10123,19.542777777777687,0.4375,-1
4742,10124,19.55083333333324,0.4375,-1
4743,10125,19.558888888888795,0.4375,-1
4744,10126,19.56694444444435,0.4375,-1
4745,10127,19.574999999999903,0.4375,-1
4746,10128,19.583055555555458,0.4375,-1
4747,10129,19.59111111111101,0.4375,-1
4748,10130,19.599166666666566,0.4375,-1
4749,10131,19.60722222222212,0.4375,-1
4750,10132,19.615277777777674,0.4375,-1
4751,10133,19.62333333333323,0.4375,-1
4752,10134,19.631388888888782,0.4375,-1
4753,10135,19.639444444444337,0.4375,-1
4754,10136,19.64749999999989,0.4375,-1
4755,10137,19.655555555555445,0.4375,-1
4756,10138,19.663611111111,0.4375,-1
4757,10139,19.671666666666553,0.4375,-1
4758,10140,19.679722222222107,0.4375,-1
4759,10141,19.68777777777766,0.4375,-1
4760,10142,19.695833333333216,0.4375,-1
4761,10143,19.70388888888877,0.4375,-1
4762,10144,19.711944444444324,0.4375,-1
4763,10145,19.719999999999878,0.4375,-1
4764,10146,19.728055555555432,0.4375,-1
4765,10147,19.736111111110986,0.4375,-1
4766,10148,19.74416666666654,0.4375,-1
4767,10149,19.752222222222095,0.4375,-1
4768,10150,19.76027777777765,0.4375,-1
4769,10151,19.768333333333203,0.4375,-1
4770,10152,19.776388888888757,0.4375,-1
4771,10153,19.78444444444431,0.4375,-1
4772,10154,19.78444444444431,0.3,37
4773,10155,19.78444444444431,0.3,37
4774,10156,19.78444444444431,0.3,37
4775,10157,19.78444444444431,0.3,37
4776,10158,19.78444444444431,0.3,37
4777,10159,19.78444444444431,0.3,37
4778,10160,19.78444444444431,0.3,37
4779,10161,19.78444444444431,0.3,37
4780,10162,19.78444444444431,0.3,37
4781,10163,19.78444444444431,0.3,37
4782,10164,19.78444444444431,0.3,37
4783,10165,19.78444444444431,0.3,37
4784,10166,19.78444444444431,0.3,37
4785,10167,19.78444444444431,0.3,37
4786,10168,19.78444444444431,0.3,37
4787,10169,19.78444444444431,0.3,37
4788,10170,19.78444444444431,0.3,37
4789,10171,19.78444444444431,0.3,37
4790,10172,19.78444444444431,0.3,37
4791,10173,19.78444444444431,0.3,37
4792,10174,19.78444444444431,0.3,37
4793,10175,19.78444444444431,0.3,37
4794,10176,19.78444444444431,0.3,37
4795,10177,19.78444444444431,0.3,37
4796,10178,19.78444444444431,0.3,37
4797,10179,19.78444444444431,0.3,37
4798,10180,19.78444444444431,0.3,37
4799,10181,19.78444444444431,0.3,37
4800,10182,19.78444444444431,0.3,37
4801,10183,19.78444444444431,0.3,37
4802,10184,19.78444444444431,0.3,37
4803,10185,19.78444444444431,0.3,37
4804,10186,19.78444444444431,0.3,37
4805,10187,19.78444444444431,0.3,37
4806,10188,19.78444444444431,0.3,37
4807,10189,19.78444444444431,0.3,37
4808,10190,19.78444444444431,0.3,37
4809,10191,19.78444444444431,0.3,37
4810,10192,19.78444444444431,0.3,37
4811,10193,19.78444444444431,0.3,37
4812,10194,19.78444444444431,0.3,37
4813,10195,19.78444444444431,0.3,37
4814,10196,19.78444444444431,0.3,37
4815,10197,19.78444444444431,0.3,37
4816,10198,19.78444444444431,0.3,37
4817,10199,19.78444444444431,0.3,37
4818,10200,19.78444444444431,0.3,37
4819,10201,19.78444444444431,0.3,37
4820,10202,19.78444444444431,0.3,37
4821,10203,19.78444444444431,0.3,37
4822,10204,19.78444444444431,0.3,37
4823,10205,19.78444444444431,0.3,37
4824,10206,19.78444444444431,0.3,37
4825,10207,19.78444444444431,0.3,37
4826,10208,19.78444444444431,0.3,37
4827,10209,19.78444444444431,0.3,37
4828,10210,19.78444444444431,0.3,37
4829,10211,19.78444444444431,0.3,37
4830,10212,19.78444444444431,0.3,37
4831,10213,19.78444444444431,0.3,37
4832,10214,19.78444444444431,0.3,37
4833,10215,19.78444444444431,0.3,37
4834,10216,19.78444444444431,0.3,37
4835,10217,19.78444444444431,0.3,37
4836,10218,19.78444444444431,0.3,37
4837,10219,19.78444444444431,0.3,37
4838,10220,19.78444444444431,0.3,37
4839,10221,19.78444444444431,0.3,37
4840,10222,19.78444444444431,0.3,37
4841,10223,19.78444444444431,0.3,37
4842,10224,19.78444444444431,0.3,37
4843,10225,19.78444444444431,0.3,37
4844,10226,19.78444444444431,0.3,37
4845,10227,19.78444444444431,0.3,37
4846,10228,19.78444444444431,0.3,37
4847,10229,19.78444444444431,0.3,37
4848,10230,19.78444444444431,0.3,37
4849,10231,19.78444444444431,0.3,37
4850,10232,19.78444444444431,0.3,37
4851,10233,19.78444444444431,0.3,37
4852,10234,19.78444444444431,0.3,37
4853,10235,19.78444444444431,0.3,37
4854,10236,19.78444444444431,0.3,37
4855,10237,19.78444444444431,0.3,37
4856,10238,19.78444444444431,0.3,37
4857,10239,19.78444444444431,0.3,37
4858,10240,19.78444444444431,0.3,37
4859,10241,19.78444444444431,0.3,37
4860,10242,19.78444444444431,0.3,37
4861,10243,19.78444444444431,0.3,37
4862,10244,19.78444444444431,0.3,37
4863,10245,19.78444444444431,0.3,37
4864,10246,19.78444444444431,0.3,37
4865,10247,19.78444444444431,0.3,37
4866,10248,19.78444444444431,0.3,37
4867,10249,19.78444444444431,0.3,37
4868,10250,19.78444444444431,0.3,37
4869,10251,19.78444444444431,0.3,37
4870,10252,19.78444444444431,0.3,37
4871,10253,19.78444444444431,0.3,37
4872,10254,19.78444444444431,0.3,37
4873,10255,19.792499999999865,0.3,-1
4874,10256,19.80055555555542,0.3,-1
4875,10257,19.808611111110974,0.3,-1
4876,10258,19.816666666666528,0.3,-1
4877,10259,19.824722222222082,0.3,-1
4878,10260,19.832777777777636,0.3,-1
4879,10261,19.84083333333319,0.3,-1
4880,10262,19.848888888888744,0.3,-1
4881,10263,19.8569444444443,0.3,-1
4882,10264,19.864999999999853,0.3,-1
4883,10265,19.873055555555407,0.3,-1
4884,10266,19.88111111111096,0.3,-1
4885,10267,19.889166666666515,0.3,-1
4886,10268,19.89722222222207,0.3,-1
4887,10269,19.905277777777624,0.3,-1
4888,10270,19.913333333333178,0.3,-1
4889,10271,19.921388888888732,0.3,-1
4890,10272,19.929444444444286,0.3,-1
4891,10273,19.93749999999984,0.3,-1
4892,10274,19.945555555555394,0.3,-1
4893,10275,19.95361111111095,0.3,-1
4894,10276,19.961666666666503,0.3,-1
4895,10277,19.969722222222057,0.3,-1
4896,10278,19.97777777777761,0.3,-1
4897,10279,19.985833333333165,0.3,-1
4898,10280,19.99388888888872,0.3,-1
4899,10281,20.001944444444273,0.3,-1
4900,10282,20.009999999999827,0.3,-1
4901,10283,20.01805555555538,0.3,-1
4902,10284,20.026111111110936,0.3,-1
4903,10285,20.03416666666649,0.3,-1
4904,10286,20.042222222222044,0.3,-1
4905,10287,20.0502777777776,0.3,-1
4906,10288,20.058333333333152,0.3,-1
4907,10289,20.066388888888707,0.3,-1
4908,10290,20.07444444444426,0.3,-1
4909,10291,20.082499999999815,0.3,-1
4910,10292,20.09055555555537,0.3,-1
4911,10293,20.098611111110923,0.3,-1
4912,10294,20.106666666666477,0.3,-1
4913,10295,20.11472222222203,0.3,-1
4914,10296,20.122777777777586,0.3,-1
4915,10297,20.13083333333314,0.3,-1
4916,10298,20.138888888888694,0.3,-1
4917,10299,20.146944444444248,0.3,-1
4918,10300,20.154999999999802,0.3,-1
4919,10301,20.163055555555356,0.3,-1
4920,10302,20.17111111111091,0.3,-1
4921,10303,20.179166666666465,0.3,-1
4922,10304,20.18722222222202,0.3,-1
4923,10305,20.195277777777573,0.3,-1
4924,10306,20.203333333333127,0.3,-1
4925,10307,20.21138888888868,0.3,-1
4926,10308,20.219444444444235,0.3,-1
4927,10309,20.22749999999979,0.3,-1
4928,10310,20.235555555555344,0.3,-1
4929,10311,20.243611111110898,0.3,-1
4930,10312,20.251666666666452,0.3,-1
4931,10313,20.259722222222006,0.3,-1
4932,10314,20.26777777777756,0.3,-1
4933,10315,20.275833333333114,0.3,-1
4934,10316,20.28388888888867,0.3,-1
4935,10317,20.291944444444223,0.3,-1
4936,10318,20.299999999999777,0.3,-1
4937,10319,20.30805555555533,0.3,-1
4938,10320,20.316111111110885,0.3,-1
4939,10321,20.32416666666644,0.3,-1
4940,10322,20.32416666666644,0.175,38
4941,10323,20.32416666666644,0.175,38
4942,10324,20.32416666666644,0.175,38
4943,10325,20.32416666666644,0.175,38
4944,10326,20.32416666666644,0.175,38
4945,10327,20.32416666666644,0.175,38
4946,10328,20.32416666666644,0.175,38
4947,10329,20.32416666666644,0.175,38
4948,10330,20.32416666666644,0.175,38
4949,10331,20.32416666666644,0.175,38
4950,10332,20.32416666666644,0.175,38
4951,10333,20.32416666666644,0.175,38
4952,10334,20.32416666666644,0.175,38
4953,10335,20.32416666666644,0.175,38
4954,10336,20.32416666666644,0.175,38
4955,10337,20.32416666666644,0.175,38
4956,10338,20.32416666666644,0.175,38
4957,10339,20.32416666666644,0.175,38
4958,10340,20.32416666666644,0.175,38
4959,10341,20.32416666666644,0.175,38
4960,10342,20.32416666666644,0.175,38
4961,10343,20.32416666666644,0.175,38
4962,10344,20.32416666666644,0.175,38
4963,10345,20.32416666666644,0.175,38
4964,10346,20.32416666666644,0.175,38
4965,10347,20.32416666666644,0.175,38
4966,10348,20.32416666666644,0.175,38
4967,10349,20.32416666666644,0.175,38
4968,10350,20.32416666666644,0.175,38
4969,10351,20.32416666666644,0.175,38
4970,10352,20.32416666666644,0.175,38
4971,10353,20.32416666666644,0.175,38
4972,10354,20.32416666666644,0.175,38
4973,10355,20.32416666666644,0.175,38
4974,10356,20.32416666666644,0.175,38
4975,10357,20.32416666666644,0.175,38
4976,10358,20.32416666666644,0.175,38
4977,10359,20.32416666666644,0.175,38
4978,10360,20.32416666666644,0.175,38
4979,10361,20.32416666666644,0.175,38
4980,10362,20.32416666666644,0.175,38
4981,10363,20.32416666666644,0.175,38
4982,10364,20.32416666666644,0.175,38
4983,10365,20.32416666666644,0.175,38
4984,10366,20.32416666666644,0.175,38
4985,10367,20.32416666666644,0.175,38
4986,10368,20.32416666666644,0.175,38
4987,10369,20.32416666666644,0.175,38
4988,10370,20.32416666666644,0.175,38
4989,10371,20.32416666666644,0.175,38
4990,10372,20.32416666666644,0.175,38
4991,10373,20.32416666666644,0.175,38
4992,10374,20.32416666666644,0.175,38
4993,10375,20.32416666666644,0.175,38
4994,10376,20.32416666666644,0.175,38
4995,10377,20.32416666666644,0.175,38
4996,10378,20.32416666666644,0.175,38
4997,10379,20.32416666666644,0.175,38
4998,10380,20.32416666666644,0.175,38
4999,10381,20.32416666666644,0.175,38
5000,10382,20.32416666666644,0.175,38
5001,10383,20.32416666666644,0.175,38
5002,10384,20.32416666666644,0.175,38
5003,10385,20.32416666666644,0.175,38
5004,10386,20.32416666666644,0.175,38
5005,10387,20.32416666666644,0.175,38
5006,10388,20.32416666666644,0.175,38
5007,10389,20.32416666666644,0.175,38
5008,10390,20.32416666666644,0.175,38
5009,10391,20.32416666666644,0.175,38
5010,10392,20.32416666666644,0.175,38
5011,10393,20.32416666666644,0.175,38
5012,10394,20.32416666666644,0.175,38
5013,10395,20.32416666666644,0.175,38
5014,10396,20.32416666666644,0.175,38
5015,10397,20.32416666666644,0.175,38
5016,10398,20.32416666666644,0.175,38
5017,10399,20.32416666666644,0.175,38
5018,10400,20.332222222221993,0.175,-1
5019,10401,20.340277777777548,0.175,-1
5020,10402,20.348333333333102,0.175,-1
5021,10403,20.356388888888656,0.175,-1
5022,10404,20.36444444444421,0.175,-1
5023,10405,20.372499999999764,0.175,-1
5024,10406,20.38055555555532,0.175,-1
5025,10407,20.388611111110873,0.175,-1
5026,10408,20.396666666666427,0.175,-1
5027,10409,20.40472222222198,0.175,-1
5028,10410,20.412777777777535,0.175,-1
5029,10411,20.42083333333309,0.175,-1
5030,10412,20.428888888888643,0.175,-1
5031,10413,20.436944444444197,0.175,-1
5032,10414,20.44499999999975,0.175,-1
5033,10415,20.453055555555306,0.175,-1
5034,10416,20.46111111111086,0.175,-1
5035,10417,20.469166666666414,0.175,-1
5036,10418,20.477222222221968,0.175,-1
5037,10419,20.485277777777522,0.175,-1
5038,10420,20.493333333333076,0.175,-1
5039,10421,20.50138888888863,0.175,-1
5040,10422,20.509444444444185,0.175,-1
5041,10423,20.51749999999974,0.175,-1
5042,10424,20.525555555555293,0.175,-1
5043,10425,20.533611111110847,0.175,-1
5044,10426,20.5416666666664,0.175,-1
5045,10427,20.549722222221956,0.175,-1
5046,10428,20.55777777777751,0.175,-1
5047,10429,20.565833333333064,0.175,-1
5048,10430,20.573888888888618,0.175,-1
5049,10431,20.581944444444172,0.175,-1
5050,10432,20.589999999999726,0.175,-1
5051,10433,20.59805555555528,0.175,-1
5052,10434,20.606111111110835,0.175,-1
5053,10435,20.61416666666639,0.175,-1
5054,10436,20.622222222221943,0.175,-1
5055,10437,20.630277777777497,0.175,-1
5056,10438,20.63833333333305,0.175,-1
5057,10439,20.646388888888605,0.175,-1
5058,10440,20.65444444444416,0.175,-1
5059,10441,20.662499999999714,0.175,-1
5060,10442,20.670555555555268,0.175,-1
5061,10443,20.678611111110822,0.175,-1
5062,10444,20.686666666666376,0.175,-1
5063,10445,20.69472222222193,0.175,-1
5064,10446,20.702777777777484,0.175,-1
5065,10447,20.71083333333304,0.175,-1
5066,10448,20.718888888888593,0.175,-1
5067,10449,20.726944444444147,0.175,-1
5068,10450,20.7349999999997,0.175,-1
5069,10451,20.743055555555255,0.175,-1
5070,10452,20.75111111111081,0.175,-1
5071,10453,20.759166666666363,0.175,-1
5072,10454,20.767222222221918,0.175,-1
5073,10455,20.77527777777747,0.175,-1
5074,10456,20.783333333333026,0.175,-1
5075,10457,20.79138888888858,0.175,-1
5076,10458,20.799444444444134,0.175,-1
5077,10459,20.80749999999969,0.175,-1
5078,10460,20.815555555555243,0.175,-1
5079,10461,20.823611111110797,0.175,-1
5080,10462,20.83166666666635,0.175,-1
5081,10463,20.839722222221905,0.175,-1
5082,10464,20.84777777777746,0.175,-1
5083,10465,20.855833333333013,0.175,-1
5084,10466,20.863888888888567,0.175,-1
5085,10467,20.87194444444412,0.175,-1
5086,10468,20.879999999999676,0.175,-1
5087,10469,20.88805555555523,0.175,-1
5088,10470,20.896111111110784,0.175,-1
5089,10471,20.904166666666338,0.175,-1
5090,10472,20.912222222221892,0.175,-1
5091,10473,20.920277777777446,0.175,-1
5092,10474,20.928333333333,0.175,-1
5093,10475,20.936388888888555,0.175,-1
5094,10476,20.94444444444411,0.175,-1
5095,10477,20.952499999999663,0.175,-1
5096,10478,20.960555555555217,0.175,-1
5097,10479,20.96861111111077,0.175,-1
5098,10480,20.976666666666326,0.175,-1
5099,10481,20.98472222222188,0.175,-1
5100,10482,20.992777777777434,0.175,-1
5101,10483,21.000833333332988,0.175,-1
5102,10484,21.000833333332988,0.0,39
