,time,loc,op,stop
0,6469,0.0,0.0,-1
1,6470,0.007777777777777777,0.0,-1
2,6471,0.015555555555555553,0.0,-1
3,6472,0.02333333333333333,0.0,-1
4,6473,0.031111111111111107,0.0,-1
5,6474,0.03888888888888888,0.0,-1
6,6475,0.04666666666666666,0.0,-1
7,6476,0.05444444444444444,0.0,-1
8,6477,0.06222222222222222,0.0,-1
9,6478,0.06999999999999999,0.0,-1
10,6479,0.07777777777777777,0.0,-1
11,6480,0.08555555555555554,0.0,-1
12,6481,0.09333333333333331,0.0,-1
13,6482,0.10111111111111108,0.0,-1
14,6483,0.10888888888888885,0.0,-1
15,6484,0.11666666666666663,0.0,-1
16,6485,0.1244444444444444,0.0,-1
17,6486,0.13222222222222219,0.0,-1
18,6487,0.13999999999999996,0.0,-1
19,6488,0.14777777777777773,0.0,-1
20,6489,0.1555555555555555,0.0,-1
21,6490,0.16333333333333327,0.0,-1
22,6491,0.17111111111111105,0.0,-1
23,6492,0.17888888888888882,0.0,-1
24,6493,0.1866666666666666,0.0,-1
25,6494,0.19444444444444436,0.0,-1
26,6495,0.20222222222222214,0.0,-1
27,6496,0.2099999999999999,0.0,-1
28,6497,0.21777777777777768,0.0,-1
29,6498,0.22555555555555545,0.0,-1
30,6499,0.23333333333333323,0.0,-1
31,6500,0.241111111111111,0.0,-1
32,6501,0.24888888888888877,0.0,-1
33,6502,0.25666666666666654,0.0,-1
34,6503,0.2644444444444443,0.0,-1
35,6504,0.2722222222222221,0.0,-1
36,6505,0.27999999999999986,0.0,-1
37,6506,0.28777777777777763,0.0,-1
38,6507,0.2955555555555554,0.0,-1
39,6508,0.3033333333333332,0.0,-1
40,6509,0.31111111111111095,0.0,-1
41,6510,0.3188888888888887,0.0,-1
42,6511,0.3266666666666665,0.0,-1
43,6512,0.33444444444444427,0.0,-1
44,6513,0.33444444444444427,0.075,2
45,6514,0.33444444444444427,0.075,2
46,6515,0.33444444444444427,0.075,2
47,6516,0.33444444444444427,0.075,2
48,6517,0.33444444444444427,0.075,2
49,6518,0.33444444444444427,0.075,2
50,6519,0.33444444444444427,0.075,2
51,6520,0.33444444444444427,0.075,2
52,6521,0.33444444444444427,0.075,2
53,6522,0.33444444444444427,0.075,2
54,6523,0.33444444444444427,0.075,2
55,6524,0.33444444444444427,0.075,2
56,6525,0.33444444444444427,0.075,2
57,6526,0.33444444444444427,0.075,2
58,6527,0.33444444444444427,0.075,2
59,6528,0.33444444444444427,0.075,2
60,6529,0.33444444444444427,0.075,2
61,6530,0.33444444444444427,0.075,2
62,6531,0.33444444444444427,0.075,2
63,6532,0.33444444444444427,0.075,2
64,6533,0.33444444444444427,0.075,2
65,6534,0.33444444444444427,0.075,2
66,6535,0.33444444444444427,0.075,2
67,6536,0.33444444444444427,0.075,2
68,6537,0.33444444444444427,0.075,2
69,6538,0.33444444444444427,0.075,2
70,6539,0.33444444444444427,0.075,2
71,6540,0.33444444444444427,0.075,2
72,6541,0.33444444444444427,0.075,2
73,6542,0.33444444444444427,0.075,2
74,6543,0.33444444444444427,0.075,2
75,6544,0.33444444444444427,0.075,2
76,6545,0.33444444444444427,0.075,2
77,6546,0.33444444444444427,0.075,2
78,6547,0.33444444444444427,0.075,2
79,6548,0.33444444444444427,0.075,2
80,6549,0.33444444444444427,0.075,2
81,6550,0.33444444444444427,0.075,2
82,6551,0.33444444444444427,0.075,2
83,6552,0.33444444444444427,0.075,2
84,6553,0.33444444444444427,0.075,2
85,6554,0.33444444444444427,0.075,2
86,6555,0.33444444444444427,0.075,2
87,6556,0.33444444444444427,0.075,2
88,6557,0.33444444444444427,0.075,2
89,6558,0.33444444444444427,0.075,2
90,6559,0.34222222222222204,0.075,-1
91,6560,0.3499999999999998,0.075,-1
92,6561,0.3577777777777776,0.075,-1
93,6562,0.36555555555555536,0.075,-1
94,6563,0.37333333333333313,0.075,-1
95,6564,0.3811111111111109,0.075,-1
96,6565,0.3888888888888887,0.075,-1
97,6566,0.39666666666666645,0.075,-1
98,6567,0.4044444444444442,0.075,-1
99,6568,0.412222222222222,0.075,-1
100,6569,0.41999999999999976,0.075,-1
101,6570,0.42777777777777753,0.075,-1
102,6571,0.4355555555555553,0.075,-1
103,6572,0.4433333333333331,0.075,-1
104,6573,0.45111111111111085,0.075,-1
105,6574,0.4588888888888886,0.075,-1
106,6575,0.4666666666666664,0.075,-1
107,6576,0.47444444444444417,0.075,-1
108,6577,0.48222222222222194,0.075,-1
109,6578,0.4899999999999997,0.075,-1
110,6579,0.4977777777777775,0.075,-1
111,6580,0.5055555555555553,0.075,-1
112,6581,0.5133333333333331,0.075,-1
113,6582,0.5211111111111109,0.075,-1
114,6583,0.5288888888888886,0.075,-1
115,6584,0.5366666666666664,0.075,-1
116,6585,0.5444444444444442,0.075,-1
117,6586,0.552222222222222,0.075,-1
118,6587,0.5599999999999997,0.075,-1
119,6588,0.5677777777777775,0.075,-1
120,6589,0.5755555555555553,0.075,-1
121,6590,0.583333333333333,0.075,-1
122,6591,0.5911111111111108,0.075,-1
123,6592,0.5988888888888886,0.075,-1
124,6593,0.6066666666666664,0.075,-1
125,6594,0.6144444444444441,0.075,-1
126,6595,0.6222222222222219,0.075,-1
127,6596,0.6299999999999997,0.075,-1
128,6597,0.6377777777777774,0.075,-1
129,6598,0.6455555555555552,0.075,-1
130,6599,0.653333333333333,0.075,-1
131,6600,0.6611111111111108,0.075,-1
132,6601,0.6688888888888885,0.075,-1
133,6602,0.6766666666666663,0.075,-1
134,6603,0.6844444444444441,0.075,-1
135,6604,0.6922222222222219,0.075,-1
136,6605,0.6999999999999996,0.075,-1
137,6606,0.7077777777777774,0.075,-1
138,6607,0.7155555555555552,0.075,-1
139,6608,0.7233333333333329,0.075,-1
140,6609,0.7311111111111107,0.075,-1
141,6610,0.7388888888888885,0.075,-1
142,6611,0.7466666666666663,0.075,-1
143,6612,0.754444444444444,0.075,-1
144,6613,0.7622222222222218,0.075,-1
145,6614,0.7699999999999996,0.075,-1
146,6615,0.7777777777777773,0.075,-1
147,6616,0.7855555555555551,0.075,-1
148,6617,0.7933333333333329,0.075,-1
149,6618,0.8011111111111107,0.075,-1
150,6619,0.8088888888888884,0.075,-1
151,6620,0.8166666666666662,0.075,-1
152,6621,0.824444444444444,0.075,-1
153,6622,0.8322222222222218,0.075,-1
154,6623,0.8399999999999995,0.075,-1
155,6624,0.8477777777777773,0.075,-1
156,6625,0.8555555555555551,0.075,-1
157,6626,0.8633333333333328,0.075,-1
158,6627,0.8711111111111106,0.075,-1
159,6628,0.8788888888888884,0.075,-1
160,6629,0.8866666666666662,0.075,-1
161,6630,0.8944444444444439,0.075,-1
162,6631,0.9022222222222217,0.075,-1
163,6632,0.9099999999999995,0.075,-1
164,6633,0.9177777777777772,0.075,-1
165,6634,0.925555555555555,0.075,-1
166,6635,0.925555555555555,0.0875,3
167,6636,0.925555555555555,0.0875,3
168,6637,0.925555555555555,0.0875,3
169,6638,0.9333333333333328,0.0875,-1
170,6639,0.9411111111111106,0.0875,-1
171,6640,0.9488888888888883,0.0875,-1
172,6641,0.9566666666666661,0.0875,-1
173,6642,0.9644444444444439,0.0875,-1
174,6643,0.9722222222222217,0.0875,-1
175,6644,0.9799999999999994,0.0875,-1
176,6645,0.9877777777777772,0.0875,-1
177,6646,0.995555555555555,0.0875,-1
178,6647,1.0033333333333327,0.0875,-1
179,6648,1.0111111111111106,0.0875,-1
180,6649,1.0188888888888885,0.0875,-1
181,6650,1.0266666666666664,0.0875,-1
182,6651,1.0344444444444443,0.0875,-1
183,6652,1.0422222222222222,0.0875,-1
184,6653,1.05,0.0875,-1
185,6654,1.057777777777778,0.0875,-1
186,6655,1.0655555555555558,0.0875,-1
187,6656,1.0733333333333337,0.0875,-1
188,6657,1.0811111111111116,0.0875,-1
189,6658,1.0888888888888895,0.0875,-1
190,6659,1.0966666666666673,0.0875,-1
191,6660,1.1044444444444452,0.0875,-1
192,6661,1.1122222222222231,0.0875,-1
193,6662,1.120000000000001,0.0875,-1
194,6663,1.1277777777777789,0.0875,-1
195,6664,1.1355555555555568,0.0875,-1
196,6665,1.1433333333333346,0.0875,-1
197,6666,1.1511111111111125,0.0875,-1
198,6667,1.1588888888888904,0.0875,-1
199,6668,1.1666666666666683,0.0875,-1
200,6669,1.1744444444444462,0.0875,-1
201,6670,1.182222222222224,0.0875,-1
202,6671,1.190000000000002,0.0875,-1
203,6672,1.1977777777777798,0.0875,-1
204,6673,1.2055555555555577,0.0875,-1
205,6674,1.2133333333333356,0.0875,-1
206,6675,1.2211111111111135,0.0875,-1
207,6676,1.2288888888888914,0.0875,-1
208,6677,1.2366666666666692,0.0875,-1
209,6678,1.2444444444444471,0.0875,-1
210,6679,1.252222222222225,0.0875,-1
211,6680,1.260000000000003,0.0875,-1
212,6681,1.2677777777777808,0.0875,-1
213,6682,1.2755555555555587,0.0875,-1
214,6683,1.2833333333333365,0.0875,-1
215,6684,1.2911111111111144,0.0875,-1
216,6685,1.2988888888888923,0.0875,-1
217,6686,1.3066666666666702,0.0875,-1
218,6687,1.314444444444448,0.0875,-1
219,6688,1.322222222222226,0.0875,-1
220,6689,1.3300000000000038,0.0875,-1
221,6690,1.3377777777777817,0.0875,-1
222,6691,1.3455555555555596,0.0875,-1
223,6692,1.3533333333333375,0.0875,-1
224,6693,1.3611111111111154,0.0875,-1
225,6694,1.3688888888888933,0.0875,-1
226,6695,1.3766666666666711,0.0875,-1
227,6696,1.384444444444449,0.0875,-1
228,6697,1.392222222222227,0.0875,-1
229,6698,1.4000000000000048,0.0875,-1
230,6699,1.4077777777777827,0.0875,-1
231,6700,1.4155555555555606,0.0875,-1
232,6701,1.4233333333333384,0.0875,-1
233,6702,1.4233333333333384,0.1625,4
234,6703,1.4233333333333384,0.1625,4
235,6704,1.4233333333333384,0.1625,4
236,6705,1.4233333333333384,0.1625,4
237,6706,1.4233333333333384,0.1625,4
238,6707,1.4233333333333384,0.1625,4
239,6708,1.4233333333333384,0.1625,4
240,6709,1.4233333333333384,0.1625,4
241,6710,1.4233333333333384,0.1625,4
242,6711,1.4233333333333384,0.1625,4
243,6712,1.4233333333333384,0.1625,4
244,6713,1.4233333333333384,0.1625,4
245,6714,1.4233333333333384,0.1625,4
246,6715,1.4233333333333384,0.1625,4
247,6716,1.4233333333333384,0.1625,4
248,6717,1.4233333333333384,0.1625,4
249,6718,1.4233333333333384,0.1625,4
250,6719,1.4233333333333384,0.1625,4
251,6720,1.4311111111111163,0.1625,-1
252,6721,1.4388888888888942,0.1625,-1
253,6722,1.446666666666672,0.1625,-1
254,6723,1.45444444444445,0.1625,-1
255,6724,1.4622222222222279,0.1625,-1
256,6725,1.4700000000000057,0.1625,-1
257,6726,1.4777777777777836,0.1625,-1
258,6727,1.4855555555555615,0.1625,-1
259,6728,1.4933333333333394,0.1625,-1
260,6729,1.5011111111111173,0.1625,-1
261,6730,1.5088888888888952,0.1625,-1
262,6731,1.516666666666673,0.1625,-1
263,6732,1.524444444444451,0.1625,-1
264,6733,1.5322222222222288,0.1625,-1
265,6734,1.5400000000000067,0.1625,-1
266,6735,1.5477777777777846,0.1625,-1
267,6736,1.5555555555555625,0.1625,-1
268,6737,1.5633333333333403,0.1625,-1
269,6738,1.5711111111111182,0.1625,-1
270,6739,1.5788888888888961,0.1625,-1
271,6740,1.586666666666674,0.1625,-1
272,6741,1.5944444444444519,0.1625,-1
273,6742,1.6022222222222298,0.1625,-1
274,6743,1.6100000000000076,0.1625,-1
275,6744,1.6177777777777855,0.1625,-1
276,6745,1.6255555555555634,0.1625,-1
277,6746,1.6333333333333413,0.1625,-1
278,6747,1.6411111111111192,0.1625,-1
279,6748,1.648888888888897,0.1625,-1
280,6749,1.656666666666675,0.1625,-1
281,6750,1.6644444444444528,0.1625,-1
282,6751,1.6722222222222307,0.1625,-1
283,6752,1.6800000000000086,0.1625,-1
284,6753,1.6877777777777865,0.1625,-1
285,6754,1.6955555555555644,0.1625,-1
286,6755,1.7033333333333422,0.1625,-1
287,6756,1.7111111111111201,0.1625,-1
288,6757,1.718888888888898,0.1625,-1
289,6758,1.726666666666676,0.1625,-1
290,6759,1.7344444444444538,0.1625,-1
291,6760,1.7422222222222317,0.1625,-1
292,6761,1.7500000000000095,0.1625,-1
293,6762,1.7577777777777874,0.1625,-1
294,6763,1.7655555555555653,0.1625,-1
295,6764,1.7733333333333432,0.1625,-1
296,6765,1.781111111111121,0.1625,-1
297,6766,1.788888888888899,0.1625,-1
298,6767,1.7966666666666768,0.1625,-1
299,6768,1.8044444444444547,0.1625,-1
300,6769,1.8122222222222326,0.1625,-1
301,6770,1.8200000000000105,0.1625,-1
302,6771,1.8277777777777884,0.1625,-1
303,6772,1.8355555555555663,0.1625,-1
304,6773,1.8433333333333441,0.1625,-1
305,6774,1.851111111111122,0.1625,-1
306,6775,1.8588888888889,0.1625,-1
307,6776,1.8666666666666778,0.1625,-1
308,6777,1.8744444444444557,0.1625,-1
309,6778,1.8822222222222336,0.1625,-1
310,6779,1.8900000000000114,0.1625,-1
311,6780,1.8977777777777893,0.1625,-1
312,6781,1.9055555555555672,0.1625,-1
313,6782,1.913333333333345,0.1625,-1
314,6783,1.921111111111123,0.1625,-1
315,6784,1.9288888888889009,0.1625,-1
316,6785,1.9366666666666787,0.1625,-1
317,6786,1.9444444444444566,0.1625,-1
318,6787,1.9522222222222345,0.1625,-1
319,6788,1.9600000000000124,0.1625,-1
320,6789,1.9677777777777903,0.1625,-1
321,6790,1.9755555555555682,0.1625,-1
322,6791,1.983333333333346,0.1625,-1
323,6792,1.991111111111124,0.1625,-1
324,6793,1.9988888888889018,0.1625,-1
325,6794,2.0066666666666797,0.1625,-1
326,6795,2.0144444444444574,0.1625,-1
327,6796,2.022222222222235,0.1625,-1
328,6797,2.0300000000000127,0.1625,-1
329,6798,2.0377777777777903,0.1625,-1
330,6799,2.045555555555568,0.1625,-1
331,6800,2.0533333333333457,0.1625,-1
332,6801,2.0611111111111233,0.1625,-1
333,6802,2.068888888888901,0.1625,-1
334,6803,2.0766666666666787,0.1625,-1
335,6804,2.0844444444444563,0.1625,-1
336,6805,2.092222222222234,0.1625,-1
337,6806,2.1000000000000116,0.1625,-1
338,6807,2.1077777777777893,0.1625,-1
339,6808,2.115555555555567,0.1625,-1
340,6809,2.1233333333333446,0.1625,-1
341,6810,2.1311111111111223,0.1625,-1
342,6811,2.1388888888889,0.1625,-1
343,6812,2.1466666666666776,0.1625,-1
344,6813,2.1544444444444553,0.1625,-1
345,6814,2.162222222222233,0.1625,-1
346,6815,2.1700000000000106,0.1625,-1
347,6816,2.1777777777777882,0.1625,-1
348,6817,2.185555555555566,0.1625,-1
349,6818,2.1933333333333436,0.1625,-1
350,6819,2.2011111111111212,0.1625,-1
351,6820,2.208888888888899,0.1625,-1
352,6821,2.2166666666666766,0.1625,-1
353,6822,2.224444444444454,0.1625,-1
354,6823,2.232222222222232,0.1625,-1
355,6824,2.2400000000000095,0.1625,-1
356,6825,2.247777777777787,0.1625,-1
357,6826,2.255555555555565,0.1625,-1
358,6827,2.2633333333333425,0.1625,-1
359,6828,2.27111111111112,0.1625,-1
360,6829,2.278888888888898,0.1625,-1
361,6830,2.278888888888898,0.2,5
362,6831,2.278888888888898,0.2,5
363,6832,2.278888888888898,0.2,5
364,6833,2.278888888888898,0.2,5
365,6834,2.278888888888898,0.2,5
366,6835,2.278888888888898,0.2,5
367,6836,2.278888888888898,0.2,5
368,6837,2.278888888888898,0.2,5
369,6838,2.278888888888898,0.2,5
370,6839,2.278888888888898,0.2,5
371,6840,2.278888888888898,0.2,5
372,6841,2.278888888888898,0.2,5
373,6842,2.278888888888898,0.2,5
374,6843,2.278888888888898,0.2,5
375,6844,2.278888888888898,0.2,5
376,6845,2.278888888888898,0.2,5
377,6846,2.278888888888898,0.2,5
378,6847,2.278888888888898,0.2,5
379,6848,2.278888888888898,0.2,5
380,6849,2.278888888888898,0.2,5
381,6850,2.278888888888898,0.2,5
382,6851,2.278888888888898,0.2,5
383,6852,2.278888888888898,0.2,5
384,6853,2.278888888888898,0.2,5
385,6854,2.278888888888898,0.2,5
386,6855,2.278888888888898,0.2,5
387,6856,2.278888888888898,0.2,5
388,6857,2.278888888888898,0.2,5
389,6858,2.278888888888898,0.2,5
390,6859,2.278888888888898,0.2,5
391,6860,2.278888888888898,0.2,5
392,6861,2.278888888888898,0.2,5
393,6862,2.278888888888898,0.2,5
394,6863,2.278888888888898,0.2,5
395,6864,2.278888888888898,0.2,5
396,6865,2.278888888888898,0.2,5
397,6866,2.278888888888898,0.2,5
398,6867,2.278888888888898,0.2,5
399,6868,2.278888888888898,0.2,5
400,6869,2.278888888888898,0.2,5
401,6870,2.278888888888898,0.2,5
402,6871,2.278888888888898,0.2,5
403,6872,2.278888888888898,0.2,5
404,6873,2.2866666666666755,0.2,-1
405,6874,2.294444444444453,0.2,-1
406,6875,2.302222222222231,0.2,-1
407,6876,2.3100000000000085,0.2,-1
408,6877,2.317777777777786,0.2,-1
409,6878,2.325555555555564,0.2,-1
410,6879,2.3333333333333415,0.2,-1
411,6880,2.341111111111119,0.2,-1
412,6881,2.348888888888897,0.2,-1
413,6882,2.3566666666666745,0.2,-1
414,6883,2.364444444444452,0.2,-1
415,6884,2.37222222222223,0.2,-1
416,6885,2.3800000000000074,0.2,-1
417,6886,2.387777777777785,0.2,-1
418,6887,2.3955555555555628,0.2,-1
419,6888,2.4033333333333404,0.2,-1
420,6889,2.411111111111118,0.2,-1
421,6890,2.4188888888888957,0.2,-1
422,6891,2.4266666666666734,0.2,-1
423,6892,2.434444444444451,0.2,-1
424,6893,2.4422222222222287,0.2,-1
425,6894,2.4500000000000064,0.2,-1
426,6895,2.457777777777784,0.2,-1
427,6896,2.4655555555555617,0.2,-1
428,6897,2.4733333333333394,0.2,-1
429,6898,2.481111111111117,0.2,-1
430,6899,2.4888888888888947,0.2,-1
431,6900,2.4966666666666724,0.2,-1
432,6901,2.50444444444445,0.2,-1
433,6902,2.5122222222222277,0.2,-1
434,6903,2.5200000000000053,0.2,-1
435,6904,2.527777777777783,0.2,-1
436,6905,2.5355555555555607,0.2,-1
437,6906,2.5433333333333383,0.2,-1
438,6907,2.551111111111116,0.2,-1
439,6908,2.5588888888888937,0.2,-1
440,6909,2.5666666666666713,0.2,-1
441,6910,2.574444444444449,0.2,-1
442,6911,2.5822222222222266,0.2,-1
443,6912,2.5900000000000043,0.2,-1
444,6913,2.597777777777782,0.2,-1
445,6914,2.6055555555555596,0.2,-1
446,6915,2.6133333333333373,0.2,-1
447,6916,2.621111111111115,0.2,-1
448,6917,2.6288888888888926,0.2,-1
449,6918,2.6366666666666703,0.2,-1
450,6919,2.644444444444448,0.2,-1
451,6920,2.6522222222222256,0.2,-1
452,6921,2.6600000000000033,0.2,-1
453,6922,2.667777777777781,0.2,-1
454,6923,2.6755555555555586,0.2,-1
455,6924,2.6833333333333362,0.2,-1
456,6925,2.691111111111114,0.2,-1
457,6926,2.6988888888888916,0.2,-1
458,6927,2.706666666666669,0.2,-1
459,6928,2.714444444444447,0.2,-1
460,6929,2.7222222222222245,0.2,-1
461,6930,2.730000000000002,0.2,-1
462,6931,2.73777777777778,0.2,-1
463,6932,2.7455555555555575,0.2,-1
464,6933,2.753333333333335,0.2,-1
465,6934,2.761111111111113,0.2,-1
466,6935,2.7688888888888905,0.2,-1
467,6936,2.776666666666668,0.2,-1
468,6937,2.784444444444446,0.2,-1
469,6938,2.7922222222222235,0.2,-1
470,6939,2.800000000000001,0.2,-1
471,6940,2.807777777777779,0.2,-1
472,6941,2.8155555555555565,0.2,-1
473,6942,2.823333333333334,0.2,-1
474,6943,2.831111111111112,0.2,-1
475,6944,2.8388888888888895,0.2,-1
476,6945,2.846666666666667,0.2,-1
477,6946,2.854444444444445,0.2,-1
478,6947,2.8622222222222224,0.2,-1
479,6948,2.87,0.2,-1
480,6949,2.8777777777777778,0.2,-1
481,6950,2.8855555555555554,0.2,-1
482,6951,2.893333333333333,0.2,-1
483,6952,2.9011111111111108,0.2,-1
484,6953,2.9088888888888884,0.2,-1
485,6954,2.916666666666666,0.2,-1
486,6955,2.9244444444444437,0.2,-1
487,6956,2.9322222222222214,0.2,-1
488,6957,2.939999999999999,0.2,-1
489,6958,2.9477777777777767,0.2,-1
490,6959,2.9555555555555544,0.2,-1
491,6960,2.963333333333332,0.2,-1
492,6961,2.9711111111111097,0.2,-1
493,6962,2.9788888888888874,0.2,-1
494,6963,2.986666666666665,0.2,-1
495,6964,2.9944444444444427,0.2,-1
496,6965,3.0022222222222203,0.2,-1
497,6966,3.009999999999998,0.2,-1
498,6967,3.0177777777777757,0.2,-1
499,6968,3.0255555555555533,0.2,-1
500,6969,3.033333333333331,0.2,-1
501,6970,3.0411111111111087,0.2,-1
502,6971,3.0488888888888863,0.2,-1
503,6972,3.056666666666664,0.2,-1
504,6973,3.0644444444444416,0.2,-1
505,6974,3.0722222222222193,0.2,-1
506,6975,3.079999999999997,0.2,-1
507,6976,3.0877777777777746,0.2,-1
508,6977,3.0955555555555523,0.2,-1
509,6978,3.10333333333333,0.2,-1
510,6979,3.1111111111111076,0.2,-1
511,6980,3.1188888888888853,0.2,-1
512,6981,3.126666666666663,0.2,-1
513,6982,3.1344444444444406,0.2,-1
514,6983,3.1344444444444406,0.2,6
515,6984,3.1344444444444406,0.2,6
516,6985,3.1344444444444406,0.2,6
517,6986,3.1344444444444406,0.2,6
518,6987,3.1344444444444406,0.2,6
519,6988,3.1344444444444406,0.2,6
520,6989,3.1344444444444406,0.2,6
521,6990,3.1344444444444406,0.2,6
522,6991,3.1344444444444406,0.2,6
523,6992,3.1344444444444406,0.2,6
524,6993,3.1344444444444406,0.2,6
525,6994,3.1344444444444406,0.2,6
526,6995,3.1344444444444406,0.2,6
527,6996,3.1344444444444406,0.2,6
528,6997,3.1344444444444406,0.2,6
529,6998,3.1344444444444406,0.2,6
530,6999,3.1344444444444406,0.2,6
531,7000,3.1344444444444406,0.2,6
532,7001,3.1344444444444406,0.2,6
533,7002,3.1344444444444406,0.2,6
534,7003,3.1344444444444406,0.2,6
535,7004,3.1344444444444406,0.2,6
536,7005,3.1344444444444406,0.2,6
537,7006,3.1344444444444406,0.2,6
538,7007,3.1344444444444406,0.2,6
539,7008,3.1344444444444406,0.2,6
540,7009,3.1344444444444406,0.2,6
541,7010,3.1344444444444406,0.2,6
542,7011,3.1344444444444406,0.2,6
543,7012,3.1344444444444406,0.2,6
544,7013,3.1344444444444406,0.2,6
545,7014,3.1344444444444406,0.2,6
546,7015,3.1344444444444406,0.2,6
547,7016,3.1344444444444406,0.2,6
548,7017,3.1344444444444406,0.2,6
549,7018,3.1344444444444406,0.2,6
550,7019,3.1344444444444406,0.2,6
551,7020,3.1344444444444406,0.2,6
552,7021,3.1344444444444406,0.2,6
553,7022,3.1344444444444406,0.2,6
554,7023,3.1344444444444406,0.2,6
555,7024,3.1344444444444406,0.2,6
556,7025,3.1344444444444406,0.2,6
557,7026,3.1344444444444406,0.2,6
558,7027,3.1344444444444406,0.2,6
559,7028,3.1344444444444406,0.2,6
560,7029,3.1344444444444406,0.2,6
561,7030,3.1344444444444406,0.2,6
562,7031,3.1344444444444406,0.2,6
563,7032,3.1344444444444406,0.2,6
564,7033,3.1344444444444406,0.2,6
565,7034,3.1344444444444406,0.2,6
566,7035,3.1344444444444406,0.2,6
567,7036,3.1344444444444406,0.2,6
568,7037,3.1344444444444406,0.2,6
569,7038,3.1344444444444406,0.2,6
570,7039,3.1344444444444406,0.2,6
571,7040,3.1344444444444406,0.2,6
572,7041,3.1344444444444406,0.2,6
573,7042,3.1344444444444406,0.2,6
574,7043,3.1344444444444406,0.2,6
575,7044,3.1344444444444406,0.2,6
576,7045,3.1344444444444406,0.2,6
577,7046,3.1344444444444406,0.2,6
578,7047,3.1344444444444406,0.2,6
579,7048,3.1344444444444406,0.2,6
580,7049,3.1344444444444406,0.2,6
581,7050,3.1344444444444406,0.2,6
582,7051,3.1344444444444406,0.2,6
583,7052,3.1344444444444406,0.2,6
584,7053,3.1344444444444406,0.2,6
585,7054,3.1344444444444406,0.2,6
586,7055,3.1344444444444406,0.2,6
587,7056,3.1344444444444406,0.2,6
588,7057,3.1344444444444406,0.2,6
589,7058,3.1344444444444406,0.2,6
590,7059,3.1344444444444406,0.2,6
591,7060,3.1344444444444406,0.2,6
592,7061,3.1344444444444406,0.2,6
593,7062,3.1344444444444406,0.2,6
594,7063,3.1344444444444406,0.2,6
595,7064,3.1344444444444406,0.2,6
596,7065,3.1344444444444406,0.2,6
597,7066,3.1344444444444406,0.2,6
598,7067,3.1344444444444406,0.2,6
599,7068,3.1344444444444406,0.2,6
600,7069,3.1344444444444406,0.2,6
601,7070,3.1344444444444406,0.2,6
602,7071,3.1344444444444406,0.2,6
603,7072,3.1344444444444406,0.2,6
604,7073,3.1344444444444406,0.2,6
605,7074,3.1344444444444406,0.2,6
606,7075,3.1344444444444406,0.2,6
607,7076,3.1344444444444406,0.2,6
608,7077,3.1344444444444406,0.2,6
609,7078,3.1344444444444406,0.2,6
610,7079,3.1344444444444406,0.2,6
611,7080,3.1344444444444406,0.2,6
612,7081,3.1344444444444406,0.2,6
613,7082,3.1422222222222183,0.2,-1
614,7083,3.149999999999996,0.2,-1
615,7084,3.1577777777777736,0.2,-1
616,7085,3.1655555555555512,0.2,-1
617,7086,3.173333333333329,0.2,-1
618,7087,3.1811111111111066,0.2,-1
619,7088,3.188888888888884,0.2,-1
620,7089,3.196666666666662,0.2,-1
621,7090,3.2044444444444395,0.2,-1
622,7091,3.212222222222217,0.2,-1
623,7092,3.219999999999995,0.2,-1
624,7093,3.2277777777777725,0.2,-1
625,7094,3.23555555555555,0.2,-1
626,7095,3.243333333333328,0.2,-1
627,7096,3.2511111111111055,0.2,-1
628,7097,3.258888888888883,0.2,-1
629,7098,3.266666666666661,0.2,-1
630,7099,3.2744444444444385,0.2,-1
631,7100,3.282222222222216,0.2,-1
632,7101,3.289999999999994,0.2,-1
633,7102,3.2977777777777715,0.2,-1
634,7103,3.305555555555549,0.2,-1
635,7104,3.313333333333327,0.2,-1
636,7105,3.3211111111111045,0.2,-1
637,7106,3.328888888888882,0.2,-1
638,7107,3.33666666666666,0.2,-1
639,7108,3.3444444444444374,0.2,-1
640,7109,3.352222222222215,0.2,-1
641,7110,3.3599999999999928,0.2,-1
642,7111,3.3677777777777704,0.2,-1
643,7112,3.375555555555548,0.2,-1
644,7113,3.3833333333333258,0.2,-1
645,7114,3.3911111111111034,0.2,-1
646,7115,3.398888888888881,0.2,-1
647,7116,3.4066666666666587,0.2,-1
648,7117,3.4144444444444364,0.2,-1
649,7118,3.422222222222214,0.2,-1
650,7119,3.4299999999999917,0.2,-1
651,7120,3.4377777777777694,0.2,-1
652,7121,3.445555555555547,0.2,-1
653,7122,3.4533333333333247,0.2,-1
654,7123,3.4611111111111024,0.2,-1
655,7124,3.46888888888888,0.2,-1
656,7125,3.4766666666666577,0.2,-1
657,7126,3.4844444444444354,0.2,-1
658,7127,3.492222222222213,0.2,-1
659,7128,3.4999999999999907,0.2,-1
660,7129,3.5077777777777683,0.2,-1
661,7130,3.515555555555546,0.2,-1
662,7131,3.5233333333333237,0.2,-1
663,7132,3.5311111111111013,0.2,-1
664,7133,3.538888888888879,0.2,-1
665,7134,3.5466666666666566,0.2,-1
666,7135,3.5544444444444343,0.2,-1
667,7136,3.562222222222212,0.2,-1
668,7137,3.5699999999999896,0.2,-1
669,7138,3.5777777777777673,0.2,-1
670,7139,3.585555555555545,0.2,-1
671,7140,3.5933333333333226,0.2,-1
672,7141,3.6011111111111003,0.2,-1
673,7142,3.608888888888878,0.2,-1
674,7143,3.6166666666666556,0.2,-1
675,7144,3.6244444444444333,0.2,-1
676,7145,3.632222222222211,0.2,-1
677,7146,3.6399999999999886,0.2,-1
678,7147,3.6477777777777662,0.2,-1
679,7148,3.655555555555544,0.2,-1
680,7149,3.6633333333333216,0.2,-1
681,7150,3.6711111111110992,0.2,-1
682,7151,3.678888888888877,0.2,-1
683,7152,3.6866666666666545,0.2,-1
684,7153,3.694444444444432,0.2,-1
685,7154,3.70222222222221,0.2,-1
686,7155,3.7099999999999875,0.2,-1
687,7156,3.717777777777765,0.2,-1
688,7157,3.725555555555543,0.2,-1
689,7158,3.7333333333333205,0.2,-1
690,7159,3.741111111111098,0.2,-1
691,7160,3.748888888888876,0.2,-1
692,7161,3.7566666666666535,0.2,-1
693,7162,3.764444444444431,0.2,-1
694,7163,3.772222222222209,0.2,-1
695,7164,3.7799999999999865,0.2,-1
696,7165,3.787777777777764,0.2,-1
697,7166,3.795555555555542,0.2,-1
698,7167,3.8033333333333195,0.2,-1
699,7168,3.811111111111097,0.2,-1
700,7169,3.818888888888875,0.2,-1
701,7170,3.8266666666666524,0.2,-1
702,7171,3.83444444444443,0.2,-1
703,7172,3.8422222222222078,0.2,-1
704,7173,3.8499999999999854,0.2,-1
705,7174,3.857777777777763,0.2,-1
706,7175,3.8655555555555408,0.2,-1
707,7176,3.8733333333333184,0.2,-1
708,7177,3.881111111111096,0.2,-1
709,7178,3.8888888888888737,0.2,-1
710,7179,3.8966666666666514,0.2,-1
711,7180,3.904444444444429,0.2,-1
712,7181,3.9122222222222067,0.2,-1
713,7182,3.9199999999999844,0.2,-1
714,7183,3.927777777777762,0.2,-1
715,7184,3.9355555555555397,0.2,-1
716,7185,3.9433333333333174,0.2,-1
717,7186,3.951111111111095,0.2,-1
718,7187,3.9588888888888727,0.2,-1
719,7188,3.9666666666666504,0.2,-1
720,7189,3.974444444444428,0.2,-1
721,7190,3.9822222222222057,0.2,-1
722,7191,3.9899999999999833,0.2,-1
723,7192,3.997777777777761,0.2,-1
724,7193,4.005555555555539,0.2,-1
725,7194,4.013333333333317,0.2,-1
726,7195,4.021111111111095,0.2,-1
727,7196,4.028888888888873,0.2,-1
728,7197,4.036666666666651,0.2,-1
729,7198,4.036666666666651,0.2125,7
730,7199,4.036666666666651,0.2125,7
731,7200,4.036666666666651,0.2125,7
732,7201,4.036666666666651,0.2125,7
733,7202,4.036666666666651,0.2125,7
734,7203,4.036666666666651,0.2125,7
735,7204,4.036666666666651,0.2125,7
736,7205,4.036666666666651,0.2125,7
737,7206,4.036666666666651,0.2125,7
738,7207,4.036666666666651,0.2125,7
739,7208,4.036666666666651,0.2125,7
740,7209,4.036666666666651,0.2125,7
741,7210,4.036666666666651,0.2125,7
742,7211,4.036666666666651,0.2125,7
743,7212,4.036666666666651,0.2125,7
744,7213,4.036666666666651,0.2125,7
745,7214,4.036666666666651,0.2125,7
746,7215,4.036666666666651,0.2125,7
747,7216,4.036666666666651,0.2125,7
748,7217,4.036666666666651,0.2125,7
749,7218,4.036666666666651,0.2125,7
750,7219,4.036666666666651,0.2125,7
751,7220,4.036666666666651,0.2125,7
752,7221,4.036666666666651,0.2125,7
753,7222,4.036666666666651,0.2125,7
754,7223,4.036666666666651,0.2125,7
755,7224,4.036666666666651,0.2125,7
756,7225,4.036666666666651,0.2125,7
757,7226,4.036666666666651,0.2125,7
758,7227,4.036666666666651,0.2125,7
759,7228,4.036666666666651,0.2125,7
760,7229,4.036666666666651,0.2125,7
761,7230,4.036666666666651,0.2125,7
762,7231,4.036666666666651,0.2125,7
763,7232,4.036666666666651,0.2125,7
764,7233,4.036666666666651,0.2125,7
765,7234,4.036666666666651,0.2125,7
766,7235,4.036666666666651,0.2125,7
767,7236,4.036666666666651,0.2125,7
768,7237,4.036666666666651,0.2125,7
769,7238,4.036666666666651,0.2125,7
770,7239,4.036666666666651,0.2125,7
771,7240,4.036666666666651,0.2125,7
772,7241,4.036666666666651,0.2125,7
773,7242,4.036666666666651,0.2125,7
774,7243,4.044444444444429,0.2125,-1
775,7244,4.052222222222207,0.2125,-1
776,7245,4.059999999999985,0.2125,-1
777,7246,4.0677777777777635,0.2125,-1
778,7247,4.075555555555542,0.2125,-1
779,7248,4.08333333333332,0.2125,-1
780,7249,4.091111111111098,0.2125,-1
781,7250,4.098888888888876,0.2125,-1
782,7251,4.106666666666654,0.2125,-1
783,7252,4.114444444444432,0.2125,-1
784,7253,4.12222222222221,0.2125,-1
785,7254,4.129999999999988,0.2125,-1
786,7255,4.1377777777777665,0.2125,-1
787,7256,4.145555555555545,0.2125,-1
788,7257,4.153333333333323,0.2125,-1
789,7258,4.161111111111101,0.2125,-1
790,7259,4.168888888888879,0.2125,-1
791,7260,4.176666666666657,0.2125,-1
792,7261,4.184444444444435,0.2125,-1
793,7262,4.192222222222213,0.2125,-1
794,7263,4.199999999999991,0.2125,-1
795,7264,4.207777777777769,0.2125,-1
796,7265,4.2155555555555475,0.2125,-1
797,7266,4.223333333333326,0.2125,-1
798,7267,4.231111111111104,0.2125,-1
799,7268,4.238888888888882,0.2125,-1
800,7269,4.24666666666666,0.2125,-1
801,7270,4.254444444444438,0.2125,-1
802,7271,4.262222222222216,0.2125,-1
803,7272,4.269999999999994,0.2125,-1
804,7273,4.277777777777772,0.2125,-1
805,7274,4.2855555555555505,0.2125,-1
806,7275,4.293333333333329,0.2125,-1
807,7276,4.301111111111107,0.2125,-1
808,7277,4.308888888888885,0.2125,-1
809,7278,4.316666666666663,0.2125,-1
810,7279,4.324444444444441,0.2125,-1
811,7280,4.332222222222219,0.2125,-1
812,7281,4.332222222222219,0.2625,8
813,7282,4.332222222222219,0.2625,8
814,7283,4.332222222222219,0.2625,8
815,7284,4.332222222222219,0.2625,8
816,7285,4.332222222222219,0.2625,8
817,7286,4.332222222222219,0.2625,8
818,7287,4.332222222222219,0.2625,8
819,7288,4.332222222222219,0.2625,8
820,7289,4.332222222222219,0.2625,8
821,7290,4.332222222222219,0.2625,8
822,7291,4.332222222222219,0.2625,8
823,7292,4.332222222222219,0.2625,8
824,7293,4.339999999999997,0.2625,-1
825,7294,4.347777777777775,0.2625,-1
826,7295,4.355555555555553,0.2625,-1
827,7296,4.3633333333333315,0.2625,-1
828,7297,4.37111111111111,0.2625,-1
829,7298,4.378888888888888,0.2625,-1
830,7299,4.386666666666666,0.2625,-1
831,7300,4.394444444444444,0.2625,-1
832,7301,4.402222222222222,0.2625,-1
833,7302,4.41,0.2625,-1
834,7303,4.417777777777778,0.2625,-1
835,7304,4.425555555555556,0.2625,-1
836,7305,4.4333333333333345,0.2625,-1
837,7306,4.441111111111113,0.2625,-1
838,7307,4.448888888888891,0.2625,-1
839,7308,4.456666666666669,0.2625,-1
840,7309,4.464444444444447,0.2625,-1
841,7310,4.472222222222225,0.2625,-1
842,7311,4.480000000000003,0.2625,-1
843,7312,4.487777777777781,0.2625,-1
844,7313,4.495555555555559,0.2625,-1
845,7314,4.503333333333337,0.2625,-1
846,7315,4.5111111111111155,0.2625,-1
847,7316,4.518888888888894,0.2625,-1
848,7317,4.526666666666672,0.2625,-1
849,7318,4.53444444444445,0.2625,-1
850,7319,4.542222222222228,0.2625,-1
851,7320,4.550000000000006,0.2625,-1
852,7321,4.557777777777784,0.2625,-1
853,7322,4.565555555555562,0.2625,-1
854,7323,4.57333333333334,0.2625,-1
855,7324,4.5811111111111185,0.2625,-1
856,7325,4.588888888888897,0.2625,-1
857,7326,4.596666666666675,0.2625,-1
858,7327,4.604444444444453,0.2625,-1
859,7328,4.612222222222231,0.2625,-1
860,7329,4.620000000000009,0.2625,-1
861,7330,4.627777777777787,0.2625,-1
862,7331,4.635555555555565,0.2625,-1
863,7332,4.643333333333343,0.2625,-1
864,7333,4.651111111111121,0.2625,-1
865,7334,4.6588888888888995,0.2625,-1
866,7335,4.666666666666678,0.2625,-1
867,7336,4.674444444444456,0.2625,-1
868,7337,4.682222222222234,0.2625,-1
869,7338,4.690000000000012,0.2625,-1
870,7339,4.69777777777779,0.2625,-1
871,7340,4.705555555555568,0.2625,-1
872,7341,4.713333333333346,0.2625,-1
873,7342,4.721111111111124,0.2625,-1
874,7343,4.7288888888889025,0.2625,-1
875,7344,4.736666666666681,0.2625,-1
876,7345,4.744444444444459,0.2625,-1
877,7346,4.752222222222237,0.2625,-1
878,7347,4.760000000000015,0.2625,-1
879,7348,4.767777777777793,0.2625,-1
880,7349,4.775555555555571,0.2625,-1
881,7350,4.783333333333349,0.2625,-1
882,7351,4.791111111111127,0.2625,-1
883,7352,4.798888888888905,0.2625,-1
884,7353,4.8066666666666835,0.2625,-1
885,7354,4.814444444444462,0.2625,-1
886,7355,4.82222222222224,0.2625,-1
887,7356,4.830000000000018,0.2625,-1
888,7357,4.837777777777796,0.2625,-1
889,7358,4.845555555555574,0.2625,-1
890,7359,4.853333333333352,0.2625,-1
891,7360,4.86111111111113,0.2625,-1
892,7361,4.868888888888908,0.2625,-1
893,7362,4.8766666666666865,0.2625,-1
894,7363,4.884444444444465,0.2625,-1
895,7364,4.892222222222243,0.2625,-1
896,7365,4.900000000000021,0.2625,-1
897,7366,4.907777777777799,0.2625,-1
898,7367,4.915555555555577,0.2625,-1
899,7368,4.923333333333355,0.2625,-1
900,7369,4.931111111111133,0.2625,-1
901,7370,4.938888888888911,0.2625,-1
902,7371,4.946666666666689,0.2625,-1
903,7372,4.9544444444444675,0.2625,-1
904,7373,4.962222222222246,0.2625,-1
905,7374,4.970000000000024,0.2625,-1
906,7375,4.977777777777802,0.2625,-1
907,7376,4.98555555555558,0.2625,-1
908,7377,4.993333333333358,0.2625,-1
909,7378,5.001111111111136,0.2625,-1
910,7379,5.008888888888914,0.2625,-1
911,7380,5.016666666666692,0.2625,-1
912,7381,5.0244444444444705,0.2625,-1
913,7382,5.032222222222249,0.2625,-1
914,7383,5.040000000000027,0.2625,-1
915,7384,5.047777777777805,0.2625,-1
916,7385,5.055555555555583,0.2625,-1
917,7386,5.063333333333361,0.2625,-1
918,7387,5.071111111111139,0.2625,-1
919,7388,5.078888888888917,0.2625,-1
920,7389,5.086666666666695,0.2625,-1
921,7390,5.094444444444473,0.2625,-1
922,7391,5.1022222222222515,0.2625,-1
923,7392,5.11000000000003,0.2625,-1
924,7393,5.117777777777808,0.2625,-1
925,7394,5.125555555555586,0.2625,-1
926,7395,5.133333333333364,0.2625,-1
927,7396,5.141111111111142,0.2625,-1
928,7397,5.14888888888892,0.2625,-1
929,7398,5.156666666666698,0.2625,-1
930,7399,5.164444444444476,0.2625,-1
931,7400,5.1722222222222545,0.2625,-1
932,7401,5.180000000000033,0.2625,-1
933,7402,5.187777777777811,0.2625,-1
934,7403,5.195555555555589,0.2625,-1
935,7404,5.203333333333367,0.2625,-1
936,7405,5.211111111111145,0.2625,-1
937,7406,5.218888888888923,0.2625,-1
938,7407,5.226666666666701,0.2625,-1
939,7408,5.234444444444479,0.2625,-1
940,7409,5.242222222222257,0.2625,-1
941,7410,5.2500000000000355,0.2625,-1
942,7411,5.257777777777814,0.2625,-1
943,7412,5.265555555555592,0.2625,-1
944,7413,5.27333333333337,0.2625,-1
945,7414,5.281111111111148,0.2625,-1
946,7415,5.288888888888926,0.2625,-1
947,7416,5.296666666666704,0.2625,-1
948,7417,5.304444444444482,0.2625,-1
949,7418,5.31222222222226,0.2625,-1
950,7419,5.3200000000000385,0.2625,-1
951,7420,5.327777777777817,0.2625,-1
952,7421,5.335555555555595,0.2625,-1
953,7422,5.343333333333373,0.2625,-1
954,7423,5.351111111111151,0.2625,-1
955,7424,5.351111111111151,0.2625,10
956,7425,5.351111111111151,0.2625,10
957,7426,5.351111111111151,0.2625,10
958,7427,5.351111111111151,0.2625,10
959,7428,5.351111111111151,0.2625,10
960,7429,5.351111111111151,0.2625,10
961,7430,5.351111111111151,0.2625,10
962,7431,5.351111111111151,0.2625,10
963,7432,5.351111111111151,0.2625,10
964,7433,5.351111111111151,0.2625,10
965,7434,5.351111111111151,0.2625,10
966,7435,5.351111111111151,0.2625,10
967,7436,5.351111111111151,0.2625,10
968,7437,5.351111111111151,0.2625,10
969,7438,5.351111111111151,0.2625,10
970,7439,5.351111111111151,0.2625,10
971,7440,5.351111111111151,0.2625,10
972,7441,5.351111111111151,0.2625,10
973,7442,5.351111111111151,0.2625,10
974,7443,5.351111111111151,0.2625,10
975,7444,5.351111111111151,0.2625,10
976,7445,5.351111111111151,0.2625,10
977,7446,5.351111111111151,0.2625,10
978,7447,5.351111111111151,0.2625,10
979,7448,5.351111111111151,0.2625,10
980,7449,5.351111111111151,0.2625,10
981,7450,5.351111111111151,0.2625,10
982,7451,5.351111111111151,0.2625,10
983,7452,5.351111111111151,0.2625,10
984,7453,5.351111111111151,0.2625,10
985,7454,5.351111111111151,0.2625,10
986,7455,5.351111111111151,0.2625,10
987,7456,5.351111111111151,0.2625,10
988,7457,5.351111111111151,0.2625,10
989,7458,5.351111111111151,0.2625,10
990,7459,5.351111111111151,0.2625,10
991,7460,5.351111111111151,0.2625,10
992,7461,5.351111111111151,0.2625,10
993,7462,5.351111111111151,0.2625,10
994,7463,5.351111111111151,0.2625,10
995,7464,5.351111111111151,0.2625,10
996,7465,5.351111111111151,0.2625,10
997,7466,5.351111111111151,0.2625,10
998,7467,5.351111111111151,0.2625,10
999,7468,5.351111111111151,0.2625,10
1000,7469,5.351111111111151,0.2625,10
1001,7470,5.351111111111151,0.2625,10
1002,7471,5.351111111111151,0.2625,10
1003,7472,5.351111111111151,0.2625,10
1004,7473,5.351111111111151,0.2625,10
1005,7474,5.351111111111151,0.2625,10
1006,7475,5.351111111111151,0.2625,10
1007,7476,5.351111111111151,0.2625,10
1008,7477,5.351111111111151,0.2625,10
1009,7478,5.351111111111151,0.2625,10
1010,7479,5.351111111111151,0.2625,10
1011,7480,5.351111111111151,0.2625,10
1012,7481,5.351111111111151,0.2625,10
1013,7482,5.351111111111151,0.2625,10
1014,7483,5.351111111111151,0.2625,10
1015,7484,5.351111111111151,0.2625,10
1016,7485,5.351111111111151,0.2625,10
1017,7486,5.351111111111151,0.2625,10
1018,7487,5.351111111111151,0.2625,10
1019,7488,5.351111111111151,0.2625,10
1020,7489,5.351111111111151,0.2625,10
1021,7490,5.351111111111151,0.2625,10
1022,7491,5.351111111111151,0.2625,10
1023,7492,5.351111111111151,0.2625,10
1024,7493,5.351111111111151,0.2625,10
1025,7494,5.351111111111151,0.2625,10
1026,7495,5.351111111111151,0.2625,10
1027,7496,5.351111111111151,0.2625,10
1028,7497,5.351111111111151,0.2625,10
1029,7498,5.351111111111151,0.2625,10
1030,7499,5.351111111111151,0.2625,10
1031,7500,5.351111111111151,0.2625,10
1032,7501,5.351111111111151,0.2625,10
1033,7502,5.351111111111151,0.2625,10
1034,7503,5.358888888888929,0.2625,-1
1035,7504,5.366666666666707,0.2625,-1
1036,7505,5.374444444444485,0.2625,-1
1037,7506,5.382222222222263,0.2625,-1
1038,7507,5.390000000000041,0.2625,-1
1039,7508,5.3977777777778195,0.2625,-1
1040,7509,5.405555555555598,0.2625,-1
1041,7510,5.413333333333376,0.2625,-1
1042,7511,5.421111111111154,0.2625,-1
1043,7512,5.428888888888932,0.2625,-1
1044,7513,5.43666666666671,0.2625,-1
1045,7514,5.444444444444488,0.2625,-1
1046,7515,5.452222222222266,0.2625,-1
1047,7516,5.460000000000044,0.2625,-1
1048,7517,5.4677777777778225,0.2625,-1
1049,7518,5.475555555555601,0.2625,-1
1050,7519,5.483333333333379,0.2625,-1
1051,7520,5.491111111111157,0.2625,-1
1052,7521,5.498888888888935,0.2625,-1
1053,7522,5.506666666666713,0.2625,-1
1054,7523,5.514444444444491,0.2625,-1
1055,7524,5.522222222222269,0.2625,-1
1056,7525,5.530000000000047,0.2625,-1
1057,7526,5.537777777777825,0.2625,-1
1058,7527,5.5455555555556035,0.2625,-1
1059,7528,5.553333333333382,0.2625,-1
1060,7529,5.56111111111116,0.2625,-1
1061,7530,5.568888888888938,0.2625,-1
1062,7531,5.576666666666716,0.2625,-1
1063,7532,5.584444444444494,0.2625,-1
1064,7533,5.592222222222272,0.2625,-1
1065,7534,5.60000000000005,0.2625,-1
1066,7535,5.607777777777828,0.2625,-1
1067,7536,5.6155555555556065,0.2625,-1
1068,7537,5.623333333333385,0.2625,-1
1069,7538,5.631111111111163,0.2625,-1
1070,7539,5.638888888888941,0.2625,-1
1071,7540,5.646666666666719,0.2625,-1
1072,7541,5.654444444444497,0.2625,-1
1073,7542,5.662222222222275,0.2625,-1
1074,7543,5.670000000000053,0.2625,-1
1075,7544,5.677777777777831,0.2625,-1
1076,7545,5.685555555555609,0.2625,-1
1077,7546,5.6933333333333875,0.2625,-1
1078,7547,5.701111111111166,0.2625,-1
1079,7548,5.708888888888944,0.2625,-1
1080,7549,5.716666666666722,0.2625,-1
1081,7550,5.7244444444445,0.2625,-1
1082,7551,5.732222222222278,0.2625,-1
1083,7552,5.740000000000056,0.2625,-1
1084,7553,5.747777777777834,0.2625,-1
1085,7554,5.755555555555612,0.2625,-1
1086,7555,5.7633333333333905,0.2625,-1
1087,7556,5.771111111111169,0.2625,-1
1088,7557,5.778888888888947,0.2625,-1
1089,7558,5.786666666666725,0.2625,-1
1090,7559,5.794444444444503,0.2625,-1
1091,7560,5.802222222222281,0.2625,-1
1092,7561,5.810000000000059,0.2625,-1
1093,7562,5.817777777777837,0.2625,-1
1094,7563,5.825555555555615,0.2625,-1
1095,7564,5.833333333333393,0.2625,-1
1096,7565,5.8411111111111715,0.2625,-1
1097,7566,5.84888888888895,0.2625,-1
1098,7567,5.856666666666728,0.2625,-1
1099,7568,5.864444444444506,0.2625,-1
1100,7569,5.872222222222284,0.2625,-1
1101,7570,5.880000000000062,0.2625,-1
1102,7571,5.88777777777784,0.2625,-1
1103,7572,5.895555555555618,0.2625,-1
1104,7573,5.903333333333396,0.2625,-1
1105,7574,5.9111111111111745,0.2625,-1
1106,7575,5.918888888888953,0.2625,-1
1107,7576,5.926666666666731,0.2625,-1
1108,7577,5.934444444444509,0.2625,-1
1109,7578,5.942222222222287,0.2625,-1
1110,7579,5.950000000000065,0.2625,-1
1111,7580,5.957777777777843,0.2625,-1
1112,7581,5.965555555555621,0.2625,-1
1113,7582,5.973333333333399,0.2625,-1
1114,7583,5.981111111111177,0.2625,-1
1115,7584,5.9888888888889555,0.2625,-1
1116,7585,5.996666666666734,0.2625,-1
1117,7586,6.004444444444512,0.2625,-1
1118,7587,6.01222222222229,0.2625,-1
1119,7588,6.020000000000068,0.2625,-1
1120,7589,6.027777777777846,0.2625,-1
1121,7590,6.035555555555624,0.2625,-1
1122,7591,6.043333333333402,0.2625,-1
1123,7592,6.05111111111118,0.2625,-1
1124,7593,6.0588888888889585,0.2625,-1
1125,7594,6.066666666666737,0.2625,-1
1126,7595,6.074444444444515,0.2625,-1
1127,7596,6.082222222222293,0.2625,-1
1128,7597,6.090000000000071,0.2625,-1
1129,7598,6.097777777777849,0.2625,-1
1130,7599,6.105555555555627,0.2625,-1
1131,7600,6.113333333333405,0.2625,-1
1132,7601,6.121111111111183,0.2625,-1
1133,7602,6.128888888888961,0.2625,-1
1134,7603,6.1366666666667395,0.2625,-1
1135,7604,6.144444444444518,0.2625,-1
1136,7605,6.152222222222296,0.2625,-1
1137,7606,6.160000000000074,0.2625,-1
1138,7607,6.167777777777852,0.2625,-1
1139,7608,6.17555555555563,0.2625,-1
1140,7609,6.183333333333408,0.2625,-1
1141,7610,6.191111111111186,0.2625,-1
1142,7611,6.198888888888964,0.2625,-1
1143,7612,6.2066666666667425,0.2625,-1
1144,7613,6.214444444444521,0.2625,-1
1145,7614,6.222222222222299,0.2625,-1
1146,7615,6.230000000000077,0.2625,-1
1147,7616,6.237777777777855,0.2625,-1
1148,7617,6.245555555555633,0.2625,-1
1149,7618,6.253333333333411,0.2625,-1
1150,7619,6.261111111111189,0.2625,-1
1151,7620,6.268888888888967,0.2625,-1
1152,7621,6.276666666666745,0.2625,-1
1153,7622,6.2844444444445235,0.2625,-1
1154,7623,6.292222222222302,0.2625,-1
1155,7624,6.30000000000008,0.2625,-1
1156,7625,6.307777777777858,0.2625,-1
1157,7626,6.315555555555636,0.2625,-1
1158,7627,6.323333333333414,0.2625,-1
1159,7628,6.331111111111192,0.2625,-1
1160,7629,6.33888888888897,0.2625,-1
1161,7630,6.346666666666748,0.2625,-1
1162,7631,6.3544444444445265,0.2625,-1
1163,7632,6.362222222222305,0.2625,-1
1164,7633,6.370000000000083,0.2625,-1
1165,7634,6.377777777777861,0.2625,-1
1166,7635,6.385555555555639,0.2625,-1
1167,7636,6.393333333333417,0.2625,-1
1168,7637,6.401111111111195,0.2625,-1
1169,7638,6.408888888888973,0.2625,-1
1170,7639,6.416666666666751,0.2625,-1
1171,7640,6.4244444444445294,0.2625,-1
1172,7641,6.4322222222223076,0.2625,-1
1173,7642,6.440000000000086,0.2625,-1
1174,7643,6.447777777777864,0.2625,-1
1175,7644,6.455555555555642,0.2625,-1
1176,7645,6.46333333333342,0.2625,-1
1177,7646,6.471111111111198,0.2625,-1
1178,7647,6.478888888888976,0.2625,-1
1179,7648,6.486666666666754,0.2625,-1
1180,7649,6.494444444444532,0.2625,-1
1181,7650,6.494444444444532,0.3125,11
1182,7651,6.494444444444532,0.3125,11
1183,7652,6.494444444444532,0.3125,11
1184,7653,6.494444444444532,0.3125,11
1185,7654,6.494444444444532,0.3125,11
1186,7655,6.494444444444532,0.3125,11
1187,7656,6.494444444444532,0.3125,11
1188,7657,6.494444444444532,0.3125,11
1189,7658,6.494444444444532,0.3125,11
1190,7659,6.494444444444532,0.3125,11
1191,7660,6.494444444444532,0.3125,11
1192,7661,6.494444444444532,0.3125,11
1193,7662,6.494444444444532,0.3125,11
1194,7663,6.494444444444532,0.3125,11
1195,7664,6.494444444444532,0.3125,11
1196,7665,6.494444444444532,0.3125,11
1197,7666,6.494444444444532,0.3125,11
1198,7667,6.494444444444532,0.3125,11
1199,7668,6.494444444444532,0.3125,11
1200,7669,6.494444444444532,0.3125,11
1201,7670,6.494444444444532,0.3125,11
1202,7671,6.494444444444532,0.3125,11
1203,7672,6.494444444444532,0.3125,11
1204,7673,6.494444444444532,0.3125,11
1205,7674,6.494444444444532,0.3125,11
1206,7675,6.494444444444532,0.3125,11
1207,7676,6.494444444444532,0.3125,11
1208,7677,6.494444444444532,0.3125,11
1209,7678,6.494444444444532,0.3125,11
1210,7679,6.494444444444532,0.3125,11
1211,7680,6.494444444444532,0.3125,11
1212,7681,6.494444444444532,0.3125,11
1213,7682,6.494444444444532,0.3125,11
1214,7683,6.494444444444532,0.3125,11
1215,7684,6.494444444444532,0.3125,11
1216,7685,6.494444444444532,0.3125,11
1217,7686,6.494444444444532,0.3125,11
1218,7687,6.494444444444532,0.3125,11
1219,7688,6.494444444444532,0.3125,11
1220,7689,6.494444444444532,0.3125,11
1221,7690,6.494444444444532,0.3125,11
1222,7691,6.494444444444532,0.3125,11
1223,7692,6.494444444444532,0.3125,11
1224,7693,6.494444444444532,0.3125,11
1225,7694,6.494444444444532,0.3125,11
1226,7695,6.494444444444532,0.3125,11
1227,7696,6.494444444444532,0.3125,11
1228,7697,6.494444444444532,0.3125,11
1229,7698,6.494444444444532,0.3125,11
1230,7699,6.494444444444532,0.3125,11
1231,7700,6.494444444444532,0.3125,11
1232,7701,6.494444444444532,0.3125,11
1233,7702,6.494444444444532,0.3125,11
1234,7703,6.494444444444532,0.3125,11
1235,7704,6.494444444444532,0.3125,11
1236,7705,6.494444444444532,0.3125,11
1237,7706,6.494444444444532,0.3125,11
1238,7707,6.494444444444532,0.3125,11
1239,7708,6.494444444444532,0.3125,11
1240,7709,6.494444444444532,0.3125,11
1241,7710,6.494444444444532,0.3125,11
1242,7711,6.494444444444532,0.3125,11
1243,7712,6.494444444444532,0.3125,11
1244,7713,6.494444444444532,0.3125,11
1245,7714,6.494444444444532,0.3125,11
1246,7715,6.494444444444532,0.3125,11
1247,7716,6.494444444444532,0.3125,11
1248,7717,6.494444444444532,0.3125,11
1249,7718,6.494444444444532,0.3125,11
1250,7719,6.494444444444532,0.3125,11
1251,7720,6.494444444444532,0.3125,11
1252,7721,6.494444444444532,0.3125,11
1253,7722,6.494444444444532,0.3125,11
1254,7723,6.494444444444532,0.3125,11
1255,7724,6.494444444444532,0.3125,11
1256,7725,6.494444444444532,0.3125,11
1257,7726,6.494444444444532,0.3125,11
1258,7727,6.494444444444532,0.3125,11
1259,7728,6.494444444444532,0.3125,11
1260,7729,6.494444444444532,0.3125,11
1261,7730,6.494444444444532,0.3125,11
1262,7731,6.494444444444532,0.3125,11
1263,7732,6.494444444444532,0.3125,11
1264,7733,6.494444444444532,0.3125,11
1265,7734,6.494444444444532,0.3125,11
1266,7735,6.494444444444532,0.3125,11
1267,7736,6.494444444444532,0.3125,11
1268,7737,6.494444444444532,0.3125,11
1269,7738,6.494444444444532,0.3125,11
1270,7739,6.494444444444532,0.3125,11
1271,7740,6.494444444444532,0.3125,11
1272,7741,6.494444444444532,0.3125,11
1273,7742,6.494444444444532,0.3125,11
1274,7743,6.494444444444532,0.3125,11
1275,7744,6.494444444444532,0.3125,11
1276,7745,6.494444444444532,0.3125,11
1277,7746,6.494444444444532,0.3125,11
1278,7747,6.494444444444532,0.3125,11
1279,7748,6.494444444444532,0.3125,11
1280,7749,6.494444444444532,0.3125,11
1281,7750,6.494444444444532,0.3125,11
1282,7751,6.494444444444532,0.3125,11
1283,7752,6.494444444444532,0.3125,11
1284,7753,6.494444444444532,0.3125,11
1285,7754,6.494444444444532,0.3125,11
1286,7755,6.494444444444532,0.3125,11
1287,7756,6.494444444444532,0.3125,11
1288,7757,6.494444444444532,0.3125,11
1289,7758,6.494444444444532,0.3125,11
1290,7759,6.494444444444532,0.3125,11
1291,7760,6.494444444444532,0.3125,11
1292,7761,6.494444444444532,0.3125,11
1293,7762,6.494444444444532,0.3125,11
1294,7763,6.494444444444532,0.3125,11
1295,7764,6.494444444444532,0.3125,11
1296,7765,6.494444444444532,0.3125,11
1297,7766,6.494444444444532,0.3125,11
1298,7767,6.5022222222223105,0.3125,-1
1299,7768,6.510000000000089,0.3125,-1
1300,7769,6.517777777777867,0.3125,-1
1301,7770,6.525555555555645,0.3125,-1
1302,7771,6.533333333333423,0.3125,-1
1303,7772,6.541111111111201,0.3125,-1
1304,7773,6.548888888888979,0.3125,-1
1305,7774,6.556666666666757,0.3125,-1
1306,7775,6.564444444444535,0.3125,-1
1307,7776,6.5722222222223134,0.3125,-1
1308,7777,6.5800000000000916,0.3125,-1
1309,7778,6.58777777777787,0.3125,-1
1310,7779,6.595555555555648,0.3125,-1
1311,7780,6.603333333333426,0.3125,-1
1312,7781,6.611111111111204,0.3125,-1
1313,7782,6.618888888888982,0.3125,-1
1314,7783,6.62666666666676,0.3125,-1
1315,7784,6.634444444444538,0.3125,-1
1316,7785,6.642222222222316,0.3125,-1
1317,7786,6.6500000000000945,0.3125,-1
1318,7787,6.657777777777873,0.3125,-1
1319,7788,6.665555555555651,0.3125,-1
1320,7789,6.673333333333429,0.3125,-1
1321,7790,6.681111111111207,0.3125,-1
1322,7791,6.688888888888985,0.3125,-1
1323,7792,6.696666666666763,0.3125,-1
1324,7793,6.704444444444541,0.3125,-1
1325,7794,6.712222222222319,0.3125,-1
1326,7795,6.7200000000000975,0.3125,-1
1327,7796,6.727777777777876,0.3125,-1
1328,7797,6.735555555555654,0.3125,-1
1329,7798,6.743333333333432,0.3125,-1
1330,7799,6.75111111111121,0.3125,-1
1331,7800,6.758888888888988,0.3125,-1
1332,7801,6.766666666666766,0.3125,-1
1333,7802,6.774444444444544,0.3125,-1
1334,7803,6.782222222222322,0.3125,-1
1335,7804,6.7900000000001,0.3125,-1
1336,7805,6.7977777777778785,0.3125,-1
1337,7806,6.805555555555657,0.3125,-1
1338,7807,6.813333333333435,0.3125,-1
1339,7808,6.821111111111213,0.3125,-1
1340,7809,6.828888888888991,0.3125,-1
1341,7810,6.836666666666769,0.3125,-1
1342,7811,6.844444444444547,0.3125,-1
1343,7812,6.852222222222325,0.3125,-1
1344,7813,6.860000000000103,0.3125,-1
1345,7814,6.8677777777778815,0.3125,-1
1346,7815,6.87555555555566,0.3125,-1
1347,7816,6.883333333333438,0.3125,-1
1348,7817,6.891111111111216,0.3125,-1
1349,7818,6.898888888888994,0.3125,-1
1350,7819,6.906666666666772,0.3125,-1
1351,7820,6.91444444444455,0.3125,-1
1352,7821,6.922222222222328,0.3125,-1
1353,7822,6.930000000000106,0.3125,-1
1354,7823,6.930000000000106,0.325,12
1355,7824,6.930000000000106,0.325,12
1356,7825,6.930000000000106,0.325,12
1357,7826,6.930000000000106,0.325,12
1358,7827,6.930000000000106,0.325,12
1359,7828,6.930000000000106,0.325,12
1360,7829,6.930000000000106,0.325,12
1361,7830,6.930000000000106,0.325,12
1362,7831,6.930000000000106,0.325,12
1363,7832,6.930000000000106,0.325,12
1364,7833,6.930000000000106,0.325,12
1365,7834,6.930000000000106,0.325,12
1366,7835,6.930000000000106,0.325,12
1367,7836,6.930000000000106,0.325,12
1368,7837,6.930000000000106,0.325,12
1369,7838,6.930000000000106,0.325,12
1370,7839,6.930000000000106,0.325,12
1371,7840,6.930000000000106,0.325,12
1372,7841,6.930000000000106,0.325,12
1373,7842,6.930000000000106,0.325,12
1374,7843,6.930000000000106,0.325,12
1375,7844,6.930000000000106,0.325,12
1376,7845,6.930000000000106,0.325,12
1377,7846,6.930000000000106,0.325,12
1378,7847,6.930000000000106,0.325,12
1379,7848,6.930000000000106,0.325,12
1380,7849,6.930000000000106,0.325,12
1381,7850,6.930000000000106,0.325,12
1382,7851,6.930000000000106,0.325,12
1383,7852,6.930000000000106,0.325,12
1384,7853,6.930000000000106,0.325,12
1385,7854,6.930000000000106,0.325,12
1386,7855,6.930000000000106,0.325,12
1387,7856,6.937777777777884,0.325,-1
1388,7857,6.9455555555556625,0.325,-1
1389,7858,6.953333333333441,0.325,-1
1390,7859,6.961111111111219,0.325,-1
1391,7860,6.968888888888997,0.325,-1
1392,7861,6.976666666666775,0.325,-1
1393,7862,6.984444444444553,0.325,-1
1394,7863,6.992222222222331,0.325,-1
1395,7864,7.000000000000109,0.325,-1
1396,7865,7.007777777777887,0.325,-1
1397,7866,7.0155555555556655,0.325,-1
1398,7867,7.023333333333444,0.325,-1
1399,7868,7.031111111111222,0.325,-1
1400,7869,7.038888888889,0.325,-1
1401,7870,7.046666666666778,0.325,-1
1402,7871,7.054444444444556,0.325,-1
1403,7872,7.062222222222334,0.325,-1
1404,7873,7.070000000000112,0.325,-1
1405,7874,7.07777777777789,0.325,-1
1406,7875,7.085555555555668,0.325,-1
1407,7876,7.0933333333334465,0.325,-1
1408,7877,7.101111111111225,0.325,-1
1409,7878,7.108888888889003,0.325,-1
1410,7879,7.116666666666781,0.325,-1
1411,7880,7.124444444444559,0.325,-1
1412,7881,7.132222222222337,0.325,-1
1413,7882,7.140000000000115,0.325,-1
1414,7883,7.147777777777893,0.325,-1
1415,7884,7.155555555555671,0.325,-1
1416,7885,7.1633333333334495,0.325,-1
1417,7886,7.171111111111228,0.325,-1
1418,7887,7.178888888889006,0.325,-1
1419,7888,7.186666666666784,0.325,-1
1420,7889,7.194444444444562,0.325,-1
1421,7890,7.20222222222234,0.325,-1
1422,7891,7.210000000000118,0.325,-1
1423,7892,7.217777777777896,0.325,-1
1424,7893,7.225555555555674,0.325,-1
1425,7894,7.233333333333452,0.325,-1
1426,7895,7.2411111111112305,0.325,-1
1427,7896,7.248888888889009,0.325,-1
1428,7897,7.256666666666787,0.325,-1
1429,7898,7.264444444444565,0.325,-1
1430,7899,7.272222222222343,0.325,-1
1431,7900,7.280000000000121,0.325,-1
1432,7901,7.287777777777899,0.325,-1
1433,7902,7.295555555555677,0.325,-1
1434,7903,7.295555555555677,0.325,13
1435,7904,7.295555555555677,0.325,13
1436,7905,7.295555555555677,0.325,13
1437,7906,7.295555555555677,0.325,13
1438,7907,7.295555555555677,0.325,13
1439,7908,7.295555555555677,0.325,13
1440,7909,7.295555555555677,0.325,13
1441,7910,7.295555555555677,0.325,13
1442,7911,7.295555555555677,0.325,13
1443,7912,7.295555555555677,0.325,13
1444,7913,7.295555555555677,0.325,13
1445,7914,7.295555555555677,0.325,13
1446,7915,7.295555555555677,0.325,13
1447,7916,7.295555555555677,0.325,13
1448,7917,7.295555555555677,0.325,13
1449,7918,7.295555555555677,0.325,13
1450,7919,7.295555555555677,0.325,13
1451,7920,7.295555555555677,0.325,13
1452,7921,7.295555555555677,0.325,13
1453,7922,7.295555555555677,0.325,13
1454,7923,7.295555555555677,0.325,13
1455,7924,7.295555555555677,0.325,13
1456,7925,7.295555555555677,0.325,13
1457,7926,7.295555555555677,0.325,13
1458,7927,7.295555555555677,0.325,13
1459,7928,7.295555555555677,0.325,13
1460,7929,7.295555555555677,0.325,13
1461,7930,7.295555555555677,0.325,13
1462,7931,7.295555555555677,0.325,13
1463,7932,7.295555555555677,0.325,13
1464,7933,7.295555555555677,0.325,13
1465,7934,7.295555555555677,0.325,13
1466,7935,7.295555555555677,0.325,13
1467,7936,7.295555555555677,0.325,13
1468,7937,7.295555555555677,0.325,13
1469,7938,7.295555555555677,0.325,13
1470,7939,7.295555555555677,0.325,13
1471,7940,7.295555555555677,0.325,13
1472,7941,7.295555555555677,0.325,13
1473,7942,7.295555555555677,0.325,13
1474,7943,7.295555555555677,0.325,13
1475,7944,7.295555555555677,0.325,13
1476,7945,7.295555555555677,0.325,13
1477,7946,7.295555555555677,0.325,13
1478,7947,7.295555555555677,0.325,13
1479,7948,7.295555555555677,0.325,13
1480,7949,7.295555555555677,0.325,13
1481,7950,7.295555555555677,0.325,13
1482,7951,7.295555555555677,0.325,13
1483,7952,7.295555555555677,0.325,13
1484,7953,7.295555555555677,0.325,13
1485,7954,7.295555555555677,0.325,13
1486,7955,7.295555555555677,0.325,13
1487,7956,7.295555555555677,0.325,13
1488,7957,7.295555555555677,0.325,13
1489,7958,7.295555555555677,0.325,13
1490,7959,7.295555555555677,0.325,13
1491,7960,7.295555555555677,0.325,13
1492,7961,7.295555555555677,0.325,13
1493,7962,7.295555555555677,0.325,13
1494,7963,7.295555555555677,0.325,13
1495,7964,7.295555555555677,0.325,13
1496,7965,7.295555555555677,0.325,13
1497,7966,7.295555555555677,0.325,13
1498,7967,7.295555555555677,0.325,13
1499,7968,7.295555555555677,0.325,13
1500,7969,7.295555555555677,0.325,13
1501,7970,7.295555555555677,0.325,13
1502,7971,7.295555555555677,0.325,13
1503,7972,7.295555555555677,0.325,13
1504,7973,7.295555555555677,0.325,13
1505,7974,7.295555555555677,0.325,13
1506,7975,7.295555555555677,0.325,13
1507,7976,7.295555555555677,0.325,13
1508,7977,7.295555555555677,0.325,13
1509,7978,7.295555555555677,0.325,13
1510,7979,7.295555555555677,0.325,13
1511,7980,7.295555555555677,0.325,13
1512,7981,7.295555555555677,0.325,13
1513,7982,7.295555555555677,0.325,13
1514,7983,7.295555555555677,0.325,13
1515,7984,7.295555555555677,0.325,13
1516,7985,7.295555555555677,0.325,13
1517,7986,7.295555555555677,0.325,13
1518,7987,7.295555555555677,0.325,13
1519,7988,7.295555555555677,0.325,13
1520,7989,7.295555555555677,0.325,13
1521,7990,7.295555555555677,0.325,13
1522,7991,7.295555555555677,0.325,13
1523,7992,7.295555555555677,0.325,13
1524,7993,7.295555555555677,0.325,13
1525,7994,7.295555555555677,0.325,13
1526,7995,7.295555555555677,0.325,13
1527,7996,7.303333333333455,0.325,-1
1528,7997,7.3111111111112335,0.325,-1
1529,7998,7.318888888889012,0.325,-1
1530,7999,7.32666666666679,0.325,-1
1531,8000,7.334444444444568,0.325,-1
1532,8001,7.342222222222346,0.325,-1
1533,8002,7.350000000000124,0.325,-1
1534,8003,7.357777777777902,0.325,-1
1535,8004,7.36555555555568,0.325,-1
1536,8005,7.373333333333458,0.325,-1
1537,8006,7.381111111111236,0.325,-1
1538,8007,7.3888888888890145,0.325,-1
1539,8008,7.396666666666793,0.325,-1
1540,8009,7.404444444444571,0.325,-1
1541,8010,7.412222222222349,0.325,-1
1542,8011,7.420000000000127,0.325,-1
1543,8012,7.427777777777905,0.325,-1
1544,8013,7.435555555555683,0.325,-1
1545,8014,7.443333333333461,0.325,-1
1546,8015,7.451111111111239,0.325,-1
1547,8016,7.4588888888890175,0.325,-1
1548,8017,7.466666666666796,0.325,-1
1549,8018,7.474444444444574,0.325,-1
1550,8019,7.482222222222352,0.325,-1
1551,8020,7.49000000000013,0.325,-1
1552,8021,7.497777777777908,0.325,-1
1553,8022,7.505555555555686,0.325,-1
1554,8023,7.513333333333464,0.325,-1
1555,8024,7.521111111111242,0.325,-1
1556,8025,7.52888888888902,0.325,-1
1557,8026,7.5366666666667985,0.325,-1
1558,8027,7.544444444444577,0.325,-1
1559,8028,7.552222222222355,0.325,-1
1560,8029,7.560000000000133,0.325,-1
1561,8030,7.567777777777911,0.325,-1
1562,8031,7.575555555555689,0.325,-1
1563,8032,7.583333333333467,0.325,-1
1564,8033,7.591111111111245,0.325,-1
1565,8034,7.598888888889023,0.325,-1
1566,8035,7.6066666666668015,0.325,-1
1567,8036,7.61444444444458,0.325,-1
1568,8037,7.622222222222358,0.325,-1
1569,8038,7.630000000000136,0.325,-1
1570,8039,7.637777777777914,0.325,-1
1571,8040,7.645555555555692,0.325,-1
1572,8041,7.65333333333347,0.325,-1
1573,8042,7.661111111111248,0.325,-1
1574,8043,7.668888888889026,0.325,-1
1575,8044,7.676666666666804,0.325,-1
1576,8045,7.6844444444445825,0.325,-1
1577,8046,7.692222222222361,0.325,-1
1578,8047,7.700000000000139,0.325,-1
1579,8048,7.707777777777917,0.325,-1
1580,8049,7.715555555555695,0.325,-1
1581,8050,7.723333333333473,0.325,-1
1582,8051,7.731111111111251,0.325,-1
1583,8052,7.738888888889029,0.325,-1
1584,8053,7.746666666666807,0.325,-1
1585,8054,7.7544444444445855,0.325,-1
1586,8055,7.762222222222364,0.325,-1
1587,8056,7.770000000000142,0.325,-1
1588,8057,7.77777777777792,0.325,-1
1589,8058,7.785555555555698,0.325,-1
1590,8059,7.793333333333476,0.325,-1
1591,8060,7.801111111111254,0.325,-1
1592,8061,7.808888888889032,0.325,-1
1593,8062,7.81666666666681,0.325,-1
1594,8063,7.824444444444588,0.325,-1
1595,8064,7.8322222222223665,0.325,-1
1596,8065,7.840000000000145,0.325,-1
1597,8066,7.847777777777923,0.325,-1
1598,8067,7.855555555555701,0.325,-1
1599,8068,7.863333333333479,0.325,-1
1600,8069,7.871111111111257,0.325,-1
1601,8070,7.878888888889035,0.325,-1
1602,8071,7.886666666666813,0.325,-1
1603,8072,7.894444444444591,0.325,-1
1604,8073,7.894444444444591,0.4125,14
1605,8074,7.894444444444591,0.4125,14
1606,8075,7.894444444444591,0.4125,14
1607,8076,7.894444444444591,0.4125,14
1608,8077,7.894444444444591,0.4125,14
1609,8078,7.894444444444591,0.4125,14
1610,8079,7.894444444444591,0.4125,14
1611,8080,7.894444444444591,0.4125,14
1612,8081,7.894444444444591,0.4125,14
1613,8082,7.894444444444591,0.4125,14
1614,8083,7.894444444444591,0.4125,14
1615,8084,7.894444444444591,0.4125,14
1616,8085,7.894444444444591,0.4125,14
1617,8086,7.894444444444591,0.4125,14
1618,8087,7.894444444444591,0.4125,14
1619,8088,7.894444444444591,0.4125,14
1620,8089,7.894444444444591,0.4125,14
1621,8090,7.894444444444591,0.4125,14
1622,8091,7.894444444444591,0.4125,14
1623,8092,7.894444444444591,0.4125,14
1624,8093,7.894444444444591,0.4125,14
1625,8094,7.894444444444591,0.4125,14
1626,8095,7.894444444444591,0.4125,14
1627,8096,7.894444444444591,0.4125,14
1628,8097,7.894444444444591,0.4125,14
1629,8098,7.894444444444591,0.4125,14
1630,8099,7.894444444444591,0.4125,14
1631,8100,7.894444444444591,0.4125,14
1632,8101,7.894444444444591,0.4125,14
1633,8102,7.894444444444591,0.4125,14
1634,8103,7.894444444444591,0.4125,14
1635,8104,7.894444444444591,0.4125,14
1636,8105,7.894444444444591,0.4125,14
1637,8106,7.894444444444591,0.4125,14
1638,8107,7.894444444444591,0.4125,14
1639,8108,7.894444444444591,0.4125,14
1640,8109,7.894444444444591,0.4125,14
1641,8110,7.894444444444591,0.4125,14
1642,8111,7.894444444444591,0.4125,14
1643,8112,7.894444444444591,0.4125,14
1644,8113,7.894444444444591,0.4125,14
1645,8114,7.894444444444591,0.4125,14
1646,8115,7.894444444444591,0.4125,14
1647,8116,7.894444444444591,0.4125,14
1648,8117,7.894444444444591,0.4125,14
1649,8118,7.894444444444591,0.4125,14
1650,8119,7.894444444444591,0.4125,14
1651,8120,7.894444444444591,0.4125,14
1652,8121,7.894444444444591,0.4125,14
1653,8122,7.894444444444591,0.4125,14
1654,8123,7.894444444444591,0.4125,14
1655,8124,7.894444444444591,0.4125,14
1656,8125,7.894444444444591,0.4125,14
1657,8126,7.894444444444591,0.4125,14
1658,8127,7.894444444444591,0.4125,14
1659,8128,7.894444444444591,0.4125,14
1660,8129,7.894444444444591,0.4125,14
1661,8130,7.894444444444591,0.4125,14
1662,8131,7.894444444444591,0.4125,14
1663,8132,7.894444444444591,0.4125,14
1664,8133,7.894444444444591,0.4125,14
1665,8134,7.894444444444591,0.4125,14
1666,8135,7.894444444444591,0.4125,14
1667,8136,7.894444444444591,0.4125,14
1668,8137,7.894444444444591,0.4125,14
1669,8138,7.894444444444591,0.4125,14
1670,8139,7.894444444444591,0.4125,14
1671,8140,7.894444444444591,0.4125,14
1672,8141,7.894444444444591,0.4125,14
1673,8142,7.894444444444591,0.4125,14
1674,8143,7.894444444444591,0.4125,14
1675,8144,7.894444444444591,0.4125,14
1676,8145,7.894444444444591,0.4125,14
1677,8146,7.894444444444591,0.4125,14
1678,8147,7.894444444444591,0.4125,14
1679,8148,7.894444444444591,0.4125,14
1680,8149,7.894444444444591,0.4125,14
1681,8150,7.894444444444591,0.4125,14
1682,8151,7.894444444444591,0.4125,14
1683,8152,7.894444444444591,0.4125,14
1684,8153,7.894444444444591,0.4125,14
1685,8154,7.894444444444591,0.4125,14
1686,8155,7.894444444444591,0.4125,14
1687,8156,7.894444444444591,0.4125,14
1688,8157,7.894444444444591,0.4125,14
1689,8158,7.894444444444591,0.4125,14
1690,8159,7.894444444444591,0.4125,14
1691,8160,7.894444444444591,0.4125,14
1692,8161,7.894444444444591,0.4125,14
1693,8162,7.894444444444591,0.4125,14
1694,8163,7.894444444444591,0.4125,14
1695,8164,7.894444444444591,0.4125,14
1696,8165,7.894444444444591,0.4125,14
1697,8166,7.894444444444591,0.4125,14
1698,8167,7.894444444444591,0.4125,14
1699,8168,7.894444444444591,0.4125,14
1700,8169,7.894444444444591,0.4125,14
1701,8170,7.894444444444591,0.4125,14
1702,8171,7.894444444444591,0.4125,14
1703,8172,7.894444444444591,0.4125,14
1704,8173,7.9022222222223695,0.4125,-1
1705,8174,7.910000000000148,0.4125,-1
1706,8175,7.917777777777926,0.4125,-1
1707,8176,7.925555555555704,0.4125,-1
1708,8177,7.933333333333482,0.4125,-1
1709,8178,7.94111111111126,0.4125,-1
1710,8179,7.948888888889038,0.4125,-1
1711,8180,7.956666666666816,0.4125,-1
1712,8181,7.964444444444594,0.4125,-1
1713,8182,7.972222222222372,0.4125,-1
1714,8183,7.9800000000001505,0.4125,-1
1715,8184,7.987777777777929,0.4125,-1
1716,8185,7.995555555555707,0.4125,-1
1717,8186,8.003333333333485,0.4125,-1
1718,8187,8.011111111111262,0.4125,-1
1719,8188,8.01888888888904,0.4125,-1
1720,8189,8.026666666666816,0.4125,-1
1721,8190,8.034444444444594,0.4125,-1
1722,8191,8.042222222222371,0.4125,-1
1723,8192,8.050000000000148,0.4125,-1
1724,8193,8.057777777777925,0.4125,-1
1725,8194,8.065555555555703,0.4125,-1
1726,8195,8.07333333333348,0.4125,-1
1727,8196,8.081111111111257,0.4125,-1
1728,8197,8.088888888889034,0.4125,-1
1729,8198,8.096666666666811,0.4125,-1
1730,8199,8.104444444444589,0.4125,-1
1731,8200,8.112222222222366,0.4125,-1
1732,8201,8.120000000000143,0.4125,-1
1733,8202,8.12777777777792,0.4125,-1
1734,8203,8.135555555555698,0.4125,-1
1735,8204,8.143333333333475,0.4125,-1
1736,8205,8.151111111111252,0.4125,-1
1737,8206,8.15888888888903,0.4125,-1
1738,8207,8.166666666666806,0.4125,-1
1739,8208,8.174444444444584,0.4125,-1
1740,8209,8.18222222222236,0.4125,-1
1741,8210,8.190000000000138,0.4125,-1
1742,8211,8.197777777777915,0.4125,-1
1743,8212,8.205555555555692,0.4125,-1
1744,8213,8.21333333333347,0.4125,-1
1745,8214,8.221111111111247,0.4125,-1
1746,8215,8.228888888889024,0.4125,-1
1747,8216,8.236666666666801,0.4125,-1
1748,8217,8.244444444444579,0.4125,-1
1749,8218,8.252222222222356,0.4125,-1
1750,8219,8.260000000000133,0.4125,-1
1751,8220,8.26777777777791,0.4125,-1
1752,8221,8.26777777777791,0.475,15
1753,8222,8.26777777777791,0.475,15
1754,8223,8.26777777777791,0.475,15
1755,8224,8.26777777777791,0.475,15
1756,8225,8.26777777777791,0.475,15
1757,8226,8.26777777777791,0.475,15
1758,8227,8.26777777777791,0.475,15
1759,8228,8.26777777777791,0.475,15
1760,8229,8.26777777777791,0.475,15
1761,8230,8.26777777777791,0.475,15
1762,8231,8.26777777777791,0.475,15
1763,8232,8.26777777777791,0.475,15
1764,8233,8.26777777777791,0.475,15
1765,8234,8.26777777777791,0.475,15
1766,8235,8.26777777777791,0.475,15
1767,8236,8.26777777777791,0.475,15
1768,8237,8.26777777777791,0.475,15
1769,8238,8.26777777777791,0.475,15
1770,8239,8.26777777777791,0.475,15
1771,8240,8.26777777777791,0.475,15
1772,8241,8.26777777777791,0.475,15
1773,8242,8.26777777777791,0.475,15
1774,8243,8.26777777777791,0.475,15
1775,8244,8.26777777777791,0.475,15
1776,8245,8.26777777777791,0.475,15
1777,8246,8.26777777777791,0.475,15
1778,8247,8.26777777777791,0.475,15
1779,8248,8.26777777777791,0.475,15
1780,8249,8.26777777777791,0.475,15
1781,8250,8.26777777777791,0.475,15
1782,8251,8.26777777777791,0.475,15
1783,8252,8.26777777777791,0.475,15
1784,8253,8.26777777777791,0.475,15
1785,8254,8.26777777777791,0.475,15
1786,8255,8.26777777777791,0.475,15
1787,8256,8.275555555555687,0.475,-1
1788,8257,8.283333333333465,0.475,-1
1789,8258,8.291111111111242,0.475,-1
1790,8259,8.298888888889019,0.475,-1
1791,8260,8.306666666666796,0.475,-1
1792,8261,8.314444444444574,0.475,-1
1793,8262,8.32222222222235,0.475,-1
1794,8263,8.330000000000128,0.475,-1
1795,8264,8.337777777777905,0.475,-1
1796,8265,8.345555555555682,0.475,-1
1797,8266,8.35333333333346,0.475,-1
1798,8267,8.361111111111237,0.475,-1
1799,8268,8.368888888889014,0.475,-1
1800,8269,8.376666666666791,0.475,-1
1801,8270,8.384444444444568,0.475,-1
1802,8271,8.392222222222346,0.475,-1
1803,8272,8.400000000000123,0.475,-1
1804,8273,8.4077777777779,0.475,-1
1805,8274,8.415555555555677,0.475,-1
1806,8275,8.423333333333455,0.475,-1
1807,8276,8.431111111111232,0.475,-1
1808,8277,8.438888888889009,0.475,-1
1809,8278,8.446666666666786,0.475,-1
1810,8279,8.454444444444563,0.475,-1
1811,8280,8.46222222222234,0.475,-1
1812,8281,8.470000000000118,0.475,-1
1813,8282,8.477777777777895,0.475,-1
1814,8283,8.485555555555672,0.475,-1
1815,8284,8.49333333333345,0.475,-1
1816,8285,8.501111111111227,0.475,-1
1817,8286,8.508888888889004,0.475,-1
1818,8287,8.516666666666781,0.475,-1
1819,8288,8.524444444444558,0.475,-1
1820,8289,8.532222222222336,0.475,-1
1821,8290,8.540000000000113,0.475,-1
1822,8291,8.54777777777789,0.475,-1
1823,8292,8.555555555555667,0.475,-1
1824,8293,8.563333333333444,0.475,-1
1825,8294,8.571111111111222,0.475,-1
1826,8295,8.578888888888999,0.475,-1
1827,8296,8.586666666666776,0.475,-1
1828,8297,8.594444444444553,0.475,-1
1829,8298,8.60222222222233,0.475,-1
1830,8299,8.610000000000108,0.475,-1
1831,8300,8.617777777777885,0.475,-1
1832,8301,8.625555555555662,0.475,-1
1833,8302,8.63333333333344,0.475,-1
1834,8303,8.641111111111217,0.475,-1
1835,8304,8.648888888888994,0.475,-1
1836,8305,8.656666666666771,0.475,-1
1837,8306,8.664444444444548,0.475,-1
1838,8307,8.672222222222326,0.475,-1
1839,8308,8.680000000000103,0.475,-1
1840,8309,8.68777777777788,0.475,-1
1841,8310,8.695555555555657,0.475,-1
1842,8311,8.703333333333434,0.475,-1
1843,8312,8.711111111111212,0.475,-1
1844,8313,8.718888888888989,0.475,-1
1845,8314,8.726666666666766,0.475,-1
1846,8315,8.734444444444543,0.475,-1
1847,8316,8.74222222222232,0.475,-1
1848,8317,8.750000000000098,0.475,-1
1849,8318,8.757777777777875,0.475,-1
1850,8319,8.765555555555652,0.475,-1
1851,8320,8.77333333333343,0.475,-1
1852,8321,8.781111111111207,0.475,-1
1853,8322,8.788888888888984,0.475,-1
1854,8323,8.796666666666761,0.475,-1
1855,8324,8.804444444444538,0.475,-1
1856,8325,8.812222222222315,0.475,-1
1857,8326,8.820000000000093,0.475,-1
1858,8327,8.82777777777787,0.475,-1
1859,8328,8.835555555555647,0.475,-1
1860,8329,8.843333333333424,0.475,-1
1861,8330,8.851111111111202,0.475,-1
1862,8331,8.858888888888979,0.475,-1
1863,8332,8.866666666666756,0.475,-1
1864,8333,8.874444444444533,0.475,-1
1865,8334,8.88222222222231,0.475,-1
1866,8335,8.88222222222231,0.525,16
1867,8336,8.88222222222231,0.525,16
1868,8337,8.88222222222231,0.525,16
1869,8338,8.88222222222231,0.525,16
1870,8339,8.88222222222231,0.525,16
1871,8340,8.88222222222231,0.525,16
1872,8341,8.88222222222231,0.525,16
1873,8342,8.88222222222231,0.525,16
1874,8343,8.88222222222231,0.525,16
1875,8344,8.88222222222231,0.525,16
1876,8345,8.88222222222231,0.525,16
1877,8346,8.88222222222231,0.525,16
1878,8347,8.88222222222231,0.525,16
1879,8348,8.88222222222231,0.525,16
1880,8349,8.88222222222231,0.525,16
1881,8350,8.88222222222231,0.525,16
1882,8351,8.88222222222231,0.525,16
1883,8352,8.88222222222231,0.525,16
1884,8353,8.88222222222231,0.525,16
1885,8354,8.88222222222231,0.525,16
1886,8355,8.88222222222231,0.525,16
1887,8356,8.88222222222231,0.525,16
1888,8357,8.88222222222231,0.525,16
1889,8358,8.88222222222231,0.525,16
1890,8359,8.88222222222231,0.525,16
1891,8360,8.88222222222231,0.525,16
1892,8361,8.88222222222231,0.525,16
1893,8362,8.88222222222231,0.525,16
1894,8363,8.88222222222231,0.525,16
1895,8364,8.88222222222231,0.525,16
1896,8365,8.88222222222231,0.525,16
1897,8366,8.88222222222231,0.525,16
1898,8367,8.88222222222231,0.525,16
1899,8368,8.88222222222231,0.525,16
1900,8369,8.88222222222231,0.525,16
1901,8370,8.88222222222231,0.525,16
1902,8371,8.88222222222231,0.525,16
1903,8372,8.88222222222231,0.525,16
1904,8373,8.88222222222231,0.525,16
1905,8374,8.88222222222231,0.525,16
1906,8375,8.88222222222231,0.525,16
1907,8376,8.88222222222231,0.525,16
1908,8377,8.88222222222231,0.525,16
1909,8378,8.88222222222231,0.525,16
1910,8379,8.88222222222231,0.525,16
1911,8380,8.88222222222231,0.525,16
1912,8381,8.88222222222231,0.525,16
1913,8382,8.88222222222231,0.525,16
1914,8383,8.88222222222231,0.525,16
1915,8384,8.88222222222231,0.525,16
1916,8385,8.88222222222231,0.525,16
1917,8386,8.88222222222231,0.525,16
1918,8387,8.88222222222231,0.525,16
1919,8388,8.88222222222231,0.525,16
1920,8389,8.88222222222231,0.525,16
1921,8390,8.88222222222231,0.525,16
1922,8391,8.88222222222231,0.525,16
1923,8392,8.88222222222231,0.525,16
1924,8393,8.88222222222231,0.525,16
1925,8394,8.88222222222231,0.525,16
1926,8395,8.88222222222231,0.525,16
1927,8396,8.88222222222231,0.525,16
1928,8397,8.88222222222231,0.525,16
1929,8398,8.88222222222231,0.525,16
1930,8399,8.88222222222231,0.525,16
1931,8400,8.88222222222231,0.525,16
1932,8401,8.88222222222231,0.525,16
1933,8402,8.88222222222231,0.525,16
1934,8403,8.88222222222231,0.525,16
1935,8404,8.88222222222231,0.525,16
1936,8405,8.88222222222231,0.525,16
1937,8406,8.88222222222231,0.525,16
1938,8407,8.88222222222231,0.525,16
1939,8408,8.88222222222231,0.525,16
1940,8409,8.88222222222231,0.525,16
1941,8410,8.88222222222231,0.525,16
1942,8411,8.88222222222231,0.525,16
1943,8412,8.88222222222231,0.525,16
1944,8413,8.88222222222231,0.525,16
1945,8414,8.88222222222231,0.525,16
1946,8415,8.88222222222231,0.525,16
1947,8416,8.88222222222231,0.525,16
1948,8417,8.88222222222231,0.525,16
1949,8418,8.88222222222231,0.525,16
1950,8419,8.88222222222231,0.525,16
1951,8420,8.88222222222231,0.525,16
1952,8421,8.88222222222231,0.525,16
1953,8422,8.88222222222231,0.525,16
1954,8423,8.88222222222231,0.525,16
1955,8424,8.88222222222231,0.525,16
1956,8425,8.88222222222231,0.525,16
1957,8426,8.88222222222231,0.525,16
1958,8427,8.88222222222231,0.525,16
1959,8428,8.88222222222231,0.525,16
1960,8429,8.88222222222231,0.525,16
1961,8430,8.88222222222231,0.525,16
1962,8431,8.88222222222231,0.525,16
1963,8432,8.88222222222231,0.525,16
1964,8433,8.88222222222231,0.525,16
1965,8434,8.88222222222231,0.525,16
1966,8435,8.890000000000088,0.525,-1
1967,8436,8.897777777777865,0.525,-1
1968,8437,8.905555555555642,0.525,-1
1969,8438,8.91333333333342,0.525,-1
1970,8439,8.921111111111196,0.525,-1
1971,8440,8.928888888888974,0.525,-1
1972,8441,8.936666666666751,0.525,-1
1973,8442,8.944444444444528,0.525,-1
1974,8443,8.952222222222305,0.525,-1
1975,8444,8.960000000000083,0.525,-1
1976,8445,8.96777777777786,0.525,-1
1977,8446,8.975555555555637,0.525,-1
1978,8447,8.983333333333414,0.525,-1
1979,8448,8.991111111111191,0.525,-1
1980,8449,8.998888888888969,0.525,-1
1981,8450,9.006666666666746,0.525,-1
1982,8451,9.014444444444523,0.525,-1
1983,8452,9.0222222222223,0.525,-1
1984,8453,9.030000000000078,0.525,-1
1985,8454,9.037777777777855,0.525,-1
1986,8455,9.045555555555632,0.525,-1
1987,8456,9.05333333333341,0.525,-1
1988,8457,9.061111111111186,0.525,-1
1989,8458,9.068888888888964,0.525,-1
1990,8459,9.07666666666674,0.525,-1
1991,8460,9.084444444444518,0.525,-1
1992,8461,9.092222222222295,0.525,-1
1993,8462,9.100000000000072,0.525,-1
1994,8463,9.10777777777785,0.525,-1
1995,8464,9.115555555555627,0.525,-1
1996,8465,9.123333333333404,0.525,-1
1997,8466,9.131111111111181,0.525,-1
1998,8467,9.138888888888959,0.525,-1
1999,8468,9.146666666666736,0.525,-1
2000,8469,9.154444444444513,0.525,-1
2001,8470,9.16222222222229,0.525,-1
2002,8471,9.170000000000067,0.525,-1
2003,8472,9.177777777777845,0.525,-1
2004,8473,9.185555555555622,0.525,-1
2005,8474,9.193333333333399,0.525,-1
2006,8475,9.201111111111176,0.525,-1
2007,8476,9.208888888888954,0.525,-1
2008,8477,9.21666666666673,0.525,-1
2009,8478,9.224444444444508,0.525,-1
2010,8479,9.232222222222285,0.525,-1
2011,8480,9.240000000000062,0.525,-1
2012,8481,9.24777777777784,0.525,-1
2013,8482,9.255555555555617,0.525,-1
2014,8483,9.263333333333394,0.525,-1
2015,8484,9.271111111111171,0.525,-1
2016,8485,9.278888888888948,0.525,-1
2017,8486,9.286666666666726,0.525,-1
2018,8487,9.294444444444503,0.525,-1
2019,8488,9.30222222222228,0.525,-1
2020,8489,9.310000000000057,0.525,-1
2021,8490,9.317777777777835,0.525,-1
2022,8491,9.325555555555612,0.525,-1
2023,8492,9.333333333333389,0.525,-1
2024,8493,9.341111111111166,0.525,-1
2025,8494,9.348888888888943,0.525,-1
2026,8495,9.35666666666672,0.525,-1
2027,8496,9.35666666666672,0.625,17
2028,8497,9.35666666666672,0.625,17
2029,8498,9.35666666666672,0.625,17
2030,8499,9.35666666666672,0.625,17
2031,8500,9.35666666666672,0.625,17
2032,8501,9.35666666666672,0.625,17
2033,8502,9.35666666666672,0.625,17
2034,8503,9.35666666666672,0.625,17
2035,8504,9.35666666666672,0.625,17
2036,8505,9.35666666666672,0.625,17
2037,8506,9.35666666666672,0.625,17
2038,8507,9.35666666666672,0.625,17
2039,8508,9.35666666666672,0.625,17
2040,8509,9.35666666666672,0.625,17
2041,8510,9.35666666666672,0.625,17
2042,8511,9.35666666666672,0.625,17
2043,8512,9.35666666666672,0.625,17
2044,8513,9.35666666666672,0.625,17
2045,8514,9.35666666666672,0.625,17
2046,8515,9.35666666666672,0.625,17
2047,8516,9.35666666666672,0.625,17
2048,8517,9.35666666666672,0.625,17
2049,8518,9.35666666666672,0.625,17
2050,8519,9.35666666666672,0.625,17
2051,8520,9.35666666666672,0.625,17
2052,8521,9.35666666666672,0.625,17
2053,8522,9.35666666666672,0.625,17
2054,8523,9.35666666666672,0.625,17
2055,8524,9.35666666666672,0.625,17
2056,8525,9.35666666666672,0.625,17
2057,8526,9.35666666666672,0.625,17
2058,8527,9.35666666666672,0.625,17
2059,8528,9.35666666666672,0.625,17
2060,8529,9.35666666666672,0.625,17
2061,8530,9.35666666666672,0.625,17
2062,8531,9.35666666666672,0.625,17
2063,8532,9.35666666666672,0.625,17
2064,8533,9.35666666666672,0.625,17
2065,8534,9.35666666666672,0.625,17
2066,8535,9.35666666666672,0.625,17
2067,8536,9.35666666666672,0.625,17
2068,8537,9.35666666666672,0.625,17
2069,8538,9.35666666666672,0.625,17
2070,8539,9.35666666666672,0.625,17
2071,8540,9.35666666666672,0.625,17
2072,8541,9.35666666666672,0.625,17
2073,8542,9.35666666666672,0.625,17
2074,8543,9.35666666666672,0.625,17
2075,8544,9.35666666666672,0.625,17
2076,8545,9.35666666666672,0.625,17
2077,8546,9.35666666666672,0.625,17
2078,8547,9.35666666666672,0.625,17
2079,8548,9.35666666666672,0.625,17
2080,8549,9.35666666666672,0.625,17
2081,8550,9.35666666666672,0.625,17
2082,8551,9.35666666666672,0.625,17
2083,8552,9.35666666666672,0.625,17
2084,8553,9.35666666666672,0.625,17
2085,8554,9.35666666666672,0.625,17
2086,8555,9.35666666666672,0.625,17
2087,8556,9.35666666666672,0.625,17
2088,8557,9.35666666666672,0.625,17
2089,8558,9.35666666666672,0.625,17
2090,8559,9.35666666666672,0.625,17
2091,8560,9.35666666666672,0.625,17
2092,8561,9.35666666666672,0.625,17
2093,8562,9.35666666666672,0.625,17
2094,8563,9.35666666666672,0.625,17
2095,8564,9.35666666666672,0.625,17
2096,8565,9.35666666666672,0.625,17
2097,8566,9.35666666666672,0.625,17
2098,8567,9.35666666666672,0.625,17
2099,8568,9.35666666666672,0.625,17
2100,8569,9.35666666666672,0.625,17
2101,8570,9.35666666666672,0.625,17
2102,8571,9.35666666666672,0.625,17
2103,8572,9.35666666666672,0.625,17
2104,8573,9.35666666666672,0.625,17
2105,8574,9.35666666666672,0.625,17
2106,8575,9.35666666666672,0.625,17
2107,8576,9.35666666666672,0.625,17
2108,8577,9.35666666666672,0.625,17
2109,8578,9.364444444444498,0.625,-1
2110,8579,9.372222222222275,0.625,-1
2111,8580,9.380000000000052,0.625,-1
2112,8581,9.38777777777783,0.625,-1
2113,8582,9.395555555555607,0.625,-1
2114,8583,9.403333333333384,0.625,-1
2115,8584,9.411111111111161,0.625,-1
2116,8585,9.418888888888938,0.625,-1
2117,8586,9.426666666666716,0.625,-1
2118,8587,9.434444444444493,0.625,-1
2119,8588,9.44222222222227,0.625,-1
2120,8589,9.450000000000047,0.625,-1
2121,8590,9.457777777777824,0.625,-1
2122,8591,9.465555555555602,0.625,-1
2123,8592,9.473333333333379,0.625,-1
2124,8593,9.481111111111156,0.625,-1
2125,8594,9.488888888888933,0.625,-1
2126,8595,9.49666666666671,0.625,-1
2127,8596,9.504444444444488,0.625,-1
2128,8597,9.512222222222265,0.625,-1
2129,8598,9.520000000000042,0.625,-1
2130,8599,9.52777777777782,0.625,-1
2131,8600,9.535555555555597,0.625,-1
2132,8601,9.543333333333374,0.625,-1
2133,8602,9.551111111111151,0.625,-1
2134,8603,9.558888888888928,0.625,-1
2135,8604,9.566666666666706,0.625,-1
2136,8605,9.574444444444483,0.625,-1
2137,8606,9.58222222222226,0.625,-1
2138,8607,9.590000000000037,0.625,-1
2139,8608,9.597777777777814,0.625,-1
2140,8609,9.605555555555592,0.625,-1
2141,8610,9.613333333333369,0.625,-1
2142,8611,9.621111111111146,0.625,-1
2143,8612,9.628888888888923,0.625,-1
2144,8613,9.6366666666667,0.625,-1
2145,8614,9.644444444444478,0.625,-1
2146,8615,9.652222222222255,0.625,-1
2147,8616,9.660000000000032,0.625,-1
2148,8617,9.66777777777781,0.625,-1
2149,8618,9.675555555555587,0.625,-1
2150,8619,9.683333333333364,0.625,-1
2151,8620,9.691111111111141,0.625,-1
2152,8621,9.698888888888918,0.625,-1
2153,8622,9.706666666666695,0.625,-1
2154,8623,9.714444444444473,0.625,-1
2155,8624,9.72222222222225,0.625,-1
2156,8625,9.730000000000027,0.625,-1
2157,8626,9.737777777777804,0.625,-1
2158,8627,9.745555555555582,0.625,-1
2159,8628,9.753333333333359,0.625,-1
2160,8629,9.761111111111136,0.625,-1
2161,8630,9.768888888888913,0.625,-1
2162,8631,9.77666666666669,0.625,-1
2163,8632,9.77666666666669,0.7375,18
2164,8633,9.77666666666669,0.7375,18
2165,8634,9.77666666666669,0.7375,18
2166,8635,9.77666666666669,0.7375,18
2167,8636,9.77666666666669,0.7375,18
2168,8637,9.77666666666669,0.7375,18
2169,8638,9.77666666666669,0.7375,18
2170,8639,9.77666666666669,0.7375,18
2171,8640,9.77666666666669,0.7375,18
2172,8641,9.77666666666669,0.7375,18
2173,8642,9.77666666666669,0.7375,18
2174,8643,9.77666666666669,0.7375,18
2175,8644,9.77666666666669,0.7375,18
2176,8645,9.77666666666669,0.7375,18
2177,8646,9.77666666666669,0.7375,18
2178,8647,9.77666666666669,0.7375,18
2179,8648,9.77666666666669,0.7375,18
2180,8649,9.77666666666669,0.7375,18
2181,8650,9.77666666666669,0.7375,18
2182,8651,9.77666666666669,0.7375,18
2183,8652,9.77666666666669,0.7375,18
2184,8653,9.77666666666669,0.7375,18
2185,8654,9.77666666666669,0.7375,18
2186,8655,9.77666666666669,0.7375,18
2187,8656,9.77666666666669,0.7375,18
2188,8657,9.77666666666669,0.7375,18
2189,8658,9.77666666666669,0.7375,18
2190,8659,9.77666666666669,0.7375,18
2191,8660,9.77666666666669,0.7375,18
2192,8661,9.77666666666669,0.7375,18
2193,8662,9.77666666666669,0.7375,18
2194,8663,9.77666666666669,0.7375,18
2195,8664,9.77666666666669,0.7375,18
2196,8665,9.784444444444468,0.7375,-1
2197,8666,9.792222222222245,0.7375,-1
2198,8667,9.800000000000022,0.7375,-1
2199,8668,9.8077777777778,0.7375,-1
2200,8669,9.815555555555576,0.7375,-1
2201,8670,9.823333333333354,0.7375,-1
2202,8671,9.831111111111131,0.7375,-1
2203,8672,9.838888888888908,0.7375,-1
2204,8673,9.846666666666685,0.7375,-1
2205,8674,9.854444444444463,0.7375,-1
2206,8675,9.86222222222224,0.7375,-1
2207,8676,9.870000000000017,0.7375,-1
2208,8677,9.877777777777794,0.7375,-1
2209,8678,9.885555555555571,0.7375,-1
2210,8679,9.893333333333349,0.7375,-1
2211,8680,9.901111111111126,0.7375,-1
2212,8681,9.908888888888903,0.7375,-1
2213,8682,9.91666666666668,0.7375,-1
2214,8683,9.924444444444458,0.7375,-1
2215,8684,9.932222222222235,0.7375,-1
2216,8685,9.940000000000012,0.7375,-1
2217,8686,9.94777777777779,0.7375,-1
2218,8687,9.955555555555566,0.7375,-1
2219,8688,9.963333333333344,0.7375,-1
2220,8689,9.97111111111112,0.7375,-1
2221,8690,9.978888888888898,0.7375,-1
2222,8691,9.986666666666675,0.7375,-1
2223,8692,9.994444444444452,0.7375,-1
2224,8693,10.00222222222223,0.7375,-1
2225,8694,10.010000000000007,0.7375,-1
2226,8695,10.017777777777784,0.7375,-1
2227,8696,10.025555555555561,0.7375,-1
2228,8697,10.033333333333339,0.7375,-1
2229,8698,10.041111111111116,0.7375,-1
2230,8699,10.048888888888893,0.7375,-1
2231,8700,10.05666666666667,0.7375,-1
2232,8701,10.064444444444447,0.7375,-1
2233,8702,10.072222222222225,0.7375,-1
2234,8703,10.080000000000002,0.7375,-1
2235,8704,10.087777777777779,0.7375,-1
2236,8705,10.095555555555556,0.7375,-1
2237,8706,10.103333333333333,0.7375,-1
2238,8707,10.11111111111111,0.7375,-1
2239,8708,10.118888888888888,0.7375,-1
2240,8709,10.126666666666665,0.7375,-1
2241,8710,10.134444444444442,0.7375,-1
2242,8711,10.14222222222222,0.7375,-1
2243,8712,10.149999999999997,0.7375,-1
2244,8713,10.157777777777774,0.7375,-1
2245,8714,10.165555555555551,0.7375,-1
2246,8715,10.165555555555551,0.825,19
2247,8716,10.165555555555551,0.825,19
2248,8717,10.165555555555551,0.825,19
2249,8718,10.165555555555551,0.825,19
2250,8719,10.165555555555551,0.825,19
2251,8720,10.165555555555551,0.825,19
2252,8721,10.165555555555551,0.825,19
2253,8722,10.165555555555551,0.825,19
2254,8723,10.165555555555551,0.825,19
2255,8724,10.165555555555551,0.825,19
2256,8725,10.165555555555551,0.825,19
2257,8726,10.165555555555551,0.825,19
2258,8727,10.165555555555551,0.825,19
2259,8728,10.165555555555551,0.825,19
2260,8729,10.165555555555551,0.825,19
2261,8730,10.165555555555551,0.825,19
2262,8731,10.165555555555551,0.825,19
2263,8732,10.165555555555551,0.825,19
2264,8733,10.165555555555551,0.825,19
2265,8734,10.165555555555551,0.825,19
2266,8735,10.165555555555551,0.825,19
2267,8736,10.165555555555551,0.825,19
2268,8737,10.165555555555551,0.825,19
2269,8738,10.165555555555551,0.825,19
2270,8739,10.165555555555551,0.825,19
2271,8740,10.165555555555551,0.825,19
2272,8741,10.165555555555551,0.825,19
2273,8742,10.165555555555551,0.825,19
2274,8743,10.165555555555551,0.825,19
2275,8744,10.165555555555551,0.825,19
2276,8745,10.165555555555551,0.825,19
2277,8746,10.165555555555551,0.825,19
2278,8747,10.165555555555551,0.825,19
2279,8748,10.173333333333328,0.825,-1
2280,8749,10.181111111111106,0.825,-1
2281,8750,10.188888888888883,0.825,-1
2282,8751,10.19666666666666,0.825,-1
2283,8752,10.204444444444437,0.825,-1
2284,8753,10.212222222222215,0.825,-1
2285,8754,10.219999999999992,0.825,-1
2286,8755,10.227777777777769,0.825,-1
2287,8756,10.235555555555546,0.825,-1
2288,8757,10.243333333333323,0.825,-1
2289,8758,10.2511111111111,0.825,-1
2290,8759,10.258888888888878,0.825,-1
2291,8760,10.266666666666655,0.825,-1
2292,8761,10.274444444444432,0.825,-1
2293,8762,10.28222222222221,0.825,-1
2294,8763,10.289999999999987,0.825,-1
2295,8764,10.297777777777764,0.825,-1
2296,8765,10.305555555555541,0.825,-1
2297,8766,10.313333333333318,0.825,-1
2298,8767,10.321111111111096,0.825,-1
2299,8768,10.328888888888873,0.825,-1
2300,8769,10.33666666666665,0.825,-1
2301,8770,10.344444444444427,0.825,-1
2302,8771,10.352222222222204,0.825,-1
2303,8772,10.359999999999982,0.825,-1
2304,8773,10.367777777777759,0.825,-1
2305,8774,10.375555555555536,0.825,-1
2306,8775,10.383333333333313,0.825,-1
2307,8776,10.39111111111109,0.825,-1
2308,8777,10.398888888888868,0.825,-1
2309,8778,10.406666666666645,0.825,-1
2310,8779,10.414444444444422,0.825,-1
2311,8780,10.4222222222222,0.825,-1
2312,8781,10.429999999999977,0.825,-1
2313,8782,10.437777777777754,0.825,-1
2314,8783,10.445555555555531,0.825,-1
2315,8784,10.453333333333308,0.825,-1
2316,8785,10.461111111111085,0.825,-1
2317,8786,10.468888888888863,0.825,-1
2318,8787,10.47666666666664,0.825,-1
2319,8788,10.484444444444417,0.825,-1
2320,8789,10.492222222222194,0.825,-1
2321,8790,10.499999999999972,0.825,-1
2322,8791,10.507777777777749,0.825,-1
2323,8792,10.515555555555526,0.825,-1
2324,8793,10.523333333333303,0.825,-1
2325,8794,10.53111111111108,0.825,-1
2326,8795,10.538888888888858,0.825,-1
2327,8796,10.546666666666635,0.825,-1
2328,8797,10.554444444444412,0.825,-1
2329,8798,10.56222222222219,0.825,-1
2330,8799,10.569999999999967,0.825,-1
2331,8800,10.577777777777744,0.825,-1
2332,8801,10.585555555555521,0.825,-1
2333,8802,10.593333333333298,0.825,-1
2334,8803,10.601111111111075,0.825,-1
2335,8804,10.608888888888853,0.825,-1
2336,8805,10.61666666666663,0.825,-1
2337,8806,10.624444444444407,0.825,-1
2338,8807,10.632222222222184,0.825,-1
2339,8808,10.639999999999961,0.825,-1
2340,8809,10.647777777777739,0.825,-1
2341,8810,10.655555555555516,0.825,-1
2342,8811,10.663333333333293,0.825,-1
2343,8812,10.67111111111107,0.825,-1
2344,8813,10.678888888888848,0.825,-1
2345,8814,10.686666666666625,0.825,-1
2346,8815,10.694444444444402,0.825,-1
2347,8816,10.70222222222218,0.825,-1
2348,8817,10.709999999999956,0.825,-1
2349,8818,10.717777777777734,0.825,-1
2350,8819,10.72555555555551,0.825,-1
2351,8820,10.733333333333288,0.825,-1
2352,8821,10.741111111111065,0.825,-1
2353,8822,10.748888888888843,0.825,-1
2354,8823,10.75666666666662,0.825,-1
2355,8824,10.764444444444397,0.825,-1
2356,8825,10.772222222222174,0.825,-1
2357,8826,10.779999999999951,0.825,-1
2358,8827,10.787777777777729,0.825,-1
2359,8828,10.795555555555506,0.825,-1
2360,8829,10.803333333333283,0.825,-1
2361,8830,10.81111111111106,0.825,-1
2362,8831,10.818888888888837,0.825,-1
2363,8832,10.826666666666615,0.825,-1
2364,8833,10.834444444444392,0.825,-1
2365,8834,10.84222222222217,0.825,-1
2366,8835,10.849999999999946,0.825,-1
2367,8836,10.849999999999946,0.85,20
2368,8837,10.849999999999946,0.85,20
2369,8838,10.849999999999946,0.85,20
2370,8839,10.849999999999946,0.85,20
2371,8840,10.849999999999946,0.85,20
2372,8841,10.849999999999946,0.85,20
2373,8842,10.849999999999946,0.85,20
2374,8843,10.849999999999946,0.85,20
2375,8844,10.849999999999946,0.85,20
2376,8845,10.849999999999946,0.85,20
2377,8846,10.849999999999946,0.85,20
2378,8847,10.849999999999946,0.85,20
2379,8848,10.849999999999946,0.85,20
2380,8849,10.849999999999946,0.85,20
2381,8850,10.849999999999946,0.85,20
2382,8851,10.849999999999946,0.85,20
2383,8852,10.849999999999946,0.85,20
2384,8853,10.849999999999946,0.85,20
2385,8854,10.849999999999946,0.85,20
2386,8855,10.849999999999946,0.85,20
2387,8856,10.849999999999946,0.85,20
2388,8857,10.849999999999946,0.85,20
2389,8858,10.849999999999946,0.85,20
2390,8859,10.849999999999946,0.85,20
2391,8860,10.849999999999946,0.85,20
2392,8861,10.849999999999946,0.85,20
2393,8862,10.849999999999946,0.85,20
2394,8863,10.849999999999946,0.85,20
2395,8864,10.849999999999946,0.85,20
2396,8865,10.849999999999946,0.85,20
2397,8866,10.849999999999946,0.85,20
2398,8867,10.849999999999946,0.85,20
2399,8868,10.849999999999946,0.85,20
2400,8869,10.849999999999946,0.85,20
2401,8870,10.849999999999946,0.85,20
2402,8871,10.849999999999946,0.85,20
2403,8872,10.849999999999946,0.85,20
2404,8873,10.849999999999946,0.85,20
2405,8874,10.857777777777724,0.85,-1
2406,8875,10.8655555555555,0.85,-1
2407,8876,10.873333333333278,0.85,-1
2408,8877,10.881111111111055,0.85,-1
2409,8878,10.888888888888832,0.85,-1
2410,8879,10.89666666666661,0.85,-1
2411,8880,10.904444444444387,0.85,-1
2412,8881,10.912222222222164,0.85,-1
2413,8882,10.919999999999941,0.85,-1
2414,8883,10.927777777777719,0.85,-1
2415,8884,10.935555555555496,0.85,-1
2416,8885,10.943333333333273,0.85,-1
2417,8886,10.95111111111105,0.85,-1
2418,8887,10.958888888888827,0.85,-1
2419,8888,10.966666666666605,0.85,-1
2420,8889,10.974444444444382,0.85,-1
2421,8890,10.982222222222159,0.85,-1
2422,8891,10.989999999999936,0.85,-1
2423,8892,10.997777777777713,0.85,-1
2424,8893,11.00555555555549,0.85,-1
2425,8894,11.013333333333268,0.85,-1
2426,8895,11.021111111111045,0.85,-1
2427,8896,11.028888888888822,0.85,-1
2428,8897,11.0366666666666,0.85,-1
2429,8898,11.044444444444377,0.85,-1
2430,8899,11.052222222222154,0.85,-1
2431,8900,11.059999999999931,0.85,-1
2432,8901,11.067777777777708,0.85,-1
2433,8902,11.075555555555486,0.85,-1
2434,8903,11.083333333333263,0.85,-1
2435,8904,11.09111111111104,0.85,-1
2436,8905,11.098888888888817,0.85,-1
2437,8906,11.106666666666595,0.85,-1
2438,8907,11.114444444444372,0.85,-1
2439,8908,11.122222222222149,0.85,-1
2440,8909,11.129999999999926,0.85,-1
2441,8910,11.137777777777703,0.85,-1
2442,8911,11.14555555555548,0.85,-1
2443,8912,11.153333333333258,0.85,-1
2444,8913,11.161111111111035,0.85,-1
2445,8914,11.168888888888812,0.85,-1
2446,8915,11.17666666666659,0.85,-1
2447,8916,11.184444444444367,0.85,-1
2448,8917,11.192222222222144,0.85,-1
2449,8918,11.199999999999921,0.85,-1
2450,8919,11.207777777777698,0.85,-1
2451,8920,11.215555555555476,0.85,-1
2452,8921,11.223333333333253,0.85,-1
2453,8922,11.23111111111103,0.85,-1
2454,8923,11.238888888888807,0.85,-1
2455,8924,11.246666666666584,0.85,-1
2456,8925,11.254444444444362,0.85,-1
2457,8926,11.262222222222139,0.85,-1
2458,8927,11.269999999999916,0.85,-1
2459,8928,11.277777777777693,0.85,-1
2460,8929,11.28555555555547,0.85,-1
2461,8930,11.293333333333248,0.85,-1
2462,8931,11.301111111111025,0.85,-1
2463,8932,11.308888888888802,0.85,-1
2464,8933,11.31666666666658,0.85,-1
2465,8934,11.324444444444357,0.85,-1
2466,8935,11.332222222222134,0.85,-1
2467,8936,11.339999999999911,0.85,-1
2468,8937,11.347777777777688,0.85,-1
2469,8938,11.355555555555465,0.85,-1
2470,8939,11.363333333333243,0.85,-1
2471,8940,11.37111111111102,0.85,-1
2472,8941,11.378888888888797,0.85,-1
2473,8942,11.386666666666574,0.85,-1
2474,8943,11.394444444444352,0.85,-1
2475,8944,11.402222222222129,0.85,-1
2476,8945,11.409999999999906,0.85,-1
2477,8946,11.417777777777683,0.85,-1
2478,8947,11.42555555555546,0.85,-1
2479,8948,11.433333333333238,0.85,-1
2480,8949,11.441111111111015,0.85,-1
2481,8950,11.448888888888792,0.85,-1
2482,8951,11.45666666666657,0.85,-1
2483,8952,11.464444444444347,0.85,-1
2484,8953,11.472222222222124,0.85,-1
2485,8954,11.479999999999901,0.85,-1
2486,8955,11.487777777777678,0.85,-1
2487,8956,11.495555555555455,0.85,-1
2488,8957,11.495555555555455,1.0,21
2489,8958,11.495555555555455,1.0,21
2490,8959,11.495555555555455,1.0,21
2491,8960,11.495555555555455,1.0,21
2492,8961,11.495555555555455,1.0,21
2493,8962,11.495555555555455,1.0,21
2494,8963,11.495555555555455,1.0,21
2495,8964,11.495555555555455,1.0,21
2496,8965,11.495555555555455,1.0,21
2497,8966,11.495555555555455,1.0,21
2498,8967,11.495555555555455,1.0,21
2499,8968,11.495555555555455,1.0,21
2500,8969,11.495555555555455,1.0,21
2501,8970,11.495555555555455,1.0,21
2502,8971,11.495555555555455,1.0,21
2503,8972,11.495555555555455,1.0,21
2504,8973,11.495555555555455,1.0,21
2505,8974,11.495555555555455,1.0,21
2506,8975,11.495555555555455,1.0,21
2507,8976,11.495555555555455,1.0,21
2508,8977,11.495555555555455,1.0,21
2509,8978,11.495555555555455,1.0,21
2510,8979,11.495555555555455,1.0,21
2511,8980,11.495555555555455,1.0,21
2512,8981,11.495555555555455,1.0,21
2513,8982,11.495555555555455,1.0,21
2514,8983,11.495555555555455,1.0,21
2515,8984,11.495555555555455,1.0,21
2516,8985,11.495555555555455,1.0,21
2517,8986,11.495555555555455,1.0,21
2518,8987,11.495555555555455,1.0,21
2519,8988,11.495555555555455,1.0,21
2520,8989,11.495555555555455,1.0,21
2521,8990,11.495555555555455,1.0,21
2522,8991,11.495555555555455,1.0,21
2523,8992,11.495555555555455,1.0,21
2524,8993,11.495555555555455,1.0,21
2525,8994,11.495555555555455,1.0,21
2526,8995,11.495555555555455,1.0,21
2527,8996,11.495555555555455,1.0,21
2528,8997,11.495555555555455,1.0,21
2529,8998,11.495555555555455,1.0,21
2530,8999,11.495555555555455,1.0,21
2531,9000,11.495555555555455,1.0,21
2532,9001,11.495555555555455,1.0,21
2533,9002,11.495555555555455,1.0,21
2534,9003,11.495555555555455,1.0,21
2535,9004,11.495555555555455,1.0,21
2536,9005,11.495555555555455,1.0,21
2537,9006,11.495555555555455,1.0,21
2538,9007,11.495555555555455,1.0,21
2539,9008,11.495555555555455,1.0,21
2540,9009,11.495555555555455,1.0,21
2541,9010,11.495555555555455,1.0,21
2542,9011,11.495555555555455,1.0,21
2543,9012,11.495555555555455,1.0,21
2544,9013,11.495555555555455,1.0,21
2545,9014,11.495555555555455,1.0,21
2546,9015,11.495555555555455,1.0,21
2547,9016,11.495555555555455,1.0,21
2548,9017,11.495555555555455,1.0,21
2549,9018,11.495555555555455,1.0,21
2550,9019,11.495555555555455,1.0,21
2551,9020,11.495555555555455,1.0,21
2552,9021,11.495555555555455,1.0,21
2553,9022,11.495555555555455,1.0,21
2554,9023,11.495555555555455,1.0,21
2555,9024,11.495555555555455,1.0,21
2556,9025,11.495555555555455,1.0,21
2557,9026,11.495555555555455,1.0,21
2558,9027,11.495555555555455,1.0,21
2559,9028,11.495555555555455,1.0,21
2560,9029,11.495555555555455,1.0,21
2561,9030,11.495555555555455,1.0,21
2562,9031,11.495555555555455,1.0,21
2563,9032,11.495555555555455,1.0,21
2564,9033,11.495555555555455,1.0,21
2565,9034,11.495555555555455,1.0,21
2566,9035,11.495555555555455,1.0,21
2567,9036,11.495555555555455,1.0,21
2568,9037,11.495555555555455,1.0,21
2569,9038,11.495555555555455,1.0,21
2570,9039,11.495555555555455,1.0,21
2571,9040,11.495555555555455,1.0,21
2572,9041,11.495555555555455,1.0,21
2573,9042,11.495555555555455,1.0,21
2574,9043,11.495555555555455,1.0,21
2575,9044,11.495555555555455,1.0,21
2576,9045,11.495555555555455,1.0,21
2577,9046,11.495555555555455,1.0,21
2578,9047,11.503333333333233,1.0,-1
2579,9048,11.51111111111101,1.0,-1
2580,9049,11.518888888888787,1.0,-1
2581,9050,11.526666666666564,1.0,-1
2582,9051,11.534444444444341,1.0,-1
2583,9052,11.542222222222119,1.0,-1
2584,9053,11.549999999999896,1.0,-1
2585,9054,11.557777777777673,1.0,-1
2586,9055,11.56555555555545,1.0,-1
2587,9056,11.573333333333228,1.0,-1
2588,9057,11.581111111111005,1.0,-1
2589,9058,11.588888888888782,1.0,-1
2590,9059,11.59666666666656,1.0,-1
2591,9060,11.604444444444336,1.0,-1
2592,9061,11.612222222222114,1.0,-1
2593,9062,11.61999999999989,1.0,-1
2594,9063,11.627777777777668,1.0,-1
2595,9064,11.635555555555445,1.0,-1
2596,9065,11.643333333333223,1.0,-1
2597,9066,11.651111111111,1.0,-1
2598,9067,11.658888888888777,1.0,-1
2599,9068,11.666666666666554,1.0,-1
2600,9069,11.674444444444331,1.0,-1
2601,9070,11.682222222222109,1.0,-1
2602,9071,11.689999999999886,1.0,-1
2603,9072,11.697777777777663,1.0,-1
2604,9073,11.70555555555544,1.0,-1
2605,9074,11.713333333333217,1.0,-1
2606,9075,11.721111111110995,1.0,-1
2607,9076,11.728888888888772,1.0,-1
2608,9077,11.73666666666655,1.0,-1
2609,9078,11.744444444444326,1.0,-1
2610,9079,11.752222222222104,1.0,-1
2611,9080,11.75999999999988,1.0,-1
2612,9081,11.767777777777658,1.0,-1
2613,9082,11.775555555555435,1.0,-1
2614,9083,11.783333333333212,1.0,-1
2615,9084,11.79111111111099,1.0,-1
2616,9085,11.798888888888767,1.0,-1
2617,9086,11.806666666666544,1.0,-1
2618,9087,11.814444444444321,1.0,-1
2619,9088,11.822222222222099,1.0,-1
2620,9089,11.829999999999876,1.0,-1
2621,9090,11.837777777777653,1.0,-1
2622,9091,11.84555555555543,1.0,-1
2623,9092,11.853333333333207,1.0,-1
2624,9093,11.861111111110985,1.0,-1
2625,9094,11.868888888888762,1.0,-1
2626,9095,11.876666666666539,1.0,-1
2627,9096,11.884444444444316,1.0,-1
2628,9097,11.892222222222093,1.0,-1
2629,9098,11.89999999999987,1.0,-1
2630,9099,11.907777777777648,1.0,-1
2631,9100,11.915555555555425,1.0,-1
2632,9101,11.923333333333202,1.0,-1
2633,9102,11.93111111111098,1.0,-1
2634,9103,11.938888888888757,1.0,-1
2635,9104,11.946666666666534,1.0,-1
2636,9105,11.954444444444311,1.0,-1
2637,9106,11.962222222222088,1.0,-1
2638,9107,11.969999999999866,1.0,-1
2639,9108,11.977777777777643,1.0,-1
2640,9109,11.98555555555542,1.0,-1
2641,9110,11.993333333333197,1.0,-1
2642,9111,12.001111111110975,1.0,-1
2643,9112,12.008888888888752,1.0,-1
2644,9113,12.016666666666529,1.0,-1
2645,9114,12.024444444444306,1.0,-1
2646,9115,12.032222222222083,1.0,-1
2647,9116,12.03999999999986,1.0,-1
2648,9117,12.047777777777638,1.0,-1
2649,9118,12.055555555555415,1.0,-1
2650,9119,12.063333333333192,1.0,-1
2651,9120,12.07111111111097,1.0,-1
2652,9121,12.078888888888747,1.0,-1
2653,9122,12.086666666666524,1.0,-1
2654,9123,12.094444444444301,1.0,-1
2655,9124,12.102222222222078,1.0,-1
2656,9125,12.109999999999856,1.0,-1
2657,9126,12.117777777777633,1.0,-1
2658,9127,12.12555555555541,1.0,-1
2659,9128,12.133333333333187,1.0,-1
2660,9129,12.141111111110964,1.0,-1
2661,9130,12.148888888888742,1.0,-1
2662,9131,12.156666666666519,1.0,-1
2663,9132,12.164444444444296,1.0,-1
2664,9133,12.172222222222073,1.0,-1
2665,9134,12.17999999999985,1.0,-1
2666,9135,12.187777777777628,1.0,-1
2667,9136,12.195555555555405,1.0,-1
2668,9137,12.203333333333182,1.0,-1
2669,9138,12.21111111111096,1.0,-1
2670,9139,12.218888888888737,1.0,-1
2671,9140,12.226666666666514,1.0,-1
2672,9141,12.234444444444291,1.0,-1
2673,9142,12.242222222222068,1.0,-1
2674,9143,12.249999999999845,1.0,-1
2675,9144,12.257777777777623,1.0,-1
2676,9145,12.2655555555554,1.0,-1
2677,9146,12.273333333333177,1.0,-1
2678,9147,12.281111111110954,1.0,-1
2679,9148,12.288888888888732,1.0,-1
2680,9149,12.288888888888732,1.0,22
2681,9150,12.288888888888732,1.0,22
2682,9151,12.288888888888732,1.0,22
2683,9152,12.288888888888732,1.0,22
2684,9153,12.288888888888732,1.0,22
2685,9154,12.288888888888732,1.0,22
2686,9155,12.288888888888732,1.0,22
2687,9156,12.288888888888732,1.0,22
2688,9157,12.288888888888732,1.0,22
2689,9158,12.288888888888732,1.0,22
2690,9159,12.288888888888732,1.0,22
2691,9160,12.288888888888732,1.0,22
2692,9161,12.288888888888732,1.0,22
2693,9162,12.288888888888732,1.0,22
2694,9163,12.288888888888732,1.0,22
2695,9164,12.288888888888732,1.0,22
2696,9165,12.288888888888732,1.0,22
2697,9166,12.288888888888732,1.0,22
2698,9167,12.288888888888732,1.0,22
2699,9168,12.288888888888732,1.0,22
2700,9169,12.288888888888732,1.0,22
2701,9170,12.288888888888732,1.0,22
2702,9171,12.288888888888732,1.0,22
2703,9172,12.288888888888732,1.0,22
2704,9173,12.288888888888732,1.0,22
2705,9174,12.288888888888732,1.0,22
2706,9175,12.288888888888732,1.0,22
2707,9176,12.288888888888732,1.0,22
2708,9177,12.288888888888732,1.0,22
2709,9178,12.288888888888732,1.0,22
2710,9179,12.288888888888732,1.0,22
2711,9180,12.288888888888732,1.0,22
2712,9181,12.288888888888732,1.0,22
2713,9182,12.288888888888732,1.0,22
2714,9183,12.288888888888732,1.0,22
2715,9184,12.288888888888732,1.0,22
2716,9185,12.288888888888732,1.0,22
2717,9186,12.288888888888732,1.0,22
2718,9187,12.288888888888732,1.0,22
2719,9188,12.288888888888732,1.0,22
2720,9189,12.288888888888732,1.0,22
2721,9190,12.288888888888732,1.0,22
2722,9191,12.288888888888732,1.0,22
2723,9192,12.288888888888732,1.0,22
2724,9193,12.288888888888732,1.0,22
2725,9194,12.288888888888732,1.0,22
2726,9195,12.288888888888732,1.0,22
2727,9196,12.288888888888732,1.0,22
2728,9197,12.288888888888732,1.0,22
2729,9198,12.288888888888732,1.0,22
2730,9199,12.288888888888732,1.0,22
2731,9200,12.288888888888732,1.0,22
2732,9201,12.288888888888732,1.0,22
2733,9202,12.288888888888732,1.0,22
2734,9203,12.288888888888732,1.0,22
2735,9204,12.288888888888732,1.0,22
2736,9205,12.288888888888732,1.0,22
2737,9206,12.288888888888732,1.0,22
2738,9207,12.288888888888732,1.0,22
2739,9208,12.288888888888732,1.0,22
2740,9209,12.288888888888732,1.0,22
2741,9210,12.288888888888732,1.0,22
2742,9211,12.288888888888732,1.0,22
2743,9212,12.288888888888732,1.0,22
2744,9213,12.288888888888732,1.0,22
2745,9214,12.288888888888732,1.0,22
2746,9215,12.288888888888732,1.0,22
2747,9216,12.288888888888732,1.0,22
2748,9217,12.288888888888732,1.0,22
2749,9218,12.288888888888732,1.0,22
2750,9219,12.288888888888732,1.0,22
2751,9220,12.288888888888732,1.0,22
2752,9221,12.288888888888732,1.0,22
2753,9222,12.288888888888732,1.0,22
2754,9223,12.288888888888732,1.0,22
2755,9224,12.288888888888732,1.0,22
2756,9225,12.288888888888732,1.0,22
2757,9226,12.288888888888732,1.0,22
2758,9227,12.288888888888732,1.0,22
2759,9228,12.288888888888732,1.0,22
2760,9229,12.288888888888732,1.0,22
2761,9230,12.288888888888732,1.0,22
2762,9231,12.288888888888732,1.0,22
2763,9232,12.288888888888732,1.0,22
2764,9233,12.288888888888732,1.0,22
2765,9234,12.288888888888732,1.0,22
2766,9235,12.288888888888732,1.0,22
2767,9236,12.288888888888732,1.0,22
2768,9237,12.288888888888732,1.0,22
2769,9238,12.288888888888732,1.0,22
2770,9239,12.288888888888732,1.0,22
2771,9240,12.288888888888732,1.0,22
2772,9241,12.288888888888732,1.0,22
2773,9242,12.288888888888732,1.0,22
2774,9243,12.288888888888732,1.0,22
2775,9244,12.288888888888732,1.0,22
2776,9245,12.288888888888732,1.0,22
2777,9246,12.288888888888732,1.0,22
2778,9247,12.288888888888732,1.0,22
2779,9248,12.288888888888732,1.0,22
2780,9249,12.288888888888732,1.0,22
2781,9250,12.288888888888732,1.0,22
2782,9251,12.288888888888732,1.0,22
2783,9252,12.288888888888732,1.0,22
2784,9253,12.288888888888732,1.0,22
2785,9254,12.288888888888732,1.0,22
2786,9255,12.288888888888732,1.0,22
2787,9256,12.288888888888732,1.0,22
2788,9257,12.288888888888732,1.0,22
2789,9258,12.288888888888732,1.0,22
2790,9259,12.288888888888732,1.0,22
2791,9260,12.296666666666509,1.0,-1
2792,9261,12.304444444444286,1.0,-1
2793,9262,12.312222222222063,1.0,-1
2794,9263,12.31999999999984,1.0,-1
2795,9264,12.327777777777618,1.0,-1
2796,9265,12.335555555555395,1.0,-1
2797,9266,12.343333333333172,1.0,-1
2798,9267,12.35111111111095,1.0,-1
2799,9268,12.358888888888726,1.0,-1
2800,9269,12.366666666666504,1.0,-1
2801,9270,12.374444444444281,1.0,-1
2802,9271,12.382222222222058,1.0,-1
2803,9272,12.389999999999835,1.0,-1
2804,9273,12.397777777777613,1.0,-1
2805,9274,12.40555555555539,1.0,-1
2806,9275,12.413333333333167,1.0,-1
2807,9276,12.421111111110944,1.0,-1
2808,9277,12.428888888888721,1.0,-1
2809,9278,12.436666666666499,1.0,-1
2810,9279,12.444444444444276,1.0,-1
2811,9280,12.452222222222053,1.0,-1
2812,9281,12.45999999999983,1.0,-1
2813,9282,12.467777777777608,1.0,-1
2814,9283,12.475555555555385,1.0,-1
2815,9284,12.483333333333162,1.0,-1
2816,9285,12.49111111111094,1.0,-1
2817,9286,12.498888888888716,1.0,-1
2818,9287,12.506666666666494,1.0,-1
2819,9288,12.51444444444427,1.0,-1
2820,9289,12.522222222222048,1.0,-1
2821,9290,12.529999999999825,1.0,-1
2822,9291,12.537777777777602,1.0,-1
2823,9292,12.54555555555538,1.0,-1
2824,9293,12.553333333333157,1.0,-1
2825,9294,12.561111111110934,1.0,-1
2826,9295,12.568888888888711,1.0,-1
2827,9296,12.576666666666489,1.0,-1
2828,9297,12.584444444444266,1.0,-1
2829,9298,12.592222222222043,1.0,-1
2830,9299,12.59999999999982,1.0,-1
2831,9300,12.607777777777597,1.0,-1
2832,9301,12.615555555555375,1.0,-1
2833,9302,12.623333333333152,1.0,-1
2834,9303,12.631111111110929,1.0,-1
2835,9304,12.638888888888706,1.0,-1
2836,9305,12.646666666666484,1.0,-1
2837,9306,12.65444444444426,1.0,-1
2838,9307,12.662222222222038,1.0,-1
2839,9308,12.669999999999815,1.0,-1
2840,9309,12.677777777777592,1.0,-1
2841,9310,12.68555555555537,1.0,-1
2842,9311,12.693333333333147,1.0,-1
2843,9312,12.693333333333147,1.0,23
2844,9313,12.693333333333147,1.0,23
2845,9314,12.693333333333147,1.0,23
2846,9315,12.693333333333147,1.0,23
2847,9316,12.693333333333147,1.0,23
2848,9317,12.693333333333147,1.0,23
2849,9318,12.693333333333147,1.0,23
2850,9319,12.693333333333147,1.0,23
2851,9320,12.693333333333147,1.0,23
2852,9321,12.693333333333147,1.0,23
2853,9322,12.693333333333147,1.0,23
2854,9323,12.693333333333147,1.0,23
2855,9324,12.693333333333147,1.0,23
2856,9325,12.693333333333147,1.0,23
2857,9326,12.693333333333147,1.0,23
2858,9327,12.693333333333147,1.0,23
2859,9328,12.693333333333147,1.0,23
2860,9329,12.693333333333147,1.0,23
2861,9330,12.693333333333147,1.0,23
2862,9331,12.693333333333147,1.0,23
2863,9332,12.693333333333147,1.0,23
2864,9333,12.693333333333147,1.0,23
2865,9334,12.693333333333147,1.0,23
2866,9335,12.693333333333147,1.0,23
2867,9336,12.693333333333147,1.0,23
2868,9337,12.693333333333147,1.0,23
2869,9338,12.693333333333147,1.0,23
2870,9339,12.693333333333147,1.0,23
2871,9340,12.693333333333147,1.0,23
2872,9341,12.693333333333147,1.0,23
2873,9342,12.693333333333147,1.0,23
2874,9343,12.693333333333147,1.0,23
2875,9344,12.693333333333147,1.0,23
2876,9345,12.693333333333147,1.0,23
2877,9346,12.693333333333147,1.0,23
2878,9347,12.693333333333147,1.0,23
2879,9348,12.693333333333147,1.0,23
2880,9349,12.693333333333147,1.0,23
2881,9350,12.693333333333147,1.0,23
2882,9351,12.693333333333147,1.0,23
2883,9352,12.693333333333147,1.0,23
2884,9353,12.693333333333147,1.0,23
2885,9354,12.693333333333147,1.0,23
2886,9355,12.693333333333147,1.0,23
2887,9356,12.693333333333147,1.0,23
2888,9357,12.693333333333147,1.0,23
2889,9358,12.693333333333147,1.0,23
2890,9359,12.693333333333147,1.0,23
2891,9360,12.693333333333147,1.0,23
2892,9361,12.693333333333147,1.0,23
2893,9362,12.693333333333147,1.0,23
2894,9363,12.693333333333147,1.0,23
2895,9364,12.693333333333147,1.0,23
2896,9365,12.693333333333147,1.0,23
2897,9366,12.693333333333147,1.0,23
2898,9367,12.693333333333147,1.0,23
2899,9368,12.693333333333147,1.0,23
2900,9369,12.693333333333147,1.0,23
2901,9370,12.701111111110924,1.0,-1
2902,9371,12.708888888888701,1.0,-1
2903,9372,12.716666666666478,1.0,-1
2904,9373,12.724444444444256,1.0,-1
2905,9374,12.732222222222033,1.0,-1
2906,9375,12.73999999999981,1.0,-1
2907,9376,12.747777777777587,1.0,-1
2908,9377,12.755555555555365,1.0,-1
2909,9378,12.763333333333142,1.0,-1
2910,9379,12.771111111110919,1.0,-1
2911,9380,12.778888888888696,1.0,-1
2912,9381,12.786666666666473,1.0,-1
2913,9382,12.79444444444425,1.0,-1
2914,9383,12.802222222222028,1.0,-1
2915,9384,12.809999999999805,1.0,-1
2916,9385,12.817777777777582,1.0,-1
2917,9386,12.82555555555536,1.0,-1
2918,9387,12.833333333333137,1.0,-1
2919,9388,12.841111111110914,1.0,-1
2920,9389,12.848888888888691,1.0,-1
2921,9390,12.856666666666468,1.0,-1
2922,9391,12.864444444444246,1.0,-1
2923,9392,12.872222222222023,1.0,-1
2924,9393,12.8799999999998,1.0,-1
2925,9394,12.887777777777577,1.0,-1
2926,9395,12.895555555555354,1.0,-1
2927,9396,12.903333333333132,1.0,-1
2928,9397,12.911111111110909,1.0,-1
2929,9398,12.918888888888686,1.0,-1
2930,9399,12.926666666666463,1.0,-1
2931,9400,12.93444444444424,1.0,-1
2932,9401,12.942222222222018,1.0,-1
2933,9402,12.949999999999795,1.0,-1
2934,9403,12.957777777777572,1.0,-1
2935,9404,12.96555555555535,1.0,-1
2936,9405,12.973333333333127,1.0,-1
2937,9406,12.981111111110904,1.0,-1
2938,9407,12.988888888888681,1.0,-1
2939,9408,12.996666666666458,1.0,-1
2940,9409,13.004444444444236,1.0,-1
2941,9410,13.012222222222013,1.0,-1
2942,9411,13.01999999999979,1.0,-1
2943,9412,13.027777777777567,1.0,-1
2944,9413,13.035555555555344,1.0,-1
2945,9414,13.043333333333122,1.0,-1
2946,9415,13.051111111110899,1.0,-1
2947,9416,13.058888888888676,1.0,-1
2948,9417,13.066666666666453,1.0,-1
2949,9418,13.07444444444423,1.0,-1
2950,9419,13.082222222222008,1.0,-1
2951,9420,13.089999999999785,1.0,-1
2952,9421,13.097777777777562,1.0,-1
2953,9422,13.10555555555534,1.0,-1
2954,9423,13.113333333333117,1.0,-1
2955,9424,13.121111111110894,1.0,-1
2956,9425,13.128888888888671,1.0,-1
2957,9426,13.136666666666448,1.0,-1
2958,9427,13.144444444444225,1.0,-1
2959,9428,13.152222222222003,1.0,-1
2960,9429,13.15999999999978,1.0,-1
2961,9430,13.167777777777557,1.0,-1
2962,9431,13.175555555555334,1.0,-1
2963,9432,13.183333333333112,1.0,-1
2964,9433,13.191111111110889,1.0,-1
2965,9434,13.198888888888666,1.0,-1
2966,9435,13.206666666666443,1.0,-1
2967,9436,13.21444444444422,1.0,-1
2968,9437,13.222222222221998,1.0,-1
2969,9438,13.229999999999775,1.0,-1
2970,9439,13.237777777777552,1.0,-1
2971,9440,13.237777777777552,1.0,24
2972,9441,13.237777777777552,1.0,24
2973,9442,13.237777777777552,1.0,24
2974,9443,13.237777777777552,1.0,24
2975,9444,13.237777777777552,1.0,24
2976,9445,13.237777777777552,1.0,24
2977,9446,13.237777777777552,1.0,24
2978,9447,13.237777777777552,1.0,24
2979,9448,13.237777777777552,1.0,24
2980,9449,13.237777777777552,1.0,24
2981,9450,13.237777777777552,1.0,24
2982,9451,13.237777777777552,1.0,24
2983,9452,13.237777777777552,1.0,24
2984,9453,13.237777777777552,1.0,24
2985,9454,13.237777777777552,1.0,24
2986,9455,13.237777777777552,1.0,24
2987,9456,13.237777777777552,1.0,24
2988,9457,13.237777777777552,1.0,24
2989,9458,13.237777777777552,1.0,24
2990,9459,13.237777777777552,1.0,24
2991,9460,13.237777777777552,1.0,24
2992,9461,13.237777777777552,1.0,24
2993,9462,13.237777777777552,1.0,24
2994,9463,13.237777777777552,1.0,24
2995,9464,13.237777777777552,1.0,24
2996,9465,13.237777777777552,1.0,24
2997,9466,13.237777777777552,1.0,24
2998,9467,13.237777777777552,1.0,24
2999,9468,13.237777777777552,1.0,24
3000,9469,13.237777777777552,1.0,24
3001,9470,13.237777777777552,1.0,24
3002,9471,13.237777777777552,1.0,24
3003,9472,13.237777777777552,1.0,24
3004,9473,13.237777777777552,1.0,24
3005,9474,13.237777777777552,1.0,24
3006,9475,13.237777777777552,1.0,24
3007,9476,13.237777777777552,1.0,24
3008,9477,13.237777777777552,1.0,24
3009,9478,13.237777777777552,1.0,24
3010,9479,13.237777777777552,1.0,24
3011,9480,13.237777777777552,1.0,24
3012,9481,13.237777777777552,1.0,24
3013,9482,13.237777777777552,1.0,24
3014,9483,13.237777777777552,1.0,24
3015,9484,13.237777777777552,1.0,24
3016,9485,13.237777777777552,1.0,24
3017,9486,13.237777777777552,1.0,24
3018,9487,13.237777777777552,1.0,24
3019,9488,13.237777777777552,1.0,24
3020,9489,13.237777777777552,1.0,24
3021,9490,13.237777777777552,1.0,24
3022,9491,13.237777777777552,1.0,24
3023,9492,13.237777777777552,1.0,24
3024,9493,13.237777777777552,1.0,24
3025,9494,13.237777777777552,1.0,24
3026,9495,13.237777777777552,1.0,24
3027,9496,13.237777777777552,1.0,24
3028,9497,13.237777777777552,1.0,24
3029,9498,13.237777777777552,1.0,24
3030,9499,13.237777777777552,1.0,24
3031,9500,13.237777777777552,1.0,24
3032,9501,13.237777777777552,1.0,24
3033,9502,13.237777777777552,1.0,24
3034,9503,13.237777777777552,1.0,24
3035,9504,13.237777777777552,1.0,24
3036,9505,13.237777777777552,1.0,24
3037,9506,13.237777777777552,1.0,24
3038,9507,13.237777777777552,1.0,24
3039,9508,13.237777777777552,1.0,24
3040,9509,13.237777777777552,1.0,24
3041,9510,13.237777777777552,1.0,24
3042,9511,13.237777777777552,1.0,24
3043,9512,13.237777777777552,1.0,24
3044,9513,13.237777777777552,1.0,24
3045,9514,13.237777777777552,1.0,24
3046,9515,13.237777777777552,1.0,24
3047,9516,13.237777777777552,1.0,24
3048,9517,13.237777777777552,1.0,24
3049,9518,13.237777777777552,1.0,24
3050,9519,13.237777777777552,1.0,24
3051,9520,13.237777777777552,1.0,24
3052,9521,13.237777777777552,1.0,24
3053,9522,13.237777777777552,1.0,24
3054,9523,13.237777777777552,1.0,24
3055,9524,13.237777777777552,1.0,24
3056,9525,13.237777777777552,1.0,24
3057,9526,13.237777777777552,1.0,24
3058,9527,13.237777777777552,1.0,24
3059,9528,13.237777777777552,1.0,24
3060,9529,13.237777777777552,1.0,24
3061,9530,13.237777777777552,1.0,24
3062,9531,13.237777777777552,1.0,24
3063,9532,13.237777777777552,1.0,24
3064,9533,13.237777777777552,1.0,24
3065,9534,13.237777777777552,1.0,24
3066,9535,13.237777777777552,1.0,24
3067,9536,13.237777777777552,1.0,24
3068,9537,13.237777777777552,1.0,24
3069,9538,13.237777777777552,1.0,24
3070,9539,13.237777777777552,1.0,24
3071,9540,13.237777777777552,1.0,24
3072,9541,13.237777777777552,1.0,24
3073,9542,13.237777777777552,1.0,24
3074,9543,13.237777777777552,1.0,24
3075,9544,13.237777777777552,1.0,24
3076,9545,13.237777777777552,1.0,24
3077,9546,13.237777777777552,1.0,24
3078,9547,13.237777777777552,1.0,24
3079,9548,13.237777777777552,1.0,24
3080,9549,13.24555555555533,1.0,-1
3081,9550,13.253333333333106,1.0,-1
3082,9551,13.261111111110884,1.0,-1
3083,9552,13.268888888888661,1.0,-1
3084,9553,13.276666666666438,1.0,-1
3085,9554,13.284444444444215,1.0,-1
3086,9555,13.292222222221993,1.0,-1
3087,9556,13.29999999999977,1.0,-1
3088,9557,13.307777777777547,1.0,-1
3089,9558,13.315555555555324,1.0,-1
3090,9559,13.323333333333101,1.0,-1
3091,9560,13.331111111110879,1.0,-1
3092,9561,13.338888888888656,1.0,-1
3093,9562,13.346666666666433,1.0,-1
3094,9563,13.35444444444421,1.0,-1
3095,9564,13.362222222221988,1.0,-1
3096,9565,13.369999999999765,1.0,-1
3097,9566,13.377777777777542,1.0,-1
3098,9567,13.38555555555532,1.0,-1
3099,9568,13.393333333333096,1.0,-1
3100,9569,13.401111111110874,1.0,-1
3101,9570,13.40888888888865,1.0,-1
3102,9571,13.416666666666428,1.0,-1
3103,9572,13.424444444444205,1.0,-1
3104,9573,13.432222222221982,1.0,-1
3105,9574,13.43999999999976,1.0,-1
3106,9575,13.447777777777537,1.0,-1
3107,9576,13.455555555555314,1.0,-1
3108,9577,13.463333333333091,1.0,-1
3109,9578,13.471111111110869,1.0,-1
3110,9579,13.478888888888646,1.0,-1
3111,9580,13.486666666666423,1.0,-1
3112,9581,13.4944444444442,1.0,-1
3113,9582,13.502222222221977,1.0,-1
3114,9583,13.509999999999755,1.0,-1
3115,9584,13.517777777777532,1.0,-1
3116,9585,13.525555555555309,1.0,-1
3117,9586,13.533333333333086,1.0,-1
3118,9587,13.541111111110864,1.0,-1
3119,9588,13.54888888888864,1.0,-1
3120,9589,13.556666666666418,1.0,-1
3121,9590,13.564444444444195,1.0,-1
3122,9591,13.572222222221972,1.0,-1
3123,9592,13.57999999999975,1.0,-1
3124,9593,13.587777777777527,1.0,-1
3125,9594,13.595555555555304,1.0,-1
3126,9595,13.603333333333081,1.0,-1
3127,9596,13.611111111110858,1.0,-1
3128,9597,13.618888888888636,1.0,-1
3129,9598,13.626666666666413,1.0,-1
3130,9599,13.63444444444419,1.0,-1
3131,9600,13.642222222221967,1.0,-1
3132,9601,13.649999999999745,1.0,-1
3133,9602,13.657777777777522,1.0,-1
3134,9603,13.665555555555299,1.0,-1
3135,9604,13.673333333333076,1.0,-1
3136,9605,13.681111111110853,1.0,-1
3137,9606,13.68888888888863,1.0,-1
3138,9607,13.696666666666408,1.0,-1
3139,9608,13.704444444444185,1.0,-1
3140,9609,13.712222222221962,1.0,-1
3141,9610,13.71999999999974,1.0,-1
3142,9611,13.727777777777517,1.0,-1
3143,9612,13.735555555555294,1.0,-1
3144,9613,13.743333333333071,1.0,-1
3145,9614,13.751111111110848,1.0,-1
3146,9615,13.758888888888626,1.0,-1
3147,9616,13.766666666666403,1.0,-1
3148,9617,13.77444444444418,1.0,-1
3149,9618,13.782222222221957,1.0,-1
3150,9619,13.789999999999734,1.0,-1
3151,9620,13.797777777777512,1.0,-1
3152,9621,13.805555555555289,1.0,-1
3153,9622,13.813333333333066,1.0,-1
3154,9623,13.821111111110843,1.0,-1
3155,9624,13.82888888888862,1.0,-1
3156,9625,13.836666666666398,1.0,-1
3157,9626,13.844444444444175,1.0,-1
3158,9627,13.852222222221952,1.0,-1
3159,9628,13.85999999999973,1.0,-1
3160,9629,13.867777777777507,1.0,-1
3161,9630,13.867777777777507,1.0,25
3162,9631,13.867777777777507,1.0,25
3163,9632,13.867777777777507,1.0,25
3164,9633,13.867777777777507,1.0,25
3165,9634,13.867777777777507,1.0,25
3166,9635,13.867777777777507,1.0,25
3167,9636,13.867777777777507,1.0,25
3168,9637,13.867777777777507,1.0,25
3169,9638,13.867777777777507,1.0,25
3170,9639,13.867777777777507,1.0,25
3171,9640,13.867777777777507,1.0,25
3172,9641,13.867777777777507,1.0,25
3173,9642,13.867777777777507,1.0,25
3174,9643,13.867777777777507,1.0,25
3175,9644,13.867777777777507,1.0,25
3176,9645,13.867777777777507,1.0,25
3177,9646,13.867777777777507,1.0,25
3178,9647,13.867777777777507,1.0,25
3179,9648,13.867777777777507,1.0,25
3180,9649,13.867777777777507,1.0,25
3181,9650,13.867777777777507,1.0,25
3182,9651,13.867777777777507,1.0,25
3183,9652,13.867777777777507,1.0,25
3184,9653,13.867777777777507,1.0,25
3185,9654,13.867777777777507,1.0,25
3186,9655,13.867777777777507,1.0,25
3187,9656,13.867777777777507,1.0,25
3188,9657,13.867777777777507,1.0,25
3189,9658,13.867777777777507,1.0,25
3190,9659,13.867777777777507,1.0,25
3191,9660,13.867777777777507,1.0,25
3192,9661,13.867777777777507,1.0,25
3193,9662,13.867777777777507,1.0,25
3194,9663,13.867777777777507,1.0,25
3195,9664,13.867777777777507,1.0,25
3196,9665,13.867777777777507,1.0,25
3197,9666,13.867777777777507,1.0,25
3198,9667,13.867777777777507,1.0,25
3199,9668,13.867777777777507,1.0,25
3200,9669,13.867777777777507,1.0,25
3201,9670,13.867777777777507,1.0,25
3202,9671,13.867777777777507,1.0,25
3203,9672,13.867777777777507,1.0,25
3204,9673,13.867777777777507,1.0,25
3205,9674,13.867777777777507,1.0,25
3206,9675,13.867777777777507,1.0,25
3207,9676,13.867777777777507,1.0,25
3208,9677,13.867777777777507,1.0,25
3209,9678,13.867777777777507,1.0,25
3210,9679,13.867777777777507,1.0,25
3211,9680,13.867777777777507,1.0,25
3212,9681,13.867777777777507,1.0,25
3213,9682,13.867777777777507,1.0,25
3214,9683,13.867777777777507,1.0,25
3215,9684,13.867777777777507,1.0,25
3216,9685,13.867777777777507,1.0,25
3217,9686,13.867777777777507,1.0,25
3218,9687,13.867777777777507,1.0,25
3219,9688,13.867777777777507,1.0,25
3220,9689,13.867777777777507,1.0,25
3221,9690,13.867777777777507,1.0,25
3222,9691,13.867777777777507,1.0,25
3223,9692,13.867777777777507,1.0,25
3224,9693,13.867777777777507,1.0,25
3225,9694,13.867777777777507,1.0,25
3226,9695,13.867777777777507,1.0,25
3227,9696,13.867777777777507,1.0,25
3228,9697,13.867777777777507,1.0,25
3229,9698,13.867777777777507,1.0,25
3230,9699,13.867777777777507,1.0,25
3231,9700,13.867777777777507,1.0,25
3232,9701,13.867777777777507,1.0,25
3233,9702,13.867777777777507,1.0,25
3234,9703,13.867777777777507,1.0,25
3235,9704,13.867777777777507,1.0,25
3236,9705,13.867777777777507,1.0,25
3237,9706,13.867777777777507,1.0,25
3238,9707,13.867777777777507,1.0,25
3239,9708,13.867777777777507,1.0,25
3240,9709,13.867777777777507,1.0,25
3241,9710,13.867777777777507,1.0,25
3242,9711,13.867777777777507,1.0,25
3243,9712,13.867777777777507,1.0,25
3244,9713,13.867777777777507,1.0,25
3245,9714,13.867777777777507,1.0,25
3246,9715,13.867777777777507,1.0,25
3247,9716,13.867777777777507,1.0,25
3248,9717,13.867777777777507,1.0,25
3249,9718,13.867777777777507,1.0,25
3250,9719,13.867777777777507,1.0,25
3251,9720,13.867777777777507,1.0,25
3252,9721,13.867777777777507,1.0,25
3253,9722,13.867777777777507,1.0,25
3254,9723,13.867777777777507,1.0,25
3255,9724,13.867777777777507,1.0,25
3256,9725,13.867777777777507,1.0,25
3257,9726,13.867777777777507,1.0,25
3258,9727,13.867777777777507,1.0,25
3259,9728,13.867777777777507,1.0,25
3260,9729,13.867777777777507,1.0,25
3261,9730,13.867777777777507,1.0,25
3262,9731,13.867777777777507,1.0,25
3263,9732,13.867777777777507,1.0,25
3264,9733,13.867777777777507,1.0,25
3265,9734,13.867777777777507,1.0,25
3266,9735,13.867777777777507,1.0,25
3267,9736,13.867777777777507,1.0,25
3268,9737,13.867777777777507,1.0,25
3269,9738,13.867777777777507,1.0,25
3270,9739,13.875555555555284,1.0,-1
3271,9740,13.883333333333061,1.0,-1
3272,9741,13.891111111110838,1.0,-1
3273,9742,13.898888888888616,1.0,-1
3274,9743,13.906666666666393,1.0,-1
3275,9744,13.91444444444417,1.0,-1
3276,9745,13.922222222221947,1.0,-1
3277,9746,13.929999999999724,1.0,-1
3278,9747,13.937777777777502,1.0,-1
3279,9748,13.945555555555279,1.0,-1
3280,9749,13.953333333333056,1.0,-1
3281,9750,13.961111111110833,1.0,-1
3282,9751,13.96888888888861,1.0,-1
3283,9752,13.976666666666388,1.0,-1
3284,9753,13.984444444444165,1.0,-1
3285,9754,13.992222222221942,1.0,-1
3286,9755,13.99999999999972,1.0,-1
3287,9756,14.007777777777497,1.0,-1
3288,9757,14.015555555555274,1.0,-1
3289,9758,14.023333333333051,1.0,-1
3290,9759,14.031111111110828,1.0,-1
3291,9760,14.038888888888605,1.0,-1
3292,9761,14.046666666666383,1.0,-1
3293,9762,14.05444444444416,1.0,-1
3294,9763,14.062222222221937,1.0,-1
3295,9764,14.069999999999714,1.0,-1
3296,9765,14.077777777777492,1.0,-1
3297,9766,14.085555555555269,1.0,-1
3298,9767,14.093333333333046,1.0,-1
3299,9768,14.101111111110823,1.0,-1
3300,9769,14.1088888888886,1.0,-1
3301,9770,14.116666666666378,1.0,-1
3302,9771,14.124444444444155,1.0,-1
3303,9772,14.132222222221932,1.0,-1
3304,9773,14.132222222221932,1.0,26
3305,9774,14.132222222221932,1.0,26
3306,9775,14.132222222221932,1.0,26
3307,9776,14.132222222221932,1.0,26
3308,9777,14.132222222221932,1.0,26
3309,9778,14.132222222221932,1.0,26
3310,9779,14.132222222221932,1.0,26
3311,9780,14.132222222221932,1.0,26
3312,9781,14.132222222221932,1.0,26
3313,9782,14.132222222221932,1.0,26
3314,9783,14.132222222221932,1.0,26
3315,9784,14.132222222221932,1.0,26
3316,9785,14.132222222221932,1.0,26
3317,9786,14.132222222221932,1.0,26
3318,9787,14.132222222221932,1.0,26
3319,9788,14.132222222221932,1.0,26
3320,9789,14.132222222221932,1.0,26
3321,9790,14.132222222221932,1.0,26
3322,9791,14.132222222221932,1.0,26
3323,9792,14.132222222221932,1.0,26
3324,9793,14.132222222221932,1.0,26
3325,9794,14.132222222221932,1.0,26
3326,9795,14.132222222221932,1.0,26
3327,9796,14.132222222221932,1.0,26
3328,9797,14.132222222221932,1.0,26
3329,9798,14.132222222221932,1.0,26
3330,9799,14.132222222221932,1.0,26
3331,9800,14.132222222221932,1.0,26
3332,9801,14.132222222221932,1.0,26
3333,9802,14.132222222221932,1.0,26
3334,9803,14.132222222221932,1.0,26
3335,9804,14.132222222221932,1.0,26
3336,9805,14.132222222221932,1.0,26
3337,9806,14.132222222221932,1.0,26
3338,9807,14.132222222221932,1.0,26
3339,9808,14.132222222221932,1.0,26
3340,9809,14.132222222221932,1.0,26
3341,9810,14.132222222221932,1.0,26
3342,9811,14.132222222221932,1.0,26
3343,9812,14.132222222221932,1.0,26
3344,9813,14.132222222221932,1.0,26
3345,9814,14.132222222221932,1.0,26
3346,9815,14.132222222221932,1.0,26
3347,9816,14.132222222221932,1.0,26
3348,9817,14.132222222221932,1.0,26
3349,9818,14.132222222221932,1.0,26
3350,9819,14.132222222221932,1.0,26
3351,9820,14.13999999999971,1.0,-1
3352,9821,14.147777777777486,1.0,-1
3353,9822,14.155555555555264,1.0,-1
3354,9823,14.163333333333041,1.0,-1
3355,9824,14.171111111110818,1.0,-1
3356,9825,14.178888888888595,1.0,-1
3357,9826,14.186666666666373,1.0,-1
3358,9827,14.19444444444415,1.0,-1
3359,9828,14.202222222221927,1.0,-1
3360,9829,14.209999999999704,1.0,-1
3361,9830,14.217777777777481,1.0,-1
3362,9831,14.225555555555259,1.0,-1
3363,9832,14.233333333333036,1.0,-1
3364,9833,14.241111111110813,1.0,-1
3365,9834,14.24888888888859,1.0,-1
3366,9835,14.256666666666368,1.0,-1
3367,9836,14.264444444444145,1.0,-1
3368,9837,14.272222222221922,1.0,-1
3369,9838,14.2799999999997,1.0,-1
3370,9839,14.287777777777476,1.0,-1
3371,9840,14.295555555555254,1.0,-1
3372,9841,14.30333333333303,1.0,-1
3373,9842,14.311111111110808,1.0,-1
3374,9843,14.318888888888585,1.0,-1
3375,9844,14.326666666666362,1.0,-1
3376,9845,14.33444444444414,1.0,-1
3377,9846,14.342222222221917,1.0,-1
3378,9847,14.349999999999694,1.0,-1
3379,9848,14.357777777777471,1.0,-1
3380,9849,14.365555555555249,1.0,-1
3381,9850,14.373333333333026,1.0,-1
3382,9851,14.381111111110803,1.0,-1
3383,9852,14.38888888888858,1.0,-1
3384,9853,14.38888888888858,0.9625,27
3385,9854,14.38888888888858,0.9625,27
3386,9855,14.38888888888858,0.9625,27
3387,9856,14.38888888888858,0.9625,27
3388,9857,14.38888888888858,0.9625,27
3389,9858,14.38888888888858,0.9625,27
3390,9859,14.38888888888858,0.9625,27
3391,9860,14.38888888888858,0.9625,27
3392,9861,14.38888888888858,0.9625,27
3393,9862,14.38888888888858,0.9625,27
3394,9863,14.38888888888858,0.9625,27
3395,9864,14.38888888888858,0.9625,27
3396,9865,14.38888888888858,0.9625,27
3397,9866,14.38888888888858,0.9625,27
3398,9867,14.38888888888858,0.9625,27
3399,9868,14.38888888888858,0.9625,27
3400,9869,14.38888888888858,0.9625,27
3401,9870,14.38888888888858,0.9625,27
3402,9871,14.38888888888858,0.9625,27
3403,9872,14.38888888888858,0.9625,27
3404,9873,14.38888888888858,0.9625,27
3405,9874,14.38888888888858,0.9625,27
3406,9875,14.38888888888858,0.9625,27
3407,9876,14.38888888888858,0.9625,27
3408,9877,14.38888888888858,0.9625,27
3409,9878,14.38888888888858,0.9625,27
3410,9879,14.38888888888858,0.9625,27
3411,9880,14.38888888888858,0.9625,27
3412,9881,14.38888888888858,0.9625,27
3413,9882,14.38888888888858,0.9625,27
3414,9883,14.38888888888858,0.9625,27
3415,9884,14.38888888888858,0.9625,27
3416,9885,14.38888888888858,0.9625,27
3417,9886,14.38888888888858,0.9625,27
3418,9887,14.38888888888858,0.9625,27
3419,9888,14.38888888888858,0.9625,27
3420,9889,14.38888888888858,0.9625,27
3421,9890,14.396666666666357,0.9625,-1
3422,9891,14.404444444444135,0.9625,-1
3423,9892,14.412222222221912,0.9625,-1
3424,9893,14.419999999999689,0.9625,-1
3425,9894,14.427777777777466,0.9625,-1
3426,9895,14.435555555555244,0.9625,-1
3427,9896,14.44333333333302,0.9625,-1
3428,9897,14.451111111110798,0.9625,-1
3429,9898,14.458888888888575,0.9625,-1
3430,9899,14.466666666666352,0.9625,-1
3431,9900,14.47444444444413,0.9625,-1
3432,9901,14.482222222221907,0.9625,-1
3433,9902,14.489999999999684,0.9625,-1
3434,9903,14.497777777777461,0.9625,-1
3435,9904,14.505555555555238,0.9625,-1
3436,9905,14.513333333333016,0.9625,-1
3437,9906,14.521111111110793,0.9625,-1
3438,9907,14.52888888888857,0.9625,-1
3439,9908,14.536666666666347,0.9625,-1
3440,9909,14.544444444444125,0.9625,-1
3441,9910,14.552222222221902,0.9625,-1
3442,9911,14.559999999999679,0.9625,-1
3443,9912,14.567777777777456,0.9625,-1
3444,9913,14.575555555555233,0.9625,-1
3445,9914,14.58333333333301,0.9625,-1
3446,9915,14.591111111110788,0.9625,-1
3447,9916,14.598888888888565,0.9625,-1
3448,9917,14.606666666666342,0.9625,-1
3449,9918,14.61444444444412,0.9625,-1
3450,9919,14.622222222221897,0.9625,-1
3451,9920,14.629999999999674,0.9625,-1
3452,9921,14.637777777777451,0.9625,-1
3453,9922,14.645555555555228,0.9625,-1
3454,9923,14.653333333333006,0.9625,-1
3455,9924,14.661111111110783,0.9625,-1
3456,9925,14.661111111110783,1.0,28
3457,9926,14.661111111110783,1.0,28
3458,9927,14.661111111110783,1.0,28
3459,9928,14.661111111110783,1.0,28
3460,9929,14.661111111110783,1.0,28
3461,9930,14.661111111110783,1.0,28
3462,9931,14.661111111110783,1.0,28
3463,9932,14.661111111110783,1.0,28
3464,9933,14.661111111110783,1.0,28
3465,9934,14.661111111110783,1.0,28
3466,9935,14.661111111110783,1.0,28
3467,9936,14.661111111110783,1.0,28
3468,9937,14.661111111110783,1.0,28
3469,9938,14.661111111110783,1.0,28
3470,9939,14.661111111110783,1.0,28
3471,9940,14.661111111110783,1.0,28
3472,9941,14.661111111110783,1.0,28
3473,9942,14.661111111110783,1.0,28
3474,9943,14.661111111110783,1.0,28
3475,9944,14.661111111110783,1.0,28
3476,9945,14.661111111110783,1.0,28
3477,9946,14.661111111110783,1.0,28
3478,9947,14.661111111110783,1.0,28
3479,9948,14.661111111110783,1.0,28
3480,9949,14.661111111110783,1.0,28
3481,9950,14.661111111110783,1.0,28
3482,9951,14.661111111110783,1.0,28
3483,9952,14.661111111110783,1.0,28
3484,9953,14.661111111110783,1.0,28
3485,9954,14.661111111110783,1.0,28
3486,9955,14.661111111110783,1.0,28
3487,9956,14.661111111110783,1.0,28
3488,9957,14.661111111110783,1.0,28
3489,9958,14.661111111110783,1.0,28
3490,9959,14.66888888888856,1.0,-1
3491,9960,14.676666666666337,1.0,-1
3492,9961,14.684444444444114,1.0,-1
3493,9962,14.692222222221892,1.0,-1
3494,9963,14.699999999999669,1.0,-1
3495,9964,14.707777777777446,1.0,-1
3496,9965,14.715555555555223,1.0,-1
3497,9966,14.723333333333,1.0,-1
3498,9967,14.731111111110778,1.0,-1
3499,9968,14.738888888888555,1.0,-1
3500,9969,14.746666666666332,1.0,-1
3501,9970,14.75444444444411,1.0,-1
3502,9971,14.762222222221887,1.0,-1
3503,9972,14.769999999999664,1.0,-1
3504,9973,14.777777777777441,1.0,-1
3505,9974,14.785555555555218,1.0,-1
3506,9975,14.793333333332995,1.0,-1
3507,9976,14.801111111110773,1.0,-1
3508,9977,14.80888888888855,1.0,-1
3509,9978,14.816666666666327,1.0,-1
3510,9979,14.824444444444104,1.0,-1
3511,9980,14.832222222221882,1.0,-1
3512,9981,14.839999999999659,1.0,-1
3513,9982,14.847777777777436,1.0,-1
3514,9983,14.855555555555213,1.0,-1
3515,9984,14.86333333333299,1.0,-1
3516,9985,14.871111111110768,1.0,-1
3517,9986,14.878888888888545,1.0,-1
3518,9987,14.886666666666322,1.0,-1
3519,9988,14.8944444444441,1.0,-1
3520,9989,14.902222222221877,1.0,-1
3521,9990,14.909999999999654,1.0,-1
3522,9991,14.917777777777431,1.0,-1
3523,9992,14.925555555555208,1.0,-1
3524,9993,14.933333333332985,1.0,-1
3525,9994,14.941111111110763,1.0,-1
3526,9995,14.94888888888854,1.0,-1
3527,9996,14.956666666666317,1.0,-1
3528,9997,14.964444444444094,1.0,-1
3529,9998,14.964444444444094,0.9875,29
3530,9999,14.964444444444094,0.9875,29
3531,10000,14.964444444444094,0.9875,29
3532,10001,14.964444444444094,0.9875,29
3533,10002,14.972222222221871,0.9875,-1
3534,10003,14.979999999999649,0.9875,-1
3535,10004,14.987777777777426,0.9875,-1
3536,10005,14.995555555555203,0.9875,-1
3537,10006,15.00333333333298,0.9875,-1
3538,10007,15.011111111110758,0.9875,-1
3539,10008,15.018888888888535,0.9875,-1
3540,10009,15.026666666666312,0.9875,-1
3541,10010,15.03444444444409,0.9875,-1
3542,10011,15.042222222221866,0.9875,-1
3543,10012,15.049999999999644,0.9875,-1
3544,10013,15.05777777777742,0.9875,-1
3545,10014,15.065555555555198,0.9875,-1
3546,10015,15.073333333332975,0.9875,-1
3547,10016,15.081111111110753,0.9875,-1
3548,10017,15.08888888888853,0.9875,-1
3549,10018,15.096666666666307,0.9875,-1
3550,10019,15.104444444444084,0.9875,-1
3551,10020,15.112222222221861,0.9875,-1
3552,10021,15.119999999999639,0.9875,-1
3553,10022,15.127777777777416,0.9875,-1
3554,10023,15.135555555555193,0.9875,-1
3555,10024,15.14333333333297,0.9875,-1
3556,10025,15.151111111110747,0.9875,-1
3557,10026,15.158888888888525,0.9875,-1
3558,10027,15.166666666666302,0.9875,-1
3559,10028,15.17444444444408,0.9875,-1
3560,10029,15.182222222221856,0.9875,-1
3561,10030,15.189999999999634,0.9875,-1
3562,10031,15.19777777777741,0.9875,-1
3563,10032,15.205555555555188,0.9875,-1
3564,10033,15.213333333332965,0.9875,-1
3565,10034,15.221111111110742,0.9875,-1
3566,10035,15.22888888888852,0.9875,-1
3567,10036,15.236666666666297,0.9875,-1
3568,10037,15.244444444444074,0.9875,-1
3569,10038,15.252222222221851,0.9875,-1
3570,10039,15.259999999999629,0.9875,-1
3571,10040,15.267777777777406,0.9875,-1
3572,10041,15.275555555555183,0.9875,-1
3573,10042,15.28333333333296,0.9875,-1
3574,10043,15.291111111110737,0.9875,-1
3575,10044,15.298888888888515,0.9875,-1
3576,10045,15.306666666666292,0.9875,-1
3577,10046,15.314444444444069,0.9875,-1
3578,10047,15.322222222221846,0.9875,-1
3579,10048,15.329999999999623,0.9875,-1
3580,10049,15.3377777777774,0.9875,-1
3581,10050,15.3377777777774,0.9625,30
3582,10051,15.3377777777774,0.9625,30
3583,10052,15.3377777777774,0.9625,30
3584,10053,15.3377777777774,0.9625,30
3585,10054,15.3377777777774,0.9625,30
3586,10055,15.3377777777774,0.9625,30
3587,10056,15.3377777777774,0.9625,30
3588,10057,15.3377777777774,0.9625,30
3589,10058,15.345555555555178,0.9625,-1
3590,10059,15.353333333332955,0.9625,-1
3591,10060,15.361111111110732,0.9625,-1
3592,10061,15.36888888888851,0.9625,-1
3593,10062,15.376666666666287,0.9625,-1
3594,10063,15.384444444444064,0.9625,-1
3595,10064,15.392222222221841,0.9625,-1
3596,10065,15.399999999999618,0.9625,-1
3597,10066,15.407777777777396,0.9625,-1
3598,10067,15.415555555555173,0.9625,-1
3599,10068,15.42333333333295,0.9625,-1
3600,10069,15.431111111110727,0.9625,-1
3601,10070,15.438888888888505,0.9625,-1
3602,10071,15.446666666666282,0.9625,-1
3603,10072,15.454444444444059,0.9625,-1
3604,10073,15.462222222221836,0.9625,-1
3605,10074,15.469999999999613,0.9625,-1
3606,10075,15.47777777777739,0.9625,-1
3607,10076,15.485555555555168,0.9625,-1
3608,10077,15.493333333332945,0.9625,-1
3609,10078,15.501111111110722,0.9625,-1
3610,10079,15.5088888888885,0.9625,-1
3611,10080,15.516666666666277,0.9625,-1
3612,10081,15.524444444444054,0.9625,-1
3613,10082,15.532222222221831,0.9625,-1
3614,10083,15.539999999999608,0.9625,-1
3615,10084,15.547777777777386,0.9625,-1
3616,10085,15.555555555555163,0.9625,-1
3617,10086,15.56333333333294,0.9625,-1
3618,10087,15.571111111110717,0.9625,-1
3619,10088,15.578888888888494,0.9625,-1
3620,10089,15.586666666666272,0.9625,-1
3621,10090,15.594444444444049,0.9625,-1
3622,10091,15.602222222221826,0.9625,-1
3623,10092,15.609999999999603,0.9625,-1
3624,10093,15.61777777777738,0.9625,-1
3625,10094,15.625555555555158,0.9625,-1
3626,10095,15.633333333332935,0.9625,-1
3627,10096,15.641111111110712,0.9625,-1
3628,10097,15.64888888888849,0.9625,-1
3629,10098,15.656666666666267,0.9625,-1
3630,10099,15.664444444444044,0.9625,-1
3631,10100,15.672222222221821,0.9625,-1
3632,10101,15.679999999999598,0.9625,-1
3633,10102,15.687777777777375,0.9625,-1
3634,10103,15.695555555555153,0.9625,-1
3635,10104,15.70333333333293,0.9625,-1
3636,10105,15.711111111110707,0.9625,-1
3637,10106,15.718888888888484,0.9625,-1
3638,10107,15.726666666666262,0.9625,-1
3639,10108,15.734444444444039,0.9625,-1
3640,10109,15.742222222221816,0.9625,-1
3641,10110,15.749999999999593,0.9625,-1
3642,10111,15.75777777777737,0.9625,-1
3643,10112,15.765555555555148,0.9625,-1
3644,10113,15.773333333332925,0.9625,-1
3645,10114,15.781111111110702,0.9625,-1
3646,10115,15.78888888888848,0.9625,-1
3647,10116,15.796666666666257,0.9625,-1
3648,10117,15.804444444444034,0.9625,-1
3649,10118,15.812222222221811,0.9625,-1
3650,10119,15.819999999999588,0.9625,-1
3651,10120,15.827777777777365,0.9625,-1
3652,10121,15.835555555555143,0.9625,-1
3653,10122,15.84333333333292,0.9625,-1
3654,10123,15.851111111110697,0.9625,-1
3655,10124,15.858888888888474,0.9625,-1
3656,10125,15.858888888888474,0.925,31
3657,10126,15.858888888888474,0.925,31
3658,10127,15.858888888888474,0.925,31
3659,10128,15.858888888888474,0.925,31
3660,10129,15.858888888888474,0.925,31
3661,10130,15.858888888888474,0.925,31
3662,10131,15.858888888888474,0.925,31
3663,10132,15.858888888888474,0.925,31
3664,10133,15.858888888888474,0.925,31
3665,10134,15.858888888888474,0.925,31
3666,10135,15.858888888888474,0.925,31
3667,10136,15.858888888888474,0.925,31
3668,10137,15.858888888888474,0.925,31
3669,10138,15.858888888888474,0.925,31
3670,10139,15.858888888888474,0.925,31
3671,10140,15.858888888888474,0.925,31
3672,10141,15.858888888888474,0.925,31
3673,10142,15.858888888888474,0.925,31
3674,10143,15.858888888888474,0.925,31
3675,10144,15.858888888888474,0.925,31
3676,10145,15.858888888888474,0.925,31
3677,10146,15.858888888888474,0.925,31
3678,10147,15.858888888888474,0.925,31
3679,10148,15.858888888888474,0.925,31
3680,10149,15.858888888888474,0.925,31
3681,10150,15.858888888888474,0.925,31
3682,10151,15.858888888888474,0.925,31
3683,10152,15.858888888888474,0.925,31
3684,10153,15.858888888888474,0.925,31
3685,10154,15.858888888888474,0.925,31
3686,10155,15.858888888888474,0.925,31
3687,10156,15.858888888888474,0.925,31
3688,10157,15.858888888888474,0.925,31
3689,10158,15.858888888888474,0.925,31
3690,10159,15.858888888888474,0.925,31
3691,10160,15.858888888888474,0.925,31
3692,10161,15.858888888888474,0.925,31
3693,10162,15.858888888888474,0.925,31
3694,10163,15.858888888888474,0.925,31
3695,10164,15.858888888888474,0.925,31
3696,10165,15.858888888888474,0.925,31
3697,10166,15.858888888888474,0.925,31
3698,10167,15.858888888888474,0.925,31
3699,10168,15.858888888888474,0.925,31
3700,10169,15.858888888888474,0.925,31
3701,10170,15.858888888888474,0.925,31
3702,10171,15.858888888888474,0.925,31
3703,10172,15.858888888888474,0.925,31
3704,10173,15.858888888888474,0.925,31
3705,10174,15.858888888888474,0.925,31
3706,10175,15.858888888888474,0.925,31
3707,10176,15.858888888888474,0.925,31
3708,10177,15.858888888888474,0.925,31
3709,10178,15.858888888888474,0.925,31
3710,10179,15.858888888888474,0.925,31
3711,10180,15.858888888888474,0.925,31
3712,10181,15.858888888888474,0.925,31
3713,10182,15.858888888888474,0.925,31
3714,10183,15.858888888888474,0.925,31
3715,10184,15.858888888888474,0.925,31
3716,10185,15.858888888888474,0.925,31
3717,10186,15.858888888888474,0.925,31
3718,10187,15.858888888888474,0.925,31
3719,10188,15.858888888888474,0.925,31
3720,10189,15.858888888888474,0.925,31
3721,10190,15.858888888888474,0.925,31
3722,10191,15.858888888888474,0.925,31
3723,10192,15.858888888888474,0.925,31
3724,10193,15.858888888888474,0.925,31
3725,10194,15.858888888888474,0.925,31
3726,10195,15.858888888888474,0.925,31
3727,10196,15.858888888888474,0.925,31
3728,10197,15.858888888888474,0.925,31
3729,10198,15.858888888888474,0.925,31
3730,10199,15.858888888888474,0.925,31
3731,10200,15.858888888888474,0.925,31
3732,10201,15.858888888888474,0.925,31
3733,10202,15.858888888888474,0.925,31
3734,10203,15.858888888888474,0.925,31
3735,10204,15.858888888888474,0.925,31
3736,10205,15.858888888888474,0.925,31
3737,10206,15.858888888888474,0.925,31
3738,10207,15.858888888888474,0.925,31
3739,10208,15.866666666666251,0.925,-1
3740,10209,15.874444444444029,0.925,-1
3741,10210,15.882222222221806,0.925,-1
3742,10211,15.889999999999583,0.925,-1
3743,10212,15.89777777777736,0.925,-1
3744,10213,15.905555555555138,0.925,-1
3745,10214,15.913333333332915,0.925,-1
3746,10215,15.921111111110692,0.925,-1
3747,10216,15.92888888888847,0.925,-1
3748,10217,15.936666666666246,0.925,-1
3749,10218,15.944444444444024,0.925,-1
3750,10219,15.9522222222218,0.925,-1
3751,10220,15.959999999999578,0.925,-1
3752,10221,15.967777777777355,0.925,-1
3753,10222,15.975555555555133,0.925,-1
3754,10223,15.98333333333291,0.925,-1
3755,10224,15.991111111110687,0.925,-1
3756,10225,15.998888888888464,0.925,-1
3757,10226,16.00666666666624,0.925,-1
3758,10227,16.01444444444402,0.925,-1
3759,10228,16.0222222222218,0.925,-1
3760,10229,16.02999999999958,0.925,-1
3761,10230,16.037777777777357,0.925,-1
3762,10231,16.045555555555136,0.925,-1
3763,10232,16.053333333332915,0.925,-1
3764,10233,16.061111111110694,0.925,-1
3765,10234,16.068888888888473,0.925,-1
3766,10235,16.076666666666252,0.925,-1
3767,10236,16.08444444444403,0.925,-1
3768,10237,16.09222222222181,0.925,-1
3769,10238,16.09999999999959,0.925,-1
3770,10239,16.10777777777737,0.925,-1
3771,10240,16.115555555555147,0.925,-1
3772,10241,16.123333333332926,0.925,-1
3773,10242,16.131111111110705,0.925,-1
3774,10243,16.138888888888484,0.925,-1
3775,10244,16.146666666666263,0.925,-1
3776,10245,16.154444444444042,0.925,-1
3777,10246,16.16222222222182,0.925,-1
3778,10247,16.1699999999996,0.925,-1
3779,10248,16.17777777777738,0.925,-1
3780,10249,16.18555555555516,0.925,-1
3781,10250,16.193333333332937,0.925,-1
3782,10251,16.201111111110716,0.925,-1
3783,10252,16.208888888888495,0.925,-1
3784,10253,16.216666666666274,0.925,-1
3785,10254,16.224444444444053,0.925,-1
3786,10255,16.232222222221832,0.925,-1
3787,10256,16.23999999999961,0.925,-1
3788,10257,16.24777777777739,0.925,-1
3789,10258,16.25555555555517,0.925,-1
3790,10259,16.263333333332948,0.925,-1
3791,10260,16.271111111110727,0.925,-1
3792,10261,16.278888888888506,0.925,-1
3793,10262,16.286666666666285,0.925,-1
3794,10263,16.294444444444064,0.925,-1
3795,10264,16.302222222221843,0.925,-1
3796,10265,16.309999999999622,0.925,-1
3797,10266,16.3177777777774,0.925,-1
3798,10267,16.32555555555518,0.925,-1
3799,10268,16.33333333333296,0.925,-1
3800,10269,16.341111111110738,0.925,-1
3801,10270,16.348888888888517,0.925,-1
3802,10271,16.356666666666296,0.925,-1
3803,10272,16.364444444444075,0.925,-1
3804,10273,16.372222222221854,0.925,-1
3805,10274,16.379999999999633,0.925,-1
3806,10275,16.387777777777412,0.925,-1
3807,10276,16.39555555555519,0.925,-1
3808,10277,16.40333333333297,0.925,-1
3809,10278,16.41111111111075,0.925,-1
3810,10279,16.418888888888528,0.925,-1
3811,10280,16.426666666666307,0.925,-1
3812,10281,16.434444444444086,0.925,-1
3813,10282,16.442222222221865,0.925,-1
3814,10283,16.449999999999644,0.925,-1
3815,10284,16.457777777777423,0.925,-1
3816,10285,16.465555555555202,0.925,-1
3817,10286,16.47333333333298,0.925,-1
3818,10287,16.48111111111076,0.925,-1
3819,10288,16.48888888888854,0.925,-1
3820,10289,16.496666666666318,0.925,-1
3821,10290,16.504444444444097,0.925,-1
3822,10291,16.512222222221876,0.925,-1
3823,10292,16.519999999999655,0.925,-1
3824,10293,16.527777777777434,0.925,-1
3825,10294,16.535555555555213,0.925,-1
3826,10295,16.543333333332992,0.925,-1
3827,10296,16.55111111111077,0.925,-1
3828,10297,16.55888888888855,0.925,-1
3829,10298,16.56666666666633,0.925,-1
3830,10299,16.574444444444108,0.925,-1
3831,10300,16.582222222221887,0.925,-1
3832,10301,16.589999999999666,0.925,-1
3833,10302,16.597777777777445,0.925,-1
3834,10303,16.597777777777445,0.825,32
3835,10304,16.597777777777445,0.825,32
3836,10305,16.597777777777445,0.825,32
3837,10306,16.597777777777445,0.825,32
3838,10307,16.597777777777445,0.825,32
3839,10308,16.597777777777445,0.825,32
3840,10309,16.597777777777445,0.825,32
3841,10310,16.597777777777445,0.825,32
3842,10311,16.597777777777445,0.825,32
3843,10312,16.597777777777445,0.825,32
3844,10313,16.597777777777445,0.825,32
3845,10314,16.597777777777445,0.825,32
3846,10315,16.597777777777445,0.825,32
3847,10316,16.597777777777445,0.825,32
3848,10317,16.597777777777445,0.825,32
3849,10318,16.597777777777445,0.825,32
3850,10319,16.597777777777445,0.825,32
3851,10320,16.597777777777445,0.825,32
3852,10321,16.597777777777445,0.825,32
3853,10322,16.597777777777445,0.825,32
3854,10323,16.597777777777445,0.825,32
3855,10324,16.597777777777445,0.825,32
3856,10325,16.597777777777445,0.825,32
3857,10326,16.597777777777445,0.825,32
3858,10327,16.597777777777445,0.825,32
3859,10328,16.597777777777445,0.825,32
3860,10329,16.597777777777445,0.825,32
3861,10330,16.597777777777445,0.825,32
3862,10331,16.597777777777445,0.825,32
3863,10332,16.597777777777445,0.825,32
3864,10333,16.597777777777445,0.825,32
3865,10334,16.597777777777445,0.825,32
3866,10335,16.597777777777445,0.825,32
3867,10336,16.597777777777445,0.825,32
3868,10337,16.597777777777445,0.825,32
3869,10338,16.597777777777445,0.825,32
3870,10339,16.597777777777445,0.825,32
3871,10340,16.597777777777445,0.825,32
3872,10341,16.597777777777445,0.825,32
3873,10342,16.597777777777445,0.825,32
3874,10343,16.597777777777445,0.825,32
3875,10344,16.597777777777445,0.825,32
3876,10345,16.597777777777445,0.825,32
3877,10346,16.597777777777445,0.825,32
3878,10347,16.597777777777445,0.825,32
3879,10348,16.597777777777445,0.825,32
3880,10349,16.597777777777445,0.825,32
3881,10350,16.597777777777445,0.825,32
3882,10351,16.597777777777445,0.825,32
3883,10352,16.597777777777445,0.825,32
3884,10353,16.597777777777445,0.825,32
3885,10354,16.597777777777445,0.825,32
3886,10355,16.597777777777445,0.825,32
3887,10356,16.597777777777445,0.825,32
3888,10357,16.597777777777445,0.825,32
3889,10358,16.597777777777445,0.825,32
3890,10359,16.597777777777445,0.825,32
3891,10360,16.597777777777445,0.825,32
3892,10361,16.597777777777445,0.825,32
3893,10362,16.597777777777445,0.825,32
3894,10363,16.597777777777445,0.825,32
3895,10364,16.597777777777445,0.825,32
3896,10365,16.597777777777445,0.825,32
3897,10366,16.597777777777445,0.825,32
3898,10367,16.597777777777445,0.825,32
3899,10368,16.597777777777445,0.825,32
3900,10369,16.597777777777445,0.825,32
3901,10370,16.597777777777445,0.825,32
3902,10371,16.597777777777445,0.825,32
3903,10372,16.597777777777445,0.825,32
3904,10373,16.597777777777445,0.825,32
3905,10374,16.597777777777445,0.825,32
3906,10375,16.597777777777445,0.825,32
3907,10376,16.597777777777445,0.825,32
3908,10377,16.597777777777445,0.825,32
3909,10378,16.597777777777445,0.825,32
3910,10379,16.597777777777445,0.825,32
3911,10380,16.597777777777445,0.825,32
3912,10381,16.597777777777445,0.825,32
3913,10382,16.597777777777445,0.825,32
3914,10383,16.597777777777445,0.825,32
3915,10384,16.597777777777445,0.825,32
3916,10385,16.597777777777445,0.825,32
3917,10386,16.597777777777445,0.825,32
3918,10387,16.597777777777445,0.825,32
3919,10388,16.597777777777445,0.825,32
3920,10389,16.597777777777445,0.825,32
3921,10390,16.597777777777445,0.825,32
3922,10391,16.597777777777445,0.825,32
3923,10392,16.597777777777445,0.825,32
3924,10393,16.597777777777445,0.825,32
3925,10394,16.605555555555224,0.825,-1
3926,10395,16.613333333333003,0.825,-1
3927,10396,16.621111111110782,0.825,-1
3928,10397,16.62888888888856,0.825,-1
3929,10398,16.63666666666634,0.825,-1
3930,10399,16.64444444444412,0.825,-1
3931,10400,16.652222222221898,0.825,-1
3932,10401,16.659999999999677,0.825,-1
3933,10402,16.667777777777456,0.825,-1
3934,10403,16.675555555555235,0.825,-1
3935,10404,16.683333333333014,0.825,-1
3936,10405,16.691111111110793,0.825,-1
3937,10406,16.698888888888572,0.825,-1
3938,10407,16.70666666666635,0.825,-1
3939,10408,16.71444444444413,0.825,-1
3940,10409,16.72222222222191,0.825,-1
3941,10410,16.729999999999688,0.825,-1
3942,10411,16.737777777777467,0.825,-1
3943,10412,16.745555555555246,0.825,-1
3944,10413,16.753333333333025,0.825,-1
3945,10414,16.761111111110804,0.825,-1
3946,10415,16.768888888888583,0.825,-1
3947,10416,16.77666666666636,0.825,-1
3948,10417,16.78444444444414,0.825,-1
3949,10418,16.79222222222192,0.825,-1
3950,10419,16.7999999999997,0.825,-1
3951,10420,16.807777777777478,0.825,-1
3952,10421,16.815555555555257,0.825,-1
3953,10422,16.823333333333036,0.825,-1
3954,10423,16.831111111110815,0.825,-1
3955,10424,16.838888888888594,0.825,-1
3956,10425,16.846666666666373,0.825,-1
3957,10426,16.85444444444415,0.825,-1
3958,10427,16.86222222222193,0.825,-1
3959,10428,16.86999999999971,0.825,-1
3960,10429,16.87777777777749,0.825,-1
3961,10430,16.885555555555268,0.825,-1
3962,10431,16.893333333333047,0.825,-1
3963,10432,16.901111111110826,0.825,-1
3964,10433,16.908888888888605,0.825,-1
3965,10434,16.916666666666384,0.825,-1
3966,10435,16.924444444444163,0.825,-1
3967,10436,16.93222222222194,0.825,-1
3968,10437,16.93999999999972,0.825,-1
3969,10438,16.9477777777775,0.825,-1
3970,10439,16.95555555555528,0.825,-1
3971,10440,16.963333333333058,0.825,-1
3972,10441,16.971111111110837,0.825,-1
3973,10442,16.971111111110837,0.75,33
3974,10443,16.971111111110837,0.75,33
3975,10444,16.971111111110837,0.75,33
3976,10445,16.971111111110837,0.75,33
3977,10446,16.971111111110837,0.75,33
3978,10447,16.971111111110837,0.75,33
3979,10448,16.971111111110837,0.75,33
3980,10449,16.971111111110837,0.75,33
3981,10450,16.971111111110837,0.75,33
3982,10451,16.971111111110837,0.75,33
3983,10452,16.971111111110837,0.75,33
3984,10453,16.971111111110837,0.75,33
3985,10454,16.971111111110837,0.75,33
3986,10455,16.971111111110837,0.75,33
3987,10456,16.971111111110837,0.75,33
3988,10457,16.971111111110837,0.75,33
3989,10458,16.971111111110837,0.75,33
3990,10459,16.971111111110837,0.75,33
3991,10460,16.971111111110837,0.75,33
3992,10461,16.971111111110837,0.75,33
3993,10462,16.971111111110837,0.75,33
3994,10463,16.971111111110837,0.75,33
3995,10464,16.971111111110837,0.75,33
3996,10465,16.971111111110837,0.75,33
3997,10466,16.971111111110837,0.75,33
3998,10467,16.971111111110837,0.75,33
3999,10468,16.971111111110837,0.75,33
4000,10469,16.971111111110837,0.75,33
4001,10470,16.971111111110837,0.75,33
4002,10471,16.971111111110837,0.75,33
4003,10472,16.971111111110837,0.75,33
4004,10473,16.971111111110837,0.75,33
4005,10474,16.971111111110837,0.75,33
4006,10475,16.971111111110837,0.75,33
4007,10476,16.971111111110837,0.75,33
4008,10477,16.971111111110837,0.75,33
4009,10478,16.971111111110837,0.75,33
4010,10479,16.978888888888616,0.75,-1
4011,10480,16.986666666666395,0.75,-1
4012,10481,16.994444444444174,0.75,-1
4013,10482,17.002222222221953,0.75,-1
4014,10483,17.00999999999973,0.75,-1
4015,10484,17.01777777777751,0.75,-1
4016,10485,17.02555555555529,0.75,-1
4017,10486,17.03333333333307,0.75,-1
4018,10487,17.041111111110848,0.75,-1
4019,10488,17.048888888888627,0.75,-1
4020,10489,17.056666666666406,0.75,-1
4021,10490,17.064444444444185,0.75,-1
4022,10491,17.072222222221964,0.75,-1
4023,10492,17.079999999999742,0.75,-1
4024,10493,17.08777777777752,0.75,-1
4025,10494,17.0955555555553,0.75,-1
4026,10495,17.10333333333308,0.75,-1
4027,10496,17.11111111111086,0.75,-1
4028,10497,17.118888888888637,0.75,-1
4029,10498,17.126666666666416,0.75,-1
4030,10499,17.134444444444195,0.75,-1
4031,10500,17.142222222221974,0.75,-1
4032,10501,17.149999999999753,0.75,-1
4033,10502,17.157777777777532,0.75,-1
4034,10503,17.16555555555531,0.75,-1
4035,10504,17.17333333333309,0.75,-1
4036,10505,17.18111111111087,0.75,-1
4037,10506,17.18888888888865,0.75,-1
4038,10507,17.196666666666427,0.75,-1
4039,10508,17.204444444444206,0.75,-1
4040,10509,17.212222222221985,0.75,-1
4041,10510,17.219999999999764,0.75,-1
4042,10511,17.227777777777543,0.75,-1
4043,10512,17.235555555555322,0.75,-1
4044,10513,17.2433333333331,0.75,-1
4045,10514,17.25111111111088,0.75,-1
4046,10515,17.25888888888866,0.75,-1
4047,10516,17.26666666666644,0.75,-1
4048,10517,17.274444444444217,0.75,-1
4049,10518,17.282222222221996,0.75,-1
4050,10519,17.289999999999775,0.75,-1
4051,10520,17.297777777777554,0.75,-1
4052,10521,17.305555555555333,0.75,-1
4053,10522,17.313333333333112,0.75,-1
4054,10523,17.32111111111089,0.75,-1
4055,10524,17.32888888888867,0.75,-1
4056,10525,17.33666666666645,0.75,-1
4057,10526,17.34444444444423,0.75,-1
4058,10527,17.352222222222007,0.75,-1
4059,10528,17.359999999999786,0.75,-1
4060,10529,17.367777777777565,0.75,-1
4061,10530,17.375555555555344,0.75,-1
4062,10531,17.383333333333123,0.75,-1
4063,10532,17.391111111110902,0.75,-1
4064,10533,17.39888888888868,0.75,-1
4065,10534,17.40666666666646,0.75,-1
4066,10535,17.41444444444424,0.75,-1
4067,10536,17.422222222222018,0.75,-1
4068,10537,17.429999999999797,0.75,-1
4069,10538,17.437777777777576,0.75,-1
4070,10539,17.445555555555355,0.75,-1
4071,10540,17.453333333333134,0.75,-1
4072,10541,17.461111111110913,0.75,-1
4073,10542,17.468888888888692,0.75,-1
4074,10543,17.47666666666647,0.75,-1
4075,10544,17.48444444444425,0.75,-1
4076,10545,17.49222222222203,0.75,-1
4077,10546,17.499999999999808,0.75,-1
4078,10547,17.507777777777587,0.75,-1
4079,10548,17.515555555555366,0.75,-1
4080,10549,17.523333333333145,0.75,-1
4081,10550,17.531111111110924,0.75,-1
4082,10551,17.538888888888703,0.75,-1
4083,10552,17.546666666666482,0.75,-1
4084,10553,17.55444444444426,0.75,-1
4085,10554,17.56222222222204,0.75,-1
4086,10555,17.56999999999982,0.75,-1
4087,10556,17.577777777777598,0.75,-1
4088,10557,17.585555555555377,0.75,-1
4089,10558,17.593333333333156,0.75,-1
4090,10559,17.601111111110935,0.75,-1
4091,10560,17.608888888888714,0.75,-1
4092,10561,17.608888888888714,0.6,34
4093,10562,17.608888888888714,0.6,34
4094,10563,17.608888888888714,0.6,34
4095,10564,17.608888888888714,0.6,34
4096,10565,17.608888888888714,0.6,34
4097,10566,17.608888888888714,0.6,34
4098,10567,17.608888888888714,0.6,34
4099,10568,17.608888888888714,0.6,34
4100,10569,17.608888888888714,0.6,34
4101,10570,17.608888888888714,0.6,34
4102,10571,17.608888888888714,0.6,34
4103,10572,17.608888888888714,0.6,34
4104,10573,17.608888888888714,0.6,34
4105,10574,17.608888888888714,0.6,34
4106,10575,17.608888888888714,0.6,34
4107,10576,17.608888888888714,0.6,34
4108,10577,17.608888888888714,0.6,34
4109,10578,17.608888888888714,0.6,34
4110,10579,17.608888888888714,0.6,34
4111,10580,17.608888888888714,0.6,34
4112,10581,17.608888888888714,0.6,34
4113,10582,17.608888888888714,0.6,34
4114,10583,17.608888888888714,0.6,34
4115,10584,17.608888888888714,0.6,34
4116,10585,17.608888888888714,0.6,34
4117,10586,17.608888888888714,0.6,34
4118,10587,17.608888888888714,0.6,34
4119,10588,17.608888888888714,0.6,34
4120,10589,17.608888888888714,0.6,34
4121,10590,17.608888888888714,0.6,34
4122,10591,17.616666666666493,0.6,-1
4123,10592,17.624444444444272,0.6,-1
4124,10593,17.63222222222205,0.6,-1
4125,10594,17.63999999999983,0.6,-1
4126,10595,17.64777777777761,0.6,-1
4127,10596,17.655555555555388,0.6,-1
4128,10597,17.663333333333167,0.6,-1
4129,10598,17.671111111110946,0.6,-1
4130,10599,17.678888888888725,0.6,-1
4131,10600,17.686666666666504,0.6,-1
4132,10601,17.694444444444283,0.6,-1
4133,10602,17.702222222222062,0.6,-1
4134,10603,17.70999999999984,0.6,-1
4135,10604,17.71777777777762,0.6,-1
4136,10605,17.7255555555554,0.6,-1
4137,10606,17.733333333333178,0.6,-1
4138,10607,17.741111111110957,0.6,-1
4139,10608,17.748888888888736,0.6,-1
4140,10609,17.756666666666515,0.6,-1
4141,10610,17.764444444444294,0.6,-1
4142,10611,17.772222222222073,0.6,-1
4143,10612,17.779999999999852,0.6,-1
4144,10613,17.78777777777763,0.6,-1
4145,10614,17.79555555555541,0.6,-1
4146,10615,17.80333333333319,0.6,-1
4147,10616,17.811111111110968,0.6,-1
4148,10617,17.818888888888747,0.6,-1
4149,10618,17.826666666666526,0.6,-1
4150,10619,17.834444444444305,0.6,-1
4151,10620,17.842222222222084,0.6,-1
4152,10621,17.849999999999863,0.6,-1
4153,10622,17.857777777777642,0.6,-1
4154,10623,17.86555555555542,0.6,-1
4155,10624,17.8733333333332,0.6,-1
4156,10625,17.88111111111098,0.6,-1
4157,10626,17.888888888888758,0.6,-1
4158,10627,17.896666666666537,0.6,-1
4159,10628,17.904444444444316,0.6,-1
4160,10629,17.912222222222095,0.6,-1
4161,10630,17.919999999999874,0.6,-1
4162,10631,17.927777777777653,0.6,-1
4163,10632,17.935555555555432,0.6,-1
4164,10633,17.94333333333321,0.6,-1
4165,10634,17.95111111111099,0.6,-1
4166,10635,17.95888888888877,0.6,-1
4167,10636,17.966666666666548,0.6,-1
4168,10637,17.974444444444327,0.6,-1
4169,10638,17.982222222222106,0.6,-1
4170,10639,17.989999999999885,0.6,-1
4171,10640,17.997777777777664,0.6,-1
4172,10641,18.005555555555443,0.6,-1
4173,10642,18.01333333333322,0.6,-1
4174,10643,18.021111111111,0.6,-1
4175,10644,18.02888888888878,0.6,-1
4176,10645,18.03666666666656,0.6,-1
4177,10646,18.044444444444338,0.6,-1
4178,10647,18.052222222222117,0.6,-1
4179,10648,18.059999999999896,0.6,-1
4180,10649,18.067777777777675,0.6,-1
4181,10650,18.075555555555454,0.6,-1
4182,10651,18.083333333333233,0.6,-1
4183,10652,18.09111111111101,0.6,-1
4184,10653,18.09888888888879,0.6,-1
4185,10654,18.10666666666657,0.6,-1
4186,10655,18.11444444444435,0.6,-1
4187,10656,18.122222222222128,0.6,-1
4188,10657,18.129999999999907,0.6,-1
4189,10658,18.137777777777686,0.6,-1
4190,10659,18.145555555555465,0.6,-1
4191,10660,18.153333333333244,0.6,-1
4192,10661,18.161111111111023,0.6,-1
4193,10662,18.1688888888888,0.6,-1
4194,10663,18.17666666666658,0.6,-1
4195,10664,18.18444444444436,0.6,-1
4196,10665,18.19222222222214,0.6,-1
4197,10666,18.199999999999918,0.6,-1
4198,10667,18.207777777777697,0.6,-1
4199,10668,18.215555555555476,0.6,-1
4200,10669,18.223333333333255,0.6,-1
4201,10670,18.231111111111034,0.6,-1
4202,10671,18.238888888888813,0.6,-1
4203,10672,18.24666666666659,0.6,-1
4204,10673,18.25444444444437,0.6,-1
4205,10674,18.26222222222215,0.6,-1
4206,10675,18.26999999999993,0.6,-1
4207,10676,18.277777777777708,0.6,-1
4208,10677,18.285555555555487,0.6,-1
4209,10678,18.293333333333266,0.6,-1
4210,10679,18.301111111111044,0.6,-1
4211,10680,18.308888888888823,0.6,-1
4212,10681,18.316666666666602,0.6,-1
4213,10682,18.32444444444438,0.6,-1
4214,10683,18.33222222222216,0.6,-1
4215,10684,18.33999999999994,0.6,-1
4216,10685,18.34777777777772,0.6,-1
4217,10686,18.355555555555497,0.6,-1
4218,10687,18.363333333333276,0.6,-1
4219,10688,18.371111111111055,0.6,-1
4220,10689,18.378888888888834,0.6,-1
4221,10690,18.386666666666613,0.6,-1
4222,10691,18.394444444444392,0.6,-1
4223,10692,18.40222222222217,0.6,-1
4224,10693,18.40999999999995,0.6,-1
4225,10694,18.41777777777773,0.6,-1
4226,10695,18.42555555555551,0.6,-1
4227,10696,18.433333333333287,0.6,-1
4228,10697,18.441111111111066,0.6,-1
4229,10698,18.448888888888845,0.6,-1
4230,10699,18.456666666666624,0.6,-1
4231,10700,18.464444444444403,0.6,-1
4232,10701,18.472222222222182,0.6,-1
4233,10702,18.47999999999996,0.6,-1
4234,10703,18.48777777777774,0.6,-1
4235,10704,18.49555555555552,0.6,-1
4236,10705,18.5033333333333,0.6,-1
4237,10706,18.511111111111077,0.6,-1
4238,10707,18.518888888888856,0.6,-1
4239,10708,18.526666666666635,0.6,-1
4240,10709,18.534444444444414,0.6,-1
4241,10710,18.542222222222193,0.6,-1
4242,10711,18.549999999999972,0.6,-1
4243,10712,18.55777777777775,0.6,-1
4244,10713,18.56555555555553,0.6,-1
4245,10714,18.57333333333331,0.6,-1
4246,10715,18.58111111111109,0.6,-1
4247,10716,18.588888888888867,0.6,-1
4248,10717,18.596666666666646,0.6,-1
4249,10718,18.604444444444425,0.6,-1
4250,10719,18.612222222222204,0.6,-1
4251,10720,18.619999999999983,0.6,-1
4252,10721,18.627777777777762,0.6,-1
4253,10722,18.63555555555554,0.6,-1
4254,10723,18.64333333333332,0.6,-1
4255,10724,18.6511111111111,0.6,-1
4256,10725,18.658888888888878,0.6,-1
4257,10726,18.666666666666657,0.6,-1
4258,10727,18.674444444444436,0.6,-1
4259,10728,18.682222222222215,0.6,-1
4260,10729,18.689999999999994,0.6,-1
4261,10730,18.697777777777773,0.6,-1
4262,10731,18.705555555555552,0.6,-1
4263,10732,18.71333333333333,0.6,-1
4264,10733,18.72111111111111,0.6,-1
4265,10734,18.72888888888889,0.6,-1
4266,10735,18.736666666666668,0.6,-1
4267,10736,18.744444444444447,0.6,-1
4268,10737,18.752222222222226,0.6,-1
4269,10738,18.760000000000005,0.6,-1
4270,10739,18.767777777777784,0.6,-1
4271,10740,18.775555555555563,0.6,-1
4272,10741,18.783333333333342,0.6,-1
4273,10742,18.79111111111112,0.6,-1
4274,10743,18.7988888888889,0.6,-1
4275,10744,18.80666666666668,0.6,-1
4276,10745,18.814444444444458,0.6,-1
4277,10746,18.822222222222237,0.6,-1
4278,10747,18.830000000000016,0.6,-1
4279,10748,18.837777777777795,0.6,-1
4280,10749,18.845555555555574,0.6,-1
4281,10750,18.853333333333353,0.6,-1
4282,10751,18.861111111111132,0.6,-1
4283,10752,18.86888888888891,0.6,-1
4284,10753,18.87666666666669,0.6,-1
4285,10754,18.88444444444447,0.6,-1
4286,10755,18.892222222222248,0.6,-1
4287,10756,18.900000000000027,0.6,-1
4288,10757,18.907777777777806,0.6,-1
4289,10758,18.915555555555585,0.6,-1
4290,10759,18.923333333333364,0.6,-1
4291,10760,18.931111111111143,0.6,-1
4292,10761,18.938888888888922,0.6,-1
4293,10762,18.9466666666667,0.6,-1
4294,10763,18.95444444444448,0.6,-1
4295,10764,18.96222222222226,0.6,-1
4296,10765,18.970000000000038,0.6,-1
4297,10766,18.977777777777817,0.6,-1
4298,10767,18.985555555555596,0.6,-1
4299,10768,18.993333333333375,0.6,-1
4300,10769,19.001111111111154,0.6,-1
4301,10770,19.008888888888933,0.6,-1
4302,10771,19.016666666666712,0.6,-1
4303,10772,19.02444444444449,0.6,-1
4304,10773,19.03222222222227,0.6,-1
4305,10774,19.04000000000005,0.6,-1
4306,10775,19.047777777777828,0.6,-1
4307,10776,19.055555555555607,0.6,-1
4308,10777,19.063333333333386,0.6,-1
4309,10778,19.071111111111165,0.6,-1
4310,10779,19.078888888888944,0.6,-1
4311,10780,19.086666666666723,0.6,-1
4312,10781,19.094444444444502,0.6,-1
4313,10782,19.10222222222228,0.6,-1
4314,10783,19.11000000000006,0.6,-1
4315,10784,19.11777777777784,0.6,-1
4316,10785,19.125555555555618,0.6,-1
4317,10786,19.133333333333397,0.6,-1
4318,10787,19.141111111111176,0.6,-1
4319,10788,19.148888888888955,0.6,-1
4320,10789,19.156666666666734,0.6,-1
4321,10790,19.164444444444513,0.6,-1
4322,10791,19.172222222222292,0.6,-1
4323,10792,19.18000000000007,0.6,-1
4324,10793,19.18777777777785,0.6,-1
4325,10794,19.19555555555563,0.6,-1
4326,10795,19.203333333333408,0.6,-1
4327,10796,19.211111111111187,0.6,-1
4328,10797,19.218888888888966,0.6,-1
4329,10798,19.226666666666745,0.6,-1
4330,10799,19.234444444444524,0.6,-1
4331,10800,19.242222222222303,0.6,-1
4332,10801,19.25000000000008,0.6,-1
4333,10802,19.25777777777786,0.6,-1
4334,10803,19.26555555555564,0.6,-1
4335,10804,19.27333333333342,0.6,-1
4336,10805,19.281111111111198,0.6,-1
4337,10806,19.288888888888977,0.6,-1
4338,10807,19.296666666666756,0.6,-1
4339,10808,19.304444444444535,0.6,-1
4340,10809,19.312222222222314,0.6,-1
4341,10810,19.320000000000093,0.6,-1
4342,10811,19.32777777777787,0.6,-1
4343,10812,19.33555555555565,0.6,-1
4344,10813,19.34333333333343,0.6,-1
4345,10814,19.35111111111121,0.6,-1
4346,10815,19.358888888888988,0.6,-1
4347,10816,19.366666666666767,0.6,-1
4348,10817,19.374444444444546,0.6,-1
4349,10818,19.382222222222325,0.6,-1
4350,10819,19.390000000000104,0.6,-1
4351,10820,19.397777777777883,0.6,-1
4352,10821,19.40555555555566,0.6,-1
4353,10822,19.41333333333344,0.6,-1
4354,10823,19.42111111111122,0.6,-1
4355,10824,19.428888888889,0.6,-1
4356,10825,19.428888888889,0.475,35
4357,10826,19.428888888889,0.475,35
4358,10827,19.428888888889,0.475,35
4359,10828,19.428888888889,0.475,35
4360,10829,19.428888888889,0.475,35
4361,10830,19.428888888889,0.475,35
4362,10831,19.428888888889,0.475,35
4363,10832,19.428888888889,0.475,35
4364,10833,19.428888888889,0.475,35
4365,10834,19.428888888889,0.475,35
4366,10835,19.428888888889,0.475,35
4367,10836,19.428888888889,0.475,35
4368,10837,19.428888888889,0.475,35
4369,10838,19.428888888889,0.475,35
4370,10839,19.428888888889,0.475,35
4371,10840,19.428888888889,0.475,35
4372,10841,19.428888888889,0.475,35
4373,10842,19.428888888889,0.475,35
4374,10843,19.428888888889,0.475,35
4375,10844,19.428888888889,0.475,35
4376,10845,19.428888888889,0.475,35
4377,10846,19.428888888889,0.475,35
4378,10847,19.428888888889,0.475,35
4379,10848,19.428888888889,0.475,35
4380,10849,19.428888888889,0.475,35
4381,10850,19.428888888889,0.475,35
4382,10851,19.428888888889,0.475,35
4383,10852,19.428888888889,0.475,35
4384,10853,19.428888888889,0.475,35
4385,10854,19.428888888889,0.475,35
4386,10855,19.428888888889,0.475,35
4387,10856,19.428888888889,0.475,35
4388,10857,19.428888888889,0.475,35
4389,10858,19.428888888889,0.475,35
4390,10859,19.428888888889,0.475,35
4391,10860,19.428888888889,0.475,35
4392,10861,19.428888888889,0.475,35
4393,10862,19.428888888889,0.475,35
4394,10863,19.428888888889,0.475,35
4395,10864,19.428888888889,0.475,35
4396,10865,19.428888888889,0.475,35
4397,10866,19.428888888889,0.475,35
4398,10867,19.428888888889,0.475,35
4399,10868,19.428888888889,0.475,35
4400,10869,19.428888888889,0.475,35
4401,10870,19.428888888889,0.475,35
4402,10871,19.428888888889,0.475,35
4403,10872,19.428888888889,0.475,35
4404,10873,19.428888888889,0.475,35
4405,10874,19.428888888889,0.475,35
4406,10875,19.428888888889,0.475,35
4407,10876,19.428888888889,0.475,35
4408,10877,19.428888888889,0.475,35
4409,10878,19.428888888889,0.475,35
4410,10879,19.428888888889,0.475,35
4411,10880,19.428888888889,0.475,35
4412,10881,19.428888888889,0.475,35
4413,10882,19.428888888889,0.475,35
4414,10883,19.428888888889,0.475,35
4415,10884,19.428888888889,0.475,35
4416,10885,19.428888888889,0.475,35
4417,10886,19.428888888889,0.475,35
4418,10887,19.428888888889,0.475,35
4419,10888,19.428888888889,0.475,35
4420,10889,19.428888888889,0.475,35
4421,10890,19.428888888889,0.475,35
4422,10891,19.428888888889,0.475,35
4423,10892,19.428888888889,0.475,35
4424,10893,19.428888888889,0.475,35
4425,10894,19.428888888889,0.475,35
4426,10895,19.428888888889,0.475,35
4427,10896,19.428888888889,0.475,35
4428,10897,19.428888888889,0.475,35
4429,10898,19.428888888889,0.475,35
4430,10899,19.428888888889,0.475,35
4431,10900,19.428888888889,0.475,35
4432,10901,19.428888888889,0.475,35
4433,10902,19.428888888889,0.475,35
4434,10903,19.428888888889,0.475,35
4435,10904,19.428888888889,0.475,35
4436,10905,19.428888888889,0.475,35
4437,10906,19.428888888889,0.475,35
4438,10907,19.428888888889,0.475,35
4439,10908,19.428888888889,0.475,35
4440,10909,19.428888888889,0.475,35
4441,10910,19.428888888889,0.475,35
4442,10911,19.428888888889,0.475,35
4443,10912,19.428888888889,0.475,35
4444,10913,19.428888888889,0.475,35
4445,10914,19.428888888889,0.475,35
4446,10915,19.428888888889,0.475,35
4447,10916,19.428888888889,0.475,35
4448,10917,19.428888888889,0.475,35
4449,10918,19.428888888889,0.475,35
4450,10919,19.428888888889,0.475,35
4451,10920,19.428888888889,0.475,35
4452,10921,19.428888888889,0.475,35
4453,10922,19.428888888889,0.475,35
4454,10923,19.428888888889,0.475,35
4455,10924,19.428888888889,0.475,35
4456,10925,19.428888888889,0.475,35
4457,10926,19.428888888889,0.475,35
4458,10927,19.428888888889,0.475,35
4459,10928,19.428888888889,0.475,35
4460,10929,19.428888888889,0.475,35
4461,10930,19.428888888889,0.475,35
4462,10931,19.428888888889,0.475,35
4463,10932,19.428888888889,0.475,35
4464,10933,19.428888888889,0.475,35
4465,10934,19.428888888889,0.475,35
4466,10935,19.436666666666778,0.475,-1
4467,10936,19.436666666666778,0.4375,36
4468,10937,19.436666666666778,0.4375,36
4469,10938,19.436666666666778,0.4375,36
4470,10939,19.436666666666778,0.4375,36
4471,10940,19.436666666666778,0.4375,36
4472,10941,19.436666666666778,0.4375,36
4473,10942,19.436666666666778,0.4375,36
4474,10943,19.436666666666778,0.4375,36
4475,10944,19.436666666666778,0.4375,36
4476,10945,19.436666666666778,0.4375,36
4477,10946,19.436666666666778,0.4375,36
4478,10947,19.436666666666778,0.4375,36
4479,10948,19.436666666666778,0.4375,36
4480,10949,19.436666666666778,0.4375,36
4481,10950,19.436666666666778,0.4375,36
4482,10951,19.436666666666778,0.4375,36
4483,10952,19.436666666666778,0.4375,36
4484,10953,19.436666666666778,0.4375,36
4485,10954,19.436666666666778,0.4375,36
4486,10955,19.436666666666778,0.4375,36
4487,10956,19.436666666666778,0.4375,36
4488,10957,19.436666666666778,0.4375,36
4489,10958,19.436666666666778,0.4375,36
4490,10959,19.436666666666778,0.4375,36
4491,10960,19.436666666666778,0.4375,36
4492,10961,19.436666666666778,0.4375,36
4493,10962,19.436666666666778,0.4375,36
4494,10963,19.436666666666778,0.4375,36
4495,10964,19.436666666666778,0.4375,36
4496,10965,19.436666666666778,0.4375,36
4497,10966,19.436666666666778,0.4375,36
4498,10967,19.436666666666778,0.4375,36
4499,10968,19.436666666666778,0.4375,36
4500,10969,19.436666666666778,0.4375,36
4501,10970,19.436666666666778,0.4375,36
4502,10971,19.436666666666778,0.4375,36
4503,10972,19.436666666666778,0.4375,36
4504,10973,19.436666666666778,0.4375,36
4505,10974,19.436666666666778,0.4375,36
4506,10975,19.436666666666778,0.4375,36
4507,10976,19.436666666666778,0.4375,36
4508,10977,19.436666666666778,0.4375,36
4509,10978,19.436666666666778,0.4375,36
4510,10979,19.436666666666778,0.4375,36
4511,10980,19.436666666666778,0.4375,36
4512,10981,19.436666666666778,0.4375,36
4513,10982,19.436666666666778,0.4375,36
4514,10983,19.436666666666778,0.4375,36
4515,10984,19.436666666666778,0.4375,36
4516,10985,19.436666666666778,0.4375,36
4517,10986,19.436666666666778,0.4375,36
4518,10987,19.436666666666778,0.4375,36
4519,10988,19.436666666666778,0.4375,36
4520,10989,19.436666666666778,0.4375,36
4521,10990,19.436666666666778,0.4375,36
4522,10991,19.436666666666778,0.4375,36
4523,10992,19.436666666666778,0.4375,36
4524,10993,19.436666666666778,0.4375,36
4525,10994,19.436666666666778,0.4375,36
4526,10995,19.436666666666778,0.4375,36
4527,10996,19.436666666666778,0.4375,36
4528,10997,19.436666666666778,0.4375,36
4529,10998,19.436666666666778,0.4375,36
4530,10999,19.436666666666778,0.4375,36
4531,11000,19.436666666666778,0.4375,36
4532,11001,19.436666666666778,0.4375,36
4533,11002,19.436666666666778,0.4375,36
4534,11003,19.436666666666778,0.4375,36
4535,11004,19.436666666666778,0.4375,36
4536,11005,19.436666666666778,0.4375,36
4537,11006,19.436666666666778,0.4375,36
4538,11007,19.436666666666778,0.4375,36
4539,11008,19.436666666666778,0.4375,36
4540,11009,19.436666666666778,0.4375,36
4541,11010,19.436666666666778,0.4375,36
4542,11011,19.436666666666778,0.4375,36
4543,11012,19.436666666666778,0.4375,36
4544,11013,19.436666666666778,0.4375,36
4545,11014,19.436666666666778,0.4375,36
4546,11015,19.436666666666778,0.4375,36
4547,11016,19.436666666666778,0.4375,36
4548,11017,19.436666666666778,0.4375,36
4549,11018,19.436666666666778,0.4375,36
4550,11019,19.436666666666778,0.4375,36
4551,11020,19.436666666666778,0.4375,36
4552,11021,19.436666666666778,0.4375,36
4553,11022,19.436666666666778,0.4375,36
4554,11023,19.436666666666778,0.4375,36
4555,11024,19.436666666666778,0.4375,36
4556,11025,19.436666666666778,0.4375,36
4557,11026,19.436666666666778,0.4375,36
4558,11027,19.436666666666778,0.4375,36
4559,11028,19.436666666666778,0.4375,36
4560,11029,19.436666666666778,0.4375,36
4561,11030,19.436666666666778,0.4375,36
4562,11031,19.436666666666778,0.4375,36
4563,11032,19.436666666666778,0.4375,36
4564,11033,19.436666666666778,0.4375,36
4565,11034,19.436666666666778,0.4375,36
4566,11035,19.436666666666778,0.4375,36
4567,11036,19.436666666666778,0.4375,36
4568,11037,19.436666666666778,0.4375,36
4569,11038,19.436666666666778,0.4375,36
4570,11039,19.436666666666778,0.4375,36
4571,11040,19.436666666666778,0.4375,36
4572,11041,19.436666666666778,0.4375,36
4573,11042,19.436666666666778,0.4375,36
4574,11043,19.436666666666778,0.4375,36
4575,11044,19.436666666666778,0.4375,36
4576,11045,19.436666666666778,0.4375,36
4577,11046,19.436666666666778,0.4375,36
4578,11047,19.436666666666778,0.4375,36
4579,11048,19.436666666666778,0.4375,36
4580,11049,19.444444444444557,0.4375,-1
4581,11050,19.452222222222336,0.4375,-1
4582,11051,19.460000000000115,0.4375,-1
4583,11052,19.467777777777894,0.4375,-1
4584,11053,19.475555555555673,0.4375,-1
4585,11054,19.48333333333345,0.4375,-1
4586,11055,19.49111111111123,0.4375,-1
4587,11056,19.49888888888901,0.4375,-1
4588,11057,19.50666666666679,0.4375,-1
4589,11058,19.514444444444567,0.4375,-1
4590,11059,19.522222222222346,0.4375,-1
4591,11060,19.530000000000125,0.4375,-1
4592,11061,19.537777777777904,0.4375,-1
4593,11062,19.545555555555683,0.4375,-1
4594,11063,19.553333333333462,0.4375,-1
4595,11064,19.56111111111124,0.4375,-1
4596,11065,19.56888888888902,0.4375,-1
4597,11066,19.5766666666668,0.4375,-1
4598,11067,19.58444444444458,0.4375,-1
4599,11068,19.592222222222357,0.4375,-1
4600,11069,19.600000000000136,0.4375,-1
4601,11070,19.607777777777915,0.4375,-1
4602,11071,19.615555555555694,0.4375,-1
4603,11072,19.623333333333473,0.4375,-1
4604,11073,19.631111111111252,0.4375,-1
4605,11074,19.63888888888903,0.4375,-1
4606,11075,19.64666666666681,0.4375,-1
4607,11076,19.65444444444459,0.4375,-1
4608,11077,19.66222222222237,0.4375,-1
4609,11078,19.670000000000147,0.4375,-1
4610,11079,19.677777777777926,0.4375,-1
4611,11080,19.685555555555705,0.4375,-1
4612,11081,19.693333333333484,0.4375,-1
4613,11082,19.701111111111263,0.4375,-1
4614,11083,19.708888888889042,0.4375,-1
4615,11084,19.71666666666682,0.4375,-1
4616,11085,19.7244444444446,0.4375,-1
4617,11086,19.73222222222238,0.4375,-1
4618,11087,19.74000000000016,0.4375,-1
4619,11088,19.747777777777937,0.4375,-1
4620,11089,19.755555555555716,0.4375,-1
4621,11090,19.763333333333495,0.4375,-1
4622,11091,19.771111111111274,0.4375,-1
4623,11092,19.778888888889053,0.4375,-1
4624,11093,19.786666666666832,0.4375,-1
4625,11094,19.786666666666832,0.35,37
4626,11095,19.786666666666832,0.35,37
4627,11096,19.786666666666832,0.35,37
4628,11097,19.786666666666832,0.35,37
4629,11098,19.786666666666832,0.35,37
4630,11099,19.786666666666832,0.35,37
4631,11100,19.786666666666832,0.35,37
4632,11101,19.786666666666832,0.35,37
4633,11102,19.786666666666832,0.35,37
4634,11103,19.786666666666832,0.35,37
4635,11104,19.786666666666832,0.35,37
4636,11105,19.786666666666832,0.35,37
4637,11106,19.786666666666832,0.35,37
4638,11107,19.79444444444461,0.35,-1
4639,11108,19.80222222222239,0.35,-1
4640,11109,19.81000000000017,0.35,-1
4641,11110,19.81777777777795,0.35,-1
4642,11111,19.825555555555727,0.35,-1
4643,11112,19.833333333333506,0.35,-1
4644,11113,19.841111111111285,0.35,-1
4645,11114,19.848888888889064,0.35,-1
4646,11115,19.856666666666843,0.35,-1
4647,11116,19.864444444444622,0.35,-1
4648,11117,19.8722222222224,0.35,-1
4649,11118,19.88000000000018,0.35,-1
4650,11119,19.88777777777796,0.35,-1
4651,11120,19.895555555555738,0.35,-1
4652,11121,19.903333333333517,0.35,-1
4653,11122,19.911111111111296,0.35,-1
4654,11123,19.918888888889075,0.35,-1
4655,11124,19.926666666666854,0.35,-1
4656,11125,19.934444444444633,0.35,-1
4657,11126,19.942222222222412,0.35,-1
4658,11127,19.95000000000019,0.35,-1
4659,11128,19.95777777777797,0.35,-1
4660,11129,19.96555555555575,0.35,-1
4661,11130,19.973333333333528,0.35,-1
4662,11131,19.981111111111307,0.35,-1
4663,11132,19.988888888889086,0.35,-1
4664,11133,19.996666666666865,0.35,-1
4665,11134,20.004444444444644,0.35,-1
4666,11135,20.012222222222423,0.35,-1
4667,11136,20.020000000000202,0.35,-1
4668,11137,20.02777777777798,0.35,-1
4669,11138,20.03555555555576,0.35,-1
4670,11139,20.04333333333354,0.35,-1
4671,11140,20.051111111111318,0.35,-1
4672,11141,20.058888888889097,0.35,-1
4673,11142,20.066666666666876,0.35,-1
4674,11143,20.074444444444655,0.35,-1
4675,11144,20.082222222222434,0.35,-1
4676,11145,20.090000000000213,0.35,-1
4677,11146,20.097777777777992,0.35,-1
4678,11147,20.10555555555577,0.35,-1
4679,11148,20.11333333333355,0.35,-1
4680,11149,20.12111111111133,0.35,-1
4681,11150,20.128888888889108,0.35,-1
4682,11151,20.136666666666887,0.35,-1
4683,11152,20.144444444444666,0.35,-1
4684,11153,20.152222222222445,0.35,-1
4685,11154,20.160000000000224,0.35,-1
4686,11155,20.167777777778003,0.35,-1
4687,11156,20.175555555555782,0.35,-1
4688,11157,20.18333333333356,0.35,-1
4689,11158,20.19111111111134,0.35,-1
4690,11159,20.19888888888912,0.35,-1
4691,11160,20.206666666666898,0.35,-1
4692,11161,20.214444444444677,0.35,-1
4693,11162,20.222222222222456,0.35,-1
4694,11163,20.230000000000235,0.35,-1
4695,11164,20.237777777778014,0.35,-1
4696,11165,20.245555555555793,0.35,-1
4697,11166,20.253333333333572,0.35,-1
4698,11167,20.26111111111135,0.35,-1
4699,11168,20.26888888888913,0.35,-1
4700,11169,20.27666666666691,0.35,-1
4701,11170,20.284444444444688,0.35,-1
4702,11171,20.292222222222467,0.35,-1
4703,11172,20.300000000000246,0.35,-1
4704,11173,20.307777777778025,0.35,-1
4705,11174,20.315555555555804,0.35,-1
4706,11175,20.323333333333583,0.35,-1
4707,11176,20.331111111111362,0.35,-1
4708,11177,20.331111111111362,0.1375,38
4709,11178,20.331111111111362,0.1375,38
4710,11179,20.331111111111362,0.1375,38
4711,11180,20.331111111111362,0.1375,38
4712,11181,20.331111111111362,0.1375,38
4713,11182,20.331111111111362,0.1375,38
4714,11183,20.331111111111362,0.1375,38
4715,11184,20.331111111111362,0.1375,38
4716,11185,20.331111111111362,0.1375,38
4717,11186,20.331111111111362,0.1375,38
4718,11187,20.331111111111362,0.1375,38
4719,11188,20.331111111111362,0.1375,38
4720,11189,20.331111111111362,0.1375,38
4721,11190,20.331111111111362,0.1375,38
4722,11191,20.331111111111362,0.1375,38
4723,11192,20.331111111111362,0.1375,38
4724,11193,20.331111111111362,0.1375,38
4725,11194,20.331111111111362,0.1375,38
4726,11195,20.331111111111362,0.1375,38
4727,11196,20.331111111111362,0.1375,38
4728,11197,20.331111111111362,0.1375,38
4729,11198,20.331111111111362,0.1375,38
4730,11199,20.331111111111362,0.1375,38
4731,11200,20.331111111111362,0.1375,38
4732,11201,20.331111111111362,0.1375,38
4733,11202,20.331111111111362,0.1375,38
4734,11203,20.331111111111362,0.1375,38
4735,11204,20.331111111111362,0.1375,38
4736,11205,20.331111111111362,0.1375,38
4737,11206,20.331111111111362,0.1375,38
4738,11207,20.331111111111362,0.1375,38
4739,11208,20.331111111111362,0.1375,38
4740,11209,20.331111111111362,0.1375,38
4741,11210,20.331111111111362,0.1375,38
4742,11211,20.331111111111362,0.1375,38
4743,11212,20.331111111111362,0.1375,38
4744,11213,20.331111111111362,0.1375,38
4745,11214,20.331111111111362,0.1375,38
4746,11215,20.331111111111362,0.1375,38
4747,11216,20.331111111111362,0.1375,38
4748,11217,20.331111111111362,0.1375,38
4749,11218,20.331111111111362,0.1375,38
4750,11219,20.331111111111362,0.1375,38
4751,11220,20.331111111111362,0.1375,38
4752,11221,20.331111111111362,0.1375,38
4753,11222,20.331111111111362,0.1375,38
4754,11223,20.331111111111362,0.1375,38
4755,11224,20.331111111111362,0.1375,38
4756,11225,20.331111111111362,0.1375,38
4757,11226,20.331111111111362,0.1375,38
4758,11227,20.331111111111362,0.1375,38
4759,11228,20.331111111111362,0.1375,38
4760,11229,20.331111111111362,0.1375,38
4761,11230,20.331111111111362,0.1375,38
4762,11231,20.331111111111362,0.1375,38
4763,11232,20.331111111111362,0.1375,38
4764,11233,20.331111111111362,0.1375,38
4765,11234,20.331111111111362,0.1375,38
4766,11235,20.331111111111362,0.1375,38
4767,11236,20.33888888888914,0.1375,-1
4768,11237,20.34666666666692,0.1375,-1
4769,11238,20.3544444444447,0.1375,-1
4770,11239,20.362222222222478,0.1375,-1
4771,11240,20.370000000000257,0.1375,-1
4772,11241,20.377777777778036,0.1375,-1
4773,11242,20.385555555555815,0.1375,-1
4774,11243,20.393333333333594,0.1375,-1
4775,11244,20.401111111111373,0.1375,-1
4776,11245,20.40888888888915,0.1375,-1
4777,11246,20.41666666666693,0.1375,-1
4778,11247,20.42444444444471,0.1375,-1
4779,11248,20.43222222222249,0.1375,-1
4780,11249,20.440000000000268,0.1375,-1
4781,11250,20.447777777778047,0.1375,-1
4782,11251,20.455555555555826,0.1375,-1
4783,11252,20.463333333333605,0.1375,-1
4784,11253,20.471111111111384,0.1375,-1
4785,11254,20.478888888889163,0.1375,-1
4786,11255,20.48666666666694,0.1375,-1
4787,11256,20.49444444444472,0.1375,-1
4788,11257,20.5022222222225,0.1375,-1
4789,11258,20.51000000000028,0.1375,-1
4790,11259,20.517777777778058,0.1375,-1
4791,11260,20.525555555555837,0.1375,-1
4792,11261,20.533333333333616,0.1375,-1
4793,11262,20.541111111111395,0.1375,-1
4794,11263,20.548888888889174,0.1375,-1
4795,11264,20.556666666666953,0.1375,-1
4796,11265,20.56444444444473,0.1375,-1
4797,11266,20.57222222222251,0.1375,-1
4798,11267,20.58000000000029,0.1375,-1
4799,11268,20.58777777777807,0.1375,-1
4800,11269,20.595555555555848,0.1375,-1
4801,11270,20.603333333333627,0.1375,-1
4802,11271,20.611111111111406,0.1375,-1
4803,11272,20.618888888889185,0.1375,-1
4804,11273,20.626666666666964,0.1375,-1
4805,11274,20.634444444444743,0.1375,-1
4806,11275,20.64222222222252,0.1375,-1
4807,11276,20.6500000000003,0.1375,-1
4808,11277,20.65777777777808,0.1375,-1
4809,11278,20.66555555555586,0.1375,-1
4810,11279,20.673333333333638,0.1375,-1
4811,11280,20.681111111111417,0.1375,-1
4812,11281,20.688888888889196,0.1375,-1
4813,11282,20.696666666666975,0.1375,-1
4814,11283,20.704444444444754,0.1375,-1
4815,11284,20.712222222222533,0.1375,-1
4816,11285,20.72000000000031,0.1375,-1
4817,11286,20.72777777777809,0.1375,-1
4818,11287,20.73555555555587,0.1375,-1
4819,11288,20.74333333333365,0.1375,-1
4820,11289,20.751111111111427,0.1375,-1
4821,11290,20.758888888889206,0.1375,-1
4822,11291,20.766666666666985,0.1375,-1
4823,11292,20.774444444444764,0.1375,-1
4824,11293,20.782222222222543,0.1375,-1
4825,11294,20.790000000000322,0.1375,-1
4826,11295,20.7977777777781,0.1375,-1
4827,11296,20.80555555555588,0.1375,-1
4828,11297,20.81333333333366,0.1375,-1
4829,11298,20.82111111111144,0.1375,-1
4830,11299,20.828888888889217,0.1375,-1
4831,11300,20.836666666666996,0.1375,-1
4832,11301,20.844444444444775,0.1375,-1
4833,11302,20.852222222222554,0.1375,-1
4834,11303,20.860000000000333,0.1375,-1
4835,11304,20.867777777778112,0.1375,-1
4836,11305,20.87555555555589,0.1375,-1
4837,11306,20.88333333333367,0.1375,-1
4838,11307,20.89111111111145,0.1375,-1
4839,11308,20.89888888888923,0.1375,-1
4840,11309,20.906666666667007,0.1375,-1
4841,11310,20.914444444444786,0.1375,-1
4842,11311,20.922222222222565,0.1375,-1
4843,11312,20.930000000000344,0.1375,-1
4844,11313,20.937777777778123,0.1375,-1
4845,11314,20.945555555555902,0.1375,-1
4846,11315,20.95333333333368,0.1375,-1
4847,11316,20.96111111111146,0.1375,-1
4848,11317,20.96888888888924,0.1375,-1
4849,11318,20.97666666666702,0.1375,-1
4850,11319,20.984444444444797,0.1375,-1
4851,11320,20.992222222222576,0.1375,-1
4852,11321,21.000000000000355,0.1375,-1
4853,11322,21.000000000000355,0.0,39
