,time,loc,op,stop
0,6844,0.0,0.0,-1
1,6845,0.007777777777777777,0.0,-1
2,6846,0.015555555555555553,0.0,-1
3,6847,0.02333333333333333,0.0,-1
4,6848,0.031111111111111107,0.0,-1
5,6849,0.03888888888888888,0.0,-1
6,6850,0.04666666666666666,0.0,-1
7,6851,0.05444444444444444,0.0,-1
8,6852,0.06222222222222222,0.0,-1
9,6853,0.06999999999999999,0.0,-1
10,6854,0.07777777777777777,0.0,-1
11,6855,0.08555555555555554,0.0,-1
12,6856,0.09333333333333331,0.0,-1
13,6857,0.10111111111111108,0.0,-1
14,6858,0.10888888888888885,0.0,-1
15,6859,0.11666666666666663,0.0,-1
16,6860,0.1244444444444444,0.0,-1
17,6861,0.13222222222222219,0.0,-1
18,6862,0.13999999999999996,0.0,-1
19,6863,0.14777777777777773,0.0,-1
20,6864,0.1555555555555555,0.0,-1
21,6865,0.16333333333333327,0.0,-1
22,6866,0.17111111111111105,0.0,-1
23,6867,0.17888888888888882,0.0,-1
24,6868,0.1866666666666666,0.0,-1
25,6869,0.19444444444444436,0.0,-1
26,6870,0.20222222222222214,0.0,-1
27,6871,0.2099999999999999,0.0,-1
28,6872,0.21777777777777768,0.0,-1
29,6873,0.22555555555555545,0.0,-1
30,6874,0.23333333333333323,0.0,-1
31,6875,0.241111111111111,0.0,-1
32,6876,0.24888888888888877,0.0,-1
33,6877,0.25666666666666654,0.0,-1
34,6878,0.2644444444444443,0.0,-1
35,6879,0.2722222222222221,0.0,-1
36,6880,0.27999999999999986,0.0,-1
37,6881,0.28777777777777763,0.0,-1
38,6882,0.2955555555555554,0.0,-1
39,6883,0.3033333333333332,0.0,-1
40,6884,0.31111111111111095,0.0,-1
41,6885,0.3188888888888887,0.0,-1
42,6886,0.3266666666666665,0.0,-1
43,6887,0.33444444444444427,0.0,-1
44,6888,0.33444444444444427,0.05,2
45,6889,0.33444444444444427,0.05,2
46,6890,0.33444444444444427,0.05,2
47,6891,0.33444444444444427,0.05,2
48,6892,0.33444444444444427,0.05,2
49,6893,0.33444444444444427,0.05,2
50,6894,0.33444444444444427,0.05,2
51,6895,0.33444444444444427,0.05,2
52,6896,0.33444444444444427,0.05,2
53,6897,0.33444444444444427,0.05,2
54,6898,0.33444444444444427,0.05,2
55,6899,0.33444444444444427,0.05,2
56,6900,0.34222222222222204,0.05,-1
57,6901,0.3499999999999998,0.05,-1
58,6902,0.3577777777777776,0.05,-1
59,6903,0.36555555555555536,0.05,-1
60,6904,0.37333333333333313,0.05,-1
61,6905,0.3811111111111109,0.05,-1
62,6906,0.3888888888888887,0.05,-1
63,6907,0.39666666666666645,0.05,-1
64,6908,0.4044444444444442,0.05,-1
65,6909,0.412222222222222,0.05,-1
66,6910,0.41999999999999976,0.05,-1
67,6911,0.42777777777777753,0.05,-1
68,6912,0.4355555555555553,0.05,-1
69,6913,0.4433333333333331,0.05,-1
70,6914,0.45111111111111085,0.05,-1
71,6915,0.4588888888888886,0.05,-1
72,6916,0.4666666666666664,0.05,-1
73,6917,0.47444444444444417,0.05,-1
74,6918,0.48222222222222194,0.05,-1
75,6919,0.4899999999999997,0.05,-1
76,6920,0.4977777777777775,0.05,-1
77,6921,0.5055555555555553,0.05,-1
78,6922,0.5133333333333331,0.05,-1
79,6923,0.5211111111111109,0.05,-1
80,6924,0.5288888888888886,0.05,-1
81,6925,0.5366666666666664,0.05,-1
82,6926,0.5444444444444442,0.05,-1
83,6927,0.552222222222222,0.05,-1
84,6928,0.5599999999999997,0.05,-1
85,6929,0.5677777777777775,0.05,-1
86,6930,0.5755555555555553,0.05,-1
87,6931,0.583333333333333,0.05,-1
88,6932,0.5911111111111108,0.05,-1
89,6933,0.5988888888888886,0.05,-1
90,6934,0.6066666666666664,0.05,-1
91,6935,0.6144444444444441,0.05,-1
92,6936,0.6222222222222219,0.05,-1
93,6937,0.6299999999999997,0.05,-1
94,6938,0.6377777777777774,0.05,-1
95,6939,0.6455555555555552,0.05,-1
96,6940,0.653333333333333,0.05,-1
97,6941,0.6611111111111108,0.05,-1
98,6942,0.6688888888888885,0.05,-1
99,6943,0.6766666666666663,0.05,-1
100,6944,0.6844444444444441,0.05,-1
101,6945,0.6922222222222219,0.05,-1
102,6946,0.6999999999999996,0.05,-1
103,6947,0.7077777777777774,0.05,-1
104,6948,0.7155555555555552,0.05,-1
105,6949,0.7233333333333329,0.05,-1
106,6950,0.7311111111111107,0.05,-1
107,6951,0.7388888888888885,0.05,-1
108,6952,0.7466666666666663,0.05,-1
109,6953,0.754444444444444,0.05,-1
110,6954,0.7622222222222218,0.05,-1
111,6955,0.7699999999999996,0.05,-1
112,6956,0.7777777777777773,0.05,-1
113,6957,0.7855555555555551,0.05,-1
114,6958,0.7933333333333329,0.05,-1
115,6959,0.8011111111111107,0.05,-1
116,6960,0.8088888888888884,0.05,-1
117,6961,0.8166666666666662,0.05,-1
118,6962,0.824444444444444,0.05,-1
119,6963,0.8322222222222218,0.05,-1
120,6964,0.8399999999999995,0.05,-1
121,6965,0.8477777777777773,0.05,-1
122,6966,0.8555555555555551,0.05,-1
123,6967,0.8633333333333328,0.05,-1
124,6968,0.8711111111111106,0.05,-1
125,6969,0.8788888888888884,0.05,-1
126,6970,0.8866666666666662,0.05,-1
127,6971,0.8944444444444439,0.05,-1
128,6972,0.9022222222222217,0.05,-1
129,6973,0.9099999999999995,0.05,-1
130,6974,0.9177777777777772,0.05,-1
131,6975,0.925555555555555,0.05,-1
132,6976,0.925555555555555,0.05,3
133,6977,0.925555555555555,0.05,3
134,6978,0.925555555555555,0.05,3
135,6979,0.9333333333333328,0.05,-1
136,6980,0.9411111111111106,0.05,-1
137,6981,0.9488888888888883,0.05,-1
138,6982,0.9566666666666661,0.05,-1
139,6983,0.9644444444444439,0.05,-1
140,6984,0.9722222222222217,0.05,-1
141,6985,0.9799999999999994,0.05,-1
142,6986,0.9877777777777772,0.05,-1
143,6987,0.995555555555555,0.05,-1
144,6988,1.0033333333333327,0.05,-1
145,6989,1.0111111111111106,0.05,-1
146,6990,1.0188888888888885,0.05,-1
147,6991,1.0266666666666664,0.05,-1
148,6992,1.0344444444444443,0.05,-1
149,6993,1.0422222222222222,0.05,-1
150,6994,1.05,0.05,-1
151,6995,1.057777777777778,0.05,-1
152,6996,1.0655555555555558,0.05,-1
153,6997,1.0733333333333337,0.05,-1
154,6998,1.0811111111111116,0.05,-1
155,6999,1.0888888888888895,0.05,-1
156,7000,1.0966666666666673,0.05,-1
157,7001,1.1044444444444452,0.05,-1
158,7002,1.1122222222222231,0.05,-1
159,7003,1.120000000000001,0.05,-1
160,7004,1.1277777777777789,0.05,-1
161,7005,1.1355555555555568,0.05,-1
162,7006,1.1433333333333346,0.05,-1
163,7007,1.1511111111111125,0.05,-1
164,7008,1.1588888888888904,0.05,-1
165,7009,1.1666666666666683,0.05,-1
166,7010,1.1744444444444462,0.05,-1
167,7011,1.182222222222224,0.05,-1
168,7012,1.190000000000002,0.05,-1
169,7013,1.1977777777777798,0.05,-1
170,7014,1.2055555555555577,0.05,-1
171,7015,1.2133333333333356,0.05,-1
172,7016,1.2211111111111135,0.05,-1
173,7017,1.2288888888888914,0.05,-1
174,7018,1.2366666666666692,0.05,-1
175,7019,1.2444444444444471,0.05,-1
176,7020,1.252222222222225,0.05,-1
177,7021,1.260000000000003,0.05,-1
178,7022,1.2677777777777808,0.05,-1
179,7023,1.2755555555555587,0.05,-1
180,7024,1.2833333333333365,0.05,-1
181,7025,1.2911111111111144,0.05,-1
182,7026,1.2988888888888923,0.05,-1
183,7027,1.3066666666666702,0.05,-1
184,7028,1.314444444444448,0.05,-1
185,7029,1.322222222222226,0.05,-1
186,7030,1.3300000000000038,0.05,-1
187,7031,1.3377777777777817,0.05,-1
188,7032,1.3455555555555596,0.05,-1
189,7033,1.3533333333333375,0.05,-1
190,7034,1.3611111111111154,0.05,-1
191,7035,1.3688888888888933,0.05,-1
192,7036,1.3766666666666711,0.05,-1
193,7037,1.384444444444449,0.05,-1
194,7038,1.392222222222227,0.05,-1
195,7039,1.4000000000000048,0.05,-1
196,7040,1.4077777777777827,0.05,-1
197,7041,1.4155555555555606,0.05,-1
198,7042,1.4233333333333384,0.05,-1
199,7043,1.4233333333333384,0.075,4
200,7044,1.4233333333333384,0.075,4
201,7045,1.4233333333333384,0.075,4
202,7046,1.4233333333333384,0.075,4
203,7047,1.4233333333333384,0.075,4
204,7048,1.4233333333333384,0.075,4
205,7049,1.4311111111111163,0.075,-1
206,7050,1.4388888888888942,0.075,-1
207,7051,1.446666666666672,0.075,-1
208,7052,1.45444444444445,0.075,-1
209,7053,1.4622222222222279,0.075,-1
210,7054,1.4700000000000057,0.075,-1
211,7055,1.4777777777777836,0.075,-1
212,7056,1.4855555555555615,0.075,-1
213,7057,1.4933333333333394,0.075,-1
214,7058,1.5011111111111173,0.075,-1
215,7059,1.5088888888888952,0.075,-1
216,7060,1.516666666666673,0.075,-1
217,7061,1.524444444444451,0.075,-1
218,7062,1.5322222222222288,0.075,-1
219,7063,1.5400000000000067,0.075,-1
220,7064,1.5477777777777846,0.075,-1
221,7065,1.5555555555555625,0.075,-1
222,7066,1.5633333333333403,0.075,-1
223,7067,1.5711111111111182,0.075,-1
224,7068,1.5788888888888961,0.075,-1
225,7069,1.586666666666674,0.075,-1
226,7070,1.5944444444444519,0.075,-1
227,7071,1.6022222222222298,0.075,-1
228,7072,1.6100000000000076,0.075,-1
229,7073,1.6177777777777855,0.075,-1
230,7074,1.6255555555555634,0.075,-1
231,7075,1.6333333333333413,0.075,-1
232,7076,1.6411111111111192,0.075,-1
233,7077,1.648888888888897,0.075,-1
234,7078,1.656666666666675,0.075,-1
235,7079,1.6644444444444528,0.075,-1
236,7080,1.6722222222222307,0.075,-1
237,7081,1.6800000000000086,0.075,-1
238,7082,1.6877777777777865,0.075,-1
239,7083,1.6955555555555644,0.075,-1
240,7084,1.7033333333333422,0.075,-1
241,7085,1.7111111111111201,0.075,-1
242,7086,1.718888888888898,0.075,-1
243,7087,1.726666666666676,0.075,-1
244,7088,1.7344444444444538,0.075,-1
245,7089,1.7422222222222317,0.075,-1
246,7090,1.7500000000000095,0.075,-1
247,7091,1.7577777777777874,0.075,-1
248,7092,1.7655555555555653,0.075,-1
249,7093,1.7733333333333432,0.075,-1
250,7094,1.781111111111121,0.075,-1
251,7095,1.788888888888899,0.075,-1
252,7096,1.7966666666666768,0.075,-1
253,7097,1.8044444444444547,0.075,-1
254,7098,1.8122222222222326,0.075,-1
255,7099,1.8200000000000105,0.075,-1
256,7100,1.8277777777777884,0.075,-1
257,7101,1.8355555555555663,0.075,-1
258,7102,1.8433333333333441,0.075,-1
259,7103,1.851111111111122,0.075,-1
260,7104,1.8588888888889,0.075,-1
261,7105,1.8666666666666778,0.075,-1
262,7106,1.8744444444444557,0.075,-1
263,7107,1.8822222222222336,0.075,-1
264,7108,1.8900000000000114,0.075,-1
265,7109,1.8977777777777893,0.075,-1
266,7110,1.9055555555555672,0.075,-1
267,7111,1.913333333333345,0.075,-1
268,7112,1.921111111111123,0.075,-1
269,7113,1.9288888888889009,0.075,-1
270,7114,1.9366666666666787,0.075,-1
271,7115,1.9444444444444566,0.075,-1
272,7116,1.9522222222222345,0.075,-1
273,7117,1.9600000000000124,0.075,-1
274,7118,1.9677777777777903,0.075,-1
275,7119,1.9755555555555682,0.075,-1
276,7120,1.983333333333346,0.075,-1
277,7121,1.991111111111124,0.075,-1
278,7122,1.9988888888889018,0.075,-1
279,7123,2.0066666666666797,0.075,-1
280,7124,2.0144444444444574,0.075,-1
281,7125,2.022222222222235,0.075,-1
282,7126,2.0300000000000127,0.075,-1
283,7127,2.0377777777777903,0.075,-1
284,7128,2.045555555555568,0.075,-1
285,7129,2.0533333333333457,0.075,-1
286,7130,2.0611111111111233,0.075,-1
287,7131,2.068888888888901,0.075,-1
288,7132,2.0766666666666787,0.075,-1
289,7133,2.0844444444444563,0.075,-1
290,7134,2.092222222222234,0.075,-1
291,7135,2.1000000000000116,0.075,-1
292,7136,2.1077777777777893,0.075,-1
293,7137,2.115555555555567,0.075,-1
294,7138,2.1233333333333446,0.075,-1
295,7139,2.1311111111111223,0.075,-1
296,7140,2.1388888888889,0.075,-1
297,7141,2.1466666666666776,0.075,-1
298,7142,2.1544444444444553,0.075,-1
299,7143,2.162222222222233,0.075,-1
300,7144,2.1700000000000106,0.075,-1
301,7145,2.1777777777777882,0.075,-1
302,7146,2.185555555555566,0.075,-1
303,7147,2.1933333333333436,0.075,-1
304,7148,2.2011111111111212,0.075,-1
305,7149,2.208888888888899,0.075,-1
306,7150,2.2166666666666766,0.075,-1
307,7151,2.224444444444454,0.075,-1
308,7152,2.232222222222232,0.075,-1
309,7153,2.2400000000000095,0.075,-1
310,7154,2.247777777777787,0.075,-1
311,7155,2.255555555555565,0.075,-1
312,7156,2.2633333333333425,0.075,-1
313,7157,2.27111111111112,0.075,-1
314,7158,2.278888888888898,0.075,-1
315,7159,2.278888888888898,0.075,5
316,7160,2.278888888888898,0.075,5
317,7161,2.278888888888898,0.075,5
318,7162,2.278888888888898,0.075,5
319,7163,2.278888888888898,0.075,5
320,7164,2.278888888888898,0.075,5
321,7165,2.278888888888898,0.075,5
322,7166,2.278888888888898,0.075,5
323,7167,2.278888888888898,0.075,5
324,7168,2.278888888888898,0.075,5
325,7169,2.278888888888898,0.075,5
326,7170,2.278888888888898,0.075,5
327,7171,2.278888888888898,0.075,5
328,7172,2.278888888888898,0.075,5
329,7173,2.278888888888898,0.075,5
330,7174,2.278888888888898,0.075,5
331,7175,2.278888888888898,0.075,5
332,7176,2.278888888888898,0.075,5
333,7177,2.278888888888898,0.075,5
334,7178,2.278888888888898,0.075,5
335,7179,2.278888888888898,0.075,5
336,7180,2.278888888888898,0.075,5
337,7181,2.278888888888898,0.075,5
338,7182,2.278888888888898,0.075,5
339,7183,2.278888888888898,0.075,5
340,7184,2.278888888888898,0.075,5
341,7185,2.278888888888898,0.075,5
342,7186,2.278888888888898,0.075,5
343,7187,2.278888888888898,0.075,5
344,7188,2.278888888888898,0.075,5
345,7189,2.278888888888898,0.075,5
346,7190,2.278888888888898,0.075,5
347,7191,2.278888888888898,0.075,5
348,7192,2.278888888888898,0.075,5
349,7193,2.278888888888898,0.075,5
350,7194,2.278888888888898,0.075,5
351,7195,2.278888888888898,0.075,5
352,7196,2.278888888888898,0.075,5
353,7197,2.278888888888898,0.075,5
354,7198,2.278888888888898,0.075,5
355,7199,2.278888888888898,0.075,5
356,7200,2.278888888888898,0.075,5
357,7201,2.278888888888898,0.075,5
358,7202,2.278888888888898,0.075,5
359,7203,2.278888888888898,0.075,5
360,7204,2.278888888888898,0.075,5
361,7205,2.278888888888898,0.075,5
362,7206,2.278888888888898,0.075,5
363,7207,2.278888888888898,0.075,5
364,7208,2.278888888888898,0.075,5
365,7209,2.278888888888898,0.075,5
366,7210,2.278888888888898,0.075,5
367,7211,2.278888888888898,0.075,5
368,7212,2.278888888888898,0.075,5
369,7213,2.278888888888898,0.075,5
370,7214,2.278888888888898,0.075,5
371,7215,2.278888888888898,0.075,5
372,7216,2.278888888888898,0.075,5
373,7217,2.278888888888898,0.075,5
374,7218,2.278888888888898,0.075,5
375,7219,2.278888888888898,0.075,5
376,7220,2.2866666666666755,0.075,-1
377,7221,2.294444444444453,0.075,-1
378,7222,2.302222222222231,0.075,-1
379,7223,2.3100000000000085,0.075,-1
380,7224,2.317777777777786,0.075,-1
381,7225,2.325555555555564,0.075,-1
382,7226,2.3333333333333415,0.075,-1
383,7227,2.341111111111119,0.075,-1
384,7228,2.348888888888897,0.075,-1
385,7229,2.3566666666666745,0.075,-1
386,7230,2.364444444444452,0.075,-1
387,7231,2.37222222222223,0.075,-1
388,7232,2.3800000000000074,0.075,-1
389,7233,2.387777777777785,0.075,-1
390,7234,2.3955555555555628,0.075,-1
391,7235,2.4033333333333404,0.075,-1
392,7236,2.411111111111118,0.075,-1
393,7237,2.4188888888888957,0.075,-1
394,7238,2.4266666666666734,0.075,-1
395,7239,2.434444444444451,0.075,-1
396,7240,2.4422222222222287,0.075,-1
397,7241,2.4500000000000064,0.075,-1
398,7242,2.457777777777784,0.075,-1
399,7243,2.4655555555555617,0.075,-1
400,7244,2.4733333333333394,0.075,-1
401,7245,2.481111111111117,0.075,-1
402,7246,2.4888888888888947,0.075,-1
403,7247,2.4966666666666724,0.075,-1
404,7248,2.50444444444445,0.075,-1
405,7249,2.5122222222222277,0.075,-1
406,7250,2.5200000000000053,0.075,-1
407,7251,2.527777777777783,0.075,-1
408,7252,2.5355555555555607,0.075,-1
409,7253,2.5433333333333383,0.075,-1
410,7254,2.551111111111116,0.075,-1
411,7255,2.5588888888888937,0.075,-1
412,7256,2.5666666666666713,0.075,-1
413,7257,2.574444444444449,0.075,-1
414,7258,2.5822222222222266,0.075,-1
415,7259,2.5900000000000043,0.075,-1
416,7260,2.597777777777782,0.075,-1
417,7261,2.6055555555555596,0.075,-1
418,7262,2.6133333333333373,0.075,-1
419,7263,2.621111111111115,0.075,-1
420,7264,2.6288888888888926,0.075,-1
421,7265,2.6366666666666703,0.075,-1
422,7266,2.644444444444448,0.075,-1
423,7267,2.6522222222222256,0.075,-1
424,7268,2.6600000000000033,0.075,-1
425,7269,2.667777777777781,0.075,-1
426,7270,2.6755555555555586,0.075,-1
427,7271,2.6833333333333362,0.075,-1
428,7272,2.691111111111114,0.075,-1
429,7273,2.6988888888888916,0.075,-1
430,7274,2.706666666666669,0.075,-1
431,7275,2.714444444444447,0.075,-1
432,7276,2.7222222222222245,0.075,-1
433,7277,2.730000000000002,0.075,-1
434,7278,2.73777777777778,0.075,-1
435,7279,2.7455555555555575,0.075,-1
436,7280,2.753333333333335,0.075,-1
437,7281,2.761111111111113,0.075,-1
438,7282,2.7688888888888905,0.075,-1
439,7283,2.776666666666668,0.075,-1
440,7284,2.784444444444446,0.075,-1
441,7285,2.7922222222222235,0.075,-1
442,7286,2.800000000000001,0.075,-1
443,7287,2.807777777777779,0.075,-1
444,7288,2.8155555555555565,0.075,-1
445,7289,2.823333333333334,0.075,-1
446,7290,2.831111111111112,0.075,-1
447,7291,2.8388888888888895,0.075,-1
448,7292,2.846666666666667,0.075,-1
449,7293,2.854444444444445,0.075,-1
450,7294,2.8622222222222224,0.075,-1
451,7295,2.87,0.075,-1
452,7296,2.8777777777777778,0.075,-1
453,7297,2.8855555555555554,0.075,-1
454,7298,2.893333333333333,0.075,-1
455,7299,2.9011111111111108,0.075,-1
456,7300,2.9088888888888884,0.075,-1
457,7301,2.916666666666666,0.075,-1
458,7302,2.9244444444444437,0.075,-1
459,7303,2.9322222222222214,0.075,-1
460,7304,2.939999999999999,0.075,-1
461,7305,2.9477777777777767,0.075,-1
462,7306,2.9555555555555544,0.075,-1
463,7307,2.963333333333332,0.075,-1
464,7308,2.9711111111111097,0.075,-1
465,7309,2.9788888888888874,0.075,-1
466,7310,2.986666666666665,0.075,-1
467,7311,2.9944444444444427,0.075,-1
468,7312,3.0022222222222203,0.075,-1
469,7313,3.009999999999998,0.075,-1
470,7314,3.0177777777777757,0.075,-1
471,7315,3.0255555555555533,0.075,-1
472,7316,3.033333333333331,0.075,-1
473,7317,3.0411111111111087,0.075,-1
474,7318,3.0488888888888863,0.075,-1
475,7319,3.056666666666664,0.075,-1
476,7320,3.0644444444444416,0.075,-1
477,7321,3.0722222222222193,0.075,-1
478,7322,3.079999999999997,0.075,-1
479,7323,3.0877777777777746,0.075,-1
480,7324,3.0955555555555523,0.075,-1
481,7325,3.10333333333333,0.075,-1
482,7326,3.1111111111111076,0.075,-1
483,7327,3.1188888888888853,0.075,-1
484,7328,3.126666666666663,0.075,-1
485,7329,3.1344444444444406,0.075,-1
486,7330,3.1344444444444406,0.0875,6
487,7331,3.1344444444444406,0.0875,6
488,7332,3.1344444444444406,0.0875,6
489,7333,3.1344444444444406,0.0875,6
490,7334,3.1344444444444406,0.0875,6
491,7335,3.1344444444444406,0.0875,6
492,7336,3.1344444444444406,0.0875,6
493,7337,3.1344444444444406,0.0875,6
494,7338,3.1344444444444406,0.0875,6
495,7339,3.1344444444444406,0.0875,6
496,7340,3.1344444444444406,0.0875,6
497,7341,3.1344444444444406,0.0875,6
498,7342,3.1344444444444406,0.0875,6
499,7343,3.1344444444444406,0.0875,6
500,7344,3.1344444444444406,0.0875,6
501,7345,3.1344444444444406,0.0875,6
502,7346,3.1344444444444406,0.0875,6
503,7347,3.1344444444444406,0.0875,6
504,7348,3.1344444444444406,0.0875,6
505,7349,3.1344444444444406,0.0875,6
506,7350,3.1344444444444406,0.0875,6
507,7351,3.1344444444444406,0.0875,6
508,7352,3.1344444444444406,0.0875,6
509,7353,3.1344444444444406,0.0875,6
510,7354,3.1344444444444406,0.0875,6
511,7355,3.1344444444444406,0.0875,6
512,7356,3.1344444444444406,0.0875,6
513,7357,3.1344444444444406,0.0875,6
514,7358,3.1344444444444406,0.0875,6
515,7359,3.1344444444444406,0.0875,6
516,7360,3.1344444444444406,0.0875,6
517,7361,3.1344444444444406,0.0875,6
518,7362,3.1344444444444406,0.0875,6
519,7363,3.1344444444444406,0.0875,6
520,7364,3.1344444444444406,0.0875,6
521,7365,3.1344444444444406,0.0875,6
522,7366,3.1344444444444406,0.0875,6
523,7367,3.1344444444444406,0.0875,6
524,7368,3.1344444444444406,0.0875,6
525,7369,3.1344444444444406,0.0875,6
526,7370,3.1344444444444406,0.0875,6
527,7371,3.1344444444444406,0.0875,6
528,7372,3.1344444444444406,0.0875,6
529,7373,3.1344444444444406,0.0875,6
530,7374,3.1344444444444406,0.0875,6
531,7375,3.1344444444444406,0.0875,6
532,7376,3.1344444444444406,0.0875,6
533,7377,3.1344444444444406,0.0875,6
534,7378,3.1344444444444406,0.0875,6
535,7379,3.1344444444444406,0.0875,6
536,7380,3.1344444444444406,0.0875,6
537,7381,3.1344444444444406,0.0875,6
538,7382,3.1344444444444406,0.0875,6
539,7383,3.1344444444444406,0.0875,6
540,7384,3.1344444444444406,0.0875,6
541,7385,3.1344444444444406,0.0875,6
542,7386,3.1344444444444406,0.0875,6
543,7387,3.1344444444444406,0.0875,6
544,7388,3.1344444444444406,0.0875,6
545,7389,3.1344444444444406,0.0875,6
546,7390,3.1344444444444406,0.0875,6
547,7391,3.1344444444444406,0.0875,6
548,7392,3.1344444444444406,0.0875,6
549,7393,3.1344444444444406,0.0875,6
550,7394,3.1344444444444406,0.0875,6
551,7395,3.1422222222222183,0.0875,-1
552,7396,3.149999999999996,0.0875,-1
553,7397,3.1577777777777736,0.0875,-1
554,7398,3.1655555555555512,0.0875,-1
555,7399,3.173333333333329,0.0875,-1
556,7400,3.1811111111111066,0.0875,-1
557,7401,3.188888888888884,0.0875,-1
558,7402,3.196666666666662,0.0875,-1
559,7403,3.2044444444444395,0.0875,-1
560,7404,3.212222222222217,0.0875,-1
561,7405,3.219999999999995,0.0875,-1
562,7406,3.2277777777777725,0.0875,-1
563,7407,3.23555555555555,0.0875,-1
564,7408,3.243333333333328,0.0875,-1
565,7409,3.2511111111111055,0.0875,-1
566,7410,3.258888888888883,0.0875,-1
567,7411,3.266666666666661,0.0875,-1
568,7412,3.2744444444444385,0.0875,-1
569,7413,3.282222222222216,0.0875,-1
570,7414,3.289999999999994,0.0875,-1
571,7415,3.2977777777777715,0.0875,-1
572,7416,3.305555555555549,0.0875,-1
573,7417,3.313333333333327,0.0875,-1
574,7418,3.3211111111111045,0.0875,-1
575,7419,3.328888888888882,0.0875,-1
576,7420,3.33666666666666,0.0875,-1
577,7421,3.3444444444444374,0.0875,-1
578,7422,3.352222222222215,0.0875,-1
579,7423,3.3599999999999928,0.0875,-1
580,7424,3.3677777777777704,0.0875,-1
581,7425,3.375555555555548,0.0875,-1
582,7426,3.3833333333333258,0.0875,-1
583,7427,3.3911111111111034,0.0875,-1
584,7428,3.398888888888881,0.0875,-1
585,7429,3.4066666666666587,0.0875,-1
586,7430,3.4144444444444364,0.0875,-1
587,7431,3.422222222222214,0.0875,-1
588,7432,3.4299999999999917,0.0875,-1
589,7433,3.4377777777777694,0.0875,-1
590,7434,3.445555555555547,0.0875,-1
591,7435,3.4533333333333247,0.0875,-1
592,7436,3.4611111111111024,0.0875,-1
593,7437,3.46888888888888,0.0875,-1
594,7438,3.4766666666666577,0.0875,-1
595,7439,3.4844444444444354,0.0875,-1
596,7440,3.492222222222213,0.0875,-1
597,7441,3.4999999999999907,0.0875,-1
598,7442,3.5077777777777683,0.0875,-1
599,7443,3.515555555555546,0.0875,-1
600,7444,3.5233333333333237,0.0875,-1
601,7445,3.5311111111111013,0.0875,-1
602,7446,3.538888888888879,0.0875,-1
603,7447,3.5466666666666566,0.0875,-1
604,7448,3.5544444444444343,0.0875,-1
605,7449,3.562222222222212,0.0875,-1
606,7450,3.5699999999999896,0.0875,-1
607,7451,3.5777777777777673,0.0875,-1
608,7452,3.585555555555545,0.0875,-1
609,7453,3.5933333333333226,0.0875,-1
610,7454,3.6011111111111003,0.0875,-1
611,7455,3.608888888888878,0.0875,-1
612,7456,3.6166666666666556,0.0875,-1
613,7457,3.6244444444444333,0.0875,-1
614,7458,3.632222222222211,0.0875,-1
615,7459,3.6399999999999886,0.0875,-1
616,7460,3.6477777777777662,0.0875,-1
617,7461,3.655555555555544,0.0875,-1
618,7462,3.6633333333333216,0.0875,-1
619,7463,3.6711111111110992,0.0875,-1
620,7464,3.678888888888877,0.0875,-1
621,7465,3.6866666666666545,0.0875,-1
622,7466,3.694444444444432,0.0875,-1
623,7467,3.70222222222221,0.0875,-1
624,7468,3.7099999999999875,0.0875,-1
625,7469,3.717777777777765,0.0875,-1
626,7470,3.725555555555543,0.0875,-1
627,7471,3.7333333333333205,0.0875,-1
628,7472,3.741111111111098,0.0875,-1
629,7473,3.748888888888876,0.0875,-1
630,7474,3.7566666666666535,0.0875,-1
631,7475,3.764444444444431,0.0875,-1
632,7476,3.772222222222209,0.0875,-1
633,7477,3.7799999999999865,0.0875,-1
634,7478,3.787777777777764,0.0875,-1
635,7479,3.795555555555542,0.0875,-1
636,7480,3.8033333333333195,0.0875,-1
637,7481,3.811111111111097,0.0875,-1
638,7482,3.818888888888875,0.0875,-1
639,7483,3.8266666666666524,0.0875,-1
640,7484,3.83444444444443,0.0875,-1
641,7485,3.8422222222222078,0.0875,-1
642,7486,3.8499999999999854,0.0875,-1
643,7487,3.857777777777763,0.0875,-1
644,7488,3.8655555555555408,0.0875,-1
645,7489,3.8733333333333184,0.0875,-1
646,7490,3.881111111111096,0.0875,-1
647,7491,3.8888888888888737,0.0875,-1
648,7492,3.8966666666666514,0.0875,-1
649,7493,3.904444444444429,0.0875,-1
650,7494,3.9122222222222067,0.0875,-1
651,7495,3.9199999999999844,0.0875,-1
652,7496,3.927777777777762,0.0875,-1
653,7497,3.9355555555555397,0.0875,-1
654,7498,3.9433333333333174,0.0875,-1
655,7499,3.951111111111095,0.0875,-1
656,7500,3.9588888888888727,0.0875,-1
657,7501,3.9666666666666504,0.0875,-1
658,7502,3.974444444444428,0.0875,-1
659,7503,3.9822222222222057,0.0875,-1
660,7504,3.9899999999999833,0.0875,-1
661,7505,3.997777777777761,0.0875,-1
662,7506,4.005555555555539,0.0875,-1
663,7507,4.013333333333317,0.0875,-1
664,7508,4.021111111111095,0.0875,-1
665,7509,4.028888888888873,0.0875,-1
666,7510,4.036666666666651,0.0875,-1
667,7511,4.036666666666651,0.125,7
668,7512,4.036666666666651,0.125,7
669,7513,4.036666666666651,0.125,7
670,7514,4.036666666666651,0.125,7
671,7515,4.036666666666651,0.125,7
672,7516,4.036666666666651,0.125,7
673,7517,4.036666666666651,0.125,7
674,7518,4.036666666666651,0.125,7
675,7519,4.036666666666651,0.125,7
676,7520,4.036666666666651,0.125,7
677,7521,4.036666666666651,0.125,7
678,7522,4.036666666666651,0.125,7
679,7523,4.036666666666651,0.125,7
680,7524,4.036666666666651,0.125,7
681,7525,4.036666666666651,0.125,7
682,7526,4.036666666666651,0.125,7
683,7527,4.036666666666651,0.125,7
684,7528,4.036666666666651,0.125,7
685,7529,4.036666666666651,0.125,7
686,7530,4.036666666666651,0.125,7
687,7531,4.036666666666651,0.125,7
688,7532,4.036666666666651,0.125,7
689,7533,4.036666666666651,0.125,7
690,7534,4.036666666666651,0.125,7
691,7535,4.036666666666651,0.125,7
692,7536,4.036666666666651,0.125,7
693,7537,4.036666666666651,0.125,7
694,7538,4.036666666666651,0.125,7
695,7539,4.036666666666651,0.125,7
696,7540,4.036666666666651,0.125,7
697,7541,4.036666666666651,0.125,7
698,7542,4.036666666666651,0.125,7
699,7543,4.036666666666651,0.125,7
700,7544,4.036666666666651,0.125,7
701,7545,4.036666666666651,0.125,7
702,7546,4.036666666666651,0.125,7
703,7547,4.036666666666651,0.125,7
704,7548,4.036666666666651,0.125,7
705,7549,4.036666666666651,0.125,7
706,7550,4.036666666666651,0.125,7
707,7551,4.036666666666651,0.125,7
708,7552,4.036666666666651,0.125,7
709,7553,4.036666666666651,0.125,7
710,7554,4.036666666666651,0.125,7
711,7555,4.036666666666651,0.125,7
712,7556,4.036666666666651,0.125,7
713,7557,4.036666666666651,0.125,7
714,7558,4.036666666666651,0.125,7
715,7559,4.036666666666651,0.125,7
716,7560,4.036666666666651,0.125,7
717,7561,4.036666666666651,0.125,7
718,7562,4.036666666666651,0.125,7
719,7563,4.036666666666651,0.125,7
720,7564,4.036666666666651,0.125,7
721,7565,4.036666666666651,0.125,7
722,7566,4.036666666666651,0.125,7
723,7567,4.036666666666651,0.125,7
724,7568,4.036666666666651,0.125,7
725,7569,4.036666666666651,0.125,7
726,7570,4.036666666666651,0.125,7
727,7571,4.036666666666651,0.125,7
728,7572,4.036666666666651,0.125,7
729,7573,4.036666666666651,0.125,7
730,7574,4.036666666666651,0.125,7
731,7575,4.036666666666651,0.125,7
732,7576,4.036666666666651,0.125,7
733,7577,4.036666666666651,0.125,7
734,7578,4.036666666666651,0.125,7
735,7579,4.036666666666651,0.125,7
736,7580,4.036666666666651,0.125,7
737,7581,4.036666666666651,0.125,7
738,7582,4.036666666666651,0.125,7
739,7583,4.036666666666651,0.125,7
740,7584,4.036666666666651,0.125,7
741,7585,4.036666666666651,0.125,7
742,7586,4.036666666666651,0.125,7
743,7587,4.036666666666651,0.125,7
744,7588,4.036666666666651,0.125,7
745,7589,4.036666666666651,0.125,7
746,7590,4.036666666666651,0.125,7
747,7591,4.036666666666651,0.125,7
748,7592,4.036666666666651,0.125,7
749,7593,4.036666666666651,0.125,7
750,7594,4.036666666666651,0.125,7
751,7595,4.036666666666651,0.125,7
752,7596,4.044444444444429,0.125,-1
753,7597,4.052222222222207,0.125,-1
754,7598,4.059999999999985,0.125,-1
755,7599,4.0677777777777635,0.125,-1
756,7600,4.075555555555542,0.125,-1
757,7601,4.08333333333332,0.125,-1
758,7602,4.091111111111098,0.125,-1
759,7603,4.098888888888876,0.125,-1
760,7604,4.106666666666654,0.125,-1
761,7605,4.114444444444432,0.125,-1
762,7606,4.12222222222221,0.125,-1
763,7607,4.129999999999988,0.125,-1
764,7608,4.1377777777777665,0.125,-1
765,7609,4.145555555555545,0.125,-1
766,7610,4.153333333333323,0.125,-1
767,7611,4.161111111111101,0.125,-1
768,7612,4.168888888888879,0.125,-1
769,7613,4.176666666666657,0.125,-1
770,7614,4.184444444444435,0.125,-1
771,7615,4.192222222222213,0.125,-1
772,7616,4.199999999999991,0.125,-1
773,7617,4.207777777777769,0.125,-1
774,7618,4.2155555555555475,0.125,-1
775,7619,4.223333333333326,0.125,-1
776,7620,4.231111111111104,0.125,-1
777,7621,4.238888888888882,0.125,-1
778,7622,4.24666666666666,0.125,-1
779,7623,4.254444444444438,0.125,-1
780,7624,4.262222222222216,0.125,-1
781,7625,4.269999999999994,0.125,-1
782,7626,4.277777777777772,0.125,-1
783,7627,4.2855555555555505,0.125,-1
784,7628,4.293333333333329,0.125,-1
785,7629,4.301111111111107,0.125,-1
786,7630,4.308888888888885,0.125,-1
787,7631,4.316666666666663,0.125,-1
788,7632,4.324444444444441,0.125,-1
789,7633,4.332222222222219,0.125,-1
790,7634,4.332222222222219,0.1625,8
791,7635,4.332222222222219,0.1625,8
792,7636,4.332222222222219,0.1625,8
793,7637,4.332222222222219,0.1625,8
794,7638,4.332222222222219,0.1625,8
795,7639,4.332222222222219,0.1625,8
796,7640,4.332222222222219,0.1625,8
797,7641,4.332222222222219,0.1625,8
798,7642,4.332222222222219,0.1625,8
799,7643,4.339999999999997,0.1625,-1
800,7644,4.347777777777775,0.1625,-1
801,7645,4.355555555555553,0.1625,-1
802,7646,4.3633333333333315,0.1625,-1
803,7647,4.37111111111111,0.1625,-1
804,7648,4.378888888888888,0.1625,-1
805,7649,4.386666666666666,0.1625,-1
806,7650,4.394444444444444,0.1625,-1
807,7651,4.402222222222222,0.1625,-1
808,7652,4.41,0.1625,-1
809,7653,4.417777777777778,0.1625,-1
810,7654,4.425555555555556,0.1625,-1
811,7655,4.4333333333333345,0.1625,-1
812,7656,4.441111111111113,0.1625,-1
813,7657,4.448888888888891,0.1625,-1
814,7658,4.456666666666669,0.1625,-1
815,7659,4.464444444444447,0.1625,-1
816,7660,4.472222222222225,0.1625,-1
817,7661,4.480000000000003,0.1625,-1
818,7662,4.487777777777781,0.1625,-1
819,7663,4.495555555555559,0.1625,-1
820,7664,4.503333333333337,0.1625,-1
821,7665,4.5111111111111155,0.1625,-1
822,7666,4.518888888888894,0.1625,-1
823,7667,4.526666666666672,0.1625,-1
824,7668,4.53444444444445,0.1625,-1
825,7669,4.542222222222228,0.1625,-1
826,7670,4.550000000000006,0.1625,-1
827,7671,4.557777777777784,0.1625,-1
828,7672,4.565555555555562,0.1625,-1
829,7673,4.57333333333334,0.1625,-1
830,7674,4.5811111111111185,0.1625,-1
831,7675,4.588888888888897,0.1625,-1
832,7676,4.596666666666675,0.1625,-1
833,7677,4.604444444444453,0.1625,-1
834,7678,4.612222222222231,0.1625,-1
835,7679,4.620000000000009,0.1625,-1
836,7680,4.627777777777787,0.1625,-1
837,7681,4.635555555555565,0.1625,-1
838,7682,4.643333333333343,0.1625,-1
839,7683,4.651111111111121,0.1625,-1
840,7684,4.6588888888888995,0.1625,-1
841,7685,4.666666666666678,0.1625,-1
842,7686,4.674444444444456,0.1625,-1
843,7687,4.682222222222234,0.1625,-1
844,7688,4.690000000000012,0.1625,-1
845,7689,4.69777777777779,0.1625,-1
846,7690,4.705555555555568,0.1625,-1
847,7691,4.713333333333346,0.1625,-1
848,7692,4.721111111111124,0.1625,-1
849,7693,4.7288888888889025,0.1625,-1
850,7694,4.736666666666681,0.1625,-1
851,7695,4.744444444444459,0.1625,-1
852,7696,4.752222222222237,0.1625,-1
853,7697,4.760000000000015,0.1625,-1
854,7698,4.767777777777793,0.1625,-1
855,7699,4.775555555555571,0.1625,-1
856,7700,4.783333333333349,0.1625,-1
857,7701,4.791111111111127,0.1625,-1
858,7702,4.798888888888905,0.1625,-1
859,7703,4.8066666666666835,0.1625,-1
860,7704,4.814444444444462,0.1625,-1
861,7705,4.82222222222224,0.1625,-1
862,7706,4.830000000000018,0.1625,-1
863,7707,4.837777777777796,0.1625,-1
864,7708,4.845555555555574,0.1625,-1
865,7709,4.853333333333352,0.1625,-1
866,7710,4.86111111111113,0.1625,-1
867,7711,4.868888888888908,0.1625,-1
868,7712,4.8766666666666865,0.1625,-1
869,7713,4.884444444444465,0.1625,-1
870,7714,4.892222222222243,0.1625,-1
871,7715,4.900000000000021,0.1625,-1
872,7716,4.907777777777799,0.1625,-1
873,7717,4.915555555555577,0.1625,-1
874,7718,4.923333333333355,0.1625,-1
875,7719,4.931111111111133,0.1625,-1
876,7720,4.931111111111133,0.15,9
877,7721,4.931111111111133,0.15,9
878,7722,4.931111111111133,0.15,9
879,7723,4.931111111111133,0.15,9
880,7724,4.931111111111133,0.15,9
881,7725,4.931111111111133,0.15,9
882,7726,4.931111111111133,0.15,9
883,7727,4.931111111111133,0.15,9
884,7728,4.931111111111133,0.15,9
885,7729,4.931111111111133,0.15,9
886,7730,4.931111111111133,0.15,9
887,7731,4.931111111111133,0.15,9
888,7732,4.931111111111133,0.15,9
889,7733,4.931111111111133,0.15,9
890,7734,4.931111111111133,0.15,9
891,7735,4.931111111111133,0.15,9
892,7736,4.931111111111133,0.15,9
893,7737,4.931111111111133,0.15,9
894,7738,4.931111111111133,0.15,9
895,7739,4.931111111111133,0.15,9
896,7740,4.931111111111133,0.15,9
897,7741,4.931111111111133,0.15,9
898,7742,4.931111111111133,0.15,9
899,7743,4.931111111111133,0.15,9
900,7744,4.931111111111133,0.15,9
901,7745,4.931111111111133,0.15,9
902,7746,4.931111111111133,0.15,9
903,7747,4.931111111111133,0.15,9
904,7748,4.931111111111133,0.15,9
905,7749,4.931111111111133,0.15,9
906,7750,4.931111111111133,0.15,9
907,7751,4.931111111111133,0.15,9
908,7752,4.931111111111133,0.15,9
909,7753,4.931111111111133,0.15,9
910,7754,4.931111111111133,0.15,9
911,7755,4.931111111111133,0.15,9
912,7756,4.931111111111133,0.15,9
913,7757,4.931111111111133,0.15,9
914,7758,4.931111111111133,0.15,9
915,7759,4.931111111111133,0.15,9
916,7760,4.931111111111133,0.15,9
917,7761,4.931111111111133,0.15,9
918,7762,4.931111111111133,0.15,9
919,7763,4.931111111111133,0.15,9
920,7764,4.931111111111133,0.15,9
921,7765,4.931111111111133,0.15,9
922,7766,4.931111111111133,0.15,9
923,7767,4.931111111111133,0.15,9
924,7768,4.931111111111133,0.15,9
925,7769,4.931111111111133,0.15,9
926,7770,4.931111111111133,0.15,9
927,7771,4.931111111111133,0.15,9
928,7772,4.931111111111133,0.15,9
929,7773,4.931111111111133,0.15,9
930,7774,4.931111111111133,0.15,9
931,7775,4.931111111111133,0.15,9
932,7776,4.931111111111133,0.15,9
933,7777,4.931111111111133,0.15,9
934,7778,4.931111111111133,0.15,9
935,7779,4.931111111111133,0.15,9
936,7780,4.931111111111133,0.15,9
937,7781,4.931111111111133,0.15,9
938,7782,4.931111111111133,0.15,9
939,7783,4.931111111111133,0.15,9
940,7784,4.931111111111133,0.15,9
941,7785,4.931111111111133,0.15,9
942,7786,4.931111111111133,0.15,9
943,7787,4.931111111111133,0.15,9
944,7788,4.931111111111133,0.15,9
945,7789,4.931111111111133,0.15,9
946,7790,4.931111111111133,0.15,9
947,7791,4.931111111111133,0.15,9
948,7792,4.931111111111133,0.15,9
949,7793,4.931111111111133,0.15,9
950,7794,4.931111111111133,0.15,9
951,7795,4.931111111111133,0.15,9
952,7796,4.931111111111133,0.15,9
953,7797,4.931111111111133,0.15,9
954,7798,4.931111111111133,0.15,9
955,7799,4.938888888888911,0.15,-1
956,7800,4.946666666666689,0.15,-1
957,7801,4.9544444444444675,0.15,-1
958,7802,4.962222222222246,0.15,-1
959,7803,4.970000000000024,0.15,-1
960,7804,4.977777777777802,0.15,-1
961,7805,4.98555555555558,0.15,-1
962,7806,4.993333333333358,0.15,-1
963,7807,5.001111111111136,0.15,-1
964,7808,5.008888888888914,0.15,-1
965,7809,5.016666666666692,0.15,-1
966,7810,5.0244444444444705,0.15,-1
967,7811,5.032222222222249,0.15,-1
968,7812,5.040000000000027,0.15,-1
969,7813,5.047777777777805,0.15,-1
970,7814,5.055555555555583,0.15,-1
971,7815,5.063333333333361,0.15,-1
972,7816,5.071111111111139,0.15,-1
973,7817,5.078888888888917,0.15,-1
974,7818,5.086666666666695,0.15,-1
975,7819,5.094444444444473,0.15,-1
976,7820,5.1022222222222515,0.15,-1
977,7821,5.11000000000003,0.15,-1
978,7822,5.117777777777808,0.15,-1
979,7823,5.125555555555586,0.15,-1
980,7824,5.133333333333364,0.15,-1
981,7825,5.141111111111142,0.15,-1
982,7826,5.14888888888892,0.15,-1
983,7827,5.156666666666698,0.15,-1
984,7828,5.164444444444476,0.15,-1
985,7829,5.1722222222222545,0.15,-1
986,7830,5.180000000000033,0.15,-1
987,7831,5.187777777777811,0.15,-1
988,7832,5.195555555555589,0.15,-1
989,7833,5.203333333333367,0.15,-1
990,7834,5.211111111111145,0.15,-1
991,7835,5.218888888888923,0.15,-1
992,7836,5.226666666666701,0.15,-1
993,7837,5.234444444444479,0.15,-1
994,7838,5.242222222222257,0.15,-1
995,7839,5.2500000000000355,0.15,-1
996,7840,5.257777777777814,0.15,-1
997,7841,5.265555555555592,0.15,-1
998,7842,5.27333333333337,0.15,-1
999,7843,5.281111111111148,0.15,-1
1000,7844,5.288888888888926,0.15,-1
1001,7845,5.296666666666704,0.15,-1
1002,7846,5.304444444444482,0.15,-1
1003,7847,5.31222222222226,0.15,-1
1004,7848,5.3200000000000385,0.15,-1
1005,7849,5.327777777777817,0.15,-1
1006,7850,5.335555555555595,0.15,-1
1007,7851,5.343333333333373,0.15,-1
1008,7852,5.351111111111151,0.15,-1
1009,7853,5.351111111111151,0.15,10
1010,7854,5.351111111111151,0.15,10
1011,7855,5.351111111111151,0.15,10
1012,7856,5.351111111111151,0.15,10
1013,7857,5.351111111111151,0.15,10
1014,7858,5.351111111111151,0.15,10
1015,7859,5.351111111111151,0.15,10
1016,7860,5.351111111111151,0.15,10
1017,7861,5.351111111111151,0.15,10
1018,7862,5.351111111111151,0.15,10
1019,7863,5.351111111111151,0.15,10
1020,7864,5.351111111111151,0.15,10
1021,7865,5.351111111111151,0.15,10
1022,7866,5.351111111111151,0.15,10
1023,7867,5.351111111111151,0.15,10
1024,7868,5.351111111111151,0.15,10
1025,7869,5.351111111111151,0.15,10
1026,7870,5.351111111111151,0.15,10
1027,7871,5.351111111111151,0.15,10
1028,7872,5.351111111111151,0.15,10
1029,7873,5.351111111111151,0.15,10
1030,7874,5.351111111111151,0.15,10
1031,7875,5.351111111111151,0.15,10
1032,7876,5.351111111111151,0.15,10
1033,7877,5.351111111111151,0.15,10
1034,7878,5.351111111111151,0.15,10
1035,7879,5.351111111111151,0.15,10
1036,7880,5.351111111111151,0.15,10
1037,7881,5.351111111111151,0.15,10
1038,7882,5.351111111111151,0.15,10
1039,7883,5.351111111111151,0.15,10
1040,7884,5.351111111111151,0.15,10
1041,7885,5.351111111111151,0.15,10
1042,7886,5.351111111111151,0.15,10
1043,7887,5.351111111111151,0.15,10
1044,7888,5.351111111111151,0.15,10
1045,7889,5.351111111111151,0.15,10
1046,7890,5.351111111111151,0.15,10
1047,7891,5.351111111111151,0.15,10
1048,7892,5.351111111111151,0.15,10
1049,7893,5.351111111111151,0.15,10
1050,7894,5.351111111111151,0.15,10
1051,7895,5.351111111111151,0.15,10
1052,7896,5.351111111111151,0.15,10
1053,7897,5.351111111111151,0.15,10
1054,7898,5.351111111111151,0.15,10
1055,7899,5.351111111111151,0.15,10
1056,7900,5.351111111111151,0.15,10
1057,7901,5.351111111111151,0.15,10
1058,7902,5.351111111111151,0.15,10
1059,7903,5.351111111111151,0.15,10
1060,7904,5.351111111111151,0.15,10
1061,7905,5.351111111111151,0.15,10
1062,7906,5.351111111111151,0.15,10
1063,7907,5.351111111111151,0.15,10
1064,7908,5.351111111111151,0.15,10
1065,7909,5.351111111111151,0.15,10
1066,7910,5.351111111111151,0.15,10
1067,7911,5.351111111111151,0.15,10
1068,7912,5.351111111111151,0.15,10
1069,7913,5.351111111111151,0.15,10
1070,7914,5.351111111111151,0.15,10
1071,7915,5.351111111111151,0.15,10
1072,7916,5.351111111111151,0.15,10
1073,7917,5.351111111111151,0.15,10
1074,7918,5.351111111111151,0.15,10
1075,7919,5.351111111111151,0.15,10
1076,7920,5.351111111111151,0.15,10
1077,7921,5.351111111111151,0.15,10
1078,7922,5.351111111111151,0.15,10
1079,7923,5.351111111111151,0.15,10
1080,7924,5.351111111111151,0.15,10
1081,7925,5.351111111111151,0.15,10
1082,7926,5.351111111111151,0.15,10
1083,7927,5.351111111111151,0.15,10
1084,7928,5.351111111111151,0.15,10
1085,7929,5.351111111111151,0.15,10
1086,7930,5.351111111111151,0.15,10
1087,7931,5.351111111111151,0.15,10
1088,7932,5.351111111111151,0.15,10
1089,7933,5.351111111111151,0.15,10
1090,7934,5.351111111111151,0.15,10
1091,7935,5.351111111111151,0.15,10
1092,7936,5.351111111111151,0.15,10
1093,7937,5.351111111111151,0.15,10
1094,7938,5.351111111111151,0.15,10
1095,7939,5.351111111111151,0.15,10
1096,7940,5.351111111111151,0.15,10
1097,7941,5.351111111111151,0.15,10
1098,7942,5.351111111111151,0.15,10
1099,7943,5.351111111111151,0.15,10
1100,7944,5.351111111111151,0.15,10
1101,7945,5.351111111111151,0.15,10
1102,7946,5.351111111111151,0.15,10
1103,7947,5.351111111111151,0.15,10
1104,7948,5.358888888888929,0.15,-1
1105,7949,5.366666666666707,0.15,-1
1106,7950,5.374444444444485,0.15,-1
1107,7951,5.382222222222263,0.15,-1
1108,7952,5.390000000000041,0.15,-1
1109,7953,5.3977777777778195,0.15,-1
1110,7954,5.405555555555598,0.15,-1
1111,7955,5.413333333333376,0.15,-1
1112,7956,5.421111111111154,0.15,-1
1113,7957,5.428888888888932,0.15,-1
1114,7958,5.43666666666671,0.15,-1
1115,7959,5.444444444444488,0.15,-1
1116,7960,5.452222222222266,0.15,-1
1117,7961,5.460000000000044,0.15,-1
1118,7962,5.4677777777778225,0.15,-1
1119,7963,5.475555555555601,0.15,-1
1120,7964,5.483333333333379,0.15,-1
1121,7965,5.491111111111157,0.15,-1
1122,7966,5.498888888888935,0.15,-1
1123,7967,5.506666666666713,0.15,-1
1124,7968,5.514444444444491,0.15,-1
1125,7969,5.522222222222269,0.15,-1
1126,7970,5.530000000000047,0.15,-1
1127,7971,5.537777777777825,0.15,-1
1128,7972,5.5455555555556035,0.15,-1
1129,7973,5.553333333333382,0.15,-1
1130,7974,5.56111111111116,0.15,-1
1131,7975,5.568888888888938,0.15,-1
1132,7976,5.576666666666716,0.15,-1
1133,7977,5.584444444444494,0.15,-1
1134,7978,5.592222222222272,0.15,-1
1135,7979,5.60000000000005,0.15,-1
1136,7980,5.607777777777828,0.15,-1
1137,7981,5.6155555555556065,0.15,-1
1138,7982,5.623333333333385,0.15,-1
1139,7983,5.631111111111163,0.15,-1
1140,7984,5.638888888888941,0.15,-1
1141,7985,5.646666666666719,0.15,-1
1142,7986,5.654444444444497,0.15,-1
1143,7987,5.662222222222275,0.15,-1
1144,7988,5.670000000000053,0.15,-1
1145,7989,5.677777777777831,0.15,-1
1146,7990,5.685555555555609,0.15,-1
1147,7991,5.6933333333333875,0.15,-1
1148,7992,5.701111111111166,0.15,-1
1149,7993,5.708888888888944,0.15,-1
1150,7994,5.716666666666722,0.15,-1
1151,7995,5.7244444444445,0.15,-1
1152,7996,5.732222222222278,0.15,-1
1153,7997,5.740000000000056,0.15,-1
1154,7998,5.747777777777834,0.15,-1
1155,7999,5.755555555555612,0.15,-1
1156,8000,5.7633333333333905,0.15,-1
1157,8001,5.771111111111169,0.15,-1
1158,8002,5.778888888888947,0.15,-1
1159,8003,5.786666666666725,0.15,-1
1160,8004,5.794444444444503,0.15,-1
1161,8005,5.802222222222281,0.15,-1
1162,8006,5.810000000000059,0.15,-1
1163,8007,5.817777777777837,0.15,-1
1164,8008,5.825555555555615,0.15,-1
1165,8009,5.833333333333393,0.15,-1
1166,8010,5.8411111111111715,0.15,-1
1167,8011,5.84888888888895,0.15,-1
1168,8012,5.856666666666728,0.15,-1
1169,8013,5.864444444444506,0.15,-1
1170,8014,5.872222222222284,0.15,-1
1171,8015,5.880000000000062,0.15,-1
1172,8016,5.88777777777784,0.15,-1
1173,8017,5.895555555555618,0.15,-1
1174,8018,5.903333333333396,0.15,-1
1175,8019,5.9111111111111745,0.15,-1
1176,8020,5.918888888888953,0.15,-1
1177,8021,5.926666666666731,0.15,-1
1178,8022,5.934444444444509,0.15,-1
1179,8023,5.942222222222287,0.15,-1
1180,8024,5.950000000000065,0.15,-1
1181,8025,5.957777777777843,0.15,-1
1182,8026,5.965555555555621,0.15,-1
1183,8027,5.973333333333399,0.15,-1
1184,8028,5.981111111111177,0.15,-1
1185,8029,5.9888888888889555,0.15,-1
1186,8030,5.996666666666734,0.15,-1
1187,8031,6.004444444444512,0.15,-1
1188,8032,6.01222222222229,0.15,-1
1189,8033,6.020000000000068,0.15,-1
1190,8034,6.027777777777846,0.15,-1
1191,8035,6.035555555555624,0.15,-1
1192,8036,6.043333333333402,0.15,-1
1193,8037,6.05111111111118,0.15,-1
1194,8038,6.0588888888889585,0.15,-1
1195,8039,6.066666666666737,0.15,-1
1196,8040,6.074444444444515,0.15,-1
1197,8041,6.082222222222293,0.15,-1
1198,8042,6.090000000000071,0.15,-1
1199,8043,6.097777777777849,0.15,-1
1200,8044,6.105555555555627,0.15,-1
1201,8045,6.113333333333405,0.15,-1
1202,8046,6.121111111111183,0.15,-1
1203,8047,6.128888888888961,0.15,-1
1204,8048,6.1366666666667395,0.15,-1
1205,8049,6.144444444444518,0.15,-1
1206,8050,6.152222222222296,0.15,-1
1207,8051,6.160000000000074,0.15,-1
1208,8052,6.167777777777852,0.15,-1
1209,8053,6.17555555555563,0.15,-1
1210,8054,6.183333333333408,0.15,-1
1211,8055,6.191111111111186,0.15,-1
1212,8056,6.198888888888964,0.15,-1
1213,8057,6.2066666666667425,0.15,-1
1214,8058,6.214444444444521,0.15,-1
1215,8059,6.222222222222299,0.15,-1
1216,8060,6.230000000000077,0.15,-1
1217,8061,6.237777777777855,0.15,-1
1218,8062,6.245555555555633,0.15,-1
1219,8063,6.253333333333411,0.15,-1
1220,8064,6.261111111111189,0.15,-1
1221,8065,6.268888888888967,0.15,-1
1222,8066,6.276666666666745,0.15,-1
1223,8067,6.2844444444445235,0.15,-1
1224,8068,6.292222222222302,0.15,-1
1225,8069,6.30000000000008,0.15,-1
1226,8070,6.307777777777858,0.15,-1
1227,8071,6.315555555555636,0.15,-1
1228,8072,6.323333333333414,0.15,-1
1229,8073,6.331111111111192,0.15,-1
1230,8074,6.33888888888897,0.15,-1
1231,8075,6.346666666666748,0.15,-1
1232,8076,6.3544444444445265,0.15,-1
1233,8077,6.362222222222305,0.15,-1
1234,8078,6.370000000000083,0.15,-1
1235,8079,6.377777777777861,0.15,-1
1236,8080,6.385555555555639,0.15,-1
1237,8081,6.393333333333417,0.15,-1
1238,8082,6.401111111111195,0.15,-1
1239,8083,6.408888888888973,0.15,-1
1240,8084,6.416666666666751,0.15,-1
1241,8085,6.4244444444445294,0.15,-1
1242,8086,6.4322222222223076,0.15,-1
1243,8087,6.440000000000086,0.15,-1
1244,8088,6.447777777777864,0.15,-1
1245,8089,6.455555555555642,0.15,-1
1246,8090,6.46333333333342,0.15,-1
1247,8091,6.471111111111198,0.15,-1
1248,8092,6.478888888888976,0.15,-1
1249,8093,6.486666666666754,0.15,-1
1250,8094,6.494444444444532,0.15,-1
1251,8095,6.494444444444532,0.175,11
1252,8096,6.494444444444532,0.175,11
1253,8097,6.494444444444532,0.175,11
1254,8098,6.494444444444532,0.175,11
1255,8099,6.494444444444532,0.175,11
1256,8100,6.494444444444532,0.175,11
1257,8101,6.494444444444532,0.175,11
1258,8102,6.494444444444532,0.175,11
1259,8103,6.494444444444532,0.175,11
1260,8104,6.494444444444532,0.175,11
1261,8105,6.494444444444532,0.175,11
1262,8106,6.494444444444532,0.175,11
1263,8107,6.494444444444532,0.175,11
1264,8108,6.494444444444532,0.175,11
1265,8109,6.494444444444532,0.175,11
1266,8110,6.494444444444532,0.175,11
1267,8111,6.494444444444532,0.175,11
1268,8112,6.494444444444532,0.175,11
1269,8113,6.494444444444532,0.175,11
1270,8114,6.494444444444532,0.175,11
1271,8115,6.494444444444532,0.175,11
1272,8116,6.494444444444532,0.175,11
1273,8117,6.494444444444532,0.175,11
1274,8118,6.494444444444532,0.175,11
1275,8119,6.494444444444532,0.175,11
1276,8120,6.494444444444532,0.175,11
1277,8121,6.494444444444532,0.175,11
1278,8122,6.494444444444532,0.175,11
1279,8123,6.494444444444532,0.175,11
1280,8124,6.494444444444532,0.175,11
1281,8125,6.494444444444532,0.175,11
1282,8126,6.494444444444532,0.175,11
1283,8127,6.494444444444532,0.175,11
1284,8128,6.494444444444532,0.175,11
1285,8129,6.494444444444532,0.175,11
1286,8130,6.494444444444532,0.175,11
1287,8131,6.494444444444532,0.175,11
1288,8132,6.494444444444532,0.175,11
1289,8133,6.494444444444532,0.175,11
1290,8134,6.494444444444532,0.175,11
1291,8135,6.494444444444532,0.175,11
1292,8136,6.494444444444532,0.175,11
1293,8137,6.494444444444532,0.175,11
1294,8138,6.494444444444532,0.175,11
1295,8139,6.494444444444532,0.175,11
1296,8140,6.494444444444532,0.175,11
1297,8141,6.494444444444532,0.175,11
1298,8142,6.494444444444532,0.175,11
1299,8143,6.494444444444532,0.175,11
1300,8144,6.494444444444532,0.175,11
1301,8145,6.494444444444532,0.175,11
1302,8146,6.494444444444532,0.175,11
1303,8147,6.494444444444532,0.175,11
1304,8148,6.494444444444532,0.175,11
1305,8149,6.494444444444532,0.175,11
1306,8150,6.494444444444532,0.175,11
1307,8151,6.494444444444532,0.175,11
1308,8152,6.494444444444532,0.175,11
1309,8153,6.5022222222223105,0.175,-1
1310,8154,6.510000000000089,0.175,-1
1311,8155,6.517777777777867,0.175,-1
1312,8156,6.525555555555645,0.175,-1
1313,8157,6.533333333333423,0.175,-1
1314,8158,6.541111111111201,0.175,-1
1315,8159,6.548888888888979,0.175,-1
1316,8160,6.556666666666757,0.175,-1
1317,8161,6.564444444444535,0.175,-1
1318,8162,6.5722222222223134,0.175,-1
1319,8163,6.5800000000000916,0.175,-1
1320,8164,6.58777777777787,0.175,-1
1321,8165,6.595555555555648,0.175,-1
1322,8166,6.603333333333426,0.175,-1
1323,8167,6.611111111111204,0.175,-1
1324,8168,6.618888888888982,0.175,-1
1325,8169,6.62666666666676,0.175,-1
1326,8170,6.634444444444538,0.175,-1
1327,8171,6.642222222222316,0.175,-1
1328,8172,6.6500000000000945,0.175,-1
1329,8173,6.657777777777873,0.175,-1
1330,8174,6.665555555555651,0.175,-1
1331,8175,6.673333333333429,0.175,-1
1332,8176,6.681111111111207,0.175,-1
1333,8177,6.688888888888985,0.175,-1
1334,8178,6.696666666666763,0.175,-1
1335,8179,6.704444444444541,0.175,-1
1336,8180,6.712222222222319,0.175,-1
1337,8181,6.7200000000000975,0.175,-1
1338,8182,6.727777777777876,0.175,-1
1339,8183,6.735555555555654,0.175,-1
1340,8184,6.743333333333432,0.175,-1
1341,8185,6.75111111111121,0.175,-1
1342,8186,6.758888888888988,0.175,-1
1343,8187,6.766666666666766,0.175,-1
1344,8188,6.774444444444544,0.175,-1
1345,8189,6.782222222222322,0.175,-1
1346,8190,6.7900000000001,0.175,-1
1347,8191,6.7977777777778785,0.175,-1
1348,8192,6.805555555555657,0.175,-1
1349,8193,6.813333333333435,0.175,-1
1350,8194,6.821111111111213,0.175,-1
1351,8195,6.828888888888991,0.175,-1
1352,8196,6.836666666666769,0.175,-1
1353,8197,6.844444444444547,0.175,-1
1354,8198,6.852222222222325,0.175,-1
1355,8199,6.860000000000103,0.175,-1
1356,8200,6.8677777777778815,0.175,-1
1357,8201,6.87555555555566,0.175,-1
1358,8202,6.883333333333438,0.175,-1
1359,8203,6.891111111111216,0.175,-1
1360,8204,6.898888888888994,0.175,-1
1361,8205,6.906666666666772,0.175,-1
1362,8206,6.91444444444455,0.175,-1
1363,8207,6.922222222222328,0.175,-1
1364,8208,6.930000000000106,0.175,-1
1365,8209,6.930000000000106,0.1875,12
1366,8210,6.930000000000106,0.1875,12
1367,8211,6.930000000000106,0.1875,12
1368,8212,6.930000000000106,0.1875,12
1369,8213,6.930000000000106,0.1875,12
1370,8214,6.930000000000106,0.1875,12
1371,8215,6.930000000000106,0.1875,12
1372,8216,6.930000000000106,0.1875,12
1373,8217,6.930000000000106,0.1875,12
1374,8218,6.930000000000106,0.1875,12
1375,8219,6.930000000000106,0.1875,12
1376,8220,6.930000000000106,0.1875,12
1377,8221,6.930000000000106,0.1875,12
1378,8222,6.930000000000106,0.1875,12
1379,8223,6.930000000000106,0.1875,12
1380,8224,6.930000000000106,0.1875,12
1381,8225,6.930000000000106,0.1875,12
1382,8226,6.930000000000106,0.1875,12
1383,8227,6.930000000000106,0.1875,12
1384,8228,6.930000000000106,0.1875,12
1385,8229,6.930000000000106,0.1875,12
1386,8230,6.930000000000106,0.1875,12
1387,8231,6.930000000000106,0.1875,12
1388,8232,6.930000000000106,0.1875,12
1389,8233,6.930000000000106,0.1875,12
1390,8234,6.930000000000106,0.1875,12
1391,8235,6.930000000000106,0.1875,12
1392,8236,6.930000000000106,0.1875,12
1393,8237,6.930000000000106,0.1875,12
1394,8238,6.930000000000106,0.1875,12
1395,8239,6.930000000000106,0.1875,12
1396,8240,6.930000000000106,0.1875,12
1397,8241,6.930000000000106,0.1875,12
1398,8242,6.930000000000106,0.1875,12
1399,8243,6.930000000000106,0.1875,12
1400,8244,6.930000000000106,0.1875,12
1401,8245,6.930000000000106,0.1875,12
1402,8246,6.930000000000106,0.1875,12
1403,8247,6.930000000000106,0.1875,12
1404,8248,6.930000000000106,0.1875,12
1405,8249,6.930000000000106,0.1875,12
1406,8250,6.930000000000106,0.1875,12
1407,8251,6.930000000000106,0.1875,12
1408,8252,6.930000000000106,0.1875,12
1409,8253,6.930000000000106,0.1875,12
1410,8254,6.930000000000106,0.1875,12
1411,8255,6.930000000000106,0.1875,12
1412,8256,6.930000000000106,0.1875,12
1413,8257,6.930000000000106,0.1875,12
1414,8258,6.930000000000106,0.1875,12
1415,8259,6.930000000000106,0.1875,12
1416,8260,6.930000000000106,0.1875,12
1417,8261,6.930000000000106,0.1875,12
1418,8262,6.930000000000106,0.1875,12
1419,8263,6.930000000000106,0.1875,12
1420,8264,6.930000000000106,0.1875,12
1421,8265,6.930000000000106,0.1875,12
1422,8266,6.930000000000106,0.1875,12
1423,8267,6.930000000000106,0.1875,12
1424,8268,6.930000000000106,0.1875,12
1425,8269,6.930000000000106,0.1875,12
1426,8270,6.930000000000106,0.1875,12
1427,8271,6.930000000000106,0.1875,12
1428,8272,6.930000000000106,0.1875,12
1429,8273,6.930000000000106,0.1875,12
1430,8274,6.930000000000106,0.1875,12
1431,8275,6.930000000000106,0.1875,12
1432,8276,6.930000000000106,0.1875,12
1433,8277,6.930000000000106,0.1875,12
1434,8278,6.930000000000106,0.1875,12
1435,8279,6.930000000000106,0.1875,12
1436,8280,6.930000000000106,0.1875,12
1437,8281,6.930000000000106,0.1875,12
1438,8282,6.930000000000106,0.1875,12
1439,8283,6.930000000000106,0.1875,12
1440,8284,6.930000000000106,0.1875,12
1441,8285,6.930000000000106,0.1875,12
1442,8286,6.930000000000106,0.1875,12
1443,8287,6.930000000000106,0.1875,12
1444,8288,6.930000000000106,0.1875,12
1445,8289,6.930000000000106,0.1875,12
1446,8290,6.930000000000106,0.1875,12
1447,8291,6.930000000000106,0.1875,12
1448,8292,6.930000000000106,0.1875,12
1449,8293,6.930000000000106,0.1875,12
1450,8294,6.930000000000106,0.1875,12
1451,8295,6.930000000000106,0.1875,12
1452,8296,6.930000000000106,0.1875,12
1453,8297,6.930000000000106,0.1875,12
1454,8298,6.930000000000106,0.1875,12
1455,8299,6.937777777777884,0.1875,-1
1456,8300,6.9455555555556625,0.1875,-1
1457,8301,6.953333333333441,0.1875,-1
1458,8302,6.961111111111219,0.1875,-1
1459,8303,6.968888888888997,0.1875,-1
1460,8304,6.976666666666775,0.1875,-1
1461,8305,6.984444444444553,0.1875,-1
1462,8306,6.992222222222331,0.1875,-1
1463,8307,7.000000000000109,0.1875,-1
1464,8308,7.007777777777887,0.1875,-1
1465,8309,7.0155555555556655,0.1875,-1
1466,8310,7.023333333333444,0.1875,-1
1467,8311,7.031111111111222,0.1875,-1
1468,8312,7.038888888889,0.1875,-1
1469,8313,7.046666666666778,0.1875,-1
1470,8314,7.054444444444556,0.1875,-1
1471,8315,7.062222222222334,0.1875,-1
1472,8316,7.070000000000112,0.1875,-1
1473,8317,7.07777777777789,0.1875,-1
1474,8318,7.085555555555668,0.1875,-1
1475,8319,7.0933333333334465,0.1875,-1
1476,8320,7.101111111111225,0.1875,-1
1477,8321,7.108888888889003,0.1875,-1
1478,8322,7.116666666666781,0.1875,-1
1479,8323,7.124444444444559,0.1875,-1
1480,8324,7.132222222222337,0.1875,-1
1481,8325,7.140000000000115,0.1875,-1
1482,8326,7.147777777777893,0.1875,-1
1483,8327,7.155555555555671,0.1875,-1
1484,8328,7.1633333333334495,0.1875,-1
1485,8329,7.171111111111228,0.1875,-1
1486,8330,7.178888888889006,0.1875,-1
1487,8331,7.186666666666784,0.1875,-1
1488,8332,7.194444444444562,0.1875,-1
1489,8333,7.20222222222234,0.1875,-1
1490,8334,7.210000000000118,0.1875,-1
1491,8335,7.217777777777896,0.1875,-1
1492,8336,7.225555555555674,0.1875,-1
1493,8337,7.233333333333452,0.1875,-1
1494,8338,7.2411111111112305,0.1875,-1
1495,8339,7.248888888889009,0.1875,-1
1496,8340,7.256666666666787,0.1875,-1
1497,8341,7.264444444444565,0.1875,-1
1498,8342,7.272222222222343,0.1875,-1
1499,8343,7.280000000000121,0.1875,-1
1500,8344,7.287777777777899,0.1875,-1
1501,8345,7.295555555555677,0.1875,-1
1502,8346,7.295555555555677,0.2,13
1503,8347,7.295555555555677,0.2,13
1504,8348,7.295555555555677,0.2,13
1505,8349,7.295555555555677,0.2,13
1506,8350,7.295555555555677,0.2,13
1507,8351,7.295555555555677,0.2,13
1508,8352,7.295555555555677,0.2,13
1509,8353,7.295555555555677,0.2,13
1510,8354,7.295555555555677,0.2,13
1511,8355,7.295555555555677,0.2,13
1512,8356,7.295555555555677,0.2,13
1513,8357,7.295555555555677,0.2,13
1514,8358,7.295555555555677,0.2,13
1515,8359,7.295555555555677,0.2,13
1516,8360,7.295555555555677,0.2,13
1517,8361,7.295555555555677,0.2,13
1518,8362,7.295555555555677,0.2,13
1519,8363,7.295555555555677,0.2,13
1520,8364,7.295555555555677,0.2,13
1521,8365,7.295555555555677,0.2,13
1522,8366,7.295555555555677,0.2,13
1523,8367,7.295555555555677,0.2,13
1524,8368,7.295555555555677,0.2,13
1525,8369,7.295555555555677,0.2,13
1526,8370,7.295555555555677,0.2,13
1527,8371,7.295555555555677,0.2,13
1528,8372,7.295555555555677,0.2,13
1529,8373,7.295555555555677,0.2,13
1530,8374,7.295555555555677,0.2,13
1531,8375,7.295555555555677,0.2,13
1532,8376,7.295555555555677,0.2,13
1533,8377,7.295555555555677,0.2,13
1534,8378,7.295555555555677,0.2,13
1535,8379,7.295555555555677,0.2,13
1536,8380,7.295555555555677,0.2,13
1537,8381,7.295555555555677,0.2,13
1538,8382,7.295555555555677,0.2,13
1539,8383,7.295555555555677,0.2,13
1540,8384,7.295555555555677,0.2,13
1541,8385,7.295555555555677,0.2,13
1542,8386,7.295555555555677,0.2,13
1543,8387,7.295555555555677,0.2,13
1544,8388,7.295555555555677,0.2,13
1545,8389,7.303333333333455,0.2,-1
1546,8390,7.3111111111112335,0.2,-1
1547,8391,7.318888888889012,0.2,-1
1548,8392,7.32666666666679,0.2,-1
1549,8393,7.334444444444568,0.2,-1
1550,8394,7.342222222222346,0.2,-1
1551,8395,7.350000000000124,0.2,-1
1552,8396,7.357777777777902,0.2,-1
1553,8397,7.36555555555568,0.2,-1
1554,8398,7.373333333333458,0.2,-1
1555,8399,7.381111111111236,0.2,-1
1556,8400,7.3888888888890145,0.2,-1
1557,8401,7.396666666666793,0.2,-1
1558,8402,7.404444444444571,0.2,-1
1559,8403,7.412222222222349,0.2,-1
1560,8404,7.420000000000127,0.2,-1
1561,8405,7.427777777777905,0.2,-1
1562,8406,7.435555555555683,0.2,-1
1563,8407,7.443333333333461,0.2,-1
1564,8408,7.451111111111239,0.2,-1
1565,8409,7.4588888888890175,0.2,-1
1566,8410,7.466666666666796,0.2,-1
1567,8411,7.474444444444574,0.2,-1
1568,8412,7.482222222222352,0.2,-1
1569,8413,7.49000000000013,0.2,-1
1570,8414,7.497777777777908,0.2,-1
1571,8415,7.505555555555686,0.2,-1
1572,8416,7.513333333333464,0.2,-1
1573,8417,7.521111111111242,0.2,-1
1574,8418,7.52888888888902,0.2,-1
1575,8419,7.5366666666667985,0.2,-1
1576,8420,7.544444444444577,0.2,-1
1577,8421,7.552222222222355,0.2,-1
1578,8422,7.560000000000133,0.2,-1
1579,8423,7.567777777777911,0.2,-1
1580,8424,7.575555555555689,0.2,-1
1581,8425,7.583333333333467,0.2,-1
1582,8426,7.591111111111245,0.2,-1
1583,8427,7.598888888889023,0.2,-1
1584,8428,7.6066666666668015,0.2,-1
1585,8429,7.61444444444458,0.2,-1
1586,8430,7.622222222222358,0.2,-1
1587,8431,7.630000000000136,0.2,-1
1588,8432,7.637777777777914,0.2,-1
1589,8433,7.645555555555692,0.2,-1
1590,8434,7.65333333333347,0.2,-1
1591,8435,7.661111111111248,0.2,-1
1592,8436,7.668888888889026,0.2,-1
1593,8437,7.676666666666804,0.2,-1
1594,8438,7.6844444444445825,0.2,-1
1595,8439,7.692222222222361,0.2,-1
1596,8440,7.700000000000139,0.2,-1
1597,8441,7.707777777777917,0.2,-1
1598,8442,7.715555555555695,0.2,-1
1599,8443,7.723333333333473,0.2,-1
1600,8444,7.731111111111251,0.2,-1
1601,8445,7.738888888889029,0.2,-1
1602,8446,7.746666666666807,0.2,-1
1603,8447,7.7544444444445855,0.2,-1
1604,8448,7.762222222222364,0.2,-1
1605,8449,7.770000000000142,0.2,-1
1606,8450,7.77777777777792,0.2,-1
1607,8451,7.785555555555698,0.2,-1
1608,8452,7.793333333333476,0.2,-1
1609,8453,7.801111111111254,0.2,-1
1610,8454,7.808888888889032,0.2,-1
1611,8455,7.81666666666681,0.2,-1
1612,8456,7.824444444444588,0.2,-1
1613,8457,7.8322222222223665,0.2,-1
1614,8458,7.840000000000145,0.2,-1
1615,8459,7.847777777777923,0.2,-1
1616,8460,7.855555555555701,0.2,-1
1617,8461,7.863333333333479,0.2,-1
1618,8462,7.871111111111257,0.2,-1
1619,8463,7.878888888889035,0.2,-1
1620,8464,7.886666666666813,0.2,-1
1621,8465,7.894444444444591,0.2,-1
1622,8466,7.894444444444591,0.2625,14
1623,8467,7.894444444444591,0.2625,14
1624,8468,7.894444444444591,0.2625,14
1625,8469,7.894444444444591,0.2625,14
1626,8470,7.894444444444591,0.2625,14
1627,8471,7.894444444444591,0.2625,14
1628,8472,7.894444444444591,0.2625,14
1629,8473,7.894444444444591,0.2625,14
1630,8474,7.894444444444591,0.2625,14
1631,8475,7.894444444444591,0.2625,14
1632,8476,7.894444444444591,0.2625,14
1633,8477,7.894444444444591,0.2625,14
1634,8478,7.894444444444591,0.2625,14
1635,8479,7.894444444444591,0.2625,14
1636,8480,7.894444444444591,0.2625,14
1637,8481,7.894444444444591,0.2625,14
1638,8482,7.894444444444591,0.2625,14
1639,8483,7.894444444444591,0.2625,14
1640,8484,7.894444444444591,0.2625,14
1641,8485,7.894444444444591,0.2625,14
1642,8486,7.894444444444591,0.2625,14
1643,8487,7.894444444444591,0.2625,14
1644,8488,7.894444444444591,0.2625,14
1645,8489,7.894444444444591,0.2625,14
1646,8490,7.894444444444591,0.2625,14
1647,8491,7.894444444444591,0.2625,14
1648,8492,7.894444444444591,0.2625,14
1649,8493,7.894444444444591,0.2625,14
1650,8494,7.894444444444591,0.2625,14
1651,8495,7.894444444444591,0.2625,14
1652,8496,7.894444444444591,0.2625,14
1653,8497,7.894444444444591,0.2625,14
1654,8498,7.894444444444591,0.2625,14
1655,8499,7.894444444444591,0.2625,14
1656,8500,7.894444444444591,0.2625,14
1657,8501,7.894444444444591,0.2625,14
1658,8502,7.894444444444591,0.2625,14
1659,8503,7.894444444444591,0.2625,14
1660,8504,7.894444444444591,0.2625,14
1661,8505,7.894444444444591,0.2625,14
1662,8506,7.894444444444591,0.2625,14
1663,8507,7.894444444444591,0.2625,14
1664,8508,7.894444444444591,0.2625,14
1665,8509,7.894444444444591,0.2625,14
1666,8510,7.894444444444591,0.2625,14
1667,8511,7.894444444444591,0.2625,14
1668,8512,7.894444444444591,0.2625,14
1669,8513,7.894444444444591,0.2625,14
1670,8514,7.894444444444591,0.2625,14
1671,8515,7.894444444444591,0.2625,14
1672,8516,7.894444444444591,0.2625,14
1673,8517,7.894444444444591,0.2625,14
1674,8518,7.894444444444591,0.2625,14
1675,8519,7.894444444444591,0.2625,14
1676,8520,7.894444444444591,0.2625,14
1677,8521,7.894444444444591,0.2625,14
1678,8522,7.894444444444591,0.2625,14
1679,8523,7.894444444444591,0.2625,14
1680,8524,7.894444444444591,0.2625,14
1681,8525,7.894444444444591,0.2625,14
1682,8526,7.894444444444591,0.2625,14
1683,8527,7.894444444444591,0.2625,14
1684,8528,7.894444444444591,0.2625,14
1685,8529,7.894444444444591,0.2625,14
1686,8530,7.894444444444591,0.2625,14
1687,8531,7.894444444444591,0.2625,14
1688,8532,7.894444444444591,0.2625,14
1689,8533,7.894444444444591,0.2625,14
1690,8534,7.894444444444591,0.2625,14
1691,8535,7.894444444444591,0.2625,14
1692,8536,7.894444444444591,0.2625,14
1693,8537,7.894444444444591,0.2625,14
1694,8538,7.894444444444591,0.2625,14
1695,8539,7.894444444444591,0.2625,14
1696,8540,7.894444444444591,0.2625,14
1697,8541,7.894444444444591,0.2625,14
1698,8542,7.894444444444591,0.2625,14
1699,8543,7.894444444444591,0.2625,14
1700,8544,7.894444444444591,0.2625,14
1701,8545,7.894444444444591,0.2625,14
1702,8546,7.894444444444591,0.2625,14
1703,8547,7.894444444444591,0.2625,14
1704,8548,7.9022222222223695,0.2625,-1
1705,8549,7.910000000000148,0.2625,-1
1706,8550,7.917777777777926,0.2625,-1
1707,8551,7.925555555555704,0.2625,-1
1708,8552,7.933333333333482,0.2625,-1
1709,8553,7.94111111111126,0.2625,-1
1710,8554,7.948888888889038,0.2625,-1
1711,8555,7.956666666666816,0.2625,-1
1712,8556,7.964444444444594,0.2625,-1
1713,8557,7.972222222222372,0.2625,-1
1714,8558,7.9800000000001505,0.2625,-1
1715,8559,7.987777777777929,0.2625,-1
1716,8560,7.995555555555707,0.2625,-1
1717,8561,8.003333333333485,0.2625,-1
1718,8562,8.011111111111262,0.2625,-1
1719,8563,8.01888888888904,0.2625,-1
1720,8564,8.026666666666816,0.2625,-1
1721,8565,8.034444444444594,0.2625,-1
1722,8566,8.042222222222371,0.2625,-1
1723,8567,8.050000000000148,0.2625,-1
1724,8568,8.057777777777925,0.2625,-1
1725,8569,8.065555555555703,0.2625,-1
1726,8570,8.07333333333348,0.2625,-1
1727,8571,8.081111111111257,0.2625,-1
1728,8572,8.088888888889034,0.2625,-1
1729,8573,8.096666666666811,0.2625,-1
1730,8574,8.104444444444589,0.2625,-1
1731,8575,8.112222222222366,0.2625,-1
1732,8576,8.120000000000143,0.2625,-1
1733,8577,8.12777777777792,0.2625,-1
1734,8578,8.135555555555698,0.2625,-1
1735,8579,8.143333333333475,0.2625,-1
1736,8580,8.151111111111252,0.2625,-1
1737,8581,8.15888888888903,0.2625,-1
1738,8582,8.166666666666806,0.2625,-1
1739,8583,8.174444444444584,0.2625,-1
1740,8584,8.18222222222236,0.2625,-1
1741,8585,8.190000000000138,0.2625,-1
1742,8586,8.197777777777915,0.2625,-1
1743,8587,8.205555555555692,0.2625,-1
1744,8588,8.21333333333347,0.2625,-1
1745,8589,8.221111111111247,0.2625,-1
1746,8590,8.228888888889024,0.2625,-1
1747,8591,8.236666666666801,0.2625,-1
1748,8592,8.244444444444579,0.2625,-1
1749,8593,8.252222222222356,0.2625,-1
1750,8594,8.260000000000133,0.2625,-1
1751,8595,8.26777777777791,0.2625,-1
1752,8596,8.26777777777791,0.45,15
1753,8597,8.26777777777791,0.45,15
1754,8598,8.26777777777791,0.45,15
1755,8599,8.26777777777791,0.45,15
1756,8600,8.26777777777791,0.45,15
1757,8601,8.26777777777791,0.45,15
1758,8602,8.26777777777791,0.45,15
1759,8603,8.26777777777791,0.45,15
1760,8604,8.26777777777791,0.45,15
1761,8605,8.26777777777791,0.45,15
1762,8606,8.26777777777791,0.45,15
1763,8607,8.26777777777791,0.45,15
1764,8608,8.26777777777791,0.45,15
1765,8609,8.26777777777791,0.45,15
1766,8610,8.26777777777791,0.45,15
1767,8611,8.26777777777791,0.45,15
1768,8612,8.26777777777791,0.45,15
1769,8613,8.26777777777791,0.45,15
1770,8614,8.26777777777791,0.45,15
1771,8615,8.26777777777791,0.45,15
1772,8616,8.26777777777791,0.45,15
1773,8617,8.26777777777791,0.45,15
1774,8618,8.26777777777791,0.45,15
1775,8619,8.26777777777791,0.45,15
1776,8620,8.26777777777791,0.45,15
1777,8621,8.26777777777791,0.45,15
1778,8622,8.26777777777791,0.45,15
1779,8623,8.26777777777791,0.45,15
1780,8624,8.26777777777791,0.45,15
1781,8625,8.26777777777791,0.45,15
1782,8626,8.26777777777791,0.45,15
1783,8627,8.26777777777791,0.45,15
1784,8628,8.26777777777791,0.45,15
1785,8629,8.26777777777791,0.45,15
1786,8630,8.26777777777791,0.45,15
1787,8631,8.26777777777791,0.45,15
1788,8632,8.26777777777791,0.45,15
1789,8633,8.26777777777791,0.45,15
1790,8634,8.26777777777791,0.45,15
1791,8635,8.26777777777791,0.45,15
1792,8636,8.26777777777791,0.45,15
1793,8637,8.26777777777791,0.45,15
1794,8638,8.26777777777791,0.45,15
1795,8639,8.26777777777791,0.45,15
1796,8640,8.26777777777791,0.45,15
1797,8641,8.275555555555687,0.45,-1
1798,8642,8.283333333333465,0.45,-1
1799,8643,8.291111111111242,0.45,-1
1800,8644,8.298888888889019,0.45,-1
1801,8645,8.306666666666796,0.45,-1
1802,8646,8.314444444444574,0.45,-1
1803,8647,8.32222222222235,0.45,-1
1804,8648,8.330000000000128,0.45,-1
1805,8649,8.337777777777905,0.45,-1
1806,8650,8.345555555555682,0.45,-1
1807,8651,8.35333333333346,0.45,-1
1808,8652,8.361111111111237,0.45,-1
1809,8653,8.368888888889014,0.45,-1
1810,8654,8.376666666666791,0.45,-1
1811,8655,8.384444444444568,0.45,-1
1812,8656,8.392222222222346,0.45,-1
1813,8657,8.400000000000123,0.45,-1
1814,8658,8.4077777777779,0.45,-1
1815,8659,8.415555555555677,0.45,-1
1816,8660,8.423333333333455,0.45,-1
1817,8661,8.431111111111232,0.45,-1
1818,8662,8.438888888889009,0.45,-1
1819,8663,8.446666666666786,0.45,-1
1820,8664,8.454444444444563,0.45,-1
1821,8665,8.46222222222234,0.45,-1
1822,8666,8.470000000000118,0.45,-1
1823,8667,8.477777777777895,0.45,-1
1824,8668,8.485555555555672,0.45,-1
1825,8669,8.49333333333345,0.45,-1
1826,8670,8.501111111111227,0.45,-1
1827,8671,8.508888888889004,0.45,-1
1828,8672,8.516666666666781,0.45,-1
1829,8673,8.524444444444558,0.45,-1
1830,8674,8.532222222222336,0.45,-1
1831,8675,8.540000000000113,0.45,-1
1832,8676,8.54777777777789,0.45,-1
1833,8677,8.555555555555667,0.45,-1
1834,8678,8.563333333333444,0.45,-1
1835,8679,8.571111111111222,0.45,-1
1836,8680,8.578888888888999,0.45,-1
1837,8681,8.586666666666776,0.45,-1
1838,8682,8.594444444444553,0.45,-1
1839,8683,8.60222222222233,0.45,-1
1840,8684,8.610000000000108,0.45,-1
1841,8685,8.617777777777885,0.45,-1
1842,8686,8.625555555555662,0.45,-1
1843,8687,8.63333333333344,0.45,-1
1844,8688,8.641111111111217,0.45,-1
1845,8689,8.648888888888994,0.45,-1
1846,8690,8.656666666666771,0.45,-1
1847,8691,8.664444444444548,0.45,-1
1848,8692,8.672222222222326,0.45,-1
1849,8693,8.680000000000103,0.45,-1
1850,8694,8.68777777777788,0.45,-1
1851,8695,8.695555555555657,0.45,-1
1852,8696,8.703333333333434,0.45,-1
1853,8697,8.711111111111212,0.45,-1
1854,8698,8.718888888888989,0.45,-1
1855,8699,8.726666666666766,0.45,-1
1856,8700,8.734444444444543,0.45,-1
1857,8701,8.74222222222232,0.45,-1
1858,8702,8.750000000000098,0.45,-1
1859,8703,8.757777777777875,0.45,-1
1860,8704,8.765555555555652,0.45,-1
1861,8705,8.77333333333343,0.45,-1
1862,8706,8.781111111111207,0.45,-1
1863,8707,8.788888888888984,0.45,-1
1864,8708,8.796666666666761,0.45,-1
1865,8709,8.804444444444538,0.45,-1
1866,8710,8.812222222222315,0.45,-1
1867,8711,8.820000000000093,0.45,-1
1868,8712,8.82777777777787,0.45,-1
1869,8713,8.835555555555647,0.45,-1
1870,8714,8.843333333333424,0.45,-1
1871,8715,8.851111111111202,0.45,-1
1872,8716,8.858888888888979,0.45,-1
1873,8717,8.866666666666756,0.45,-1
1874,8718,8.874444444444533,0.45,-1
1875,8719,8.88222222222231,0.45,-1
1876,8720,8.88222222222231,0.525,16
1877,8721,8.88222222222231,0.525,16
1878,8722,8.88222222222231,0.525,16
1879,8723,8.88222222222231,0.525,16
1880,8724,8.88222222222231,0.525,16
1881,8725,8.88222222222231,0.525,16
1882,8726,8.88222222222231,0.525,16
1883,8727,8.88222222222231,0.525,16
1884,8728,8.88222222222231,0.525,16
1885,8729,8.88222222222231,0.525,16
1886,8730,8.88222222222231,0.525,16
1887,8731,8.88222222222231,0.525,16
1888,8732,8.88222222222231,0.525,16
1889,8733,8.88222222222231,0.525,16
1890,8734,8.88222222222231,0.525,16
1891,8735,8.88222222222231,0.525,16
1892,8736,8.88222222222231,0.525,16
1893,8737,8.88222222222231,0.525,16
1894,8738,8.88222222222231,0.525,16
1895,8739,8.88222222222231,0.525,16
1896,8740,8.88222222222231,0.525,16
1897,8741,8.890000000000088,0.525,-1
1898,8742,8.897777777777865,0.525,-1
1899,8743,8.905555555555642,0.525,-1
1900,8744,8.91333333333342,0.525,-1
1901,8745,8.921111111111196,0.525,-1
1902,8746,8.928888888888974,0.525,-1
1903,8747,8.936666666666751,0.525,-1
1904,8748,8.944444444444528,0.525,-1
1905,8749,8.952222222222305,0.525,-1
1906,8750,8.960000000000083,0.525,-1
1907,8751,8.96777777777786,0.525,-1
1908,8752,8.975555555555637,0.525,-1
1909,8753,8.983333333333414,0.525,-1
1910,8754,8.991111111111191,0.525,-1
1911,8755,8.998888888888969,0.525,-1
1912,8756,9.006666666666746,0.525,-1
1913,8757,9.014444444444523,0.525,-1
1914,8758,9.0222222222223,0.525,-1
1915,8759,9.030000000000078,0.525,-1
1916,8760,9.037777777777855,0.525,-1
1917,8761,9.045555555555632,0.525,-1
1918,8762,9.05333333333341,0.525,-1
1919,8763,9.061111111111186,0.525,-1
1920,8764,9.068888888888964,0.525,-1
1921,8765,9.07666666666674,0.525,-1
1922,8766,9.084444444444518,0.525,-1
1923,8767,9.092222222222295,0.525,-1
1924,8768,9.100000000000072,0.525,-1
1925,8769,9.10777777777785,0.525,-1
1926,8770,9.115555555555627,0.525,-1
1927,8771,9.123333333333404,0.525,-1
1928,8772,9.131111111111181,0.525,-1
1929,8773,9.138888888888959,0.525,-1
1930,8774,9.146666666666736,0.525,-1
1931,8775,9.154444444444513,0.525,-1
1932,8776,9.16222222222229,0.525,-1
1933,8777,9.170000000000067,0.525,-1
1934,8778,9.177777777777845,0.525,-1
1935,8779,9.185555555555622,0.525,-1
1936,8780,9.193333333333399,0.525,-1
1937,8781,9.201111111111176,0.525,-1
1938,8782,9.208888888888954,0.525,-1
1939,8783,9.21666666666673,0.525,-1
1940,8784,9.224444444444508,0.525,-1
1941,8785,9.232222222222285,0.525,-1
1942,8786,9.240000000000062,0.525,-1
1943,8787,9.24777777777784,0.525,-1
1944,8788,9.255555555555617,0.525,-1
1945,8789,9.263333333333394,0.525,-1
1946,8790,9.271111111111171,0.525,-1
1947,8791,9.278888888888948,0.525,-1
1948,8792,9.286666666666726,0.525,-1
1949,8793,9.294444444444503,0.525,-1
1950,8794,9.30222222222228,0.525,-1
1951,8795,9.310000000000057,0.525,-1
1952,8796,9.317777777777835,0.525,-1
1953,8797,9.325555555555612,0.525,-1
1954,8798,9.333333333333389,0.525,-1
1955,8799,9.341111111111166,0.525,-1
1956,8800,9.348888888888943,0.525,-1
1957,8801,9.35666666666672,0.525,-1
1958,8802,9.35666666666672,0.65,17
1959,8803,9.35666666666672,0.65,17
1960,8804,9.35666666666672,0.65,17
1961,8805,9.35666666666672,0.65,17
1962,8806,9.35666666666672,0.65,17
1963,8807,9.35666666666672,0.65,17
1964,8808,9.35666666666672,0.65,17
1965,8809,9.35666666666672,0.65,17
1966,8810,9.35666666666672,0.65,17
1967,8811,9.35666666666672,0.65,17
1968,8812,9.35666666666672,0.65,17
1969,8813,9.35666666666672,0.65,17
1970,8814,9.35666666666672,0.65,17
1971,8815,9.35666666666672,0.65,17
1972,8816,9.35666666666672,0.65,17
1973,8817,9.35666666666672,0.65,17
1974,8818,9.35666666666672,0.65,17
1975,8819,9.35666666666672,0.65,17
1976,8820,9.35666666666672,0.65,17
1977,8821,9.35666666666672,0.65,17
1978,8822,9.35666666666672,0.65,17
1979,8823,9.35666666666672,0.65,17
1980,8824,9.35666666666672,0.65,17
1981,8825,9.35666666666672,0.65,17
1982,8826,9.35666666666672,0.65,17
1983,8827,9.35666666666672,0.65,17
1984,8828,9.35666666666672,0.65,17
1985,8829,9.35666666666672,0.65,17
1986,8830,9.35666666666672,0.65,17
1987,8831,9.35666666666672,0.65,17
1988,8832,9.35666666666672,0.65,17
1989,8833,9.35666666666672,0.65,17
1990,8834,9.35666666666672,0.65,17
1991,8835,9.35666666666672,0.65,17
1992,8836,9.35666666666672,0.65,17
1993,8837,9.35666666666672,0.65,17
1994,8838,9.35666666666672,0.65,17
1995,8839,9.35666666666672,0.65,17
1996,8840,9.35666666666672,0.65,17
1997,8841,9.35666666666672,0.65,17
1998,8842,9.35666666666672,0.65,17
1999,8843,9.35666666666672,0.65,17
2000,8844,9.35666666666672,0.65,17
2001,8845,9.35666666666672,0.65,17
2002,8846,9.35666666666672,0.65,17
2003,8847,9.35666666666672,0.65,17
2004,8848,9.35666666666672,0.65,17
2005,8849,9.35666666666672,0.65,17
2006,8850,9.35666666666672,0.65,17
2007,8851,9.35666666666672,0.65,17
2008,8852,9.35666666666672,0.65,17
2009,8853,9.364444444444498,0.65,-1
2010,8854,9.372222222222275,0.65,-1
2011,8855,9.380000000000052,0.65,-1
2012,8856,9.38777777777783,0.65,-1
2013,8857,9.395555555555607,0.65,-1
2014,8858,9.403333333333384,0.65,-1
2015,8859,9.411111111111161,0.65,-1
2016,8860,9.418888888888938,0.65,-1
2017,8861,9.426666666666716,0.65,-1
2018,8862,9.434444444444493,0.65,-1
2019,8863,9.44222222222227,0.65,-1
2020,8864,9.450000000000047,0.65,-1
2021,8865,9.457777777777824,0.65,-1
2022,8866,9.465555555555602,0.65,-1
2023,8867,9.473333333333379,0.65,-1
2024,8868,9.481111111111156,0.65,-1
2025,8869,9.488888888888933,0.65,-1
2026,8870,9.49666666666671,0.65,-1
2027,8871,9.504444444444488,0.65,-1
2028,8872,9.512222222222265,0.65,-1
2029,8873,9.520000000000042,0.65,-1
2030,8874,9.52777777777782,0.65,-1
2031,8875,9.535555555555597,0.65,-1
2032,8876,9.543333333333374,0.65,-1
2033,8877,9.551111111111151,0.65,-1
2034,8878,9.558888888888928,0.65,-1
2035,8879,9.566666666666706,0.65,-1
2036,8880,9.574444444444483,0.65,-1
2037,8881,9.58222222222226,0.65,-1
2038,8882,9.590000000000037,0.65,-1
2039,8883,9.597777777777814,0.65,-1
2040,8884,9.605555555555592,0.65,-1
2041,8885,9.613333333333369,0.65,-1
2042,8886,9.621111111111146,0.65,-1
2043,8887,9.628888888888923,0.65,-1
2044,8888,9.6366666666667,0.65,-1
2045,8889,9.644444444444478,0.65,-1
2046,8890,9.652222222222255,0.65,-1
2047,8891,9.660000000000032,0.65,-1
2048,8892,9.66777777777781,0.65,-1
2049,8893,9.675555555555587,0.65,-1
2050,8894,9.683333333333364,0.65,-1
2051,8895,9.691111111111141,0.65,-1
2052,8896,9.698888888888918,0.65,-1
2053,8897,9.706666666666695,0.65,-1
2054,8898,9.714444444444473,0.65,-1
2055,8899,9.72222222222225,0.65,-1
2056,8900,9.730000000000027,0.65,-1
2057,8901,9.737777777777804,0.65,-1
2058,8902,9.745555555555582,0.65,-1
2059,8903,9.753333333333359,0.65,-1
2060,8904,9.761111111111136,0.65,-1
2061,8905,9.768888888888913,0.65,-1
2062,8906,9.77666666666669,0.65,-1
2063,8907,9.77666666666669,0.7625,18
2064,8908,9.77666666666669,0.7625,18
2065,8909,9.77666666666669,0.7625,18
2066,8910,9.77666666666669,0.7625,18
2067,8911,9.77666666666669,0.7625,18
2068,8912,9.77666666666669,0.7625,18
2069,8913,9.77666666666669,0.7625,18
2070,8914,9.77666666666669,0.7625,18
2071,8915,9.77666666666669,0.7625,18
2072,8916,9.77666666666669,0.7625,18
2073,8917,9.77666666666669,0.7625,18
2074,8918,9.77666666666669,0.7625,18
2075,8919,9.77666666666669,0.7625,18
2076,8920,9.77666666666669,0.7625,18
2077,8921,9.77666666666669,0.7625,18
2078,8922,9.77666666666669,0.7625,18
2079,8923,9.77666666666669,0.7625,18
2080,8924,9.77666666666669,0.7625,18
2081,8925,9.77666666666669,0.7625,18
2082,8926,9.77666666666669,0.7625,18
2083,8927,9.77666666666669,0.7625,18
2084,8928,9.77666666666669,0.7625,18
2085,8929,9.77666666666669,0.7625,18
2086,8930,9.77666666666669,0.7625,18
2087,8931,9.77666666666669,0.7625,18
2088,8932,9.77666666666669,0.7625,18
2089,8933,9.77666666666669,0.7625,18
2090,8934,9.77666666666669,0.7625,18
2091,8935,9.77666666666669,0.7625,18
2092,8936,9.77666666666669,0.7625,18
2093,8937,9.77666666666669,0.7625,18
2094,8938,9.77666666666669,0.7625,18
2095,8939,9.77666666666669,0.7625,18
2096,8940,9.77666666666669,0.7625,18
2097,8941,9.77666666666669,0.7625,18
2098,8942,9.77666666666669,0.7625,18
2099,8943,9.77666666666669,0.7625,18
2100,8944,9.77666666666669,0.7625,18
2101,8945,9.77666666666669,0.7625,18
2102,8946,9.77666666666669,0.7625,18
2103,8947,9.77666666666669,0.7625,18
2104,8948,9.77666666666669,0.7625,18
2105,8949,9.77666666666669,0.7625,18
2106,8950,9.77666666666669,0.7625,18
2107,8951,9.77666666666669,0.7625,18
2108,8952,9.77666666666669,0.7625,18
2109,8953,9.77666666666669,0.7625,18
2110,8954,9.77666666666669,0.7625,18
2111,8955,9.77666666666669,0.7625,18
2112,8956,9.77666666666669,0.7625,18
2113,8957,9.77666666666669,0.7625,18
2114,8958,9.77666666666669,0.7625,18
2115,8959,9.77666666666669,0.7625,18
2116,8960,9.77666666666669,0.7625,18
2117,8961,9.77666666666669,0.7625,18
2118,8962,9.77666666666669,0.7625,18
2119,8963,9.77666666666669,0.7625,18
2120,8964,9.77666666666669,0.7625,18
2121,8965,9.77666666666669,0.7625,18
2122,8966,9.77666666666669,0.7625,18
2123,8967,9.77666666666669,0.7625,18
2124,8968,9.77666666666669,0.7625,18
2125,8969,9.77666666666669,0.7625,18
2126,8970,9.77666666666669,0.7625,18
2127,8971,9.77666666666669,0.7625,18
2128,8972,9.77666666666669,0.7625,18
2129,8973,9.77666666666669,0.7625,18
2130,8974,9.77666666666669,0.7625,18
2131,8975,9.77666666666669,0.7625,18
2132,8976,9.77666666666669,0.7625,18
2133,8977,9.77666666666669,0.7625,18
2134,8978,9.77666666666669,0.7625,18
2135,8979,9.77666666666669,0.7625,18
2136,8980,9.77666666666669,0.7625,18
2137,8981,9.77666666666669,0.7625,18
2138,8982,9.77666666666669,0.7625,18
2139,8983,9.77666666666669,0.7625,18
2140,8984,9.77666666666669,0.7625,18
2141,8985,9.77666666666669,0.7625,18
2142,8986,9.77666666666669,0.7625,18
2143,8987,9.77666666666669,0.7625,18
2144,8988,9.77666666666669,0.7625,18
2145,8989,9.77666666666669,0.7625,18
2146,8990,9.77666666666669,0.7625,18
2147,8991,9.77666666666669,0.7625,18
2148,8992,9.77666666666669,0.7625,18
2149,8993,9.77666666666669,0.7625,18
2150,8994,9.77666666666669,0.7625,18
2151,8995,9.77666666666669,0.7625,18
2152,8996,9.784444444444468,0.7625,-1
2153,8997,9.792222222222245,0.7625,-1
2154,8998,9.800000000000022,0.7625,-1
2155,8999,9.8077777777778,0.7625,-1
2156,9000,9.815555555555576,0.7625,-1
2157,9001,9.823333333333354,0.7625,-1
2158,9002,9.831111111111131,0.7625,-1
2159,9003,9.838888888888908,0.7625,-1
2160,9004,9.846666666666685,0.7625,-1
2161,9005,9.854444444444463,0.7625,-1
2162,9006,9.86222222222224,0.7625,-1
2163,9007,9.870000000000017,0.7625,-1
2164,9008,9.877777777777794,0.7625,-1
2165,9009,9.885555555555571,0.7625,-1
2166,9010,9.893333333333349,0.7625,-1
2167,9011,9.901111111111126,0.7625,-1
2168,9012,9.908888888888903,0.7625,-1
2169,9013,9.91666666666668,0.7625,-1
2170,9014,9.924444444444458,0.7625,-1
2171,9015,9.932222222222235,0.7625,-1
2172,9016,9.940000000000012,0.7625,-1
2173,9017,9.94777777777779,0.7625,-1
2174,9018,9.955555555555566,0.7625,-1
2175,9019,9.963333333333344,0.7625,-1
2176,9020,9.97111111111112,0.7625,-1
2177,9021,9.978888888888898,0.7625,-1
2178,9022,9.986666666666675,0.7625,-1
2179,9023,9.994444444444452,0.7625,-1
2180,9024,10.00222222222223,0.7625,-1
2181,9025,10.010000000000007,0.7625,-1
2182,9026,10.017777777777784,0.7625,-1
2183,9027,10.025555555555561,0.7625,-1
2184,9028,10.033333333333339,0.7625,-1
2185,9029,10.041111111111116,0.7625,-1
2186,9030,10.048888888888893,0.7625,-1
2187,9031,10.05666666666667,0.7625,-1
2188,9032,10.064444444444447,0.7625,-1
2189,9033,10.072222222222225,0.7625,-1
2190,9034,10.080000000000002,0.7625,-1
2191,9035,10.087777777777779,0.7625,-1
2192,9036,10.095555555555556,0.7625,-1
2193,9037,10.103333333333333,0.7625,-1
2194,9038,10.11111111111111,0.7625,-1
2195,9039,10.118888888888888,0.7625,-1
2196,9040,10.126666666666665,0.7625,-1
2197,9041,10.134444444444442,0.7625,-1
2198,9042,10.14222222222222,0.7625,-1
2199,9043,10.149999999999997,0.7625,-1
2200,9044,10.157777777777774,0.7625,-1
2201,9045,10.165555555555551,0.7625,-1
2202,9046,10.165555555555551,0.8375,19
2203,9047,10.165555555555551,0.8375,19
2204,9048,10.165555555555551,0.8375,19
2205,9049,10.165555555555551,0.8375,19
2206,9050,10.165555555555551,0.8375,19
2207,9051,10.165555555555551,0.8375,19
2208,9052,10.165555555555551,0.8375,19
2209,9053,10.165555555555551,0.8375,19
2210,9054,10.165555555555551,0.8375,19
2211,9055,10.165555555555551,0.8375,19
2212,9056,10.165555555555551,0.8375,19
2213,9057,10.165555555555551,0.8375,19
2214,9058,10.165555555555551,0.8375,19
2215,9059,10.165555555555551,0.8375,19
2216,9060,10.165555555555551,0.8375,19
2217,9061,10.165555555555551,0.8375,19
2218,9062,10.165555555555551,0.8375,19
2219,9063,10.165555555555551,0.8375,19
2220,9064,10.165555555555551,0.8375,19
2221,9065,10.165555555555551,0.8375,19
2222,9066,10.165555555555551,0.8375,19
2223,9067,10.165555555555551,0.8375,19
2224,9068,10.165555555555551,0.8375,19
2225,9069,10.165555555555551,0.8375,19
2226,9070,10.165555555555551,0.8375,19
2227,9071,10.165555555555551,0.8375,19
2228,9072,10.165555555555551,0.8375,19
2229,9073,10.165555555555551,0.8375,19
2230,9074,10.165555555555551,0.8375,19
2231,9075,10.165555555555551,0.8375,19
2232,9076,10.165555555555551,0.8375,19
2233,9077,10.165555555555551,0.8375,19
2234,9078,10.165555555555551,0.8375,19
2235,9079,10.165555555555551,0.8375,19
2236,9080,10.165555555555551,0.8375,19
2237,9081,10.165555555555551,0.8375,19
2238,9082,10.165555555555551,0.8375,19
2239,9083,10.165555555555551,0.8375,19
2240,9084,10.165555555555551,0.8375,19
2241,9085,10.165555555555551,0.8375,19
2242,9086,10.165555555555551,0.8375,19
2243,9087,10.165555555555551,0.8375,19
2244,9088,10.165555555555551,0.8375,19
2245,9089,10.165555555555551,0.8375,19
2246,9090,10.165555555555551,0.8375,19
2247,9091,10.165555555555551,0.8375,19
2248,9092,10.165555555555551,0.8375,19
2249,9093,10.165555555555551,0.8375,19
2250,9094,10.165555555555551,0.8375,19
2251,9095,10.165555555555551,0.8375,19
2252,9096,10.165555555555551,0.8375,19
2253,9097,10.165555555555551,0.8375,19
2254,9098,10.165555555555551,0.8375,19
2255,9099,10.165555555555551,0.8375,19
2256,9100,10.165555555555551,0.8375,19
2257,9101,10.165555555555551,0.8375,19
2258,9102,10.165555555555551,0.8375,19
2259,9103,10.165555555555551,0.8375,19
2260,9104,10.165555555555551,0.8375,19
2261,9105,10.165555555555551,0.8375,19
2262,9106,10.165555555555551,0.8375,19
2263,9107,10.165555555555551,0.8375,19
2264,9108,10.165555555555551,0.8375,19
2265,9109,10.165555555555551,0.8375,19
2266,9110,10.165555555555551,0.8375,19
2267,9111,10.165555555555551,0.8375,19
2268,9112,10.165555555555551,0.8375,19
2269,9113,10.165555555555551,0.8375,19
2270,9114,10.165555555555551,0.8375,19
2271,9115,10.165555555555551,0.8375,19
2272,9116,10.165555555555551,0.8375,19
2273,9117,10.165555555555551,0.8375,19
2274,9118,10.165555555555551,0.8375,19
2275,9119,10.165555555555551,0.8375,19
2276,9120,10.165555555555551,0.8375,19
2277,9121,10.165555555555551,0.8375,19
2278,9122,10.165555555555551,0.8375,19
2279,9123,10.165555555555551,0.8375,19
2280,9124,10.165555555555551,0.8375,19
2281,9125,10.165555555555551,0.8375,19
2282,9126,10.165555555555551,0.8375,19
2283,9127,10.165555555555551,0.8375,19
2284,9128,10.165555555555551,0.8375,19
2285,9129,10.165555555555551,0.8375,19
2286,9130,10.165555555555551,0.8375,19
2287,9131,10.165555555555551,0.8375,19
2288,9132,10.165555555555551,0.8375,19
2289,9133,10.165555555555551,0.8375,19
2290,9134,10.165555555555551,0.8375,19
2291,9135,10.165555555555551,0.8375,19
2292,9136,10.165555555555551,0.8375,19
2293,9137,10.165555555555551,0.8375,19
2294,9138,10.165555555555551,0.8375,19
2295,9139,10.165555555555551,0.8375,19
2296,9140,10.165555555555551,0.8375,19
2297,9141,10.165555555555551,0.8375,19
2298,9142,10.165555555555551,0.8375,19
2299,9143,10.165555555555551,0.8375,19
2300,9144,10.165555555555551,0.8375,19
2301,9145,10.165555555555551,0.8375,19
2302,9146,10.165555555555551,0.8375,19
2303,9147,10.165555555555551,0.8375,19
2304,9148,10.165555555555551,0.8375,19
2305,9149,10.165555555555551,0.8375,19
2306,9150,10.165555555555551,0.8375,19
2307,9151,10.165555555555551,0.8375,19
2308,9152,10.165555555555551,0.8375,19
2309,9153,10.165555555555551,0.8375,19
2310,9154,10.165555555555551,0.8375,19
2311,9155,10.165555555555551,0.8375,19
2312,9156,10.165555555555551,0.8375,19
2313,9157,10.165555555555551,0.8375,19
2314,9158,10.165555555555551,0.8375,19
2315,9159,10.165555555555551,0.8375,19
2316,9160,10.165555555555551,0.8375,19
2317,9161,10.165555555555551,0.8375,19
2318,9162,10.165555555555551,0.8375,19
2319,9163,10.165555555555551,0.8375,19
2320,9164,10.165555555555551,0.8375,19
2321,9165,10.165555555555551,0.8375,19
2322,9166,10.165555555555551,0.8375,19
2323,9167,10.165555555555551,0.8375,19
2324,9168,10.165555555555551,0.8375,19
2325,9169,10.165555555555551,0.8375,19
2326,9170,10.165555555555551,0.8375,19
2327,9171,10.165555555555551,0.8375,19
2328,9172,10.165555555555551,0.8375,19
2329,9173,10.165555555555551,0.8375,19
2330,9174,10.165555555555551,0.8375,19
2331,9175,10.165555555555551,0.8375,19
2332,9176,10.165555555555551,0.8375,19
2333,9177,10.165555555555551,0.8375,19
2334,9178,10.165555555555551,0.8375,19
2335,9179,10.165555555555551,0.8375,19
2336,9180,10.165555555555551,0.8375,19
2337,9181,10.165555555555551,0.8375,19
2338,9182,10.165555555555551,0.8375,19
2339,9183,10.173333333333328,0.8375,-1
2340,9184,10.181111111111106,0.8375,-1
2341,9185,10.188888888888883,0.8375,-1
2342,9186,10.19666666666666,0.8375,-1
2343,9187,10.204444444444437,0.8375,-1
2344,9188,10.212222222222215,0.8375,-1
2345,9189,10.219999999999992,0.8375,-1
2346,9190,10.227777777777769,0.8375,-1
2347,9191,10.235555555555546,0.8375,-1
2348,9192,10.243333333333323,0.8375,-1
2349,9193,10.2511111111111,0.8375,-1
2350,9194,10.258888888888878,0.8375,-1
2351,9195,10.266666666666655,0.8375,-1
2352,9196,10.274444444444432,0.8375,-1
2353,9197,10.28222222222221,0.8375,-1
2354,9198,10.289999999999987,0.8375,-1
2355,9199,10.297777777777764,0.8375,-1
2356,9200,10.305555555555541,0.8375,-1
2357,9201,10.313333333333318,0.8375,-1
2358,9202,10.321111111111096,0.8375,-1
2359,9203,10.328888888888873,0.8375,-1
2360,9204,10.33666666666665,0.8375,-1
2361,9205,10.344444444444427,0.8375,-1
2362,9206,10.352222222222204,0.8375,-1
2363,9207,10.359999999999982,0.8375,-1
2364,9208,10.367777777777759,0.8375,-1
2365,9209,10.375555555555536,0.8375,-1
2366,9210,10.383333333333313,0.8375,-1
2367,9211,10.39111111111109,0.8375,-1
2368,9212,10.398888888888868,0.8375,-1
2369,9213,10.406666666666645,0.8375,-1
2370,9214,10.414444444444422,0.8375,-1
2371,9215,10.4222222222222,0.8375,-1
2372,9216,10.429999999999977,0.8375,-1
2373,9217,10.437777777777754,0.8375,-1
2374,9218,10.445555555555531,0.8375,-1
2375,9219,10.453333333333308,0.8375,-1
2376,9220,10.461111111111085,0.8375,-1
2377,9221,10.468888888888863,0.8375,-1
2378,9222,10.47666666666664,0.8375,-1
2379,9223,10.484444444444417,0.8375,-1
2380,9224,10.492222222222194,0.8375,-1
2381,9225,10.499999999999972,0.8375,-1
2382,9226,10.507777777777749,0.8375,-1
2383,9227,10.515555555555526,0.8375,-1
2384,9228,10.523333333333303,0.8375,-1
2385,9229,10.53111111111108,0.8375,-1
2386,9230,10.538888888888858,0.8375,-1
2387,9231,10.546666666666635,0.8375,-1
2388,9232,10.554444444444412,0.8375,-1
2389,9233,10.56222222222219,0.8375,-1
2390,9234,10.569999999999967,0.8375,-1
2391,9235,10.577777777777744,0.8375,-1
2392,9236,10.585555555555521,0.8375,-1
2393,9237,10.593333333333298,0.8375,-1
2394,9238,10.601111111111075,0.8375,-1
2395,9239,10.608888888888853,0.8375,-1
2396,9240,10.61666666666663,0.8375,-1
2397,9241,10.624444444444407,0.8375,-1
2398,9242,10.632222222222184,0.8375,-1
2399,9243,10.639999999999961,0.8375,-1
2400,9244,10.647777777777739,0.8375,-1
2401,9245,10.655555555555516,0.8375,-1
2402,9246,10.663333333333293,0.8375,-1
2403,9247,10.67111111111107,0.8375,-1
2404,9248,10.678888888888848,0.8375,-1
2405,9249,10.686666666666625,0.8375,-1
2406,9250,10.694444444444402,0.8375,-1
2407,9251,10.70222222222218,0.8375,-1
2408,9252,10.709999999999956,0.8375,-1
2409,9253,10.717777777777734,0.8375,-1
2410,9254,10.72555555555551,0.8375,-1
2411,9255,10.733333333333288,0.8375,-1
2412,9256,10.741111111111065,0.8375,-1
2413,9257,10.748888888888843,0.8375,-1
2414,9258,10.75666666666662,0.8375,-1
2415,9259,10.764444444444397,0.8375,-1
2416,9260,10.772222222222174,0.8375,-1
2417,9261,10.779999999999951,0.8375,-1
2418,9262,10.787777777777729,0.8375,-1
2419,9263,10.795555555555506,0.8375,-1
2420,9264,10.803333333333283,0.8375,-1
2421,9265,10.81111111111106,0.8375,-1
2422,9266,10.818888888888837,0.8375,-1
2423,9267,10.826666666666615,0.8375,-1
2424,9268,10.834444444444392,0.8375,-1
2425,9269,10.84222222222217,0.8375,-1
2426,9270,10.849999999999946,0.8375,-1
2427,9271,10.849999999999946,0.875,20
2428,9272,10.849999999999946,0.875,20
2429,9273,10.849999999999946,0.875,20
2430,9274,10.849999999999946,0.875,20
2431,9275,10.849999999999946,0.875,20
2432,9276,10.849999999999946,0.875,20
2433,9277,10.849999999999946,0.875,20
2434,9278,10.849999999999946,0.875,20
2435,9279,10.849999999999946,0.875,20
2436,9280,10.849999999999946,0.875,20
2437,9281,10.849999999999946,0.875,20
2438,9282,10.849999999999946,0.875,20
2439,9283,10.849999999999946,0.875,20
2440,9284,10.849999999999946,0.875,20
2441,9285,10.849999999999946,0.875,20
2442,9286,10.849999999999946,0.875,20
2443,9287,10.849999999999946,0.875,20
2444,9288,10.849999999999946,0.875,20
2445,9289,10.849999999999946,0.875,20
2446,9290,10.849999999999946,0.875,20
2447,9291,10.849999999999946,0.875,20
2448,9292,10.857777777777724,0.875,-1
2449,9293,10.8655555555555,0.875,-1
2450,9294,10.873333333333278,0.875,-1
2451,9295,10.881111111111055,0.875,-1
2452,9296,10.888888888888832,0.875,-1
2453,9297,10.89666666666661,0.875,-1
2454,9298,10.904444444444387,0.875,-1
2455,9299,10.912222222222164,0.875,-1
2456,9300,10.919999999999941,0.875,-1
2457,9301,10.927777777777719,0.875,-1
2458,9302,10.935555555555496,0.875,-1
2459,9303,10.943333333333273,0.875,-1
2460,9304,10.95111111111105,0.875,-1
2461,9305,10.958888888888827,0.875,-1
2462,9306,10.966666666666605,0.875,-1
2463,9307,10.974444444444382,0.875,-1
2464,9308,10.982222222222159,0.875,-1
2465,9309,10.989999999999936,0.875,-1
2466,9310,10.997777777777713,0.875,-1
2467,9311,11.00555555555549,0.875,-1
2468,9312,11.013333333333268,0.875,-1
2469,9313,11.021111111111045,0.875,-1
2470,9314,11.028888888888822,0.875,-1
2471,9315,11.0366666666666,0.875,-1
2472,9316,11.044444444444377,0.875,-1
2473,9317,11.052222222222154,0.875,-1
2474,9318,11.059999999999931,0.875,-1
2475,9319,11.067777777777708,0.875,-1
2476,9320,11.075555555555486,0.875,-1
2477,9321,11.083333333333263,0.875,-1
2478,9322,11.09111111111104,0.875,-1
2479,9323,11.098888888888817,0.875,-1
2480,9324,11.106666666666595,0.875,-1
2481,9325,11.114444444444372,0.875,-1
2482,9326,11.122222222222149,0.875,-1
2483,9327,11.129999999999926,0.875,-1
2484,9328,11.137777777777703,0.875,-1
2485,9329,11.14555555555548,0.875,-1
2486,9330,11.153333333333258,0.875,-1
2487,9331,11.161111111111035,0.875,-1
2488,9332,11.168888888888812,0.875,-1
2489,9333,11.17666666666659,0.875,-1
2490,9334,11.184444444444367,0.875,-1
2491,9335,11.192222222222144,0.875,-1
2492,9336,11.199999999999921,0.875,-1
2493,9337,11.207777777777698,0.875,-1
2494,9338,11.215555555555476,0.875,-1
2495,9339,11.223333333333253,0.875,-1
2496,9340,11.23111111111103,0.875,-1
2497,9341,11.238888888888807,0.875,-1
2498,9342,11.246666666666584,0.875,-1
2499,9343,11.254444444444362,0.875,-1
2500,9344,11.262222222222139,0.875,-1
2501,9345,11.269999999999916,0.875,-1
2502,9346,11.277777777777693,0.875,-1
2503,9347,11.28555555555547,0.875,-1
2504,9348,11.293333333333248,0.875,-1
2505,9349,11.301111111111025,0.875,-1
2506,9350,11.308888888888802,0.875,-1
2507,9351,11.31666666666658,0.875,-1
2508,9352,11.324444444444357,0.875,-1
2509,9353,11.332222222222134,0.875,-1
2510,9354,11.339999999999911,0.875,-1
2511,9355,11.347777777777688,0.875,-1
2512,9356,11.355555555555465,0.875,-1
2513,9357,11.363333333333243,0.875,-1
2514,9358,11.37111111111102,0.875,-1
2515,9359,11.378888888888797,0.875,-1
2516,9360,11.386666666666574,0.875,-1
2517,9361,11.394444444444352,0.875,-1
2518,9362,11.402222222222129,0.875,-1
2519,9363,11.409999999999906,0.875,-1
2520,9364,11.417777777777683,0.875,-1
2521,9365,11.42555555555546,0.875,-1
2522,9366,11.433333333333238,0.875,-1
2523,9367,11.441111111111015,0.875,-1
2524,9368,11.448888888888792,0.875,-1
2525,9369,11.45666666666657,0.875,-1
2526,9370,11.464444444444347,0.875,-1
2527,9371,11.472222222222124,0.875,-1
2528,9372,11.479999999999901,0.875,-1
2529,9373,11.487777777777678,0.875,-1
2530,9374,11.495555555555455,0.875,-1
2531,9375,11.495555555555455,1.0,21
2532,9376,11.495555555555455,1.0,21
2533,9377,11.495555555555455,1.0,21
2534,9378,11.495555555555455,1.0,21
2535,9379,11.495555555555455,1.0,21
2536,9380,11.495555555555455,1.0,21
2537,9381,11.495555555555455,1.0,21
2538,9382,11.495555555555455,1.0,21
2539,9383,11.495555555555455,1.0,21
2540,9384,11.495555555555455,1.0,21
2541,9385,11.495555555555455,1.0,21
2542,9386,11.495555555555455,1.0,21
2543,9387,11.495555555555455,1.0,21
2544,9388,11.495555555555455,1.0,21
2545,9389,11.495555555555455,1.0,21
2546,9390,11.495555555555455,1.0,21
2547,9391,11.495555555555455,1.0,21
2548,9392,11.495555555555455,1.0,21
2549,9393,11.495555555555455,1.0,21
2550,9394,11.495555555555455,1.0,21
2551,9395,11.495555555555455,1.0,21
2552,9396,11.495555555555455,1.0,21
2553,9397,11.495555555555455,1.0,21
2554,9398,11.495555555555455,1.0,21
2555,9399,11.495555555555455,1.0,21
2556,9400,11.495555555555455,1.0,21
2557,9401,11.495555555555455,1.0,21
2558,9402,11.495555555555455,1.0,21
2559,9403,11.495555555555455,1.0,21
2560,9404,11.495555555555455,1.0,21
2561,9405,11.495555555555455,1.0,21
2562,9406,11.495555555555455,1.0,21
2563,9407,11.495555555555455,1.0,21
2564,9408,11.495555555555455,1.0,21
2565,9409,11.495555555555455,1.0,21
2566,9410,11.495555555555455,1.0,21
2567,9411,11.495555555555455,1.0,21
2568,9412,11.495555555555455,1.0,21
2569,9413,11.495555555555455,1.0,21
2570,9414,11.495555555555455,1.0,21
2571,9415,11.495555555555455,1.0,21
2572,9416,11.495555555555455,1.0,21
2573,9417,11.495555555555455,1.0,21
2574,9418,11.495555555555455,1.0,21
2575,9419,11.495555555555455,1.0,21
2576,9420,11.495555555555455,1.0,21
2577,9421,11.495555555555455,1.0,21
2578,9422,11.495555555555455,1.0,21
2579,9423,11.495555555555455,1.0,21
2580,9424,11.495555555555455,1.0,21
2581,9425,11.495555555555455,1.0,21
2582,9426,11.495555555555455,1.0,21
2583,9427,11.495555555555455,1.0,21
2584,9428,11.495555555555455,1.0,21
2585,9429,11.495555555555455,1.0,21
2586,9430,11.495555555555455,1.0,21
2587,9431,11.495555555555455,1.0,21
2588,9432,11.495555555555455,1.0,21
2589,9433,11.495555555555455,1.0,21
2590,9434,11.495555555555455,1.0,21
2591,9435,11.495555555555455,1.0,21
2592,9436,11.495555555555455,1.0,21
2593,9437,11.495555555555455,1.0,21
2594,9438,11.495555555555455,1.0,21
2595,9439,11.495555555555455,1.0,21
2596,9440,11.495555555555455,1.0,21
2597,9441,11.495555555555455,1.0,21
2598,9442,11.495555555555455,1.0,21
2599,9443,11.495555555555455,1.0,21
2600,9444,11.495555555555455,1.0,21
2601,9445,11.495555555555455,1.0,21
2602,9446,11.495555555555455,1.0,21
2603,9447,11.495555555555455,1.0,21
2604,9448,11.495555555555455,1.0,21
2605,9449,11.495555555555455,1.0,21
2606,9450,11.495555555555455,1.0,21
2607,9451,11.503333333333233,1.0,-1
2608,9452,11.51111111111101,1.0,-1
2609,9453,11.518888888888787,1.0,-1
2610,9454,11.526666666666564,1.0,-1
2611,9455,11.534444444444341,1.0,-1
2612,9456,11.542222222222119,1.0,-1
2613,9457,11.549999999999896,1.0,-1
2614,9458,11.557777777777673,1.0,-1
2615,9459,11.56555555555545,1.0,-1
2616,9460,11.573333333333228,1.0,-1
2617,9461,11.581111111111005,1.0,-1
2618,9462,11.588888888888782,1.0,-1
2619,9463,11.59666666666656,1.0,-1
2620,9464,11.604444444444336,1.0,-1
2621,9465,11.612222222222114,1.0,-1
2622,9466,11.61999999999989,1.0,-1
2623,9467,11.627777777777668,1.0,-1
2624,9468,11.635555555555445,1.0,-1
2625,9469,11.643333333333223,1.0,-1
2626,9470,11.651111111111,1.0,-1
2627,9471,11.658888888888777,1.0,-1
2628,9472,11.666666666666554,1.0,-1
2629,9473,11.674444444444331,1.0,-1
2630,9474,11.682222222222109,1.0,-1
2631,9475,11.689999999999886,1.0,-1
2632,9476,11.697777777777663,1.0,-1
2633,9477,11.70555555555544,1.0,-1
2634,9478,11.713333333333217,1.0,-1
2635,9479,11.721111111110995,1.0,-1
2636,9480,11.728888888888772,1.0,-1
2637,9481,11.73666666666655,1.0,-1
2638,9482,11.744444444444326,1.0,-1
2639,9483,11.752222222222104,1.0,-1
2640,9484,11.75999999999988,1.0,-1
2641,9485,11.767777777777658,1.0,-1
2642,9486,11.775555555555435,1.0,-1
2643,9487,11.783333333333212,1.0,-1
2644,9488,11.79111111111099,1.0,-1
2645,9489,11.798888888888767,1.0,-1
2646,9490,11.806666666666544,1.0,-1
2647,9491,11.814444444444321,1.0,-1
2648,9492,11.822222222222099,1.0,-1
2649,9493,11.829999999999876,1.0,-1
2650,9494,11.837777777777653,1.0,-1
2651,9495,11.84555555555543,1.0,-1
2652,9496,11.853333333333207,1.0,-1
2653,9497,11.861111111110985,1.0,-1
2654,9498,11.868888888888762,1.0,-1
2655,9499,11.876666666666539,1.0,-1
2656,9500,11.884444444444316,1.0,-1
2657,9501,11.892222222222093,1.0,-1
2658,9502,11.89999999999987,1.0,-1
2659,9503,11.907777777777648,1.0,-1
2660,9504,11.915555555555425,1.0,-1
2661,9505,11.923333333333202,1.0,-1
2662,9506,11.93111111111098,1.0,-1
2663,9507,11.938888888888757,1.0,-1
2664,9508,11.946666666666534,1.0,-1
2665,9509,11.954444444444311,1.0,-1
2666,9510,11.962222222222088,1.0,-1
2667,9511,11.969999999999866,1.0,-1
2668,9512,11.977777777777643,1.0,-1
2669,9513,11.98555555555542,1.0,-1
2670,9514,11.993333333333197,1.0,-1
2671,9515,12.001111111110975,1.0,-1
2672,9516,12.008888888888752,1.0,-1
2673,9517,12.016666666666529,1.0,-1
2674,9518,12.024444444444306,1.0,-1
2675,9519,12.032222222222083,1.0,-1
2676,9520,12.03999999999986,1.0,-1
2677,9521,12.047777777777638,1.0,-1
2678,9522,12.055555555555415,1.0,-1
2679,9523,12.063333333333192,1.0,-1
2680,9524,12.07111111111097,1.0,-1
2681,9525,12.078888888888747,1.0,-1
2682,9526,12.086666666666524,1.0,-1
2683,9527,12.094444444444301,1.0,-1
2684,9528,12.102222222222078,1.0,-1
2685,9529,12.109999999999856,1.0,-1
2686,9530,12.117777777777633,1.0,-1
2687,9531,12.12555555555541,1.0,-1
2688,9532,12.133333333333187,1.0,-1
2689,9533,12.141111111110964,1.0,-1
2690,9534,12.148888888888742,1.0,-1
2691,9535,12.156666666666519,1.0,-1
2692,9536,12.164444444444296,1.0,-1
2693,9537,12.172222222222073,1.0,-1
2694,9538,12.17999999999985,1.0,-1
2695,9539,12.187777777777628,1.0,-1
2696,9540,12.195555555555405,1.0,-1
2697,9541,12.203333333333182,1.0,-1
2698,9542,12.21111111111096,1.0,-1
2699,9543,12.218888888888737,1.0,-1
2700,9544,12.226666666666514,1.0,-1
2701,9545,12.234444444444291,1.0,-1
2702,9546,12.242222222222068,1.0,-1
2703,9547,12.249999999999845,1.0,-1
2704,9548,12.257777777777623,1.0,-1
2705,9549,12.2655555555554,1.0,-1
2706,9550,12.273333333333177,1.0,-1
2707,9551,12.281111111110954,1.0,-1
2708,9552,12.288888888888732,1.0,-1
2709,9553,12.288888888888732,1.0,22
2710,9554,12.288888888888732,1.0,22
2711,9555,12.288888888888732,1.0,22
2712,9556,12.288888888888732,1.0,22
2713,9557,12.288888888888732,1.0,22
2714,9558,12.288888888888732,1.0,22
2715,9559,12.288888888888732,1.0,22
2716,9560,12.288888888888732,1.0,22
2717,9561,12.288888888888732,1.0,22
2718,9562,12.288888888888732,1.0,22
2719,9563,12.288888888888732,1.0,22
2720,9564,12.288888888888732,1.0,22
2721,9565,12.288888888888732,1.0,22
2722,9566,12.288888888888732,1.0,22
2723,9567,12.288888888888732,1.0,22
2724,9568,12.288888888888732,1.0,22
2725,9569,12.288888888888732,1.0,22
2726,9570,12.288888888888732,1.0,22
2727,9571,12.288888888888732,1.0,22
2728,9572,12.288888888888732,1.0,22
2729,9573,12.288888888888732,1.0,22
2730,9574,12.288888888888732,1.0,22
2731,9575,12.288888888888732,1.0,22
2732,9576,12.288888888888732,1.0,22
2733,9577,12.288888888888732,1.0,22
2734,9578,12.288888888888732,1.0,22
2735,9579,12.288888888888732,1.0,22
2736,9580,12.288888888888732,1.0,22
2737,9581,12.288888888888732,1.0,22
2738,9582,12.288888888888732,1.0,22
2739,9583,12.288888888888732,1.0,22
2740,9584,12.288888888888732,1.0,22
2741,9585,12.288888888888732,1.0,22
2742,9586,12.288888888888732,1.0,22
2743,9587,12.288888888888732,1.0,22
2744,9588,12.288888888888732,1.0,22
2745,9589,12.288888888888732,1.0,22
2746,9590,12.288888888888732,1.0,22
2747,9591,12.288888888888732,1.0,22
2748,9592,12.288888888888732,1.0,22
2749,9593,12.288888888888732,1.0,22
2750,9594,12.288888888888732,1.0,22
2751,9595,12.288888888888732,1.0,22
2752,9596,12.288888888888732,1.0,22
2753,9597,12.288888888888732,1.0,22
2754,9598,12.288888888888732,1.0,22
2755,9599,12.288888888888732,1.0,22
2756,9600,12.288888888888732,1.0,22
2757,9601,12.288888888888732,1.0,22
2758,9602,12.288888888888732,1.0,22
2759,9603,12.288888888888732,1.0,22
2760,9604,12.288888888888732,1.0,22
2761,9605,12.288888888888732,1.0,22
2762,9606,12.288888888888732,1.0,22
2763,9607,12.288888888888732,1.0,22
2764,9608,12.288888888888732,1.0,22
2765,9609,12.288888888888732,1.0,22
2766,9610,12.288888888888732,1.0,22
2767,9611,12.288888888888732,1.0,22
2768,9612,12.288888888888732,1.0,22
2769,9613,12.288888888888732,1.0,22
2770,9614,12.288888888888732,1.0,22
2771,9615,12.288888888888732,1.0,22
2772,9616,12.288888888888732,1.0,22
2773,9617,12.288888888888732,1.0,22
2774,9618,12.288888888888732,1.0,22
2775,9619,12.288888888888732,1.0,22
2776,9620,12.288888888888732,1.0,22
2777,9621,12.288888888888732,1.0,22
2778,9622,12.288888888888732,1.0,22
2779,9623,12.288888888888732,1.0,22
2780,9624,12.288888888888732,1.0,22
2781,9625,12.288888888888732,1.0,22
2782,9626,12.288888888888732,1.0,22
2783,9627,12.288888888888732,1.0,22
2784,9628,12.288888888888732,1.0,22
2785,9629,12.288888888888732,1.0,22
2786,9630,12.288888888888732,1.0,22
2787,9631,12.288888888888732,1.0,22
2788,9632,12.288888888888732,1.0,22
2789,9633,12.288888888888732,1.0,22
2790,9634,12.288888888888732,1.0,22
2791,9635,12.288888888888732,1.0,22
2792,9636,12.288888888888732,1.0,22
2793,9637,12.288888888888732,1.0,22
2794,9638,12.288888888888732,1.0,22
2795,9639,12.288888888888732,1.0,22
2796,9640,12.288888888888732,1.0,22
2797,9641,12.288888888888732,1.0,22
2798,9642,12.288888888888732,1.0,22
2799,9643,12.288888888888732,1.0,22
2800,9644,12.288888888888732,1.0,22
2801,9645,12.288888888888732,1.0,22
2802,9646,12.288888888888732,1.0,22
2803,9647,12.288888888888732,1.0,22
2804,9648,12.288888888888732,1.0,22
2805,9649,12.288888888888732,1.0,22
2806,9650,12.288888888888732,1.0,22
2807,9651,12.288888888888732,1.0,22
2808,9652,12.288888888888732,1.0,22
2809,9653,12.288888888888732,1.0,22
2810,9654,12.288888888888732,1.0,22
2811,9655,12.288888888888732,1.0,22
2812,9656,12.288888888888732,1.0,22
2813,9657,12.288888888888732,1.0,22
2814,9658,12.288888888888732,1.0,22
2815,9659,12.296666666666509,1.0,-1
2816,9660,12.304444444444286,1.0,-1
2817,9661,12.312222222222063,1.0,-1
2818,9662,12.31999999999984,1.0,-1
2819,9663,12.327777777777618,1.0,-1
2820,9664,12.335555555555395,1.0,-1
2821,9665,12.343333333333172,1.0,-1
2822,9666,12.35111111111095,1.0,-1
2823,9667,12.358888888888726,1.0,-1
2824,9668,12.366666666666504,1.0,-1
2825,9669,12.374444444444281,1.0,-1
2826,9670,12.382222222222058,1.0,-1
2827,9671,12.389999999999835,1.0,-1
2828,9672,12.397777777777613,1.0,-1
2829,9673,12.40555555555539,1.0,-1
2830,9674,12.413333333333167,1.0,-1
2831,9675,12.421111111110944,1.0,-1
2832,9676,12.428888888888721,1.0,-1
2833,9677,12.436666666666499,1.0,-1
2834,9678,12.444444444444276,1.0,-1
2835,9679,12.452222222222053,1.0,-1
2836,9680,12.45999999999983,1.0,-1
2837,9681,12.467777777777608,1.0,-1
2838,9682,12.475555555555385,1.0,-1
2839,9683,12.483333333333162,1.0,-1
2840,9684,12.49111111111094,1.0,-1
2841,9685,12.498888888888716,1.0,-1
2842,9686,12.506666666666494,1.0,-1
2843,9687,12.51444444444427,1.0,-1
2844,9688,12.522222222222048,1.0,-1
2845,9689,12.529999999999825,1.0,-1
2846,9690,12.537777777777602,1.0,-1
2847,9691,12.54555555555538,1.0,-1
2848,9692,12.553333333333157,1.0,-1
2849,9693,12.561111111110934,1.0,-1
2850,9694,12.568888888888711,1.0,-1
2851,9695,12.576666666666489,1.0,-1
2852,9696,12.584444444444266,1.0,-1
2853,9697,12.592222222222043,1.0,-1
2854,9698,12.59999999999982,1.0,-1
2855,9699,12.607777777777597,1.0,-1
2856,9700,12.615555555555375,1.0,-1
2857,9701,12.623333333333152,1.0,-1
2858,9702,12.631111111110929,1.0,-1
2859,9703,12.638888888888706,1.0,-1
2860,9704,12.646666666666484,1.0,-1
2861,9705,12.65444444444426,1.0,-1
2862,9706,12.662222222222038,1.0,-1
2863,9707,12.669999999999815,1.0,-1
2864,9708,12.677777777777592,1.0,-1
2865,9709,12.68555555555537,1.0,-1
2866,9710,12.693333333333147,1.0,-1
2867,9711,12.693333333333147,1.0,23
2868,9712,12.693333333333147,1.0,23
2869,9713,12.693333333333147,1.0,23
2870,9714,12.693333333333147,1.0,23
2871,9715,12.693333333333147,1.0,23
2872,9716,12.693333333333147,1.0,23
2873,9717,12.693333333333147,1.0,23
2874,9718,12.693333333333147,1.0,23
2875,9719,12.693333333333147,1.0,23
2876,9720,12.701111111110924,1.0,-1
2877,9721,12.708888888888701,1.0,-1
2878,9722,12.716666666666478,1.0,-1
2879,9723,12.724444444444256,1.0,-1
2880,9724,12.732222222222033,1.0,-1
2881,9725,12.73999999999981,1.0,-1
2882,9726,12.747777777777587,1.0,-1
2883,9727,12.755555555555365,1.0,-1
2884,9728,12.763333333333142,1.0,-1
2885,9729,12.771111111110919,1.0,-1
2886,9730,12.778888888888696,1.0,-1
2887,9731,12.786666666666473,1.0,-1
2888,9732,12.79444444444425,1.0,-1
2889,9733,12.802222222222028,1.0,-1
2890,9734,12.809999999999805,1.0,-1
2891,9735,12.817777777777582,1.0,-1
2892,9736,12.82555555555536,1.0,-1
2893,9737,12.833333333333137,1.0,-1
2894,9738,12.841111111110914,1.0,-1
2895,9739,12.848888888888691,1.0,-1
2896,9740,12.856666666666468,1.0,-1
2897,9741,12.864444444444246,1.0,-1
2898,9742,12.872222222222023,1.0,-1
2899,9743,12.8799999999998,1.0,-1
2900,9744,12.887777777777577,1.0,-1
2901,9745,12.895555555555354,1.0,-1
2902,9746,12.903333333333132,1.0,-1
2903,9747,12.911111111110909,1.0,-1
2904,9748,12.918888888888686,1.0,-1
2905,9749,12.926666666666463,1.0,-1
2906,9750,12.93444444444424,1.0,-1
2907,9751,12.942222222222018,1.0,-1
2908,9752,12.949999999999795,1.0,-1
2909,9753,12.957777777777572,1.0,-1
2910,9754,12.96555555555535,1.0,-1
2911,9755,12.973333333333127,1.0,-1
2912,9756,12.981111111110904,1.0,-1
2913,9757,12.988888888888681,1.0,-1
2914,9758,12.996666666666458,1.0,-1
2915,9759,13.004444444444236,1.0,-1
2916,9760,13.012222222222013,1.0,-1
2917,9761,13.01999999999979,1.0,-1
2918,9762,13.027777777777567,1.0,-1
2919,9763,13.035555555555344,1.0,-1
2920,9764,13.043333333333122,1.0,-1
2921,9765,13.051111111110899,1.0,-1
2922,9766,13.058888888888676,1.0,-1
2923,9767,13.066666666666453,1.0,-1
2924,9768,13.07444444444423,1.0,-1
2925,9769,13.082222222222008,1.0,-1
2926,9770,13.089999999999785,1.0,-1
2927,9771,13.097777777777562,1.0,-1
2928,9772,13.10555555555534,1.0,-1
2929,9773,13.113333333333117,1.0,-1
2930,9774,13.121111111110894,1.0,-1
2931,9775,13.128888888888671,1.0,-1
2932,9776,13.136666666666448,1.0,-1
2933,9777,13.144444444444225,1.0,-1
2934,9778,13.152222222222003,1.0,-1
2935,9779,13.15999999999978,1.0,-1
2936,9780,13.167777777777557,1.0,-1
2937,9781,13.175555555555334,1.0,-1
2938,9782,13.183333333333112,1.0,-1
2939,9783,13.191111111110889,1.0,-1
2940,9784,13.198888888888666,1.0,-1
2941,9785,13.206666666666443,1.0,-1
2942,9786,13.21444444444422,1.0,-1
2943,9787,13.222222222221998,1.0,-1
2944,9788,13.229999999999775,1.0,-1
2945,9789,13.237777777777552,1.0,-1
2946,9790,13.237777777777552,1.0,24
2947,9791,13.237777777777552,1.0,24
2948,9792,13.237777777777552,1.0,24
2949,9793,13.237777777777552,1.0,24
2950,9794,13.237777777777552,1.0,24
2951,9795,13.237777777777552,1.0,24
2952,9796,13.237777777777552,1.0,24
2953,9797,13.237777777777552,1.0,24
2954,9798,13.237777777777552,1.0,24
2955,9799,13.237777777777552,1.0,24
2956,9800,13.237777777777552,1.0,24
2957,9801,13.237777777777552,1.0,24
2958,9802,13.237777777777552,1.0,24
2959,9803,13.237777777777552,1.0,24
2960,9804,13.237777777777552,1.0,24
2961,9805,13.237777777777552,1.0,24
2962,9806,13.237777777777552,1.0,24
2963,9807,13.237777777777552,1.0,24
2964,9808,13.237777777777552,1.0,24
2965,9809,13.237777777777552,1.0,24
2966,9810,13.237777777777552,1.0,24
2967,9811,13.237777777777552,1.0,24
2968,9812,13.237777777777552,1.0,24
2969,9813,13.237777777777552,1.0,24
2970,9814,13.237777777777552,1.0,24
2971,9815,13.237777777777552,1.0,24
2972,9816,13.237777777777552,1.0,24
2973,9817,13.237777777777552,1.0,24
2974,9818,13.237777777777552,1.0,24
2975,9819,13.237777777777552,1.0,24
2976,9820,13.237777777777552,1.0,24
2977,9821,13.237777777777552,1.0,24
2978,9822,13.237777777777552,1.0,24
2979,9823,13.237777777777552,1.0,24
2980,9824,13.237777777777552,1.0,24
2981,9825,13.237777777777552,1.0,24
2982,9826,13.237777777777552,1.0,24
2983,9827,13.237777777777552,1.0,24
2984,9828,13.237777777777552,1.0,24
2985,9829,13.237777777777552,1.0,24
2986,9830,13.237777777777552,1.0,24
2987,9831,13.237777777777552,1.0,24
2988,9832,13.237777777777552,1.0,24
2989,9833,13.237777777777552,1.0,24
2990,9834,13.237777777777552,1.0,24
2991,9835,13.237777777777552,1.0,24
2992,9836,13.237777777777552,1.0,24
2993,9837,13.237777777777552,1.0,24
2994,9838,13.237777777777552,1.0,24
2995,9839,13.237777777777552,1.0,24
2996,9840,13.237777777777552,1.0,24
2997,9841,13.237777777777552,1.0,24
2998,9842,13.237777777777552,1.0,24
2999,9843,13.237777777777552,1.0,24
3000,9844,13.237777777777552,1.0,24
3001,9845,13.237777777777552,1.0,24
3002,9846,13.237777777777552,1.0,24
3003,9847,13.237777777777552,1.0,24
3004,9848,13.237777777777552,1.0,24
3005,9849,13.237777777777552,1.0,24
3006,9850,13.237777777777552,1.0,24
3007,9851,13.237777777777552,1.0,24
3008,9852,13.237777777777552,1.0,24
3009,9853,13.237777777777552,1.0,24
3010,9854,13.237777777777552,1.0,24
3011,9855,13.237777777777552,1.0,24
3012,9856,13.237777777777552,1.0,24
3013,9857,13.237777777777552,1.0,24
3014,9858,13.237777777777552,1.0,24
3015,9859,13.237777777777552,1.0,24
3016,9860,13.237777777777552,1.0,24
3017,9861,13.237777777777552,1.0,24
3018,9862,13.237777777777552,1.0,24
3019,9863,13.237777777777552,1.0,24
3020,9864,13.237777777777552,1.0,24
3021,9865,13.237777777777552,1.0,24
3022,9866,13.237777777777552,1.0,24
3023,9867,13.237777777777552,1.0,24
3024,9868,13.237777777777552,1.0,24
3025,9869,13.237777777777552,1.0,24
3026,9870,13.237777777777552,1.0,24
3027,9871,13.237777777777552,1.0,24
3028,9872,13.237777777777552,1.0,24
3029,9873,13.237777777777552,1.0,24
3030,9874,13.237777777777552,1.0,24
3031,9875,13.237777777777552,1.0,24
3032,9876,13.237777777777552,1.0,24
3033,9877,13.237777777777552,1.0,24
3034,9878,13.237777777777552,1.0,24
3035,9879,13.237777777777552,1.0,24
3036,9880,13.237777777777552,1.0,24
3037,9881,13.237777777777552,1.0,24
3038,9882,13.237777777777552,1.0,24
3039,9883,13.237777777777552,1.0,24
3040,9884,13.237777777777552,1.0,24
3041,9885,13.237777777777552,1.0,24
3042,9886,13.237777777777552,1.0,24
3043,9887,13.237777777777552,1.0,24
3044,9888,13.237777777777552,1.0,24
3045,9889,13.237777777777552,1.0,24
3046,9890,13.237777777777552,1.0,24
3047,9891,13.237777777777552,1.0,24
3048,9892,13.237777777777552,1.0,24
3049,9893,13.237777777777552,1.0,24
3050,9894,13.237777777777552,1.0,24
3051,9895,13.237777777777552,1.0,24
3052,9896,13.237777777777552,1.0,24
3053,9897,13.237777777777552,1.0,24
3054,9898,13.237777777777552,1.0,24
3055,9899,13.237777777777552,1.0,24
3056,9900,13.237777777777552,1.0,24
3057,9901,13.237777777777552,1.0,24
3058,9902,13.237777777777552,1.0,24
3059,9903,13.237777777777552,1.0,24
3060,9904,13.237777777777552,1.0,24
3061,9905,13.237777777777552,1.0,24
3062,9906,13.237777777777552,1.0,24
3063,9907,13.237777777777552,1.0,24
3064,9908,13.237777777777552,1.0,24
3065,9909,13.237777777777552,1.0,24
3066,9910,13.237777777777552,1.0,24
3067,9911,13.237777777777552,1.0,24
3068,9912,13.24555555555533,1.0,-1
3069,9913,13.253333333333106,1.0,-1
3070,9914,13.261111111110884,1.0,-1
3071,9915,13.268888888888661,1.0,-1
3072,9916,13.276666666666438,1.0,-1
3073,9917,13.284444444444215,1.0,-1
3074,9918,13.292222222221993,1.0,-1
3075,9919,13.29999999999977,1.0,-1
3076,9920,13.307777777777547,1.0,-1
3077,9921,13.315555555555324,1.0,-1
3078,9922,13.323333333333101,1.0,-1
3079,9923,13.331111111110879,1.0,-1
3080,9924,13.338888888888656,1.0,-1
3081,9925,13.346666666666433,1.0,-1
3082,9926,13.35444444444421,1.0,-1
3083,9927,13.362222222221988,1.0,-1
3084,9928,13.369999999999765,1.0,-1
3085,9929,13.377777777777542,1.0,-1
3086,9930,13.38555555555532,1.0,-1
3087,9931,13.393333333333096,1.0,-1
3088,9932,13.401111111110874,1.0,-1
3089,9933,13.40888888888865,1.0,-1
3090,9934,13.416666666666428,1.0,-1
3091,9935,13.424444444444205,1.0,-1
3092,9936,13.432222222221982,1.0,-1
3093,9937,13.43999999999976,1.0,-1
3094,9938,13.447777777777537,1.0,-1
3095,9939,13.455555555555314,1.0,-1
3096,9940,13.463333333333091,1.0,-1
3097,9941,13.471111111110869,1.0,-1
3098,9942,13.478888888888646,1.0,-1
3099,9943,13.486666666666423,1.0,-1
3100,9944,13.4944444444442,1.0,-1
3101,9945,13.502222222221977,1.0,-1
3102,9946,13.509999999999755,1.0,-1
3103,9947,13.517777777777532,1.0,-1
3104,9948,13.525555555555309,1.0,-1
3105,9949,13.533333333333086,1.0,-1
3106,9950,13.541111111110864,1.0,-1
3107,9951,13.54888888888864,1.0,-1
3108,9952,13.556666666666418,1.0,-1
3109,9953,13.564444444444195,1.0,-1
3110,9954,13.572222222221972,1.0,-1
3111,9955,13.57999999999975,1.0,-1
3112,9956,13.587777777777527,1.0,-1
3113,9957,13.595555555555304,1.0,-1
3114,9958,13.603333333333081,1.0,-1
3115,9959,13.611111111110858,1.0,-1
3116,9960,13.618888888888636,1.0,-1
3117,9961,13.626666666666413,1.0,-1
3118,9962,13.63444444444419,1.0,-1
3119,9963,13.642222222221967,1.0,-1
3120,9964,13.649999999999745,1.0,-1
3121,9965,13.657777777777522,1.0,-1
3122,9966,13.665555555555299,1.0,-1
3123,9967,13.673333333333076,1.0,-1
3124,9968,13.681111111110853,1.0,-1
3125,9969,13.68888888888863,1.0,-1
3126,9970,13.696666666666408,1.0,-1
3127,9971,13.704444444444185,1.0,-1
3128,9972,13.712222222221962,1.0,-1
3129,9973,13.71999999999974,1.0,-1
3130,9974,13.727777777777517,1.0,-1
3131,9975,13.735555555555294,1.0,-1
3132,9976,13.743333333333071,1.0,-1
3133,9977,13.751111111110848,1.0,-1
3134,9978,13.758888888888626,1.0,-1
3135,9979,13.766666666666403,1.0,-1
3136,9980,13.77444444444418,1.0,-1
3137,9981,13.782222222221957,1.0,-1
3138,9982,13.789999999999734,1.0,-1
3139,9983,13.797777777777512,1.0,-1
3140,9984,13.805555555555289,1.0,-1
3141,9985,13.813333333333066,1.0,-1
3142,9986,13.821111111110843,1.0,-1
3143,9987,13.82888888888862,1.0,-1
3144,9988,13.836666666666398,1.0,-1
3145,9989,13.844444444444175,1.0,-1
3146,9990,13.852222222221952,1.0,-1
3147,9991,13.85999999999973,1.0,-1
3148,9992,13.867777777777507,1.0,-1
3149,9993,13.867777777777507,1.0,25
3150,9994,13.867777777777507,1.0,25
3151,9995,13.867777777777507,1.0,25
3152,9996,13.867777777777507,1.0,25
3153,9997,13.867777777777507,1.0,25
3154,9998,13.867777777777507,1.0,25
3155,9999,13.867777777777507,1.0,25
3156,10000,13.867777777777507,1.0,25
3157,10001,13.867777777777507,1.0,25
3158,10002,13.867777777777507,1.0,25
3159,10003,13.867777777777507,1.0,25
3160,10004,13.867777777777507,1.0,25
3161,10005,13.867777777777507,1.0,25
3162,10006,13.867777777777507,1.0,25
3163,10007,13.867777777777507,1.0,25
3164,10008,13.867777777777507,1.0,25
3165,10009,13.867777777777507,1.0,25
3166,10010,13.867777777777507,1.0,25
3167,10011,13.867777777777507,1.0,25
3168,10012,13.867777777777507,1.0,25
3169,10013,13.867777777777507,1.0,25
3170,10014,13.867777777777507,1.0,25
3171,10015,13.867777777777507,1.0,25
3172,10016,13.867777777777507,1.0,25
3173,10017,13.867777777777507,1.0,25
3174,10018,13.867777777777507,1.0,25
3175,10019,13.867777777777507,1.0,25
3176,10020,13.867777777777507,1.0,25
3177,10021,13.867777777777507,1.0,25
3178,10022,13.867777777777507,1.0,25
3179,10023,13.867777777777507,1.0,25
3180,10024,13.867777777777507,1.0,25
3181,10025,13.867777777777507,1.0,25
3182,10026,13.867777777777507,1.0,25
3183,10027,13.867777777777507,1.0,25
3184,10028,13.867777777777507,1.0,25
3185,10029,13.867777777777507,1.0,25
3186,10030,13.867777777777507,1.0,25
3187,10031,13.867777777777507,1.0,25
3188,10032,13.867777777777507,1.0,25
3189,10033,13.867777777777507,1.0,25
3190,10034,13.867777777777507,1.0,25
3191,10035,13.867777777777507,1.0,25
3192,10036,13.867777777777507,1.0,25
3193,10037,13.867777777777507,1.0,25
3194,10038,13.867777777777507,1.0,25
3195,10039,13.867777777777507,1.0,25
3196,10040,13.867777777777507,1.0,25
3197,10041,13.867777777777507,1.0,25
3198,10042,13.867777777777507,1.0,25
3199,10043,13.867777777777507,1.0,25
3200,10044,13.867777777777507,1.0,25
3201,10045,13.867777777777507,1.0,25
3202,10046,13.867777777777507,1.0,25
3203,10047,13.867777777777507,1.0,25
3204,10048,13.875555555555284,1.0,-1
3205,10049,13.883333333333061,1.0,-1
3206,10050,13.891111111110838,1.0,-1
3207,10051,13.898888888888616,1.0,-1
3208,10052,13.906666666666393,1.0,-1
3209,10053,13.91444444444417,1.0,-1
3210,10054,13.922222222221947,1.0,-1
3211,10055,13.929999999999724,1.0,-1
3212,10056,13.937777777777502,1.0,-1
3213,10057,13.945555555555279,1.0,-1
3214,10058,13.953333333333056,1.0,-1
3215,10059,13.961111111110833,1.0,-1
3216,10060,13.96888888888861,1.0,-1
3217,10061,13.976666666666388,1.0,-1
3218,10062,13.984444444444165,1.0,-1
3219,10063,13.992222222221942,1.0,-1
3220,10064,13.99999999999972,1.0,-1
3221,10065,14.007777777777497,1.0,-1
3222,10066,14.015555555555274,1.0,-1
3223,10067,14.023333333333051,1.0,-1
3224,10068,14.031111111110828,1.0,-1
3225,10069,14.038888888888605,1.0,-1
3226,10070,14.046666666666383,1.0,-1
3227,10071,14.05444444444416,1.0,-1
3228,10072,14.062222222221937,1.0,-1
3229,10073,14.069999999999714,1.0,-1
3230,10074,14.077777777777492,1.0,-1
3231,10075,14.085555555555269,1.0,-1
3232,10076,14.093333333333046,1.0,-1
3233,10077,14.101111111110823,1.0,-1
3234,10078,14.1088888888886,1.0,-1
3235,10079,14.116666666666378,1.0,-1
3236,10080,14.124444444444155,1.0,-1
3237,10081,14.132222222221932,1.0,-1
3238,10082,14.132222222221932,1.0,26
3239,10083,14.132222222221932,1.0,26
3240,10084,14.132222222221932,1.0,26
3241,10085,14.132222222221932,1.0,26
3242,10086,14.132222222221932,1.0,26
3243,10087,14.132222222221932,1.0,26
3244,10088,14.132222222221932,1.0,26
3245,10089,14.132222222221932,1.0,26
3246,10090,14.132222222221932,1.0,26
3247,10091,14.132222222221932,1.0,26
3248,10092,14.132222222221932,1.0,26
3249,10093,14.132222222221932,1.0,26
3250,10094,14.132222222221932,1.0,26
3251,10095,14.132222222221932,1.0,26
3252,10096,14.132222222221932,1.0,26
3253,10097,14.132222222221932,1.0,26
3254,10098,14.132222222221932,1.0,26
3255,10099,14.132222222221932,1.0,26
3256,10100,14.132222222221932,1.0,26
3257,10101,14.132222222221932,1.0,26
3258,10102,14.132222222221932,1.0,26
3259,10103,14.132222222221932,1.0,26
3260,10104,14.132222222221932,1.0,26
3261,10105,14.132222222221932,1.0,26
3262,10106,14.132222222221932,1.0,26
3263,10107,14.132222222221932,1.0,26
3264,10108,14.132222222221932,1.0,26
3265,10109,14.132222222221932,1.0,26
3266,10110,14.132222222221932,1.0,26
3267,10111,14.132222222221932,1.0,26
3268,10112,14.132222222221932,1.0,26
3269,10113,14.132222222221932,1.0,26
3270,10114,14.132222222221932,1.0,26
3271,10115,14.132222222221932,1.0,26
3272,10116,14.132222222221932,1.0,26
3273,10117,14.132222222221932,1.0,26
3274,10118,14.132222222221932,1.0,26
3275,10119,14.132222222221932,1.0,26
3276,10120,14.132222222221932,1.0,26
3277,10121,14.132222222221932,1.0,26
3278,10122,14.132222222221932,1.0,26
3279,10123,14.132222222221932,1.0,26
3280,10124,14.132222222221932,1.0,26
3281,10125,14.132222222221932,1.0,26
3282,10126,14.132222222221932,1.0,26
3283,10127,14.132222222221932,1.0,26
3284,10128,14.132222222221932,1.0,26
3285,10129,14.132222222221932,1.0,26
3286,10130,14.132222222221932,1.0,26
3287,10131,14.132222222221932,1.0,26
3288,10132,14.132222222221932,1.0,26
3289,10133,14.132222222221932,1.0,26
3290,10134,14.132222222221932,1.0,26
3291,10135,14.132222222221932,1.0,26
3292,10136,14.132222222221932,1.0,26
3293,10137,14.132222222221932,1.0,26
3294,10138,14.132222222221932,1.0,26
3295,10139,14.132222222221932,1.0,26
3296,10140,14.132222222221932,1.0,26
3297,10141,14.132222222221932,1.0,26
3298,10142,14.132222222221932,1.0,26
3299,10143,14.132222222221932,1.0,26
3300,10144,14.132222222221932,1.0,26
3301,10145,14.132222222221932,1.0,26
3302,10146,14.132222222221932,1.0,26
3303,10147,14.132222222221932,1.0,26
3304,10148,14.132222222221932,1.0,26
3305,10149,14.132222222221932,1.0,26
3306,10150,14.132222222221932,1.0,26
3307,10151,14.132222222221932,1.0,26
3308,10152,14.132222222221932,1.0,26
3309,10153,14.132222222221932,1.0,26
3310,10154,14.132222222221932,1.0,26
3311,10155,14.132222222221932,1.0,26
3312,10156,14.132222222221932,1.0,26
3313,10157,14.132222222221932,1.0,26
3314,10158,14.132222222221932,1.0,26
3315,10159,14.132222222221932,1.0,26
3316,10160,14.132222222221932,1.0,26
3317,10161,14.132222222221932,1.0,26
3318,10162,14.132222222221932,1.0,26
3319,10163,14.132222222221932,1.0,26
3320,10164,14.132222222221932,1.0,26
3321,10165,14.132222222221932,1.0,26
3322,10166,14.132222222221932,1.0,26
3323,10167,14.132222222221932,1.0,26
3324,10168,14.132222222221932,1.0,26
3325,10169,14.132222222221932,1.0,26
3326,10170,14.132222222221932,1.0,26
3327,10171,14.132222222221932,1.0,26
3328,10172,14.132222222221932,1.0,26
3329,10173,14.132222222221932,1.0,26
3330,10174,14.132222222221932,1.0,26
3331,10175,14.132222222221932,1.0,26
3332,10176,14.132222222221932,1.0,26
3333,10177,14.132222222221932,1.0,26
3334,10178,14.132222222221932,1.0,26
3335,10179,14.13999999999971,1.0,-1
3336,10180,14.147777777777486,1.0,-1
3337,10181,14.155555555555264,1.0,-1
3338,10182,14.163333333333041,1.0,-1
3339,10183,14.171111111110818,1.0,-1
3340,10184,14.178888888888595,1.0,-1
3341,10185,14.186666666666373,1.0,-1
3342,10186,14.19444444444415,1.0,-1
3343,10187,14.202222222221927,1.0,-1
3344,10188,14.209999999999704,1.0,-1
3345,10189,14.217777777777481,1.0,-1
3346,10190,14.225555555555259,1.0,-1
3347,10191,14.233333333333036,1.0,-1
3348,10192,14.241111111110813,1.0,-1
3349,10193,14.24888888888859,1.0,-1
3350,10194,14.256666666666368,1.0,-1
3351,10195,14.264444444444145,1.0,-1
3352,10196,14.272222222221922,1.0,-1
3353,10197,14.2799999999997,1.0,-1
3354,10198,14.287777777777476,1.0,-1
3355,10199,14.295555555555254,1.0,-1
3356,10200,14.30333333333303,1.0,-1
3357,10201,14.311111111110808,1.0,-1
3358,10202,14.318888888888585,1.0,-1
3359,10203,14.326666666666362,1.0,-1
3360,10204,14.33444444444414,1.0,-1
3361,10205,14.342222222221917,1.0,-1
3362,10206,14.349999999999694,1.0,-1
3363,10207,14.357777777777471,1.0,-1
3364,10208,14.365555555555249,1.0,-1
3365,10209,14.373333333333026,1.0,-1
3366,10210,14.381111111110803,1.0,-1
3367,10211,14.38888888888858,1.0,-1
3368,10212,14.38888888888858,0.8875,27
3369,10213,14.38888888888858,0.8875,27
3370,10214,14.38888888888858,0.8875,27
3371,10215,14.38888888888858,0.8875,27
3372,10216,14.38888888888858,0.8875,27
3373,10217,14.38888888888858,0.8875,27
3374,10218,14.38888888888858,0.8875,27
3375,10219,14.38888888888858,0.8875,27
3376,10220,14.38888888888858,0.8875,27
3377,10221,14.38888888888858,0.8875,27
3378,10222,14.38888888888858,0.8875,27
3379,10223,14.38888888888858,0.8875,27
3380,10224,14.38888888888858,0.8875,27
3381,10225,14.38888888888858,0.8875,27
3382,10226,14.38888888888858,0.8875,27
3383,10227,14.38888888888858,0.8875,27
3384,10228,14.38888888888858,0.8875,27
3385,10229,14.38888888888858,0.8875,27
3386,10230,14.38888888888858,0.8875,27
3387,10231,14.38888888888858,0.8875,27
3388,10232,14.38888888888858,0.8875,27
3389,10233,14.38888888888858,0.8875,27
3390,10234,14.38888888888858,0.8875,27
3391,10235,14.38888888888858,0.8875,27
3392,10236,14.38888888888858,0.8875,27
3393,10237,14.38888888888858,0.8875,27
3394,10238,14.38888888888858,0.8875,27
3395,10239,14.38888888888858,0.8875,27
3396,10240,14.38888888888858,0.8875,27
3397,10241,14.38888888888858,0.8875,27
3398,10242,14.38888888888858,0.8875,27
3399,10243,14.38888888888858,0.8875,27
3400,10244,14.38888888888858,0.8875,27
3401,10245,14.38888888888858,0.8875,27
3402,10246,14.38888888888858,0.8875,27
3403,10247,14.38888888888858,0.8875,27
3404,10248,14.38888888888858,0.8875,27
3405,10249,14.38888888888858,0.8875,27
3406,10250,14.38888888888858,0.8875,27
3407,10251,14.38888888888858,0.8875,27
3408,10252,14.396666666666357,0.8875,-1
3409,10253,14.404444444444135,0.8875,-1
3410,10254,14.412222222221912,0.8875,-1
3411,10255,14.419999999999689,0.8875,-1
3412,10256,14.427777777777466,0.8875,-1
3413,10257,14.435555555555244,0.8875,-1
3414,10258,14.44333333333302,0.8875,-1
3415,10259,14.451111111110798,0.8875,-1
3416,10260,14.458888888888575,0.8875,-1
3417,10261,14.466666666666352,0.8875,-1
3418,10262,14.47444444444413,0.8875,-1
3419,10263,14.482222222221907,0.8875,-1
3420,10264,14.489999999999684,0.8875,-1
3421,10265,14.497777777777461,0.8875,-1
3422,10266,14.505555555555238,0.8875,-1
3423,10267,14.513333333333016,0.8875,-1
3424,10268,14.521111111110793,0.8875,-1
3425,10269,14.52888888888857,0.8875,-1
3426,10270,14.536666666666347,0.8875,-1
3427,10271,14.544444444444125,0.8875,-1
3428,10272,14.552222222221902,0.8875,-1
3429,10273,14.559999999999679,0.8875,-1
3430,10274,14.567777777777456,0.8875,-1
3431,10275,14.575555555555233,0.8875,-1
3432,10276,14.58333333333301,0.8875,-1
3433,10277,14.591111111110788,0.8875,-1
3434,10278,14.598888888888565,0.8875,-1
3435,10279,14.606666666666342,0.8875,-1
3436,10280,14.61444444444412,0.8875,-1
3437,10281,14.622222222221897,0.8875,-1
3438,10282,14.629999999999674,0.8875,-1
3439,10283,14.637777777777451,0.8875,-1
3440,10284,14.645555555555228,0.8875,-1
3441,10285,14.653333333333006,0.8875,-1
3442,10286,14.661111111110783,0.8875,-1
3443,10287,14.661111111110783,0.8625,28
3444,10288,14.661111111110783,0.8625,28
3445,10289,14.661111111110783,0.8625,28
3446,10290,14.661111111110783,0.8625,28
3447,10291,14.661111111110783,0.8625,28
3448,10292,14.661111111110783,0.8625,28
3449,10293,14.661111111110783,0.8625,28
3450,10294,14.661111111110783,0.8625,28
3451,10295,14.661111111110783,0.8625,28
3452,10296,14.661111111110783,0.8625,28
3453,10297,14.661111111110783,0.8625,28
3454,10298,14.661111111110783,0.8625,28
3455,10299,14.66888888888856,0.8625,-1
3456,10300,14.676666666666337,0.8625,-1
3457,10301,14.684444444444114,0.8625,-1
3458,10302,14.692222222221892,0.8625,-1
3459,10303,14.699999999999669,0.8625,-1
3460,10304,14.707777777777446,0.8625,-1
3461,10305,14.715555555555223,0.8625,-1
3462,10306,14.723333333333,0.8625,-1
3463,10307,14.731111111110778,0.8625,-1
3464,10308,14.738888888888555,0.8625,-1
3465,10309,14.746666666666332,0.8625,-1
3466,10310,14.75444444444411,0.8625,-1
3467,10311,14.762222222221887,0.8625,-1
3468,10312,14.769999999999664,0.8625,-1
3469,10313,14.777777777777441,0.8625,-1
3470,10314,14.785555555555218,0.8625,-1
3471,10315,14.793333333332995,0.8625,-1
3472,10316,14.801111111110773,0.8625,-1
3473,10317,14.80888888888855,0.8625,-1
3474,10318,14.816666666666327,0.8625,-1
3475,10319,14.824444444444104,0.8625,-1
3476,10320,14.832222222221882,0.8625,-1
3477,10321,14.839999999999659,0.8625,-1
3478,10322,14.847777777777436,0.8625,-1
3479,10323,14.855555555555213,0.8625,-1
3480,10324,14.86333333333299,0.8625,-1
3481,10325,14.871111111110768,0.8625,-1
3482,10326,14.878888888888545,0.8625,-1
3483,10327,14.886666666666322,0.8625,-1
3484,10328,14.8944444444441,0.8625,-1
3485,10329,14.902222222221877,0.8625,-1
3486,10330,14.909999999999654,0.8625,-1
3487,10331,14.917777777777431,0.8625,-1
3488,10332,14.925555555555208,0.8625,-1
3489,10333,14.933333333332985,0.8625,-1
3490,10334,14.941111111110763,0.8625,-1
3491,10335,14.94888888888854,0.8625,-1
3492,10336,14.956666666666317,0.8625,-1
3493,10337,14.964444444444094,0.8625,-1
3494,10338,14.964444444444094,0.7875,29
3495,10339,14.964444444444094,0.7875,29
3496,10340,14.964444444444094,0.7875,29
3497,10341,14.964444444444094,0.7875,29
3498,10342,14.964444444444094,0.7875,29
3499,10343,14.964444444444094,0.7875,29
3500,10344,14.964444444444094,0.7875,29
3501,10345,14.964444444444094,0.7875,29
3502,10346,14.964444444444094,0.7875,29
3503,10347,14.964444444444094,0.7875,29
3504,10348,14.964444444444094,0.7875,29
3505,10349,14.964444444444094,0.7875,29
3506,10350,14.964444444444094,0.7875,29
3507,10351,14.964444444444094,0.7875,29
3508,10352,14.964444444444094,0.7875,29
3509,10353,14.964444444444094,0.7875,29
3510,10354,14.964444444444094,0.7875,29
3511,10355,14.964444444444094,0.7875,29
3512,10356,14.964444444444094,0.7875,29
3513,10357,14.964444444444094,0.7875,29
3514,10358,14.964444444444094,0.7875,29
3515,10359,14.964444444444094,0.7875,29
3516,10360,14.964444444444094,0.7875,29
3517,10361,14.964444444444094,0.7875,29
3518,10362,14.964444444444094,0.7875,29
3519,10363,14.964444444444094,0.7875,29
3520,10364,14.964444444444094,0.7875,29
3521,10365,14.964444444444094,0.7875,29
3522,10366,14.964444444444094,0.7875,29
3523,10367,14.964444444444094,0.7875,29
3524,10368,14.964444444444094,0.7875,29
3525,10369,14.964444444444094,0.7875,29
3526,10370,14.964444444444094,0.7875,29
3527,10371,14.964444444444094,0.7875,29
3528,10372,14.964444444444094,0.7875,29
3529,10373,14.964444444444094,0.7875,29
3530,10374,14.964444444444094,0.7875,29
3531,10375,14.964444444444094,0.7875,29
3532,10376,14.964444444444094,0.7875,29
3533,10377,14.964444444444094,0.7875,29
3534,10378,14.964444444444094,0.7875,29
3535,10379,14.964444444444094,0.7875,29
3536,10380,14.964444444444094,0.7875,29
3537,10381,14.964444444444094,0.7875,29
3538,10382,14.964444444444094,0.7875,29
3539,10383,14.964444444444094,0.7875,29
3540,10384,14.964444444444094,0.7875,29
3541,10385,14.964444444444094,0.7875,29
3542,10386,14.964444444444094,0.7875,29
3543,10387,14.964444444444094,0.7875,29
3544,10388,14.964444444444094,0.7875,29
3545,10389,14.964444444444094,0.7875,29
3546,10390,14.972222222221871,0.7875,-1
3547,10391,14.979999999999649,0.7875,-1
3548,10392,14.987777777777426,0.7875,-1
3549,10393,14.995555555555203,0.7875,-1
3550,10394,15.00333333333298,0.7875,-1
3551,10395,15.011111111110758,0.7875,-1
3552,10396,15.018888888888535,0.7875,-1
3553,10397,15.026666666666312,0.7875,-1
3554,10398,15.03444444444409,0.7875,-1
3555,10399,15.042222222221866,0.7875,-1
3556,10400,15.049999999999644,0.7875,-1
3557,10401,15.05777777777742,0.7875,-1
3558,10402,15.065555555555198,0.7875,-1
3559,10403,15.073333333332975,0.7875,-1
3560,10404,15.081111111110753,0.7875,-1
3561,10405,15.08888888888853,0.7875,-1
3562,10406,15.096666666666307,0.7875,-1
3563,10407,15.104444444444084,0.7875,-1
3564,10408,15.112222222221861,0.7875,-1
3565,10409,15.119999999999639,0.7875,-1
3566,10410,15.127777777777416,0.7875,-1
3567,10411,15.135555555555193,0.7875,-1
3568,10412,15.14333333333297,0.7875,-1
3569,10413,15.151111111110747,0.7875,-1
3570,10414,15.158888888888525,0.7875,-1
3571,10415,15.166666666666302,0.7875,-1
3572,10416,15.17444444444408,0.7875,-1
3573,10417,15.182222222221856,0.7875,-1
3574,10418,15.189999999999634,0.7875,-1
3575,10419,15.19777777777741,0.7875,-1
3576,10420,15.205555555555188,0.7875,-1
3577,10421,15.213333333332965,0.7875,-1
3578,10422,15.221111111110742,0.7875,-1
3579,10423,15.22888888888852,0.7875,-1
3580,10424,15.236666666666297,0.7875,-1
3581,10425,15.244444444444074,0.7875,-1
3582,10426,15.252222222221851,0.7875,-1
3583,10427,15.259999999999629,0.7875,-1
3584,10428,15.267777777777406,0.7875,-1
3585,10429,15.275555555555183,0.7875,-1
3586,10430,15.28333333333296,0.7875,-1
3587,10431,15.291111111110737,0.7875,-1
3588,10432,15.298888888888515,0.7875,-1
3589,10433,15.306666666666292,0.7875,-1
3590,10434,15.314444444444069,0.7875,-1
3591,10435,15.322222222221846,0.7875,-1
3592,10436,15.329999999999623,0.7875,-1
3593,10437,15.3377777777774,0.7875,-1
3594,10438,15.3377777777774,0.7125,30
3595,10439,15.3377777777774,0.7125,30
3596,10440,15.3377777777774,0.7125,30
3597,10441,15.3377777777774,0.7125,30
3598,10442,15.3377777777774,0.7125,30
3599,10443,15.3377777777774,0.7125,30
3600,10444,15.3377777777774,0.7125,30
3601,10445,15.3377777777774,0.7125,30
3602,10446,15.3377777777774,0.7125,30
3603,10447,15.3377777777774,0.7125,30
3604,10448,15.3377777777774,0.7125,30
3605,10449,15.3377777777774,0.7125,30
3606,10450,15.3377777777774,0.7125,30
3607,10451,15.3377777777774,0.7125,30
3608,10452,15.3377777777774,0.7125,30
3609,10453,15.345555555555178,0.7125,-1
3610,10454,15.353333333332955,0.7125,-1
3611,10455,15.361111111110732,0.7125,-1
3612,10456,15.36888888888851,0.7125,-1
3613,10457,15.376666666666287,0.7125,-1
3614,10458,15.384444444444064,0.7125,-1
3615,10459,15.392222222221841,0.7125,-1
3616,10460,15.399999999999618,0.7125,-1
3617,10461,15.407777777777396,0.7125,-1
3618,10462,15.415555555555173,0.7125,-1
3619,10463,15.42333333333295,0.7125,-1
3620,10464,15.431111111110727,0.7125,-1
3621,10465,15.438888888888505,0.7125,-1
3622,10466,15.446666666666282,0.7125,-1
3623,10467,15.454444444444059,0.7125,-1
3624,10468,15.462222222221836,0.7125,-1
3625,10469,15.469999999999613,0.7125,-1
3626,10470,15.47777777777739,0.7125,-1
3627,10471,15.485555555555168,0.7125,-1
3628,10472,15.493333333332945,0.7125,-1
3629,10473,15.501111111110722,0.7125,-1
3630,10474,15.5088888888885,0.7125,-1
3631,10475,15.516666666666277,0.7125,-1
3632,10476,15.524444444444054,0.7125,-1
3633,10477,15.532222222221831,0.7125,-1
3634,10478,15.539999999999608,0.7125,-1
3635,10479,15.547777777777386,0.7125,-1
3636,10480,15.555555555555163,0.7125,-1
3637,10481,15.56333333333294,0.7125,-1
3638,10482,15.571111111110717,0.7125,-1
3639,10483,15.578888888888494,0.7125,-1
3640,10484,15.586666666666272,0.7125,-1
3641,10485,15.594444444444049,0.7125,-1
3642,10486,15.602222222221826,0.7125,-1
3643,10487,15.609999999999603,0.7125,-1
3644,10488,15.61777777777738,0.7125,-1
3645,10489,15.625555555555158,0.7125,-1
3646,10490,15.633333333332935,0.7125,-1
3647,10491,15.641111111110712,0.7125,-1
3648,10492,15.64888888888849,0.7125,-1
3649,10493,15.656666666666267,0.7125,-1
3650,10494,15.664444444444044,0.7125,-1
3651,10495,15.672222222221821,0.7125,-1
3652,10496,15.679999999999598,0.7125,-1
3653,10497,15.687777777777375,0.7125,-1
3654,10498,15.695555555555153,0.7125,-1
3655,10499,15.70333333333293,0.7125,-1
3656,10500,15.711111111110707,0.7125,-1
3657,10501,15.718888888888484,0.7125,-1
3658,10502,15.726666666666262,0.7125,-1
3659,10503,15.734444444444039,0.7125,-1
3660,10504,15.742222222221816,0.7125,-1
3661,10505,15.749999999999593,0.7125,-1
3662,10506,15.75777777777737,0.7125,-1
3663,10507,15.765555555555148,0.7125,-1
3664,10508,15.773333333332925,0.7125,-1
3665,10509,15.781111111110702,0.7125,-1
3666,10510,15.78888888888848,0.7125,-1
3667,10511,15.796666666666257,0.7125,-1
3668,10512,15.804444444444034,0.7125,-1
3669,10513,15.812222222221811,0.7125,-1
3670,10514,15.819999999999588,0.7125,-1
3671,10515,15.827777777777365,0.7125,-1
3672,10516,15.835555555555143,0.7125,-1
3673,10517,15.84333333333292,0.7125,-1
3674,10518,15.851111111110697,0.7125,-1
3675,10519,15.858888888888474,0.7125,-1
3676,10520,15.858888888888474,0.6875,31
3677,10521,15.858888888888474,0.6875,31
3678,10522,15.858888888888474,0.6875,31
3679,10523,15.858888888888474,0.6875,31
3680,10524,15.858888888888474,0.6875,31
3681,10525,15.858888888888474,0.6875,31
3682,10526,15.858888888888474,0.6875,31
3683,10527,15.858888888888474,0.6875,31
3684,10528,15.858888888888474,0.6875,31
3685,10529,15.858888888888474,0.6875,31
3686,10530,15.858888888888474,0.6875,31
3687,10531,15.858888888888474,0.6875,31
3688,10532,15.858888888888474,0.6875,31
3689,10533,15.858888888888474,0.6875,31
3690,10534,15.858888888888474,0.6875,31
3691,10535,15.858888888888474,0.6875,31
3692,10536,15.858888888888474,0.6875,31
3693,10537,15.858888888888474,0.6875,31
3694,10538,15.858888888888474,0.6875,31
3695,10539,15.858888888888474,0.6875,31
3696,10540,15.858888888888474,0.6875,31
3697,10541,15.858888888888474,0.6875,31
3698,10542,15.858888888888474,0.6875,31
3699,10543,15.858888888888474,0.6875,31
3700,10544,15.858888888888474,0.6875,31
3701,10545,15.858888888888474,0.6875,31
3702,10546,15.858888888888474,0.6875,31
3703,10547,15.858888888888474,0.6875,31
3704,10548,15.858888888888474,0.6875,31
3705,10549,15.858888888888474,0.6875,31
3706,10550,15.858888888888474,0.6875,31
3707,10551,15.858888888888474,0.6875,31
3708,10552,15.858888888888474,0.6875,31
3709,10553,15.858888888888474,0.6875,31
3710,10554,15.858888888888474,0.6875,31
3711,10555,15.858888888888474,0.6875,31
3712,10556,15.858888888888474,0.6875,31
3713,10557,15.858888888888474,0.6875,31
3714,10558,15.858888888888474,0.6875,31
3715,10559,15.858888888888474,0.6875,31
3716,10560,15.858888888888474,0.6875,31
3717,10561,15.858888888888474,0.6875,31
3718,10562,15.858888888888474,0.6875,31
3719,10563,15.858888888888474,0.6875,31
3720,10564,15.858888888888474,0.6875,31
3721,10565,15.858888888888474,0.6875,31
3722,10566,15.858888888888474,0.6875,31
3723,10567,15.858888888888474,0.6875,31
3724,10568,15.858888888888474,0.6875,31
3725,10569,15.858888888888474,0.6875,31
3726,10570,15.858888888888474,0.6875,31
3727,10571,15.858888888888474,0.6875,31
3728,10572,15.858888888888474,0.6875,31
3729,10573,15.858888888888474,0.6875,31
3730,10574,15.858888888888474,0.6875,31
3731,10575,15.858888888888474,0.6875,31
3732,10576,15.858888888888474,0.6875,31
3733,10577,15.858888888888474,0.6875,31
3734,10578,15.858888888888474,0.6875,31
3735,10579,15.858888888888474,0.6875,31
3736,10580,15.858888888888474,0.6875,31
3737,10581,15.858888888888474,0.6875,31
3738,10582,15.858888888888474,0.6875,31
3739,10583,15.858888888888474,0.6875,31
3740,10584,15.858888888888474,0.6875,31
3741,10585,15.858888888888474,0.6875,31
3742,10586,15.858888888888474,0.6875,31
3743,10587,15.858888888888474,0.6875,31
3744,10588,15.858888888888474,0.6875,31
3745,10589,15.858888888888474,0.6875,31
3746,10590,15.858888888888474,0.6875,31
3747,10591,15.858888888888474,0.6875,31
3748,10592,15.858888888888474,0.6875,31
3749,10593,15.858888888888474,0.6875,31
3750,10594,15.858888888888474,0.6875,31
3751,10595,15.858888888888474,0.6875,31
3752,10596,15.858888888888474,0.6875,31
3753,10597,15.858888888888474,0.6875,31
3754,10598,15.858888888888474,0.6875,31
3755,10599,15.858888888888474,0.6875,31
3756,10600,15.858888888888474,0.6875,31
3757,10601,15.858888888888474,0.6875,31
3758,10602,15.866666666666251,0.6875,-1
3759,10603,15.874444444444029,0.6875,-1
3760,10604,15.882222222221806,0.6875,-1
3761,10605,15.889999999999583,0.6875,-1
3762,10606,15.89777777777736,0.6875,-1
3763,10607,15.905555555555138,0.6875,-1
3764,10608,15.913333333332915,0.6875,-1
3765,10609,15.921111111110692,0.6875,-1
3766,10610,15.92888888888847,0.6875,-1
3767,10611,15.936666666666246,0.6875,-1
3768,10612,15.944444444444024,0.6875,-1
3769,10613,15.9522222222218,0.6875,-1
3770,10614,15.959999999999578,0.6875,-1
3771,10615,15.967777777777355,0.6875,-1
3772,10616,15.975555555555133,0.6875,-1
3773,10617,15.98333333333291,0.6875,-1
3774,10618,15.991111111110687,0.6875,-1
3775,10619,15.998888888888464,0.6875,-1
3776,10620,16.00666666666624,0.6875,-1
3777,10621,16.01444444444402,0.6875,-1
3778,10622,16.0222222222218,0.6875,-1
3779,10623,16.02999999999958,0.6875,-1
3780,10624,16.037777777777357,0.6875,-1
3781,10625,16.045555555555136,0.6875,-1
3782,10626,16.053333333332915,0.6875,-1
3783,10627,16.061111111110694,0.6875,-1
3784,10628,16.068888888888473,0.6875,-1
3785,10629,16.076666666666252,0.6875,-1
3786,10630,16.08444444444403,0.6875,-1
3787,10631,16.09222222222181,0.6875,-1
3788,10632,16.09999999999959,0.6875,-1
3789,10633,16.10777777777737,0.6875,-1
3790,10634,16.115555555555147,0.6875,-1
3791,10635,16.123333333332926,0.6875,-1
3792,10636,16.131111111110705,0.6875,-1
3793,10637,16.138888888888484,0.6875,-1
3794,10638,16.146666666666263,0.6875,-1
3795,10639,16.154444444444042,0.6875,-1
3796,10640,16.16222222222182,0.6875,-1
3797,10641,16.1699999999996,0.6875,-1
3798,10642,16.17777777777738,0.6875,-1
3799,10643,16.18555555555516,0.6875,-1
3800,10644,16.193333333332937,0.6875,-1
3801,10645,16.201111111110716,0.6875,-1
3802,10646,16.208888888888495,0.6875,-1
3803,10647,16.216666666666274,0.6875,-1
3804,10648,16.224444444444053,0.6875,-1
3805,10649,16.232222222221832,0.6875,-1
3806,10650,16.23999999999961,0.6875,-1
3807,10651,16.24777777777739,0.6875,-1
3808,10652,16.25555555555517,0.6875,-1
3809,10653,16.263333333332948,0.6875,-1
3810,10654,16.271111111110727,0.6875,-1
3811,10655,16.278888888888506,0.6875,-1
3812,10656,16.286666666666285,0.6875,-1
3813,10657,16.294444444444064,0.6875,-1
3814,10658,16.302222222221843,0.6875,-1
3815,10659,16.309999999999622,0.6875,-1
3816,10660,16.3177777777774,0.6875,-1
3817,10661,16.32555555555518,0.6875,-1
3818,10662,16.33333333333296,0.6875,-1
3819,10663,16.341111111110738,0.6875,-1
3820,10664,16.348888888888517,0.6875,-1
3821,10665,16.356666666666296,0.6875,-1
3822,10666,16.364444444444075,0.6875,-1
3823,10667,16.372222222221854,0.6875,-1
3824,10668,16.379999999999633,0.6875,-1
3825,10669,16.387777777777412,0.6875,-1
3826,10670,16.39555555555519,0.6875,-1
3827,10671,16.40333333333297,0.6875,-1
3828,10672,16.41111111111075,0.6875,-1
3829,10673,16.418888888888528,0.6875,-1
3830,10674,16.426666666666307,0.6875,-1
3831,10675,16.434444444444086,0.6875,-1
3832,10676,16.442222222221865,0.6875,-1
3833,10677,16.449999999999644,0.6875,-1
3834,10678,16.457777777777423,0.6875,-1
3835,10679,16.465555555555202,0.6875,-1
3836,10680,16.47333333333298,0.6875,-1
3837,10681,16.48111111111076,0.6875,-1
3838,10682,16.48888888888854,0.6875,-1
3839,10683,16.496666666666318,0.6875,-1
3840,10684,16.504444444444097,0.6875,-1
3841,10685,16.512222222221876,0.6875,-1
3842,10686,16.519999999999655,0.6875,-1
3843,10687,16.527777777777434,0.6875,-1
3844,10688,16.535555555555213,0.6875,-1
3845,10689,16.543333333332992,0.6875,-1
3846,10690,16.55111111111077,0.6875,-1
3847,10691,16.55888888888855,0.6875,-1
3848,10692,16.56666666666633,0.6875,-1
3849,10693,16.574444444444108,0.6875,-1
3850,10694,16.582222222221887,0.6875,-1
3851,10695,16.589999999999666,0.6875,-1
3852,10696,16.597777777777445,0.6875,-1
3853,10697,16.597777777777445,0.5875,32
3854,10698,16.597777777777445,0.5875,32
3855,10699,16.597777777777445,0.5875,32
3856,10700,16.597777777777445,0.5875,32
3857,10701,16.597777777777445,0.5875,32
3858,10702,16.597777777777445,0.5875,32
3859,10703,16.597777777777445,0.5875,32
3860,10704,16.597777777777445,0.5875,32
3861,10705,16.597777777777445,0.5875,32
3862,10706,16.597777777777445,0.5875,32
3863,10707,16.597777777777445,0.5875,32
3864,10708,16.597777777777445,0.5875,32
3865,10709,16.597777777777445,0.5875,32
3866,10710,16.597777777777445,0.5875,32
3867,10711,16.597777777777445,0.5875,32
3868,10712,16.597777777777445,0.5875,32
3869,10713,16.597777777777445,0.5875,32
3870,10714,16.597777777777445,0.5875,32
3871,10715,16.597777777777445,0.5875,32
3872,10716,16.597777777777445,0.5875,32
3873,10717,16.597777777777445,0.5875,32
3874,10718,16.597777777777445,0.5875,32
3875,10719,16.597777777777445,0.5875,32
3876,10720,16.597777777777445,0.5875,32
3877,10721,16.597777777777445,0.5875,32
3878,10722,16.597777777777445,0.5875,32
3879,10723,16.597777777777445,0.5875,32
3880,10724,16.597777777777445,0.5875,32
3881,10725,16.597777777777445,0.5875,32
3882,10726,16.597777777777445,0.5875,32
3883,10727,16.597777777777445,0.5875,32
3884,10728,16.597777777777445,0.5875,32
3885,10729,16.597777777777445,0.5875,32
3886,10730,16.597777777777445,0.5875,32
3887,10731,16.597777777777445,0.5875,32
3888,10732,16.597777777777445,0.5875,32
3889,10733,16.597777777777445,0.5875,32
3890,10734,16.597777777777445,0.5875,32
3891,10735,16.597777777777445,0.5875,32
3892,10736,16.597777777777445,0.5875,32
3893,10737,16.597777777777445,0.5875,32
3894,10738,16.597777777777445,0.5875,32
3895,10739,16.597777777777445,0.5875,32
3896,10740,16.597777777777445,0.5875,32
3897,10741,16.597777777777445,0.5875,32
3898,10742,16.597777777777445,0.5875,32
3899,10743,16.597777777777445,0.5875,32
3900,10744,16.597777777777445,0.5875,32
3901,10745,16.597777777777445,0.5875,32
3902,10746,16.597777777777445,0.5875,32
3903,10747,16.597777777777445,0.5875,32
3904,10748,16.605555555555224,0.5875,-1
3905,10749,16.613333333333003,0.5875,-1
3906,10750,16.621111111110782,0.5875,-1
3907,10751,16.62888888888856,0.5875,-1
3908,10752,16.63666666666634,0.5875,-1
3909,10753,16.64444444444412,0.5875,-1
3910,10754,16.652222222221898,0.5875,-1
3911,10755,16.659999999999677,0.5875,-1
3912,10756,16.667777777777456,0.5875,-1
3913,10757,16.675555555555235,0.5875,-1
3914,10758,16.683333333333014,0.5875,-1
3915,10759,16.691111111110793,0.5875,-1
3916,10760,16.698888888888572,0.5875,-1
3917,10761,16.70666666666635,0.5875,-1
3918,10762,16.71444444444413,0.5875,-1
3919,10763,16.72222222222191,0.5875,-1
3920,10764,16.729999999999688,0.5875,-1
3921,10765,16.737777777777467,0.5875,-1
3922,10766,16.745555555555246,0.5875,-1
3923,10767,16.753333333333025,0.5875,-1
3924,10768,16.761111111110804,0.5875,-1
3925,10769,16.768888888888583,0.5875,-1
3926,10770,16.77666666666636,0.5875,-1
3927,10771,16.78444444444414,0.5875,-1
3928,10772,16.79222222222192,0.5875,-1
3929,10773,16.7999999999997,0.5875,-1
3930,10774,16.807777777777478,0.5875,-1
3931,10775,16.815555555555257,0.5875,-1
3932,10776,16.823333333333036,0.5875,-1
3933,10777,16.831111111110815,0.5875,-1
3934,10778,16.838888888888594,0.5875,-1
3935,10779,16.846666666666373,0.5875,-1
3936,10780,16.85444444444415,0.5875,-1
3937,10781,16.86222222222193,0.5875,-1
3938,10782,16.86999999999971,0.5875,-1
3939,10783,16.87777777777749,0.5875,-1
3940,10784,16.885555555555268,0.5875,-1
3941,10785,16.893333333333047,0.5875,-1
3942,10786,16.901111111110826,0.5875,-1
3943,10787,16.908888888888605,0.5875,-1
3944,10788,16.916666666666384,0.5875,-1
3945,10789,16.924444444444163,0.5875,-1
3946,10790,16.93222222222194,0.5875,-1
3947,10791,16.93999999999972,0.5875,-1
3948,10792,16.9477777777775,0.5875,-1
3949,10793,16.95555555555528,0.5875,-1
3950,10794,16.963333333333058,0.5875,-1
3951,10795,16.971111111110837,0.5875,-1
3952,10796,16.971111111110837,0.475,33
3953,10797,16.971111111110837,0.475,33
3954,10798,16.971111111110837,0.475,33
3955,10799,16.971111111110837,0.475,33
3956,10800,16.971111111110837,0.475,33
3957,10801,16.971111111110837,0.475,33
3958,10802,16.971111111110837,0.475,33
3959,10803,16.971111111110837,0.475,33
3960,10804,16.971111111110837,0.475,33
3961,10805,16.971111111110837,0.475,33
3962,10806,16.971111111110837,0.475,33
3963,10807,16.971111111110837,0.475,33
3964,10808,16.971111111110837,0.475,33
3965,10809,16.971111111110837,0.475,33
3966,10810,16.971111111110837,0.475,33
3967,10811,16.971111111110837,0.475,33
3968,10812,16.971111111110837,0.475,33
3969,10813,16.971111111110837,0.475,33
3970,10814,16.971111111110837,0.475,33
3971,10815,16.971111111110837,0.475,33
3972,10816,16.971111111110837,0.475,33
3973,10817,16.971111111110837,0.475,33
3974,10818,16.971111111110837,0.475,33
3975,10819,16.971111111110837,0.475,33
3976,10820,16.971111111110837,0.475,33
3977,10821,16.971111111110837,0.475,33
3978,10822,16.971111111110837,0.475,33
3979,10823,16.971111111110837,0.475,33
3980,10824,16.971111111110837,0.475,33
3981,10825,16.971111111110837,0.475,33
3982,10826,16.971111111110837,0.475,33
3983,10827,16.971111111110837,0.475,33
3984,10828,16.971111111110837,0.475,33
3985,10829,16.971111111110837,0.475,33
3986,10830,16.971111111110837,0.475,33
3987,10831,16.971111111110837,0.475,33
3988,10832,16.971111111110837,0.475,33
3989,10833,16.971111111110837,0.475,33
3990,10834,16.971111111110837,0.475,33
3991,10835,16.971111111110837,0.475,33
3992,10836,16.971111111110837,0.475,33
3993,10837,16.971111111110837,0.475,33
3994,10838,16.971111111110837,0.475,33
3995,10839,16.971111111110837,0.475,33
3996,10840,16.971111111110837,0.475,33
3997,10841,16.971111111110837,0.475,33
3998,10842,16.971111111110837,0.475,33
3999,10843,16.971111111110837,0.475,33
4000,10844,16.978888888888616,0.475,-1
4001,10845,16.986666666666395,0.475,-1
4002,10846,16.994444444444174,0.475,-1
4003,10847,17.002222222221953,0.475,-1
4004,10848,17.00999999999973,0.475,-1
4005,10849,17.01777777777751,0.475,-1
4006,10850,17.02555555555529,0.475,-1
4007,10851,17.03333333333307,0.475,-1
4008,10852,17.041111111110848,0.475,-1
4009,10853,17.048888888888627,0.475,-1
4010,10854,17.056666666666406,0.475,-1
4011,10855,17.064444444444185,0.475,-1
4012,10856,17.072222222221964,0.475,-1
4013,10857,17.079999999999742,0.475,-1
4014,10858,17.08777777777752,0.475,-1
4015,10859,17.0955555555553,0.475,-1
4016,10860,17.10333333333308,0.475,-1
4017,10861,17.11111111111086,0.475,-1
4018,10862,17.118888888888637,0.475,-1
4019,10863,17.126666666666416,0.475,-1
4020,10864,17.134444444444195,0.475,-1
4021,10865,17.142222222221974,0.475,-1
4022,10866,17.149999999999753,0.475,-1
4023,10867,17.157777777777532,0.475,-1
4024,10868,17.16555555555531,0.475,-1
4025,10869,17.17333333333309,0.475,-1
4026,10870,17.18111111111087,0.475,-1
4027,10871,17.18888888888865,0.475,-1
4028,10872,17.196666666666427,0.475,-1
4029,10873,17.204444444444206,0.475,-1
4030,10874,17.212222222221985,0.475,-1
4031,10875,17.219999999999764,0.475,-1
4032,10876,17.227777777777543,0.475,-1
4033,10877,17.235555555555322,0.475,-1
4034,10878,17.2433333333331,0.475,-1
4035,10879,17.25111111111088,0.475,-1
4036,10880,17.25888888888866,0.475,-1
4037,10881,17.26666666666644,0.475,-1
4038,10882,17.274444444444217,0.475,-1
4039,10883,17.282222222221996,0.475,-1
4040,10884,17.289999999999775,0.475,-1
4041,10885,17.297777777777554,0.475,-1
4042,10886,17.305555555555333,0.475,-1
4043,10887,17.313333333333112,0.475,-1
4044,10888,17.32111111111089,0.475,-1
4045,10889,17.32888888888867,0.475,-1
4046,10890,17.33666666666645,0.475,-1
4047,10891,17.34444444444423,0.475,-1
4048,10892,17.352222222222007,0.475,-1
4049,10893,17.359999999999786,0.475,-1
4050,10894,17.367777777777565,0.475,-1
4051,10895,17.375555555555344,0.475,-1
4052,10896,17.383333333333123,0.475,-1
4053,10897,17.391111111110902,0.475,-1
4054,10898,17.39888888888868,0.475,-1
4055,10899,17.40666666666646,0.475,-1
4056,10900,17.41444444444424,0.475,-1
4057,10901,17.422222222222018,0.475,-1
4058,10902,17.429999999999797,0.475,-1
4059,10903,17.437777777777576,0.475,-1
4060,10904,17.445555555555355,0.475,-1
4061,10905,17.453333333333134,0.475,-1
4062,10906,17.461111111110913,0.475,-1
4063,10907,17.468888888888692,0.475,-1
4064,10908,17.47666666666647,0.475,-1
4065,10909,17.48444444444425,0.475,-1
4066,10910,17.49222222222203,0.475,-1
4067,10911,17.499999999999808,0.475,-1
4068,10912,17.507777777777587,0.475,-1
4069,10913,17.515555555555366,0.475,-1
4070,10914,17.523333333333145,0.475,-1
4071,10915,17.531111111110924,0.475,-1
4072,10916,17.538888888888703,0.475,-1
4073,10917,17.546666666666482,0.475,-1
4074,10918,17.55444444444426,0.475,-1
4075,10919,17.56222222222204,0.475,-1
4076,10920,17.56999999999982,0.475,-1
4077,10921,17.577777777777598,0.475,-1
4078,10922,17.585555555555377,0.475,-1
4079,10923,17.593333333333156,0.475,-1
4080,10924,17.601111111110935,0.475,-1
4081,10925,17.608888888888714,0.475,-1
4082,10926,17.608888888888714,0.375,34
4083,10927,17.608888888888714,0.375,34
4084,10928,17.608888888888714,0.375,34
4085,10929,17.608888888888714,0.375,34
4086,10930,17.608888888888714,0.375,34
4087,10931,17.608888888888714,0.375,34
4088,10932,17.608888888888714,0.375,34
4089,10933,17.608888888888714,0.375,34
4090,10934,17.608888888888714,0.375,34
4091,10935,17.608888888888714,0.375,34
4092,10936,17.608888888888714,0.375,34
4093,10937,17.608888888888714,0.375,34
4094,10938,17.608888888888714,0.375,34
4095,10939,17.608888888888714,0.375,34
4096,10940,17.608888888888714,0.375,34
4097,10941,17.608888888888714,0.375,34
4098,10942,17.608888888888714,0.375,34
4099,10943,17.608888888888714,0.375,34
4100,10944,17.608888888888714,0.375,34
4101,10945,17.608888888888714,0.375,34
4102,10946,17.608888888888714,0.375,34
4103,10947,17.608888888888714,0.375,34
4104,10948,17.608888888888714,0.375,34
4105,10949,17.608888888888714,0.375,34
4106,10950,17.608888888888714,0.375,34
4107,10951,17.608888888888714,0.375,34
4108,10952,17.608888888888714,0.375,34
4109,10953,17.608888888888714,0.375,34
4110,10954,17.608888888888714,0.375,34
4111,10955,17.608888888888714,0.375,34
4112,10956,17.608888888888714,0.375,34
4113,10957,17.608888888888714,0.375,34
4114,10958,17.608888888888714,0.375,34
4115,10959,17.608888888888714,0.375,34
4116,10960,17.608888888888714,0.375,34
4117,10961,17.608888888888714,0.375,34
4118,10962,17.608888888888714,0.375,34
4119,10963,17.608888888888714,0.375,34
4120,10964,17.608888888888714,0.375,34
4121,10965,17.608888888888714,0.375,34
4122,10966,17.608888888888714,0.375,34
4123,10967,17.608888888888714,0.375,34
4124,10968,17.608888888888714,0.375,34
4125,10969,17.608888888888714,0.375,34
4126,10970,17.608888888888714,0.375,34
4127,10971,17.608888888888714,0.375,34
4128,10972,17.608888888888714,0.375,34
4129,10973,17.608888888888714,0.375,34
4130,10974,17.608888888888714,0.375,34
4131,10975,17.608888888888714,0.375,34
4132,10976,17.608888888888714,0.375,34
4133,10977,17.608888888888714,0.375,34
4134,10978,17.608888888888714,0.375,34
4135,10979,17.608888888888714,0.375,34
4136,10980,17.608888888888714,0.375,34
4137,10981,17.608888888888714,0.375,34
4138,10982,17.616666666666493,0.375,-1
4139,10983,17.624444444444272,0.375,-1
4140,10984,17.63222222222205,0.375,-1
4141,10985,17.63999999999983,0.375,-1
4142,10986,17.64777777777761,0.375,-1
4143,10987,17.655555555555388,0.375,-1
4144,10988,17.663333333333167,0.375,-1
4145,10989,17.671111111110946,0.375,-1
4146,10990,17.678888888888725,0.375,-1
4147,10991,17.686666666666504,0.375,-1
4148,10992,17.694444444444283,0.375,-1
4149,10993,17.702222222222062,0.375,-1
4150,10994,17.70999999999984,0.375,-1
4151,10995,17.71777777777762,0.375,-1
4152,10996,17.7255555555554,0.375,-1
4153,10997,17.733333333333178,0.375,-1
4154,10998,17.741111111110957,0.375,-1
4155,10999,17.748888888888736,0.375,-1
4156,11000,17.756666666666515,0.375,-1
4157,11001,17.764444444444294,0.375,-1
4158,11002,17.772222222222073,0.375,-1
4159,11003,17.779999999999852,0.375,-1
4160,11004,17.78777777777763,0.375,-1
4161,11005,17.79555555555541,0.375,-1
4162,11006,17.80333333333319,0.375,-1
4163,11007,17.811111111110968,0.375,-1
4164,11008,17.818888888888747,0.375,-1
4165,11009,17.826666666666526,0.375,-1
4166,11010,17.834444444444305,0.375,-1
4167,11011,17.842222222222084,0.375,-1
4168,11012,17.849999999999863,0.375,-1
4169,11013,17.857777777777642,0.375,-1
4170,11014,17.86555555555542,0.375,-1
4171,11015,17.8733333333332,0.375,-1
4172,11016,17.88111111111098,0.375,-1
4173,11017,17.888888888888758,0.375,-1
4174,11018,17.896666666666537,0.375,-1
4175,11019,17.904444444444316,0.375,-1
4176,11020,17.912222222222095,0.375,-1
4177,11021,17.919999999999874,0.375,-1
4178,11022,17.927777777777653,0.375,-1
4179,11023,17.935555555555432,0.375,-1
4180,11024,17.94333333333321,0.375,-1
4181,11025,17.95111111111099,0.375,-1
4182,11026,17.95888888888877,0.375,-1
4183,11027,17.966666666666548,0.375,-1
4184,11028,17.974444444444327,0.375,-1
4185,11029,17.982222222222106,0.375,-1
4186,11030,17.989999999999885,0.375,-1
4187,11031,17.997777777777664,0.375,-1
4188,11032,18.005555555555443,0.375,-1
4189,11033,18.01333333333322,0.375,-1
4190,11034,18.021111111111,0.375,-1
4191,11035,18.02888888888878,0.375,-1
4192,11036,18.03666666666656,0.375,-1
4193,11037,18.044444444444338,0.375,-1
4194,11038,18.052222222222117,0.375,-1
4195,11039,18.059999999999896,0.375,-1
4196,11040,18.067777777777675,0.375,-1
4197,11041,18.075555555555454,0.375,-1
4198,11042,18.083333333333233,0.375,-1
4199,11043,18.09111111111101,0.375,-1
4200,11044,18.09888888888879,0.375,-1
4201,11045,18.10666666666657,0.375,-1
4202,11046,18.11444444444435,0.375,-1
4203,11047,18.122222222222128,0.375,-1
4204,11048,18.129999999999907,0.375,-1
4205,11049,18.137777777777686,0.375,-1
4206,11050,18.145555555555465,0.375,-1
4207,11051,18.153333333333244,0.375,-1
4208,11052,18.161111111111023,0.375,-1
4209,11053,18.1688888888888,0.375,-1
4210,11054,18.17666666666658,0.375,-1
4211,11055,18.18444444444436,0.375,-1
4212,11056,18.19222222222214,0.375,-1
4213,11057,18.199999999999918,0.375,-1
4214,11058,18.207777777777697,0.375,-1
4215,11059,18.215555555555476,0.375,-1
4216,11060,18.223333333333255,0.375,-1
4217,11061,18.231111111111034,0.375,-1
4218,11062,18.238888888888813,0.375,-1
4219,11063,18.24666666666659,0.375,-1
4220,11064,18.25444444444437,0.375,-1
4221,11065,18.26222222222215,0.375,-1
4222,11066,18.26999999999993,0.375,-1
4223,11067,18.277777777777708,0.375,-1
4224,11068,18.285555555555487,0.375,-1
4225,11069,18.293333333333266,0.375,-1
4226,11070,18.301111111111044,0.375,-1
4227,11071,18.308888888888823,0.375,-1
4228,11072,18.316666666666602,0.375,-1
4229,11073,18.32444444444438,0.375,-1
4230,11074,18.33222222222216,0.375,-1
4231,11075,18.33999999999994,0.375,-1
4232,11076,18.34777777777772,0.375,-1
4233,11077,18.355555555555497,0.375,-1
4234,11078,18.363333333333276,0.375,-1
4235,11079,18.371111111111055,0.375,-1
4236,11080,18.378888888888834,0.375,-1
4237,11081,18.386666666666613,0.375,-1
4238,11082,18.394444444444392,0.375,-1
4239,11083,18.40222222222217,0.375,-1
4240,11084,18.40999999999995,0.375,-1
4241,11085,18.41777777777773,0.375,-1
4242,11086,18.42555555555551,0.375,-1
4243,11087,18.433333333333287,0.375,-1
4244,11088,18.441111111111066,0.375,-1
4245,11089,18.448888888888845,0.375,-1
4246,11090,18.456666666666624,0.375,-1
4247,11091,18.464444444444403,0.375,-1
4248,11092,18.472222222222182,0.375,-1
4249,11093,18.47999999999996,0.375,-1
4250,11094,18.48777777777774,0.375,-1
4251,11095,18.49555555555552,0.375,-1
4252,11096,18.5033333333333,0.375,-1
4253,11097,18.511111111111077,0.375,-1
4254,11098,18.518888888888856,0.375,-1
4255,11099,18.526666666666635,0.375,-1
4256,11100,18.534444444444414,0.375,-1
4257,11101,18.542222222222193,0.375,-1
4258,11102,18.549999999999972,0.375,-1
4259,11103,18.55777777777775,0.375,-1
4260,11104,18.56555555555553,0.375,-1
4261,11105,18.57333333333331,0.375,-1
4262,11106,18.58111111111109,0.375,-1
4263,11107,18.588888888888867,0.375,-1
4264,11108,18.596666666666646,0.375,-1
4265,11109,18.604444444444425,0.375,-1
4266,11110,18.612222222222204,0.375,-1
4267,11111,18.619999999999983,0.375,-1
4268,11112,18.627777777777762,0.375,-1
4269,11113,18.63555555555554,0.375,-1
4270,11114,18.64333333333332,0.375,-1
4271,11115,18.6511111111111,0.375,-1
4272,11116,18.658888888888878,0.375,-1
4273,11117,18.666666666666657,0.375,-1
4274,11118,18.674444444444436,0.375,-1
4275,11119,18.682222222222215,0.375,-1
4276,11120,18.689999999999994,0.375,-1
4277,11121,18.697777777777773,0.375,-1
4278,11122,18.705555555555552,0.375,-1
4279,11123,18.71333333333333,0.375,-1
4280,11124,18.72111111111111,0.375,-1
4281,11125,18.72888888888889,0.375,-1
4282,11126,18.736666666666668,0.375,-1
4283,11127,18.744444444444447,0.375,-1
4284,11128,18.752222222222226,0.375,-1
4285,11129,18.760000000000005,0.375,-1
4286,11130,18.767777777777784,0.375,-1
4287,11131,18.775555555555563,0.375,-1
4288,11132,18.783333333333342,0.375,-1
4289,11133,18.79111111111112,0.375,-1
4290,11134,18.7988888888889,0.375,-1
4291,11135,18.80666666666668,0.375,-1
4292,11136,18.814444444444458,0.375,-1
4293,11137,18.822222222222237,0.375,-1
4294,11138,18.830000000000016,0.375,-1
4295,11139,18.837777777777795,0.375,-1
4296,11140,18.845555555555574,0.375,-1
4297,11141,18.853333333333353,0.375,-1
4298,11142,18.861111111111132,0.375,-1
4299,11143,18.86888888888891,0.375,-1
4300,11144,18.87666666666669,0.375,-1
4301,11145,18.88444444444447,0.375,-1
4302,11146,18.892222222222248,0.375,-1
4303,11147,18.900000000000027,0.375,-1
4304,11148,18.907777777777806,0.375,-1
4305,11149,18.915555555555585,0.375,-1
4306,11150,18.923333333333364,0.375,-1
4307,11151,18.931111111111143,0.375,-1
4308,11152,18.938888888888922,0.375,-1
4309,11153,18.9466666666667,0.375,-1
4310,11154,18.95444444444448,0.375,-1
4311,11155,18.96222222222226,0.375,-1
4312,11156,18.970000000000038,0.375,-1
4313,11157,18.977777777777817,0.375,-1
4314,11158,18.985555555555596,0.375,-1
4315,11159,18.993333333333375,0.375,-1
4316,11160,19.001111111111154,0.375,-1
4317,11161,19.008888888888933,0.375,-1
4318,11162,19.016666666666712,0.375,-1
4319,11163,19.02444444444449,0.375,-1
4320,11164,19.03222222222227,0.375,-1
4321,11165,19.04000000000005,0.375,-1
4322,11166,19.047777777777828,0.375,-1
4323,11167,19.055555555555607,0.375,-1
4324,11168,19.063333333333386,0.375,-1
4325,11169,19.071111111111165,0.375,-1
4326,11170,19.078888888888944,0.375,-1
4327,11171,19.086666666666723,0.375,-1
4328,11172,19.094444444444502,0.375,-1
4329,11173,19.10222222222228,0.375,-1
4330,11174,19.11000000000006,0.375,-1
4331,11175,19.11777777777784,0.375,-1
4332,11176,19.125555555555618,0.375,-1
4333,11177,19.133333333333397,0.375,-1
4334,11178,19.141111111111176,0.375,-1
4335,11179,19.148888888888955,0.375,-1
4336,11180,19.156666666666734,0.375,-1
4337,11181,19.164444444444513,0.375,-1
4338,11182,19.172222222222292,0.375,-1
4339,11183,19.18000000000007,0.375,-1
4340,11184,19.18777777777785,0.375,-1
4341,11185,19.19555555555563,0.375,-1
4342,11186,19.203333333333408,0.375,-1
4343,11187,19.211111111111187,0.375,-1
4344,11188,19.218888888888966,0.375,-1
4345,11189,19.226666666666745,0.375,-1
4346,11190,19.234444444444524,0.375,-1
4347,11191,19.242222222222303,0.375,-1
4348,11192,19.25000000000008,0.375,-1
4349,11193,19.25777777777786,0.375,-1
4350,11194,19.26555555555564,0.375,-1
4351,11195,19.27333333333342,0.375,-1
4352,11196,19.281111111111198,0.375,-1
4353,11197,19.288888888888977,0.375,-1
4354,11198,19.296666666666756,0.375,-1
4355,11199,19.304444444444535,0.375,-1
4356,11200,19.312222222222314,0.375,-1
4357,11201,19.320000000000093,0.375,-1
4358,11202,19.32777777777787,0.375,-1
4359,11203,19.33555555555565,0.375,-1
4360,11204,19.34333333333343,0.375,-1
4361,11205,19.35111111111121,0.375,-1
4362,11206,19.358888888888988,0.375,-1
4363,11207,19.366666666666767,0.375,-1
4364,11208,19.374444444444546,0.375,-1
4365,11209,19.382222222222325,0.375,-1
4366,11210,19.390000000000104,0.375,-1
4367,11211,19.397777777777883,0.375,-1
4368,11212,19.40555555555566,0.375,-1
4369,11213,19.41333333333344,0.375,-1
4370,11214,19.42111111111122,0.375,-1
4371,11215,19.428888888889,0.375,-1
4372,11216,19.428888888889,0.325,35
4373,11217,19.428888888889,0.325,35
4374,11218,19.428888888889,0.325,35
4375,11219,19.428888888889,0.325,35
4376,11220,19.428888888889,0.325,35
4377,11221,19.428888888889,0.325,35
4378,11222,19.428888888889,0.325,35
4379,11223,19.428888888889,0.325,35
4380,11224,19.428888888889,0.325,35
4381,11225,19.428888888889,0.325,35
4382,11226,19.428888888889,0.325,35
4383,11227,19.428888888889,0.325,35
4384,11228,19.428888888889,0.325,35
4385,11229,19.428888888889,0.325,35
4386,11230,19.428888888889,0.325,35
4387,11231,19.428888888889,0.325,35
4388,11232,19.428888888889,0.325,35
4389,11233,19.428888888889,0.325,35
4390,11234,19.428888888889,0.325,35
4391,11235,19.428888888889,0.325,35
4392,11236,19.428888888889,0.325,35
4393,11237,19.428888888889,0.325,35
4394,11238,19.428888888889,0.325,35
4395,11239,19.428888888889,0.325,35
4396,11240,19.428888888889,0.325,35
4397,11241,19.428888888889,0.325,35
4398,11242,19.428888888889,0.325,35
4399,11243,19.428888888889,0.325,35
4400,11244,19.428888888889,0.325,35
4401,11245,19.428888888889,0.325,35
4402,11246,19.428888888889,0.325,35
4403,11247,19.428888888889,0.325,35
4404,11248,19.428888888889,0.325,35
4405,11249,19.428888888889,0.325,35
4406,11250,19.428888888889,0.325,35
4407,11251,19.428888888889,0.325,35
4408,11252,19.428888888889,0.325,35
4409,11253,19.428888888889,0.325,35
4410,11254,19.428888888889,0.325,35
4411,11255,19.428888888889,0.325,35
4412,11256,19.428888888889,0.325,35
4413,11257,19.428888888889,0.325,35
4414,11258,19.428888888889,0.325,35
4415,11259,19.428888888889,0.325,35
4416,11260,19.428888888889,0.325,35
4417,11261,19.428888888889,0.325,35
4418,11262,19.428888888889,0.325,35
4419,11263,19.428888888889,0.325,35
4420,11264,19.428888888889,0.325,35
4421,11265,19.428888888889,0.325,35
4422,11266,19.428888888889,0.325,35
4423,11267,19.428888888889,0.325,35
4424,11268,19.428888888889,0.325,35
4425,11269,19.428888888889,0.325,35
4426,11270,19.428888888889,0.325,35
4427,11271,19.428888888889,0.325,35
4428,11272,19.428888888889,0.325,35
4429,11273,19.428888888889,0.325,35
4430,11274,19.428888888889,0.325,35
4431,11275,19.428888888889,0.325,35
4432,11276,19.428888888889,0.325,35
4433,11277,19.428888888889,0.325,35
4434,11278,19.428888888889,0.325,35
4435,11279,19.428888888889,0.325,35
4436,11280,19.428888888889,0.325,35
4437,11281,19.428888888889,0.325,35
4438,11282,19.428888888889,0.325,35
4439,11283,19.428888888889,0.325,35
4440,11284,19.428888888889,0.325,35
4441,11285,19.428888888889,0.325,35
4442,11286,19.428888888889,0.325,35
4443,11287,19.428888888889,0.325,35
4444,11288,19.428888888889,0.325,35
4445,11289,19.428888888889,0.325,35
4446,11290,19.428888888889,0.325,35
4447,11291,19.428888888889,0.325,35
4448,11292,19.428888888889,0.325,35
4449,11293,19.428888888889,0.325,35
4450,11294,19.428888888889,0.325,35
4451,11295,19.428888888889,0.325,35
4452,11296,19.428888888889,0.325,35
4453,11297,19.428888888889,0.325,35
4454,11298,19.428888888889,0.325,35
4455,11299,19.428888888889,0.325,35
4456,11300,19.428888888889,0.325,35
4457,11301,19.428888888889,0.325,35
4458,11302,19.428888888889,0.325,35
4459,11303,19.428888888889,0.325,35
4460,11304,19.428888888889,0.325,35
4461,11305,19.428888888889,0.325,35
4462,11306,19.428888888889,0.325,35
4463,11307,19.428888888889,0.325,35
4464,11308,19.428888888889,0.325,35
4465,11309,19.428888888889,0.325,35
4466,11310,19.428888888889,0.325,35
4467,11311,19.436666666666778,0.325,-1
4468,11312,19.436666666666778,0.3125,36
4469,11313,19.436666666666778,0.3125,36
4470,11314,19.436666666666778,0.3125,36
4471,11315,19.436666666666778,0.3125,36
4472,11316,19.436666666666778,0.3125,36
4473,11317,19.436666666666778,0.3125,36
4474,11318,19.436666666666778,0.3125,36
4475,11319,19.436666666666778,0.3125,36
4476,11320,19.436666666666778,0.3125,36
4477,11321,19.436666666666778,0.3125,36
4478,11322,19.436666666666778,0.3125,36
4479,11323,19.436666666666778,0.3125,36
4480,11324,19.436666666666778,0.3125,36
4481,11325,19.436666666666778,0.3125,36
4482,11326,19.436666666666778,0.3125,36
4483,11327,19.436666666666778,0.3125,36
4484,11328,19.436666666666778,0.3125,36
4485,11329,19.436666666666778,0.3125,36
4486,11330,19.436666666666778,0.3125,36
4487,11331,19.436666666666778,0.3125,36
4488,11332,19.436666666666778,0.3125,36
4489,11333,19.436666666666778,0.3125,36
4490,11334,19.436666666666778,0.3125,36
4491,11335,19.436666666666778,0.3125,36
4492,11336,19.444444444444557,0.3125,-1
4493,11337,19.452222222222336,0.3125,-1
4494,11338,19.460000000000115,0.3125,-1
4495,11339,19.467777777777894,0.3125,-1
4496,11340,19.475555555555673,0.3125,-1
4497,11341,19.48333333333345,0.3125,-1
4498,11342,19.49111111111123,0.3125,-1
4499,11343,19.49888888888901,0.3125,-1
4500,11344,19.50666666666679,0.3125,-1
4501,11345,19.514444444444567,0.3125,-1
4502,11346,19.522222222222346,0.3125,-1
4503,11347,19.530000000000125,0.3125,-1
4504,11348,19.537777777777904,0.3125,-1
4505,11349,19.545555555555683,0.3125,-1
4506,11350,19.553333333333462,0.3125,-1
4507,11351,19.56111111111124,0.3125,-1
4508,11352,19.56888888888902,0.3125,-1
4509,11353,19.5766666666668,0.3125,-1
4510,11354,19.58444444444458,0.3125,-1
4511,11355,19.592222222222357,0.3125,-1
4512,11356,19.600000000000136,0.3125,-1
4513,11357,19.607777777777915,0.3125,-1
4514,11358,19.615555555555694,0.3125,-1
4515,11359,19.623333333333473,0.3125,-1
4516,11360,19.631111111111252,0.3125,-1
4517,11361,19.63888888888903,0.3125,-1
4518,11362,19.64666666666681,0.3125,-1
4519,11363,19.65444444444459,0.3125,-1
4520,11364,19.66222222222237,0.3125,-1
4521,11365,19.670000000000147,0.3125,-1
4522,11366,19.677777777777926,0.3125,-1
4523,11367,19.685555555555705,0.3125,-1
4524,11368,19.693333333333484,0.3125,-1
4525,11369,19.701111111111263,0.3125,-1
4526,11370,19.708888888889042,0.3125,-1
4527,11371,19.71666666666682,0.3125,-1
4528,11372,19.7244444444446,0.3125,-1
4529,11373,19.73222222222238,0.3125,-1
4530,11374,19.74000000000016,0.3125,-1
4531,11375,19.747777777777937,0.3125,-1
4532,11376,19.755555555555716,0.3125,-1
4533,11377,19.763333333333495,0.3125,-1
4534,11378,19.771111111111274,0.3125,-1
4535,11379,19.778888888889053,0.3125,-1
4536,11380,19.786666666666832,0.3125,-1
4537,11381,19.786666666666832,0.2625,37
4538,11382,19.786666666666832,0.2625,37
4539,11383,19.786666666666832,0.2625,37
4540,11384,19.786666666666832,0.2625,37
4541,11385,19.786666666666832,0.2625,37
4542,11386,19.786666666666832,0.2625,37
4543,11387,19.786666666666832,0.2625,37
4544,11388,19.786666666666832,0.2625,37
4545,11389,19.786666666666832,0.2625,37
4546,11390,19.79444444444461,0.2625,-1
4547,11391,19.80222222222239,0.2625,-1
4548,11392,19.81000000000017,0.2625,-1
4549,11393,19.81777777777795,0.2625,-1
4550,11394,19.825555555555727,0.2625,-1
4551,11395,19.833333333333506,0.2625,-1
4552,11396,19.841111111111285,0.2625,-1
4553,11397,19.848888888889064,0.2625,-1
4554,11398,19.856666666666843,0.2625,-1
4555,11399,19.864444444444622,0.2625,-1
4556,11400,19.8722222222224,0.2625,-1
4557,11401,19.88000000000018,0.2625,-1
4558,11402,19.88777777777796,0.2625,-1
4559,11403,19.895555555555738,0.2625,-1
4560,11404,19.903333333333517,0.2625,-1
4561,11405,19.911111111111296,0.2625,-1
4562,11406,19.918888888889075,0.2625,-1
4563,11407,19.926666666666854,0.2625,-1
4564,11408,19.934444444444633,0.2625,-1
4565,11409,19.942222222222412,0.2625,-1
4566,11410,19.95000000000019,0.2625,-1
4567,11411,19.95777777777797,0.2625,-1
4568,11412,19.96555555555575,0.2625,-1
4569,11413,19.973333333333528,0.2625,-1
4570,11414,19.981111111111307,0.2625,-1
4571,11415,19.988888888889086,0.2625,-1
4572,11416,19.996666666666865,0.2625,-1
4573,11417,20.004444444444644,0.2625,-1
4574,11418,20.012222222222423,0.2625,-1
4575,11419,20.020000000000202,0.2625,-1
4576,11420,20.02777777777798,0.2625,-1
4577,11421,20.03555555555576,0.2625,-1
4578,11422,20.04333333333354,0.2625,-1
4579,11423,20.051111111111318,0.2625,-1
4580,11424,20.058888888889097,0.2625,-1
4581,11425,20.066666666666876,0.2625,-1
4582,11426,20.074444444444655,0.2625,-1
4583,11427,20.082222222222434,0.2625,-1
4584,11428,20.090000000000213,0.2625,-1
4585,11429,20.097777777777992,0.2625,-1
4586,11430,20.10555555555577,0.2625,-1
4587,11431,20.11333333333355,0.2625,-1
4588,11432,20.12111111111133,0.2625,-1
4589,11433,20.128888888889108,0.2625,-1
4590,11434,20.136666666666887,0.2625,-1
4591,11435,20.144444444444666,0.2625,-1
4592,11436,20.152222222222445,0.2625,-1
4593,11437,20.160000000000224,0.2625,-1
4594,11438,20.167777777778003,0.2625,-1
4595,11439,20.175555555555782,0.2625,-1
4596,11440,20.18333333333356,0.2625,-1
4597,11441,20.19111111111134,0.2625,-1
4598,11442,20.19888888888912,0.2625,-1
4599,11443,20.206666666666898,0.2625,-1
4600,11444,20.214444444444677,0.2625,-1
4601,11445,20.222222222222456,0.2625,-1
4602,11446,20.230000000000235,0.2625,-1
4603,11447,20.237777777778014,0.2625,-1
4604,11448,20.245555555555793,0.2625,-1
4605,11449,20.253333333333572,0.2625,-1
4606,11450,20.26111111111135,0.2625,-1
4607,11451,20.26888888888913,0.2625,-1
4608,11452,20.27666666666691,0.2625,-1
4609,11453,20.284444444444688,0.2625,-1
4610,11454,20.292222222222467,0.2625,-1
4611,11455,20.300000000000246,0.2625,-1
4612,11456,20.307777777778025,0.2625,-1
4613,11457,20.315555555555804,0.2625,-1
4614,11458,20.323333333333583,0.2625,-1
4615,11459,20.331111111111362,0.2625,-1
4616,11460,20.331111111111362,0.1125,38
4617,11461,20.331111111111362,0.1125,38
4618,11462,20.331111111111362,0.1125,38
4619,11463,20.331111111111362,0.1125,38
4620,11464,20.331111111111362,0.1125,38
4621,11465,20.331111111111362,0.1125,38
4622,11466,20.331111111111362,0.1125,38
4623,11467,20.331111111111362,0.1125,38
4624,11468,20.331111111111362,0.1125,38
4625,11469,20.331111111111362,0.1125,38
4626,11470,20.331111111111362,0.1125,38
4627,11471,20.331111111111362,0.1125,38
4628,11472,20.331111111111362,0.1125,38
4629,11473,20.331111111111362,0.1125,38
4630,11474,20.331111111111362,0.1125,38
4631,11475,20.331111111111362,0.1125,38
4632,11476,20.331111111111362,0.1125,38
4633,11477,20.331111111111362,0.1125,38
4634,11478,20.331111111111362,0.1125,38
4635,11479,20.331111111111362,0.1125,38
4636,11480,20.331111111111362,0.1125,38
4637,11481,20.331111111111362,0.1125,38
4638,11482,20.331111111111362,0.1125,38
4639,11483,20.331111111111362,0.1125,38
4640,11484,20.331111111111362,0.1125,38
4641,11485,20.331111111111362,0.1125,38
4642,11486,20.331111111111362,0.1125,38
4643,11487,20.331111111111362,0.1125,38
4644,11488,20.331111111111362,0.1125,38
4645,11489,20.331111111111362,0.1125,38
4646,11490,20.331111111111362,0.1125,38
4647,11491,20.331111111111362,0.1125,38
4648,11492,20.331111111111362,0.1125,38
4649,11493,20.331111111111362,0.1125,38
4650,11494,20.331111111111362,0.1125,38
4651,11495,20.331111111111362,0.1125,38
4652,11496,20.331111111111362,0.1125,38
4653,11497,20.331111111111362,0.1125,38
4654,11498,20.331111111111362,0.1125,38
4655,11499,20.331111111111362,0.1125,38
4656,11500,20.331111111111362,0.1125,38
4657,11501,20.331111111111362,0.1125,38
4658,11502,20.331111111111362,0.1125,38
4659,11503,20.331111111111362,0.1125,38
4660,11504,20.331111111111362,0.1125,38
4661,11505,20.331111111111362,0.1125,38
4662,11506,20.331111111111362,0.1125,38
4663,11507,20.331111111111362,0.1125,38
4664,11508,20.331111111111362,0.1125,38
4665,11509,20.331111111111362,0.1125,38
4666,11510,20.331111111111362,0.1125,38
4667,11511,20.331111111111362,0.1125,38
4668,11512,20.331111111111362,0.1125,38
4669,11513,20.331111111111362,0.1125,38
4670,11514,20.331111111111362,0.1125,38
4671,11515,20.331111111111362,0.1125,38
4672,11516,20.331111111111362,0.1125,38
4673,11517,20.331111111111362,0.1125,38
4674,11518,20.331111111111362,0.1125,38
4675,11519,20.331111111111362,0.1125,38
4676,11520,20.331111111111362,0.1125,38
4677,11521,20.331111111111362,0.1125,38
4678,11522,20.331111111111362,0.1125,38
4679,11523,20.331111111111362,0.1125,38
4680,11524,20.331111111111362,0.1125,38
4681,11525,20.331111111111362,0.1125,38
4682,11526,20.331111111111362,0.1125,38
4683,11527,20.331111111111362,0.1125,38
4684,11528,20.331111111111362,0.1125,38
4685,11529,20.331111111111362,0.1125,38
4686,11530,20.331111111111362,0.1125,38
4687,11531,20.331111111111362,0.1125,38
4688,11532,20.331111111111362,0.1125,38
4689,11533,20.331111111111362,0.1125,38
4690,11534,20.331111111111362,0.1125,38
4691,11535,20.33888888888914,0.1125,-1
4692,11536,20.34666666666692,0.1125,-1
4693,11537,20.3544444444447,0.1125,-1
4694,11538,20.362222222222478,0.1125,-1
4695,11539,20.370000000000257,0.1125,-1
4696,11540,20.377777777778036,0.1125,-1
4697,11541,20.385555555555815,0.1125,-1
4698,11542,20.393333333333594,0.1125,-1
4699,11543,20.401111111111373,0.1125,-1
4700,11544,20.40888888888915,0.1125,-1
4701,11545,20.41666666666693,0.1125,-1
4702,11546,20.42444444444471,0.1125,-1
4703,11547,20.43222222222249,0.1125,-1
4704,11548,20.440000000000268,0.1125,-1
4705,11549,20.447777777778047,0.1125,-1
4706,11550,20.455555555555826,0.1125,-1
4707,11551,20.463333333333605,0.1125,-1
4708,11552,20.471111111111384,0.1125,-1
4709,11553,20.478888888889163,0.1125,-1
4710,11554,20.48666666666694,0.1125,-1
4711,11555,20.49444444444472,0.1125,-1
4712,11556,20.5022222222225,0.1125,-1
4713,11557,20.51000000000028,0.1125,-1
4714,11558,20.517777777778058,0.1125,-1
4715,11559,20.525555555555837,0.1125,-1
4716,11560,20.533333333333616,0.1125,-1
4717,11561,20.541111111111395,0.1125,-1
4718,11562,20.548888888889174,0.1125,-1
4719,11563,20.556666666666953,0.1125,-1
4720,11564,20.56444444444473,0.1125,-1
4721,11565,20.57222222222251,0.1125,-1
4722,11566,20.58000000000029,0.1125,-1
4723,11567,20.58777777777807,0.1125,-1
4724,11568,20.595555555555848,0.1125,-1
4725,11569,20.603333333333627,0.1125,-1
4726,11570,20.611111111111406,0.1125,-1
4727,11571,20.618888888889185,0.1125,-1
4728,11572,20.626666666666964,0.1125,-1
4729,11573,20.634444444444743,0.1125,-1
4730,11574,20.64222222222252,0.1125,-1
4731,11575,20.6500000000003,0.1125,-1
4732,11576,20.65777777777808,0.1125,-1
4733,11577,20.66555555555586,0.1125,-1
4734,11578,20.673333333333638,0.1125,-1
4735,11579,20.681111111111417,0.1125,-1
4736,11580,20.688888888889196,0.1125,-1
4737,11581,20.696666666666975,0.1125,-1
4738,11582,20.704444444444754,0.1125,-1
4739,11583,20.712222222222533,0.1125,-1
4740,11584,20.72000000000031,0.1125,-1
4741,11585,20.72777777777809,0.1125,-1
4742,11586,20.73555555555587,0.1125,-1
4743,11587,20.74333333333365,0.1125,-1
4744,11588,20.751111111111427,0.1125,-1
4745,11589,20.758888888889206,0.1125,-1
4746,11590,20.766666666666985,0.1125,-1
4747,11591,20.774444444444764,0.1125,-1
4748,11592,20.782222222222543,0.1125,-1
4749,11593,20.790000000000322,0.1125,-1
4750,11594,20.7977777777781,0.1125,-1
4751,11595,20.80555555555588,0.1125,-1
4752,11596,20.81333333333366,0.1125,-1
4753,11597,20.82111111111144,0.1125,-1
4754,11598,20.828888888889217,0.1125,-1
4755,11599,20.836666666666996,0.1125,-1
4756,11600,20.844444444444775,0.1125,-1
4757,11601,20.852222222222554,0.1125,-1
4758,11602,20.860000000000333,0.1125,-1
4759,11603,20.867777777778112,0.1125,-1
4760,11604,20.87555555555589,0.1125,-1
4761,11605,20.88333333333367,0.1125,-1
4762,11606,20.89111111111145,0.1125,-1
4763,11607,20.89888888888923,0.1125,-1
4764,11608,20.906666666667007,0.1125,-1
4765,11609,20.914444444444786,0.1125,-1
4766,11610,20.922222222222565,0.1125,-1
4767,11611,20.930000000000344,0.1125,-1
4768,11612,20.937777777778123,0.1125,-1
4769,11613,20.945555555555902,0.1125,-1
4770,11614,20.95333333333368,0.1125,-1
4771,11615,20.96111111111146,0.1125,-1
4772,11616,20.96888888888924,0.1125,-1
4773,11617,20.97666666666702,0.1125,-1
4774,11618,20.984444444444797,0.1125,-1
4775,11619,20.992222222222576,0.1125,-1
4776,11620,21.000000000000355,0.1125,-1
4777,11621,21.000000000000355,0.0,39
