,time,loc,op,stop
0,7905,0.0,0.0,-1
1,7906,0.0,0.0125,1
2,7907,0.0,0.0125,1
3,7908,0.0,0.0125,1
4,7909,0.007222222222222222,0.0125,-1
5,7910,0.014444444444444444,0.0125,-1
6,7911,0.021666666666666667,0.0125,-1
7,7912,0.028888888888888888,0.0125,-1
8,7913,0.03611111111111111,0.0125,-1
9,7914,0.04333333333333333,0.0125,-1
10,7915,0.05055555555555555,0.0125,-1
11,7916,0.05777777777777777,0.0125,-1
12,7917,0.06499999999999999,0.0125,-1
13,7918,0.07222222222222222,0.0125,-1
14,7919,0.07944444444444444,0.0125,-1
15,7920,0.08666666666666667,0.0125,-1
16,7921,0.0938888888888889,0.0125,-1
17,7922,0.10111111111111112,0.0125,-1
18,7923,0.10833333333333335,0.0125,-1
19,7924,0.11555555555555558,0.0125,-1
20,7925,0.1227777777777778,0.0125,-1
21,7926,0.13000000000000003,0.0125,-1
22,7927,0.13722222222222225,0.0125,-1
23,7928,0.14444444444444446,0.0125,-1
24,7929,0.15166666666666667,0.0125,-1
25,7930,0.15888888888888889,0.0125,-1
26,7931,0.1661111111111111,0.0125,-1
27,7932,0.1733333333333333,0.0125,-1
28,7933,0.18055555555555552,0.0125,-1
29,7934,0.18777777777777774,0.0125,-1
30,7935,0.19499999999999995,0.0125,-1
31,7936,0.20222222222222216,0.0125,-1
32,7937,0.20944444444444438,0.0125,-1
33,7938,0.2166666666666666,0.0125,-1
34,7939,0.2238888888888888,0.0125,-1
35,7940,0.23111111111111102,0.0125,-1
36,7941,0.23833333333333323,0.0125,-1
37,7942,0.24555555555555544,0.0125,-1
38,7943,0.25277777777777766,0.0125,-1
39,7944,0.2599999999999999,0.0125,-1
40,7945,0.26722222222222214,0.0125,-1
41,7946,0.2744444444444444,0.0125,-1
42,7947,0.2816666666666666,0.0125,-1
43,7948,0.28888888888888886,0.0125,-1
44,7949,0.2961111111111111,0.0125,-1
45,7950,0.30333333333333334,0.0125,-1
46,7951,0.3105555555555556,0.0125,-1
47,7952,0.3177777777777778,0.0125,-1
48,7953,0.32500000000000007,0.0125,-1
49,7954,0.3322222222222223,0.0125,-1
50,7955,0.33944444444444455,0.0125,-1
51,7956,0.33944444444444455,0.025,2
52,7957,0.33944444444444455,0.025,2
53,7958,0.33944444444444455,0.025,2
54,7959,0.3466666666666668,0.025,-1
55,7960,0.35388888888888903,0.025,-1
56,7961,0.36111111111111127,0.025,-1
57,7962,0.3683333333333335,0.025,-1
58,7963,0.37555555555555575,0.025,-1
59,7964,0.382777777777778,0.025,-1
60,7965,0.39000000000000024,0.025,-1
61,7966,0.3972222222222225,0.025,-1
62,7967,0.4044444444444447,0.025,-1
63,7968,0.41166666666666696,0.025,-1
64,7969,0.4188888888888892,0.025,-1
65,7970,0.42611111111111144,0.025,-1
66,7971,0.4333333333333337,0.025,-1
67,7972,0.4405555555555559,0.025,-1
68,7973,0.44777777777777816,0.025,-1
69,7974,0.4550000000000004,0.025,-1
70,7975,0.46222222222222265,0.025,-1
71,7976,0.4694444444444449,0.025,-1
72,7977,0.4766666666666671,0.025,-1
73,7978,0.48388888888888937,0.025,-1
74,7979,0.4911111111111116,0.025,-1
75,7980,0.49833333333333385,0.025,-1
76,7981,0.5055555555555561,0.025,-1
77,7982,0.5127777777777783,0.025,-1
78,7983,0.5200000000000006,0.025,-1
79,7984,0.5272222222222228,0.025,-1
80,7985,0.534444444444445,0.025,-1
81,7986,0.5416666666666673,0.025,-1
82,7987,0.5488888888888895,0.025,-1
83,7988,0.5561111111111118,0.025,-1
84,7989,0.563333333333334,0.025,-1
85,7990,0.5705555555555563,0.025,-1
86,7991,0.5777777777777785,0.025,-1
87,7992,0.5850000000000007,0.025,-1
88,7993,0.592222222222223,0.025,-1
89,7994,0.5994444444444452,0.025,-1
90,7995,0.6066666666666675,0.025,-1
91,7996,0.6138888888888897,0.025,-1
92,7997,0.621111111111112,0.025,-1
93,7998,0.6283333333333342,0.025,-1
94,7999,0.6355555555555564,0.025,-1
95,8000,0.6427777777777787,0.025,-1
96,8001,0.6500000000000009,0.025,-1
97,8002,0.6572222222222232,0.025,-1
98,8003,0.6644444444444454,0.025,-1
99,8004,0.6716666666666676,0.025,-1
100,8005,0.6788888888888899,0.025,-1
101,8006,0.6861111111111121,0.025,-1
102,8007,0.6933333333333344,0.025,-1
103,8008,0.7005555555555566,0.025,-1
104,8009,0.7077777777777788,0.025,-1
105,8010,0.7150000000000011,0.025,-1
106,8011,0.7222222222222233,0.025,-1
107,8012,0.7294444444444456,0.025,-1
108,8013,0.7366666666666678,0.025,-1
109,8014,0.74388888888889,0.025,-1
110,8015,0.7511111111111123,0.025,-1
111,8016,0.7583333333333345,0.025,-1
112,8017,0.7655555555555568,0.025,-1
113,8018,0.772777777777779,0.025,-1
114,8019,0.7800000000000012,0.025,-1
115,8020,0.7872222222222235,0.025,-1
116,8021,0.7944444444444457,0.025,-1
117,8022,0.801666666666668,0.025,-1
118,8023,0.8088888888888902,0.025,-1
119,8024,0.8161111111111125,0.025,-1
120,8025,0.8233333333333347,0.025,-1
121,8026,0.8305555555555569,0.025,-1
122,8027,0.8377777777777792,0.025,-1
123,8028,0.8450000000000014,0.025,-1
124,8029,0.8522222222222237,0.025,-1
125,8030,0.8594444444444459,0.025,-1
126,8031,0.8666666666666681,0.025,-1
127,8032,0.8738888888888904,0.025,-1
128,8033,0.8811111111111126,0.025,-1
129,8034,0.8883333333333349,0.025,-1
130,8035,0.8955555555555571,0.025,-1
131,8036,0.9027777777777793,0.025,-1
132,8037,0.9100000000000016,0.025,-1
133,8038,0.9172222222222238,0.025,-1
134,8039,0.9244444444444461,0.025,-1
135,8040,0.9244444444444461,0.025,3
136,8041,0.9244444444444461,0.025,3
137,8042,0.9244444444444461,0.025,3
138,8043,0.9244444444444461,0.025,3
139,8044,0.9244444444444461,0.025,3
140,8045,0.9244444444444461,0.025,3
141,8046,0.9244444444444461,0.025,3
142,8047,0.9244444444444461,0.025,3
143,8048,0.9244444444444461,0.025,3
144,8049,0.9244444444444461,0.025,3
145,8050,0.9244444444444461,0.025,3
146,8051,0.9244444444444461,0.025,3
147,8052,0.9244444444444461,0.025,3
148,8053,0.9244444444444461,0.025,3
149,8054,0.9244444444444461,0.025,3
150,8055,0.9244444444444461,0.025,3
151,8056,0.9244444444444461,0.025,3
152,8057,0.9244444444444461,0.025,3
153,8058,0.9244444444444461,0.025,3
154,8059,0.9244444444444461,0.025,3
155,8060,0.9244444444444461,0.025,3
156,8061,0.9244444444444461,0.025,3
157,8062,0.9244444444444461,0.025,3
158,8063,0.9244444444444461,0.025,3
159,8064,0.9244444444444461,0.025,3
160,8065,0.9244444444444461,0.025,3
161,8066,0.9244444444444461,0.025,3
162,8067,0.9244444444444461,0.025,3
163,8068,0.9244444444444461,0.025,3
164,8069,0.9244444444444461,0.025,3
165,8070,0.9244444444444461,0.025,3
166,8071,0.9244444444444461,0.025,3
167,8072,0.9244444444444461,0.025,3
168,8073,0.9244444444444461,0.025,3
169,8074,0.9244444444444461,0.025,3
170,8075,0.9244444444444461,0.025,3
171,8076,0.9244444444444461,0.025,3
172,8077,0.9244444444444461,0.025,3
173,8078,0.9244444444444461,0.025,3
174,8079,0.9244444444444461,0.025,3
175,8080,0.9244444444444461,0.025,3
176,8081,0.9244444444444461,0.025,3
177,8082,0.9244444444444461,0.025,3
178,8083,0.9244444444444461,0.025,3
179,8084,0.9244444444444461,0.025,3
180,8085,0.9244444444444461,0.025,3
181,8086,0.9244444444444461,0.025,3
182,8087,0.9316666666666683,0.025,-1
183,8088,0.9388888888888905,0.025,-1
184,8089,0.9461111111111128,0.025,-1
185,8090,0.953333333333335,0.025,-1
186,8091,0.9605555555555573,0.025,-1
187,8092,0.9677777777777795,0.025,-1
188,8093,0.9750000000000018,0.025,-1
189,8094,0.982222222222224,0.025,-1
190,8095,0.9894444444444462,0.025,-1
191,8096,0.9966666666666685,0.025,-1
192,8097,1.0038888888888906,0.025,-1
193,8098,1.0111111111111128,0.025,-1
194,8099,1.018333333333335,0.025,-1
195,8100,1.0255555555555573,0.025,-1
196,8101,1.0327777777777796,0.025,-1
197,8102,1.0400000000000018,0.025,-1
198,8103,1.047222222222224,0.025,-1
199,8104,1.0544444444444463,0.025,-1
200,8105,1.0616666666666685,0.025,-1
201,8106,1.0688888888888908,0.025,-1
202,8107,1.076111111111113,0.025,-1
203,8108,1.0833333333333353,0.025,-1
204,8109,1.0905555555555575,0.025,-1
205,8110,1.0977777777777797,0.025,-1
206,8111,1.105000000000002,0.025,-1
207,8112,1.1122222222222242,0.025,-1
208,8113,1.1194444444444465,0.025,-1
209,8114,1.1266666666666687,0.025,-1
210,8115,1.133888888888891,0.025,-1
211,8116,1.1411111111111132,0.025,-1
212,8117,1.1483333333333354,0.025,-1
213,8118,1.1555555555555577,0.025,-1
214,8119,1.16277777777778,0.025,-1
215,8120,1.1700000000000021,0.025,-1
216,8121,1.1772222222222244,0.025,-1
217,8122,1.1844444444444466,0.025,-1
218,8123,1.1916666666666689,0.025,-1
219,8124,1.1988888888888911,0.025,-1
220,8125,1.2061111111111134,0.025,-1
221,8126,1.2133333333333356,0.025,-1
222,8127,1.2205555555555578,0.025,-1
223,8128,1.22777777777778,0.025,-1
224,8129,1.2350000000000023,0.025,-1
225,8130,1.2422222222222246,0.025,-1
226,8131,1.2494444444444468,0.025,-1
227,8132,1.256666666666669,0.025,-1
228,8133,1.2638888888888913,0.025,-1
229,8134,1.2711111111111135,0.025,-1
230,8135,1.2783333333333358,0.025,-1
231,8136,1.285555555555558,0.025,-1
232,8137,1.2927777777777802,0.025,-1
233,8138,1.3000000000000025,0.025,-1
234,8139,1.3072222222222247,0.025,-1
235,8140,1.314444444444447,0.025,-1
236,8141,1.3216666666666692,0.025,-1
237,8142,1.3288888888888915,0.025,-1
238,8143,1.3361111111111137,0.025,-1
239,8144,1.343333333333336,0.025,-1
240,8145,1.3505555555555582,0.025,-1
241,8146,1.3577777777777804,0.025,-1
242,8147,1.3650000000000027,0.025,-1
243,8148,1.372222222222225,0.025,-1
244,8149,1.3794444444444471,0.025,-1
245,8150,1.3866666666666694,0.025,-1
246,8151,1.3938888888888916,0.025,-1
247,8152,1.4011111111111139,0.025,-1
248,8153,1.408333333333336,0.025,-1
249,8154,1.4155555555555583,0.025,-1
250,8155,1.4227777777777806,0.025,-1
251,8156,1.4300000000000028,0.025,-1
252,8157,1.4300000000000028,0.0375,4
253,8158,1.4300000000000028,0.0375,4
254,8159,1.4300000000000028,0.0375,4
255,8160,1.4300000000000028,0.0375,4
256,8161,1.4300000000000028,0.0375,4
257,8162,1.4300000000000028,0.0375,4
258,8163,1.4300000000000028,0.0375,4
259,8164,1.4300000000000028,0.0375,4
260,8165,1.4300000000000028,0.0375,4
261,8166,1.4300000000000028,0.0375,4
262,8167,1.4300000000000028,0.0375,4
263,8168,1.4300000000000028,0.0375,4
264,8169,1.4300000000000028,0.0375,4
265,8170,1.4300000000000028,0.0375,4
266,8171,1.4300000000000028,0.0375,4
267,8172,1.4300000000000028,0.0375,4
268,8173,1.4300000000000028,0.0375,4
269,8174,1.4300000000000028,0.0375,4
270,8175,1.4300000000000028,0.0375,4
271,8176,1.4300000000000028,0.0375,4
272,8177,1.4300000000000028,0.0375,4
273,8178,1.4300000000000028,0.0375,4
274,8179,1.4300000000000028,0.0375,4
275,8180,1.4300000000000028,0.0375,4
276,8181,1.4300000000000028,0.0375,4
277,8182,1.4300000000000028,0.0375,4
278,8183,1.4300000000000028,0.0375,4
279,8184,1.4300000000000028,0.0375,4
280,8185,1.4300000000000028,0.0375,4
281,8186,1.4300000000000028,0.0375,4
282,8187,1.4300000000000028,0.0375,4
283,8188,1.4300000000000028,0.0375,4
284,8189,1.4300000000000028,0.0375,4
285,8190,1.4300000000000028,0.0375,4
286,8191,1.4300000000000028,0.0375,4
287,8192,1.4300000000000028,0.0375,4
288,8193,1.4300000000000028,0.0375,4
289,8194,1.4300000000000028,0.0375,4
290,8195,1.4300000000000028,0.0375,4
291,8196,1.4300000000000028,0.0375,4
292,8197,1.4300000000000028,0.0375,4
293,8198,1.4300000000000028,0.0375,4
294,8199,1.4300000000000028,0.0375,4
295,8200,1.4300000000000028,0.0375,4
296,8201,1.4300000000000028,0.0375,4
297,8202,1.4300000000000028,0.0375,4
298,8203,1.4300000000000028,0.0375,4
299,8204,1.4300000000000028,0.0375,4
300,8205,1.4300000000000028,0.0375,4
301,8206,1.4300000000000028,0.0375,4
302,8207,1.437222222222225,0.0375,-1
303,8208,1.4444444444444473,0.0375,-1
304,8209,1.4516666666666695,0.0375,-1
305,8210,1.4588888888888918,0.0375,-1
306,8211,1.466111111111114,0.0375,-1
307,8212,1.4733333333333363,0.0375,-1
308,8213,1.4805555555555585,0.0375,-1
309,8214,1.4877777777777808,0.0375,-1
310,8215,1.495000000000003,0.0375,-1
311,8216,1.5022222222222252,0.0375,-1
312,8217,1.5094444444444475,0.0375,-1
313,8218,1.5166666666666697,0.0375,-1
314,8219,1.523888888888892,0.0375,-1
315,8220,1.5311111111111142,0.0375,-1
316,8221,1.5383333333333364,0.0375,-1
317,8222,1.5455555555555587,0.0375,-1
318,8223,1.552777777777781,0.0375,-1
319,8224,1.5600000000000032,0.0375,-1
320,8225,1.5672222222222254,0.0375,-1
321,8226,1.5744444444444476,0.0375,-1
322,8227,1.5816666666666699,0.0375,-1
323,8228,1.5888888888888921,0.0375,-1
324,8229,1.5961111111111144,0.0375,-1
325,8230,1.6033333333333366,0.0375,-1
326,8231,1.6105555555555588,0.0375,-1
327,8232,1.617777777777781,0.0375,-1
328,8233,1.6250000000000033,0.0375,-1
329,8234,1.6322222222222256,0.0375,-1
330,8235,1.6394444444444478,0.0375,-1
331,8236,1.64666666666667,0.0375,-1
332,8237,1.6538888888888923,0.0375,-1
333,8238,1.6611111111111145,0.0375,-1
334,8239,1.6683333333333368,0.0375,-1
335,8240,1.675555555555559,0.0375,-1
336,8241,1.6827777777777813,0.0375,-1
337,8242,1.6900000000000035,0.0375,-1
338,8243,1.6972222222222257,0.0375,-1
339,8244,1.704444444444448,0.0375,-1
340,8245,1.7116666666666702,0.0375,-1
341,8246,1.7188888888888925,0.0375,-1
342,8247,1.7261111111111147,0.0375,-1
343,8248,1.733333333333337,0.0375,-1
344,8249,1.7405555555555592,0.0375,-1
345,8250,1.7477777777777814,0.0375,-1
346,8251,1.7550000000000037,0.0375,-1
347,8252,1.762222222222226,0.0375,-1
348,8253,1.7694444444444482,0.0375,-1
349,8254,1.7766666666666704,0.0375,-1
350,8255,1.7838888888888926,0.0375,-1
351,8256,1.7911111111111149,0.0375,-1
352,8257,1.7983333333333371,0.0375,-1
353,8258,1.8055555555555594,0.0375,-1
354,8259,1.8127777777777816,0.0375,-1
355,8260,1.8200000000000038,0.0375,-1
356,8261,1.827222222222226,0.0375,-1
357,8262,1.8344444444444483,0.0375,-1
358,8263,1.8416666666666706,0.0375,-1
359,8264,1.8488888888888928,0.0375,-1
360,8265,1.856111111111115,0.0375,-1
361,8266,1.8633333333333373,0.0375,-1
362,8267,1.8705555555555595,0.0375,-1
363,8268,1.8777777777777818,0.0375,-1
364,8269,1.885000000000004,0.0375,-1
365,8270,1.8922222222222262,0.0375,-1
366,8271,1.8994444444444485,0.0375,-1
367,8272,1.9066666666666707,0.0375,-1
368,8273,1.913888888888893,0.0375,-1
369,8274,1.9211111111111152,0.0375,-1
370,8275,1.9283333333333375,0.0375,-1
371,8276,1.9355555555555597,0.0375,-1
372,8277,1.942777777777782,0.0375,-1
373,8278,1.9500000000000042,0.0375,-1
374,8279,1.9572222222222264,0.0375,-1
375,8280,1.9644444444444487,0.0375,-1
376,8281,1.971666666666671,0.0375,-1
377,8282,1.9788888888888931,0.0375,-1
378,8283,1.9861111111111154,0.0375,-1
379,8284,1.9933333333333376,0.0375,-1
380,8285,2.0005555555555596,0.0375,-1
381,8286,2.0077777777777817,0.0375,-1
382,8287,2.0150000000000037,0.0375,-1
383,8288,2.0222222222222257,0.0375,-1
384,8289,2.0294444444444477,0.0375,-1
385,8290,2.0366666666666697,0.0375,-1
386,8291,2.0438888888888918,0.0375,-1
387,8292,2.0511111111111138,0.0375,-1
388,8293,2.058333333333336,0.0375,-1
389,8294,2.065555555555558,0.0375,-1
390,8295,2.07277777777778,0.0375,-1
391,8296,2.080000000000002,0.0375,-1
392,8297,2.087222222222224,0.0375,-1
393,8298,2.094444444444446,0.0375,-1
394,8299,2.101666666666668,0.0375,-1
395,8300,2.10888888888889,0.0375,-1
396,8301,2.116111111111112,0.0375,-1
397,8302,2.123333333333334,0.0375,-1
398,8303,2.130555555555556,0.0375,-1
399,8304,2.137777777777778,0.0375,-1
400,8305,2.145,0.0375,-1
401,8306,2.152222222222222,0.0375,-1
402,8307,2.159444444444444,0.0375,-1
403,8308,2.166666666666666,0.0375,-1
404,8309,2.173888888888888,0.0375,-1
405,8310,2.18111111111111,0.0375,-1
406,8311,2.188333333333332,0.0375,-1
407,8312,2.195555555555554,0.0375,-1
408,8313,2.202777777777776,0.0375,-1
409,8314,2.209999999999998,0.0375,-1
410,8315,2.21722222222222,0.0375,-1
411,8316,2.2244444444444422,0.0375,-1
412,8317,2.2316666666666642,0.0375,-1
413,8318,2.2388888888888863,0.0375,-1
414,8319,2.2461111111111083,0.0375,-1
415,8320,2.2533333333333303,0.0375,-1
416,8321,2.2605555555555523,0.0375,-1
417,8322,2.2677777777777743,0.0375,-1
418,8323,2.2749999999999964,0.0375,-1
419,8324,2.2749999999999964,0.075,5
420,8325,2.2749999999999964,0.075,5
421,8326,2.2749999999999964,0.075,5
422,8327,2.2749999999999964,0.075,5
423,8328,2.2749999999999964,0.075,5
424,8329,2.2749999999999964,0.075,5
425,8330,2.2749999999999964,0.075,5
426,8331,2.2749999999999964,0.075,5
427,8332,2.2749999999999964,0.075,5
428,8333,2.2749999999999964,0.075,5
429,8334,2.2749999999999964,0.075,5
430,8335,2.2749999999999964,0.075,5
431,8336,2.2749999999999964,0.075,5
432,8337,2.2749999999999964,0.075,5
433,8338,2.2749999999999964,0.075,5
434,8339,2.2749999999999964,0.075,5
435,8340,2.2749999999999964,0.075,5
436,8341,2.2749999999999964,0.075,5
437,8342,2.2749999999999964,0.075,5
438,8343,2.2749999999999964,0.075,5
439,8344,2.2749999999999964,0.075,5
440,8345,2.2749999999999964,0.075,5
441,8346,2.2749999999999964,0.075,5
442,8347,2.2749999999999964,0.075,5
443,8348,2.2749999999999964,0.075,5
444,8349,2.2749999999999964,0.075,5
445,8350,2.2749999999999964,0.075,5
446,8351,2.2749999999999964,0.075,5
447,8352,2.2749999999999964,0.075,5
448,8353,2.2749999999999964,0.075,5
449,8354,2.2749999999999964,0.075,5
450,8355,2.2749999999999964,0.075,5
451,8356,2.2749999999999964,0.075,5
452,8357,2.2749999999999964,0.075,5
453,8358,2.2749999999999964,0.075,5
454,8359,2.2749999999999964,0.075,5
455,8360,2.2749999999999964,0.075,5
456,8361,2.2749999999999964,0.075,5
457,8362,2.2749999999999964,0.075,5
458,8363,2.2749999999999964,0.075,5
459,8364,2.2749999999999964,0.075,5
460,8365,2.2749999999999964,0.075,5
461,8366,2.2749999999999964,0.075,5
462,8367,2.2749999999999964,0.075,5
463,8368,2.2749999999999964,0.075,5
464,8369,2.2749999999999964,0.075,5
465,8370,2.2749999999999964,0.075,5
466,8371,2.2749999999999964,0.075,5
467,8372,2.2749999999999964,0.075,5
468,8373,2.2749999999999964,0.075,5
469,8374,2.2749999999999964,0.075,5
470,8375,2.2749999999999964,0.075,5
471,8376,2.2749999999999964,0.075,5
472,8377,2.2749999999999964,0.075,5
473,8378,2.2749999999999964,0.075,5
474,8379,2.2749999999999964,0.075,5
475,8380,2.2749999999999964,0.075,5
476,8381,2.2749999999999964,0.075,5
477,8382,2.2749999999999964,0.075,5
478,8383,2.2749999999999964,0.075,5
479,8384,2.2749999999999964,0.075,5
480,8385,2.2749999999999964,0.075,5
481,8386,2.2749999999999964,0.075,5
482,8387,2.2749999999999964,0.075,5
483,8388,2.2749999999999964,0.075,5
484,8389,2.2749999999999964,0.075,5
485,8390,2.2749999999999964,0.075,5
486,8391,2.2749999999999964,0.075,5
487,8392,2.2749999999999964,0.075,5
488,8393,2.2749999999999964,0.075,5
489,8394,2.2749999999999964,0.075,5
490,8395,2.2749999999999964,0.075,5
491,8396,2.2749999999999964,0.075,5
492,8397,2.2749999999999964,0.075,5
493,8398,2.2749999999999964,0.075,5
494,8399,2.2749999999999964,0.075,5
495,8400,2.2749999999999964,0.075,5
496,8401,2.2749999999999964,0.075,5
497,8402,2.2749999999999964,0.075,5
498,8403,2.2749999999999964,0.075,5
499,8404,2.2749999999999964,0.075,5
500,8405,2.2749999999999964,0.075,5
501,8406,2.2749999999999964,0.075,5
502,8407,2.2749999999999964,0.075,5
503,8408,2.2749999999999964,0.075,5
504,8409,2.2749999999999964,0.075,5
505,8410,2.2749999999999964,0.075,5
506,8411,2.2749999999999964,0.075,5
507,8412,2.2749999999999964,0.075,5
508,8413,2.2749999999999964,0.075,5
509,8414,2.2749999999999964,0.075,5
510,8415,2.2749999999999964,0.075,5
511,8416,2.2749999999999964,0.075,5
512,8417,2.2749999999999964,0.075,5
513,8418,2.2749999999999964,0.075,5
514,8419,2.2749999999999964,0.075,5
515,8420,2.2749999999999964,0.075,5
516,8421,2.2749999999999964,0.075,5
517,8422,2.2749999999999964,0.075,5
518,8423,2.2749999999999964,0.075,5
519,8424,2.2822222222222184,0.075,-1
520,8425,2.2894444444444404,0.075,-1
521,8426,2.2966666666666624,0.075,-1
522,8427,2.3038888888888844,0.075,-1
523,8428,2.3111111111111065,0.075,-1
524,8429,2.3183333333333285,0.075,-1
525,8430,2.3255555555555505,0.075,-1
526,8431,2.3327777777777725,0.075,-1
527,8432,2.3399999999999945,0.075,-1
528,8433,2.3472222222222165,0.075,-1
529,8434,2.3544444444444386,0.075,-1
530,8435,2.3616666666666606,0.075,-1
531,8436,2.3688888888888826,0.075,-1
532,8437,2.3761111111111046,0.075,-1
533,8438,2.3833333333333266,0.075,-1
534,8439,2.3905555555555487,0.075,-1
535,8440,2.3977777777777707,0.075,-1
536,8441,2.4049999999999927,0.075,-1
537,8442,2.4122222222222147,0.075,-1
538,8443,2.4194444444444367,0.075,-1
539,8444,2.4266666666666588,0.075,-1
540,8445,2.4338888888888808,0.075,-1
541,8446,2.441111111111103,0.075,-1
542,8447,2.448333333333325,0.075,-1
543,8448,2.455555555555547,0.075,-1
544,8449,2.462777777777769,0.075,-1
545,8450,2.469999999999991,0.075,-1
546,8451,2.477222222222213,0.075,-1
547,8452,2.484444444444435,0.075,-1
548,8453,2.491666666666657,0.075,-1
549,8454,2.498888888888879,0.075,-1
550,8455,2.506111111111101,0.075,-1
551,8456,2.513333333333323,0.075,-1
552,8457,2.520555555555545,0.075,-1
553,8458,2.527777777777767,0.075,-1
554,8459,2.534999999999989,0.075,-1
555,8460,2.542222222222211,0.075,-1
556,8461,2.549444444444433,0.075,-1
557,8462,2.556666666666655,0.075,-1
558,8463,2.563888888888877,0.075,-1
559,8464,2.571111111111099,0.075,-1
560,8465,2.578333333333321,0.075,-1
561,8466,2.585555555555543,0.075,-1
562,8467,2.592777777777765,0.075,-1
563,8468,2.599999999999987,0.075,-1
564,8469,2.6072222222222092,0.075,-1
565,8470,2.6144444444444312,0.075,-1
566,8471,2.6216666666666533,0.075,-1
567,8472,2.6288888888888753,0.075,-1
568,8473,2.6361111111110973,0.075,-1
569,8474,2.6433333333333193,0.075,-1
570,8475,2.6505555555555413,0.075,-1
571,8476,2.6577777777777634,0.075,-1
572,8477,2.6649999999999854,0.075,-1
573,8478,2.6722222222222074,0.075,-1
574,8479,2.6794444444444294,0.075,-1
575,8480,2.6866666666666514,0.075,-1
576,8481,2.6938888888888735,0.075,-1
577,8482,2.7011111111110955,0.075,-1
578,8483,2.7083333333333175,0.075,-1
579,8484,2.7155555555555395,0.075,-1
580,8485,2.7227777777777615,0.075,-1
581,8486,2.7299999999999836,0.075,-1
582,8487,2.7372222222222056,0.075,-1
583,8488,2.7444444444444276,0.075,-1
584,8489,2.7516666666666496,0.075,-1
585,8490,2.7588888888888716,0.075,-1
586,8491,2.7661111111110936,0.075,-1
587,8492,2.7733333333333157,0.075,-1
588,8493,2.7805555555555377,0.075,-1
589,8494,2.7877777777777597,0.075,-1
590,8495,2.7949999999999817,0.075,-1
591,8496,2.8022222222222037,0.075,-1
592,8497,2.8094444444444258,0.075,-1
593,8498,2.816666666666648,0.075,-1
594,8499,2.82388888888887,0.075,-1
595,8500,2.831111111111092,0.075,-1
596,8501,2.838333333333314,0.075,-1
597,8502,2.845555555555536,0.075,-1
598,8503,2.852777777777758,0.075,-1
599,8504,2.85999999999998,0.075,-1
600,8505,2.867222222222202,0.075,-1
601,8506,2.874444444444424,0.075,-1
602,8507,2.881666666666646,0.075,-1
603,8508,2.888888888888868,0.075,-1
604,8509,2.89611111111109,0.075,-1
605,8510,2.903333333333312,0.075,-1
606,8511,2.910555555555534,0.075,-1
607,8512,2.917777777777756,0.075,-1
608,8513,2.924999999999978,0.075,-1
609,8514,2.9322222222222,0.075,-1
610,8515,2.939444444444422,0.075,-1
611,8516,2.946666666666644,0.075,-1
612,8517,2.953888888888866,0.075,-1
613,8518,2.961111111111088,0.075,-1
614,8519,2.96833333333331,0.075,-1
615,8520,2.975555555555532,0.075,-1
616,8521,2.982777777777754,0.075,-1
617,8522,2.9899999999999762,0.075,-1
618,8523,2.9972222222221983,0.075,-1
619,8524,3.0044444444444203,0.075,-1
620,8525,3.0116666666666423,0.075,-1
621,8526,3.0188888888888643,0.075,-1
622,8527,3.0261111111110863,0.075,-1
623,8528,3.0333333333333083,0.075,-1
624,8529,3.0405555555555304,0.075,-1
625,8530,3.0477777777777524,0.075,-1
626,8531,3.0549999999999744,0.075,-1
627,8532,3.0622222222221964,0.075,-1
628,8533,3.0694444444444184,0.075,-1
629,8534,3.0766666666666405,0.075,-1
630,8535,3.0838888888888625,0.075,-1
631,8536,3.0911111111110845,0.075,-1
632,8537,3.0983333333333065,0.075,-1
633,8538,3.1055555555555285,0.075,-1
634,8539,3.1127777777777506,0.075,-1
635,8540,3.1199999999999726,0.075,-1
636,8541,3.1272222222221946,0.075,-1
637,8542,3.1344444444444166,0.075,-1
638,8543,3.1344444444444166,0.0875,6
639,8544,3.1344444444444166,0.0875,6
640,8545,3.1344444444444166,0.0875,6
641,8546,3.1344444444444166,0.0875,6
642,8547,3.1344444444444166,0.0875,6
643,8548,3.1344444444444166,0.0875,6
644,8549,3.1344444444444166,0.0875,6
645,8550,3.1344444444444166,0.0875,6
646,8551,3.1344444444444166,0.0875,6
647,8552,3.1344444444444166,0.0875,6
648,8553,3.1344444444444166,0.0875,6
649,8554,3.1344444444444166,0.0875,6
650,8555,3.1344444444444166,0.0875,6
651,8556,3.1344444444444166,0.0875,6
652,8557,3.1344444444444166,0.0875,6
653,8558,3.1344444444444166,0.0875,6
654,8559,3.1344444444444166,0.0875,6
655,8560,3.1344444444444166,0.0875,6
656,8561,3.1344444444444166,0.0875,6
657,8562,3.1344444444444166,0.0875,6
658,8563,3.1344444444444166,0.0875,6
659,8564,3.1344444444444166,0.0875,6
660,8565,3.1344444444444166,0.0875,6
661,8566,3.1344444444444166,0.0875,6
662,8567,3.1344444444444166,0.0875,6
663,8568,3.1344444444444166,0.0875,6
664,8569,3.1344444444444166,0.0875,6
665,8570,3.1344444444444166,0.0875,6
666,8571,3.1344444444444166,0.0875,6
667,8572,3.1344444444444166,0.0875,6
668,8573,3.1344444444444166,0.0875,6
669,8574,3.1344444444444166,0.0875,6
670,8575,3.1344444444444166,0.0875,6
671,8576,3.1344444444444166,0.0875,6
672,8577,3.1344444444444166,0.0875,6
673,8578,3.1344444444444166,0.0875,6
674,8579,3.1344444444444166,0.0875,6
675,8580,3.1344444444444166,0.0875,6
676,8581,3.1344444444444166,0.0875,6
677,8582,3.1344444444444166,0.0875,6
678,8583,3.1344444444444166,0.0875,6
679,8584,3.1344444444444166,0.0875,6
680,8585,3.1344444444444166,0.0875,6
681,8586,3.1344444444444166,0.0875,6
682,8587,3.1344444444444166,0.0875,6
683,8588,3.1344444444444166,0.0875,6
684,8589,3.1344444444444166,0.0875,6
685,8590,3.1344444444444166,0.0875,6
686,8591,3.1344444444444166,0.0875,6
687,8592,3.1344444444444166,0.0875,6
688,8593,3.1344444444444166,0.0875,6
689,8594,3.1344444444444166,0.0875,6
690,8595,3.1344444444444166,0.0875,6
691,8596,3.1344444444444166,0.0875,6
692,8597,3.1344444444444166,0.0875,6
693,8598,3.1344444444444166,0.0875,6
694,8599,3.1344444444444166,0.0875,6
695,8600,3.1344444444444166,0.0875,6
696,8601,3.1344444444444166,0.0875,6
697,8602,3.1344444444444166,0.0875,6
698,8603,3.1344444444444166,0.0875,6
699,8604,3.1344444444444166,0.0875,6
700,8605,3.1344444444444166,0.0875,6
701,8606,3.1344444444444166,0.0875,6
702,8607,3.1344444444444166,0.0875,6
703,8608,3.1416666666666386,0.0875,-1
704,8609,3.1488888888888606,0.0875,-1
705,8610,3.1561111111110827,0.0875,-1
706,8611,3.1633333333333047,0.0875,-1
707,8612,3.1705555555555267,0.0875,-1
708,8613,3.1777777777777487,0.0875,-1
709,8614,3.1849999999999707,0.0875,-1
710,8615,3.1922222222221928,0.0875,-1
711,8616,3.199444444444415,0.0875,-1
712,8617,3.206666666666637,0.0875,-1
713,8618,3.213888888888859,0.0875,-1
714,8619,3.221111111111081,0.0875,-1
715,8620,3.228333333333303,0.0875,-1
716,8621,3.235555555555525,0.0875,-1
717,8622,3.242777777777747,0.0875,-1
718,8623,3.249999999999969,0.0875,-1
719,8624,3.257222222222191,0.0875,-1
720,8625,3.264444444444413,0.0875,-1
721,8626,3.271666666666635,0.0875,-1
722,8627,3.278888888888857,0.0875,-1
723,8628,3.286111111111079,0.0875,-1
724,8629,3.293333333333301,0.0875,-1
725,8630,3.300555555555523,0.0875,-1
726,8631,3.307777777777745,0.0875,-1
727,8632,3.314999999999967,0.0875,-1
728,8633,3.322222222222189,0.0875,-1
729,8634,3.329444444444411,0.0875,-1
730,8635,3.336666666666633,0.0875,-1
731,8636,3.343888888888855,0.0875,-1
732,8637,3.351111111111077,0.0875,-1
733,8638,3.358333333333299,0.0875,-1
734,8639,3.365555555555521,0.0875,-1
735,8640,3.3727777777777432,0.0875,-1
736,8641,3.3799999999999653,0.0875,-1
737,8642,3.3872222222221873,0.0875,-1
738,8643,3.3944444444444093,0.0875,-1
739,8644,3.4016666666666313,0.0875,-1
740,8645,3.4088888888888533,0.0875,-1
741,8646,3.4161111111110753,0.0875,-1
742,8647,3.4233333333332974,0.0875,-1
743,8648,3.4305555555555194,0.0875,-1
744,8649,3.4377777777777414,0.0875,-1
745,8650,3.4449999999999634,0.0875,-1
746,8651,3.4522222222221854,0.0875,-1
747,8652,3.4594444444444075,0.0875,-1
748,8653,3.4666666666666295,0.0875,-1
749,8654,3.4738888888888515,0.0875,-1
750,8655,3.4811111111110735,0.0875,-1
751,8656,3.4883333333332955,0.0875,-1
752,8657,3.4955555555555176,0.0875,-1
753,8658,3.5027777777777396,0.0875,-1
754,8659,3.5099999999999616,0.0875,-1
755,8660,3.5172222222221836,0.0875,-1
756,8661,3.5244444444444056,0.0875,-1
757,8662,3.5316666666666277,0.0875,-1
758,8663,3.5388888888888497,0.0875,-1
759,8664,3.5461111111110717,0.0875,-1
760,8665,3.5533333333332937,0.0875,-1
761,8666,3.5605555555555157,0.0875,-1
762,8667,3.5677777777777377,0.0875,-1
763,8668,3.5749999999999598,0.0875,-1
764,8669,3.582222222222182,0.0875,-1
765,8670,3.589444444444404,0.0875,-1
766,8671,3.596666666666626,0.0875,-1
767,8672,3.603888888888848,0.0875,-1
768,8673,3.61111111111107,0.0875,-1
769,8674,3.618333333333292,0.0875,-1
770,8675,3.625555555555514,0.0875,-1
771,8676,3.632777777777736,0.0875,-1
772,8677,3.639999999999958,0.0875,-1
773,8678,3.64722222222218,0.0875,-1
774,8679,3.654444444444402,0.0875,-1
775,8680,3.661666666666624,0.0875,-1
776,8681,3.668888888888846,0.0875,-1
777,8682,3.676111111111068,0.0875,-1
778,8683,3.68333333333329,0.0875,-1
779,8684,3.690555555555512,0.0875,-1
780,8685,3.697777777777734,0.0875,-1
781,8686,3.704999999999956,0.0875,-1
782,8687,3.712222222222178,0.0875,-1
783,8688,3.7194444444444,0.0875,-1
784,8689,3.726666666666622,0.0875,-1
785,8690,3.733888888888844,0.0875,-1
786,8691,3.741111111111066,0.0875,-1
787,8692,3.748333333333288,0.0875,-1
788,8693,3.7555555555555102,0.0875,-1
789,8694,3.7627777777777323,0.0875,-1
790,8695,3.7699999999999543,0.0875,-1
791,8696,3.7772222222221763,0.0875,-1
792,8697,3.7844444444443983,0.0875,-1
793,8698,3.7916666666666203,0.0875,-1
794,8699,3.7988888888888424,0.0875,-1
795,8700,3.8061111111110644,0.0875,-1
796,8701,3.8133333333332864,0.0875,-1
797,8702,3.8205555555555084,0.0875,-1
798,8703,3.8277777777777304,0.0875,-1
799,8704,3.8349999999999524,0.0875,-1
800,8705,3.8422222222221745,0.0875,-1
801,8706,3.8494444444443965,0.0875,-1
802,8707,3.8566666666666185,0.0875,-1
803,8708,3.8638888888888405,0.0875,-1
804,8709,3.8711111111110625,0.0875,-1
805,8710,3.8783333333332846,0.0875,-1
806,8711,3.8855555555555066,0.0875,-1
807,8712,3.8927777777777286,0.0875,-1
808,8713,3.8999999999999506,0.0875,-1
809,8714,3.9072222222221726,0.0875,-1
810,8715,3.9144444444443947,0.0875,-1
811,8716,3.9216666666666167,0.0875,-1
812,8717,3.9288888888888387,0.0875,-1
813,8718,3.9361111111110607,0.0875,-1
814,8719,3.9433333333332827,0.0875,-1
815,8720,3.9505555555555047,0.0875,-1
816,8721,3.9577777777777268,0.0875,-1
817,8722,3.964999999999949,0.0875,-1
818,8723,3.972222222222171,0.0875,-1
819,8724,3.979444444444393,0.0875,-1
820,8725,3.986666666666615,0.0875,-1
821,8726,3.993888888888837,0.0875,-1
822,8727,4.001111111111059,0.0875,-1
823,8728,4.008333333333281,0.0875,-1
824,8729,4.015555555555504,0.0875,-1
825,8730,4.022777777777726,0.0875,-1
826,8731,4.029999999999949,0.0875,-1
827,8732,4.037222222222171,0.0875,-1
828,8733,4.037222222222171,0.1625,7
829,8734,4.037222222222171,0.1625,7
830,8735,4.037222222222171,0.1625,7
831,8736,4.037222222222171,0.1625,7
832,8737,4.037222222222171,0.1625,7
833,8738,4.037222222222171,0.1625,7
834,8739,4.037222222222171,0.1625,7
835,8740,4.037222222222171,0.1625,7
836,8741,4.037222222222171,0.1625,7
837,8742,4.037222222222171,0.1625,7
838,8743,4.037222222222171,0.1625,7
839,8744,4.037222222222171,0.1625,7
840,8745,4.037222222222171,0.1625,7
841,8746,4.037222222222171,0.1625,7
842,8747,4.037222222222171,0.1625,7
843,8748,4.037222222222171,0.1625,7
844,8749,4.037222222222171,0.1625,7
845,8750,4.037222222222171,0.1625,7
846,8751,4.037222222222171,0.1625,7
847,8752,4.037222222222171,0.1625,7
848,8753,4.037222222222171,0.1625,7
849,8754,4.037222222222171,0.1625,7
850,8755,4.037222222222171,0.1625,7
851,8756,4.037222222222171,0.1625,7
852,8757,4.037222222222171,0.1625,7
853,8758,4.037222222222171,0.1625,7
854,8759,4.037222222222171,0.1625,7
855,8760,4.037222222222171,0.1625,7
856,8761,4.037222222222171,0.1625,7
857,8762,4.037222222222171,0.1625,7
858,8763,4.037222222222171,0.1625,7
859,8764,4.037222222222171,0.1625,7
860,8765,4.037222222222171,0.1625,7
861,8766,4.037222222222171,0.1625,7
862,8767,4.037222222222171,0.1625,7
863,8768,4.037222222222171,0.1625,7
864,8769,4.037222222222171,0.1625,7
865,8770,4.037222222222171,0.1625,7
866,8771,4.037222222222171,0.1625,7
867,8772,4.037222222222171,0.1625,7
868,8773,4.037222222222171,0.1625,7
869,8774,4.037222222222171,0.1625,7
870,8775,4.037222222222171,0.1625,7
871,8776,4.037222222222171,0.1625,7
872,8777,4.037222222222171,0.1625,7
873,8778,4.037222222222171,0.1625,7
874,8779,4.037222222222171,0.1625,7
875,8780,4.037222222222171,0.1625,7
876,8781,4.037222222222171,0.1625,7
877,8782,4.037222222222171,0.1625,7
878,8783,4.037222222222171,0.1625,7
879,8784,4.037222222222171,0.1625,7
880,8785,4.037222222222171,0.1625,7
881,8786,4.037222222222171,0.1625,7
882,8787,4.037222222222171,0.1625,7
883,8788,4.037222222222171,0.1625,7
884,8789,4.037222222222171,0.1625,7
885,8790,4.037222222222171,0.1625,7
886,8791,4.037222222222171,0.1625,7
887,8792,4.037222222222171,0.1625,7
888,8793,4.037222222222171,0.1625,7
889,8794,4.037222222222171,0.1625,7
890,8795,4.037222222222171,0.1625,7
891,8796,4.037222222222171,0.1625,7
892,8797,4.037222222222171,0.1625,7
893,8798,4.037222222222171,0.1625,7
894,8799,4.037222222222171,0.1625,7
895,8800,4.037222222222171,0.1625,7
896,8801,4.037222222222171,0.1625,7
897,8802,4.037222222222171,0.1625,7
898,8803,4.037222222222171,0.1625,7
899,8804,4.037222222222171,0.1625,7
900,8805,4.037222222222171,0.1625,7
901,8806,4.037222222222171,0.1625,7
902,8807,4.037222222222171,0.1625,7
903,8808,4.037222222222171,0.1625,7
904,8809,4.044444444444394,0.1625,-1
905,8810,4.051666666666616,0.1625,-1
906,8811,4.058888888888839,0.1625,-1
907,8812,4.066111111111061,0.1625,-1
908,8813,4.0733333333332835,0.1625,-1
909,8814,4.080555555555506,0.1625,-1
910,8815,4.087777777777728,0.1625,-1
911,8816,4.094999999999951,0.1625,-1
912,8817,4.102222222222173,0.1625,-1
913,8818,4.109444444444396,0.1625,-1
914,8819,4.116666666666618,0.1625,-1
915,8820,4.123888888888841,0.1625,-1
916,8821,4.131111111111063,0.1625,-1
917,8822,4.138333333333286,0.1625,-1
918,8823,4.145555555555508,0.1625,-1
919,8824,4.152777777777731,0.1625,-1
920,8825,4.159999999999953,0.1625,-1
921,8826,4.1672222222221755,0.1625,-1
922,8827,4.174444444444398,0.1625,-1
923,8828,4.1816666666666205,0.1625,-1
924,8829,4.188888888888843,0.1625,-1
925,8830,4.196111111111065,0.1625,-1
926,8831,4.203333333333288,0.1625,-1
927,8832,4.21055555555551,0.1625,-1
928,8833,4.217777777777733,0.1625,-1
929,8834,4.224999999999955,0.1625,-1
930,8835,4.232222222222178,0.1625,-1
931,8836,4.2394444444444,0.1625,-1
932,8837,4.246666666666623,0.1625,-1
933,8838,4.253888888888845,0.1625,-1
934,8839,4.2611111111110676,0.1625,-1
935,8840,4.26833333333329,0.1625,-1
936,8841,4.2755555555555125,0.1625,-1
937,8842,4.282777777777735,0.1625,-1
938,8843,4.289999999999957,0.1625,-1
939,8844,4.29722222222218,0.1625,-1
940,8845,4.304444444444402,0.1625,-1
941,8846,4.311666666666625,0.1625,-1
942,8847,4.318888888888847,0.1625,-1
943,8848,4.32611111111107,0.1625,-1
944,8849,4.32611111111107,0.1625,8
945,8850,4.32611111111107,0.1625,8
946,8851,4.32611111111107,0.1625,8
947,8852,4.32611111111107,0.1625,8
948,8853,4.32611111111107,0.1625,8
949,8854,4.32611111111107,0.1625,8
950,8855,4.32611111111107,0.1625,8
951,8856,4.32611111111107,0.1625,8
952,8857,4.32611111111107,0.1625,8
953,8858,4.32611111111107,0.1625,8
954,8859,4.32611111111107,0.1625,8
955,8860,4.32611111111107,0.1625,8
956,8861,4.32611111111107,0.1625,8
957,8862,4.32611111111107,0.1625,8
958,8863,4.32611111111107,0.1625,8
959,8864,4.32611111111107,0.1625,8
960,8865,4.32611111111107,0.1625,8
961,8866,4.32611111111107,0.1625,8
962,8867,4.32611111111107,0.1625,8
963,8868,4.32611111111107,0.1625,8
964,8869,4.32611111111107,0.1625,8
965,8870,4.32611111111107,0.1625,8
966,8871,4.32611111111107,0.1625,8
967,8872,4.32611111111107,0.1625,8
968,8873,4.32611111111107,0.1625,8
969,8874,4.32611111111107,0.1625,8
970,8875,4.32611111111107,0.1625,8
971,8876,4.32611111111107,0.1625,8
972,8877,4.32611111111107,0.1625,8
973,8878,4.32611111111107,0.1625,8
974,8879,4.32611111111107,0.1625,8
975,8880,4.32611111111107,0.1625,8
976,8881,4.32611111111107,0.1625,8
977,8882,4.32611111111107,0.1625,8
978,8883,4.32611111111107,0.1625,8
979,8884,4.32611111111107,0.1625,8
980,8885,4.32611111111107,0.1625,8
981,8886,4.32611111111107,0.1625,8
982,8887,4.32611111111107,0.1625,8
983,8888,4.32611111111107,0.1625,8
984,8889,4.32611111111107,0.1625,8
985,8890,4.32611111111107,0.1625,8
986,8891,4.32611111111107,0.1625,8
987,8892,4.32611111111107,0.1625,8
988,8893,4.32611111111107,0.1625,8
989,8894,4.32611111111107,0.1625,8
990,8895,4.32611111111107,0.1625,8
991,8896,4.32611111111107,0.1625,8
992,8897,4.32611111111107,0.1625,8
993,8898,4.32611111111107,0.1625,8
994,8899,4.32611111111107,0.1625,8
995,8900,4.32611111111107,0.1625,8
996,8901,4.32611111111107,0.1625,8
997,8902,4.32611111111107,0.1625,8
998,8903,4.32611111111107,0.1625,8
999,8904,4.32611111111107,0.1625,8
1000,8905,4.32611111111107,0.1625,8
1001,8906,4.32611111111107,0.1625,8
1002,8907,4.32611111111107,0.1625,8
1003,8908,4.32611111111107,0.1625,8
1004,8909,4.32611111111107,0.1625,8
1005,8910,4.32611111111107,0.1625,8
1006,8911,4.32611111111107,0.1625,8
1007,8912,4.32611111111107,0.1625,8
1008,8913,4.32611111111107,0.1625,8
1009,8914,4.32611111111107,0.1625,8
1010,8915,4.32611111111107,0.1625,8
1011,8916,4.32611111111107,0.1625,8
1012,8917,4.32611111111107,0.1625,8
1013,8918,4.32611111111107,0.1625,8
1014,8919,4.32611111111107,0.1625,8
1015,8920,4.32611111111107,0.1625,8
1016,8921,4.32611111111107,0.1625,8
1017,8922,4.32611111111107,0.1625,8
1018,8923,4.32611111111107,0.1625,8
1019,8924,4.32611111111107,0.1625,8
1020,8925,4.32611111111107,0.1625,8
1021,8926,4.32611111111107,0.1625,8
1022,8927,4.32611111111107,0.1625,8
1023,8928,4.32611111111107,0.1625,8
1024,8929,4.32611111111107,0.1625,8
1025,8930,4.32611111111107,0.1625,8
1026,8931,4.32611111111107,0.1625,8
1027,8932,4.32611111111107,0.1625,8
1028,8933,4.32611111111107,0.1625,8
1029,8934,4.32611111111107,0.1625,8
1030,8935,4.32611111111107,0.1625,8
1031,8936,4.32611111111107,0.1625,8
1032,8937,4.32611111111107,0.1625,8
1033,8938,4.32611111111107,0.1625,8
1034,8939,4.32611111111107,0.1625,8
1035,8940,4.32611111111107,0.1625,8
1036,8941,4.32611111111107,0.1625,8
1037,8942,4.32611111111107,0.1625,8
1038,8943,4.32611111111107,0.1625,8
1039,8944,4.32611111111107,0.1625,8
1040,8945,4.32611111111107,0.1625,8
1041,8946,4.32611111111107,0.1625,8
1042,8947,4.32611111111107,0.1625,8
1043,8948,4.32611111111107,0.1625,8
1044,8949,4.32611111111107,0.1625,8
1045,8950,4.32611111111107,0.1625,8
1046,8951,4.32611111111107,0.1625,8
1047,8952,4.32611111111107,0.1625,8
1048,8953,4.32611111111107,0.1625,8
1049,8954,4.32611111111107,0.1625,8
1050,8955,4.32611111111107,0.1625,8
1051,8956,4.32611111111107,0.1625,8
1052,8957,4.32611111111107,0.1625,8
1053,8958,4.32611111111107,0.1625,8
1054,8959,4.32611111111107,0.1625,8
1055,8960,4.32611111111107,0.1625,8
1056,8961,4.333333333333292,0.1625,-1
1057,8962,4.340555555555515,0.1625,-1
1058,8963,4.347777777777737,0.1625,-1
1059,8964,4.35499999999996,0.1625,-1
1060,8965,4.362222222222182,0.1625,-1
1061,8966,4.3694444444444045,0.1625,-1
1062,8967,4.376666666666627,0.1625,-1
1063,8968,4.383888888888849,0.1625,-1
1064,8969,4.391111111111072,0.1625,-1
1065,8970,4.398333333333294,0.1625,-1
1066,8971,4.405555555555517,0.1625,-1
1067,8972,4.412777777777739,0.1625,-1
1068,8973,4.419999999999962,0.1625,-1
1069,8974,4.427222222222184,0.1625,-1
1070,8975,4.434444444444407,0.1625,-1
1071,8976,4.441666666666629,0.1625,-1
1072,8977,4.448888888888852,0.1625,-1
1073,8978,4.456111111111074,0.1625,-1
1074,8979,4.4633333333332965,0.1625,-1
1075,8980,4.470555555555519,0.1625,-1
1076,8981,4.477777777777741,0.1625,-1
1077,8982,4.484999999999964,0.1625,-1
1078,8983,4.492222222222186,0.1625,-1
1079,8984,4.499444444444409,0.1625,-1
1080,8985,4.506666666666631,0.1625,-1
1081,8986,4.513888888888854,0.1625,-1
1082,8987,4.521111111111076,0.1625,-1
1083,8988,4.528333333333299,0.1625,-1
1084,8989,4.535555555555521,0.1625,-1
1085,8990,4.542777777777744,0.1625,-1
1086,8991,4.549999999999966,0.1625,-1
1087,8992,4.5572222222221885,0.1625,-1
1088,8993,4.564444444444411,0.1625,-1
1089,8994,4.5716666666666335,0.1625,-1
1090,8995,4.578888888888856,0.1625,-1
1091,8996,4.586111111111078,0.1625,-1
1092,8997,4.593333333333301,0.1625,-1
1093,8998,4.600555555555523,0.1625,-1
1094,8999,4.607777777777746,0.1625,-1
1095,9000,4.614999999999968,0.1625,-1
1096,9001,4.622222222222191,0.1625,-1
1097,9002,4.629444444444413,0.1625,-1
1098,9003,4.636666666666636,0.1625,-1
1099,9004,4.643888888888858,0.1625,-1
1100,9005,4.6511111111110806,0.1625,-1
1101,9006,4.658333333333303,0.1625,-1
1102,9007,4.6655555555555255,0.1625,-1
1103,9008,4.672777777777748,0.1625,-1
1104,9009,4.67999999999997,0.1625,-1
1105,9010,4.687222222222193,0.1625,-1
1106,9011,4.694444444444415,0.1625,-1
1107,9012,4.701666666666638,0.1625,-1
1108,9013,4.70888888888886,0.1625,-1
1109,9014,4.716111111111083,0.1625,-1
1110,9015,4.723333333333305,0.1625,-1
1111,9016,4.730555555555528,0.1625,-1
1112,9017,4.73777777777775,0.1625,-1
1113,9018,4.744999999999973,0.1625,-1
1114,9019,4.752222222222195,0.1625,-1
1115,9020,4.7594444444444175,0.1625,-1
1116,9021,4.76666666666664,0.1625,-1
1117,9022,4.773888888888862,0.1625,-1
1118,9023,4.781111111111085,0.1625,-1
1119,9024,4.788333333333307,0.1625,-1
1120,9025,4.79555555555553,0.1625,-1
1121,9026,4.802777777777752,0.1625,-1
1122,9027,4.809999999999975,0.1625,-1
1123,9028,4.817222222222197,0.1625,-1
1124,9029,4.82444444444442,0.1625,-1
1125,9030,4.831666666666642,0.1625,-1
1126,9031,4.838888888888865,0.1625,-1
1127,9032,4.846111111111087,0.1625,-1
1128,9033,4.8533333333333095,0.1625,-1
1129,9034,4.860555555555532,0.1625,-1
1130,9035,4.8677777777777544,0.1625,-1
1131,9036,4.874999999999977,0.1625,-1
1132,9037,4.882222222222199,0.1625,-1
1133,9038,4.889444444444422,0.1625,-1
1134,9039,4.896666666666644,0.1625,-1
1135,9040,4.903888888888867,0.1625,-1
1136,9041,4.911111111111089,0.1625,-1
1137,9042,4.918333333333312,0.1625,-1
1138,9043,4.925555555555534,0.1625,-1
1139,9044,4.932777777777757,0.1625,-1
1140,9045,4.932777777777757,0.175,9
1141,9046,4.932777777777757,0.175,9
1142,9047,4.932777777777757,0.175,9
1143,9048,4.932777777777757,0.175,9
1144,9049,4.932777777777757,0.175,9
1145,9050,4.932777777777757,0.175,9
1146,9051,4.932777777777757,0.175,9
1147,9052,4.932777777777757,0.175,9
1148,9053,4.932777777777757,0.175,9
1149,9054,4.932777777777757,0.175,9
1150,9055,4.932777777777757,0.175,9
1151,9056,4.932777777777757,0.175,9
1152,9057,4.932777777777757,0.175,9
1153,9058,4.932777777777757,0.175,9
1154,9059,4.932777777777757,0.175,9
1155,9060,4.932777777777757,0.175,9
1156,9061,4.932777777777757,0.175,9
1157,9062,4.932777777777757,0.175,9
1158,9063,4.932777777777757,0.175,9
1159,9064,4.932777777777757,0.175,9
1160,9065,4.932777777777757,0.175,9
1161,9066,4.932777777777757,0.175,9
1162,9067,4.932777777777757,0.175,9
1163,9068,4.932777777777757,0.175,9
1164,9069,4.932777777777757,0.175,9
1165,9070,4.932777777777757,0.175,9
1166,9071,4.932777777777757,0.175,9
1167,9072,4.932777777777757,0.175,9
1168,9073,4.932777777777757,0.175,9
1169,9074,4.932777777777757,0.175,9
1170,9075,4.932777777777757,0.175,9
1171,9076,4.932777777777757,0.175,9
1172,9077,4.932777777777757,0.175,9
1173,9078,4.932777777777757,0.175,9
1174,9079,4.932777777777757,0.175,9
1175,9080,4.932777777777757,0.175,9
1176,9081,4.932777777777757,0.175,9
1177,9082,4.932777777777757,0.175,9
1178,9083,4.932777777777757,0.175,9
1179,9084,4.932777777777757,0.175,9
1180,9085,4.932777777777757,0.175,9
1181,9086,4.939999999999979,0.175,-1
1182,9087,4.9472222222222015,0.175,-1
1183,9088,4.954444444444424,0.175,-1
1184,9089,4.9616666666666465,0.175,-1
1185,9090,4.968888888888869,0.175,-1
1186,9091,4.976111111111091,0.175,-1
1187,9092,4.983333333333314,0.175,-1
1188,9093,4.990555555555536,0.175,-1
1189,9094,4.997777777777759,0.175,-1
1190,9095,5.004999999999981,0.175,-1
1191,9096,5.012222222222204,0.175,-1
1192,9097,5.019444444444426,0.175,-1
1193,9098,5.026666666666649,0.175,-1
1194,9099,5.033888888888871,0.175,-1
1195,9100,5.041111111111094,0.175,-1
1196,9101,5.048333333333316,0.175,-1
1197,9102,5.0555555555555385,0.175,-1
1198,9103,5.062777777777761,0.175,-1
1199,9104,5.069999999999983,0.175,-1
1200,9105,5.077222222222206,0.175,-1
1201,9106,5.084444444444428,0.175,-1
1202,9107,5.091666666666651,0.175,-1
1203,9108,5.098888888888873,0.175,-1
1204,9109,5.106111111111096,0.175,-1
1205,9110,5.113333333333318,0.175,-1
1206,9111,5.120555555555541,0.175,-1
1207,9112,5.127777777777763,0.175,-1
1208,9113,5.134999999999986,0.175,-1
1209,9114,5.142222222222208,0.175,-1
1210,9115,5.1494444444444305,0.175,-1
1211,9116,5.156666666666653,0.175,-1
1212,9117,5.163888888888875,0.175,-1
1213,9118,5.171111111111098,0.175,-1
1214,9119,5.17833333333332,0.175,-1
1215,9120,5.185555555555543,0.175,-1
1216,9121,5.192777777777765,0.175,-1
1217,9122,5.199999999999988,0.175,-1
1218,9123,5.20722222222221,0.175,-1
1219,9124,5.214444444444433,0.175,-1
1220,9125,5.221666666666655,0.175,-1
1221,9126,5.228888888888878,0.175,-1
1222,9127,5.2361111111111,0.175,-1
1223,9128,5.2433333333333225,0.175,-1
1224,9129,5.250555555555545,0.175,-1
1225,9130,5.2577777777777674,0.175,-1
1226,9131,5.26499999999999,0.175,-1
1227,9132,5.272222222222212,0.175,-1
1228,9133,5.279444444444435,0.175,-1
1229,9134,5.286666666666657,0.175,-1
1230,9135,5.29388888888888,0.175,-1
1231,9136,5.301111111111102,0.175,-1
1232,9137,5.308333333333325,0.175,-1
1233,9138,5.315555555555547,0.175,-1
1234,9139,5.32277777777777,0.175,-1
1235,9140,5.329999999999992,0.175,-1
1236,9141,5.3372222222222145,0.175,-1
1237,9142,5.344444444444437,0.175,-1
1238,9143,5.3516666666666595,0.175,-1
1239,9144,5.3516666666666595,0.175,10
1240,9145,5.3516666666666595,0.175,10
1241,9146,5.3516666666666595,0.175,10
1242,9147,5.3516666666666595,0.175,10
1243,9148,5.3516666666666595,0.175,10
1244,9149,5.3516666666666595,0.175,10
1245,9150,5.3516666666666595,0.175,10
1246,9151,5.3516666666666595,0.175,10
1247,9152,5.3516666666666595,0.175,10
1248,9153,5.3516666666666595,0.175,10
1249,9154,5.3516666666666595,0.175,10
1250,9155,5.3516666666666595,0.175,10
1251,9156,5.3516666666666595,0.175,10
1252,9157,5.3516666666666595,0.175,10
1253,9158,5.3516666666666595,0.175,10
1254,9159,5.3516666666666595,0.175,10
1255,9160,5.3516666666666595,0.175,10
1256,9161,5.3516666666666595,0.175,10
1257,9162,5.3516666666666595,0.175,10
1258,9163,5.3516666666666595,0.175,10
1259,9164,5.3516666666666595,0.175,10
1260,9165,5.3516666666666595,0.175,10
1261,9166,5.3516666666666595,0.175,10
1262,9167,5.3516666666666595,0.175,10
1263,9168,5.3516666666666595,0.175,10
1264,9169,5.3516666666666595,0.175,10
1265,9170,5.3516666666666595,0.175,10
1266,9171,5.3516666666666595,0.175,10
1267,9172,5.3516666666666595,0.175,10
1268,9173,5.3516666666666595,0.175,10
1269,9174,5.3516666666666595,0.175,10
1270,9175,5.3516666666666595,0.175,10
1271,9176,5.3516666666666595,0.175,10
1272,9177,5.3516666666666595,0.175,10
1273,9178,5.3516666666666595,0.175,10
1274,9179,5.3516666666666595,0.175,10
1275,9180,5.3516666666666595,0.175,10
1276,9181,5.3516666666666595,0.175,10
1277,9182,5.3516666666666595,0.175,10
1278,9183,5.3516666666666595,0.175,10
1279,9184,5.3516666666666595,0.175,10
1280,9185,5.3516666666666595,0.175,10
1281,9186,5.3516666666666595,0.175,10
1282,9187,5.3516666666666595,0.175,10
1283,9188,5.3516666666666595,0.175,10
1284,9189,5.3516666666666595,0.175,10
1285,9190,5.3516666666666595,0.175,10
1286,9191,5.3516666666666595,0.175,10
1287,9192,5.3516666666666595,0.175,10
1288,9193,5.3516666666666595,0.175,10
1289,9194,5.3516666666666595,0.175,10
1290,9195,5.3516666666666595,0.175,10
1291,9196,5.3516666666666595,0.175,10
1292,9197,5.3516666666666595,0.175,10
1293,9198,5.3516666666666595,0.175,10
1294,9199,5.3516666666666595,0.175,10
1295,9200,5.3516666666666595,0.175,10
1296,9201,5.3516666666666595,0.175,10
1297,9202,5.3516666666666595,0.175,10
1298,9203,5.3516666666666595,0.175,10
1299,9204,5.3516666666666595,0.175,10
1300,9205,5.3516666666666595,0.175,10
1301,9206,5.3516666666666595,0.175,10
1302,9207,5.3516666666666595,0.175,10
1303,9208,5.3516666666666595,0.175,10
1304,9209,5.3516666666666595,0.175,10
1305,9210,5.3516666666666595,0.175,10
1306,9211,5.3516666666666595,0.175,10
1307,9212,5.3516666666666595,0.175,10
1308,9213,5.3516666666666595,0.175,10
1309,9214,5.3516666666666595,0.175,10
1310,9215,5.3516666666666595,0.175,10
1311,9216,5.358888888888882,0.175,-1
1312,9217,5.366111111111104,0.175,-1
1313,9218,5.373333333333327,0.175,-1
1314,9219,5.380555555555549,0.175,-1
1315,9220,5.387777777777772,0.175,-1
1316,9221,5.394999999999994,0.175,-1
1317,9222,5.402222222222217,0.175,-1
1318,9223,5.409444444444439,0.175,-1
1319,9224,5.416666666666662,0.175,-1
1320,9225,5.423888888888884,0.175,-1
1321,9226,5.431111111111107,0.175,-1
1322,9227,5.438333333333329,0.175,-1
1323,9228,5.4455555555555515,0.175,-1
1324,9229,5.452777777777774,0.175,-1
1325,9230,5.459999999999996,0.175,-1
1326,9231,5.467222222222219,0.175,-1
1327,9232,5.474444444444441,0.175,-1
1328,9233,5.481666666666664,0.175,-1
1329,9234,5.488888888888886,0.175,-1
1330,9235,5.496111111111109,0.175,-1
1331,9236,5.503333333333331,0.175,-1
1332,9237,5.510555555555554,0.175,-1
1333,9238,5.517777777777776,0.175,-1
1334,9239,5.524999999999999,0.175,-1
1335,9240,5.532222222222221,0.175,-1
1336,9241,5.5394444444444435,0.175,-1
1337,9242,5.546666666666666,0.175,-1
1338,9243,5.553888888888888,0.175,-1
1339,9244,5.561111111111111,0.175,-1
1340,9245,5.568333333333333,0.175,-1
1341,9246,5.575555555555556,0.175,-1
1342,9247,5.582777777777778,0.175,-1
1343,9248,5.590000000000001,0.175,-1
1344,9249,5.597222222222223,0.175,-1
1345,9250,5.604444444444446,0.175,-1
1346,9251,5.611666666666668,0.175,-1
1347,9252,5.618888888888891,0.175,-1
1348,9253,5.626111111111113,0.175,-1
1349,9254,5.6333333333333355,0.175,-1
1350,9255,5.640555555555558,0.175,-1
1351,9256,5.6477777777777805,0.175,-1
1352,9257,5.655000000000003,0.175,-1
1353,9258,5.662222222222225,0.175,-1
1354,9259,5.669444444444448,0.175,-1
1355,9260,5.67666666666667,0.175,-1
1356,9261,5.683888888888893,0.175,-1
1357,9262,5.691111111111115,0.175,-1
1358,9263,5.698333333333338,0.175,-1
1359,9264,5.70555555555556,0.175,-1
1360,9265,5.712777777777783,0.175,-1
1361,9266,5.720000000000005,0.175,-1
1362,9267,5.7272222222222275,0.175,-1
1363,9268,5.73444444444445,0.175,-1
1364,9269,5.7416666666666725,0.175,-1
1365,9270,5.748888888888895,0.175,-1
1366,9271,5.756111111111117,0.175,-1
1367,9272,5.76333333333334,0.175,-1
1368,9273,5.770555555555562,0.175,-1
1369,9274,5.777777777777785,0.175,-1
1370,9275,5.785000000000007,0.175,-1
1371,9276,5.79222222222223,0.175,-1
1372,9277,5.799444444444452,0.175,-1
1373,9278,5.806666666666675,0.175,-1
1374,9279,5.813888888888897,0.175,-1
1375,9280,5.82111111111112,0.175,-1
1376,9281,5.828333333333342,0.175,-1
1377,9282,5.8355555555555645,0.175,-1
1378,9283,5.842777777777787,0.175,-1
1379,9284,5.850000000000009,0.175,-1
1380,9285,5.857222222222232,0.175,-1
1381,9286,5.864444444444454,0.175,-1
1382,9287,5.871666666666677,0.175,-1
1383,9288,5.878888888888899,0.175,-1
1384,9289,5.886111111111122,0.175,-1
1385,9290,5.893333333333344,0.175,-1
1386,9291,5.900555555555567,0.175,-1
1387,9292,5.907777777777789,0.175,-1
1388,9293,5.915000000000012,0.175,-1
1389,9294,5.922222222222234,0.175,-1
1390,9295,5.9294444444444565,0.175,-1
1391,9296,5.936666666666679,0.175,-1
1392,9297,5.943888888888901,0.175,-1
1393,9298,5.951111111111124,0.175,-1
1394,9299,5.958333333333346,0.175,-1
1395,9300,5.965555555555569,0.175,-1
1396,9301,5.972777777777791,0.175,-1
1397,9302,5.980000000000014,0.175,-1
1398,9303,5.987222222222236,0.175,-1
1399,9304,5.994444444444459,0.175,-1
1400,9305,6.001666666666681,0.175,-1
1401,9306,6.008888888888904,0.175,-1
1402,9307,6.016111111111126,0.175,-1
1403,9308,6.0233333333333485,0.175,-1
1404,9309,6.030555555555571,0.175,-1
1405,9310,6.0377777777777935,0.175,-1
1406,9311,6.045000000000016,0.175,-1
1407,9312,6.052222222222238,0.175,-1
1408,9313,6.059444444444461,0.175,-1
1409,9314,6.066666666666683,0.175,-1
1410,9315,6.073888888888906,0.175,-1
1411,9316,6.081111111111128,0.175,-1
1412,9317,6.088333333333351,0.175,-1
1413,9318,6.095555555555573,0.175,-1
1414,9319,6.102777777777796,0.175,-1
1415,9320,6.110000000000018,0.175,-1
1416,9321,6.1172222222222405,0.175,-1
1417,9322,6.124444444444463,0.175,-1
1418,9323,6.1316666666666855,0.175,-1
1419,9324,6.138888888888908,0.175,-1
1420,9325,6.14611111111113,0.175,-1
1421,9326,6.153333333333353,0.175,-1
1422,9327,6.160555555555575,0.175,-1
1423,9328,6.167777777777798,0.175,-1
1424,9329,6.17500000000002,0.175,-1
1425,9330,6.182222222222243,0.175,-1
1426,9331,6.189444444444465,0.175,-1
1427,9332,6.196666666666688,0.175,-1
1428,9333,6.20388888888891,0.175,-1
1429,9334,6.211111111111133,0.175,-1
1430,9335,6.218333333333355,0.175,-1
1431,9336,6.2255555555555775,0.175,-1
1432,9337,6.2327777777778,0.175,-1
1433,9338,6.240000000000022,0.175,-1
1434,9339,6.247222222222245,0.175,-1
1435,9340,6.254444444444467,0.175,-1
1436,9341,6.26166666666669,0.175,-1
1437,9342,6.268888888888912,0.175,-1
1438,9343,6.276111111111135,0.175,-1
1439,9344,6.283333333333357,0.175,-1
1440,9345,6.29055555555558,0.175,-1
1441,9346,6.297777777777802,0.175,-1
1442,9347,6.305000000000025,0.175,-1
1443,9348,6.312222222222247,0.175,-1
1444,9349,6.3194444444444695,0.175,-1
1445,9350,6.326666666666692,0.175,-1
1446,9351,6.333888888888914,0.175,-1
1447,9352,6.341111111111137,0.175,-1
1448,9353,6.348333333333359,0.175,-1
1449,9354,6.355555555555582,0.175,-1
1450,9355,6.362777777777804,0.175,-1
1451,9356,6.370000000000027,0.175,-1
1452,9357,6.377222222222249,0.175,-1
1453,9358,6.384444444444472,0.175,-1
1454,9359,6.391666666666694,0.175,-1
1455,9360,6.398888888888917,0.175,-1
1456,9361,6.406111111111139,0.175,-1
1457,9362,6.4133333333333615,0.175,-1
1458,9363,6.420555555555584,0.175,-1
1459,9364,6.4277777777778065,0.175,-1
1460,9365,6.435000000000029,0.175,-1
1461,9366,6.442222222222251,0.175,-1
1462,9367,6.449444444444474,0.175,-1
1463,9368,6.456666666666696,0.175,-1
1464,9369,6.463888888888919,0.175,-1
1465,9370,6.471111111111141,0.175,-1
1466,9371,6.478333333333364,0.175,-1
1467,9372,6.485555555555586,0.175,-1
1468,9373,6.492777777777809,0.175,-1
1469,9374,6.492777777777809,0.2375,11
1470,9375,6.492777777777809,0.2375,11
1471,9376,6.492777777777809,0.2375,11
1472,9377,6.492777777777809,0.2375,11
1473,9378,6.492777777777809,0.2375,11
1474,9379,6.492777777777809,0.2375,11
1475,9380,6.492777777777809,0.2375,11
1476,9381,6.492777777777809,0.2375,11
1477,9382,6.492777777777809,0.2375,11
1478,9383,6.492777777777809,0.2375,11
1479,9384,6.492777777777809,0.2375,11
1480,9385,6.492777777777809,0.2375,11
1481,9386,6.492777777777809,0.2375,11
1482,9387,6.492777777777809,0.2375,11
1483,9388,6.492777777777809,0.2375,11
1484,9389,6.492777777777809,0.2375,11
1485,9390,6.492777777777809,0.2375,11
1486,9391,6.492777777777809,0.2375,11
1487,9392,6.492777777777809,0.2375,11
1488,9393,6.492777777777809,0.2375,11
1489,9394,6.492777777777809,0.2375,11
1490,9395,6.492777777777809,0.2375,11
1491,9396,6.492777777777809,0.2375,11
1492,9397,6.492777777777809,0.2375,11
1493,9398,6.492777777777809,0.2375,11
1494,9399,6.492777777777809,0.2375,11
1495,9400,6.492777777777809,0.2375,11
1496,9401,6.492777777777809,0.2375,11
1497,9402,6.492777777777809,0.2375,11
1498,9403,6.492777777777809,0.2375,11
1499,9404,6.492777777777809,0.2375,11
1500,9405,6.492777777777809,0.2375,11
1501,9406,6.492777777777809,0.2375,11
1502,9407,6.492777777777809,0.2375,11
1503,9408,6.492777777777809,0.2375,11
1504,9409,6.492777777777809,0.2375,11
1505,9410,6.492777777777809,0.2375,11
1506,9411,6.492777777777809,0.2375,11
1507,9412,6.492777777777809,0.2375,11
1508,9413,6.492777777777809,0.2375,11
1509,9414,6.492777777777809,0.2375,11
1510,9415,6.492777777777809,0.2375,11
1511,9416,6.492777777777809,0.2375,11
1512,9417,6.492777777777809,0.2375,11
1513,9418,6.492777777777809,0.2375,11
1514,9419,6.492777777777809,0.2375,11
1515,9420,6.492777777777809,0.2375,11
1516,9421,6.492777777777809,0.2375,11
1517,9422,6.492777777777809,0.2375,11
1518,9423,6.492777777777809,0.2375,11
1519,9424,6.492777777777809,0.2375,11
1520,9425,6.492777777777809,0.2375,11
1521,9426,6.492777777777809,0.2375,11
1522,9427,6.492777777777809,0.2375,11
1523,9428,6.492777777777809,0.2375,11
1524,9429,6.492777777777809,0.2375,11
1525,9430,6.492777777777809,0.2375,11
1526,9431,6.492777777777809,0.2375,11
1527,9432,6.492777777777809,0.2375,11
1528,9433,6.492777777777809,0.2375,11
1529,9434,6.492777777777809,0.2375,11
1530,9435,6.492777777777809,0.2375,11
1531,9436,6.492777777777809,0.2375,11
1532,9437,6.492777777777809,0.2375,11
1533,9438,6.492777777777809,0.2375,11
1534,9439,6.492777777777809,0.2375,11
1535,9440,6.492777777777809,0.2375,11
1536,9441,6.492777777777809,0.2375,11
1537,9442,6.492777777777809,0.2375,11
1538,9443,6.492777777777809,0.2375,11
1539,9444,6.492777777777809,0.2375,11
1540,9445,6.492777777777809,0.2375,11
1541,9446,6.492777777777809,0.2375,11
1542,9447,6.492777777777809,0.2375,11
1543,9448,6.492777777777809,0.2375,11
1544,9449,6.492777777777809,0.2375,11
1545,9450,6.492777777777809,0.2375,11
1546,9451,6.492777777777809,0.2375,11
1547,9452,6.500000000000031,0.2375,-1
1548,9453,6.5072222222222535,0.2375,-1
1549,9454,6.514444444444476,0.2375,-1
1550,9455,6.5216666666666985,0.2375,-1
1551,9456,6.528888888888921,0.2375,-1
1552,9457,6.536111111111143,0.2375,-1
1553,9458,6.543333333333366,0.2375,-1
1554,9459,6.550555555555588,0.2375,-1
1555,9460,6.557777777777811,0.2375,-1
1556,9461,6.565000000000033,0.2375,-1
1557,9462,6.572222222222256,0.2375,-1
1558,9463,6.579444444444478,0.2375,-1
1559,9464,6.586666666666701,0.2375,-1
1560,9465,6.593888888888923,0.2375,-1
1561,9466,6.601111111111146,0.2375,-1
1562,9467,6.608333333333368,0.2375,-1
1563,9468,6.6155555555555905,0.2375,-1
1564,9469,6.622777777777813,0.2375,-1
1565,9470,6.630000000000035,0.2375,-1
1566,9471,6.637222222222258,0.2375,-1
1567,9472,6.64444444444448,0.2375,-1
1568,9473,6.651666666666703,0.2375,-1
1569,9474,6.658888888888925,0.2375,-1
1570,9475,6.666111111111148,0.2375,-1
1571,9476,6.67333333333337,0.2375,-1
1572,9477,6.680555555555593,0.2375,-1
1573,9478,6.687777777777815,0.2375,-1
1574,9479,6.695000000000038,0.2375,-1
1575,9480,6.70222222222226,0.2375,-1
1576,9481,6.7094444444444825,0.2375,-1
1577,9482,6.716666666666705,0.2375,-1
1578,9483,6.723888888888927,0.2375,-1
1579,9484,6.73111111111115,0.2375,-1
1580,9485,6.738333333333372,0.2375,-1
1581,9486,6.745555555555595,0.2375,-1
1582,9487,6.752777777777817,0.2375,-1
1583,9488,6.76000000000004,0.2375,-1
1584,9489,6.767222222222262,0.2375,-1
1585,9490,6.774444444444485,0.2375,-1
1586,9491,6.781666666666707,0.2375,-1
1587,9492,6.78888888888893,0.2375,-1
1588,9493,6.796111111111152,0.2375,-1
1589,9494,6.8033333333333745,0.2375,-1
1590,9495,6.810555555555597,0.2375,-1
1591,9496,6.8177777777778195,0.2375,-1
1592,9497,6.825000000000042,0.2375,-1
1593,9498,6.832222222222264,0.2375,-1
1594,9499,6.839444444444487,0.2375,-1
1595,9500,6.846666666666709,0.2375,-1
1596,9501,6.853888888888932,0.2375,-1
1597,9502,6.861111111111154,0.2375,-1
1598,9503,6.868333333333377,0.2375,-1
1599,9504,6.875555555555599,0.2375,-1
1600,9505,6.882777777777822,0.2375,-1
1601,9506,6.890000000000044,0.2375,-1
1602,9507,6.8972222222222666,0.2375,-1
1603,9508,6.904444444444489,0.2375,-1
1604,9509,6.9116666666667115,0.2375,-1
1605,9510,6.918888888888934,0.2375,-1
1606,9511,6.926111111111156,0.2375,-1
1607,9512,6.933333333333379,0.2375,-1
1608,9513,6.933333333333379,0.25,12
1609,9514,6.933333333333379,0.25,12
1610,9515,6.933333333333379,0.25,12
1611,9516,6.933333333333379,0.25,12
1612,9517,6.933333333333379,0.25,12
1613,9518,6.933333333333379,0.25,12
1614,9519,6.933333333333379,0.25,12
1615,9520,6.933333333333379,0.25,12
1616,9521,6.933333333333379,0.25,12
1617,9522,6.933333333333379,0.25,12
1618,9523,6.933333333333379,0.25,12
1619,9524,6.933333333333379,0.25,12
1620,9525,6.933333333333379,0.25,12
1621,9526,6.933333333333379,0.25,12
1622,9527,6.933333333333379,0.25,12
1623,9528,6.933333333333379,0.25,12
1624,9529,6.933333333333379,0.25,12
1625,9530,6.933333333333379,0.25,12
1626,9531,6.933333333333379,0.25,12
1627,9532,6.933333333333379,0.25,12
1628,9533,6.933333333333379,0.25,12
1629,9534,6.933333333333379,0.25,12
1630,9535,6.933333333333379,0.25,12
1631,9536,6.933333333333379,0.25,12
1632,9537,6.933333333333379,0.25,12
1633,9538,6.933333333333379,0.25,12
1634,9539,6.933333333333379,0.25,12
1635,9540,6.933333333333379,0.25,12
1636,9541,6.933333333333379,0.25,12
1637,9542,6.933333333333379,0.25,12
1638,9543,6.933333333333379,0.25,12
1639,9544,6.933333333333379,0.25,12
1640,9545,6.933333333333379,0.25,12
1641,9546,6.933333333333379,0.25,12
1642,9547,6.933333333333379,0.25,12
1643,9548,6.933333333333379,0.25,12
1644,9549,6.933333333333379,0.25,12
1645,9550,6.933333333333379,0.25,12
1646,9551,6.933333333333379,0.25,12
1647,9552,6.933333333333379,0.25,12
1648,9553,6.933333333333379,0.25,12
1649,9554,6.933333333333379,0.25,12
1650,9555,6.933333333333379,0.25,12
1651,9556,6.933333333333379,0.25,12
1652,9557,6.933333333333379,0.25,12
1653,9558,6.933333333333379,0.25,12
1654,9559,6.933333333333379,0.25,12
1655,9560,6.933333333333379,0.25,12
1656,9561,6.933333333333379,0.25,12
1657,9562,6.933333333333379,0.25,12
1658,9563,6.933333333333379,0.25,12
1659,9564,6.933333333333379,0.25,12
1660,9565,6.933333333333379,0.25,12
1661,9566,6.933333333333379,0.25,12
1662,9567,6.933333333333379,0.25,12
1663,9568,6.933333333333379,0.25,12
1664,9569,6.933333333333379,0.25,12
1665,9570,6.933333333333379,0.25,12
1666,9571,6.940555555555601,0.25,-1
1667,9572,6.947777777777824,0.25,-1
1668,9573,6.955000000000046,0.25,-1
1669,9574,6.962222222222269,0.25,-1
1670,9575,6.969444444444491,0.25,-1
1671,9576,6.976666666666714,0.25,-1
1672,9577,6.983888888888936,0.25,-1
1673,9578,6.991111111111159,0.25,-1
1674,9579,6.998333333333381,0.25,-1
1675,9580,7.0055555555556035,0.25,-1
1676,9581,7.012777777777826,0.25,-1
1677,9582,7.020000000000048,0.25,-1
1678,9583,7.027222222222271,0.25,-1
1679,9584,7.034444444444493,0.25,-1
1680,9585,7.041666666666716,0.25,-1
1681,9586,7.048888888888938,0.25,-1
1682,9587,7.056111111111161,0.25,-1
1683,9588,7.063333333333383,0.25,-1
1684,9589,7.070555555555606,0.25,-1
1685,9590,7.077777777777828,0.25,-1
1686,9591,7.085000000000051,0.25,-1
1687,9592,7.092222222222273,0.25,-1
1688,9593,7.0994444444444955,0.25,-1
1689,9594,7.106666666666718,0.25,-1
1690,9595,7.11388888888894,0.25,-1
1691,9596,7.121111111111163,0.25,-1
1692,9597,7.128333333333385,0.25,-1
1693,9598,7.135555555555608,0.25,-1
1694,9599,7.14277777777783,0.25,-1
1695,9600,7.150000000000053,0.25,-1
1696,9601,7.157222222222275,0.25,-1
1697,9602,7.164444444444498,0.25,-1
1698,9603,7.17166666666672,0.25,-1
1699,9604,7.178888888888943,0.25,-1
1700,9605,7.186111111111165,0.25,-1
1701,9606,7.1933333333333875,0.25,-1
1702,9607,7.20055555555561,0.25,-1
1703,9608,7.2077777777778325,0.25,-1
1704,9609,7.215000000000055,0.25,-1
1705,9610,7.222222222222277,0.25,-1
1706,9611,7.2294444444445,0.25,-1
1707,9612,7.236666666666722,0.25,-1
1708,9613,7.243888888888945,0.25,-1
1709,9614,7.251111111111167,0.25,-1
1710,9615,7.25833333333339,0.25,-1
1711,9616,7.265555555555612,0.25,-1
1712,9617,7.272777777777835,0.25,-1
1713,9618,7.280000000000057,0.25,-1
1714,9619,7.2872222222222796,0.25,-1
1715,9620,7.294444444444502,0.25,-1
1716,9621,7.3016666666667245,0.25,-1
1717,9622,7.3016666666667245,0.2875,13
1718,9623,7.3016666666667245,0.2875,13
1719,9624,7.3016666666667245,0.2875,13
1720,9625,7.3016666666667245,0.2875,13
1721,9626,7.3016666666667245,0.2875,13
1722,9627,7.3016666666667245,0.2875,13
1723,9628,7.3016666666667245,0.2875,13
1724,9629,7.3016666666667245,0.2875,13
1725,9630,7.3016666666667245,0.2875,13
1726,9631,7.308888888888947,0.2875,-1
1727,9632,7.316111111111169,0.2875,-1
1728,9633,7.323333333333392,0.2875,-1
1729,9634,7.330555555555614,0.2875,-1
1730,9635,7.337777777777837,0.2875,-1
1731,9636,7.345000000000059,0.2875,-1
1732,9637,7.352222222222282,0.2875,-1
1733,9638,7.359444444444504,0.2875,-1
1734,9639,7.366666666666727,0.2875,-1
1735,9640,7.373888888888949,0.2875,-1
1736,9641,7.381111111111172,0.2875,-1
1737,9642,7.388333333333394,0.2875,-1
1738,9643,7.3955555555556165,0.2875,-1
1739,9644,7.402777777777839,0.2875,-1
1740,9645,7.410000000000061,0.2875,-1
1741,9646,7.417222222222284,0.2875,-1
1742,9647,7.424444444444506,0.2875,-1
1743,9648,7.431666666666729,0.2875,-1
1744,9649,7.438888888888951,0.2875,-1
1745,9650,7.446111111111174,0.2875,-1
1746,9651,7.453333333333396,0.2875,-1
1747,9652,7.460555555555619,0.2875,-1
1748,9653,7.467777777777841,0.2875,-1
1749,9654,7.475000000000064,0.2875,-1
1750,9655,7.482222222222286,0.2875,-1
1751,9656,7.4894444444445085,0.2875,-1
1752,9657,7.496666666666731,0.2875,-1
1753,9658,7.5038888888889534,0.2875,-1
1754,9659,7.511111111111176,0.2875,-1
1755,9660,7.518333333333398,0.2875,-1
1756,9661,7.525555555555621,0.2875,-1
1757,9662,7.532777777777843,0.2875,-1
1758,9663,7.540000000000066,0.2875,-1
1759,9664,7.547222222222288,0.2875,-1
1760,9665,7.554444444444511,0.2875,-1
1761,9666,7.561666666666733,0.2875,-1
1762,9667,7.568888888888956,0.2875,-1
1763,9668,7.576111111111178,0.2875,-1
1764,9669,7.5833333333334005,0.2875,-1
1765,9670,7.590555555555623,0.2875,-1
1766,9671,7.5977777777778455,0.2875,-1
1767,9672,7.605000000000068,0.2875,-1
1768,9673,7.61222222222229,0.2875,-1
1769,9674,7.619444444444513,0.2875,-1
1770,9675,7.626666666666735,0.2875,-1
1771,9676,7.633888888888958,0.2875,-1
1772,9677,7.64111111111118,0.2875,-1
1773,9678,7.648333333333403,0.2875,-1
1774,9679,7.655555555555625,0.2875,-1
1775,9680,7.662777777777848,0.2875,-1
1776,9681,7.67000000000007,0.2875,-1
1777,9682,7.677222222222293,0.2875,-1
1778,9683,7.684444444444515,0.2875,-1
1779,9684,7.6916666666667375,0.2875,-1
1780,9685,7.69888888888896,0.2875,-1
1781,9686,7.706111111111182,0.2875,-1
1782,9687,7.713333333333405,0.2875,-1
1783,9688,7.720555555555627,0.2875,-1
1784,9689,7.72777777777785,0.2875,-1
1785,9690,7.735000000000072,0.2875,-1
1786,9691,7.742222222222295,0.2875,-1
1787,9692,7.749444444444517,0.2875,-1
1788,9693,7.75666666666674,0.2875,-1
1789,9694,7.763888888888962,0.2875,-1
1790,9695,7.771111111111185,0.2875,-1
1791,9696,7.778333333333407,0.2875,-1
1792,9697,7.7855555555556295,0.2875,-1
1793,9698,7.792777777777852,0.2875,-1
1794,9699,7.800000000000074,0.2875,-1
1795,9700,7.807222222222297,0.2875,-1
1796,9701,7.814444444444519,0.2875,-1
1797,9702,7.821666666666742,0.2875,-1
1798,9703,7.828888888888964,0.2875,-1
1799,9704,7.836111111111187,0.2875,-1
1800,9705,7.843333333333409,0.2875,-1
1801,9706,7.850555555555632,0.2875,-1
1802,9707,7.857777777777854,0.2875,-1
1803,9708,7.865000000000077,0.2875,-1
1804,9709,7.872222222222299,0.2875,-1
1805,9710,7.8794444444445215,0.2875,-1
1806,9711,7.886666666666744,0.2875,-1
1807,9712,7.8938888888889664,0.2875,-1
1808,9713,7.8938888888889664,0.35,14
1809,9714,7.8938888888889664,0.35,14
1810,9715,7.8938888888889664,0.35,14
1811,9716,7.8938888888889664,0.35,14
1812,9717,7.8938888888889664,0.35,14
1813,9718,7.8938888888889664,0.35,14
1814,9719,7.8938888888889664,0.35,14
1815,9720,7.8938888888889664,0.35,14
1816,9721,7.8938888888889664,0.35,14
1817,9722,7.8938888888889664,0.35,14
1818,9723,7.8938888888889664,0.35,14
1819,9724,7.8938888888889664,0.35,14
1820,9725,7.8938888888889664,0.35,14
1821,9726,7.8938888888889664,0.35,14
1822,9727,7.8938888888889664,0.35,14
1823,9728,7.8938888888889664,0.35,14
1824,9729,7.8938888888889664,0.35,14
1825,9730,7.8938888888889664,0.35,14
1826,9731,7.901111111111189,0.35,-1
1827,9732,7.908333333333411,0.35,-1
1828,9733,7.915555555555634,0.35,-1
1829,9734,7.922777777777856,0.35,-1
1830,9735,7.930000000000079,0.35,-1
1831,9736,7.937222222222301,0.35,-1
1832,9737,7.944444444444524,0.35,-1
1833,9738,7.951666666666746,0.35,-1
1834,9739,7.958888888888969,0.35,-1
1835,9740,7.966111111111191,0.35,-1
1836,9741,7.9733333333334135,0.35,-1
1837,9742,7.980555555555636,0.35,-1
1838,9743,7.9877777777778585,0.35,-1
1839,9744,7.995000000000081,0.35,-1
1840,9745,8.002222222222303,0.35,-1
1841,9746,8.009444444444524,0.35,-1
1842,9747,8.016666666666746,0.35,-1
1843,9748,8.023888888888967,0.35,-1
1844,9749,8.031111111111189,0.35,-1
1845,9750,8.03833333333341,0.35,-1
1846,9751,8.045555555555632,0.35,-1
1847,9752,8.052777777777854,0.35,-1
1848,9753,8.060000000000075,0.35,-1
1849,9754,8.067222222222297,0.35,-1
1850,9755,8.074444444444518,0.35,-1
1851,9756,8.08166666666674,0.35,-1
1852,9757,8.088888888888961,0.35,-1
1853,9758,8.096111111111183,0.35,-1
1854,9759,8.103333333333405,0.35,-1
1855,9760,8.110555555555626,0.35,-1
1856,9761,8.117777777777848,0.35,-1
1857,9762,8.12500000000007,0.35,-1
1858,9763,8.13222222222229,0.35,-1
1859,9764,8.139444444444512,0.35,-1
1860,9765,8.146666666666734,0.35,-1
1861,9766,8.153888888888956,0.35,-1
1862,9767,8.161111111111177,0.35,-1
1863,9768,8.168333333333399,0.35,-1
1864,9769,8.17555555555562,0.35,-1
1865,9770,8.182777777777842,0.35,-1
1866,9771,8.190000000000063,0.35,-1
1867,9772,8.197222222222285,0.35,-1
1868,9773,8.204444444444507,0.35,-1
1869,9774,8.211666666666728,0.35,-1
1870,9775,8.21888888888895,0.35,-1
1871,9776,8.226111111111171,0.35,-1
1872,9777,8.233333333333393,0.35,-1
1873,9778,8.240555555555614,0.35,-1
1874,9779,8.247777777777836,0.35,-1
1875,9780,8.255000000000058,0.35,-1
1876,9781,8.26222222222228,0.35,-1
1877,9782,8.2694444444445,0.35,-1
1878,9783,8.2694444444445,0.5375,15
1879,9784,8.2694444444445,0.5375,15
1880,9785,8.2694444444445,0.5375,15
1881,9786,8.2694444444445,0.5375,15
1882,9787,8.2694444444445,0.5375,15
1883,9788,8.2694444444445,0.5375,15
1884,9789,8.2694444444445,0.5375,15
1885,9790,8.2694444444445,0.5375,15
1886,9791,8.2694444444445,0.5375,15
1887,9792,8.2694444444445,0.5375,15
1888,9793,8.2694444444445,0.5375,15
1889,9794,8.2694444444445,0.5375,15
1890,9795,8.2694444444445,0.5375,15
1891,9796,8.2694444444445,0.5375,15
1892,9797,8.2694444444445,0.5375,15
1893,9798,8.2694444444445,0.5375,15
1894,9799,8.2694444444445,0.5375,15
1895,9800,8.2694444444445,0.5375,15
1896,9801,8.2694444444445,0.5375,15
1897,9802,8.2694444444445,0.5375,15
1898,9803,8.2694444444445,0.5375,15
1899,9804,8.2694444444445,0.5375,15
1900,9805,8.2694444444445,0.5375,15
1901,9806,8.2694444444445,0.5375,15
1902,9807,8.2694444444445,0.5375,15
1903,9808,8.2694444444445,0.5375,15
1904,9809,8.2694444444445,0.5375,15
1905,9810,8.2694444444445,0.5375,15
1906,9811,8.2694444444445,0.5375,15
1907,9812,8.2694444444445,0.5375,15
1908,9813,8.2694444444445,0.5375,15
1909,9814,8.2694444444445,0.5375,15
1910,9815,8.2694444444445,0.5375,15
1911,9816,8.2694444444445,0.5375,15
1912,9817,8.2694444444445,0.5375,15
1913,9818,8.2694444444445,0.5375,15
1914,9819,8.2694444444445,0.5375,15
1915,9820,8.2694444444445,0.5375,15
1916,9821,8.2694444444445,0.5375,15
1917,9822,8.2694444444445,0.5375,15
1918,9823,8.2694444444445,0.5375,15
1919,9824,8.2694444444445,0.5375,15
1920,9825,8.2694444444445,0.5375,15
1921,9826,8.2694444444445,0.5375,15
1922,9827,8.2694444444445,0.5375,15
1923,9828,8.276666666666722,0.5375,-1
1924,9829,8.283888888888944,0.5375,-1
1925,9830,8.291111111111165,0.5375,-1
1926,9831,8.298333333333387,0.5375,-1
1927,9832,8.305555555555609,0.5375,-1
1928,9833,8.31277777777783,0.5375,-1
1929,9834,8.320000000000052,0.5375,-1
1930,9835,8.327222222222273,0.5375,-1
1931,9836,8.334444444444495,0.5375,-1
1932,9837,8.341666666666717,0.5375,-1
1933,9838,8.348888888888938,0.5375,-1
1934,9839,8.35611111111116,0.5375,-1
1935,9840,8.363333333333381,0.5375,-1
1936,9841,8.370555555555603,0.5375,-1
1937,9842,8.377777777777824,0.5375,-1
1938,9843,8.385000000000046,0.5375,-1
1939,9844,8.392222222222268,0.5375,-1
1940,9845,8.39944444444449,0.5375,-1
1941,9846,8.40666666666671,0.5375,-1
1942,9847,8.413888888888932,0.5375,-1
1943,9848,8.421111111111154,0.5375,-1
1944,9849,8.428333333333375,0.5375,-1
1945,9850,8.435555555555597,0.5375,-1
1946,9851,8.442777777777819,0.5375,-1
1947,9852,8.45000000000004,0.5375,-1
1948,9853,8.457222222222262,0.5375,-1
1949,9854,8.464444444444483,0.5375,-1
1950,9855,8.471666666666705,0.5375,-1
1951,9856,8.478888888888926,0.5375,-1
1952,9857,8.486111111111148,0.5375,-1
1953,9858,8.49333333333337,0.5375,-1
1954,9859,8.500555555555591,0.5375,-1
1955,9860,8.507777777777813,0.5375,-1
1956,9861,8.515000000000034,0.5375,-1
1957,9862,8.522222222222256,0.5375,-1
1958,9863,8.529444444444477,0.5375,-1
1959,9864,8.536666666666699,0.5375,-1
1960,9865,8.54388888888892,0.5375,-1
1961,9866,8.551111111111142,0.5375,-1
1962,9867,8.558333333333364,0.5375,-1
1963,9868,8.565555555555585,0.5375,-1
1964,9869,8.572777777777807,0.5375,-1
1965,9870,8.580000000000028,0.5375,-1
1966,9871,8.58722222222225,0.5375,-1
1967,9872,8.594444444444472,0.5375,-1
1968,9873,8.601666666666693,0.5375,-1
1969,9874,8.608888888888915,0.5375,-1
1970,9875,8.616111111111136,0.5375,-1
1971,9876,8.623333333333358,0.5375,-1
1972,9877,8.63055555555558,0.5375,-1
1973,9878,8.637777777777801,0.5375,-1
1974,9879,8.645000000000023,0.5375,-1
1975,9880,8.652222222222244,0.5375,-1
1976,9881,8.659444444444466,0.5375,-1
1977,9882,8.666666666666687,0.5375,-1
1978,9883,8.673888888888909,0.5375,-1
1979,9884,8.68111111111113,0.5375,-1
1980,9885,8.688333333333352,0.5375,-1
1981,9886,8.695555555555574,0.5375,-1
1982,9887,8.702777777777795,0.5375,-1
1983,9888,8.710000000000017,0.5375,-1
1984,9889,8.717222222222238,0.5375,-1
1985,9890,8.72444444444446,0.5375,-1
1986,9891,8.731666666666682,0.5375,-1
1987,9892,8.738888888888903,0.5375,-1
1988,9893,8.746111111111125,0.5375,-1
1989,9894,8.753333333333346,0.5375,-1
1990,9895,8.760555555555568,0.5375,-1
1991,9896,8.76777777777779,0.5375,-1
1992,9897,8.775000000000011,0.5375,-1
1993,9898,8.782222222222233,0.5375,-1
1994,9899,8.789444444444454,0.5375,-1
1995,9900,8.796666666666676,0.5375,-1
1996,9901,8.803888888888897,0.5375,-1
1997,9902,8.811111111111119,0.5375,-1
1998,9903,8.81833333333334,0.5375,-1
1999,9904,8.825555555555562,0.5375,-1
2000,9905,8.832777777777784,0.5375,-1
2001,9906,8.840000000000005,0.5375,-1
2002,9907,8.847222222222227,0.5375,-1
2003,9908,8.854444444444448,0.5375,-1
2004,9909,8.86166666666667,0.5375,-1
2005,9910,8.868888888888891,0.5375,-1
2006,9911,8.876111111111113,0.5375,-1
2007,9912,8.883333333333335,0.5375,-1
2008,9913,8.883333333333335,0.5875,16
2009,9914,8.883333333333335,0.5875,16
2010,9915,8.883333333333335,0.5875,16
2011,9916,8.883333333333335,0.5875,16
2012,9917,8.883333333333335,0.5875,16
2013,9918,8.883333333333335,0.5875,16
2014,9919,8.883333333333335,0.5875,16
2015,9920,8.883333333333335,0.5875,16
2016,9921,8.883333333333335,0.5875,16
2017,9922,8.883333333333335,0.5875,16
2018,9923,8.883333333333335,0.5875,16
2019,9924,8.883333333333335,0.5875,16
2020,9925,8.883333333333335,0.5875,16
2021,9926,8.883333333333335,0.5875,16
2022,9927,8.883333333333335,0.5875,16
2023,9928,8.883333333333335,0.5875,16
2024,9929,8.883333333333335,0.5875,16
2025,9930,8.883333333333335,0.5875,16
2026,9931,8.883333333333335,0.5875,16
2027,9932,8.883333333333335,0.5875,16
2028,9933,8.883333333333335,0.5875,16
2029,9934,8.883333333333335,0.5875,16
2030,9935,8.883333333333335,0.5875,16
2031,9936,8.883333333333335,0.5875,16
2032,9937,8.883333333333335,0.5875,16
2033,9938,8.883333333333335,0.5875,16
2034,9939,8.883333333333335,0.5875,16
2035,9940,8.883333333333335,0.5875,16
2036,9941,8.883333333333335,0.5875,16
2037,9942,8.883333333333335,0.5875,16
2038,9943,8.883333333333335,0.5875,16
2039,9944,8.883333333333335,0.5875,16
2040,9945,8.883333333333335,0.5875,16
2041,9946,8.883333333333335,0.5875,16
2042,9947,8.883333333333335,0.5875,16
2043,9948,8.883333333333335,0.5875,16
2044,9949,8.883333333333335,0.5875,16
2045,9950,8.883333333333335,0.5875,16
2046,9951,8.883333333333335,0.5875,16
2047,9952,8.883333333333335,0.5875,16
2048,9953,8.883333333333335,0.5875,16
2049,9954,8.883333333333335,0.5875,16
2050,9955,8.883333333333335,0.5875,16
2051,9956,8.883333333333335,0.5875,16
2052,9957,8.883333333333335,0.5875,16
2053,9958,8.883333333333335,0.5875,16
2054,9959,8.883333333333335,0.5875,16
2055,9960,8.883333333333335,0.5875,16
2056,9961,8.883333333333335,0.5875,16
2057,9962,8.883333333333335,0.5875,16
2058,9963,8.883333333333335,0.5875,16
2059,9964,8.883333333333335,0.5875,16
2060,9965,8.883333333333335,0.5875,16
2061,9966,8.883333333333335,0.5875,16
2062,9967,8.883333333333335,0.5875,16
2063,9968,8.883333333333335,0.5875,16
2064,9969,8.883333333333335,0.5875,16
2065,9970,8.883333333333335,0.5875,16
2066,9971,8.883333333333335,0.5875,16
2067,9972,8.883333333333335,0.5875,16
2068,9973,8.883333333333335,0.5875,16
2069,9974,8.883333333333335,0.5875,16
2070,9975,8.883333333333335,0.5875,16
2071,9976,8.883333333333335,0.5875,16
2072,9977,8.883333333333335,0.5875,16
2073,9978,8.883333333333335,0.5875,16
2074,9979,8.883333333333335,0.5875,16
2075,9980,8.883333333333335,0.5875,16
2076,9981,8.883333333333335,0.5875,16
2077,9982,8.883333333333335,0.5875,16
2078,9983,8.883333333333335,0.5875,16
2079,9984,8.883333333333335,0.5875,16
2080,9985,8.883333333333335,0.5875,16
2081,9986,8.883333333333335,0.5875,16
2082,9987,8.883333333333335,0.5875,16
2083,9988,8.883333333333335,0.5875,16
2084,9989,8.883333333333335,0.5875,16
2085,9990,8.883333333333335,0.5875,16
2086,9991,8.883333333333335,0.5875,16
2087,9992,8.883333333333335,0.5875,16
2088,9993,8.883333333333335,0.5875,16
2089,9994,8.883333333333335,0.5875,16
2090,9995,8.883333333333335,0.5875,16
2091,9996,8.883333333333335,0.5875,16
2092,9997,8.883333333333335,0.5875,16
2093,9998,8.883333333333335,0.5875,16
2094,9999,8.883333333333335,0.5875,16
2095,10000,8.883333333333335,0.5875,16
2096,10001,8.883333333333335,0.5875,16
2097,10002,8.883333333333335,0.5875,16
2098,10003,8.883333333333335,0.5875,16
2099,10004,8.883333333333335,0.5875,16
2100,10005,8.883333333333335,0.5875,16
2101,10006,8.883333333333335,0.5875,16
2102,10007,8.883333333333335,0.5875,16
2103,10008,8.883333333333335,0.5875,16
2104,10009,8.883333333333335,0.5875,16
2105,10010,8.883333333333335,0.5875,16
2106,10011,8.883333333333335,0.5875,16
2107,10012,8.883333333333335,0.5875,16
2108,10013,8.883333333333335,0.5875,16
2109,10014,8.883333333333335,0.5875,16
2110,10015,8.883333333333335,0.5875,16
2111,10016,8.883333333333335,0.5875,16
2112,10017,8.883333333333335,0.5875,16
2113,10018,8.883333333333335,0.5875,16
2114,10019,8.883333333333335,0.5875,16
2115,10020,8.883333333333335,0.5875,16
2116,10021,8.883333333333335,0.5875,16
2117,10022,8.883333333333335,0.5875,16
2118,10023,8.883333333333335,0.5875,16
2119,10024,8.883333333333335,0.5875,16
2120,10025,8.883333333333335,0.5875,16
2121,10026,8.883333333333335,0.5875,16
2122,10027,8.883333333333335,0.5875,16
2123,10028,8.890555555555556,0.5875,-1
2124,10029,8.897777777777778,0.5875,-1
2125,10030,8.905,0.5875,-1
2126,10031,8.912222222222221,0.5875,-1
2127,10032,8.919444444444443,0.5875,-1
2128,10033,8.926666666666664,0.5875,-1
2129,10034,8.933888888888886,0.5875,-1
2130,10035,8.941111111111107,0.5875,-1
2131,10036,8.948333333333329,0.5875,-1
2132,10037,8.95555555555555,0.5875,-1
2133,10038,8.962777777777772,0.5875,-1
2134,10039,8.969999999999994,0.5875,-1
2135,10040,8.977222222222215,0.5875,-1
2136,10041,8.984444444444437,0.5875,-1
2137,10042,8.991666666666658,0.5875,-1
2138,10043,8.99888888888888,0.5875,-1
2139,10044,9.006111111111101,0.5875,-1
2140,10045,9.013333333333323,0.5875,-1
2141,10046,9.020555555555545,0.5875,-1
2142,10047,9.027777777777766,0.5875,-1
2143,10048,9.034999999999988,0.5875,-1
2144,10049,9.04222222222221,0.5875,-1
2145,10050,9.04944444444443,0.5875,-1
2146,10051,9.056666666666652,0.5875,-1
2147,10052,9.063888888888874,0.5875,-1
2148,10053,9.071111111111096,0.5875,-1
2149,10054,9.078333333333317,0.5875,-1
2150,10055,9.085555555555539,0.5875,-1
2151,10056,9.09277777777776,0.5875,-1
2152,10057,9.099999999999982,0.5875,-1
2153,10058,9.107222222222203,0.5875,-1
2154,10059,9.114444444444425,0.5875,-1
2155,10060,9.121666666666647,0.5875,-1
2156,10061,9.128888888888868,0.5875,-1
2157,10062,9.13611111111109,0.5875,-1
2158,10063,9.143333333333311,0.5875,-1
2159,10064,9.150555555555533,0.5875,-1
2160,10065,9.157777777777754,0.5875,-1
2161,10066,9.164999999999976,0.5875,-1
2162,10067,9.172222222222198,0.5875,-1
2163,10068,9.17944444444442,0.5875,-1
2164,10069,9.18666666666664,0.5875,-1
2165,10070,9.193888888888862,0.5875,-1
2166,10071,9.201111111111084,0.5875,-1
2167,10072,9.208333333333306,0.5875,-1
2168,10073,9.215555555555527,0.5875,-1
2169,10074,9.222777777777749,0.5875,-1
2170,10075,9.22999999999997,0.5875,-1
2171,10076,9.237222222222192,0.5875,-1
2172,10077,9.244444444444413,0.5875,-1
2173,10078,9.251666666666635,0.5875,-1
2174,10079,9.258888888888857,0.5875,-1
2175,10080,9.266111111111078,0.5875,-1
2176,10081,9.2733333333333,0.5875,-1
2177,10082,9.280555555555521,0.5875,-1
2178,10083,9.287777777777743,0.5875,-1
2179,10084,9.294999999999964,0.5875,-1
2180,10085,9.302222222222186,0.5875,-1
2181,10086,9.309444444444408,0.5875,-1
2182,10087,9.31666666666663,0.5875,-1
2183,10088,9.32388888888885,0.5875,-1
2184,10089,9.331111111111072,0.5875,-1
2185,10090,9.338333333333294,0.5875,-1
2186,10091,9.345555555555515,0.5875,-1
2187,10092,9.352777777777737,0.5875,-1
2188,10093,9.352777777777737,0.6875,17
2189,10094,9.352777777777737,0.6875,17
2190,10095,9.352777777777737,0.6875,17
2191,10096,9.352777777777737,0.6875,17
2192,10097,9.352777777777737,0.6875,17
2193,10098,9.352777777777737,0.6875,17
2194,10099,9.352777777777737,0.6875,17
2195,10100,9.352777777777737,0.6875,17
2196,10101,9.352777777777737,0.6875,17
2197,10102,9.352777777777737,0.6875,17
2198,10103,9.352777777777737,0.6875,17
2199,10104,9.352777777777737,0.6875,17
2200,10105,9.352777777777737,0.6875,17
2201,10106,9.352777777777737,0.6875,17
2202,10107,9.352777777777737,0.6875,17
2203,10108,9.352777777777737,0.6875,17
2204,10109,9.352777777777737,0.6875,17
2205,10110,9.352777777777737,0.6875,17
2206,10111,9.352777777777737,0.6875,17
2207,10112,9.352777777777737,0.6875,17
2208,10113,9.352777777777737,0.6875,17
2209,10114,9.352777777777737,0.6875,17
2210,10115,9.352777777777737,0.6875,17
2211,10116,9.352777777777737,0.6875,17
2212,10117,9.352777777777737,0.6875,17
2213,10118,9.352777777777737,0.6875,17
2214,10119,9.352777777777737,0.6875,17
2215,10120,9.352777777777737,0.6875,17
2216,10121,9.352777777777737,0.6875,17
2217,10122,9.352777777777737,0.6875,17
2218,10123,9.352777777777737,0.6875,17
2219,10124,9.352777777777737,0.6875,17
2220,10125,9.352777777777737,0.6875,17
2221,10126,9.352777777777737,0.6875,17
2222,10127,9.352777777777737,0.6875,17
2223,10128,9.352777777777737,0.6875,17
2224,10129,9.352777777777737,0.6875,17
2225,10130,9.352777777777737,0.6875,17
2226,10131,9.352777777777737,0.6875,17
2227,10132,9.352777777777737,0.6875,17
2228,10133,9.352777777777737,0.6875,17
2229,10134,9.352777777777737,0.6875,17
2230,10135,9.352777777777737,0.6875,17
2231,10136,9.352777777777737,0.6875,17
2232,10137,9.352777777777737,0.6875,17
2233,10138,9.352777777777737,0.6875,17
2234,10139,9.352777777777737,0.6875,17
2235,10140,9.352777777777737,0.6875,17
2236,10141,9.352777777777737,0.6875,17
2237,10142,9.352777777777737,0.6875,17
2238,10143,9.352777777777737,0.6875,17
2239,10144,9.352777777777737,0.6875,17
2240,10145,9.352777777777737,0.6875,17
2241,10146,9.352777777777737,0.6875,17
2242,10147,9.352777777777737,0.6875,17
2243,10148,9.352777777777737,0.6875,17
2244,10149,9.352777777777737,0.6875,17
2245,10150,9.352777777777737,0.6875,17
2246,10151,9.352777777777737,0.6875,17
2247,10152,9.352777777777737,0.6875,17
2248,10153,9.352777777777737,0.6875,17
2249,10154,9.352777777777737,0.6875,17
2250,10155,9.359999999999959,0.6875,-1
2251,10156,9.36722222222218,0.6875,-1
2252,10157,9.374444444444402,0.6875,-1
2253,10158,9.381666666666623,0.6875,-1
2254,10159,9.388888888888845,0.6875,-1
2255,10160,9.396111111111066,0.6875,-1
2256,10161,9.403333333333288,0.6875,-1
2257,10162,9.41055555555551,0.6875,-1
2258,10163,9.417777777777731,0.6875,-1
2259,10164,9.424999999999953,0.6875,-1
2260,10165,9.432222222222174,0.6875,-1
2261,10166,9.439444444444396,0.6875,-1
2262,10167,9.446666666666617,0.6875,-1
2263,10168,9.453888888888839,0.6875,-1
2264,10169,9.46111111111106,0.6875,-1
2265,10170,9.468333333333282,0.6875,-1
2266,10171,9.475555555555504,0.6875,-1
2267,10172,9.482777777777725,0.6875,-1
2268,10173,9.489999999999947,0.6875,-1
2269,10174,9.497222222222168,0.6875,-1
2270,10175,9.50444444444439,0.6875,-1
2271,10176,9.511666666666612,0.6875,-1
2272,10177,9.518888888888833,0.6875,-1
2273,10178,9.526111111111055,0.6875,-1
2274,10179,9.533333333333276,0.6875,-1
2275,10180,9.540555555555498,0.6875,-1
2276,10181,9.54777777777772,0.6875,-1
2277,10182,9.554999999999941,0.6875,-1
2278,10183,9.562222222222163,0.6875,-1
2279,10184,9.569444444444384,0.6875,-1
2280,10185,9.576666666666606,0.6875,-1
2281,10186,9.583888888888827,0.6875,-1
2282,10187,9.591111111111049,0.6875,-1
2283,10188,9.59833333333327,0.6875,-1
2284,10189,9.605555555555492,0.6875,-1
2285,10190,9.612777777777714,0.6875,-1
2286,10191,9.619999999999935,0.6875,-1
2287,10192,9.627222222222157,0.6875,-1
2288,10193,9.634444444444378,0.6875,-1
2289,10194,9.6416666666666,0.6875,-1
2290,10195,9.648888888888822,0.6875,-1
2291,10196,9.656111111111043,0.6875,-1
2292,10197,9.663333333333265,0.6875,-1
2293,10198,9.670555555555486,0.6875,-1
2294,10199,9.677777777777708,0.6875,-1
2295,10200,9.68499999999993,0.6875,-1
2296,10201,9.692222222222151,0.6875,-1
2297,10202,9.699444444444373,0.6875,-1
2298,10203,9.706666666666594,0.6875,-1
2299,10204,9.713888888888816,0.6875,-1
2300,10205,9.721111111111037,0.6875,-1
2301,10206,9.728333333333259,0.6875,-1
2302,10207,9.73555555555548,0.6875,-1
2303,10208,9.742777777777702,0.6875,-1
2304,10209,9.749999999999924,0.6875,-1
2305,10210,9.757222222222145,0.6875,-1
2306,10211,9.764444444444367,0.6875,-1
2307,10212,9.771666666666588,0.6875,-1
2308,10213,9.77888888888881,0.6875,-1
2309,10214,9.77888888888881,0.775,18
2310,10215,9.77888888888881,0.775,18
2311,10216,9.77888888888881,0.775,18
2312,10217,9.77888888888881,0.775,18
2313,10218,9.77888888888881,0.775,18
2314,10219,9.77888888888881,0.775,18
2315,10220,9.77888888888881,0.775,18
2316,10221,9.77888888888881,0.775,18
2317,10222,9.77888888888881,0.775,18
2318,10223,9.77888888888881,0.775,18
2319,10224,9.77888888888881,0.775,18
2320,10225,9.77888888888881,0.775,18
2321,10226,9.77888888888881,0.775,18
2322,10227,9.77888888888881,0.775,18
2323,10228,9.77888888888881,0.775,18
2324,10229,9.77888888888881,0.775,18
2325,10230,9.77888888888881,0.775,18
2326,10231,9.77888888888881,0.775,18
2327,10232,9.77888888888881,0.775,18
2328,10233,9.77888888888881,0.775,18
2329,10234,9.77888888888881,0.775,18
2330,10235,9.77888888888881,0.775,18
2331,10236,9.77888888888881,0.775,18
2332,10237,9.77888888888881,0.775,18
2333,10238,9.77888888888881,0.775,18
2334,10239,9.77888888888881,0.775,18
2335,10240,9.77888888888881,0.775,18
2336,10241,9.77888888888881,0.775,18
2337,10242,9.77888888888881,0.775,18
2338,10243,9.77888888888881,0.775,18
2339,10244,9.77888888888881,0.775,18
2340,10245,9.77888888888881,0.775,18
2341,10246,9.77888888888881,0.775,18
2342,10247,9.77888888888881,0.775,18
2343,10248,9.77888888888881,0.775,18
2344,10249,9.77888888888881,0.775,18
2345,10250,9.77888888888881,0.775,18
2346,10251,9.77888888888881,0.775,18
2347,10252,9.77888888888881,0.775,18
2348,10253,9.77888888888881,0.775,18
2349,10254,9.77888888888881,0.775,18
2350,10255,9.77888888888881,0.775,18
2351,10256,9.77888888888881,0.775,18
2352,10257,9.77888888888881,0.775,18
2353,10258,9.77888888888881,0.775,18
2354,10259,9.77888888888881,0.775,18
2355,10260,9.786111111111031,0.775,-1
2356,10261,9.793333333333253,0.775,-1
2357,10262,9.800555555555475,0.775,-1
2358,10263,9.807777777777696,0.775,-1
2359,10264,9.814999999999918,0.775,-1
2360,10265,9.82222222222214,0.775,-1
2361,10266,9.829444444444361,0.775,-1
2362,10267,9.836666666666583,0.775,-1
2363,10268,9.843888888888804,0.775,-1
2364,10269,9.851111111111026,0.775,-1
2365,10270,9.858333333333247,0.775,-1
2366,10271,9.865555555555469,0.775,-1
2367,10272,9.87277777777769,0.775,-1
2368,10273,9.879999999999912,0.775,-1
2369,10274,9.887222222222134,0.775,-1
2370,10275,9.894444444444355,0.775,-1
2371,10276,9.901666666666577,0.775,-1
2372,10277,9.908888888888798,0.775,-1
2373,10278,9.91611111111102,0.775,-1
2374,10279,9.923333333333241,0.775,-1
2375,10280,9.930555555555463,0.775,-1
2376,10281,9.937777777777685,0.775,-1
2377,10282,9.944999999999906,0.775,-1
2378,10283,9.952222222222128,0.775,-1
2379,10284,9.95944444444435,0.775,-1
2380,10285,9.96666666666657,0.775,-1
2381,10286,9.973888888888792,0.775,-1
2382,10287,9.981111111111014,0.775,-1
2383,10288,9.988333333333236,0.775,-1
2384,10289,9.995555555555457,0.775,-1
2385,10290,10.002777777777679,0.775,-1
2386,10291,10.0099999999999,0.775,-1
2387,10292,10.017222222222122,0.775,-1
2388,10293,10.024444444444343,0.775,-1
2389,10294,10.031666666666565,0.775,-1
2390,10295,10.038888888888787,0.775,-1
2391,10296,10.046111111111008,0.775,-1
2392,10297,10.05333333333323,0.775,-1
2393,10298,10.060555555555451,0.775,-1
2394,10299,10.067777777777673,0.775,-1
2395,10300,10.074999999999894,0.775,-1
2396,10301,10.082222222222116,0.775,-1
2397,10302,10.089444444444338,0.775,-1
2398,10303,10.09666666666656,0.775,-1
2399,10304,10.10388888888878,0.775,-1
2400,10305,10.111111111111002,0.775,-1
2401,10306,10.118333333333224,0.775,-1
2402,10307,10.125555555555446,0.775,-1
2403,10308,10.132777777777667,0.775,-1
2404,10309,10.139999999999889,0.775,-1
2405,10310,10.14722222222211,0.775,-1
2406,10311,10.154444444444332,0.775,-1
2407,10312,10.161666666666553,0.775,-1
2408,10313,10.168888888888775,0.775,-1
2409,10314,10.168888888888775,0.8625,19
2410,10315,10.168888888888775,0.8625,19
2411,10316,10.168888888888775,0.8625,19
2412,10317,10.168888888888775,0.8625,19
2413,10318,10.168888888888775,0.8625,19
2414,10319,10.168888888888775,0.8625,19
2415,10320,10.168888888888775,0.8625,19
2416,10321,10.168888888888775,0.8625,19
2417,10322,10.168888888888775,0.8625,19
2418,10323,10.168888888888775,0.8625,19
2419,10324,10.168888888888775,0.8625,19
2420,10325,10.168888888888775,0.8625,19
2421,10326,10.168888888888775,0.8625,19
2422,10327,10.168888888888775,0.8625,19
2423,10328,10.168888888888775,0.8625,19
2424,10329,10.168888888888775,0.8625,19
2425,10330,10.168888888888775,0.8625,19
2426,10331,10.168888888888775,0.8625,19
2427,10332,10.168888888888775,0.8625,19
2428,10333,10.168888888888775,0.8625,19
2429,10334,10.168888888888775,0.8625,19
2430,10335,10.168888888888775,0.8625,19
2431,10336,10.168888888888775,0.8625,19
2432,10337,10.168888888888775,0.8625,19
2433,10338,10.168888888888775,0.8625,19
2434,10339,10.168888888888775,0.8625,19
2435,10340,10.168888888888775,0.8625,19
2436,10341,10.168888888888775,0.8625,19
2437,10342,10.168888888888775,0.8625,19
2438,10343,10.168888888888775,0.8625,19
2439,10344,10.168888888888775,0.8625,19
2440,10345,10.168888888888775,0.8625,19
2441,10346,10.168888888888775,0.8625,19
2442,10347,10.168888888888775,0.8625,19
2443,10348,10.168888888888775,0.8625,19
2444,10349,10.168888888888775,0.8625,19
2445,10350,10.168888888888775,0.8625,19
2446,10351,10.168888888888775,0.8625,19
2447,10352,10.168888888888775,0.8625,19
2448,10353,10.168888888888775,0.8625,19
2449,10354,10.168888888888775,0.8625,19
2450,10355,10.168888888888775,0.8625,19
2451,10356,10.176111111110997,0.8625,-1
2452,10357,10.183333333333218,0.8625,-1
2453,10358,10.19055555555544,0.8625,-1
2454,10359,10.197777777777661,0.8625,-1
2455,10360,10.204999999999883,0.8625,-1
2456,10361,10.212222222222104,0.8625,-1
2457,10362,10.219444444444326,0.8625,-1
2458,10363,10.226666666666548,0.8625,-1
2459,10364,10.23388888888877,0.8625,-1
2460,10365,10.24111111111099,0.8625,-1
2461,10366,10.248333333333212,0.8625,-1
2462,10367,10.255555555555434,0.8625,-1
2463,10368,10.262777777777655,0.8625,-1
2464,10369,10.269999999999877,0.8625,-1
2465,10370,10.277222222222099,0.8625,-1
2466,10371,10.28444444444432,0.8625,-1
2467,10372,10.291666666666542,0.8625,-1
2468,10373,10.298888888888763,0.8625,-1
2469,10374,10.306111111110985,0.8625,-1
2470,10375,10.313333333333206,0.8625,-1
2471,10376,10.320555555555428,0.8625,-1
2472,10377,10.32777777777765,0.8625,-1
2473,10378,10.334999999999871,0.8625,-1
2474,10379,10.342222222222093,0.8625,-1
2475,10380,10.349444444444314,0.8625,-1
2476,10381,10.356666666666536,0.8625,-1
2477,10382,10.363888888888757,0.8625,-1
2478,10383,10.371111111110979,0.8625,-1
2479,10384,10.3783333333332,0.8625,-1
2480,10385,10.385555555555422,0.8625,-1
2481,10386,10.392777777777644,0.8625,-1
2482,10387,10.399999999999865,0.8625,-1
2483,10388,10.407222222222087,0.8625,-1
2484,10389,10.414444444444309,0.8625,-1
2485,10390,10.42166666666653,0.8625,-1
2486,10391,10.428888888888752,0.8625,-1
2487,10392,10.436111111110973,0.8625,-1
2488,10393,10.443333333333195,0.8625,-1
2489,10394,10.450555555555416,0.8625,-1
2490,10395,10.457777777777638,0.8625,-1
2491,10396,10.46499999999986,0.8625,-1
2492,10397,10.472222222222081,0.8625,-1
2493,10398,10.479444444444303,0.8625,-1
2494,10399,10.486666666666524,0.8625,-1
2495,10400,10.493888888888746,0.8625,-1
2496,10401,10.501111111110967,0.8625,-1
2497,10402,10.508333333333189,0.8625,-1
2498,10403,10.51555555555541,0.8625,-1
2499,10404,10.522777777777632,0.8625,-1
2500,10405,10.529999999999854,0.8625,-1
2501,10406,10.537222222222075,0.8625,-1
2502,10407,10.544444444444297,0.8625,-1
2503,10408,10.551666666666518,0.8625,-1
2504,10409,10.55888888888874,0.8625,-1
2505,10410,10.566111111110962,0.8625,-1
2506,10411,10.573333333333183,0.8625,-1
2507,10412,10.580555555555405,0.8625,-1
2508,10413,10.587777777777626,0.8625,-1
2509,10414,10.594999999999848,0.8625,-1
2510,10415,10.60222222222207,0.8625,-1
2511,10416,10.609444444444291,0.8625,-1
2512,10417,10.616666666666513,0.8625,-1
2513,10418,10.623888888888734,0.8625,-1
2514,10419,10.631111111110956,0.8625,-1
2515,10420,10.638333333333177,0.8625,-1
2516,10421,10.645555555555399,0.8625,-1
2517,10422,10.65277777777762,0.8625,-1
2518,10423,10.659999999999842,0.8625,-1
2519,10424,10.667222222222064,0.8625,-1
2520,10425,10.674444444444285,0.8625,-1
2521,10426,10.681666666666507,0.8625,-1
2522,10427,10.688888888888728,0.8625,-1
2523,10428,10.69611111111095,0.8625,-1
2524,10429,10.703333333333171,0.8625,-1
2525,10430,10.710555555555393,0.8625,-1
2526,10431,10.717777777777615,0.8625,-1
2527,10432,10.724999999999836,0.8625,-1
2528,10433,10.732222222222058,0.8625,-1
2529,10434,10.73944444444428,0.8625,-1
2530,10435,10.746666666666501,0.8625,-1
2531,10436,10.753888888888723,0.8625,-1
2532,10437,10.761111111110944,0.8625,-1
2533,10438,10.768333333333166,0.8625,-1
2534,10439,10.775555555555387,0.8625,-1
2535,10440,10.782777777777609,0.8625,-1
2536,10441,10.78999999999983,0.8625,-1
2537,10442,10.797222222222052,0.8625,-1
2538,10443,10.804444444444274,0.8625,-1
2539,10444,10.811666666666495,0.8625,-1
2540,10445,10.818888888888717,0.8625,-1
2541,10446,10.826111111110938,0.8625,-1
2542,10447,10.83333333333316,0.8625,-1
2543,10448,10.840555555555381,0.8625,-1
2544,10449,10.847777777777603,0.8625,-1
2545,10450,10.847777777777603,0.95,20
2546,10451,10.847777777777603,0.95,20
2547,10452,10.847777777777603,0.95,20
2548,10453,10.847777777777603,0.95,20
2549,10454,10.847777777777603,0.95,20
2550,10455,10.847777777777603,0.95,20
2551,10456,10.847777777777603,0.95,20
2552,10457,10.847777777777603,0.95,20
2553,10458,10.847777777777603,0.95,20
2554,10459,10.847777777777603,0.95,20
2555,10460,10.847777777777603,0.95,20
2556,10461,10.847777777777603,0.95,20
2557,10462,10.847777777777603,0.95,20
2558,10463,10.847777777777603,0.95,20
2559,10464,10.847777777777603,0.95,20
2560,10465,10.847777777777603,0.95,20
2561,10466,10.847777777777603,0.95,20
2562,10467,10.847777777777603,0.95,20
2563,10468,10.847777777777603,0.95,20
2564,10469,10.847777777777603,0.95,20
2565,10470,10.847777777777603,0.95,20
2566,10471,10.847777777777603,0.95,20
2567,10472,10.847777777777603,0.95,20
2568,10473,10.847777777777603,0.95,20
2569,10474,10.847777777777603,0.95,20
2570,10475,10.847777777777603,0.95,20
2571,10476,10.847777777777603,0.95,20
2572,10477,10.847777777777603,0.95,20
2573,10478,10.847777777777603,0.95,20
2574,10479,10.847777777777603,0.95,20
2575,10480,10.847777777777603,0.95,20
2576,10481,10.847777777777603,0.95,20
2577,10482,10.847777777777603,0.95,20
2578,10483,10.847777777777603,0.95,20
2579,10484,10.847777777777603,0.95,20
2580,10485,10.847777777777603,0.95,20
2581,10486,10.854999999999825,0.95,-1
2582,10487,10.862222222222046,0.95,-1
2583,10488,10.869444444444268,0.95,-1
2584,10489,10.87666666666649,0.95,-1
2585,10490,10.88388888888871,0.95,-1
2586,10491,10.891111111110932,0.95,-1
2587,10492,10.898333333333154,0.95,-1
2588,10493,10.905555555555376,0.95,-1
2589,10494,10.912777777777597,0.95,-1
2590,10495,10.919999999999819,0.95,-1
2591,10496,10.92722222222204,0.95,-1
2592,10497,10.934444444444262,0.95,-1
2593,10498,10.941666666666483,0.95,-1
2594,10499,10.948888888888705,0.95,-1
2595,10500,10.956111111110927,0.95,-1
2596,10501,10.963333333333148,0.95,-1
2597,10502,10.97055555555537,0.95,-1
2598,10503,10.977777777777591,0.95,-1
2599,10504,10.984999999999813,0.95,-1
2600,10505,10.992222222222034,0.95,-1
2601,10506,10.999444444444256,0.95,-1
2602,10507,11.006666666666478,0.95,-1
2603,10508,11.0138888888887,0.95,-1
2604,10509,11.02111111111092,0.95,-1
2605,10510,11.028333333333142,0.95,-1
2606,10511,11.035555555555364,0.95,-1
2607,10512,11.042777777777586,0.95,-1
2608,10513,11.049999999999807,0.95,-1
2609,10514,11.057222222222029,0.95,-1
2610,10515,11.06444444444425,0.95,-1
2611,10516,11.071666666666472,0.95,-1
2612,10517,11.078888888888693,0.95,-1
2613,10518,11.086111111110915,0.95,-1
2614,10519,11.093333333333137,0.95,-1
2615,10520,11.100555555555358,0.95,-1
2616,10521,11.10777777777758,0.95,-1
2617,10522,11.114999999999801,0.95,-1
2618,10523,11.122222222222023,0.95,-1
2619,10524,11.129444444444244,0.95,-1
2620,10525,11.136666666666466,0.95,-1
2621,10526,11.143888888888688,0.95,-1
2622,10527,11.15111111111091,0.95,-1
2623,10528,11.15833333333313,0.95,-1
2624,10529,11.165555555555352,0.95,-1
2625,10530,11.172777777777574,0.95,-1
2626,10531,11.179999999999795,0.95,-1
2627,10532,11.187222222222017,0.95,-1
2628,10533,11.194444444444239,0.95,-1
2629,10534,11.20166666666646,0.95,-1
2630,10535,11.208888888888682,0.95,-1
2631,10536,11.216111111110903,0.95,-1
2632,10537,11.223333333333125,0.95,-1
2633,10538,11.230555555555346,0.95,-1
2634,10539,11.237777777777568,0.95,-1
2635,10540,11.24499999999979,0.95,-1
2636,10541,11.252222222222011,0.95,-1
2637,10542,11.259444444444233,0.95,-1
2638,10543,11.266666666666454,0.95,-1
2639,10544,11.273888888888676,0.95,-1
2640,10545,11.281111111110897,0.95,-1
2641,10546,11.288333333333119,0.95,-1
2642,10547,11.29555555555534,0.95,-1
2643,10548,11.302777777777562,0.95,-1
2644,10549,11.309999999999784,0.95,-1
2645,10550,11.317222222222005,0.95,-1
2646,10551,11.324444444444227,0.95,-1
2647,10552,11.331666666666449,0.95,-1
2648,10553,11.33888888888867,0.95,-1
2649,10554,11.346111111110892,0.95,-1
2650,10555,11.353333333333113,0.95,-1
2651,10556,11.360555555555335,0.95,-1
2652,10557,11.367777777777556,0.95,-1
2653,10558,11.374999999999778,0.95,-1
2654,10559,11.382222222222,0.95,-1
2655,10560,11.389444444444221,0.95,-1
2656,10561,11.396666666666443,0.95,-1
2657,10562,11.403888888888664,0.95,-1
2658,10563,11.411111111110886,0.95,-1
2659,10564,11.418333333333107,0.95,-1
2660,10565,11.425555555555329,0.95,-1
2661,10566,11.43277777777755,0.95,-1
2662,10567,11.439999999999772,0.95,-1
2663,10568,11.447222222221994,0.95,-1
2664,10569,11.454444444444215,0.95,-1
2665,10570,11.461666666666437,0.95,-1
2666,10571,11.468888888888658,0.95,-1
2667,10572,11.47611111111088,0.95,-1
2668,10573,11.483333333333102,0.95,-1
2669,10574,11.490555555555323,0.95,-1
2670,10575,11.497777777777545,0.95,-1
2671,10576,11.497777777777545,1.0,21
2672,10577,11.497777777777545,1.0,21
2673,10578,11.497777777777545,1.0,21
2674,10579,11.497777777777545,1.0,21
2675,10580,11.497777777777545,1.0,21
2676,10581,11.497777777777545,1.0,21
2677,10582,11.497777777777545,1.0,21
2678,10583,11.497777777777545,1.0,21
2679,10584,11.497777777777545,1.0,21
2680,10585,11.497777777777545,1.0,21
2681,10586,11.497777777777545,1.0,21
2682,10587,11.497777777777545,1.0,21
2683,10588,11.497777777777545,1.0,21
2684,10589,11.497777777777545,1.0,21
2685,10590,11.497777777777545,1.0,21
2686,10591,11.497777777777545,1.0,21
2687,10592,11.497777777777545,1.0,21
2688,10593,11.497777777777545,1.0,21
2689,10594,11.497777777777545,1.0,21
2690,10595,11.497777777777545,1.0,21
2691,10596,11.497777777777545,1.0,21
2692,10597,11.497777777777545,1.0,21
2693,10598,11.497777777777545,1.0,21
2694,10599,11.497777777777545,1.0,21
2695,10600,11.497777777777545,1.0,21
2696,10601,11.497777777777545,1.0,21
2697,10602,11.497777777777545,1.0,21
2698,10603,11.497777777777545,1.0,21
2699,10604,11.497777777777545,1.0,21
2700,10605,11.497777777777545,1.0,21
2701,10606,11.497777777777545,1.0,21
2702,10607,11.497777777777545,1.0,21
2703,10608,11.497777777777545,1.0,21
2704,10609,11.497777777777545,1.0,21
2705,10610,11.497777777777545,1.0,21
2706,10611,11.497777777777545,1.0,21
2707,10612,11.497777777777545,1.0,21
2708,10613,11.497777777777545,1.0,21
2709,10614,11.497777777777545,1.0,21
2710,10615,11.497777777777545,1.0,21
2711,10616,11.497777777777545,1.0,21
2712,10617,11.497777777777545,1.0,21
2713,10618,11.497777777777545,1.0,21
2714,10619,11.497777777777545,1.0,21
2715,10620,11.497777777777545,1.0,21
2716,10621,11.497777777777545,1.0,21
2717,10622,11.497777777777545,1.0,21
2718,10623,11.497777777777545,1.0,21
2719,10624,11.497777777777545,1.0,21
2720,10625,11.497777777777545,1.0,21
2721,10626,11.497777777777545,1.0,21
2722,10627,11.497777777777545,1.0,21
2723,10628,11.497777777777545,1.0,21
2724,10629,11.497777777777545,1.0,21
2725,10630,11.497777777777545,1.0,21
2726,10631,11.497777777777545,1.0,21
2727,10632,11.497777777777545,1.0,21
2728,10633,11.497777777777545,1.0,21
2729,10634,11.497777777777545,1.0,21
2730,10635,11.504999999999766,1.0,-1
2731,10636,11.512222222221988,1.0,-1
2732,10637,11.51944444444421,1.0,-1
2733,10638,11.526666666666431,1.0,-1
2734,10639,11.533888888888653,1.0,-1
2735,10640,11.541111111110874,1.0,-1
2736,10641,11.548333333333096,1.0,-1
2737,10642,11.555555555555317,1.0,-1
2738,10643,11.562777777777539,1.0,-1
2739,10644,11.56999999999976,1.0,-1
2740,10645,11.577222222221982,1.0,-1
2741,10646,11.584444444444204,1.0,-1
2742,10647,11.591666666666425,1.0,-1
2743,10648,11.598888888888647,1.0,-1
2744,10649,11.606111111110868,1.0,-1
2745,10650,11.61333333333309,1.0,-1
2746,10651,11.620555555555311,1.0,-1
2747,10652,11.627777777777533,1.0,-1
2748,10653,11.634999999999755,1.0,-1
2749,10654,11.642222222221976,1.0,-1
2750,10655,11.649444444444198,1.0,-1
2751,10656,11.65666666666642,1.0,-1
2752,10657,11.663888888888641,1.0,-1
2753,10658,11.671111111110863,1.0,-1
2754,10659,11.678333333333084,1.0,-1
2755,10660,11.685555555555306,1.0,-1
2756,10661,11.692777777777527,1.0,-1
2757,10662,11.699999999999749,1.0,-1
2758,10663,11.70722222222197,1.0,-1
2759,10664,11.714444444444192,1.0,-1
2760,10665,11.721666666666414,1.0,-1
2761,10666,11.728888888888635,1.0,-1
2762,10667,11.736111111110857,1.0,-1
2763,10668,11.743333333333078,1.0,-1
2764,10669,11.7505555555553,1.0,-1
2765,10670,11.757777777777521,1.0,-1
2766,10671,11.764999999999743,1.0,-1
2767,10672,11.772222222221965,1.0,-1
2768,10673,11.779444444444186,1.0,-1
2769,10674,11.786666666666408,1.0,-1
2770,10675,11.79388888888863,1.0,-1
2771,10676,11.80111111111085,1.0,-1
2772,10677,11.808333333333072,1.0,-1
2773,10678,11.815555555555294,1.0,-1
2774,10679,11.822777777777516,1.0,-1
2775,10680,11.829999999999737,1.0,-1
2776,10681,11.837222222221959,1.0,-1
2777,10682,11.84444444444418,1.0,-1
2778,10683,11.851666666666402,1.0,-1
2779,10684,11.858888888888623,1.0,-1
2780,10685,11.866111111110845,1.0,-1
2781,10686,11.873333333333067,1.0,-1
2782,10687,11.880555555555288,1.0,-1
2783,10688,11.88777777777751,1.0,-1
2784,10689,11.894999999999731,1.0,-1
2785,10690,11.902222222221953,1.0,-1
2786,10691,11.909444444444174,1.0,-1
2787,10692,11.916666666666396,1.0,-1
2788,10693,11.923888888888618,1.0,-1
2789,10694,11.93111111111084,1.0,-1
2790,10695,11.93833333333306,1.0,-1
2791,10696,11.945555555555282,1.0,-1
2792,10697,11.952777777777504,1.0,-1
2793,10698,11.959999999999726,1.0,-1
2794,10699,11.967222222221947,1.0,-1
2795,10700,11.974444444444169,1.0,-1
2796,10701,11.98166666666639,1.0,-1
2797,10702,11.988888888888612,1.0,-1
2798,10703,11.996111111110833,1.0,-1
2799,10704,12.003333333333055,1.0,-1
2800,10705,12.010555555555277,1.0,-1
2801,10706,12.017777777777498,1.0,-1
2802,10707,12.02499999999972,1.0,-1
2803,10708,12.032222222221941,1.0,-1
2804,10709,12.039444444444163,1.0,-1
2805,10710,12.046666666666384,1.0,-1
2806,10711,12.053888888888606,1.0,-1
2807,10712,12.061111111110828,1.0,-1
2808,10713,12.06833333333305,1.0,-1
2809,10714,12.07555555555527,1.0,-1
2810,10715,12.082777777777492,1.0,-1
2811,10716,12.089999999999714,1.0,-1
2812,10717,12.097222222221935,1.0,-1
2813,10718,12.104444444444157,1.0,-1
2814,10719,12.111666666666379,1.0,-1
2815,10720,12.1188888888886,1.0,-1
2816,10721,12.126111111110822,1.0,-1
2817,10722,12.133333333333043,1.0,-1
2818,10723,12.140555555555265,1.0,-1
2819,10724,12.147777777777486,1.0,-1
2820,10725,12.154999999999708,1.0,-1
2821,10726,12.16222222222193,1.0,-1
2822,10727,12.169444444444151,1.0,-1
2823,10728,12.176666666666373,1.0,-1
2824,10729,12.183888888888594,1.0,-1
2825,10730,12.191111111110816,1.0,-1
2826,10731,12.198333333333037,1.0,-1
2827,10732,12.205555555555259,1.0,-1
2828,10733,12.21277777777748,1.0,-1
2829,10734,12.219999999999702,1.0,-1
2830,10735,12.227222222221924,1.0,-1
2831,10736,12.234444444444145,1.0,-1
2832,10737,12.241666666666367,1.0,-1
2833,10738,12.248888888888589,1.0,-1
2834,10739,12.25611111111081,1.0,-1
2835,10740,12.263333333333032,1.0,-1
2836,10741,12.270555555555253,1.0,-1
2837,10742,12.277777777777475,1.0,-1
2838,10743,12.284999999999696,1.0,-1
2839,10744,12.284999999999696,1.0,22
2840,10745,12.284999999999696,1.0,22
2841,10746,12.284999999999696,1.0,22
2842,10747,12.284999999999696,1.0,22
2843,10748,12.284999999999696,1.0,22
2844,10749,12.284999999999696,1.0,22
2845,10750,12.284999999999696,1.0,22
2846,10751,12.284999999999696,1.0,22
2847,10752,12.284999999999696,1.0,22
2848,10753,12.292222222221918,1.0,-1
2849,10754,12.29944444444414,1.0,-1
2850,10755,12.306666666666361,1.0,-1
2851,10756,12.313888888888583,1.0,-1
2852,10757,12.321111111110804,1.0,-1
2853,10758,12.328333333333026,1.0,-1
2854,10759,12.335555555555247,1.0,-1
2855,10760,12.342777777777469,1.0,-1
2856,10761,12.34999999999969,1.0,-1
2857,10762,12.357222222221912,1.0,-1
2858,10763,12.364444444444134,1.0,-1
2859,10764,12.371666666666355,1.0,-1
2860,10765,12.378888888888577,1.0,-1
2861,10766,12.386111111110798,1.0,-1
2862,10767,12.39333333333302,1.0,-1
2863,10768,12.400555555555242,1.0,-1
2864,10769,12.407777777777463,1.0,-1
2865,10770,12.414999999999685,1.0,-1
2866,10771,12.422222222221906,1.0,-1
2867,10772,12.429444444444128,1.0,-1
2868,10773,12.43666666666635,1.0,-1
2869,10774,12.443888888888571,1.0,-1
2870,10775,12.451111111110793,1.0,-1
2871,10776,12.458333333333014,1.0,-1
2872,10777,12.465555555555236,1.0,-1
2873,10778,12.472777777777457,1.0,-1
2874,10779,12.479999999999679,1.0,-1
2875,10780,12.4872222222219,1.0,-1
2876,10781,12.494444444444122,1.0,-1
2877,10782,12.501666666666344,1.0,-1
2878,10783,12.508888888888565,1.0,-1
2879,10784,12.516111111110787,1.0,-1
2880,10785,12.523333333333008,1.0,-1
2881,10786,12.53055555555523,1.0,-1
2882,10787,12.537777777777452,1.0,-1
2883,10788,12.544999999999673,1.0,-1
2884,10789,12.552222222221895,1.0,-1
2885,10790,12.559444444444116,1.0,-1
2886,10791,12.566666666666338,1.0,-1
2887,10792,12.57388888888856,1.0,-1
2888,10793,12.581111111110781,1.0,-1
2889,10794,12.588333333333003,1.0,-1
2890,10795,12.595555555555224,1.0,-1
2891,10796,12.602777777777446,1.0,-1
2892,10797,12.609999999999667,1.0,-1
2893,10798,12.617222222221889,1.0,-1
2894,10799,12.62444444444411,1.0,-1
2895,10800,12.631666666666332,1.0,-1
2896,10801,12.638888888888554,1.0,-1
2897,10802,12.646111111110775,1.0,-1
2898,10803,12.653333333332997,1.0,-1
2899,10804,12.660555555555218,1.0,-1
2900,10805,12.66777777777744,1.0,-1
2901,10806,12.674999999999661,1.0,-1
2902,10807,12.682222222221883,1.0,-1
2903,10808,12.689444444444105,1.0,-1
2904,10809,12.696666666666326,1.0,-1
2905,10810,12.696666666666326,1.0,23
2906,10811,12.696666666666326,1.0,23
2907,10812,12.696666666666326,1.0,23
2908,10813,12.696666666666326,1.0,23
2909,10814,12.696666666666326,1.0,23
2910,10815,12.696666666666326,1.0,23
2911,10816,12.696666666666326,1.0,23
2912,10817,12.696666666666326,1.0,23
2913,10818,12.696666666666326,1.0,23
2914,10819,12.696666666666326,1.0,23
2915,10820,12.696666666666326,1.0,23
2916,10821,12.696666666666326,1.0,23
2917,10822,12.696666666666326,1.0,23
2918,10823,12.696666666666326,1.0,23
2919,10824,12.696666666666326,1.0,23
2920,10825,12.696666666666326,1.0,23
2921,10826,12.696666666666326,1.0,23
2922,10827,12.696666666666326,1.0,23
2923,10828,12.696666666666326,1.0,23
2924,10829,12.696666666666326,1.0,23
2925,10830,12.696666666666326,1.0,23
2926,10831,12.696666666666326,1.0,23
2927,10832,12.696666666666326,1.0,23
2928,10833,12.696666666666326,1.0,23
2929,10834,12.696666666666326,1.0,23
2930,10835,12.696666666666326,1.0,23
2931,10836,12.696666666666326,1.0,23
2932,10837,12.696666666666326,1.0,23
2933,10838,12.696666666666326,1.0,23
2934,10839,12.696666666666326,1.0,23
2935,10840,12.696666666666326,1.0,23
2936,10841,12.696666666666326,1.0,23
2937,10842,12.696666666666326,1.0,23
2938,10843,12.696666666666326,1.0,23
2939,10844,12.696666666666326,1.0,23
2940,10845,12.696666666666326,1.0,23
2941,10846,12.696666666666326,1.0,23
2942,10847,12.696666666666326,1.0,23
2943,10848,12.696666666666326,1.0,23
2944,10849,12.696666666666326,1.0,23
2945,10850,12.696666666666326,1.0,23
2946,10851,12.696666666666326,1.0,23
2947,10852,12.696666666666326,1.0,23
2948,10853,12.696666666666326,1.0,23
2949,10854,12.696666666666326,1.0,23
2950,10855,12.696666666666326,1.0,23
2951,10856,12.696666666666326,1.0,23
2952,10857,12.696666666666326,1.0,23
2953,10858,12.696666666666326,1.0,23
2954,10859,12.696666666666326,1.0,23
2955,10860,12.696666666666326,1.0,23
2956,10861,12.696666666666326,1.0,23
2957,10862,12.696666666666326,1.0,23
2958,10863,12.696666666666326,1.0,23
2959,10864,12.696666666666326,1.0,23
2960,10865,12.696666666666326,1.0,23
2961,10866,12.696666666666326,1.0,23
2962,10867,12.696666666666326,1.0,23
2963,10868,12.696666666666326,1.0,23
2964,10869,12.696666666666326,1.0,23
2965,10870,12.696666666666326,1.0,23
2966,10871,12.696666666666326,1.0,23
2967,10872,12.696666666666326,1.0,23
2968,10873,12.696666666666326,1.0,23
2969,10874,12.696666666666326,1.0,23
2970,10875,12.696666666666326,1.0,23
2971,10876,12.696666666666326,1.0,23
2972,10877,12.696666666666326,1.0,23
2973,10878,12.696666666666326,1.0,23
2974,10879,12.696666666666326,1.0,23
2975,10880,12.696666666666326,1.0,23
2976,10881,12.696666666666326,1.0,23
2977,10882,12.696666666666326,1.0,23
2978,10883,12.696666666666326,1.0,23
2979,10884,12.696666666666326,1.0,23
2980,10885,12.696666666666326,1.0,23
2981,10886,12.696666666666326,1.0,23
2982,10887,12.696666666666326,1.0,23
2983,10888,12.696666666666326,1.0,23
2984,10889,12.696666666666326,1.0,23
2985,10890,12.696666666666326,1.0,23
2986,10891,12.696666666666326,1.0,23
2987,10892,12.696666666666326,1.0,23
2988,10893,12.696666666666326,1.0,23
2989,10894,12.696666666666326,1.0,23
2990,10895,12.696666666666326,1.0,23
2991,10896,12.696666666666326,1.0,23
2992,10897,12.696666666666326,1.0,23
2993,10898,12.696666666666326,1.0,23
2994,10899,12.703888888888548,1.0,-1
2995,10900,12.71111111111077,1.0,-1
2996,10901,12.71833333333299,1.0,-1
2997,10902,12.725555555555212,1.0,-1
2998,10903,12.732777777777434,1.0,-1
2999,10904,12.739999999999656,1.0,-1
3000,10905,12.747222222221877,1.0,-1
3001,10906,12.754444444444099,1.0,-1
3002,10907,12.76166666666632,1.0,-1
3003,10908,12.768888888888542,1.0,-1
3004,10909,12.776111111110763,1.0,-1
3005,10910,12.783333333332985,1.0,-1
3006,10911,12.790555555555207,1.0,-1
3007,10912,12.797777777777428,1.0,-1
3008,10913,12.80499999999965,1.0,-1
3009,10914,12.812222222221871,1.0,-1
3010,10915,12.819444444444093,1.0,-1
3011,10916,12.826666666666314,1.0,-1
3012,10917,12.833888888888536,1.0,-1
3013,10918,12.841111111110758,1.0,-1
3014,10919,12.84833333333298,1.0,-1
3015,10920,12.8555555555552,1.0,-1
3016,10921,12.862777777777422,1.0,-1
3017,10922,12.869999999999644,1.0,-1
3018,10923,12.877222222221866,1.0,-1
3019,10924,12.884444444444087,1.0,-1
3020,10925,12.891666666666309,1.0,-1
3021,10926,12.89888888888853,1.0,-1
3022,10927,12.906111111110752,1.0,-1
3023,10928,12.913333333332973,1.0,-1
3024,10929,12.920555555555195,1.0,-1
3025,10930,12.927777777777417,1.0,-1
3026,10931,12.934999999999638,1.0,-1
3027,10932,12.94222222222186,1.0,-1
3028,10933,12.949444444444081,1.0,-1
3029,10934,12.956666666666303,1.0,-1
3030,10935,12.963888888888524,1.0,-1
3031,10936,12.971111111110746,1.0,-1
3032,10937,12.978333333332968,1.0,-1
3033,10938,12.98555555555519,1.0,-1
3034,10939,12.99277777777741,1.0,-1
3035,10940,12.999999999999632,1.0,-1
3036,10941,13.007222222221854,1.0,-1
3037,10942,13.014444444444075,1.0,-1
3038,10943,13.021666666666297,1.0,-1
3039,10944,13.028888888888519,1.0,-1
3040,10945,13.03611111111074,1.0,-1
3041,10946,13.043333333332962,1.0,-1
3042,10947,13.050555555555183,1.0,-1
3043,10948,13.057777777777405,1.0,-1
3044,10949,13.064999999999626,1.0,-1
3045,10950,13.072222222221848,1.0,-1
3046,10951,13.07944444444407,1.0,-1
3047,10952,13.086666666666291,1.0,-1
3048,10953,13.093888888888513,1.0,-1
3049,10954,13.101111111110734,1.0,-1
3050,10955,13.108333333332956,1.0,-1
3051,10956,13.115555555555177,1.0,-1
3052,10957,13.122777777777399,1.0,-1
3053,10958,13.12999999999962,1.0,-1
3054,10959,13.137222222221842,1.0,-1
3055,10960,13.144444444444064,1.0,-1
3056,10961,13.151666666666285,1.0,-1
3057,10962,13.158888888888507,1.0,-1
3058,10963,13.166111111110729,1.0,-1
3059,10964,13.17333333333295,1.0,-1
3060,10965,13.180555555555172,1.0,-1
3061,10966,13.187777777777393,1.0,-1
3062,10967,13.194999999999615,1.0,-1
3063,10968,13.202222222221836,1.0,-1
3064,10969,13.209444444444058,1.0,-1
3065,10970,13.21666666666628,1.0,-1
3066,10971,13.223888888888501,1.0,-1
3067,10972,13.231111111110723,1.0,-1
3068,10973,13.238333333332944,1.0,-1
3069,10974,13.238333333332944,1.0,24
3070,10975,13.238333333332944,1.0,24
3071,10976,13.238333333332944,1.0,24
3072,10977,13.238333333332944,1.0,24
3073,10978,13.238333333332944,1.0,24
3074,10979,13.238333333332944,1.0,24
3075,10980,13.238333333332944,1.0,24
3076,10981,13.238333333332944,1.0,24
3077,10982,13.238333333332944,1.0,24
3078,10983,13.238333333332944,1.0,24
3079,10984,13.238333333332944,1.0,24
3080,10985,13.238333333332944,1.0,24
3081,10986,13.238333333332944,1.0,24
3082,10987,13.238333333332944,1.0,24
3083,10988,13.238333333332944,1.0,24
3084,10989,13.238333333332944,1.0,24
3085,10990,13.238333333332944,1.0,24
3086,10991,13.238333333332944,1.0,24
3087,10992,13.238333333332944,1.0,24
3088,10993,13.238333333332944,1.0,24
3089,10994,13.238333333332944,1.0,24
3090,10995,13.238333333332944,1.0,24
3091,10996,13.238333333332944,1.0,24
3092,10997,13.238333333332944,1.0,24
3093,10998,13.238333333332944,1.0,24
3094,10999,13.238333333332944,1.0,24
3095,11000,13.238333333332944,1.0,24
3096,11001,13.238333333332944,1.0,24
3097,11002,13.238333333332944,1.0,24
3098,11003,13.238333333332944,1.0,24
3099,11004,13.238333333332944,1.0,24
3100,11005,13.238333333332944,1.0,24
3101,11006,13.238333333332944,1.0,24
3102,11007,13.238333333332944,1.0,24
3103,11008,13.238333333332944,1.0,24
3104,11009,13.238333333332944,1.0,24
3105,11010,13.238333333332944,1.0,24
3106,11011,13.238333333332944,1.0,24
3107,11012,13.238333333332944,1.0,24
3108,11013,13.238333333332944,1.0,24
3109,11014,13.238333333332944,1.0,24
3110,11015,13.238333333332944,1.0,24
3111,11016,13.238333333332944,1.0,24
3112,11017,13.238333333332944,1.0,24
3113,11018,13.238333333332944,1.0,24
3114,11019,13.238333333332944,1.0,24
3115,11020,13.238333333332944,1.0,24
3116,11021,13.238333333332944,1.0,24
3117,11022,13.238333333332944,1.0,24
3118,11023,13.238333333332944,1.0,24
3119,11024,13.238333333332944,1.0,24
3120,11025,13.238333333332944,1.0,24
3121,11026,13.238333333332944,1.0,24
3122,11027,13.238333333332944,1.0,24
3123,11028,13.238333333332944,1.0,24
3124,11029,13.238333333332944,1.0,24
3125,11030,13.238333333332944,1.0,24
3126,11031,13.238333333332944,1.0,24
3127,11032,13.238333333332944,1.0,24
3128,11033,13.238333333332944,1.0,24
3129,11034,13.238333333332944,1.0,24
3130,11035,13.238333333332944,1.0,24
3131,11036,13.238333333332944,1.0,24
3132,11037,13.238333333332944,1.0,24
3133,11038,13.238333333332944,1.0,24
3134,11039,13.238333333332944,1.0,24
3135,11040,13.238333333332944,1.0,24
3136,11041,13.238333333332944,1.0,24
3137,11042,13.238333333332944,1.0,24
3138,11043,13.238333333332944,1.0,24
3139,11044,13.238333333332944,1.0,24
3140,11045,13.238333333332944,1.0,24
3141,11046,13.238333333332944,1.0,24
3142,11047,13.238333333332944,1.0,24
3143,11048,13.238333333332944,1.0,24
3144,11049,13.238333333332944,1.0,24
3145,11050,13.238333333332944,1.0,24
3146,11051,13.238333333332944,1.0,24
3147,11052,13.238333333332944,1.0,24
3148,11053,13.238333333332944,1.0,24
3149,11054,13.238333333332944,1.0,24
3150,11055,13.238333333332944,1.0,24
3151,11056,13.238333333332944,1.0,24
3152,11057,13.238333333332944,1.0,24
3153,11058,13.238333333332944,1.0,24
3154,11059,13.238333333332944,1.0,24
3155,11060,13.238333333332944,1.0,24
3156,11061,13.238333333332944,1.0,24
3157,11062,13.238333333332944,1.0,24
3158,11063,13.238333333332944,1.0,24
3159,11064,13.238333333332944,1.0,24
3160,11065,13.238333333332944,1.0,24
3161,11066,13.238333333332944,1.0,24
3162,11067,13.238333333332944,1.0,24
3163,11068,13.238333333332944,1.0,24
3164,11069,13.238333333332944,1.0,24
3165,11070,13.238333333332944,1.0,24
3166,11071,13.238333333332944,1.0,24
3167,11072,13.238333333332944,1.0,24
3168,11073,13.238333333332944,1.0,24
3169,11074,13.238333333332944,1.0,24
3170,11075,13.245555555555166,1.0,-1
3171,11076,13.252777777777387,1.0,-1
3172,11077,13.259999999999609,1.0,-1
3173,11078,13.26722222222183,1.0,-1
3174,11079,13.274444444444052,1.0,-1
3175,11080,13.281666666666274,1.0,-1
3176,11081,13.288888888888495,1.0,-1
3177,11082,13.296111111110717,1.0,-1
3178,11083,13.303333333332938,1.0,-1
3179,11084,13.31055555555516,1.0,-1
3180,11085,13.317777777777382,1.0,-1
3181,11086,13.324999999999603,1.0,-1
3182,11087,13.332222222221825,1.0,-1
3183,11088,13.339444444444046,1.0,-1
3184,11089,13.346666666666268,1.0,-1
3185,11090,13.35388888888849,1.0,-1
3186,11091,13.361111111110711,1.0,-1
3187,11092,13.368333333332933,1.0,-1
3188,11093,13.375555555555154,1.0,-1
3189,11094,13.382777777777376,1.0,-1
3190,11095,13.389999999999597,1.0,-1
3191,11096,13.397222222221819,1.0,-1
3192,11097,13.40444444444404,1.0,-1
3193,11098,13.411666666666262,1.0,-1
3194,11099,13.418888888888484,1.0,-1
3195,11100,13.426111111110705,1.0,-1
3196,11101,13.433333333332927,1.0,-1
3197,11102,13.440555555555148,1.0,-1
3198,11103,13.44777777777737,1.0,-1
3199,11104,13.454999999999592,1.0,-1
3200,11105,13.462222222221813,1.0,-1
3201,11106,13.469444444444035,1.0,-1
3202,11107,13.476666666666256,1.0,-1
3203,11108,13.483888888888478,1.0,-1
3204,11109,13.4911111111107,1.0,-1
3205,11110,13.498333333332921,1.0,-1
3206,11111,13.505555555555143,1.0,-1
3207,11112,13.512777777777364,1.0,-1
3208,11113,13.519999999999586,1.0,-1
3209,11114,13.527222222221807,1.0,-1
3210,11115,13.534444444444029,1.0,-1
3211,11116,13.54166666666625,1.0,-1
3212,11117,13.548888888888472,1.0,-1
3213,11118,13.556111111110694,1.0,-1
3214,11119,13.563333333332915,1.0,-1
3215,11120,13.570555555555137,1.0,-1
3216,11121,13.577777777777358,1.0,-1
3217,11122,13.58499999999958,1.0,-1
3218,11123,13.592222222221801,1.0,-1
3219,11124,13.599444444444023,1.0,-1
3220,11125,13.606666666666245,1.0,-1
3221,11126,13.613888888888466,1.0,-1
3222,11127,13.621111111110688,1.0,-1
3223,11128,13.62833333333291,1.0,-1
3224,11129,13.63555555555513,1.0,-1
3225,11130,13.642777777777352,1.0,-1
3226,11131,13.649999999999574,1.0,-1
3227,11132,13.657222222221796,1.0,-1
3228,11133,13.664444444444017,1.0,-1
3229,11134,13.671666666666239,1.0,-1
3230,11135,13.67888888888846,1.0,-1
3231,11136,13.686111111110682,1.0,-1
3232,11137,13.693333333332903,1.0,-1
3233,11138,13.700555555555125,1.0,-1
3234,11139,13.707777777777347,1.0,-1
3235,11140,13.714999999999568,1.0,-1
3236,11141,13.72222222222179,1.0,-1
3237,11142,13.729444444444011,1.0,-1
3238,11143,13.736666666666233,1.0,-1
3239,11144,13.743888888888455,1.0,-1
3240,11145,13.751111111110676,1.0,-1
3241,11146,13.758333333332898,1.0,-1
3242,11147,13.76555555555512,1.0,-1
3243,11148,13.77277777777734,1.0,-1
3244,11149,13.779999999999562,1.0,-1
3245,11150,13.787222222221784,1.0,-1
3246,11151,13.794444444444006,1.0,-1
3247,11152,13.801666666666227,1.0,-1
3248,11153,13.808888888888449,1.0,-1
3249,11154,13.81611111111067,1.0,-1
3250,11155,13.823333333332892,1.0,-1
3251,11156,13.830555555555113,1.0,-1
3252,11157,13.837777777777335,1.0,-1
3253,11158,13.844999999999557,1.0,-1
3254,11159,13.852222222221778,1.0,-1
3255,11160,13.859444444444,1.0,-1
3256,11161,13.866666666666221,1.0,-1
3257,11162,13.866666666666221,1.0,25
3258,11163,13.866666666666221,1.0,25
3259,11164,13.866666666666221,1.0,25
3260,11165,13.866666666666221,1.0,25
3261,11166,13.866666666666221,1.0,25
3262,11167,13.866666666666221,1.0,25
3263,11168,13.866666666666221,1.0,25
3264,11169,13.866666666666221,1.0,25
3265,11170,13.866666666666221,1.0,25
3266,11171,13.866666666666221,1.0,25
3267,11172,13.866666666666221,1.0,25
3268,11173,13.866666666666221,1.0,25
3269,11174,13.866666666666221,1.0,25
3270,11175,13.866666666666221,1.0,25
3271,11176,13.866666666666221,1.0,25
3272,11177,13.866666666666221,1.0,25
3273,11178,13.866666666666221,1.0,25
3274,11179,13.866666666666221,1.0,25
3275,11180,13.866666666666221,1.0,25
3276,11181,13.866666666666221,1.0,25
3277,11182,13.866666666666221,1.0,25
3278,11183,13.866666666666221,1.0,25
3279,11184,13.866666666666221,1.0,25
3280,11185,13.866666666666221,1.0,25
3281,11186,13.866666666666221,1.0,25
3282,11187,13.866666666666221,1.0,25
3283,11188,13.866666666666221,1.0,25
3284,11189,13.866666666666221,1.0,25
3285,11190,13.866666666666221,1.0,25
3286,11191,13.866666666666221,1.0,25
3287,11192,13.866666666666221,1.0,25
3288,11193,13.866666666666221,1.0,25
3289,11194,13.866666666666221,1.0,25
3290,11195,13.866666666666221,1.0,25
3291,11196,13.866666666666221,1.0,25
3292,11197,13.866666666666221,1.0,25
3293,11198,13.866666666666221,1.0,25
3294,11199,13.866666666666221,1.0,25
3295,11200,13.866666666666221,1.0,25
3296,11201,13.866666666666221,1.0,25
3297,11202,13.866666666666221,1.0,25
3298,11203,13.866666666666221,1.0,25
3299,11204,13.866666666666221,1.0,25
3300,11205,13.866666666666221,1.0,25
3301,11206,13.866666666666221,1.0,25
3302,11207,13.866666666666221,1.0,25
3303,11208,13.866666666666221,1.0,25
3304,11209,13.866666666666221,1.0,25
3305,11210,13.866666666666221,1.0,25
3306,11211,13.866666666666221,1.0,25
3307,11212,13.866666666666221,1.0,25
3308,11213,13.866666666666221,1.0,25
3309,11214,13.866666666666221,1.0,25
3310,11215,13.866666666666221,1.0,25
3311,11216,13.866666666666221,1.0,25
3312,11217,13.866666666666221,1.0,25
3313,11218,13.866666666666221,1.0,25
3314,11219,13.866666666666221,1.0,25
3315,11220,13.866666666666221,1.0,25
3316,11221,13.866666666666221,1.0,25
3317,11222,13.866666666666221,1.0,25
3318,11223,13.866666666666221,1.0,25
3319,11224,13.866666666666221,1.0,25
3320,11225,13.866666666666221,1.0,25
3321,11226,13.866666666666221,1.0,25
3322,11227,13.873888888888443,1.0,-1
3323,11228,13.881111111110664,1.0,-1
3324,11229,13.888333333332886,1.0,-1
3325,11230,13.895555555555108,1.0,-1
3326,11231,13.90277777777733,1.0,-1
3327,11232,13.90999999999955,1.0,-1
3328,11233,13.917222222221772,1.0,-1
3329,11234,13.924444444443994,1.0,-1
3330,11235,13.931666666666215,1.0,-1
3331,11236,13.938888888888437,1.0,-1
3332,11237,13.946111111110659,1.0,-1
3333,11238,13.95333333333288,1.0,-1
3334,11239,13.960555555555102,1.0,-1
3335,11240,13.967777777777323,1.0,-1
3336,11241,13.974999999999545,1.0,-1
3337,11242,13.982222222221766,1.0,-1
3338,11243,13.989444444443988,1.0,-1
3339,11244,13.99666666666621,1.0,-1
3340,11245,14.003888888888431,1.0,-1
3341,11246,14.011111111110653,1.0,-1
3342,11247,14.018333333332874,1.0,-1
3343,11248,14.025555555555096,1.0,-1
3344,11249,14.032777777777317,1.0,-1
3345,11250,14.039999999999539,1.0,-1
3346,11251,14.04722222222176,1.0,-1
3347,11252,14.054444444443982,1.0,-1
3348,11253,14.061666666666204,1.0,-1
3349,11254,14.068888888888425,1.0,-1
3350,11255,14.076111111110647,1.0,-1
3351,11256,14.083333333332869,1.0,-1
3352,11257,14.09055555555509,1.0,-1
3353,11258,14.097777777777312,1.0,-1
3354,11259,14.104999999999533,1.0,-1
3355,11260,14.112222222221755,1.0,-1
3356,11261,14.119444444443976,1.0,-1
3357,11262,14.126666666666198,1.0,-1
3358,11263,14.13388888888842,1.0,-1
3359,11264,14.13388888888842,1.0,26
3360,11265,14.13388888888842,1.0,26
3361,11266,14.13388888888842,1.0,26
3362,11267,14.13388888888842,1.0,26
3363,11268,14.13388888888842,1.0,26
3364,11269,14.13388888888842,1.0,26
3365,11270,14.13388888888842,1.0,26
3366,11271,14.13388888888842,1.0,26
3367,11272,14.13388888888842,1.0,26
3368,11273,14.141111111110641,1.0,-1
3369,11274,14.148333333332863,1.0,-1
3370,11275,14.155555555555084,1.0,-1
3371,11276,14.162777777777306,1.0,-1
3372,11277,14.169999999999527,1.0,-1
3373,11278,14.177222222221749,1.0,-1
3374,11279,14.18444444444397,1.0,-1
3375,11280,14.191666666666192,1.0,-1
3376,11281,14.198888888888414,1.0,-1
3377,11282,14.206111111110635,1.0,-1
3378,11283,14.213333333332857,1.0,-1
3379,11284,14.220555555555078,1.0,-1
3380,11285,14.2277777777773,1.0,-1
3381,11286,14.234999999999522,1.0,-1
3382,11287,14.242222222221743,1.0,-1
3383,11288,14.249444444443965,1.0,-1
3384,11289,14.256666666666186,1.0,-1
3385,11290,14.263888888888408,1.0,-1
3386,11291,14.27111111111063,1.0,-1
3387,11292,14.278333333332851,1.0,-1
3388,11293,14.285555555555073,1.0,-1
3389,11294,14.292777777777294,1.0,-1
3390,11295,14.299999999999516,1.0,-1
3391,11296,14.307222222221737,1.0,-1
3392,11297,14.314444444443959,1.0,-1
3393,11298,14.32166666666618,1.0,-1
3394,11299,14.328888888888402,1.0,-1
3395,11300,14.336111111110624,1.0,-1
3396,11301,14.343333333332845,1.0,-1
3397,11302,14.350555555555067,1.0,-1
3398,11303,14.357777777777288,1.0,-1
3399,11304,14.36499999999951,1.0,-1
3400,11305,14.372222222221732,1.0,-1
3401,11306,14.379444444443953,1.0,-1
3402,11307,14.386666666666175,1.0,-1
3403,11308,14.386666666666175,1.0,27
3404,11309,14.386666666666175,1.0,27
3405,11310,14.386666666666175,1.0,27
3406,11311,14.386666666666175,1.0,27
3407,11312,14.386666666666175,1.0,27
3408,11313,14.386666666666175,1.0,27
3409,11314,14.386666666666175,1.0,27
3410,11315,14.386666666666175,1.0,27
3411,11316,14.386666666666175,1.0,27
3412,11317,14.386666666666175,1.0,27
3413,11318,14.386666666666175,1.0,27
3414,11319,14.386666666666175,1.0,27
3415,11320,14.386666666666175,1.0,27
3416,11321,14.386666666666175,1.0,27
3417,11322,14.386666666666175,1.0,27
3418,11323,14.386666666666175,1.0,27
3419,11324,14.386666666666175,1.0,27
3420,11325,14.386666666666175,1.0,27
3421,11326,14.386666666666175,1.0,27
3422,11327,14.386666666666175,1.0,27
3423,11328,14.386666666666175,1.0,27
3424,11329,14.386666666666175,1.0,27
3425,11330,14.386666666666175,1.0,27
3426,11331,14.386666666666175,1.0,27
3427,11332,14.386666666666175,1.0,27
3428,11333,14.386666666666175,1.0,27
3429,11334,14.386666666666175,1.0,27
3430,11335,14.386666666666175,1.0,27
3431,11336,14.386666666666175,1.0,27
3432,11337,14.386666666666175,1.0,27
3433,11338,14.386666666666175,1.0,27
3434,11339,14.386666666666175,1.0,27
3435,11340,14.386666666666175,1.0,27
3436,11341,14.386666666666175,1.0,27
3437,11342,14.386666666666175,1.0,27
3438,11343,14.386666666666175,1.0,27
3439,11344,14.386666666666175,1.0,27
3440,11345,14.386666666666175,1.0,27
3441,11346,14.386666666666175,1.0,27
3442,11347,14.386666666666175,1.0,27
3443,11348,14.386666666666175,1.0,27
3444,11349,14.386666666666175,1.0,27
3445,11350,14.393888888888396,1.0,-1
3446,11351,14.401111111110618,1.0,-1
3447,11352,14.40833333333284,1.0,-1
3448,11353,14.415555555555061,1.0,-1
3449,11354,14.422777777777283,1.0,-1
3450,11355,14.429999999999504,1.0,-1
3451,11356,14.437222222221726,1.0,-1
3452,11357,14.444444444443947,1.0,-1
3453,11358,14.451666666666169,1.0,-1
3454,11359,14.45888888888839,1.0,-1
3455,11360,14.466111111110612,1.0,-1
3456,11361,14.473333333332834,1.0,-1
3457,11362,14.480555555555055,1.0,-1
3458,11363,14.487777777777277,1.0,-1
3459,11364,14.494999999999498,1.0,-1
3460,11365,14.50222222222172,1.0,-1
3461,11366,14.509444444443941,1.0,-1
3462,11367,14.516666666666163,1.0,-1
3463,11368,14.523888888888385,1.0,-1
3464,11369,14.531111111110606,1.0,-1
3465,11370,14.538333333332828,1.0,-1
3466,11371,14.54555555555505,1.0,-1
3467,11372,14.55277777777727,1.0,-1
3468,11373,14.559999999999492,1.0,-1
3469,11374,14.567222222221714,1.0,-1
3470,11375,14.574444444443936,1.0,-1
3471,11376,14.581666666666157,1.0,-1
3472,11377,14.588888888888379,1.0,-1
3473,11378,14.5961111111106,1.0,-1
3474,11379,14.603333333332822,1.0,-1
3475,11380,14.610555555555043,1.0,-1
3476,11381,14.617777777777265,1.0,-1
3477,11382,14.624999999999487,1.0,-1
3478,11383,14.632222222221708,1.0,-1
3479,11384,14.63944444444393,1.0,-1
3480,11385,14.646666666666151,1.0,-1
3481,11386,14.653888888888373,1.0,-1
3482,11387,14.661111111110595,1.0,-1
3483,11388,14.661111111110595,1.0,28
3484,11389,14.661111111110595,1.0,28
3485,11390,14.661111111110595,1.0,28
3486,11391,14.661111111110595,1.0,28
3487,11392,14.661111111110595,1.0,28
3488,11393,14.661111111110595,1.0,28
3489,11394,14.661111111110595,1.0,28
3490,11395,14.661111111110595,1.0,28
3491,11396,14.661111111110595,1.0,28
3492,11397,14.661111111110595,1.0,28
3493,11398,14.661111111110595,1.0,28
3494,11399,14.661111111110595,1.0,28
3495,11400,14.661111111110595,1.0,28
3496,11401,14.661111111110595,1.0,28
3497,11402,14.661111111110595,1.0,28
3498,11403,14.668333333332816,1.0,-1
3499,11404,14.675555555555038,1.0,-1
3500,11405,14.68277777777726,1.0,-1
3501,11406,14.68999999999948,1.0,-1
3502,11407,14.697222222221702,1.0,-1
3503,11408,14.704444444443924,1.0,-1
3504,11409,14.711666666666146,1.0,-1
3505,11410,14.718888888888367,1.0,-1
3506,11411,14.726111111110589,1.0,-1
3507,11412,14.73333333333281,1.0,-1
3508,11413,14.740555555555032,1.0,-1
3509,11414,14.747777777777253,1.0,-1
3510,11415,14.754999999999475,1.0,-1
3511,11416,14.762222222221697,1.0,-1
3512,11417,14.769444444443918,1.0,-1
3513,11418,14.77666666666614,1.0,-1
3514,11419,14.783888888888361,1.0,-1
3515,11420,14.791111111110583,1.0,-1
3516,11421,14.798333333332804,1.0,-1
3517,11422,14.805555555555026,1.0,-1
3518,11423,14.812777777777248,1.0,-1
3519,11424,14.81999999999947,1.0,-1
3520,11425,14.82722222222169,1.0,-1
3521,11426,14.834444444443912,1.0,-1
3522,11427,14.841666666666134,1.0,-1
3523,11428,14.848888888888355,1.0,-1
3524,11429,14.856111111110577,1.0,-1
3525,11430,14.863333333332799,1.0,-1
3526,11431,14.87055555555502,1.0,-1
3527,11432,14.877777777777242,1.0,-1
3528,11433,14.884999999999463,1.0,-1
3529,11434,14.892222222221685,1.0,-1
3530,11435,14.899444444443906,1.0,-1
3531,11436,14.906666666666128,1.0,-1
3532,11437,14.91388888888835,1.0,-1
3533,11438,14.921111111110571,1.0,-1
3534,11439,14.928333333332793,1.0,-1
3535,11440,14.935555555555014,1.0,-1
3536,11441,14.942777777777236,1.0,-1
3537,11442,14.949999999999458,1.0,-1
3538,11443,14.957222222221679,1.0,-1
3539,11444,14.9644444444439,1.0,-1
3540,11445,14.9644444444439,0.9375,29
3541,11446,14.9644444444439,0.9375,29
3542,11447,14.9644444444439,0.9375,29
3543,11448,14.9644444444439,0.9375,29
3544,11449,14.9644444444439,0.9375,29
3545,11450,14.9644444444439,0.9375,29
3546,11451,14.9644444444439,0.9375,29
3547,11452,14.9644444444439,0.9375,29
3548,11453,14.9644444444439,0.9375,29
3549,11454,14.9644444444439,0.9375,29
3550,11455,14.9644444444439,0.9375,29
3551,11456,14.9644444444439,0.9375,29
3552,11457,14.9644444444439,0.9375,29
3553,11458,14.9644444444439,0.9375,29
3554,11459,14.9644444444439,0.9375,29
3555,11460,14.971666666666122,0.9375,-1
3556,11461,14.978888888888344,0.9375,-1
3557,11462,14.986111111110565,0.9375,-1
3558,11463,14.993333333332787,0.9375,-1
3559,11464,15.000555555555009,0.9375,-1
3560,11465,15.00777777777723,0.9375,-1
3561,11466,15.014999999999452,0.9375,-1
3562,11467,15.022222222221673,0.9375,-1
3563,11468,15.029444444443895,0.9375,-1
3564,11469,15.036666666666116,0.9375,-1
3565,11470,15.043888888888338,0.9375,-1
3566,11471,15.05111111111056,0.9375,-1
3567,11472,15.058333333332781,0.9375,-1
3568,11473,15.065555555555003,0.9375,-1
3569,11474,15.072777777777224,0.9375,-1
3570,11475,15.079999999999446,0.9375,-1
3571,11476,15.087222222221667,0.9375,-1
3572,11477,15.094444444443889,0.9375,-1
3573,11478,15.10166666666611,0.9375,-1
3574,11479,15.108888888888332,0.9375,-1
3575,11480,15.116111111110554,0.9375,-1
3576,11481,15.123333333332775,0.9375,-1
3577,11482,15.130555555554997,0.9375,-1
3578,11483,15.137777777777218,0.9375,-1
3579,11484,15.14499999999944,0.9375,-1
3580,11485,15.152222222221662,0.9375,-1
3581,11486,15.159444444443883,0.9375,-1
3582,11487,15.166666666666105,0.9375,-1
3583,11488,15.173888888888326,0.9375,-1
3584,11489,15.181111111110548,0.9375,-1
3585,11490,15.18833333333277,0.9375,-1
3586,11491,15.195555555554991,0.9375,-1
3587,11492,15.202777777777213,0.9375,-1
3588,11493,15.209999999999434,0.9375,-1
3589,11494,15.217222222221656,0.9375,-1
3590,11495,15.224444444443877,0.9375,-1
3591,11496,15.231666666666099,0.9375,-1
3592,11497,15.23888888888832,0.9375,-1
3593,11498,15.246111111110542,0.9375,-1
3594,11499,15.253333333332764,0.9375,-1
3595,11500,15.260555555554985,0.9375,-1
3596,11501,15.267777777777207,0.9375,-1
3597,11502,15.274999999999428,0.9375,-1
3598,11503,15.28222222222165,0.9375,-1
3599,11504,15.289444444443872,0.9375,-1
3600,11505,15.296666666666093,0.9375,-1
3601,11506,15.303888888888315,0.9375,-1
3602,11507,15.311111111110536,0.9375,-1
3603,11508,15.318333333332758,0.9375,-1
3604,11509,15.32555555555498,0.9375,-1
3605,11510,15.332777777777201,0.9375,-1
3606,11511,15.339999999999423,0.9375,-1
3607,11512,15.339999999999423,0.825,30
3608,11513,15.339999999999423,0.825,30
3609,11514,15.339999999999423,0.825,30
3610,11515,15.339999999999423,0.825,30
3611,11516,15.339999999999423,0.825,30
3612,11517,15.339999999999423,0.825,30
3613,11518,15.339999999999423,0.825,30
3614,11519,15.339999999999423,0.825,30
3615,11520,15.339999999999423,0.825,30
3616,11521,15.339999999999423,0.825,30
3617,11522,15.339999999999423,0.825,30
3618,11523,15.339999999999423,0.825,30
3619,11524,15.339999999999423,0.825,30
3620,11525,15.339999999999423,0.825,30
3621,11526,15.339999999999423,0.825,30
3622,11527,15.339999999999423,0.825,30
3623,11528,15.339999999999423,0.825,30
3624,11529,15.339999999999423,0.825,30
3625,11530,15.339999999999423,0.825,30
3626,11531,15.339999999999423,0.825,30
3627,11532,15.339999999999423,0.825,30
3628,11533,15.339999999999423,0.825,30
3629,11534,15.339999999999423,0.825,30
3630,11535,15.339999999999423,0.825,30
3631,11536,15.339999999999423,0.825,30
3632,11537,15.339999999999423,0.825,30
3633,11538,15.339999999999423,0.825,30
3634,11539,15.339999999999423,0.825,30
3635,11540,15.339999999999423,0.825,30
3636,11541,15.339999999999423,0.825,30
3637,11542,15.339999999999423,0.825,30
3638,11543,15.339999999999423,0.825,30
3639,11544,15.339999999999423,0.825,30
3640,11545,15.339999999999423,0.825,30
3641,11546,15.339999999999423,0.825,30
3642,11547,15.339999999999423,0.825,30
3643,11548,15.339999999999423,0.825,30
3644,11549,15.339999999999423,0.825,30
3645,11550,15.339999999999423,0.825,30
3646,11551,15.339999999999423,0.825,30
3647,11552,15.339999999999423,0.825,30
3648,11553,15.339999999999423,0.825,30
3649,11554,15.339999999999423,0.825,30
3650,11555,15.339999999999423,0.825,30
3651,11556,15.339999999999423,0.825,30
3652,11557,15.339999999999423,0.825,30
3653,11558,15.339999999999423,0.825,30
3654,11559,15.339999999999423,0.825,30
3655,11560,15.339999999999423,0.825,30
3656,11561,15.339999999999423,0.825,30
3657,11562,15.339999999999423,0.825,30
3658,11563,15.339999999999423,0.825,30
3659,11564,15.339999999999423,0.825,30
3660,11565,15.339999999999423,0.825,30
3661,11566,15.339999999999423,0.825,30
3662,11567,15.339999999999423,0.825,30
3663,11568,15.339999999999423,0.825,30
3664,11569,15.339999999999423,0.825,30
3665,11570,15.339999999999423,0.825,30
3666,11571,15.339999999999423,0.825,30
3667,11572,15.339999999999423,0.825,30
3668,11573,15.339999999999423,0.825,30
3669,11574,15.339999999999423,0.825,30
3670,11575,15.339999999999423,0.825,30
3671,11576,15.339999999999423,0.825,30
3672,11577,15.339999999999423,0.825,30
3673,11578,15.339999999999423,0.825,30
3674,11579,15.339999999999423,0.825,30
3675,11580,15.339999999999423,0.825,30
3676,11581,15.339999999999423,0.825,30
3677,11582,15.339999999999423,0.825,30
3678,11583,15.339999999999423,0.825,30
3679,11584,15.339999999999423,0.825,30
3680,11585,15.339999999999423,0.825,30
3681,11586,15.339999999999423,0.825,30
3682,11587,15.339999999999423,0.825,30
3683,11588,15.339999999999423,0.825,30
3684,11589,15.339999999999423,0.825,30
3685,11590,15.339999999999423,0.825,30
3686,11591,15.339999999999423,0.825,30
3687,11592,15.339999999999423,0.825,30
3688,11593,15.339999999999423,0.825,30
3689,11594,15.339999999999423,0.825,30
3690,11595,15.339999999999423,0.825,30
3691,11596,15.339999999999423,0.825,30
3692,11597,15.339999999999423,0.825,30
3693,11598,15.339999999999423,0.825,30
3694,11599,15.339999999999423,0.825,30
3695,11600,15.339999999999423,0.825,30
3696,11601,15.339999999999423,0.825,30
3697,11602,15.339999999999423,0.825,30
3698,11603,15.339999999999423,0.825,30
3699,11604,15.339999999999423,0.825,30
3700,11605,15.339999999999423,0.825,30
3701,11606,15.339999999999423,0.825,30
3702,11607,15.339999999999423,0.825,30
3703,11608,15.339999999999423,0.825,30
3704,11609,15.339999999999423,0.825,30
3705,11610,15.339999999999423,0.825,30
3706,11611,15.339999999999423,0.825,30
3707,11612,15.339999999999423,0.825,30
3708,11613,15.339999999999423,0.825,30
3709,11614,15.339999999999423,0.825,30
3710,11615,15.347222222221644,0.825,-1
3711,11616,15.354444444443866,0.825,-1
3712,11617,15.361666666666087,0.825,-1
3713,11618,15.368888888888309,0.825,-1
3714,11619,15.37611111111053,0.825,-1
3715,11620,15.383333333332752,0.825,-1
3716,11621,15.390555555554974,0.825,-1
3717,11622,15.397777777777195,0.825,-1
3718,11623,15.404999999999417,0.825,-1
3719,11624,15.412222222221638,0.825,-1
3720,11625,15.41944444444386,0.825,-1
3721,11626,15.426666666666081,0.825,-1
3722,11627,15.433888888888303,0.825,-1
3723,11628,15.441111111110525,0.825,-1
3724,11629,15.448333333332746,0.825,-1
3725,11630,15.455555555554968,0.825,-1
3726,11631,15.46277777777719,0.825,-1
3727,11632,15.469999999999411,0.825,-1
3728,11633,15.477222222221632,0.825,-1
3729,11634,15.484444444443854,0.825,-1
3730,11635,15.491666666666076,0.825,-1
3731,11636,15.498888888888297,0.825,-1
3732,11637,15.506111111110519,0.825,-1
3733,11638,15.51333333333274,0.825,-1
3734,11639,15.520555555554962,0.825,-1
3735,11640,15.527777777777183,0.825,-1
3736,11641,15.534999999999405,0.825,-1
3737,11642,15.542222222221627,0.825,-1
3738,11643,15.549444444443848,0.825,-1
3739,11644,15.55666666666607,0.825,-1
3740,11645,15.563888888888291,0.825,-1
3741,11646,15.571111111110513,0.825,-1
3742,11647,15.578333333332735,0.825,-1
3743,11648,15.585555555554956,0.825,-1
3744,11649,15.592777777777178,0.825,-1
3745,11650,15.5999999999994,0.825,-1
3746,11651,15.60722222222162,0.825,-1
3747,11652,15.614444444443842,0.825,-1
3748,11653,15.621666666666064,0.825,-1
3749,11654,15.628888888888286,0.825,-1
3750,11655,15.636111111110507,0.825,-1
3751,11656,15.643333333332729,0.825,-1
3752,11657,15.65055555555495,0.825,-1
3753,11658,15.657777777777172,0.825,-1
3754,11659,15.664999999999393,0.825,-1
3755,11660,15.672222222221615,0.825,-1
3756,11661,15.679444444443837,0.825,-1
3757,11662,15.686666666666058,0.825,-1
3758,11663,15.69388888888828,0.825,-1
3759,11664,15.701111111110501,0.825,-1
3760,11665,15.708333333332723,0.825,-1
3761,11666,15.715555555554944,0.825,-1
3762,11667,15.722777777777166,0.825,-1
3763,11668,15.729999999999388,0.825,-1
3764,11669,15.73722222222161,0.825,-1
3765,11670,15.74444444444383,0.825,-1
3766,11671,15.751666666666052,0.825,-1
3767,11672,15.758888888888274,0.825,-1
3768,11673,15.766111111110495,0.825,-1
3769,11674,15.773333333332717,0.825,-1
3770,11675,15.780555555554939,0.825,-1
3771,11676,15.78777777777716,0.825,-1
3772,11677,15.794999999999382,0.825,-1
3773,11678,15.802222222221603,0.825,-1
3774,11679,15.809444444443825,0.825,-1
3775,11680,15.816666666666046,0.825,-1
3776,11681,15.823888888888268,0.825,-1
3777,11682,15.83111111111049,0.825,-1
3778,11683,15.838333333332711,0.825,-1
3779,11684,15.845555555554933,0.825,-1
3780,11685,15.852777777777154,0.825,-1
3781,11686,15.859999999999376,0.825,-1
3782,11687,15.859999999999376,0.825,31
3783,11688,15.859999999999376,0.825,31
3784,11689,15.859999999999376,0.825,31
3785,11690,15.859999999999376,0.825,31
3786,11691,15.859999999999376,0.825,31
3787,11692,15.859999999999376,0.825,31
3788,11693,15.859999999999376,0.825,31
3789,11694,15.859999999999376,0.825,31
3790,11695,15.859999999999376,0.825,31
3791,11696,15.859999999999376,0.825,31
3792,11697,15.859999999999376,0.825,31
3793,11698,15.859999999999376,0.825,31
3794,11699,15.859999999999376,0.825,31
3795,11700,15.859999999999376,0.825,31
3796,11701,15.859999999999376,0.825,31
3797,11702,15.859999999999376,0.825,31
3798,11703,15.859999999999376,0.825,31
3799,11704,15.859999999999376,0.825,31
3800,11705,15.859999999999376,0.825,31
3801,11706,15.859999999999376,0.825,31
3802,11707,15.859999999999376,0.825,31
3803,11708,15.859999999999376,0.825,31
3804,11709,15.859999999999376,0.825,31
3805,11710,15.859999999999376,0.825,31
3806,11711,15.859999999999376,0.825,31
3807,11712,15.859999999999376,0.825,31
3808,11713,15.859999999999376,0.825,31
3809,11714,15.859999999999376,0.825,31
3810,11715,15.859999999999376,0.825,31
3811,11716,15.859999999999376,0.825,31
3812,11717,15.859999999999376,0.825,31
3813,11718,15.859999999999376,0.825,31
3814,11719,15.859999999999376,0.825,31
3815,11720,15.859999999999376,0.825,31
3816,11721,15.859999999999376,0.825,31
3817,11722,15.859999999999376,0.825,31
3818,11723,15.859999999999376,0.825,31
3819,11724,15.859999999999376,0.825,31
3820,11725,15.859999999999376,0.825,31
3821,11726,15.859999999999376,0.825,31
3822,11727,15.859999999999376,0.825,31
3823,11728,15.859999999999376,0.825,31
3824,11729,15.859999999999376,0.825,31
3825,11730,15.859999999999376,0.825,31
3826,11731,15.859999999999376,0.825,31
3827,11732,15.859999999999376,0.825,31
3828,11733,15.859999999999376,0.825,31
3829,11734,15.859999999999376,0.825,31
3830,11735,15.859999999999376,0.825,31
3831,11736,15.859999999999376,0.825,31
3832,11737,15.859999999999376,0.825,31
3833,11738,15.859999999999376,0.825,31
3834,11739,15.859999999999376,0.825,31
3835,11740,15.859999999999376,0.825,31
3836,11741,15.859999999999376,0.825,31
3837,11742,15.859999999999376,0.825,31
3838,11743,15.859999999999376,0.825,31
3839,11744,15.859999999999376,0.825,31
3840,11745,15.859999999999376,0.825,31
3841,11746,15.859999999999376,0.825,31
3842,11747,15.859999999999376,0.825,31
3843,11748,15.859999999999376,0.825,31
3844,11749,15.859999999999376,0.825,31
3845,11750,15.859999999999376,0.825,31
3846,11751,15.859999999999376,0.825,31
3847,11752,15.859999999999376,0.825,31
3848,11753,15.859999999999376,0.825,31
3849,11754,15.859999999999376,0.825,31
3850,11755,15.859999999999376,0.825,31
3851,11756,15.859999999999376,0.825,31
3852,11757,15.859999999999376,0.825,31
3853,11758,15.859999999999376,0.825,31
3854,11759,15.859999999999376,0.825,31
3855,11760,15.859999999999376,0.825,31
3856,11761,15.859999999999376,0.825,31
3857,11762,15.859999999999376,0.825,31
3858,11763,15.859999999999376,0.825,31
3859,11764,15.859999999999376,0.825,31
3860,11765,15.859999999999376,0.825,31
3861,11766,15.859999999999376,0.825,31
3862,11767,15.859999999999376,0.825,31
3863,11768,15.867222222221598,0.825,-1
3864,11769,15.874444444443819,0.825,-1
3865,11770,15.88166666666604,0.825,-1
3866,11771,15.888888888888262,0.825,-1
3867,11772,15.896111111110484,0.825,-1
3868,11773,15.903333333332705,0.825,-1
3869,11774,15.910555555554927,0.825,-1
3870,11775,15.917777777777149,0.825,-1
3871,11776,15.92499999999937,0.825,-1
3872,11777,15.932222222221592,0.825,-1
3873,11778,15.939444444443813,0.825,-1
3874,11779,15.946666666666035,0.825,-1
3875,11780,15.953888888888256,0.825,-1
3876,11781,15.961111111110478,0.825,-1
3877,11782,15.9683333333327,0.825,-1
3878,11783,15.975555555554921,0.825,-1
3879,11784,15.982777777777143,0.825,-1
3880,11785,15.989999999999364,0.825,-1
3881,11786,15.997222222221586,0.825,-1
3882,11787,16.00444444444381,0.825,-1
3883,11788,16.01166666666603,0.825,-1
3884,11789,16.018888888888252,0.825,-1
3885,11790,16.026111111110474,0.825,-1
3886,11791,16.033333333332696,0.825,-1
3887,11792,16.040555555554917,0.825,-1
3888,11793,16.04777777777714,0.825,-1
3889,11794,16.05499999999936,0.825,-1
3890,11795,16.062222222221582,0.825,-1
3891,11796,16.069444444443803,0.825,-1
3892,11797,16.076666666666025,0.825,-1
3893,11798,16.083888888888247,0.825,-1
3894,11799,16.091111111110468,0.825,-1
3895,11800,16.09833333333269,0.825,-1
3896,11801,16.10555555555491,0.825,-1
3897,11802,16.112777777777133,0.825,-1
3898,11803,16.119999999999354,0.825,-1
3899,11804,16.127222222221576,0.825,-1
3900,11805,16.134444444443798,0.825,-1
3901,11806,16.14166666666602,0.825,-1
3902,11807,16.14888888888824,0.825,-1
3903,11808,16.156111111110462,0.825,-1
3904,11809,16.163333333332684,0.825,-1
3905,11810,16.170555555554905,0.825,-1
3906,11811,16.177777777777127,0.825,-1
3907,11812,16.18499999999935,0.825,-1
3908,11813,16.19222222222157,0.825,-1
3909,11814,16.19944444444379,0.825,-1
3910,11815,16.206666666666013,0.825,-1
3911,11816,16.213888888888235,0.825,-1
3912,11817,16.221111111110456,0.825,-1
3913,11818,16.228333333332678,0.825,-1
3914,11819,16.2355555555549,0.825,-1
3915,11820,16.24277777777712,0.825,-1
3916,11821,16.249999999999343,0.825,-1
3917,11822,16.257222222221564,0.825,-1
3918,11823,16.264444444443786,0.825,-1
3919,11824,16.271666666666007,0.825,-1
3920,11825,16.27888888888823,0.825,-1
3921,11826,16.28611111111045,0.825,-1
3922,11827,16.293333333332672,0.825,-1
3923,11828,16.300555555554894,0.825,-1
3924,11829,16.307777777777115,0.825,-1
3925,11830,16.314999999999337,0.825,-1
3926,11831,16.32222222222156,0.825,-1
3927,11832,16.32944444444378,0.825,-1
3928,11833,16.336666666666,0.825,-1
3929,11834,16.343888888888223,0.825,-1
3930,11835,16.351111111110445,0.825,-1
3931,11836,16.358333333332666,0.825,-1
3932,11837,16.365555555554888,0.825,-1
3933,11838,16.37277777777711,0.825,-1
3934,11839,16.37999999999933,0.825,-1
3935,11840,16.387222222221553,0.825,-1
3936,11841,16.394444444443774,0.825,-1
3937,11842,16.401666666665996,0.825,-1
3938,11843,16.408888888888217,0.825,-1
3939,11844,16.41611111111044,0.825,-1
3940,11845,16.42333333333266,0.825,-1
3941,11846,16.430555555554882,0.825,-1
3942,11847,16.437777777777104,0.825,-1
3943,11848,16.444999999999325,0.825,-1
3944,11849,16.452222222221547,0.825,-1
3945,11850,16.45944444444377,0.825,-1
3946,11851,16.46666666666599,0.825,-1
3947,11852,16.47388888888821,0.825,-1
3948,11853,16.481111111110433,0.825,-1
3949,11854,16.488333333332655,0.825,-1
3950,11855,16.495555555554876,0.825,-1
3951,11856,16.502777777777098,0.825,-1
3952,11857,16.50999999999932,0.825,-1
3953,11858,16.51722222222154,0.825,-1
3954,11859,16.524444444443763,0.825,-1
3955,11860,16.531666666665984,0.825,-1
3956,11861,16.538888888888206,0.825,-1
3957,11862,16.546111111110427,0.825,-1
3958,11863,16.55333333333265,0.825,-1
3959,11864,16.56055555555487,0.825,-1
3960,11865,16.567777777777092,0.825,-1
3961,11866,16.574999999999314,0.825,-1
3962,11867,16.582222222221535,0.825,-1
3963,11868,16.589444444443757,0.825,-1
3964,11869,16.59666666666598,0.825,-1
3965,11870,16.6038888888882,0.825,-1
3966,11871,16.6038888888882,0.7625,32
3967,11872,16.6038888888882,0.7625,32
3968,11873,16.6038888888882,0.7625,32
3969,11874,16.6038888888882,0.7625,32
3970,11875,16.6038888888882,0.7625,32
3971,11876,16.6038888888882,0.7625,32
3972,11877,16.6038888888882,0.7625,32
3973,11878,16.6038888888882,0.7625,32
3974,11879,16.6038888888882,0.7625,32
3975,11880,16.6038888888882,0.7625,32
3976,11881,16.6038888888882,0.7625,32
3977,11882,16.6038888888882,0.7625,32
3978,11883,16.6038888888882,0.7625,32
3979,11884,16.6038888888882,0.7625,32
3980,11885,16.6038888888882,0.7625,32
3981,11886,16.61111111111042,0.7625,-1
3982,11887,16.618333333332643,0.7625,-1
3983,11888,16.625555555554865,0.7625,-1
3984,11889,16.632777777777086,0.7625,-1
3985,11890,16.639999999999308,0.7625,-1
3986,11891,16.64722222222153,0.7625,-1
3987,11892,16.65444444444375,0.7625,-1
3988,11893,16.661666666665973,0.7625,-1
3989,11894,16.668888888888194,0.7625,-1
3990,11895,16.676111111110416,0.7625,-1
3991,11896,16.683333333332637,0.7625,-1
3992,11897,16.69055555555486,0.7625,-1
3993,11898,16.69777777777708,0.7625,-1
3994,11899,16.704999999999302,0.7625,-1
3995,11900,16.712222222221524,0.7625,-1
3996,11901,16.719444444443745,0.7625,-1
3997,11902,16.726666666665967,0.7625,-1
3998,11903,16.73388888888819,0.7625,-1
3999,11904,16.74111111111041,0.7625,-1
4000,11905,16.74833333333263,0.7625,-1
4001,11906,16.755555555554853,0.7625,-1
4002,11907,16.762777777777075,0.7625,-1
4003,11908,16.769999999999296,0.7625,-1
4004,11909,16.777222222221518,0.7625,-1
4005,11910,16.78444444444374,0.7625,-1
4006,11911,16.79166666666596,0.7625,-1
4007,11912,16.798888888888182,0.7625,-1
4008,11913,16.806111111110404,0.7625,-1
4009,11914,16.813333333332626,0.7625,-1
4010,11915,16.820555555554847,0.7625,-1
4011,11916,16.82777777777707,0.7625,-1
4012,11917,16.83499999999929,0.7625,-1
4013,11918,16.842222222221512,0.7625,-1
4014,11919,16.849444444443733,0.7625,-1
4015,11920,16.856666666665955,0.7625,-1
4016,11921,16.863888888888177,0.7625,-1
4017,11922,16.871111111110398,0.7625,-1
4018,11923,16.87833333333262,0.7625,-1
4019,11924,16.88555555555484,0.7625,-1
4020,11925,16.892777777777063,0.7625,-1
4021,11926,16.899999999999284,0.7625,-1
4022,11927,16.907222222221506,0.7625,-1
4023,11928,16.914444444443728,0.7625,-1
4024,11929,16.92166666666595,0.7625,-1
4025,11930,16.92888888888817,0.7625,-1
4026,11931,16.936111111110392,0.7625,-1
4027,11932,16.943333333332614,0.7625,-1
4028,11933,16.950555555554836,0.7625,-1
4029,11934,16.957777777777057,0.7625,-1
4030,11935,16.96499999999928,0.7625,-1
4031,11936,16.9722222222215,0.7625,-1
4032,11937,16.9722222222215,0.7125,33
4033,11938,16.9722222222215,0.7125,33
4034,11939,16.9722222222215,0.7125,33
4035,11940,16.9722222222215,0.7125,33
4036,11941,16.9722222222215,0.7125,33
4037,11942,16.9722222222215,0.7125,33
4038,11943,16.9722222222215,0.7125,33
4039,11944,16.9722222222215,0.7125,33
4040,11945,16.9722222222215,0.7125,33
4041,11946,16.9722222222215,0.7125,33
4042,11947,16.9722222222215,0.7125,33
4043,11948,16.9722222222215,0.7125,33
4044,11949,16.9722222222215,0.7125,33
4045,11950,16.979444444443722,0.7125,-1
4046,11951,16.986666666665943,0.7125,-1
4047,11952,16.993888888888165,0.7125,-1
4048,11953,17.001111111110387,0.7125,-1
4049,11954,17.008333333332608,0.7125,-1
4050,11955,17.01555555555483,0.7125,-1
4051,11956,17.02277777777705,0.7125,-1
4052,11957,17.029999999999273,0.7125,-1
4053,11958,17.037222222221494,0.7125,-1
4054,11959,17.044444444443716,0.7125,-1
4055,11960,17.051666666665938,0.7125,-1
4056,11961,17.05888888888816,0.7125,-1
4057,11962,17.06611111111038,0.7125,-1
4058,11963,17.073333333332602,0.7125,-1
4059,11964,17.080555555554824,0.7125,-1
4060,11965,17.087777777777045,0.7125,-1
4061,11966,17.094999999999267,0.7125,-1
4062,11967,17.10222222222149,0.7125,-1
4063,11968,17.10944444444371,0.7125,-1
4064,11969,17.11666666666593,0.7125,-1
4065,11970,17.123888888888153,0.7125,-1
4066,11971,17.131111111110375,0.7125,-1
4067,11972,17.138333333332596,0.7125,-1
4068,11973,17.145555555554818,0.7125,-1
4069,11974,17.15277777777704,0.7125,-1
4070,11975,17.15999999999926,0.7125,-1
4071,11976,17.167222222221483,0.7125,-1
4072,11977,17.174444444443704,0.7125,-1
4073,11978,17.181666666665926,0.7125,-1
4074,11979,17.188888888888147,0.7125,-1
4075,11980,17.19611111111037,0.7125,-1
4076,11981,17.20333333333259,0.7125,-1
4077,11982,17.210555555554812,0.7125,-1
4078,11983,17.217777777777034,0.7125,-1
4079,11984,17.224999999999255,0.7125,-1
4080,11985,17.232222222221477,0.7125,-1
4081,11986,17.2394444444437,0.7125,-1
4082,11987,17.24666666666592,0.7125,-1
4083,11988,17.25388888888814,0.7125,-1
4084,11989,17.261111111110363,0.7125,-1
4085,11990,17.268333333332585,0.7125,-1
4086,11991,17.275555555554806,0.7125,-1
4087,11992,17.282777777777028,0.7125,-1
4088,11993,17.28999999999925,0.7125,-1
4089,11994,17.29722222222147,0.7125,-1
4090,11995,17.304444444443693,0.7125,-1
4091,11996,17.311666666665914,0.7125,-1
4092,11997,17.318888888888136,0.7125,-1
4093,11998,17.326111111110357,0.7125,-1
4094,11999,17.33333333333258,0.7125,-1
4095,12000,17.3405555555548,0.7125,-1
4096,12001,17.347777777777022,0.7125,-1
4097,12002,17.354999999999244,0.7125,-1
4098,12003,17.362222222221465,0.7125,-1
4099,12004,17.369444444443687,0.7125,-1
4100,12005,17.37666666666591,0.7125,-1
4101,12006,17.38388888888813,0.7125,-1
4102,12007,17.39111111111035,0.7125,-1
4103,12008,17.398333333332573,0.7125,-1
4104,12009,17.405555555554795,0.7125,-1
4105,12010,17.412777777777016,0.7125,-1
4106,12011,17.419999999999238,0.7125,-1
4107,12012,17.42722222222146,0.7125,-1
4108,12013,17.43444444444368,0.7125,-1
4109,12014,17.441666666665903,0.7125,-1
4110,12015,17.448888888888124,0.7125,-1
4111,12016,17.456111111110346,0.7125,-1
4112,12017,17.463333333332567,0.7125,-1
4113,12018,17.47055555555479,0.7125,-1
4114,12019,17.47777777777701,0.7125,-1
4115,12020,17.484999999999232,0.7125,-1
4116,12021,17.492222222221454,0.7125,-1
4117,12022,17.499444444443675,0.7125,-1
4118,12023,17.506666666665897,0.7125,-1
4119,12024,17.51388888888812,0.7125,-1
4120,12025,17.52111111111034,0.7125,-1
4121,12026,17.52833333333256,0.7125,-1
4122,12027,17.535555555554783,0.7125,-1
4123,12028,17.542777777777005,0.7125,-1
4124,12029,17.549999999999226,0.7125,-1
4125,12030,17.557222222221448,0.7125,-1
4126,12031,17.56444444444367,0.7125,-1
4127,12032,17.57166666666589,0.7125,-1
4128,12033,17.578888888888113,0.7125,-1
4129,12034,17.586111111110334,0.7125,-1
4130,12035,17.593333333332556,0.7125,-1
4131,12036,17.600555555554777,0.7125,-1
4132,12037,17.607777777777,0.7125,-1
4133,12038,17.61499999999922,0.7125,-1
4134,12039,17.61499999999922,0.625,34
4135,12040,17.61499999999922,0.625,34
4136,12041,17.61499999999922,0.625,34
4137,12042,17.61499999999922,0.625,34
4138,12043,17.61499999999922,0.625,34
4139,12044,17.61499999999922,0.625,34
4140,12045,17.61499999999922,0.625,34
4141,12046,17.61499999999922,0.625,34
4142,12047,17.61499999999922,0.625,34
4143,12048,17.61499999999922,0.625,34
4144,12049,17.61499999999922,0.625,34
4145,12050,17.61499999999922,0.625,34
4146,12051,17.61499999999922,0.625,34
4147,12052,17.61499999999922,0.625,34
4148,12053,17.61499999999922,0.625,34
4149,12054,17.61499999999922,0.625,34
4150,12055,17.61499999999922,0.625,34
4151,12056,17.61499999999922,0.625,34
4152,12057,17.61499999999922,0.625,34
4153,12058,17.61499999999922,0.625,34
4154,12059,17.61499999999922,0.625,34
4155,12060,17.61499999999922,0.625,34
4156,12061,17.61499999999922,0.625,34
4157,12062,17.61499999999922,0.625,34
4158,12063,17.61499999999922,0.625,34
4159,12064,17.61499999999922,0.625,34
4160,12065,17.61499999999922,0.625,34
4161,12066,17.61499999999922,0.625,34
4162,12067,17.61499999999922,0.625,34
4163,12068,17.61499999999922,0.625,34
4164,12069,17.61499999999922,0.625,34
4165,12070,17.61499999999922,0.625,34
4166,12071,17.61499999999922,0.625,34
4167,12072,17.61499999999922,0.625,34
4168,12073,17.61499999999922,0.625,34
4169,12074,17.61499999999922,0.625,34
4170,12075,17.61499999999922,0.625,34
4171,12076,17.61499999999922,0.625,34
4172,12077,17.61499999999922,0.625,34
4173,12078,17.61499999999922,0.625,34
4174,12079,17.61499999999922,0.625,34
4175,12080,17.61499999999922,0.625,34
4176,12081,17.61499999999922,0.625,34
4177,12082,17.61499999999922,0.625,34
4178,12083,17.61499999999922,0.625,34
4179,12084,17.61499999999922,0.625,34
4180,12085,17.61499999999922,0.625,34
4181,12086,17.61499999999922,0.625,34
4182,12087,17.61499999999922,0.625,34
4183,12088,17.61499999999922,0.625,34
4184,12089,17.61499999999922,0.625,34
4185,12090,17.61499999999922,0.625,34
4186,12091,17.61499999999922,0.625,34
4187,12092,17.61499999999922,0.625,34
4188,12093,17.61499999999922,0.625,34
4189,12094,17.61499999999922,0.625,34
4190,12095,17.622222222221442,0.625,-1
4191,12096,17.629444444443664,0.625,-1
4192,12097,17.636666666665885,0.625,-1
4193,12098,17.643888888888107,0.625,-1
4194,12099,17.65111111111033,0.625,-1
4195,12100,17.65833333333255,0.625,-1
4196,12101,17.66555555555477,0.625,-1
4197,12102,17.672777777776993,0.625,-1
4198,12103,17.679999999999215,0.625,-1
4199,12104,17.687222222221436,0.625,-1
4200,12105,17.694444444443658,0.625,-1
4201,12106,17.70166666666588,0.625,-1
4202,12107,17.7088888888881,0.625,-1
4203,12108,17.716111111110322,0.625,-1
4204,12109,17.723333333332544,0.625,-1
4205,12110,17.730555555554766,0.625,-1
4206,12111,17.737777777776987,0.625,-1
4207,12112,17.74499999999921,0.625,-1
4208,12113,17.75222222222143,0.625,-1
4209,12114,17.759444444443652,0.625,-1
4210,12115,17.766666666665873,0.625,-1
4211,12116,17.773888888888095,0.625,-1
4212,12117,17.781111111110317,0.625,-1
4213,12118,17.788333333332538,0.625,-1
4214,12119,17.79555555555476,0.625,-1
4215,12120,17.80277777777698,0.625,-1
4216,12121,17.809999999999203,0.625,-1
4217,12122,17.817222222221424,0.625,-1
4218,12123,17.824444444443646,0.625,-1
4219,12124,17.831666666665868,0.625,-1
4220,12125,17.83888888888809,0.625,-1
4221,12126,17.84611111111031,0.625,-1
4222,12127,17.853333333332532,0.625,-1
4223,12128,17.860555555554754,0.625,-1
4224,12129,17.867777777776976,0.625,-1
4225,12130,17.874999999999197,0.625,-1
4226,12131,17.88222222222142,0.625,-1
4227,12132,17.88944444444364,0.625,-1
4228,12133,17.896666666665862,0.625,-1
4229,12134,17.903888888888083,0.625,-1
4230,12135,17.911111111110305,0.625,-1
4231,12136,17.918333333332527,0.625,-1
4232,12137,17.925555555554748,0.625,-1
4233,12138,17.93277777777697,0.625,-1
4234,12139,17.93999999999919,0.625,-1
4235,12140,17.947222222221413,0.625,-1
4236,12141,17.954444444443634,0.625,-1
4237,12142,17.961666666665856,0.625,-1
4238,12143,17.968888888888078,0.625,-1
4239,12144,17.9761111111103,0.625,-1
4240,12145,17.98333333333252,0.625,-1
4241,12146,17.990555555554742,0.625,-1
4242,12147,17.997777777776964,0.625,-1
4243,12148,18.004999999999185,0.625,-1
4244,12149,18.012222222221407,0.625,-1
4245,12150,18.01944444444363,0.625,-1
4246,12151,18.02666666666585,0.625,-1
4247,12152,18.03388888888807,0.625,-1
4248,12153,18.041111111110293,0.625,-1
4249,12154,18.048333333332515,0.625,-1
4250,12155,18.055555555554736,0.625,-1
4251,12156,18.062777777776958,0.625,-1
4252,12157,18.06999999999918,0.625,-1
4253,12158,18.0772222222214,0.625,-1
4254,12159,18.084444444443623,0.625,-1
4255,12160,18.091666666665844,0.625,-1
4256,12161,18.098888888888066,0.625,-1
4257,12162,18.106111111110287,0.625,-1
4258,12163,18.11333333333251,0.625,-1
4259,12164,18.12055555555473,0.625,-1
4260,12165,18.127777777776952,0.625,-1
4261,12166,18.134999999999174,0.625,-1
4262,12167,18.142222222221395,0.625,-1
4263,12168,18.149444444443617,0.625,-1
4264,12169,18.15666666666584,0.625,-1
4265,12170,18.16388888888806,0.625,-1
4266,12171,18.17111111111028,0.625,-1
4267,12172,18.178333333332503,0.625,-1
4268,12173,18.185555555554725,0.625,-1
4269,12174,18.192777777776946,0.625,-1
4270,12175,18.199999999999168,0.625,-1
4271,12176,18.20722222222139,0.625,-1
4272,12177,18.21444444444361,0.625,-1
4273,12178,18.221666666665833,0.625,-1
4274,12179,18.228888888888054,0.625,-1
4275,12180,18.236111111110276,0.625,-1
4276,12181,18.243333333332497,0.625,-1
4277,12182,18.25055555555472,0.625,-1
4278,12183,18.25777777777694,0.625,-1
4279,12184,18.264999999999162,0.625,-1
4280,12185,18.272222222221384,0.625,-1
4281,12186,18.279444444443605,0.625,-1
4282,12187,18.286666666665827,0.625,-1
4283,12188,18.29388888888805,0.625,-1
4284,12189,18.30111111111027,0.625,-1
4285,12190,18.30833333333249,0.625,-1
4286,12191,18.315555555554713,0.625,-1
4287,12192,18.322777777776935,0.625,-1
4288,12193,18.329999999999156,0.625,-1
4289,12194,18.337222222221378,0.625,-1
4290,12195,18.3444444444436,0.625,-1
4291,12196,18.35166666666582,0.625,-1
4292,12197,18.358888888888043,0.625,-1
4293,12198,18.366111111110264,0.625,-1
4294,12199,18.373333333332486,0.625,-1
4295,12200,18.380555555554707,0.625,-1
4296,12201,18.38777777777693,0.625,-1
4297,12202,18.39499999999915,0.625,-1
4298,12203,18.402222222221372,0.625,-1
4299,12204,18.409444444443594,0.625,-1
4300,12205,18.416666666665815,0.625,-1
4301,12206,18.423888888888037,0.625,-1
4302,12207,18.43111111111026,0.625,-1
4303,12208,18.43833333333248,0.625,-1
4304,12209,18.4455555555547,0.625,-1
4305,12210,18.452777777776923,0.625,-1
4306,12211,18.459999999999145,0.625,-1
4307,12212,18.467222222221366,0.625,-1
4308,12213,18.474444444443588,0.625,-1
4309,12214,18.48166666666581,0.625,-1
4310,12215,18.48888888888803,0.625,-1
4311,12216,18.496111111110253,0.625,-1
4312,12217,18.503333333332474,0.625,-1
4313,12218,18.510555555554696,0.625,-1
4314,12219,18.517777777776917,0.625,-1
4315,12220,18.52499999999914,0.625,-1
4316,12221,18.53222222222136,0.625,-1
4317,12222,18.539444444443582,0.625,-1
4318,12223,18.546666666665804,0.625,-1
4319,12224,18.553888888888025,0.625,-1
4320,12225,18.561111111110247,0.625,-1
4321,12226,18.56833333333247,0.625,-1
4322,12227,18.57555555555469,0.625,-1
4323,12228,18.58277777777691,0.625,-1
4324,12229,18.589999999999133,0.625,-1
4325,12230,18.597222222221355,0.625,-1
4326,12231,18.604444444443576,0.625,-1
4327,12232,18.611666666665798,0.625,-1
4328,12233,18.61888888888802,0.625,-1
4329,12234,18.62611111111024,0.625,-1
4330,12235,18.633333333332462,0.625,-1
4331,12236,18.640555555554684,0.625,-1
4332,12237,18.647777777776906,0.625,-1
4333,12238,18.654999999999127,0.625,-1
4334,12239,18.66222222222135,0.625,-1
4335,12240,18.66944444444357,0.625,-1
4336,12241,18.676666666665792,0.625,-1
4337,12242,18.683888888888013,0.625,-1
4338,12243,18.691111111110235,0.625,-1
4339,12244,18.698333333332457,0.625,-1
4340,12245,18.705555555554678,0.625,-1
4341,12246,18.7127777777769,0.625,-1
4342,12247,18.71999999999912,0.625,-1
4343,12248,18.727222222221343,0.625,-1
4344,12249,18.734444444443564,0.625,-1
4345,12250,18.741666666665786,0.625,-1
4346,12251,18.748888888888008,0.625,-1
4347,12252,18.75611111111023,0.625,-1
4348,12253,18.76333333333245,0.625,-1
4349,12254,18.770555555554672,0.625,-1
4350,12255,18.777777777776894,0.625,-1
4351,12256,18.784999999999116,0.625,-1
4352,12257,18.792222222221337,0.625,-1
4353,12258,18.79944444444356,0.625,-1
4354,12259,18.80666666666578,0.625,-1
4355,12260,18.813888888888002,0.625,-1
4356,12261,18.821111111110223,0.625,-1
4357,12262,18.828333333332445,0.625,-1
4358,12263,18.835555555554667,0.625,-1
4359,12264,18.842777777776888,0.625,-1
4360,12265,18.84999999999911,0.625,-1
4361,12266,18.85722222222133,0.625,-1
4362,12267,18.864444444443553,0.625,-1
4363,12268,18.871666666665774,0.625,-1
4364,12269,18.878888888887996,0.625,-1
4365,12270,18.886111111110218,0.625,-1
4366,12271,18.89333333333244,0.625,-1
4367,12272,18.90055555555466,0.625,-1
4368,12273,18.907777777776882,0.625,-1
4369,12274,18.914999999999104,0.625,-1
4370,12275,18.922222222221325,0.625,-1
4371,12276,18.929444444443547,0.625,-1
4372,12277,18.93666666666577,0.625,-1
4373,12278,18.94388888888799,0.625,-1
4374,12279,18.95111111111021,0.625,-1
4375,12280,18.958333333332433,0.625,-1
4376,12281,18.965555555554655,0.625,-1
4377,12282,18.972777777776876,0.625,-1
4378,12283,18.979999999999098,0.625,-1
4379,12284,18.98722222222132,0.625,-1
4380,12285,18.99444444444354,0.625,-1
4381,12286,19.001666666665763,0.625,-1
4382,12287,19.008888888887984,0.625,-1
4383,12288,19.016111111110206,0.625,-1
4384,12289,19.023333333332427,0.625,-1
4385,12290,19.03055555555465,0.625,-1
4386,12291,19.03777777777687,0.625,-1
4387,12292,19.044999999999092,0.625,-1
4388,12293,19.052222222221314,0.625,-1
4389,12294,19.059444444443535,0.625,-1
4390,12295,19.066666666665757,0.625,-1
4391,12296,19.07388888888798,0.625,-1
4392,12297,19.0811111111102,0.625,-1
4393,12298,19.08833333333242,0.625,-1
4394,12299,19.095555555554643,0.625,-1
4395,12300,19.102777777776865,0.625,-1
4396,12301,19.109999999999086,0.625,-1
4397,12302,19.117222222221308,0.625,-1
4398,12303,19.12444444444353,0.625,-1
4399,12304,19.13166666666575,0.625,-1
4400,12305,19.138888888887973,0.625,-1
4401,12306,19.146111111110194,0.625,-1
4402,12307,19.153333333332416,0.625,-1
4403,12308,19.160555555554637,0.625,-1
4404,12309,19.16777777777686,0.625,-1
4405,12310,19.17499999999908,0.625,-1
4406,12311,19.182222222221302,0.625,-1
4407,12312,19.189444444443524,0.625,-1
4408,12313,19.196666666665745,0.625,-1
4409,12314,19.203888888887967,0.625,-1
4410,12315,19.21111111111019,0.625,-1
4411,12316,19.21833333333241,0.625,-1
4412,12317,19.22555555555463,0.625,-1
4413,12318,19.232777777776853,0.625,-1
4414,12319,19.239999999999075,0.625,-1
4415,12320,19.247222222221296,0.625,-1
4416,12321,19.254444444443518,0.625,-1
4417,12322,19.26166666666574,0.625,-1
4418,12323,19.26888888888796,0.625,-1
4419,12324,19.276111111110183,0.625,-1
4420,12325,19.283333333332404,0.625,-1
4421,12326,19.290555555554626,0.625,-1
4422,12327,19.297777777776847,0.625,-1
4423,12328,19.30499999999907,0.625,-1
4424,12329,19.31222222222129,0.625,-1
4425,12330,19.319444444443512,0.625,-1
4426,12331,19.326666666665734,0.625,-1
4427,12332,19.333888888887955,0.625,-1
4428,12333,19.341111111110177,0.625,-1
4429,12334,19.3483333333324,0.625,-1
4430,12335,19.35555555555462,0.625,-1
4431,12336,19.36277777777684,0.625,-1
4432,12337,19.369999999999063,0.625,-1
4433,12338,19.377222222221285,0.625,-1
4434,12339,19.384444444443506,0.625,-1
4435,12340,19.391666666665728,0.625,-1
4436,12341,19.39888888888795,0.625,-1
4437,12342,19.40611111111017,0.625,-1
4438,12343,19.413333333332393,0.625,-1
4439,12344,19.420555555554614,0.625,-1
4440,12345,19.427777777776836,0.625,-1
4441,12346,19.427777777776836,0.4,35
4442,12347,19.427777777776836,0.4,35
4443,12348,19.427777777776836,0.4,35
4444,12349,19.427777777776836,0.4,35
4445,12350,19.427777777776836,0.4,35
4446,12351,19.427777777776836,0.4,35
4447,12352,19.427777777776836,0.4,35
4448,12353,19.427777777776836,0.4,35
4449,12354,19.427777777776836,0.4,35
4450,12355,19.427777777776836,0.4,35
4451,12356,19.427777777776836,0.4,35
4452,12357,19.427777777776836,0.4,35
4453,12358,19.427777777776836,0.4,35
4454,12359,19.427777777776836,0.4,35
4455,12360,19.427777777776836,0.4,35
4456,12361,19.427777777776836,0.4,35
4457,12362,19.427777777776836,0.4,35
4458,12363,19.427777777776836,0.4,35
4459,12364,19.427777777776836,0.4,35
4460,12365,19.427777777776836,0.4,35
4461,12366,19.427777777776836,0.4,35
4462,12367,19.427777777776836,0.4,35
4463,12368,19.427777777776836,0.4,35
4464,12369,19.427777777776836,0.4,35
4465,12370,19.427777777776836,0.4,35
4466,12371,19.427777777776836,0.4,35
4467,12372,19.427777777776836,0.4,35
4468,12373,19.427777777776836,0.4,35
4469,12374,19.427777777776836,0.4,35
4470,12375,19.427777777776836,0.4,35
4471,12376,19.427777777776836,0.4,35
4472,12377,19.427777777776836,0.4,35
4473,12378,19.427777777776836,0.4,35
4474,12379,19.434999999999057,0.4,-1
4475,12380,19.434999999999057,0.4,36
4476,12381,19.434999999999057,0.4,36
4477,12382,19.434999999999057,0.4,36
4478,12383,19.434999999999057,0.4,36
4479,12384,19.434999999999057,0.4,36
4480,12385,19.434999999999057,0.4,36
4481,12386,19.434999999999057,0.4,36
4482,12387,19.434999999999057,0.4,36
4483,12388,19.434999999999057,0.4,36
4484,12389,19.434999999999057,0.4,36
4485,12390,19.434999999999057,0.4,36
4486,12391,19.434999999999057,0.4,36
4487,12392,19.434999999999057,0.4,36
4488,12393,19.434999999999057,0.4,36
4489,12394,19.434999999999057,0.4,36
4490,12395,19.434999999999057,0.4,36
4491,12396,19.434999999999057,0.4,36
4492,12397,19.434999999999057,0.4,36
4493,12398,19.44222222222128,0.4,-1
4494,12399,19.4494444444435,0.4,-1
4495,12400,19.456666666665722,0.4,-1
4496,12401,19.463888888887944,0.4,-1
4497,12402,19.471111111110165,0.4,-1
4498,12403,19.478333333332387,0.4,-1
4499,12404,19.48555555555461,0.4,-1
4500,12405,19.49277777777683,0.4,-1
4501,12406,19.49999999999905,0.4,-1
4502,12407,19.507222222221273,0.4,-1
4503,12408,19.514444444443495,0.4,-1
4504,12409,19.521666666665716,0.4,-1
4505,12410,19.528888888887938,0.4,-1
4506,12411,19.53611111111016,0.4,-1
4507,12412,19.54333333333238,0.4,-1
4508,12413,19.550555555554602,0.4,-1
4509,12414,19.557777777776824,0.4,-1
4510,12415,19.564999999999046,0.4,-1
4511,12416,19.572222222221267,0.4,-1
4512,12417,19.57944444444349,0.4,-1
4513,12418,19.58666666666571,0.4,-1
4514,12419,19.593888888887932,0.4,-1
4515,12420,19.601111111110153,0.4,-1
4516,12421,19.608333333332375,0.4,-1
4517,12422,19.615555555554597,0.4,-1
4518,12423,19.622777777776818,0.4,-1
4519,12424,19.62999999999904,0.4,-1
4520,12425,19.63722222222126,0.4,-1
4521,12426,19.644444444443483,0.4,-1
4522,12427,19.651666666665704,0.4,-1
4523,12428,19.658888888887926,0.4,-1
4524,12429,19.666111111110148,0.4,-1
4525,12430,19.67333333333237,0.4,-1
4526,12431,19.68055555555459,0.4,-1
4527,12432,19.687777777776812,0.4,-1
4528,12433,19.694999999999034,0.4,-1
4529,12434,19.702222222221256,0.4,-1
4530,12435,19.709444444443477,0.4,-1
4531,12436,19.7166666666657,0.4,-1
4532,12437,19.72388888888792,0.4,-1
4533,12438,19.731111111110142,0.4,-1
4534,12439,19.738333333332363,0.4,-1
4535,12440,19.745555555554585,0.4,-1
4536,12441,19.752777777776807,0.4,-1
4537,12442,19.759999999999028,0.4,-1
4538,12443,19.76722222222125,0.4,-1
4539,12444,19.77444444444347,0.4,-1
4540,12445,19.781666666665693,0.4,-1
4541,12446,19.788888888887914,0.4,-1
4542,12447,19.788888888887914,0.2875,37
4543,12448,19.788888888887914,0.2875,37
4544,12449,19.788888888887914,0.2875,37
4545,12450,19.788888888887914,0.2875,37
4546,12451,19.788888888887914,0.2875,37
4547,12452,19.788888888887914,0.2875,37
4548,12453,19.788888888887914,0.2875,37
4549,12454,19.788888888887914,0.2875,37
4550,12455,19.788888888887914,0.2875,37
4551,12456,19.788888888887914,0.2875,37
4552,12457,19.788888888887914,0.2875,37
4553,12458,19.788888888887914,0.2875,37
4554,12459,19.788888888887914,0.2875,37
4555,12460,19.788888888887914,0.2875,37
4556,12461,19.788888888887914,0.2875,37
4557,12462,19.788888888887914,0.2875,37
4558,12463,19.788888888887914,0.2875,37
4559,12464,19.788888888887914,0.2875,37
4560,12465,19.788888888887914,0.2875,37
4561,12466,19.788888888887914,0.2875,37
4562,12467,19.788888888887914,0.2875,37
4563,12468,19.788888888887914,0.2875,37
4564,12469,19.796111111110136,0.2875,-1
4565,12470,19.803333333332358,0.2875,-1
4566,12471,19.81055555555458,0.2875,-1
4567,12472,19.8177777777768,0.2875,-1
4568,12473,19.824999999999022,0.2875,-1
4569,12474,19.832222222221244,0.2875,-1
4570,12475,19.839444444443465,0.2875,-1
4571,12476,19.846666666665687,0.2875,-1
4572,12477,19.85388888888791,0.2875,-1
4573,12478,19.86111111111013,0.2875,-1
4574,12479,19.86833333333235,0.2875,-1
4575,12480,19.875555555554573,0.2875,-1
4576,12481,19.882777777776795,0.2875,-1
4577,12482,19.889999999999016,0.2875,-1
4578,12483,19.897222222221238,0.2875,-1
4579,12484,19.90444444444346,0.2875,-1
4580,12485,19.91166666666568,0.2875,-1
4581,12486,19.918888888887903,0.2875,-1
4582,12487,19.926111111110124,0.2875,-1
4583,12488,19.933333333332346,0.2875,-1
4584,12489,19.940555555554567,0.2875,-1
4585,12490,19.94777777777679,0.2875,-1
4586,12491,19.95499999999901,0.2875,-1
4587,12492,19.962222222221232,0.2875,-1
4588,12493,19.969444444443454,0.2875,-1
4589,12494,19.976666666665675,0.2875,-1
4590,12495,19.983888888887897,0.2875,-1
4591,12496,19.99111111111012,0.2875,-1
4592,12497,19.99833333333234,0.2875,-1
4593,12498,20.00555555555456,0.2875,-1
4594,12499,20.012777777776783,0.2875,-1
4595,12500,20.019999999999005,0.2875,-1
4596,12501,20.027222222221226,0.2875,-1
4597,12502,20.034444444443448,0.2875,-1
4598,12503,20.04166666666567,0.2875,-1
4599,12504,20.04888888888789,0.2875,-1
4600,12505,20.056111111110113,0.2875,-1
4601,12506,20.063333333332334,0.2875,-1
4602,12507,20.070555555554556,0.2875,-1
4603,12508,20.077777777776777,0.2875,-1
4604,12509,20.084999999999,0.2875,-1
4605,12510,20.09222222222122,0.2875,-1
4606,12511,20.099444444443442,0.2875,-1
4607,12512,20.106666666665664,0.2875,-1
4608,12513,20.113888888887885,0.2875,-1
4609,12514,20.121111111110107,0.2875,-1
4610,12515,20.12833333333233,0.2875,-1
4611,12516,20.13555555555455,0.2875,-1
4612,12517,20.14277777777677,0.2875,-1
4613,12518,20.149999999998993,0.2875,-1
4614,12519,20.157222222221215,0.2875,-1
4615,12520,20.164444444443436,0.2875,-1
4616,12521,20.171666666665658,0.2875,-1
4617,12522,20.17888888888788,0.2875,-1
4618,12523,20.1861111111101,0.2875,-1
4619,12524,20.193333333332323,0.2875,-1
4620,12525,20.200555555554544,0.2875,-1
4621,12526,20.207777777776766,0.2875,-1
4622,12527,20.214999999998987,0.2875,-1
4623,12528,20.22222222222121,0.2875,-1
4624,12529,20.22944444444343,0.2875,-1
4625,12530,20.236666666665652,0.2875,-1
4626,12531,20.243888888887874,0.2875,-1
4627,12532,20.251111111110095,0.2875,-1
4628,12533,20.258333333332317,0.2875,-1
4629,12534,20.26555555555454,0.2875,-1
4630,12535,20.27277777777676,0.2875,-1
4631,12536,20.27999999999898,0.2875,-1
4632,12537,20.287222222221203,0.2875,-1
4633,12538,20.294444444443425,0.2875,-1
4634,12539,20.301666666665646,0.2875,-1
4635,12540,20.308888888887868,0.2875,-1
4636,12541,20.31611111111009,0.2875,-1
4637,12542,20.32333333333231,0.2875,-1
4638,12543,20.330555555554533,0.2875,-1
4639,12544,20.330555555554533,0.125,38
4640,12545,20.330555555554533,0.125,38
4641,12546,20.330555555554533,0.125,38
4642,12547,20.330555555554533,0.125,38
4643,12548,20.330555555554533,0.125,38
4644,12549,20.330555555554533,0.125,38
4645,12550,20.330555555554533,0.125,38
4646,12551,20.330555555554533,0.125,38
4647,12552,20.330555555554533,0.125,38
4648,12553,20.330555555554533,0.125,38
4649,12554,20.330555555554533,0.125,38
4650,12555,20.330555555554533,0.125,38
4651,12556,20.330555555554533,0.125,38
4652,12557,20.330555555554533,0.125,38
4653,12558,20.330555555554533,0.125,38
4654,12559,20.330555555554533,0.125,38
4655,12560,20.330555555554533,0.125,38
4656,12561,20.330555555554533,0.125,38
4657,12562,20.330555555554533,0.125,38
4658,12563,20.330555555554533,0.125,38
4659,12564,20.330555555554533,0.125,38
4660,12565,20.330555555554533,0.125,38
4661,12566,20.330555555554533,0.125,38
4662,12567,20.330555555554533,0.125,38
4663,12568,20.330555555554533,0.125,38
4664,12569,20.330555555554533,0.125,38
4665,12570,20.337777777776754,0.125,-1
4666,12571,20.344999999998976,0.125,-1
4667,12572,20.352222222221197,0.125,-1
4668,12573,20.35944444444342,0.125,-1
4669,12574,20.36666666666564,0.125,-1
4670,12575,20.373888888887862,0.125,-1
4671,12576,20.381111111110084,0.125,-1
4672,12577,20.388333333332305,0.125,-1
4673,12578,20.395555555554527,0.125,-1
4674,12579,20.40277777777675,0.125,-1
4675,12580,20.40999999999897,0.125,-1
4676,12581,20.41722222222119,0.125,-1
4677,12582,20.424444444443413,0.125,-1
4678,12583,20.431666666665635,0.125,-1
4679,12584,20.438888888887856,0.125,-1
4680,12585,20.446111111110078,0.125,-1
4681,12586,20.4533333333323,0.125,-1
4682,12587,20.46055555555452,0.125,-1
4683,12588,20.467777777776742,0.125,-1
4684,12589,20.474999999998964,0.125,-1
4685,12590,20.482222222221186,0.125,-1
4686,12591,20.489444444443407,0.125,-1
4687,12592,20.49666666666563,0.125,-1
4688,12593,20.50388888888785,0.125,-1
4689,12594,20.511111111110072,0.125,-1
4690,12595,20.518333333332293,0.125,-1
4691,12596,20.525555555554515,0.125,-1
4692,12597,20.532777777776737,0.125,-1
4693,12598,20.539999999998958,0.125,-1
4694,12599,20.54722222222118,0.125,-1
4695,12600,20.5544444444434,0.125,-1
4696,12601,20.561666666665623,0.125,-1
4697,12602,20.568888888887845,0.125,-1
4698,12603,20.576111111110066,0.125,-1
4699,12604,20.583333333332288,0.125,-1
4700,12605,20.59055555555451,0.125,-1
4701,12606,20.59777777777673,0.125,-1
4702,12607,20.604999999998952,0.125,-1
4703,12608,20.612222222221174,0.125,-1
4704,12609,20.619444444443396,0.125,-1
4705,12610,20.626666666665617,0.125,-1
4706,12611,20.63388888888784,0.125,-1
4707,12612,20.64111111111006,0.125,-1
4708,12613,20.648333333332282,0.125,-1
4709,12614,20.655555555554503,0.125,-1
4710,12615,20.662777777776725,0.125,-1
4711,12616,20.669999999998947,0.125,-1
4712,12617,20.677222222221168,0.125,-1
4713,12618,20.68444444444339,0.125,-1
4714,12619,20.69166666666561,0.125,-1
4715,12620,20.698888888887833,0.125,-1
4716,12621,20.706111111110054,0.125,-1
4717,12622,20.713333333332276,0.125,-1
4718,12623,20.720555555554498,0.125,-1
4719,12624,20.72777777777672,0.125,-1
4720,12625,20.73499999999894,0.125,-1
4721,12626,20.742222222221162,0.125,-1
4722,12627,20.749444444443384,0.125,-1
4723,12628,20.756666666665605,0.125,-1
4724,12629,20.763888888887827,0.125,-1
4725,12630,20.77111111111005,0.125,-1
4726,12631,20.77833333333227,0.125,-1
4727,12632,20.78555555555449,0.125,-1
4728,12633,20.792777777776713,0.125,-1
4729,12634,20.799999999998935,0.125,-1
4730,12635,20.807222222221156,0.125,-1
4731,12636,20.814444444443378,0.125,-1
4732,12637,20.8216666666656,0.125,-1
4733,12638,20.82888888888782,0.125,-1
4734,12639,20.836111111110043,0.125,-1
4735,12640,20.843333333332264,0.125,-1
4736,12641,20.850555555554486,0.125,-1
4737,12642,20.857777777776707,0.125,-1
4738,12643,20.86499999999893,0.125,-1
4739,12644,20.87222222222115,0.125,-1
4740,12645,20.879444444443372,0.125,-1
4741,12646,20.886666666665594,0.125,-1
4742,12647,20.893888888887815,0.125,-1
4743,12648,20.901111111110037,0.125,-1
4744,12649,20.90833333333226,0.125,-1
4745,12650,20.91555555555448,0.125,-1
4746,12651,20.9227777777767,0.125,-1
4747,12652,20.929999999998923,0.125,-1
4748,12653,20.937222222221145,0.125,-1
4749,12654,20.944444444443366,0.125,-1
4750,12655,20.951666666665588,0.125,-1
4751,12656,20.95888888888781,0.125,-1
4752,12657,20.96611111111003,0.125,-1
4753,12658,20.973333333332253,0.125,-1
4754,12659,20.980555555554474,0.125,-1
4755,12660,20.987777777776696,0.125,-1
4756,12661,20.994999999998917,0.125,-1
4757,12662,21.00222222222114,0.125,-1
4758,12663,21.00222222222114,0.0,39
