,time,loc,op,stop
0,1800,0.0,0.0,-1
1,1801,0.0,0.0125,1
2,1802,0.0,0.0125,1
3,1803,0.0,0.0125,1
4,1804,0.007222222222222222,0.0125,-1
5,1805,0.014444444444444444,0.0125,-1
6,1806,0.021666666666666667,0.0125,-1
7,1807,0.028888888888888888,0.0125,-1
8,1808,0.03611111111111111,0.0125,-1
9,1809,0.04333333333333333,0.0125,-1
10,1810,0.05055555555555555,0.0125,-1
11,1811,0.05777777777777777,0.0125,-1
12,1812,0.06499999999999999,0.0125,-1
13,1813,0.07222222222222222,0.0125,-1
14,1814,0.07944444444444444,0.0125,-1
15,1815,0.08666666666666667,0.0125,-1
16,1816,0.0938888888888889,0.0125,-1
17,1817,0.10111111111111112,0.0125,-1
18,1818,0.10833333333333335,0.0125,-1
19,1819,0.11555555555555558,0.0125,-1
20,1820,0.1227777777777778,0.0125,-1
21,1821,0.13000000000000003,0.0125,-1
22,1822,0.13722222222222225,0.0125,-1
23,1823,0.14444444444444446,0.0125,-1
24,1824,0.15166666666666667,0.0125,-1
25,1825,0.15888888888888889,0.0125,-1
26,1826,0.1661111111111111,0.0125,-1
27,1827,0.1733333333333333,0.0125,-1
28,1828,0.18055555555555552,0.0125,-1
29,1829,0.18777777777777774,0.0125,-1
30,1830,0.19499999999999995,0.0125,-1
31,1831,0.20222222222222216,0.0125,-1
32,1832,0.20944444444444438,0.0125,-1
33,1833,0.2166666666666666,0.0125,-1
34,1834,0.2238888888888888,0.0125,-1
35,1835,0.23111111111111102,0.0125,-1
36,1836,0.23833333333333323,0.0125,-1
37,1837,0.24555555555555544,0.0125,-1
38,1838,0.25277777777777766,0.0125,-1
39,1839,0.2599999999999999,0.0125,-1
40,1840,0.26722222222222214,0.0125,-1
41,1841,0.2744444444444444,0.0125,-1
42,1842,0.2816666666666666,0.0125,-1
43,1843,0.28888888888888886,0.0125,-1
44,1844,0.2961111111111111,0.0125,-1
45,1845,0.30333333333333334,0.0125,-1
46,1846,0.3105555555555556,0.0125,-1
47,1847,0.3177777777777778,0.0125,-1
48,1848,0.32500000000000007,0.0125,-1
49,1849,0.3322222222222223,0.0125,-1
50,1850,0.33944444444444455,0.0125,-1
51,1851,0.33944444444444455,0.05,2
52,1852,0.33944444444444455,0.05,2
53,1853,0.33944444444444455,0.05,2
54,1854,0.33944444444444455,0.05,2
55,1855,0.33944444444444455,0.05,2
56,1856,0.33944444444444455,0.05,2
57,1857,0.33944444444444455,0.05,2
58,1858,0.33944444444444455,0.05,2
59,1859,0.33944444444444455,0.05,2
60,1860,0.3466666666666668,0.05,-1
61,1861,0.35388888888888903,0.05,-1
62,1862,0.36111111111111127,0.05,-1
63,1863,0.3683333333333335,0.05,-1
64,1864,0.37555555555555575,0.05,-1
65,1865,0.382777777777778,0.05,-1
66,1866,0.39000000000000024,0.05,-1
67,1867,0.3972222222222225,0.05,-1
68,1868,0.4044444444444447,0.05,-1
69,1869,0.41166666666666696,0.05,-1
70,1870,0.4188888888888892,0.05,-1
71,1871,0.42611111111111144,0.05,-1
72,1872,0.4333333333333337,0.05,-1
73,1873,0.4405555555555559,0.05,-1
74,1874,0.44777777777777816,0.05,-1
75,1875,0.4550000000000004,0.05,-1
76,1876,0.46222222222222265,0.05,-1
77,1877,0.4694444444444449,0.05,-1
78,1878,0.4766666666666671,0.05,-1
79,1879,0.48388888888888937,0.05,-1
80,1880,0.4911111111111116,0.05,-1
81,1881,0.49833333333333385,0.05,-1
82,1882,0.5055555555555561,0.05,-1
83,1883,0.5127777777777783,0.05,-1
84,1884,0.5200000000000006,0.05,-1
85,1885,0.5272222222222228,0.05,-1
86,1886,0.534444444444445,0.05,-1
87,1887,0.5416666666666673,0.05,-1
88,1888,0.5488888888888895,0.05,-1
89,1889,0.5561111111111118,0.05,-1
90,1890,0.563333333333334,0.05,-1
91,1891,0.5705555555555563,0.05,-1
92,1892,0.5777777777777785,0.05,-1
93,1893,0.5850000000000007,0.05,-1
94,1894,0.592222222222223,0.05,-1
95,1895,0.5994444444444452,0.05,-1
96,1896,0.6066666666666675,0.05,-1
97,1897,0.6138888888888897,0.05,-1
98,1898,0.621111111111112,0.05,-1
99,1899,0.6283333333333342,0.05,-1
100,1900,0.6355555555555564,0.05,-1
101,1901,0.6427777777777787,0.05,-1
102,1902,0.6500000000000009,0.05,-1
103,1903,0.6572222222222232,0.05,-1
104,1904,0.6644444444444454,0.05,-1
105,1905,0.6716666666666676,0.05,-1
106,1906,0.6788888888888899,0.05,-1
107,1907,0.6861111111111121,0.05,-1
108,1908,0.6933333333333344,0.05,-1
109,1909,0.7005555555555566,0.05,-1
110,1910,0.7077777777777788,0.05,-1
111,1911,0.7150000000000011,0.05,-1
112,1912,0.7222222222222233,0.05,-1
113,1913,0.7294444444444456,0.05,-1
114,1914,0.7366666666666678,0.05,-1
115,1915,0.74388888888889,0.05,-1
116,1916,0.7511111111111123,0.05,-1
117,1917,0.7583333333333345,0.05,-1
118,1918,0.7655555555555568,0.05,-1
119,1919,0.772777777777779,0.05,-1
120,1920,0.7800000000000012,0.05,-1
121,1921,0.7872222222222235,0.05,-1
122,1922,0.7944444444444457,0.05,-1
123,1923,0.801666666666668,0.05,-1
124,1924,0.8088888888888902,0.05,-1
125,1925,0.8161111111111125,0.05,-1
126,1926,0.8233333333333347,0.05,-1
127,1927,0.8305555555555569,0.05,-1
128,1928,0.8377777777777792,0.05,-1
129,1929,0.8450000000000014,0.05,-1
130,1930,0.8522222222222237,0.05,-1
131,1931,0.8594444444444459,0.05,-1
132,1932,0.8666666666666681,0.05,-1
133,1933,0.8738888888888904,0.05,-1
134,1934,0.8811111111111126,0.05,-1
135,1935,0.8883333333333349,0.05,-1
136,1936,0.8955555555555571,0.05,-1
137,1937,0.9027777777777793,0.05,-1
138,1938,0.9100000000000016,0.05,-1
139,1939,0.9172222222222238,0.05,-1
140,1940,0.9244444444444461,0.05,-1
141,1941,0.9244444444444461,0.05,3
142,1942,0.9244444444444461,0.05,3
143,1943,0.9244444444444461,0.05,3
144,1944,0.9244444444444461,0.05,3
145,1945,0.9244444444444461,0.05,3
146,1946,0.9244444444444461,0.05,3
147,1947,0.9244444444444461,0.05,3
148,1948,0.9244444444444461,0.05,3
149,1949,0.9244444444444461,0.05,3
150,1950,0.9244444444444461,0.05,3
151,1951,0.9244444444444461,0.05,3
152,1952,0.9244444444444461,0.05,3
153,1953,0.9244444444444461,0.05,3
154,1954,0.9244444444444461,0.05,3
155,1955,0.9244444444444461,0.05,3
156,1956,0.9244444444444461,0.05,3
157,1957,0.9244444444444461,0.05,3
158,1958,0.9244444444444461,0.05,3
159,1959,0.9244444444444461,0.05,3
160,1960,0.9244444444444461,0.05,3
161,1961,0.9244444444444461,0.05,3
162,1962,0.9244444444444461,0.05,3
163,1963,0.9244444444444461,0.05,3
164,1964,0.9244444444444461,0.05,3
165,1965,0.9244444444444461,0.05,3
166,1966,0.9244444444444461,0.05,3
167,1967,0.9244444444444461,0.05,3
168,1968,0.9244444444444461,0.05,3
169,1969,0.9244444444444461,0.05,3
170,1970,0.9244444444444461,0.05,3
171,1971,0.9244444444444461,0.05,3
172,1972,0.9244444444444461,0.05,3
173,1973,0.9244444444444461,0.05,3
174,1974,0.9244444444444461,0.05,3
175,1975,0.9244444444444461,0.05,3
176,1976,0.9244444444444461,0.05,3
177,1977,0.9244444444444461,0.05,3
178,1978,0.9244444444444461,0.05,3
179,1979,0.9244444444444461,0.05,3
180,1980,0.9244444444444461,0.05,3
181,1981,0.9244444444444461,0.05,3
182,1982,0.9244444444444461,0.05,3
183,1983,0.9244444444444461,0.05,3
184,1984,0.9244444444444461,0.05,3
185,1985,0.9244444444444461,0.05,3
186,1986,0.9244444444444461,0.05,3
187,1987,0.9316666666666683,0.05,-1
188,1988,0.9388888888888905,0.05,-1
189,1989,0.9461111111111128,0.05,-1
190,1990,0.953333333333335,0.05,-1
191,1991,0.9605555555555573,0.05,-1
192,1992,0.9677777777777795,0.05,-1
193,1993,0.9750000000000018,0.05,-1
194,1994,0.982222222222224,0.05,-1
195,1995,0.9894444444444462,0.05,-1
196,1996,0.9966666666666685,0.05,-1
197,1997,1.0038888888888906,0.05,-1
198,1998,1.0111111111111128,0.05,-1
199,1999,1.018333333333335,0.05,-1
200,2000,1.0255555555555573,0.05,-1
201,2001,1.0327777777777796,0.05,-1
202,2002,1.0400000000000018,0.05,-1
203,2003,1.047222222222224,0.05,-1
204,2004,1.0544444444444463,0.05,-1
205,2005,1.0616666666666685,0.05,-1
206,2006,1.0688888888888908,0.05,-1
207,2007,1.076111111111113,0.05,-1
208,2008,1.0833333333333353,0.05,-1
209,2009,1.0905555555555575,0.05,-1
210,2010,1.0977777777777797,0.05,-1
211,2011,1.105000000000002,0.05,-1
212,2012,1.1122222222222242,0.05,-1
213,2013,1.1194444444444465,0.05,-1
214,2014,1.1266666666666687,0.05,-1
215,2015,1.133888888888891,0.05,-1
216,2016,1.1411111111111132,0.05,-1
217,2017,1.1483333333333354,0.05,-1
218,2018,1.1555555555555577,0.05,-1
219,2019,1.16277777777778,0.05,-1
220,2020,1.1700000000000021,0.05,-1
221,2021,1.1772222222222244,0.05,-1
222,2022,1.1844444444444466,0.05,-1
223,2023,1.1916666666666689,0.05,-1
224,2024,1.1988888888888911,0.05,-1
225,2025,1.2061111111111134,0.05,-1
226,2026,1.2133333333333356,0.05,-1
227,2027,1.2205555555555578,0.05,-1
228,2028,1.22777777777778,0.05,-1
229,2029,1.2350000000000023,0.05,-1
230,2030,1.2422222222222246,0.05,-1
231,2031,1.2494444444444468,0.05,-1
232,2032,1.256666666666669,0.05,-1
233,2033,1.2638888888888913,0.05,-1
234,2034,1.2711111111111135,0.05,-1
235,2035,1.2783333333333358,0.05,-1
236,2036,1.285555555555558,0.05,-1
237,2037,1.2927777777777802,0.05,-1
238,2038,1.3000000000000025,0.05,-1
239,2039,1.3072222222222247,0.05,-1
240,2040,1.314444444444447,0.05,-1
241,2041,1.3216666666666692,0.05,-1
242,2042,1.3288888888888915,0.05,-1
243,2043,1.3361111111111137,0.05,-1
244,2044,1.343333333333336,0.05,-1
245,2045,1.3505555555555582,0.05,-1
246,2046,1.3577777777777804,0.05,-1
247,2047,1.3650000000000027,0.05,-1
248,2048,1.372222222222225,0.05,-1
249,2049,1.3794444444444471,0.05,-1
250,2050,1.3866666666666694,0.05,-1
251,2051,1.3938888888888916,0.05,-1
252,2052,1.4011111111111139,0.05,-1
253,2053,1.408333333333336,0.05,-1
254,2054,1.4155555555555583,0.05,-1
255,2055,1.4227777777777806,0.05,-1
256,2056,1.4300000000000028,0.05,-1
257,2057,1.4300000000000028,0.0875,4
258,2058,1.4300000000000028,0.0875,4
259,2059,1.4300000000000028,0.0875,4
260,2060,1.4300000000000028,0.0875,4
261,2061,1.4300000000000028,0.0875,4
262,2062,1.4300000000000028,0.0875,4
263,2063,1.4300000000000028,0.0875,4
264,2064,1.4300000000000028,0.0875,4
265,2065,1.4300000000000028,0.0875,4
266,2066,1.4300000000000028,0.0875,4
267,2067,1.4300000000000028,0.0875,4
268,2068,1.4300000000000028,0.0875,4
269,2069,1.4300000000000028,0.0875,4
270,2070,1.4300000000000028,0.0875,4
271,2071,1.4300000000000028,0.0875,4
272,2072,1.4300000000000028,0.0875,4
273,2073,1.4300000000000028,0.0875,4
274,2074,1.4300000000000028,0.0875,4
275,2075,1.4300000000000028,0.0875,4
276,2076,1.4300000000000028,0.0875,4
277,2077,1.4300000000000028,0.0875,4
278,2078,1.4300000000000028,0.0875,4
279,2079,1.4300000000000028,0.0875,4
280,2080,1.4300000000000028,0.0875,4
281,2081,1.4300000000000028,0.0875,4
282,2082,1.4300000000000028,0.0875,4
283,2083,1.4300000000000028,0.0875,4
284,2084,1.4300000000000028,0.0875,4
285,2085,1.4300000000000028,0.0875,4
286,2086,1.4300000000000028,0.0875,4
287,2087,1.4300000000000028,0.0875,4
288,2088,1.4300000000000028,0.0875,4
289,2089,1.4300000000000028,0.0875,4
290,2090,1.4300000000000028,0.0875,4
291,2091,1.4300000000000028,0.0875,4
292,2092,1.4300000000000028,0.0875,4
293,2093,1.4300000000000028,0.0875,4
294,2094,1.4300000000000028,0.0875,4
295,2095,1.4300000000000028,0.0875,4
296,2096,1.4300000000000028,0.0875,4
297,2097,1.4300000000000028,0.0875,4
298,2098,1.4300000000000028,0.0875,4
299,2099,1.4300000000000028,0.0875,4
300,2100,1.4300000000000028,0.0875,4
301,2101,1.4300000000000028,0.0875,4
302,2102,1.4300000000000028,0.0875,4
303,2103,1.4300000000000028,0.0875,4
304,2104,1.4300000000000028,0.0875,4
305,2105,1.4300000000000028,0.0875,4
306,2106,1.4300000000000028,0.0875,4
307,2107,1.4300000000000028,0.0875,4
308,2108,1.4300000000000028,0.0875,4
309,2109,1.4300000000000028,0.0875,4
310,2110,1.4300000000000028,0.0875,4
311,2111,1.4300000000000028,0.0875,4
312,2112,1.4300000000000028,0.0875,4
313,2113,1.4300000000000028,0.0875,4
314,2114,1.4300000000000028,0.0875,4
315,2115,1.4300000000000028,0.0875,4
316,2116,1.4300000000000028,0.0875,4
317,2117,1.4300000000000028,0.0875,4
318,2118,1.4300000000000028,0.0875,4
319,2119,1.4300000000000028,0.0875,4
320,2120,1.4300000000000028,0.0875,4
321,2121,1.4300000000000028,0.0875,4
322,2122,1.437222222222225,0.0875,-1
323,2123,1.4444444444444473,0.0875,-1
324,2124,1.4516666666666695,0.0875,-1
325,2125,1.4588888888888918,0.0875,-1
326,2126,1.466111111111114,0.0875,-1
327,2127,1.4733333333333363,0.0875,-1
328,2128,1.4805555555555585,0.0875,-1
329,2129,1.4877777777777808,0.0875,-1
330,2130,1.495000000000003,0.0875,-1
331,2131,1.5022222222222252,0.0875,-1
332,2132,1.5094444444444475,0.0875,-1
333,2133,1.5166666666666697,0.0875,-1
334,2134,1.523888888888892,0.0875,-1
335,2135,1.5311111111111142,0.0875,-1
336,2136,1.5383333333333364,0.0875,-1
337,2137,1.5455555555555587,0.0875,-1
338,2138,1.552777777777781,0.0875,-1
339,2139,1.5600000000000032,0.0875,-1
340,2140,1.5672222222222254,0.0875,-1
341,2141,1.5744444444444476,0.0875,-1
342,2142,1.5816666666666699,0.0875,-1
343,2143,1.5888888888888921,0.0875,-1
344,2144,1.5961111111111144,0.0875,-1
345,2145,1.6033333333333366,0.0875,-1
346,2146,1.6105555555555588,0.0875,-1
347,2147,1.617777777777781,0.0875,-1
348,2148,1.6250000000000033,0.0875,-1
349,2149,1.6322222222222256,0.0875,-1
350,2150,1.6394444444444478,0.0875,-1
351,2151,1.64666666666667,0.0875,-1
352,2152,1.6538888888888923,0.0875,-1
353,2153,1.6611111111111145,0.0875,-1
354,2154,1.6683333333333368,0.0875,-1
355,2155,1.675555555555559,0.0875,-1
356,2156,1.6827777777777813,0.0875,-1
357,2157,1.6900000000000035,0.0875,-1
358,2158,1.6972222222222257,0.0875,-1
359,2159,1.704444444444448,0.0875,-1
360,2160,1.7116666666666702,0.0875,-1
361,2161,1.7188888888888925,0.0875,-1
362,2162,1.7261111111111147,0.0875,-1
363,2163,1.733333333333337,0.0875,-1
364,2164,1.7405555555555592,0.0875,-1
365,2165,1.7477777777777814,0.0875,-1
366,2166,1.7550000000000037,0.0875,-1
367,2167,1.762222222222226,0.0875,-1
368,2168,1.7694444444444482,0.0875,-1
369,2169,1.7766666666666704,0.0875,-1
370,2170,1.7838888888888926,0.0875,-1
371,2171,1.7911111111111149,0.0875,-1
372,2172,1.7983333333333371,0.0875,-1
373,2173,1.8055555555555594,0.0875,-1
374,2174,1.8127777777777816,0.0875,-1
375,2175,1.8200000000000038,0.0875,-1
376,2176,1.827222222222226,0.0875,-1
377,2177,1.8344444444444483,0.0875,-1
378,2178,1.8416666666666706,0.0875,-1
379,2179,1.8488888888888928,0.0875,-1
380,2180,1.856111111111115,0.0875,-1
381,2181,1.8633333333333373,0.0875,-1
382,2182,1.8705555555555595,0.0875,-1
383,2183,1.8777777777777818,0.0875,-1
384,2184,1.885000000000004,0.0875,-1
385,2185,1.8922222222222262,0.0875,-1
386,2186,1.8994444444444485,0.0875,-1
387,2187,1.9066666666666707,0.0875,-1
388,2188,1.913888888888893,0.0875,-1
389,2189,1.9211111111111152,0.0875,-1
390,2190,1.9283333333333375,0.0875,-1
391,2191,1.9355555555555597,0.0875,-1
392,2192,1.942777777777782,0.0875,-1
393,2193,1.9500000000000042,0.0875,-1
394,2194,1.9572222222222264,0.0875,-1
395,2195,1.9644444444444487,0.0875,-1
396,2196,1.971666666666671,0.0875,-1
397,2197,1.9788888888888931,0.0875,-1
398,2198,1.9861111111111154,0.0875,-1
399,2199,1.9933333333333376,0.0875,-1
400,2200,2.0005555555555596,0.0875,-1
401,2201,2.0077777777777817,0.0875,-1
402,2202,2.0150000000000037,0.0875,-1
403,2203,2.0222222222222257,0.0875,-1
404,2204,2.0294444444444477,0.0875,-1
405,2205,2.0366666666666697,0.0875,-1
406,2206,2.0438888888888918,0.0875,-1
407,2207,2.0511111111111138,0.0875,-1
408,2208,2.058333333333336,0.0875,-1
409,2209,2.065555555555558,0.0875,-1
410,2210,2.07277777777778,0.0875,-1
411,2211,2.080000000000002,0.0875,-1
412,2212,2.087222222222224,0.0875,-1
413,2213,2.094444444444446,0.0875,-1
414,2214,2.101666666666668,0.0875,-1
415,2215,2.10888888888889,0.0875,-1
416,2216,2.116111111111112,0.0875,-1
417,2217,2.123333333333334,0.0875,-1
418,2218,2.130555555555556,0.0875,-1
419,2219,2.137777777777778,0.0875,-1
420,2220,2.145,0.0875,-1
421,2221,2.152222222222222,0.0875,-1
422,2222,2.159444444444444,0.0875,-1
423,2223,2.166666666666666,0.0875,-1
424,2224,2.173888888888888,0.0875,-1
425,2225,2.18111111111111,0.0875,-1
426,2226,2.188333333333332,0.0875,-1
427,2227,2.195555555555554,0.0875,-1
428,2228,2.202777777777776,0.0875,-1
429,2229,2.209999999999998,0.0875,-1
430,2230,2.21722222222222,0.0875,-1
431,2231,2.2244444444444422,0.0875,-1
432,2232,2.2316666666666642,0.0875,-1
433,2233,2.2388888888888863,0.0875,-1
434,2234,2.2461111111111083,0.0875,-1
435,2235,2.2533333333333303,0.0875,-1
436,2236,2.2605555555555523,0.0875,-1
437,2237,2.2677777777777743,0.0875,-1
438,2238,2.2749999999999964,0.0875,-1
439,2239,2.2749999999999964,0.1,5
440,2240,2.2749999999999964,0.1,5
441,2241,2.2749999999999964,0.1,5
442,2242,2.2749999999999964,0.1,5
443,2243,2.2749999999999964,0.1,5
444,2244,2.2749999999999964,0.1,5
445,2245,2.2749999999999964,0.1,5
446,2246,2.2749999999999964,0.1,5
447,2247,2.2749999999999964,0.1,5
448,2248,2.2749999999999964,0.1,5
449,2249,2.2749999999999964,0.1,5
450,2250,2.2749999999999964,0.1,5
451,2251,2.2749999999999964,0.1,5
452,2252,2.2749999999999964,0.1,5
453,2253,2.2749999999999964,0.1,5
454,2254,2.2749999999999964,0.1,5
455,2255,2.2749999999999964,0.1,5
456,2256,2.2749999999999964,0.1,5
457,2257,2.2749999999999964,0.1,5
458,2258,2.2749999999999964,0.1,5
459,2259,2.2749999999999964,0.1,5
460,2260,2.2749999999999964,0.1,5
461,2261,2.2749999999999964,0.1,5
462,2262,2.2749999999999964,0.1,5
463,2263,2.2749999999999964,0.1,5
464,2264,2.2749999999999964,0.1,5
465,2265,2.2749999999999964,0.1,5
466,2266,2.2749999999999964,0.1,5
467,2267,2.2749999999999964,0.1,5
468,2268,2.2749999999999964,0.1,5
469,2269,2.2749999999999964,0.1,5
470,2270,2.2749999999999964,0.1,5
471,2271,2.2749999999999964,0.1,5
472,2272,2.2749999999999964,0.1,5
473,2273,2.2749999999999964,0.1,5
474,2274,2.2749999999999964,0.1,5
475,2275,2.2749999999999964,0.1,5
476,2276,2.2749999999999964,0.1,5
477,2277,2.2749999999999964,0.1,5
478,2278,2.2749999999999964,0.1,5
479,2279,2.2749999999999964,0.1,5
480,2280,2.2749999999999964,0.1,5
481,2281,2.2749999999999964,0.1,5
482,2282,2.2749999999999964,0.1,5
483,2283,2.2749999999999964,0.1,5
484,2284,2.2749999999999964,0.1,5
485,2285,2.2749999999999964,0.1,5
486,2286,2.2749999999999964,0.1,5
487,2287,2.2749999999999964,0.1,5
488,2288,2.2749999999999964,0.1,5
489,2289,2.2749999999999964,0.1,5
490,2290,2.2749999999999964,0.1,5
491,2291,2.2749999999999964,0.1,5
492,2292,2.2749999999999964,0.1,5
493,2293,2.2749999999999964,0.1,5
494,2294,2.2749999999999964,0.1,5
495,2295,2.2749999999999964,0.1,5
496,2296,2.2749999999999964,0.1,5
497,2297,2.2749999999999964,0.1,5
498,2298,2.2749999999999964,0.1,5
499,2299,2.2749999999999964,0.1,5
500,2300,2.2749999999999964,0.1,5
501,2301,2.2749999999999964,0.1,5
502,2302,2.2749999999999964,0.1,5
503,2303,2.2749999999999964,0.1,5
504,2304,2.2749999999999964,0.1,5
505,2305,2.2749999999999964,0.1,5
506,2306,2.2749999999999964,0.1,5
507,2307,2.2749999999999964,0.1,5
508,2308,2.2749999999999964,0.1,5
509,2309,2.2749999999999964,0.1,5
510,2310,2.2749999999999964,0.1,5
511,2311,2.2749999999999964,0.1,5
512,2312,2.2749999999999964,0.1,5
513,2313,2.2822222222222184,0.1,-1
514,2314,2.2894444444444404,0.1,-1
515,2315,2.2966666666666624,0.1,-1
516,2316,2.3038888888888844,0.1,-1
517,2317,2.3111111111111065,0.1,-1
518,2318,2.3183333333333285,0.1,-1
519,2319,2.3255555555555505,0.1,-1
520,2320,2.3327777777777725,0.1,-1
521,2321,2.3399999999999945,0.1,-1
522,2322,2.3472222222222165,0.1,-1
523,2323,2.3544444444444386,0.1,-1
524,2324,2.3616666666666606,0.1,-1
525,2325,2.3688888888888826,0.1,-1
526,2326,2.3761111111111046,0.1,-1
527,2327,2.3833333333333266,0.1,-1
528,2328,2.3905555555555487,0.1,-1
529,2329,2.3977777777777707,0.1,-1
530,2330,2.4049999999999927,0.1,-1
531,2331,2.4122222222222147,0.1,-1
532,2332,2.4194444444444367,0.1,-1
533,2333,2.4266666666666588,0.1,-1
534,2334,2.4338888888888808,0.1,-1
535,2335,2.441111111111103,0.1,-1
536,2336,2.448333333333325,0.1,-1
537,2337,2.455555555555547,0.1,-1
538,2338,2.462777777777769,0.1,-1
539,2339,2.469999999999991,0.1,-1
540,2340,2.477222222222213,0.1,-1
541,2341,2.484444444444435,0.1,-1
542,2342,2.491666666666657,0.1,-1
543,2343,2.498888888888879,0.1,-1
544,2344,2.506111111111101,0.1,-1
545,2345,2.513333333333323,0.1,-1
546,2346,2.520555555555545,0.1,-1
547,2347,2.527777777777767,0.1,-1
548,2348,2.534999999999989,0.1,-1
549,2349,2.542222222222211,0.1,-1
550,2350,2.549444444444433,0.1,-1
551,2351,2.556666666666655,0.1,-1
552,2352,2.563888888888877,0.1,-1
553,2353,2.571111111111099,0.1,-1
554,2354,2.578333333333321,0.1,-1
555,2355,2.585555555555543,0.1,-1
556,2356,2.592777777777765,0.1,-1
557,2357,2.599999999999987,0.1,-1
558,2358,2.6072222222222092,0.1,-1
559,2359,2.6144444444444312,0.1,-1
560,2360,2.6216666666666533,0.1,-1
561,2361,2.6288888888888753,0.1,-1
562,2362,2.6361111111110973,0.1,-1
563,2363,2.6433333333333193,0.1,-1
564,2364,2.6505555555555413,0.1,-1
565,2365,2.6577777777777634,0.1,-1
566,2366,2.6649999999999854,0.1,-1
567,2367,2.6722222222222074,0.1,-1
568,2368,2.6794444444444294,0.1,-1
569,2369,2.6866666666666514,0.1,-1
570,2370,2.6938888888888735,0.1,-1
571,2371,2.7011111111110955,0.1,-1
572,2372,2.7083333333333175,0.1,-1
573,2373,2.7155555555555395,0.1,-1
574,2374,2.7227777777777615,0.1,-1
575,2375,2.7299999999999836,0.1,-1
576,2376,2.7372222222222056,0.1,-1
577,2377,2.7444444444444276,0.1,-1
578,2378,2.7516666666666496,0.1,-1
579,2379,2.7588888888888716,0.1,-1
580,2380,2.7661111111110936,0.1,-1
581,2381,2.7733333333333157,0.1,-1
582,2382,2.7805555555555377,0.1,-1
583,2383,2.7877777777777597,0.1,-1
584,2384,2.7949999999999817,0.1,-1
585,2385,2.8022222222222037,0.1,-1
586,2386,2.8094444444444258,0.1,-1
587,2387,2.816666666666648,0.1,-1
588,2388,2.82388888888887,0.1,-1
589,2389,2.831111111111092,0.1,-1
590,2390,2.838333333333314,0.1,-1
591,2391,2.845555555555536,0.1,-1
592,2392,2.852777777777758,0.1,-1
593,2393,2.85999999999998,0.1,-1
594,2394,2.867222222222202,0.1,-1
595,2395,2.874444444444424,0.1,-1
596,2396,2.881666666666646,0.1,-1
597,2397,2.888888888888868,0.1,-1
598,2398,2.89611111111109,0.1,-1
599,2399,2.903333333333312,0.1,-1
600,2400,2.910555555555534,0.1,-1
601,2401,2.917777777777756,0.1,-1
602,2402,2.924999999999978,0.1,-1
603,2403,2.9322222222222,0.1,-1
604,2404,2.939444444444422,0.1,-1
605,2405,2.946666666666644,0.1,-1
606,2406,2.953888888888866,0.1,-1
607,2407,2.961111111111088,0.1,-1
608,2408,2.96833333333331,0.1,-1
609,2409,2.975555555555532,0.1,-1
610,2410,2.982777777777754,0.1,-1
611,2411,2.9899999999999762,0.1,-1
612,2412,2.9972222222221983,0.1,-1
613,2413,3.0044444444444203,0.1,-1
614,2414,3.0116666666666423,0.1,-1
615,2415,3.0188888888888643,0.1,-1
616,2416,3.0261111111110863,0.1,-1
617,2417,3.0333333333333083,0.1,-1
618,2418,3.0405555555555304,0.1,-1
619,2419,3.0477777777777524,0.1,-1
620,2420,3.0549999999999744,0.1,-1
621,2421,3.0622222222221964,0.1,-1
622,2422,3.0694444444444184,0.1,-1
623,2423,3.0766666666666405,0.1,-1
624,2424,3.0838888888888625,0.1,-1
625,2425,3.0911111111110845,0.1,-1
626,2426,3.0983333333333065,0.1,-1
627,2427,3.1055555555555285,0.1,-1
628,2428,3.1127777777777506,0.1,-1
629,2429,3.1199999999999726,0.1,-1
630,2430,3.1272222222221946,0.1,-1
631,2431,3.1344444444444166,0.1,-1
632,2432,3.1344444444444166,0.1,6
633,2433,3.1344444444444166,0.1,6
634,2434,3.1344444444444166,0.1,6
635,2435,3.1344444444444166,0.1,6
636,2436,3.1344444444444166,0.1,6
637,2437,3.1344444444444166,0.1,6
638,2438,3.1344444444444166,0.1,6
639,2439,3.1344444444444166,0.1,6
640,2440,3.1344444444444166,0.1,6
641,2441,3.1344444444444166,0.1,6
642,2442,3.1344444444444166,0.1,6
643,2443,3.1344444444444166,0.1,6
644,2444,3.1344444444444166,0.1,6
645,2445,3.1344444444444166,0.1,6
646,2446,3.1344444444444166,0.1,6
647,2447,3.1344444444444166,0.1,6
648,2448,3.1344444444444166,0.1,6
649,2449,3.1344444444444166,0.1,6
650,2450,3.1344444444444166,0.1,6
651,2451,3.1344444444444166,0.1,6
652,2452,3.1344444444444166,0.1,6
653,2453,3.1344444444444166,0.1,6
654,2454,3.1344444444444166,0.1,6
655,2455,3.1344444444444166,0.1,6
656,2456,3.1344444444444166,0.1,6
657,2457,3.1344444444444166,0.1,6
658,2458,3.1344444444444166,0.1,6
659,2459,3.1344444444444166,0.1,6
660,2460,3.1344444444444166,0.1,6
661,2461,3.1344444444444166,0.1,6
662,2462,3.1344444444444166,0.1,6
663,2463,3.1344444444444166,0.1,6
664,2464,3.1344444444444166,0.1,6
665,2465,3.1344444444444166,0.1,6
666,2466,3.1344444444444166,0.1,6
667,2467,3.1344444444444166,0.1,6
668,2468,3.1344444444444166,0.1,6
669,2469,3.1344444444444166,0.1,6
670,2470,3.1344444444444166,0.1,6
671,2471,3.1344444444444166,0.1,6
672,2472,3.1344444444444166,0.1,6
673,2473,3.1344444444444166,0.1,6
674,2474,3.1344444444444166,0.1,6
675,2475,3.1344444444444166,0.1,6
676,2476,3.1344444444444166,0.1,6
677,2477,3.1344444444444166,0.1,6
678,2478,3.1344444444444166,0.1,6
679,2479,3.1344444444444166,0.1,6
680,2480,3.1344444444444166,0.1,6
681,2481,3.1344444444444166,0.1,6
682,2482,3.1344444444444166,0.1,6
683,2483,3.1344444444444166,0.1,6
684,2484,3.1344444444444166,0.1,6
685,2485,3.1344444444444166,0.1,6
686,2486,3.1344444444444166,0.1,6
687,2487,3.1344444444444166,0.1,6
688,2488,3.1344444444444166,0.1,6
689,2489,3.1344444444444166,0.1,6
690,2490,3.1344444444444166,0.1,6
691,2491,3.1344444444444166,0.1,6
692,2492,3.1344444444444166,0.1,6
693,2493,3.1344444444444166,0.1,6
694,2494,3.1344444444444166,0.1,6
695,2495,3.1344444444444166,0.1,6
696,2496,3.1344444444444166,0.1,6
697,2497,3.1344444444444166,0.1,6
698,2498,3.1344444444444166,0.1,6
699,2499,3.1344444444444166,0.1,6
700,2500,3.1344444444444166,0.1,6
701,2501,3.1344444444444166,0.1,6
702,2502,3.1344444444444166,0.1,6
703,2503,3.1344444444444166,0.1,6
704,2504,3.1344444444444166,0.1,6
705,2505,3.1344444444444166,0.1,6
706,2506,3.1344444444444166,0.1,6
707,2507,3.1344444444444166,0.1,6
708,2508,3.1344444444444166,0.1,6
709,2509,3.1344444444444166,0.1,6
710,2510,3.1344444444444166,0.1,6
711,2511,3.1344444444444166,0.1,6
712,2512,3.1344444444444166,0.1,6
713,2513,3.1344444444444166,0.1,6
714,2514,3.1344444444444166,0.1,6
715,2515,3.1344444444444166,0.1,6
716,2516,3.1344444444444166,0.1,6
717,2517,3.1344444444444166,0.1,6
718,2518,3.1344444444444166,0.1,6
719,2519,3.1344444444444166,0.1,6
720,2520,3.1344444444444166,0.1,6
721,2521,3.1344444444444166,0.1,6
722,2522,3.1344444444444166,0.1,6
723,2523,3.1344444444444166,0.1,6
724,2524,3.1344444444444166,0.1,6
725,2525,3.1344444444444166,0.1,6
726,2526,3.1344444444444166,0.1,6
727,2527,3.1344444444444166,0.1,6
728,2528,3.1344444444444166,0.1,6
729,2529,3.1344444444444166,0.1,6
730,2530,3.1344444444444166,0.1,6
731,2531,3.1344444444444166,0.1,6
732,2532,3.1344444444444166,0.1,6
733,2533,3.1344444444444166,0.1,6
734,2534,3.1344444444444166,0.1,6
735,2535,3.1344444444444166,0.1,6
736,2536,3.1344444444444166,0.1,6
737,2537,3.1344444444444166,0.1,6
738,2538,3.1344444444444166,0.1,6
739,2539,3.1344444444444166,0.1,6
740,2540,3.1416666666666386,0.1,-1
741,2541,3.1488888888888606,0.1,-1
742,2542,3.1561111111110827,0.1,-1
743,2543,3.1633333333333047,0.1,-1
744,2544,3.1705555555555267,0.1,-1
745,2545,3.1777777777777487,0.1,-1
746,2546,3.1849999999999707,0.1,-1
747,2547,3.1922222222221928,0.1,-1
748,2548,3.199444444444415,0.1,-1
749,2549,3.206666666666637,0.1,-1
750,2550,3.213888888888859,0.1,-1
751,2551,3.221111111111081,0.1,-1
752,2552,3.228333333333303,0.1,-1
753,2553,3.235555555555525,0.1,-1
754,2554,3.242777777777747,0.1,-1
755,2555,3.249999999999969,0.1,-1
756,2556,3.257222222222191,0.1,-1
757,2557,3.264444444444413,0.1,-1
758,2558,3.271666666666635,0.1,-1
759,2559,3.278888888888857,0.1,-1
760,2560,3.286111111111079,0.1,-1
761,2561,3.293333333333301,0.1,-1
762,2562,3.300555555555523,0.1,-1
763,2563,3.307777777777745,0.1,-1
764,2564,3.314999999999967,0.1,-1
765,2565,3.322222222222189,0.1,-1
766,2566,3.329444444444411,0.1,-1
767,2567,3.336666666666633,0.1,-1
768,2568,3.343888888888855,0.1,-1
769,2569,3.351111111111077,0.1,-1
770,2570,3.358333333333299,0.1,-1
771,2571,3.365555555555521,0.1,-1
772,2572,3.3727777777777432,0.1,-1
773,2573,3.3799999999999653,0.1,-1
774,2574,3.3872222222221873,0.1,-1
775,2575,3.3944444444444093,0.1,-1
776,2576,3.4016666666666313,0.1,-1
777,2577,3.4088888888888533,0.1,-1
778,2578,3.4161111111110753,0.1,-1
779,2579,3.4233333333332974,0.1,-1
780,2580,3.4305555555555194,0.1,-1
781,2581,3.4377777777777414,0.1,-1
782,2582,3.4449999999999634,0.1,-1
783,2583,3.4522222222221854,0.1,-1
784,2584,3.4594444444444075,0.1,-1
785,2585,3.4666666666666295,0.1,-1
786,2586,3.4738888888888515,0.1,-1
787,2587,3.4811111111110735,0.1,-1
788,2588,3.4883333333332955,0.1,-1
789,2589,3.4955555555555176,0.1,-1
790,2590,3.5027777777777396,0.1,-1
791,2591,3.5099999999999616,0.1,-1
792,2592,3.5172222222221836,0.1,-1
793,2593,3.5244444444444056,0.1,-1
794,2594,3.5316666666666277,0.1,-1
795,2595,3.5388888888888497,0.1,-1
796,2596,3.5461111111110717,0.1,-1
797,2597,3.5533333333332937,0.1,-1
798,2598,3.5605555555555157,0.1,-1
799,2599,3.5677777777777377,0.1,-1
800,2600,3.5749999999999598,0.1,-1
801,2601,3.582222222222182,0.1,-1
802,2602,3.589444444444404,0.1,-1
803,2603,3.596666666666626,0.1,-1
804,2604,3.603888888888848,0.1,-1
805,2605,3.61111111111107,0.1,-1
806,2606,3.618333333333292,0.1,-1
807,2607,3.625555555555514,0.1,-1
808,2608,3.632777777777736,0.1,-1
809,2609,3.639999999999958,0.1,-1
810,2610,3.64722222222218,0.1,-1
811,2611,3.654444444444402,0.1,-1
812,2612,3.661666666666624,0.1,-1
813,2613,3.668888888888846,0.1,-1
814,2614,3.676111111111068,0.1,-1
815,2615,3.68333333333329,0.1,-1
816,2616,3.690555555555512,0.1,-1
817,2617,3.697777777777734,0.1,-1
818,2618,3.704999999999956,0.1,-1
819,2619,3.712222222222178,0.1,-1
820,2620,3.7194444444444,0.1,-1
821,2621,3.726666666666622,0.1,-1
822,2622,3.733888888888844,0.1,-1
823,2623,3.741111111111066,0.1,-1
824,2624,3.748333333333288,0.1,-1
825,2625,3.7555555555555102,0.1,-1
826,2626,3.7627777777777323,0.1,-1
827,2627,3.7699999999999543,0.1,-1
828,2628,3.7772222222221763,0.1,-1
829,2629,3.7844444444443983,0.1,-1
830,2630,3.7916666666666203,0.1,-1
831,2631,3.7988888888888424,0.1,-1
832,2632,3.8061111111110644,0.1,-1
833,2633,3.8133333333332864,0.1,-1
834,2634,3.8205555555555084,0.1,-1
835,2635,3.8277777777777304,0.1,-1
836,2636,3.8349999999999524,0.1,-1
837,2637,3.8422222222221745,0.1,-1
838,2638,3.8494444444443965,0.1,-1
839,2639,3.8566666666666185,0.1,-1
840,2640,3.8638888888888405,0.1,-1
841,2641,3.8711111111110625,0.1,-1
842,2642,3.8783333333332846,0.1,-1
843,2643,3.8855555555555066,0.1,-1
844,2644,3.8927777777777286,0.1,-1
845,2645,3.8999999999999506,0.1,-1
846,2646,3.9072222222221726,0.1,-1
847,2647,3.9144444444443947,0.1,-1
848,2648,3.9216666666666167,0.1,-1
849,2649,3.9288888888888387,0.1,-1
850,2650,3.9361111111110607,0.1,-1
851,2651,3.9433333333332827,0.1,-1
852,2652,3.9505555555555047,0.1,-1
853,2653,3.9577777777777268,0.1,-1
854,2654,3.964999999999949,0.1,-1
855,2655,3.972222222222171,0.1,-1
856,2656,3.979444444444393,0.1,-1
857,2657,3.986666666666615,0.1,-1
858,2658,3.993888888888837,0.1,-1
859,2659,4.001111111111059,0.1,-1
860,2660,4.008333333333281,0.1,-1
861,2661,4.015555555555504,0.1,-1
862,2662,4.022777777777726,0.1,-1
863,2663,4.029999999999949,0.1,-1
864,2664,4.037222222222171,0.1,-1
865,2665,4.037222222222171,0.125,7
866,2666,4.037222222222171,0.125,7
867,2667,4.037222222222171,0.125,7
868,2668,4.037222222222171,0.125,7
869,2669,4.037222222222171,0.125,7
870,2670,4.037222222222171,0.125,7
871,2671,4.044444444444394,0.125,-1
872,2672,4.051666666666616,0.125,-1
873,2673,4.058888888888839,0.125,-1
874,2674,4.066111111111061,0.125,-1
875,2675,4.0733333333332835,0.125,-1
876,2676,4.080555555555506,0.125,-1
877,2677,4.087777777777728,0.125,-1
878,2678,4.094999999999951,0.125,-1
879,2679,4.102222222222173,0.125,-1
880,2680,4.109444444444396,0.125,-1
881,2681,4.116666666666618,0.125,-1
882,2682,4.123888888888841,0.125,-1
883,2683,4.131111111111063,0.125,-1
884,2684,4.138333333333286,0.125,-1
885,2685,4.145555555555508,0.125,-1
886,2686,4.152777777777731,0.125,-1
887,2687,4.159999999999953,0.125,-1
888,2688,4.1672222222221755,0.125,-1
889,2689,4.174444444444398,0.125,-1
890,2690,4.1816666666666205,0.125,-1
891,2691,4.188888888888843,0.125,-1
892,2692,4.196111111111065,0.125,-1
893,2693,4.203333333333288,0.125,-1
894,2694,4.21055555555551,0.125,-1
895,2695,4.217777777777733,0.125,-1
896,2696,4.224999999999955,0.125,-1
897,2697,4.232222222222178,0.125,-1
898,2698,4.2394444444444,0.125,-1
899,2699,4.246666666666623,0.125,-1
900,2700,4.253888888888845,0.125,-1
901,2701,4.2611111111110676,0.125,-1
902,2702,4.26833333333329,0.125,-1
903,2703,4.2755555555555125,0.125,-1
904,2704,4.282777777777735,0.125,-1
905,2705,4.289999999999957,0.125,-1
906,2706,4.29722222222218,0.125,-1
907,2707,4.304444444444402,0.125,-1
908,2708,4.311666666666625,0.125,-1
909,2709,4.318888888888847,0.125,-1
910,2710,4.32611111111107,0.125,-1
911,2711,4.32611111111107,0.1625,8
912,2712,4.32611111111107,0.1625,8
913,2713,4.32611111111107,0.1625,8
914,2714,4.32611111111107,0.1625,8
915,2715,4.32611111111107,0.1625,8
916,2716,4.32611111111107,0.1625,8
917,2717,4.32611111111107,0.1625,8
918,2718,4.32611111111107,0.1625,8
919,2719,4.32611111111107,0.1625,8
920,2720,4.32611111111107,0.1625,8
921,2721,4.32611111111107,0.1625,8
922,2722,4.32611111111107,0.1625,8
923,2723,4.32611111111107,0.1625,8
924,2724,4.32611111111107,0.1625,8
925,2725,4.32611111111107,0.1625,8
926,2726,4.32611111111107,0.1625,8
927,2727,4.32611111111107,0.1625,8
928,2728,4.32611111111107,0.1625,8
929,2729,4.32611111111107,0.1625,8
930,2730,4.32611111111107,0.1625,8
931,2731,4.32611111111107,0.1625,8
932,2732,4.32611111111107,0.1625,8
933,2733,4.32611111111107,0.1625,8
934,2734,4.32611111111107,0.1625,8
935,2735,4.32611111111107,0.1625,8
936,2736,4.32611111111107,0.1625,8
937,2737,4.32611111111107,0.1625,8
938,2738,4.32611111111107,0.1625,8
939,2739,4.32611111111107,0.1625,8
940,2740,4.32611111111107,0.1625,8
941,2741,4.32611111111107,0.1625,8
942,2742,4.32611111111107,0.1625,8
943,2743,4.32611111111107,0.1625,8
944,2744,4.32611111111107,0.1625,8
945,2745,4.32611111111107,0.1625,8
946,2746,4.32611111111107,0.1625,8
947,2747,4.32611111111107,0.1625,8
948,2748,4.32611111111107,0.1625,8
949,2749,4.32611111111107,0.1625,8
950,2750,4.32611111111107,0.1625,8
951,2751,4.32611111111107,0.1625,8
952,2752,4.32611111111107,0.1625,8
953,2753,4.32611111111107,0.1625,8
954,2754,4.32611111111107,0.1625,8
955,2755,4.32611111111107,0.1625,8
956,2756,4.32611111111107,0.1625,8
957,2757,4.32611111111107,0.1625,8
958,2758,4.32611111111107,0.1625,8
959,2759,4.32611111111107,0.1625,8
960,2760,4.32611111111107,0.1625,8
961,2761,4.32611111111107,0.1625,8
962,2762,4.32611111111107,0.1625,8
963,2763,4.32611111111107,0.1625,8
964,2764,4.32611111111107,0.1625,8
965,2765,4.32611111111107,0.1625,8
966,2766,4.32611111111107,0.1625,8
967,2767,4.32611111111107,0.1625,8
968,2768,4.32611111111107,0.1625,8
969,2769,4.32611111111107,0.1625,8
970,2770,4.32611111111107,0.1625,8
971,2771,4.32611111111107,0.1625,8
972,2772,4.32611111111107,0.1625,8
973,2773,4.32611111111107,0.1625,8
974,2774,4.32611111111107,0.1625,8
975,2775,4.32611111111107,0.1625,8
976,2776,4.32611111111107,0.1625,8
977,2777,4.32611111111107,0.1625,8
978,2778,4.32611111111107,0.1625,8
979,2779,4.32611111111107,0.1625,8
980,2780,4.32611111111107,0.1625,8
981,2781,4.32611111111107,0.1625,8
982,2782,4.32611111111107,0.1625,8
983,2783,4.32611111111107,0.1625,8
984,2784,4.32611111111107,0.1625,8
985,2785,4.32611111111107,0.1625,8
986,2786,4.32611111111107,0.1625,8
987,2787,4.32611111111107,0.1625,8
988,2788,4.32611111111107,0.1625,8
989,2789,4.32611111111107,0.1625,8
990,2790,4.32611111111107,0.1625,8
991,2791,4.32611111111107,0.1625,8
992,2792,4.32611111111107,0.1625,8
993,2793,4.32611111111107,0.1625,8
994,2794,4.32611111111107,0.1625,8
995,2795,4.32611111111107,0.1625,8
996,2796,4.32611111111107,0.1625,8
997,2797,4.32611111111107,0.1625,8
998,2798,4.32611111111107,0.1625,8
999,2799,4.32611111111107,0.1625,8
1000,2800,4.32611111111107,0.1625,8
1001,2801,4.32611111111107,0.1625,8
1002,2802,4.32611111111107,0.1625,8
1003,2803,4.32611111111107,0.1625,8
1004,2804,4.32611111111107,0.1625,8
1005,2805,4.32611111111107,0.1625,8
1006,2806,4.32611111111107,0.1625,8
1007,2807,4.32611111111107,0.1625,8
1008,2808,4.32611111111107,0.1625,8
1009,2809,4.32611111111107,0.1625,8
1010,2810,4.32611111111107,0.1625,8
1011,2811,4.32611111111107,0.1625,8
1012,2812,4.32611111111107,0.1625,8
1013,2813,4.32611111111107,0.1625,8
1014,2814,4.32611111111107,0.1625,8
1015,2815,4.32611111111107,0.1625,8
1016,2816,4.32611111111107,0.1625,8
1017,2817,4.32611111111107,0.1625,8
1018,2818,4.32611111111107,0.1625,8
1019,2819,4.32611111111107,0.1625,8
1020,2820,4.32611111111107,0.1625,8
1021,2821,4.32611111111107,0.1625,8
1022,2822,4.32611111111107,0.1625,8
1023,2823,4.32611111111107,0.1625,8
1024,2824,4.32611111111107,0.1625,8
1025,2825,4.32611111111107,0.1625,8
1026,2826,4.32611111111107,0.1625,8
1027,2827,4.32611111111107,0.1625,8
1028,2828,4.32611111111107,0.1625,8
1029,2829,4.333333333333292,0.1625,-1
1030,2830,4.340555555555515,0.1625,-1
1031,2831,4.347777777777737,0.1625,-1
1032,2832,4.35499999999996,0.1625,-1
1033,2833,4.362222222222182,0.1625,-1
1034,2834,4.3694444444444045,0.1625,-1
1035,2835,4.376666666666627,0.1625,-1
1036,2836,4.383888888888849,0.1625,-1
1037,2837,4.391111111111072,0.1625,-1
1038,2838,4.398333333333294,0.1625,-1
1039,2839,4.405555555555517,0.1625,-1
1040,2840,4.412777777777739,0.1625,-1
1041,2841,4.419999999999962,0.1625,-1
1042,2842,4.427222222222184,0.1625,-1
1043,2843,4.434444444444407,0.1625,-1
1044,2844,4.441666666666629,0.1625,-1
1045,2845,4.448888888888852,0.1625,-1
1046,2846,4.456111111111074,0.1625,-1
1047,2847,4.4633333333332965,0.1625,-1
1048,2848,4.470555555555519,0.1625,-1
1049,2849,4.477777777777741,0.1625,-1
1050,2850,4.484999999999964,0.1625,-1
1051,2851,4.492222222222186,0.1625,-1
1052,2852,4.499444444444409,0.1625,-1
1053,2853,4.506666666666631,0.1625,-1
1054,2854,4.513888888888854,0.1625,-1
1055,2855,4.521111111111076,0.1625,-1
1056,2856,4.528333333333299,0.1625,-1
1057,2857,4.535555555555521,0.1625,-1
1058,2858,4.542777777777744,0.1625,-1
1059,2859,4.549999999999966,0.1625,-1
1060,2860,4.5572222222221885,0.1625,-1
1061,2861,4.564444444444411,0.1625,-1
1062,2862,4.5716666666666335,0.1625,-1
1063,2863,4.578888888888856,0.1625,-1
1064,2864,4.586111111111078,0.1625,-1
1065,2865,4.593333333333301,0.1625,-1
1066,2866,4.600555555555523,0.1625,-1
1067,2867,4.607777777777746,0.1625,-1
1068,2868,4.614999999999968,0.1625,-1
1069,2869,4.622222222222191,0.1625,-1
1070,2870,4.629444444444413,0.1625,-1
1071,2871,4.636666666666636,0.1625,-1
1072,2872,4.643888888888858,0.1625,-1
1073,2873,4.6511111111110806,0.1625,-1
1074,2874,4.658333333333303,0.1625,-1
1075,2875,4.6655555555555255,0.1625,-1
1076,2876,4.672777777777748,0.1625,-1
1077,2877,4.67999999999997,0.1625,-1
1078,2878,4.687222222222193,0.1625,-1
1079,2879,4.694444444444415,0.1625,-1
1080,2880,4.701666666666638,0.1625,-1
1081,2881,4.70888888888886,0.1625,-1
1082,2882,4.716111111111083,0.1625,-1
1083,2883,4.723333333333305,0.1625,-1
1084,2884,4.730555555555528,0.1625,-1
1085,2885,4.73777777777775,0.1625,-1
1086,2886,4.744999999999973,0.1625,-1
1087,2887,4.752222222222195,0.1625,-1
1088,2888,4.7594444444444175,0.1625,-1
1089,2889,4.76666666666664,0.1625,-1
1090,2890,4.773888888888862,0.1625,-1
1091,2891,4.781111111111085,0.1625,-1
1092,2892,4.788333333333307,0.1625,-1
1093,2893,4.79555555555553,0.1625,-1
1094,2894,4.802777777777752,0.1625,-1
1095,2895,4.809999999999975,0.1625,-1
1096,2896,4.817222222222197,0.1625,-1
1097,2897,4.82444444444442,0.1625,-1
1098,2898,4.831666666666642,0.1625,-1
1099,2899,4.838888888888865,0.1625,-1
1100,2900,4.846111111111087,0.1625,-1
1101,2901,4.8533333333333095,0.1625,-1
1102,2902,4.860555555555532,0.1625,-1
1103,2903,4.8677777777777544,0.1625,-1
1104,2904,4.874999999999977,0.1625,-1
1105,2905,4.882222222222199,0.1625,-1
1106,2906,4.889444444444422,0.1625,-1
1107,2907,4.896666666666644,0.1625,-1
1108,2908,4.903888888888867,0.1625,-1
1109,2909,4.911111111111089,0.1625,-1
1110,2910,4.918333333333312,0.1625,-1
1111,2911,4.925555555555534,0.1625,-1
1112,2912,4.932777777777757,0.1625,-1
1113,2913,4.932777777777757,0.1625,9
1114,2914,4.932777777777757,0.1625,9
1115,2915,4.932777777777757,0.1625,9
1116,2916,4.932777777777757,0.1625,9
1117,2917,4.932777777777757,0.1625,9
1118,2918,4.932777777777757,0.1625,9
1119,2919,4.932777777777757,0.1625,9
1120,2920,4.932777777777757,0.1625,9
1121,2921,4.932777777777757,0.1625,9
1122,2922,4.932777777777757,0.1625,9
1123,2923,4.932777777777757,0.1625,9
1124,2924,4.932777777777757,0.1625,9
1125,2925,4.932777777777757,0.1625,9
1126,2926,4.932777777777757,0.1625,9
1127,2927,4.932777777777757,0.1625,9
1128,2928,4.932777777777757,0.1625,9
1129,2929,4.932777777777757,0.1625,9
1130,2930,4.932777777777757,0.1625,9
1131,2931,4.932777777777757,0.1625,9
1132,2932,4.932777777777757,0.1625,9
1133,2933,4.932777777777757,0.1625,9
1134,2934,4.932777777777757,0.1625,9
1135,2935,4.932777777777757,0.1625,9
1136,2936,4.932777777777757,0.1625,9
1137,2937,4.932777777777757,0.1625,9
1138,2938,4.932777777777757,0.1625,9
1139,2939,4.932777777777757,0.1625,9
1140,2940,4.932777777777757,0.1625,9
1141,2941,4.932777777777757,0.1625,9
1142,2942,4.932777777777757,0.1625,9
1143,2943,4.932777777777757,0.1625,9
1144,2944,4.932777777777757,0.1625,9
1145,2945,4.932777777777757,0.1625,9
1146,2946,4.932777777777757,0.1625,9
1147,2947,4.932777777777757,0.1625,9
1148,2948,4.932777777777757,0.1625,9
1149,2949,4.932777777777757,0.1625,9
1150,2950,4.932777777777757,0.1625,9
1151,2951,4.932777777777757,0.1625,9
1152,2952,4.932777777777757,0.1625,9
1153,2953,4.932777777777757,0.1625,9
1154,2954,4.932777777777757,0.1625,9
1155,2955,4.932777777777757,0.1625,9
1156,2956,4.932777777777757,0.1625,9
1157,2957,4.932777777777757,0.1625,9
1158,2958,4.932777777777757,0.1625,9
1159,2959,4.932777777777757,0.1625,9
1160,2960,4.932777777777757,0.1625,9
1161,2961,4.932777777777757,0.1625,9
1162,2962,4.932777777777757,0.1625,9
1163,2963,4.932777777777757,0.1625,9
1164,2964,4.932777777777757,0.1625,9
1165,2965,4.932777777777757,0.1625,9
1166,2966,4.932777777777757,0.1625,9
1167,2967,4.932777777777757,0.1625,9
1168,2968,4.932777777777757,0.1625,9
1169,2969,4.932777777777757,0.1625,9
1170,2970,4.939999999999979,0.1625,-1
1171,2971,4.9472222222222015,0.1625,-1
1172,2972,4.954444444444424,0.1625,-1
1173,2973,4.9616666666666465,0.1625,-1
1174,2974,4.968888888888869,0.1625,-1
1175,2975,4.976111111111091,0.1625,-1
1176,2976,4.983333333333314,0.1625,-1
1177,2977,4.990555555555536,0.1625,-1
1178,2978,4.997777777777759,0.1625,-1
1179,2979,5.004999999999981,0.1625,-1
1180,2980,5.012222222222204,0.1625,-1
1181,2981,5.019444444444426,0.1625,-1
1182,2982,5.026666666666649,0.1625,-1
1183,2983,5.033888888888871,0.1625,-1
1184,2984,5.041111111111094,0.1625,-1
1185,2985,5.048333333333316,0.1625,-1
1186,2986,5.0555555555555385,0.1625,-1
1187,2987,5.062777777777761,0.1625,-1
1188,2988,5.069999999999983,0.1625,-1
1189,2989,5.077222222222206,0.1625,-1
1190,2990,5.084444444444428,0.1625,-1
1191,2991,5.091666666666651,0.1625,-1
1192,2992,5.098888888888873,0.1625,-1
1193,2993,5.106111111111096,0.1625,-1
1194,2994,5.113333333333318,0.1625,-1
1195,2995,5.120555555555541,0.1625,-1
1196,2996,5.127777777777763,0.1625,-1
1197,2997,5.134999999999986,0.1625,-1
1198,2998,5.142222222222208,0.1625,-1
1199,2999,5.1494444444444305,0.1625,-1
1200,3000,5.156666666666653,0.1625,-1
1201,3001,5.163888888888875,0.1625,-1
1202,3002,5.171111111111098,0.1625,-1
1203,3003,5.17833333333332,0.1625,-1
1204,3004,5.185555555555543,0.1625,-1
1205,3005,5.192777777777765,0.1625,-1
1206,3006,5.199999999999988,0.1625,-1
1207,3007,5.20722222222221,0.1625,-1
1208,3008,5.214444444444433,0.1625,-1
1209,3009,5.221666666666655,0.1625,-1
1210,3010,5.228888888888878,0.1625,-1
1211,3011,5.2361111111111,0.1625,-1
1212,3012,5.2433333333333225,0.1625,-1
1213,3013,5.250555555555545,0.1625,-1
1214,3014,5.2577777777777674,0.1625,-1
1215,3015,5.26499999999999,0.1625,-1
1216,3016,5.272222222222212,0.1625,-1
1217,3017,5.279444444444435,0.1625,-1
1218,3018,5.286666666666657,0.1625,-1
1219,3019,5.29388888888888,0.1625,-1
1220,3020,5.301111111111102,0.1625,-1
1221,3021,5.308333333333325,0.1625,-1
1222,3022,5.315555555555547,0.1625,-1
1223,3023,5.32277777777777,0.1625,-1
1224,3024,5.329999999999992,0.1625,-1
1225,3025,5.3372222222222145,0.1625,-1
1226,3026,5.344444444444437,0.1625,-1
1227,3027,5.3516666666666595,0.1625,-1
1228,3028,5.3516666666666595,0.1875,10
1229,3029,5.3516666666666595,0.1875,10
1230,3030,5.3516666666666595,0.1875,10
1231,3031,5.3516666666666595,0.1875,10
1232,3032,5.3516666666666595,0.1875,10
1233,3033,5.3516666666666595,0.1875,10
1234,3034,5.3516666666666595,0.1875,10
1235,3035,5.3516666666666595,0.1875,10
1236,3036,5.3516666666666595,0.1875,10
1237,3037,5.3516666666666595,0.1875,10
1238,3038,5.3516666666666595,0.1875,10
1239,3039,5.3516666666666595,0.1875,10
1240,3040,5.3516666666666595,0.1875,10
1241,3041,5.3516666666666595,0.1875,10
1242,3042,5.3516666666666595,0.1875,10
1243,3043,5.3516666666666595,0.1875,10
1244,3044,5.3516666666666595,0.1875,10
1245,3045,5.3516666666666595,0.1875,10
1246,3046,5.3516666666666595,0.1875,10
1247,3047,5.3516666666666595,0.1875,10
1248,3048,5.3516666666666595,0.1875,10
1249,3049,5.3516666666666595,0.1875,10
1250,3050,5.3516666666666595,0.1875,10
1251,3051,5.3516666666666595,0.1875,10
1252,3052,5.3516666666666595,0.1875,10
1253,3053,5.3516666666666595,0.1875,10
1254,3054,5.3516666666666595,0.1875,10
1255,3055,5.3516666666666595,0.1875,10
1256,3056,5.3516666666666595,0.1875,10
1257,3057,5.3516666666666595,0.1875,10
1258,3058,5.3516666666666595,0.1875,10
1259,3059,5.3516666666666595,0.1875,10
1260,3060,5.3516666666666595,0.1875,10
1261,3061,5.3516666666666595,0.1875,10
1262,3062,5.3516666666666595,0.1875,10
1263,3063,5.3516666666666595,0.1875,10
1264,3064,5.3516666666666595,0.1875,10
1265,3065,5.3516666666666595,0.1875,10
1266,3066,5.3516666666666595,0.1875,10
1267,3067,5.3516666666666595,0.1875,10
1268,3068,5.3516666666666595,0.1875,10
1269,3069,5.358888888888882,0.1875,-1
1270,3070,5.366111111111104,0.1875,-1
1271,3071,5.373333333333327,0.1875,-1
1272,3072,5.380555555555549,0.1875,-1
1273,3073,5.387777777777772,0.1875,-1
1274,3074,5.394999999999994,0.1875,-1
1275,3075,5.402222222222217,0.1875,-1
1276,3076,5.409444444444439,0.1875,-1
1277,3077,5.416666666666662,0.1875,-1
1278,3078,5.423888888888884,0.1875,-1
1279,3079,5.431111111111107,0.1875,-1
1280,3080,5.438333333333329,0.1875,-1
1281,3081,5.4455555555555515,0.1875,-1
1282,3082,5.452777777777774,0.1875,-1
1283,3083,5.459999999999996,0.1875,-1
1284,3084,5.467222222222219,0.1875,-1
1285,3085,5.474444444444441,0.1875,-1
1286,3086,5.481666666666664,0.1875,-1
1287,3087,5.488888888888886,0.1875,-1
1288,3088,5.496111111111109,0.1875,-1
1289,3089,5.503333333333331,0.1875,-1
1290,3090,5.510555555555554,0.1875,-1
1291,3091,5.517777777777776,0.1875,-1
1292,3092,5.524999999999999,0.1875,-1
1293,3093,5.532222222222221,0.1875,-1
1294,3094,5.5394444444444435,0.1875,-1
1295,3095,5.546666666666666,0.1875,-1
1296,3096,5.553888888888888,0.1875,-1
1297,3097,5.561111111111111,0.1875,-1
1298,3098,5.568333333333333,0.1875,-1
1299,3099,5.575555555555556,0.1875,-1
1300,3100,5.582777777777778,0.1875,-1
1301,3101,5.590000000000001,0.1875,-1
1302,3102,5.597222222222223,0.1875,-1
1303,3103,5.604444444444446,0.1875,-1
1304,3104,5.611666666666668,0.1875,-1
1305,3105,5.618888888888891,0.1875,-1
1306,3106,5.626111111111113,0.1875,-1
1307,3107,5.6333333333333355,0.1875,-1
1308,3108,5.640555555555558,0.1875,-1
1309,3109,5.6477777777777805,0.1875,-1
1310,3110,5.655000000000003,0.1875,-1
1311,3111,5.662222222222225,0.1875,-1
1312,3112,5.669444444444448,0.1875,-1
1313,3113,5.67666666666667,0.1875,-1
1314,3114,5.683888888888893,0.1875,-1
1315,3115,5.691111111111115,0.1875,-1
1316,3116,5.698333333333338,0.1875,-1
1317,3117,5.70555555555556,0.1875,-1
1318,3118,5.712777777777783,0.1875,-1
1319,3119,5.720000000000005,0.1875,-1
1320,3120,5.7272222222222275,0.1875,-1
1321,3121,5.73444444444445,0.1875,-1
1322,3122,5.7416666666666725,0.1875,-1
1323,3123,5.748888888888895,0.1875,-1
1324,3124,5.756111111111117,0.1875,-1
1325,3125,5.76333333333334,0.1875,-1
1326,3126,5.770555555555562,0.1875,-1
1327,3127,5.777777777777785,0.1875,-1
1328,3128,5.785000000000007,0.1875,-1
1329,3129,5.79222222222223,0.1875,-1
1330,3130,5.799444444444452,0.1875,-1
1331,3131,5.806666666666675,0.1875,-1
1332,3132,5.813888888888897,0.1875,-1
1333,3133,5.82111111111112,0.1875,-1
1334,3134,5.828333333333342,0.1875,-1
1335,3135,5.8355555555555645,0.1875,-1
1336,3136,5.842777777777787,0.1875,-1
1337,3137,5.850000000000009,0.1875,-1
1338,3138,5.857222222222232,0.1875,-1
1339,3139,5.864444444444454,0.1875,-1
1340,3140,5.871666666666677,0.1875,-1
1341,3141,5.878888888888899,0.1875,-1
1342,3142,5.886111111111122,0.1875,-1
1343,3143,5.893333333333344,0.1875,-1
1344,3144,5.900555555555567,0.1875,-1
1345,3145,5.907777777777789,0.1875,-1
1346,3146,5.915000000000012,0.1875,-1
1347,3147,5.922222222222234,0.1875,-1
1348,3148,5.9294444444444565,0.1875,-1
1349,3149,5.936666666666679,0.1875,-1
1350,3150,5.943888888888901,0.1875,-1
1351,3151,5.951111111111124,0.1875,-1
1352,3152,5.958333333333346,0.1875,-1
1353,3153,5.965555555555569,0.1875,-1
1354,3154,5.972777777777791,0.1875,-1
1355,3155,5.980000000000014,0.1875,-1
1356,3156,5.987222222222236,0.1875,-1
1357,3157,5.994444444444459,0.1875,-1
1358,3158,6.001666666666681,0.1875,-1
1359,3159,6.008888888888904,0.1875,-1
1360,3160,6.016111111111126,0.1875,-1
1361,3161,6.0233333333333485,0.1875,-1
1362,3162,6.030555555555571,0.1875,-1
1363,3163,6.0377777777777935,0.1875,-1
1364,3164,6.045000000000016,0.1875,-1
1365,3165,6.052222222222238,0.1875,-1
1366,3166,6.059444444444461,0.1875,-1
1367,3167,6.066666666666683,0.1875,-1
1368,3168,6.073888888888906,0.1875,-1
1369,3169,6.081111111111128,0.1875,-1
1370,3170,6.088333333333351,0.1875,-1
1371,3171,6.095555555555573,0.1875,-1
1372,3172,6.102777777777796,0.1875,-1
1373,3173,6.110000000000018,0.1875,-1
1374,3174,6.1172222222222405,0.1875,-1
1375,3175,6.124444444444463,0.1875,-1
1376,3176,6.1316666666666855,0.1875,-1
1377,3177,6.138888888888908,0.1875,-1
1378,3178,6.14611111111113,0.1875,-1
1379,3179,6.153333333333353,0.1875,-1
1380,3180,6.160555555555575,0.1875,-1
1381,3181,6.167777777777798,0.1875,-1
1382,3182,6.17500000000002,0.1875,-1
1383,3183,6.182222222222243,0.1875,-1
1384,3184,6.189444444444465,0.1875,-1
1385,3185,6.196666666666688,0.1875,-1
1386,3186,6.20388888888891,0.1875,-1
1387,3187,6.211111111111133,0.1875,-1
1388,3188,6.218333333333355,0.1875,-1
1389,3189,6.2255555555555775,0.1875,-1
1390,3190,6.2327777777778,0.1875,-1
1391,3191,6.240000000000022,0.1875,-1
1392,3192,6.247222222222245,0.1875,-1
1393,3193,6.254444444444467,0.1875,-1
1394,3194,6.26166666666669,0.1875,-1
1395,3195,6.268888888888912,0.1875,-1
1396,3196,6.276111111111135,0.1875,-1
1397,3197,6.283333333333357,0.1875,-1
1398,3198,6.29055555555558,0.1875,-1
1399,3199,6.297777777777802,0.1875,-1
1400,3200,6.305000000000025,0.1875,-1
1401,3201,6.312222222222247,0.1875,-1
1402,3202,6.3194444444444695,0.1875,-1
1403,3203,6.326666666666692,0.1875,-1
1404,3204,6.333888888888914,0.1875,-1
1405,3205,6.341111111111137,0.1875,-1
1406,3206,6.348333333333359,0.1875,-1
1407,3207,6.355555555555582,0.1875,-1
1408,3208,6.362777777777804,0.1875,-1
1409,3209,6.370000000000027,0.1875,-1
1410,3210,6.377222222222249,0.1875,-1
1411,3211,6.384444444444472,0.1875,-1
1412,3212,6.391666666666694,0.1875,-1
1413,3213,6.398888888888917,0.1875,-1
1414,3214,6.406111111111139,0.1875,-1
1415,3215,6.4133333333333615,0.1875,-1
1416,3216,6.420555555555584,0.1875,-1
1417,3217,6.4277777777778065,0.1875,-1
1418,3218,6.435000000000029,0.1875,-1
1419,3219,6.442222222222251,0.1875,-1
1420,3220,6.449444444444474,0.1875,-1
1421,3221,6.456666666666696,0.1875,-1
1422,3222,6.463888888888919,0.1875,-1
1423,3223,6.471111111111141,0.1875,-1
1424,3224,6.478333333333364,0.1875,-1
1425,3225,6.485555555555586,0.1875,-1
1426,3226,6.492777777777809,0.1875,-1
1427,3227,6.492777777777809,0.2,11
1428,3228,6.492777777777809,0.2,11
1429,3229,6.492777777777809,0.2,11
1430,3230,6.492777777777809,0.2,11
1431,3231,6.492777777777809,0.2,11
1432,3232,6.492777777777809,0.2,11
1433,3233,6.492777777777809,0.2,11
1434,3234,6.492777777777809,0.2,11
1435,3235,6.492777777777809,0.2,11
1436,3236,6.492777777777809,0.2,11
1437,3237,6.492777777777809,0.2,11
1438,3238,6.492777777777809,0.2,11
1439,3239,6.492777777777809,0.2,11
1440,3240,6.492777777777809,0.2,11
1441,3241,6.492777777777809,0.2,11
1442,3242,6.492777777777809,0.2,11
1443,3243,6.492777777777809,0.2,11
1444,3244,6.492777777777809,0.2,11
1445,3245,6.492777777777809,0.2,11
1446,3246,6.492777777777809,0.2,11
1447,3247,6.492777777777809,0.2,11
1448,3248,6.492777777777809,0.2,11
1449,3249,6.492777777777809,0.2,11
1450,3250,6.492777777777809,0.2,11
1451,3251,6.492777777777809,0.2,11
1452,3252,6.492777777777809,0.2,11
1453,3253,6.492777777777809,0.2,11
1454,3254,6.492777777777809,0.2,11
1455,3255,6.492777777777809,0.2,11
1456,3256,6.492777777777809,0.2,11
1457,3257,6.492777777777809,0.2,11
1458,3258,6.492777777777809,0.2,11
1459,3259,6.492777777777809,0.2,11
1460,3260,6.492777777777809,0.2,11
1461,3261,6.492777777777809,0.2,11
1462,3262,6.492777777777809,0.2,11
1463,3263,6.492777777777809,0.2,11
1464,3264,6.492777777777809,0.2,11
1465,3265,6.492777777777809,0.2,11
1466,3266,6.492777777777809,0.2,11
1467,3267,6.492777777777809,0.2,11
1468,3268,6.492777777777809,0.2,11
1469,3269,6.492777777777809,0.2,11
1470,3270,6.492777777777809,0.2,11
1471,3271,6.492777777777809,0.2,11
1472,3272,6.492777777777809,0.2,11
1473,3273,6.492777777777809,0.2,11
1474,3274,6.492777777777809,0.2,11
1475,3275,6.492777777777809,0.2,11
1476,3276,6.492777777777809,0.2,11
1477,3277,6.492777777777809,0.2,11
1478,3278,6.492777777777809,0.2,11
1479,3279,6.492777777777809,0.2,11
1480,3280,6.492777777777809,0.2,11
1481,3281,6.492777777777809,0.2,11
1482,3282,6.492777777777809,0.2,11
1483,3283,6.492777777777809,0.2,11
1484,3284,6.492777777777809,0.2,11
1485,3285,6.492777777777809,0.2,11
1486,3286,6.492777777777809,0.2,11
1487,3287,6.492777777777809,0.2,11
1488,3288,6.492777777777809,0.2,11
1489,3289,6.492777777777809,0.2,11
1490,3290,6.492777777777809,0.2,11
1491,3291,6.492777777777809,0.2,11
1492,3292,6.492777777777809,0.2,11
1493,3293,6.492777777777809,0.2,11
1494,3294,6.492777777777809,0.2,11
1495,3295,6.492777777777809,0.2,11
1496,3296,6.492777777777809,0.2,11
1497,3297,6.492777777777809,0.2,11
1498,3298,6.492777777777809,0.2,11
1499,3299,6.492777777777809,0.2,11
1500,3300,6.492777777777809,0.2,11
1501,3301,6.492777777777809,0.2,11
1502,3302,6.492777777777809,0.2,11
1503,3303,6.492777777777809,0.2,11
1504,3304,6.492777777777809,0.2,11
1505,3305,6.492777777777809,0.2,11
1506,3306,6.492777777777809,0.2,11
1507,3307,6.492777777777809,0.2,11
1508,3308,6.492777777777809,0.2,11
1509,3309,6.492777777777809,0.2,11
1510,3310,6.492777777777809,0.2,11
1511,3311,6.492777777777809,0.2,11
1512,3312,6.492777777777809,0.2,11
1513,3313,6.492777777777809,0.2,11
1514,3314,6.492777777777809,0.2,11
1515,3315,6.492777777777809,0.2,11
1516,3316,6.492777777777809,0.2,11
1517,3317,6.492777777777809,0.2,11
1518,3318,6.492777777777809,0.2,11
1519,3319,6.492777777777809,0.2,11
1520,3320,6.492777777777809,0.2,11
1521,3321,6.492777777777809,0.2,11
1522,3322,6.492777777777809,0.2,11
1523,3323,6.492777777777809,0.2,11
1524,3324,6.492777777777809,0.2,11
1525,3325,6.492777777777809,0.2,11
1526,3326,6.492777777777809,0.2,11
1527,3327,6.492777777777809,0.2,11
1528,3328,6.492777777777809,0.2,11
1529,3329,6.492777777777809,0.2,11
1530,3330,6.492777777777809,0.2,11
1531,3331,6.492777777777809,0.2,11
1532,3332,6.492777777777809,0.2,11
1533,3333,6.492777777777809,0.2,11
1534,3334,6.492777777777809,0.2,11
1535,3335,6.492777777777809,0.2,11
1536,3336,6.492777777777809,0.2,11
1537,3337,6.492777777777809,0.2,11
1538,3338,6.492777777777809,0.2,11
1539,3339,6.492777777777809,0.2,11
1540,3340,6.500000000000031,0.2,-1
1541,3341,6.5072222222222535,0.2,-1
1542,3342,6.514444444444476,0.2,-1
1543,3343,6.5216666666666985,0.2,-1
1544,3344,6.528888888888921,0.2,-1
1545,3345,6.536111111111143,0.2,-1
1546,3346,6.543333333333366,0.2,-1
1547,3347,6.550555555555588,0.2,-1
1548,3348,6.557777777777811,0.2,-1
1549,3349,6.565000000000033,0.2,-1
1550,3350,6.572222222222256,0.2,-1
1551,3351,6.579444444444478,0.2,-1
1552,3352,6.586666666666701,0.2,-1
1553,3353,6.593888888888923,0.2,-1
1554,3354,6.601111111111146,0.2,-1
1555,3355,6.608333333333368,0.2,-1
1556,3356,6.6155555555555905,0.2,-1
1557,3357,6.622777777777813,0.2,-1
1558,3358,6.630000000000035,0.2,-1
1559,3359,6.637222222222258,0.2,-1
1560,3360,6.64444444444448,0.2,-1
1561,3361,6.651666666666703,0.2,-1
1562,3362,6.658888888888925,0.2,-1
1563,3363,6.666111111111148,0.2,-1
1564,3364,6.67333333333337,0.2,-1
1565,3365,6.680555555555593,0.2,-1
1566,3366,6.687777777777815,0.2,-1
1567,3367,6.695000000000038,0.2,-1
1568,3368,6.70222222222226,0.2,-1
1569,3369,6.7094444444444825,0.2,-1
1570,3370,6.716666666666705,0.2,-1
1571,3371,6.723888888888927,0.2,-1
1572,3372,6.73111111111115,0.2,-1
1573,3373,6.738333333333372,0.2,-1
1574,3374,6.745555555555595,0.2,-1
1575,3375,6.752777777777817,0.2,-1
1576,3376,6.76000000000004,0.2,-1
1577,3377,6.767222222222262,0.2,-1
1578,3378,6.774444444444485,0.2,-1
1579,3379,6.781666666666707,0.2,-1
1580,3380,6.78888888888893,0.2,-1
1581,3381,6.796111111111152,0.2,-1
1582,3382,6.8033333333333745,0.2,-1
1583,3383,6.810555555555597,0.2,-1
1584,3384,6.8177777777778195,0.2,-1
1585,3385,6.825000000000042,0.2,-1
1586,3386,6.832222222222264,0.2,-1
1587,3387,6.839444444444487,0.2,-1
1588,3388,6.846666666666709,0.2,-1
1589,3389,6.853888888888932,0.2,-1
1590,3390,6.861111111111154,0.2,-1
1591,3391,6.868333333333377,0.2,-1
1592,3392,6.875555555555599,0.2,-1
1593,3393,6.882777777777822,0.2,-1
1594,3394,6.890000000000044,0.2,-1
1595,3395,6.8972222222222666,0.2,-1
1596,3396,6.904444444444489,0.2,-1
1597,3397,6.9116666666667115,0.2,-1
1598,3398,6.918888888888934,0.2,-1
1599,3399,6.926111111111156,0.2,-1
1600,3400,6.933333333333379,0.2,-1
1601,3401,6.933333333333379,0.225,12
1602,3402,6.933333333333379,0.225,12
1603,3403,6.933333333333379,0.225,12
1604,3404,6.933333333333379,0.225,12
1605,3405,6.933333333333379,0.225,12
1606,3406,6.933333333333379,0.225,12
1607,3407,6.933333333333379,0.225,12
1608,3408,6.933333333333379,0.225,12
1609,3409,6.933333333333379,0.225,12
1610,3410,6.933333333333379,0.225,12
1611,3411,6.933333333333379,0.225,12
1612,3412,6.933333333333379,0.225,12
1613,3413,6.933333333333379,0.225,12
1614,3414,6.933333333333379,0.225,12
1615,3415,6.933333333333379,0.225,12
1616,3416,6.933333333333379,0.225,12
1617,3417,6.933333333333379,0.225,12
1618,3418,6.933333333333379,0.225,12
1619,3419,6.933333333333379,0.225,12
1620,3420,6.933333333333379,0.225,12
1621,3421,6.933333333333379,0.225,12
1622,3422,6.933333333333379,0.225,12
1623,3423,6.933333333333379,0.225,12
1624,3424,6.933333333333379,0.225,12
1625,3425,6.933333333333379,0.225,12
1626,3426,6.933333333333379,0.225,12
1627,3427,6.933333333333379,0.225,12
1628,3428,6.933333333333379,0.225,12
1629,3429,6.933333333333379,0.225,12
1630,3430,6.933333333333379,0.225,12
1631,3431,6.940555555555601,0.225,-1
1632,3432,6.947777777777824,0.225,-1
1633,3433,6.955000000000046,0.225,-1
1634,3434,6.962222222222269,0.225,-1
1635,3435,6.969444444444491,0.225,-1
1636,3436,6.976666666666714,0.225,-1
1637,3437,6.983888888888936,0.225,-1
1638,3438,6.991111111111159,0.225,-1
1639,3439,6.998333333333381,0.225,-1
1640,3440,7.0055555555556035,0.225,-1
1641,3441,7.012777777777826,0.225,-1
1642,3442,7.020000000000048,0.225,-1
1643,3443,7.027222222222271,0.225,-1
1644,3444,7.034444444444493,0.225,-1
1645,3445,7.041666666666716,0.225,-1
1646,3446,7.048888888888938,0.225,-1
1647,3447,7.056111111111161,0.225,-1
1648,3448,7.063333333333383,0.225,-1
1649,3449,7.070555555555606,0.225,-1
1650,3450,7.077777777777828,0.225,-1
1651,3451,7.085000000000051,0.225,-1
1652,3452,7.092222222222273,0.225,-1
1653,3453,7.0994444444444955,0.225,-1
1654,3454,7.106666666666718,0.225,-1
1655,3455,7.11388888888894,0.225,-1
1656,3456,7.121111111111163,0.225,-1
1657,3457,7.128333333333385,0.225,-1
1658,3458,7.135555555555608,0.225,-1
1659,3459,7.14277777777783,0.225,-1
1660,3460,7.150000000000053,0.225,-1
1661,3461,7.157222222222275,0.225,-1
1662,3462,7.164444444444498,0.225,-1
1663,3463,7.17166666666672,0.225,-1
1664,3464,7.178888888888943,0.225,-1
1665,3465,7.186111111111165,0.225,-1
1666,3466,7.1933333333333875,0.225,-1
1667,3467,7.20055555555561,0.225,-1
1668,3468,7.2077777777778325,0.225,-1
1669,3469,7.215000000000055,0.225,-1
1670,3470,7.222222222222277,0.225,-1
1671,3471,7.2294444444445,0.225,-1
1672,3472,7.236666666666722,0.225,-1
1673,3473,7.243888888888945,0.225,-1
1674,3474,7.251111111111167,0.225,-1
1675,3475,7.25833333333339,0.225,-1
1676,3476,7.265555555555612,0.225,-1
1677,3477,7.272777777777835,0.225,-1
1678,3478,7.280000000000057,0.225,-1
1679,3479,7.2872222222222796,0.225,-1
1680,3480,7.294444444444502,0.225,-1
1681,3481,7.3016666666667245,0.225,-1
1682,3482,7.3016666666667245,0.2125,13
1683,3483,7.3016666666667245,0.2125,13
1684,3484,7.3016666666667245,0.2125,13
1685,3485,7.3016666666667245,0.2125,13
1686,3486,7.3016666666667245,0.2125,13
1687,3487,7.3016666666667245,0.2125,13
1688,3488,7.3016666666667245,0.2125,13
1689,3489,7.3016666666667245,0.2125,13
1690,3490,7.3016666666667245,0.2125,13
1691,3491,7.3016666666667245,0.2125,13
1692,3492,7.3016666666667245,0.2125,13
1693,3493,7.3016666666667245,0.2125,13
1694,3494,7.3016666666667245,0.2125,13
1695,3495,7.3016666666667245,0.2125,13
1696,3496,7.3016666666667245,0.2125,13
1697,3497,7.3016666666667245,0.2125,13
1698,3498,7.3016666666667245,0.2125,13
1699,3499,7.3016666666667245,0.2125,13
1700,3500,7.3016666666667245,0.2125,13
1701,3501,7.3016666666667245,0.2125,13
1702,3502,7.3016666666667245,0.2125,13
1703,3503,7.3016666666667245,0.2125,13
1704,3504,7.3016666666667245,0.2125,13
1705,3505,7.3016666666667245,0.2125,13
1706,3506,7.3016666666667245,0.2125,13
1707,3507,7.3016666666667245,0.2125,13
1708,3508,7.3016666666667245,0.2125,13
1709,3509,7.3016666666667245,0.2125,13
1710,3510,7.3016666666667245,0.2125,13
1711,3511,7.3016666666667245,0.2125,13
1712,3512,7.3016666666667245,0.2125,13
1713,3513,7.3016666666667245,0.2125,13
1714,3514,7.3016666666667245,0.2125,13
1715,3515,7.3016666666667245,0.2125,13
1716,3516,7.3016666666667245,0.2125,13
1717,3517,7.3016666666667245,0.2125,13
1718,3518,7.3016666666667245,0.2125,13
1719,3519,7.3016666666667245,0.2125,13
1720,3520,7.3016666666667245,0.2125,13
1721,3521,7.3016666666667245,0.2125,13
1722,3522,7.3016666666667245,0.2125,13
1723,3523,7.3016666666667245,0.2125,13
1724,3524,7.3016666666667245,0.2125,13
1725,3525,7.3016666666667245,0.2125,13
1726,3526,7.3016666666667245,0.2125,13
1727,3527,7.3016666666667245,0.2125,13
1728,3528,7.3016666666667245,0.2125,13
1729,3529,7.3016666666667245,0.2125,13
1730,3530,7.3016666666667245,0.2125,13
1731,3531,7.3016666666667245,0.2125,13
1732,3532,7.3016666666667245,0.2125,13
1733,3533,7.3016666666667245,0.2125,13
1734,3534,7.3016666666667245,0.2125,13
1735,3535,7.3016666666667245,0.2125,13
1736,3536,7.3016666666667245,0.2125,13
1737,3537,7.3016666666667245,0.2125,13
1738,3538,7.3016666666667245,0.2125,13
1739,3539,7.3016666666667245,0.2125,13
1740,3540,7.3016666666667245,0.2125,13
1741,3541,7.3016666666667245,0.2125,13
1742,3542,7.3016666666667245,0.2125,13
1743,3543,7.3016666666667245,0.2125,13
1744,3544,7.3016666666667245,0.2125,13
1745,3545,7.3016666666667245,0.2125,13
1746,3546,7.3016666666667245,0.2125,13
1747,3547,7.3016666666667245,0.2125,13
1748,3548,7.3016666666667245,0.2125,13
1749,3549,7.3016666666667245,0.2125,13
1750,3550,7.3016666666667245,0.2125,13
1751,3551,7.3016666666667245,0.2125,13
1752,3552,7.3016666666667245,0.2125,13
1753,3553,7.3016666666667245,0.2125,13
1754,3554,7.3016666666667245,0.2125,13
1755,3555,7.3016666666667245,0.2125,13
1756,3556,7.3016666666667245,0.2125,13
1757,3557,7.3016666666667245,0.2125,13
1758,3558,7.3016666666667245,0.2125,13
1759,3559,7.3016666666667245,0.2125,13
1760,3560,7.3016666666667245,0.2125,13
1761,3561,7.3016666666667245,0.2125,13
1762,3562,7.3016666666667245,0.2125,13
1763,3563,7.3016666666667245,0.2125,13
1764,3564,7.3016666666667245,0.2125,13
1765,3565,7.3016666666667245,0.2125,13
1766,3566,7.3016666666667245,0.2125,13
1767,3567,7.3016666666667245,0.2125,13
1768,3568,7.308888888888947,0.2125,-1
1769,3569,7.316111111111169,0.2125,-1
1770,3570,7.323333333333392,0.2125,-1
1771,3571,7.330555555555614,0.2125,-1
1772,3572,7.337777777777837,0.2125,-1
1773,3573,7.345000000000059,0.2125,-1
1774,3574,7.352222222222282,0.2125,-1
1775,3575,7.359444444444504,0.2125,-1
1776,3576,7.366666666666727,0.2125,-1
1777,3577,7.373888888888949,0.2125,-1
1778,3578,7.381111111111172,0.2125,-1
1779,3579,7.388333333333394,0.2125,-1
1780,3580,7.3955555555556165,0.2125,-1
1781,3581,7.402777777777839,0.2125,-1
1782,3582,7.410000000000061,0.2125,-1
1783,3583,7.417222222222284,0.2125,-1
1784,3584,7.424444444444506,0.2125,-1
1785,3585,7.431666666666729,0.2125,-1
1786,3586,7.438888888888951,0.2125,-1
1787,3587,7.446111111111174,0.2125,-1
1788,3588,7.453333333333396,0.2125,-1
1789,3589,7.460555555555619,0.2125,-1
1790,3590,7.467777777777841,0.2125,-1
1791,3591,7.475000000000064,0.2125,-1
1792,3592,7.482222222222286,0.2125,-1
1793,3593,7.4894444444445085,0.2125,-1
1794,3594,7.496666666666731,0.2125,-1
1795,3595,7.5038888888889534,0.2125,-1
1796,3596,7.511111111111176,0.2125,-1
1797,3597,7.518333333333398,0.2125,-1
1798,3598,7.525555555555621,0.2125,-1
1799,3599,7.532777777777843,0.2125,-1
1800,3600,7.540000000000066,0.2125,-1
1801,3601,7.547222222222288,0.2125,-1
1802,3602,7.554444444444511,0.2125,-1
1803,3603,7.561666666666733,0.2125,-1
1804,3604,7.568888888888956,0.2125,-1
1805,3605,7.576111111111178,0.2125,-1
1806,3606,7.5833333333334005,0.2125,-1
1807,3607,7.590555555555623,0.2125,-1
1808,3608,7.5977777777778455,0.2125,-1
1809,3609,7.605000000000068,0.2125,-1
1810,3610,7.61222222222229,0.2125,-1
1811,3611,7.619444444444513,0.2125,-1
1812,3612,7.626666666666735,0.2125,-1
1813,3613,7.633888888888958,0.2125,-1
1814,3614,7.64111111111118,0.2125,-1
1815,3615,7.648333333333403,0.2125,-1
1816,3616,7.655555555555625,0.2125,-1
1817,3617,7.662777777777848,0.2125,-1
1818,3618,7.67000000000007,0.2125,-1
1819,3619,7.677222222222293,0.2125,-1
1820,3620,7.684444444444515,0.2125,-1
1821,3621,7.6916666666667375,0.2125,-1
1822,3622,7.69888888888896,0.2125,-1
1823,3623,7.706111111111182,0.2125,-1
1824,3624,7.713333333333405,0.2125,-1
1825,3625,7.720555555555627,0.2125,-1
1826,3626,7.72777777777785,0.2125,-1
1827,3627,7.735000000000072,0.2125,-1
1828,3628,7.742222222222295,0.2125,-1
1829,3629,7.749444444444517,0.2125,-1
1830,3630,7.75666666666674,0.2125,-1
1831,3631,7.763888888888962,0.2125,-1
1832,3632,7.771111111111185,0.2125,-1
1833,3633,7.778333333333407,0.2125,-1
1834,3634,7.7855555555556295,0.2125,-1
1835,3635,7.792777777777852,0.2125,-1
1836,3636,7.800000000000074,0.2125,-1
1837,3637,7.807222222222297,0.2125,-1
1838,3638,7.814444444444519,0.2125,-1
1839,3639,7.821666666666742,0.2125,-1
1840,3640,7.828888888888964,0.2125,-1
1841,3641,7.836111111111187,0.2125,-1
1842,3642,7.843333333333409,0.2125,-1
1843,3643,7.850555555555632,0.2125,-1
1844,3644,7.857777777777854,0.2125,-1
1845,3645,7.865000000000077,0.2125,-1
1846,3646,7.872222222222299,0.2125,-1
1847,3647,7.8794444444445215,0.2125,-1
1848,3648,7.886666666666744,0.2125,-1
1849,3649,7.8938888888889664,0.2125,-1
1850,3650,7.8938888888889664,0.25,14
1851,3651,7.8938888888889664,0.25,14
1852,3652,7.8938888888889664,0.25,14
1853,3653,7.8938888888889664,0.25,14
1854,3654,7.8938888888889664,0.25,14
1855,3655,7.8938888888889664,0.25,14
1856,3656,7.8938888888889664,0.25,14
1857,3657,7.8938888888889664,0.25,14
1858,3658,7.8938888888889664,0.25,14
1859,3659,7.8938888888889664,0.25,14
1860,3660,7.8938888888889664,0.25,14
1861,3661,7.8938888888889664,0.25,14
1862,3662,7.8938888888889664,0.25,14
1863,3663,7.8938888888889664,0.25,14
1864,3664,7.8938888888889664,0.25,14
1865,3665,7.8938888888889664,0.25,14
1866,3666,7.8938888888889664,0.25,14
1867,3667,7.8938888888889664,0.25,14
1868,3668,7.8938888888889664,0.25,14
1869,3669,7.8938888888889664,0.25,14
1870,3670,7.8938888888889664,0.25,14
1871,3671,7.8938888888889664,0.25,14
1872,3672,7.8938888888889664,0.25,14
1873,3673,7.8938888888889664,0.25,14
1874,3674,7.8938888888889664,0.25,14
1875,3675,7.8938888888889664,0.25,14
1876,3676,7.8938888888889664,0.25,14
1877,3677,7.8938888888889664,0.25,14
1878,3678,7.8938888888889664,0.25,14
1879,3679,7.8938888888889664,0.25,14
1880,3680,7.8938888888889664,0.25,14
1881,3681,7.8938888888889664,0.25,14
1882,3682,7.8938888888889664,0.25,14
1883,3683,7.8938888888889664,0.25,14
1884,3684,7.8938888888889664,0.25,14
1885,3685,7.8938888888889664,0.25,14
1886,3686,7.8938888888889664,0.25,14
1887,3687,7.8938888888889664,0.25,14
1888,3688,7.8938888888889664,0.25,14
1889,3689,7.8938888888889664,0.25,14
1890,3690,7.8938888888889664,0.25,14
1891,3691,7.8938888888889664,0.25,14
1892,3692,7.8938888888889664,0.25,14
1893,3693,7.8938888888889664,0.25,14
1894,3694,7.8938888888889664,0.25,14
1895,3695,7.8938888888889664,0.25,14
1896,3696,7.8938888888889664,0.25,14
1897,3697,7.8938888888889664,0.25,14
1898,3698,7.8938888888889664,0.25,14
1899,3699,7.8938888888889664,0.25,14
1900,3700,7.8938888888889664,0.25,14
1901,3701,7.8938888888889664,0.25,14
1902,3702,7.8938888888889664,0.25,14
1903,3703,7.8938888888889664,0.25,14
1904,3704,7.8938888888889664,0.25,14
1905,3705,7.8938888888889664,0.25,14
1906,3706,7.8938888888889664,0.25,14
1907,3707,7.901111111111189,0.25,-1
1908,3708,7.908333333333411,0.25,-1
1909,3709,7.915555555555634,0.25,-1
1910,3710,7.922777777777856,0.25,-1
1911,3711,7.930000000000079,0.25,-1
1912,3712,7.937222222222301,0.25,-1
1913,3713,7.944444444444524,0.25,-1
1914,3714,7.951666666666746,0.25,-1
1915,3715,7.958888888888969,0.25,-1
1916,3716,7.966111111111191,0.25,-1
1917,3717,7.9733333333334135,0.25,-1
1918,3718,7.980555555555636,0.25,-1
1919,3719,7.9877777777778585,0.25,-1
1920,3720,7.995000000000081,0.25,-1
1921,3721,8.002222222222303,0.25,-1
1922,3722,8.009444444444524,0.25,-1
1923,3723,8.016666666666746,0.25,-1
1924,3724,8.023888888888967,0.25,-1
1925,3725,8.031111111111189,0.25,-1
1926,3726,8.03833333333341,0.25,-1
1927,3727,8.045555555555632,0.25,-1
1928,3728,8.052777777777854,0.25,-1
1929,3729,8.060000000000075,0.25,-1
1930,3730,8.067222222222297,0.25,-1
1931,3731,8.074444444444518,0.25,-1
1932,3732,8.08166666666674,0.25,-1
1933,3733,8.088888888888961,0.25,-1
1934,3734,8.096111111111183,0.25,-1
1935,3735,8.103333333333405,0.25,-1
1936,3736,8.110555555555626,0.25,-1
1937,3737,8.117777777777848,0.25,-1
1938,3738,8.12500000000007,0.25,-1
1939,3739,8.13222222222229,0.25,-1
1940,3740,8.139444444444512,0.25,-1
1941,3741,8.146666666666734,0.25,-1
1942,3742,8.153888888888956,0.25,-1
1943,3743,8.161111111111177,0.25,-1
1944,3744,8.168333333333399,0.25,-1
1945,3745,8.17555555555562,0.25,-1
1946,3746,8.182777777777842,0.25,-1
1947,3747,8.190000000000063,0.25,-1
1948,3748,8.197222222222285,0.25,-1
1949,3749,8.204444444444507,0.25,-1
1950,3750,8.211666666666728,0.25,-1
1951,3751,8.21888888888895,0.25,-1
1952,3752,8.226111111111171,0.25,-1
1953,3753,8.233333333333393,0.25,-1
1954,3754,8.240555555555614,0.25,-1
1955,3755,8.247777777777836,0.25,-1
1956,3756,8.255000000000058,0.25,-1
1957,3757,8.26222222222228,0.25,-1
1958,3758,8.2694444444445,0.25,-1
1959,3759,8.2694444444445,0.3375,15
1960,3760,8.2694444444445,0.3375,15
1961,3761,8.2694444444445,0.3375,15
1962,3762,8.2694444444445,0.3375,15
1963,3763,8.2694444444445,0.3375,15
1964,3764,8.2694444444445,0.3375,15
1965,3765,8.2694444444445,0.3375,15
1966,3766,8.2694444444445,0.3375,15
1967,3767,8.2694444444445,0.3375,15
1968,3768,8.2694444444445,0.3375,15
1969,3769,8.2694444444445,0.3375,15
1970,3770,8.2694444444445,0.3375,15
1971,3771,8.2694444444445,0.3375,15
1972,3772,8.2694444444445,0.3375,15
1973,3773,8.2694444444445,0.3375,15
1974,3774,8.2694444444445,0.3375,15
1975,3775,8.2694444444445,0.3375,15
1976,3776,8.2694444444445,0.3375,15
1977,3777,8.2694444444445,0.3375,15
1978,3778,8.2694444444445,0.3375,15
1979,3779,8.2694444444445,0.3375,15
1980,3780,8.276666666666722,0.3375,-1
1981,3781,8.283888888888944,0.3375,-1
1982,3782,8.291111111111165,0.3375,-1
1983,3783,8.298333333333387,0.3375,-1
1984,3784,8.305555555555609,0.3375,-1
1985,3785,8.31277777777783,0.3375,-1
1986,3786,8.320000000000052,0.3375,-1
1987,3787,8.327222222222273,0.3375,-1
1988,3788,8.334444444444495,0.3375,-1
1989,3789,8.341666666666717,0.3375,-1
1990,3790,8.348888888888938,0.3375,-1
1991,3791,8.35611111111116,0.3375,-1
1992,3792,8.363333333333381,0.3375,-1
1993,3793,8.370555555555603,0.3375,-1
1994,3794,8.377777777777824,0.3375,-1
1995,3795,8.385000000000046,0.3375,-1
1996,3796,8.392222222222268,0.3375,-1
1997,3797,8.39944444444449,0.3375,-1
1998,3798,8.40666666666671,0.3375,-1
1999,3799,8.413888888888932,0.3375,-1
2000,3800,8.421111111111154,0.3375,-1
2001,3801,8.428333333333375,0.3375,-1
2002,3802,8.435555555555597,0.3375,-1
2003,3803,8.442777777777819,0.3375,-1
2004,3804,8.45000000000004,0.3375,-1
2005,3805,8.457222222222262,0.3375,-1
2006,3806,8.464444444444483,0.3375,-1
2007,3807,8.471666666666705,0.3375,-1
2008,3808,8.478888888888926,0.3375,-1
2009,3809,8.486111111111148,0.3375,-1
2010,3810,8.49333333333337,0.3375,-1
2011,3811,8.500555555555591,0.3375,-1
2012,3812,8.507777777777813,0.3375,-1
2013,3813,8.515000000000034,0.3375,-1
2014,3814,8.522222222222256,0.3375,-1
2015,3815,8.529444444444477,0.3375,-1
2016,3816,8.536666666666699,0.3375,-1
2017,3817,8.54388888888892,0.3375,-1
2018,3818,8.551111111111142,0.3375,-1
2019,3819,8.558333333333364,0.3375,-1
2020,3820,8.565555555555585,0.3375,-1
2021,3821,8.572777777777807,0.3375,-1
2022,3822,8.580000000000028,0.3375,-1
2023,3823,8.58722222222225,0.3375,-1
2024,3824,8.594444444444472,0.3375,-1
2025,3825,8.601666666666693,0.3375,-1
2026,3826,8.608888888888915,0.3375,-1
2027,3827,8.616111111111136,0.3375,-1
2028,3828,8.623333333333358,0.3375,-1
2029,3829,8.63055555555558,0.3375,-1
2030,3830,8.637777777777801,0.3375,-1
2031,3831,8.645000000000023,0.3375,-1
2032,3832,8.652222222222244,0.3375,-1
2033,3833,8.659444444444466,0.3375,-1
2034,3834,8.666666666666687,0.3375,-1
2035,3835,8.673888888888909,0.3375,-1
2036,3836,8.68111111111113,0.3375,-1
2037,3837,8.688333333333352,0.3375,-1
2038,3838,8.695555555555574,0.3375,-1
2039,3839,8.702777777777795,0.3375,-1
2040,3840,8.710000000000017,0.3375,-1
2041,3841,8.717222222222238,0.3375,-1
2042,3842,8.72444444444446,0.3375,-1
2043,3843,8.731666666666682,0.3375,-1
2044,3844,8.738888888888903,0.3375,-1
2045,3845,8.746111111111125,0.3375,-1
2046,3846,8.753333333333346,0.3375,-1
2047,3847,8.760555555555568,0.3375,-1
2048,3848,8.76777777777779,0.3375,-1
2049,3849,8.775000000000011,0.3375,-1
2050,3850,8.782222222222233,0.3375,-1
2051,3851,8.789444444444454,0.3375,-1
2052,3852,8.796666666666676,0.3375,-1
2053,3853,8.803888888888897,0.3375,-1
2054,3854,8.811111111111119,0.3375,-1
2055,3855,8.81833333333334,0.3375,-1
2056,3856,8.825555555555562,0.3375,-1
2057,3857,8.832777777777784,0.3375,-1
2058,3858,8.840000000000005,0.3375,-1
2059,3859,8.847222222222227,0.3375,-1
2060,3860,8.854444444444448,0.3375,-1
2061,3861,8.86166666666667,0.3375,-1
2062,3862,8.868888888888891,0.3375,-1
2063,3863,8.876111111111113,0.3375,-1
2064,3864,8.883333333333335,0.3375,-1
2065,3865,8.883333333333335,0.3375,16
2066,3866,8.883333333333335,0.3375,16
2067,3867,8.883333333333335,0.3375,16
2068,3868,8.883333333333335,0.3375,16
2069,3869,8.883333333333335,0.3375,16
2070,3870,8.883333333333335,0.3375,16
2071,3871,8.883333333333335,0.3375,16
2072,3872,8.883333333333335,0.3375,16
2073,3873,8.883333333333335,0.3375,16
2074,3874,8.883333333333335,0.3375,16
2075,3875,8.883333333333335,0.3375,16
2076,3876,8.883333333333335,0.3375,16
2077,3877,8.883333333333335,0.3375,16
2078,3878,8.883333333333335,0.3375,16
2079,3879,8.883333333333335,0.3375,16
2080,3880,8.883333333333335,0.3375,16
2081,3881,8.883333333333335,0.3375,16
2082,3882,8.883333333333335,0.3375,16
2083,3883,8.883333333333335,0.3375,16
2084,3884,8.883333333333335,0.3375,16
2085,3885,8.883333333333335,0.3375,16
2086,3886,8.883333333333335,0.3375,16
2087,3887,8.883333333333335,0.3375,16
2088,3888,8.883333333333335,0.3375,16
2089,3889,8.883333333333335,0.3375,16
2090,3890,8.883333333333335,0.3375,16
2091,3891,8.883333333333335,0.3375,16
2092,3892,8.883333333333335,0.3375,16
2093,3893,8.883333333333335,0.3375,16
2094,3894,8.883333333333335,0.3375,16
2095,3895,8.883333333333335,0.3375,16
2096,3896,8.883333333333335,0.3375,16
2097,3897,8.883333333333335,0.3375,16
2098,3898,8.883333333333335,0.3375,16
2099,3899,8.883333333333335,0.3375,16
2100,3900,8.883333333333335,0.3375,16
2101,3901,8.883333333333335,0.3375,16
2102,3902,8.883333333333335,0.3375,16
2103,3903,8.883333333333335,0.3375,16
2104,3904,8.883333333333335,0.3375,16
2105,3905,8.883333333333335,0.3375,16
2106,3906,8.883333333333335,0.3375,16
2107,3907,8.883333333333335,0.3375,16
2108,3908,8.883333333333335,0.3375,16
2109,3909,8.883333333333335,0.3375,16
2110,3910,8.883333333333335,0.3375,16
2111,3911,8.883333333333335,0.3375,16
2112,3912,8.883333333333335,0.3375,16
2113,3913,8.883333333333335,0.3375,16
2114,3914,8.883333333333335,0.3375,16
2115,3915,8.883333333333335,0.3375,16
2116,3916,8.883333333333335,0.3375,16
2117,3917,8.883333333333335,0.3375,16
2118,3918,8.883333333333335,0.3375,16
2119,3919,8.883333333333335,0.3375,16
2120,3920,8.883333333333335,0.3375,16
2121,3921,8.883333333333335,0.3375,16
2122,3922,8.883333333333335,0.3375,16
2123,3923,8.883333333333335,0.3375,16
2124,3924,8.883333333333335,0.3375,16
2125,3925,8.883333333333335,0.3375,16
2126,3926,8.883333333333335,0.3375,16
2127,3927,8.883333333333335,0.3375,16
2128,3928,8.883333333333335,0.3375,16
2129,3929,8.883333333333335,0.3375,16
2130,3930,8.883333333333335,0.3375,16
2131,3931,8.883333333333335,0.3375,16
2132,3932,8.883333333333335,0.3375,16
2133,3933,8.883333333333335,0.3375,16
2134,3934,8.883333333333335,0.3375,16
2135,3935,8.883333333333335,0.3375,16
2136,3936,8.883333333333335,0.3375,16
2137,3937,8.883333333333335,0.3375,16
2138,3938,8.883333333333335,0.3375,16
2139,3939,8.883333333333335,0.3375,16
2140,3940,8.883333333333335,0.3375,16
2141,3941,8.883333333333335,0.3375,16
2142,3942,8.883333333333335,0.3375,16
2143,3943,8.883333333333335,0.3375,16
2144,3944,8.883333333333335,0.3375,16
2145,3945,8.883333333333335,0.3375,16
2146,3946,8.883333333333335,0.3375,16
2147,3947,8.883333333333335,0.3375,16
2148,3948,8.883333333333335,0.3375,16
2149,3949,8.883333333333335,0.3375,16
2150,3950,8.883333333333335,0.3375,16
2151,3951,8.883333333333335,0.3375,16
2152,3952,8.883333333333335,0.3375,16
2153,3953,8.883333333333335,0.3375,16
2154,3954,8.883333333333335,0.3375,16
2155,3955,8.883333333333335,0.3375,16
2156,3956,8.883333333333335,0.3375,16
2157,3957,8.883333333333335,0.3375,16
2158,3958,8.883333333333335,0.3375,16
2159,3959,8.883333333333335,0.3375,16
2160,3960,8.883333333333335,0.3375,16
2161,3961,8.883333333333335,0.3375,16
2162,3962,8.883333333333335,0.3375,16
2163,3963,8.883333333333335,0.3375,16
2164,3964,8.883333333333335,0.3375,16
2165,3965,8.883333333333335,0.3375,16
2166,3966,8.883333333333335,0.3375,16
2167,3967,8.883333333333335,0.3375,16
2168,3968,8.883333333333335,0.3375,16
2169,3969,8.883333333333335,0.3375,16
2170,3970,8.883333333333335,0.3375,16
2171,3971,8.883333333333335,0.3375,16
2172,3972,8.883333333333335,0.3375,16
2173,3973,8.883333333333335,0.3375,16
2174,3974,8.883333333333335,0.3375,16
2175,3975,8.883333333333335,0.3375,16
2176,3976,8.883333333333335,0.3375,16
2177,3977,8.883333333333335,0.3375,16
2178,3978,8.883333333333335,0.3375,16
2179,3979,8.883333333333335,0.3375,16
2180,3980,8.883333333333335,0.3375,16
2181,3981,8.883333333333335,0.3375,16
2182,3982,8.883333333333335,0.3375,16
2183,3983,8.883333333333335,0.3375,16
2184,3984,8.883333333333335,0.3375,16
2185,3985,8.883333333333335,0.3375,16
2186,3986,8.883333333333335,0.3375,16
2187,3987,8.883333333333335,0.3375,16
2188,3988,8.883333333333335,0.3375,16
2189,3989,8.883333333333335,0.3375,16
2190,3990,8.883333333333335,0.3375,16
2191,3991,8.883333333333335,0.3375,16
2192,3992,8.890555555555556,0.3375,-1
2193,3993,8.897777777777778,0.3375,-1
2194,3994,8.905,0.3375,-1
2195,3995,8.912222222222221,0.3375,-1
2196,3996,8.919444444444443,0.3375,-1
2197,3997,8.926666666666664,0.3375,-1
2198,3998,8.933888888888886,0.3375,-1
2199,3999,8.941111111111107,0.3375,-1
2200,4000,8.948333333333329,0.3375,-1
2201,4001,8.95555555555555,0.3375,-1
2202,4002,8.962777777777772,0.3375,-1
2203,4003,8.969999999999994,0.3375,-1
2204,4004,8.977222222222215,0.3375,-1
2205,4005,8.984444444444437,0.3375,-1
2206,4006,8.991666666666658,0.3375,-1
2207,4007,8.99888888888888,0.3375,-1
2208,4008,9.006111111111101,0.3375,-1
2209,4009,9.013333333333323,0.3375,-1
2210,4010,9.020555555555545,0.3375,-1
2211,4011,9.027777777777766,0.3375,-1
2212,4012,9.034999999999988,0.3375,-1
2213,4013,9.04222222222221,0.3375,-1
2214,4014,9.04944444444443,0.3375,-1
2215,4015,9.056666666666652,0.3375,-1
2216,4016,9.063888888888874,0.3375,-1
2217,4017,9.071111111111096,0.3375,-1
2218,4018,9.078333333333317,0.3375,-1
2219,4019,9.085555555555539,0.3375,-1
2220,4020,9.09277777777776,0.3375,-1
2221,4021,9.099999999999982,0.3375,-1
2222,4022,9.107222222222203,0.3375,-1
2223,4023,9.114444444444425,0.3375,-1
2224,4024,9.121666666666647,0.3375,-1
2225,4025,9.128888888888868,0.3375,-1
2226,4026,9.13611111111109,0.3375,-1
2227,4027,9.143333333333311,0.3375,-1
2228,4028,9.150555555555533,0.3375,-1
2229,4029,9.157777777777754,0.3375,-1
2230,4030,9.164999999999976,0.3375,-1
2231,4031,9.172222222222198,0.3375,-1
2232,4032,9.17944444444442,0.3375,-1
2233,4033,9.18666666666664,0.3375,-1
2234,4034,9.193888888888862,0.3375,-1
2235,4035,9.201111111111084,0.3375,-1
2236,4036,9.208333333333306,0.3375,-1
2237,4037,9.215555555555527,0.3375,-1
2238,4038,9.222777777777749,0.3375,-1
2239,4039,9.22999999999997,0.3375,-1
2240,4040,9.237222222222192,0.3375,-1
2241,4041,9.244444444444413,0.3375,-1
2242,4042,9.251666666666635,0.3375,-1
2243,4043,9.258888888888857,0.3375,-1
2244,4044,9.266111111111078,0.3375,-1
2245,4045,9.2733333333333,0.3375,-1
2246,4046,9.280555555555521,0.3375,-1
2247,4047,9.287777777777743,0.3375,-1
2248,4048,9.294999999999964,0.3375,-1
2249,4049,9.302222222222186,0.3375,-1
2250,4050,9.309444444444408,0.3375,-1
2251,4051,9.31666666666663,0.3375,-1
2252,4052,9.32388888888885,0.3375,-1
2253,4053,9.331111111111072,0.3375,-1
2254,4054,9.338333333333294,0.3375,-1
2255,4055,9.345555555555515,0.3375,-1
2256,4056,9.352777777777737,0.3375,-1
2257,4057,9.352777777777737,0.4625,17
2258,4058,9.352777777777737,0.4625,17
2259,4059,9.352777777777737,0.4625,17
2260,4060,9.352777777777737,0.4625,17
2261,4061,9.352777777777737,0.4625,17
2262,4062,9.352777777777737,0.4625,17
2263,4063,9.352777777777737,0.4625,17
2264,4064,9.352777777777737,0.4625,17
2265,4065,9.352777777777737,0.4625,17
2266,4066,9.352777777777737,0.4625,17
2267,4067,9.352777777777737,0.4625,17
2268,4068,9.352777777777737,0.4625,17
2269,4069,9.352777777777737,0.4625,17
2270,4070,9.352777777777737,0.4625,17
2271,4071,9.352777777777737,0.4625,17
2272,4072,9.352777777777737,0.4625,17
2273,4073,9.352777777777737,0.4625,17
2274,4074,9.352777777777737,0.4625,17
2275,4075,9.352777777777737,0.4625,17
2276,4076,9.352777777777737,0.4625,17
2277,4077,9.352777777777737,0.4625,17
2278,4078,9.352777777777737,0.4625,17
2279,4079,9.352777777777737,0.4625,17
2280,4080,9.352777777777737,0.4625,17
2281,4081,9.352777777777737,0.4625,17
2282,4082,9.352777777777737,0.4625,17
2283,4083,9.352777777777737,0.4625,17
2284,4084,9.352777777777737,0.4625,17
2285,4085,9.352777777777737,0.4625,17
2286,4086,9.352777777777737,0.4625,17
2287,4087,9.352777777777737,0.4625,17
2288,4088,9.352777777777737,0.4625,17
2289,4089,9.352777777777737,0.4625,17
2290,4090,9.352777777777737,0.4625,17
2291,4091,9.352777777777737,0.4625,17
2292,4092,9.352777777777737,0.4625,17
2293,4093,9.352777777777737,0.4625,17
2294,4094,9.352777777777737,0.4625,17
2295,4095,9.352777777777737,0.4625,17
2296,4096,9.352777777777737,0.4625,17
2297,4097,9.352777777777737,0.4625,17
2298,4098,9.352777777777737,0.4625,17
2299,4099,9.352777777777737,0.4625,17
2300,4100,9.359999999999959,0.4625,-1
2301,4101,9.36722222222218,0.4625,-1
2302,4102,9.374444444444402,0.4625,-1
2303,4103,9.381666666666623,0.4625,-1
2304,4104,9.388888888888845,0.4625,-1
2305,4105,9.396111111111066,0.4625,-1
2306,4106,9.403333333333288,0.4625,-1
2307,4107,9.41055555555551,0.4625,-1
2308,4108,9.417777777777731,0.4625,-1
2309,4109,9.424999999999953,0.4625,-1
2310,4110,9.432222222222174,0.4625,-1
2311,4111,9.439444444444396,0.4625,-1
2312,4112,9.446666666666617,0.4625,-1
2313,4113,9.453888888888839,0.4625,-1
2314,4114,9.46111111111106,0.4625,-1
2315,4115,9.468333333333282,0.4625,-1
2316,4116,9.475555555555504,0.4625,-1
2317,4117,9.482777777777725,0.4625,-1
2318,4118,9.489999999999947,0.4625,-1
2319,4119,9.497222222222168,0.4625,-1
2320,4120,9.50444444444439,0.4625,-1
2321,4121,9.511666666666612,0.4625,-1
2322,4122,9.518888888888833,0.4625,-1
2323,4123,9.526111111111055,0.4625,-1
2324,4124,9.533333333333276,0.4625,-1
2325,4125,9.540555555555498,0.4625,-1
2326,4126,9.54777777777772,0.4625,-1
2327,4127,9.554999999999941,0.4625,-1
2328,4128,9.562222222222163,0.4625,-1
2329,4129,9.569444444444384,0.4625,-1
2330,4130,9.576666666666606,0.4625,-1
2331,4131,9.583888888888827,0.4625,-1
2332,4132,9.591111111111049,0.4625,-1
2333,4133,9.59833333333327,0.4625,-1
2334,4134,9.605555555555492,0.4625,-1
2335,4135,9.612777777777714,0.4625,-1
2336,4136,9.619999999999935,0.4625,-1
2337,4137,9.627222222222157,0.4625,-1
2338,4138,9.634444444444378,0.4625,-1
2339,4139,9.6416666666666,0.4625,-1
2340,4140,9.648888888888822,0.4625,-1
2341,4141,9.656111111111043,0.4625,-1
2342,4142,9.663333333333265,0.4625,-1
2343,4143,9.670555555555486,0.4625,-1
2344,4144,9.677777777777708,0.4625,-1
2345,4145,9.68499999999993,0.4625,-1
2346,4146,9.692222222222151,0.4625,-1
2347,4147,9.699444444444373,0.4625,-1
2348,4148,9.706666666666594,0.4625,-1
2349,4149,9.713888888888816,0.4625,-1
2350,4150,9.721111111111037,0.4625,-1
2351,4151,9.728333333333259,0.4625,-1
2352,4152,9.73555555555548,0.4625,-1
2353,4153,9.742777777777702,0.4625,-1
2354,4154,9.749999999999924,0.4625,-1
2355,4155,9.757222222222145,0.4625,-1
2356,4156,9.764444444444367,0.4625,-1
2357,4157,9.771666666666588,0.4625,-1
2358,4158,9.77888888888881,0.4625,-1
2359,4159,9.77888888888881,0.8625,18
2360,4160,9.77888888888881,0.8625,18
2361,4161,9.77888888888881,0.8625,18
2362,4162,9.77888888888881,0.8625,18
2363,4163,9.77888888888881,0.8625,18
2364,4164,9.77888888888881,0.8625,18
2365,4165,9.77888888888881,0.8625,18
2366,4166,9.77888888888881,0.8625,18
2367,4167,9.77888888888881,0.8625,18
2368,4168,9.77888888888881,0.8625,18
2369,4169,9.77888888888881,0.8625,18
2370,4170,9.77888888888881,0.8625,18
2371,4171,9.77888888888881,0.8625,18
2372,4172,9.77888888888881,0.8625,18
2373,4173,9.77888888888881,0.8625,18
2374,4174,9.77888888888881,0.8625,18
2375,4175,9.77888888888881,0.8625,18
2376,4176,9.77888888888881,0.8625,18
2377,4177,9.77888888888881,0.8625,18
2378,4178,9.77888888888881,0.8625,18
2379,4179,9.77888888888881,0.8625,18
2380,4180,9.77888888888881,0.8625,18
2381,4181,9.77888888888881,0.8625,18
2382,4182,9.77888888888881,0.8625,18
2383,4183,9.77888888888881,0.8625,18
2384,4184,9.77888888888881,0.8625,18
2385,4185,9.77888888888881,0.8625,18
2386,4186,9.77888888888881,0.8625,18
2387,4187,9.77888888888881,0.8625,18
2388,4188,9.77888888888881,0.8625,18
2389,4189,9.77888888888881,0.8625,18
2390,4190,9.77888888888881,0.8625,18
2391,4191,9.77888888888881,0.8625,18
2392,4192,9.77888888888881,0.8625,18
2393,4193,9.77888888888881,0.8625,18
2394,4194,9.77888888888881,0.8625,18
2395,4195,9.77888888888881,0.8625,18
2396,4196,9.77888888888881,0.8625,18
2397,4197,9.77888888888881,0.8625,18
2398,4198,9.77888888888881,0.8625,18
2399,4199,9.77888888888881,0.8625,18
2400,4200,9.77888888888881,0.8625,18
2401,4201,9.77888888888881,0.8625,18
2402,4202,9.77888888888881,0.8625,18
2403,4203,9.77888888888881,0.8625,18
2404,4204,9.77888888888881,0.8625,18
2405,4205,9.77888888888881,0.8625,18
2406,4206,9.77888888888881,0.8625,18
2407,4207,9.77888888888881,0.8625,18
2408,4208,9.77888888888881,0.8625,18
2409,4209,9.77888888888881,0.8625,18
2410,4210,9.77888888888881,0.8625,18
2411,4211,9.77888888888881,0.8625,18
2412,4212,9.77888888888881,0.8625,18
2413,4213,9.77888888888881,0.8625,18
2414,4214,9.77888888888881,0.8625,18
2415,4215,9.77888888888881,0.8625,18
2416,4216,9.77888888888881,0.8625,18
2417,4217,9.77888888888881,0.8625,18
2418,4218,9.77888888888881,0.8625,18
2419,4219,9.77888888888881,0.8625,18
2420,4220,9.77888888888881,0.8625,18
2421,4221,9.77888888888881,0.8625,18
2422,4222,9.77888888888881,0.8625,18
2423,4223,9.77888888888881,0.8625,18
2424,4224,9.77888888888881,0.8625,18
2425,4225,9.77888888888881,0.8625,18
2426,4226,9.77888888888881,0.8625,18
2427,4227,9.77888888888881,0.8625,18
2428,4228,9.77888888888881,0.8625,18
2429,4229,9.77888888888881,0.8625,18
2430,4230,9.77888888888881,0.8625,18
2431,4231,9.77888888888881,0.8625,18
2432,4232,9.77888888888881,0.8625,18
2433,4233,9.77888888888881,0.8625,18
2434,4234,9.77888888888881,0.8625,18
2435,4235,9.77888888888881,0.8625,18
2436,4236,9.77888888888881,0.8625,18
2437,4237,9.77888888888881,0.8625,18
2438,4238,9.77888888888881,0.8625,18
2439,4239,9.77888888888881,0.8625,18
2440,4240,9.77888888888881,0.8625,18
2441,4241,9.77888888888881,0.8625,18
2442,4242,9.77888888888881,0.8625,18
2443,4243,9.77888888888881,0.8625,18
2444,4244,9.77888888888881,0.8625,18
2445,4245,9.77888888888881,0.8625,18
2446,4246,9.77888888888881,0.8625,18
2447,4247,9.77888888888881,0.8625,18
2448,4248,9.77888888888881,0.8625,18
2449,4249,9.77888888888881,0.8625,18
2450,4250,9.77888888888881,0.8625,18
2451,4251,9.77888888888881,0.8625,18
2452,4252,9.77888888888881,0.8625,18
2453,4253,9.77888888888881,0.8625,18
2454,4254,9.77888888888881,0.8625,18
2455,4255,9.77888888888881,0.8625,18
2456,4256,9.77888888888881,0.8625,18
2457,4257,9.77888888888881,0.8625,18
2458,4258,9.786111111111031,0.8625,-1
2459,4259,9.793333333333253,0.8625,-1
2460,4260,9.800555555555475,0.8625,-1
2461,4261,9.807777777777696,0.8625,-1
2462,4262,9.814999999999918,0.8625,-1
2463,4263,9.82222222222214,0.8625,-1
2464,4264,9.829444444444361,0.8625,-1
2465,4265,9.836666666666583,0.8625,-1
2466,4266,9.843888888888804,0.8625,-1
2467,4267,9.851111111111026,0.8625,-1
2468,4268,9.858333333333247,0.8625,-1
2469,4269,9.865555555555469,0.8625,-1
2470,4270,9.87277777777769,0.8625,-1
2471,4271,9.879999999999912,0.8625,-1
2472,4272,9.887222222222134,0.8625,-1
2473,4273,9.894444444444355,0.8625,-1
2474,4274,9.901666666666577,0.8625,-1
2475,4275,9.908888888888798,0.8625,-1
2476,4276,9.91611111111102,0.8625,-1
2477,4277,9.923333333333241,0.8625,-1
2478,4278,9.930555555555463,0.8625,-1
2479,4279,9.937777777777685,0.8625,-1
2480,4280,9.944999999999906,0.8625,-1
2481,4281,9.952222222222128,0.8625,-1
2482,4282,9.95944444444435,0.8625,-1
2483,4283,9.96666666666657,0.8625,-1
2484,4284,9.973888888888792,0.8625,-1
2485,4285,9.981111111111014,0.8625,-1
2486,4286,9.988333333333236,0.8625,-1
2487,4287,9.995555555555457,0.8625,-1
2488,4288,10.002777777777679,0.8625,-1
2489,4289,10.0099999999999,0.8625,-1
2490,4290,10.017222222222122,0.8625,-1
2491,4291,10.024444444444343,0.8625,-1
2492,4292,10.031666666666565,0.8625,-1
2493,4293,10.038888888888787,0.8625,-1
2494,4294,10.046111111111008,0.8625,-1
2495,4295,10.05333333333323,0.8625,-1
2496,4296,10.060555555555451,0.8625,-1
2497,4297,10.067777777777673,0.8625,-1
2498,4298,10.074999999999894,0.8625,-1
2499,4299,10.082222222222116,0.8625,-1
2500,4300,10.089444444444338,0.8625,-1
2501,4301,10.09666666666656,0.8625,-1
2502,4302,10.10388888888878,0.8625,-1
2503,4303,10.111111111111002,0.8625,-1
2504,4304,10.118333333333224,0.8625,-1
2505,4305,10.125555555555446,0.8625,-1
2506,4306,10.132777777777667,0.8625,-1
2507,4307,10.139999999999889,0.8625,-1
2508,4308,10.14722222222211,0.8625,-1
2509,4309,10.154444444444332,0.8625,-1
2510,4310,10.161666666666553,0.8625,-1
2511,4311,10.168888888888775,0.8625,-1
2512,4312,10.168888888888775,1.0,19
2513,4313,10.168888888888775,1.0,19
2514,4314,10.168888888888775,1.0,19
2515,4315,10.168888888888775,1.0,19
2516,4316,10.168888888888775,1.0,19
2517,4317,10.168888888888775,1.0,19
2518,4318,10.168888888888775,1.0,19
2519,4319,10.168888888888775,1.0,19
2520,4320,10.168888888888775,1.0,19
2521,4321,10.168888888888775,1.0,19
2522,4322,10.168888888888775,1.0,19
2523,4323,10.168888888888775,1.0,19
2524,4324,10.168888888888775,1.0,19
2525,4325,10.168888888888775,1.0,19
2526,4326,10.168888888888775,1.0,19
2527,4327,10.168888888888775,1.0,19
2528,4328,10.168888888888775,1.0,19
2529,4329,10.168888888888775,1.0,19
2530,4330,10.168888888888775,1.0,19
2531,4331,10.168888888888775,1.0,19
2532,4332,10.168888888888775,1.0,19
2533,4333,10.168888888888775,1.0,19
2534,4334,10.168888888888775,1.0,19
2535,4335,10.168888888888775,1.0,19
2536,4336,10.168888888888775,1.0,19
2537,4337,10.168888888888775,1.0,19
2538,4338,10.168888888888775,1.0,19
2539,4339,10.168888888888775,1.0,19
2540,4340,10.168888888888775,1.0,19
2541,4341,10.168888888888775,1.0,19
2542,4342,10.168888888888775,1.0,19
2543,4343,10.168888888888775,1.0,19
2544,4344,10.168888888888775,1.0,19
2545,4345,10.168888888888775,1.0,19
2546,4346,10.168888888888775,1.0,19
2547,4347,10.168888888888775,1.0,19
2548,4348,10.168888888888775,1.0,19
2549,4349,10.168888888888775,1.0,19
2550,4350,10.168888888888775,1.0,19
2551,4351,10.168888888888775,1.0,19
2552,4352,10.168888888888775,1.0,19
2553,4353,10.168888888888775,1.0,19
2554,4354,10.168888888888775,1.0,19
2555,4355,10.168888888888775,1.0,19
2556,4356,10.168888888888775,1.0,19
2557,4357,10.168888888888775,1.0,19
2558,4358,10.168888888888775,1.0,19
2559,4359,10.168888888888775,1.0,19
2560,4360,10.168888888888775,1.0,19
2561,4361,10.168888888888775,1.0,19
2562,4362,10.168888888888775,1.0,19
2563,4363,10.168888888888775,1.0,19
2564,4364,10.168888888888775,1.0,19
2565,4365,10.168888888888775,1.0,19
2566,4366,10.168888888888775,1.0,19
2567,4367,10.168888888888775,1.0,19
2568,4368,10.168888888888775,1.0,19
2569,4369,10.176111111110997,1.0,-1
2570,4370,10.183333333333218,1.0,-1
2571,4371,10.19055555555544,1.0,-1
2572,4372,10.197777777777661,1.0,-1
2573,4373,10.204999999999883,1.0,-1
2574,4374,10.212222222222104,1.0,-1
2575,4375,10.219444444444326,1.0,-1
2576,4376,10.226666666666548,1.0,-1
2577,4377,10.23388888888877,1.0,-1
2578,4378,10.24111111111099,1.0,-1
2579,4379,10.248333333333212,1.0,-1
2580,4380,10.255555555555434,1.0,-1
2581,4381,10.262777777777655,1.0,-1
2582,4382,10.269999999999877,1.0,-1
2583,4383,10.277222222222099,1.0,-1
2584,4384,10.28444444444432,1.0,-1
2585,4385,10.291666666666542,1.0,-1
2586,4386,10.298888888888763,1.0,-1
2587,4387,10.306111111110985,1.0,-1
2588,4388,10.313333333333206,1.0,-1
2589,4389,10.320555555555428,1.0,-1
2590,4390,10.32777777777765,1.0,-1
2591,4391,10.334999999999871,1.0,-1
2592,4392,10.342222222222093,1.0,-1
2593,4393,10.349444444444314,1.0,-1
2594,4394,10.356666666666536,1.0,-1
2595,4395,10.363888888888757,1.0,-1
2596,4396,10.371111111110979,1.0,-1
2597,4397,10.3783333333332,1.0,-1
2598,4398,10.385555555555422,1.0,-1
2599,4399,10.392777777777644,1.0,-1
2600,4400,10.399999999999865,1.0,-1
2601,4401,10.407222222222087,1.0,-1
2602,4402,10.414444444444309,1.0,-1
2603,4403,10.42166666666653,1.0,-1
2604,4404,10.428888888888752,1.0,-1
2605,4405,10.436111111110973,1.0,-1
2606,4406,10.443333333333195,1.0,-1
2607,4407,10.450555555555416,1.0,-1
2608,4408,10.457777777777638,1.0,-1
2609,4409,10.46499999999986,1.0,-1
2610,4410,10.472222222222081,1.0,-1
2611,4411,10.479444444444303,1.0,-1
2612,4412,10.486666666666524,1.0,-1
2613,4413,10.493888888888746,1.0,-1
2614,4414,10.501111111110967,1.0,-1
2615,4415,10.508333333333189,1.0,-1
2616,4416,10.51555555555541,1.0,-1
2617,4417,10.522777777777632,1.0,-1
2618,4418,10.529999999999854,1.0,-1
2619,4419,10.537222222222075,1.0,-1
2620,4420,10.544444444444297,1.0,-1
2621,4421,10.551666666666518,1.0,-1
2622,4422,10.55888888888874,1.0,-1
2623,4423,10.566111111110962,1.0,-1
2624,4424,10.573333333333183,1.0,-1
2625,4425,10.580555555555405,1.0,-1
2626,4426,10.587777777777626,1.0,-1
2627,4427,10.594999999999848,1.0,-1
2628,4428,10.60222222222207,1.0,-1
2629,4429,10.609444444444291,1.0,-1
2630,4430,10.616666666666513,1.0,-1
2631,4431,10.623888888888734,1.0,-1
2632,4432,10.631111111110956,1.0,-1
2633,4433,10.638333333333177,1.0,-1
2634,4434,10.645555555555399,1.0,-1
2635,4435,10.65277777777762,1.0,-1
2636,4436,10.659999999999842,1.0,-1
2637,4437,10.667222222222064,1.0,-1
2638,4438,10.674444444444285,1.0,-1
2639,4439,10.681666666666507,1.0,-1
2640,4440,10.688888888888728,1.0,-1
2641,4441,10.69611111111095,1.0,-1
2642,4442,10.703333333333171,1.0,-1
2643,4443,10.710555555555393,1.0,-1
2644,4444,10.717777777777615,1.0,-1
2645,4445,10.724999999999836,1.0,-1
2646,4446,10.732222222222058,1.0,-1
2647,4447,10.73944444444428,1.0,-1
2648,4448,10.746666666666501,1.0,-1
2649,4449,10.753888888888723,1.0,-1
2650,4450,10.761111111110944,1.0,-1
2651,4451,10.768333333333166,1.0,-1
2652,4452,10.775555555555387,1.0,-1
2653,4453,10.782777777777609,1.0,-1
2654,4454,10.78999999999983,1.0,-1
2655,4455,10.797222222222052,1.0,-1
2656,4456,10.804444444444274,1.0,-1
2657,4457,10.811666666666495,1.0,-1
2658,4458,10.818888888888717,1.0,-1
2659,4459,10.826111111110938,1.0,-1
2660,4460,10.83333333333316,1.0,-1
2661,4461,10.840555555555381,1.0,-1
2662,4462,10.847777777777603,1.0,-1
2663,4463,10.847777777777603,1.0,20
2664,4464,10.847777777777603,1.0,20
2665,4465,10.847777777777603,1.0,20
2666,4466,10.847777777777603,1.0,20
2667,4467,10.847777777777603,1.0,20
2668,4468,10.847777777777603,1.0,20
2669,4469,10.847777777777603,1.0,20
2670,4470,10.847777777777603,1.0,20
2671,4471,10.847777777777603,1.0,20
2672,4472,10.847777777777603,1.0,20
2673,4473,10.847777777777603,1.0,20
2674,4474,10.847777777777603,1.0,20
2675,4475,10.854999999999825,1.0,-1
2676,4476,10.862222222222046,1.0,-1
2677,4477,10.869444444444268,1.0,-1
2678,4478,10.87666666666649,1.0,-1
2679,4479,10.88388888888871,1.0,-1
2680,4480,10.891111111110932,1.0,-1
2681,4481,10.898333333333154,1.0,-1
2682,4482,10.905555555555376,1.0,-1
2683,4483,10.912777777777597,1.0,-1
2684,4484,10.919999999999819,1.0,-1
2685,4485,10.92722222222204,1.0,-1
2686,4486,10.934444444444262,1.0,-1
2687,4487,10.941666666666483,1.0,-1
2688,4488,10.948888888888705,1.0,-1
2689,4489,10.956111111110927,1.0,-1
2690,4490,10.963333333333148,1.0,-1
2691,4491,10.97055555555537,1.0,-1
2692,4492,10.977777777777591,1.0,-1
2693,4493,10.984999999999813,1.0,-1
2694,4494,10.992222222222034,1.0,-1
2695,4495,10.999444444444256,1.0,-1
2696,4496,11.006666666666478,1.0,-1
2697,4497,11.0138888888887,1.0,-1
2698,4498,11.02111111111092,1.0,-1
2699,4499,11.028333333333142,1.0,-1
2700,4500,11.035555555555364,1.0,-1
2701,4501,11.042777777777586,1.0,-1
2702,4502,11.049999999999807,1.0,-1
2703,4503,11.057222222222029,1.0,-1
2704,4504,11.06444444444425,1.0,-1
2705,4505,11.071666666666472,1.0,-1
2706,4506,11.078888888888693,1.0,-1
2707,4507,11.086111111110915,1.0,-1
2708,4508,11.093333333333137,1.0,-1
2709,4509,11.100555555555358,1.0,-1
2710,4510,11.10777777777758,1.0,-1
2711,4511,11.114999999999801,1.0,-1
2712,4512,11.122222222222023,1.0,-1
2713,4513,11.129444444444244,1.0,-1
2714,4514,11.136666666666466,1.0,-1
2715,4515,11.143888888888688,1.0,-1
2716,4516,11.15111111111091,1.0,-1
2717,4517,11.15833333333313,1.0,-1
2718,4518,11.165555555555352,1.0,-1
2719,4519,11.172777777777574,1.0,-1
2720,4520,11.179999999999795,1.0,-1
2721,4521,11.187222222222017,1.0,-1
2722,4522,11.194444444444239,1.0,-1
2723,4523,11.20166666666646,1.0,-1
2724,4524,11.208888888888682,1.0,-1
2725,4525,11.216111111110903,1.0,-1
2726,4526,11.223333333333125,1.0,-1
2727,4527,11.230555555555346,1.0,-1
2728,4528,11.237777777777568,1.0,-1
2729,4529,11.24499999999979,1.0,-1
2730,4530,11.252222222222011,1.0,-1
2731,4531,11.259444444444233,1.0,-1
2732,4532,11.266666666666454,1.0,-1
2733,4533,11.273888888888676,1.0,-1
2734,4534,11.281111111110897,1.0,-1
2735,4535,11.288333333333119,1.0,-1
2736,4536,11.29555555555534,1.0,-1
2737,4537,11.302777777777562,1.0,-1
2738,4538,11.309999999999784,1.0,-1
2739,4539,11.317222222222005,1.0,-1
2740,4540,11.324444444444227,1.0,-1
2741,4541,11.331666666666449,1.0,-1
2742,4542,11.33888888888867,1.0,-1
2743,4543,11.346111111110892,1.0,-1
2744,4544,11.353333333333113,1.0,-1
2745,4545,11.360555555555335,1.0,-1
2746,4546,11.367777777777556,1.0,-1
2747,4547,11.374999999999778,1.0,-1
2748,4548,11.382222222222,1.0,-1
2749,4549,11.389444444444221,1.0,-1
2750,4550,11.396666666666443,1.0,-1
2751,4551,11.403888888888664,1.0,-1
2752,4552,11.411111111110886,1.0,-1
2753,4553,11.418333333333107,1.0,-1
2754,4554,11.425555555555329,1.0,-1
2755,4555,11.43277777777755,1.0,-1
2756,4556,11.439999999999772,1.0,-1
2757,4557,11.447222222221994,1.0,-1
2758,4558,11.454444444444215,1.0,-1
2759,4559,11.461666666666437,1.0,-1
2760,4560,11.468888888888658,1.0,-1
2761,4561,11.47611111111088,1.0,-1
2762,4562,11.483333333333102,1.0,-1
2763,4563,11.490555555555323,1.0,-1
2764,4564,11.497777777777545,1.0,-1
2765,4565,11.497777777777545,1.0,21
2766,4566,11.497777777777545,1.0,21
2767,4567,11.497777777777545,1.0,21
2768,4568,11.497777777777545,1.0,21
2769,4569,11.497777777777545,1.0,21
2770,4570,11.497777777777545,1.0,21
2771,4571,11.497777777777545,1.0,21
2772,4572,11.497777777777545,1.0,21
2773,4573,11.497777777777545,1.0,21
2774,4574,11.497777777777545,1.0,21
2775,4575,11.497777777777545,1.0,21
2776,4576,11.497777777777545,1.0,21
2777,4577,11.497777777777545,1.0,21
2778,4578,11.497777777777545,1.0,21
2779,4579,11.497777777777545,1.0,21
2780,4580,11.497777777777545,1.0,21
2781,4581,11.497777777777545,1.0,21
2782,4582,11.497777777777545,1.0,21
2783,4583,11.497777777777545,1.0,21
2784,4584,11.497777777777545,1.0,21
2785,4585,11.497777777777545,1.0,21
2786,4586,11.504999999999766,1.0,-1
2787,4587,11.512222222221988,1.0,-1
2788,4588,11.51944444444421,1.0,-1
2789,4589,11.526666666666431,1.0,-1
2790,4590,11.533888888888653,1.0,-1
2791,4591,11.541111111110874,1.0,-1
2792,4592,11.548333333333096,1.0,-1
2793,4593,11.555555555555317,1.0,-1
2794,4594,11.562777777777539,1.0,-1
2795,4595,11.56999999999976,1.0,-1
2796,4596,11.577222222221982,1.0,-1
2797,4597,11.584444444444204,1.0,-1
2798,4598,11.591666666666425,1.0,-1
2799,4599,11.598888888888647,1.0,-1
2800,4600,11.606111111110868,1.0,-1
2801,4601,11.61333333333309,1.0,-1
2802,4602,11.620555555555311,1.0,-1
2803,4603,11.627777777777533,1.0,-1
2804,4604,11.634999999999755,1.0,-1
2805,4605,11.642222222221976,1.0,-1
2806,4606,11.649444444444198,1.0,-1
2807,4607,11.65666666666642,1.0,-1
2808,4608,11.663888888888641,1.0,-1
2809,4609,11.671111111110863,1.0,-1
2810,4610,11.678333333333084,1.0,-1
2811,4611,11.685555555555306,1.0,-1
2812,4612,11.692777777777527,1.0,-1
2813,4613,11.699999999999749,1.0,-1
2814,4614,11.70722222222197,1.0,-1
2815,4615,11.714444444444192,1.0,-1
2816,4616,11.721666666666414,1.0,-1
2817,4617,11.728888888888635,1.0,-1
2818,4618,11.736111111110857,1.0,-1
2819,4619,11.743333333333078,1.0,-1
2820,4620,11.7505555555553,1.0,-1
2821,4621,11.757777777777521,1.0,-1
2822,4622,11.764999999999743,1.0,-1
2823,4623,11.772222222221965,1.0,-1
2824,4624,11.779444444444186,1.0,-1
2825,4625,11.786666666666408,1.0,-1
2826,4626,11.79388888888863,1.0,-1
2827,4627,11.80111111111085,1.0,-1
2828,4628,11.808333333333072,1.0,-1
2829,4629,11.815555555555294,1.0,-1
2830,4630,11.822777777777516,1.0,-1
2831,4631,11.829999999999737,1.0,-1
2832,4632,11.837222222221959,1.0,-1
2833,4633,11.84444444444418,1.0,-1
2834,4634,11.851666666666402,1.0,-1
2835,4635,11.858888888888623,1.0,-1
2836,4636,11.866111111110845,1.0,-1
2837,4637,11.873333333333067,1.0,-1
2838,4638,11.880555555555288,1.0,-1
2839,4639,11.88777777777751,1.0,-1
2840,4640,11.894999999999731,1.0,-1
2841,4641,11.902222222221953,1.0,-1
2842,4642,11.909444444444174,1.0,-1
2843,4643,11.916666666666396,1.0,-1
2844,4644,11.923888888888618,1.0,-1
2845,4645,11.93111111111084,1.0,-1
2846,4646,11.93833333333306,1.0,-1
2847,4647,11.945555555555282,1.0,-1
2848,4648,11.952777777777504,1.0,-1
2849,4649,11.959999999999726,1.0,-1
2850,4650,11.967222222221947,1.0,-1
2851,4651,11.974444444444169,1.0,-1
2852,4652,11.98166666666639,1.0,-1
2853,4653,11.988888888888612,1.0,-1
2854,4654,11.996111111110833,1.0,-1
2855,4655,12.003333333333055,1.0,-1
2856,4656,12.010555555555277,1.0,-1
2857,4657,12.017777777777498,1.0,-1
2858,4658,12.02499999999972,1.0,-1
2859,4659,12.032222222221941,1.0,-1
2860,4660,12.039444444444163,1.0,-1
2861,4661,12.046666666666384,1.0,-1
2862,4662,12.053888888888606,1.0,-1
2863,4663,12.061111111110828,1.0,-1
2864,4664,12.06833333333305,1.0,-1
2865,4665,12.07555555555527,1.0,-1
2866,4666,12.082777777777492,1.0,-1
2867,4667,12.089999999999714,1.0,-1
2868,4668,12.097222222221935,1.0,-1
2869,4669,12.104444444444157,1.0,-1
2870,4670,12.111666666666379,1.0,-1
2871,4671,12.1188888888886,1.0,-1
2872,4672,12.126111111110822,1.0,-1
2873,4673,12.133333333333043,1.0,-1
2874,4674,12.140555555555265,1.0,-1
2875,4675,12.147777777777486,1.0,-1
2876,4676,12.154999999999708,1.0,-1
2877,4677,12.16222222222193,1.0,-1
2878,4678,12.169444444444151,1.0,-1
2879,4679,12.176666666666373,1.0,-1
2880,4680,12.183888888888594,1.0,-1
2881,4681,12.191111111110816,1.0,-1
2882,4682,12.198333333333037,1.0,-1
2883,4683,12.205555555555259,1.0,-1
2884,4684,12.21277777777748,1.0,-1
2885,4685,12.219999999999702,1.0,-1
2886,4686,12.227222222221924,1.0,-1
2887,4687,12.234444444444145,1.0,-1
2888,4688,12.241666666666367,1.0,-1
2889,4689,12.248888888888589,1.0,-1
2890,4690,12.25611111111081,1.0,-1
2891,4691,12.263333333333032,1.0,-1
2892,4692,12.270555555555253,1.0,-1
2893,4693,12.277777777777475,1.0,-1
2894,4694,12.284999999999696,1.0,-1
2895,4695,12.284999999999696,1.0,22
2896,4696,12.284999999999696,1.0,22
2897,4697,12.284999999999696,1.0,22
2898,4698,12.284999999999696,1.0,22
2899,4699,12.284999999999696,1.0,22
2900,4700,12.284999999999696,1.0,22
2901,4701,12.284999999999696,1.0,22
2902,4702,12.284999999999696,1.0,22
2903,4703,12.284999999999696,1.0,22
2904,4704,12.284999999999696,1.0,22
2905,4705,12.284999999999696,1.0,22
2906,4706,12.284999999999696,1.0,22
2907,4707,12.284999999999696,1.0,22
2908,4708,12.284999999999696,1.0,22
2909,4709,12.284999999999696,1.0,22
2910,4710,12.284999999999696,1.0,22
2911,4711,12.284999999999696,1.0,22
2912,4712,12.284999999999696,1.0,22
2913,4713,12.284999999999696,1.0,22
2914,4714,12.284999999999696,1.0,22
2915,4715,12.284999999999696,1.0,22
2916,4716,12.284999999999696,1.0,22
2917,4717,12.284999999999696,1.0,22
2918,4718,12.284999999999696,1.0,22
2919,4719,12.284999999999696,1.0,22
2920,4720,12.284999999999696,1.0,22
2921,4721,12.284999999999696,1.0,22
2922,4722,12.284999999999696,1.0,22
2923,4723,12.284999999999696,1.0,22
2924,4724,12.284999999999696,1.0,22
2925,4725,12.284999999999696,1.0,22
2926,4726,12.284999999999696,1.0,22
2927,4727,12.284999999999696,1.0,22
2928,4728,12.284999999999696,1.0,22
2929,4729,12.284999999999696,1.0,22
2930,4730,12.284999999999696,1.0,22
2931,4731,12.284999999999696,1.0,22
2932,4732,12.284999999999696,1.0,22
2933,4733,12.284999999999696,1.0,22
2934,4734,12.284999999999696,1.0,22
2935,4735,12.284999999999696,1.0,22
2936,4736,12.284999999999696,1.0,22
2937,4737,12.284999999999696,1.0,22
2938,4738,12.284999999999696,1.0,22
2939,4739,12.284999999999696,1.0,22
2940,4740,12.284999999999696,1.0,22
2941,4741,12.284999999999696,1.0,22
2942,4742,12.284999999999696,1.0,22
2943,4743,12.284999999999696,1.0,22
2944,4744,12.284999999999696,1.0,22
2945,4745,12.284999999999696,1.0,22
2946,4746,12.284999999999696,1.0,22
2947,4747,12.284999999999696,1.0,22
2948,4748,12.284999999999696,1.0,22
2949,4749,12.284999999999696,1.0,22
2950,4750,12.284999999999696,1.0,22
2951,4751,12.284999999999696,1.0,22
2952,4752,12.284999999999696,1.0,22
2953,4753,12.284999999999696,1.0,22
2954,4754,12.284999999999696,1.0,22
2955,4755,12.284999999999696,1.0,22
2956,4756,12.284999999999696,1.0,22
2957,4757,12.284999999999696,1.0,22
2958,4758,12.284999999999696,1.0,22
2959,4759,12.284999999999696,1.0,22
2960,4760,12.284999999999696,1.0,22
2961,4761,12.284999999999696,1.0,22
2962,4762,12.284999999999696,1.0,22
2963,4763,12.284999999999696,1.0,22
2964,4764,12.284999999999696,1.0,22
2965,4765,12.284999999999696,1.0,22
2966,4766,12.284999999999696,1.0,22
2967,4767,12.284999999999696,1.0,22
2968,4768,12.284999999999696,1.0,22
2969,4769,12.284999999999696,1.0,22
2970,4770,12.284999999999696,1.0,22
2971,4771,12.284999999999696,1.0,22
2972,4772,12.284999999999696,1.0,22
2973,4773,12.284999999999696,1.0,22
2974,4774,12.284999999999696,1.0,22
2975,4775,12.284999999999696,1.0,22
2976,4776,12.284999999999696,1.0,22
2977,4777,12.284999999999696,1.0,22
2978,4778,12.284999999999696,1.0,22
2979,4779,12.284999999999696,1.0,22
2980,4780,12.284999999999696,1.0,22
2981,4781,12.284999999999696,1.0,22
2982,4782,12.284999999999696,1.0,22
2983,4783,12.284999999999696,1.0,22
2984,4784,12.284999999999696,1.0,22
2985,4785,12.284999999999696,1.0,22
2986,4786,12.284999999999696,1.0,22
2987,4787,12.284999999999696,1.0,22
2988,4788,12.284999999999696,1.0,22
2989,4789,12.284999999999696,1.0,22
2990,4790,12.284999999999696,1.0,22
2991,4791,12.284999999999696,1.0,22
2992,4792,12.284999999999696,1.0,22
2993,4793,12.284999999999696,1.0,22
2994,4794,12.284999999999696,1.0,22
2995,4795,12.284999999999696,1.0,22
2996,4796,12.284999999999696,1.0,22
2997,4797,12.284999999999696,1.0,22
2998,4798,12.284999999999696,1.0,22
2999,4799,12.284999999999696,1.0,22
3000,4800,12.284999999999696,1.0,22
3001,4801,12.284999999999696,1.0,22
3002,4802,12.292222222221918,1.0,-1
3003,4803,12.29944444444414,1.0,-1
3004,4804,12.306666666666361,1.0,-1
3005,4805,12.313888888888583,1.0,-1
3006,4806,12.321111111110804,1.0,-1
3007,4807,12.328333333333026,1.0,-1
3008,4808,12.335555555555247,1.0,-1
3009,4809,12.342777777777469,1.0,-1
3010,4810,12.34999999999969,1.0,-1
3011,4811,12.357222222221912,1.0,-1
3012,4812,12.364444444444134,1.0,-1
3013,4813,12.371666666666355,1.0,-1
3014,4814,12.378888888888577,1.0,-1
3015,4815,12.386111111110798,1.0,-1
3016,4816,12.39333333333302,1.0,-1
3017,4817,12.400555555555242,1.0,-1
3018,4818,12.407777777777463,1.0,-1
3019,4819,12.414999999999685,1.0,-1
3020,4820,12.422222222221906,1.0,-1
3021,4821,12.429444444444128,1.0,-1
3022,4822,12.43666666666635,1.0,-1
3023,4823,12.443888888888571,1.0,-1
3024,4824,12.451111111110793,1.0,-1
3025,4825,12.458333333333014,1.0,-1
3026,4826,12.465555555555236,1.0,-1
3027,4827,12.472777777777457,1.0,-1
3028,4828,12.479999999999679,1.0,-1
3029,4829,12.4872222222219,1.0,-1
3030,4830,12.494444444444122,1.0,-1
3031,4831,12.501666666666344,1.0,-1
3032,4832,12.508888888888565,1.0,-1
3033,4833,12.516111111110787,1.0,-1
3034,4834,12.523333333333008,1.0,-1
3035,4835,12.53055555555523,1.0,-1
3036,4836,12.537777777777452,1.0,-1
3037,4837,12.544999999999673,1.0,-1
3038,4838,12.552222222221895,1.0,-1
3039,4839,12.559444444444116,1.0,-1
3040,4840,12.566666666666338,1.0,-1
3041,4841,12.57388888888856,1.0,-1
3042,4842,12.581111111110781,1.0,-1
3043,4843,12.588333333333003,1.0,-1
3044,4844,12.595555555555224,1.0,-1
3045,4845,12.602777777777446,1.0,-1
3046,4846,12.609999999999667,1.0,-1
3047,4847,12.617222222221889,1.0,-1
3048,4848,12.62444444444411,1.0,-1
3049,4849,12.631666666666332,1.0,-1
3050,4850,12.638888888888554,1.0,-1
3051,4851,12.646111111110775,1.0,-1
3052,4852,12.653333333332997,1.0,-1
3053,4853,12.660555555555218,1.0,-1
3054,4854,12.66777777777744,1.0,-1
3055,4855,12.674999999999661,1.0,-1
3056,4856,12.682222222221883,1.0,-1
3057,4857,12.689444444444105,1.0,-1
3058,4858,12.696666666666326,1.0,-1
3059,4859,12.696666666666326,1.0,23
3060,4860,12.696666666666326,1.0,23
3061,4861,12.696666666666326,1.0,23
3062,4862,12.696666666666326,1.0,23
3063,4863,12.696666666666326,1.0,23
3064,4864,12.696666666666326,1.0,23
3065,4865,12.696666666666326,1.0,23
3066,4866,12.696666666666326,1.0,23
3067,4867,12.696666666666326,1.0,23
3068,4868,12.696666666666326,1.0,23
3069,4869,12.696666666666326,1.0,23
3070,4870,12.696666666666326,1.0,23
3071,4871,12.696666666666326,1.0,23
3072,4872,12.696666666666326,1.0,23
3073,4873,12.696666666666326,1.0,23
3074,4874,12.696666666666326,1.0,23
3075,4875,12.696666666666326,1.0,23
3076,4876,12.696666666666326,1.0,23
3077,4877,12.696666666666326,1.0,23
3078,4878,12.696666666666326,1.0,23
3079,4879,12.696666666666326,1.0,23
3080,4880,12.696666666666326,1.0,23
3081,4881,12.696666666666326,1.0,23
3082,4882,12.696666666666326,1.0,23
3083,4883,12.696666666666326,1.0,23
3084,4884,12.696666666666326,1.0,23
3085,4885,12.696666666666326,1.0,23
3086,4886,12.703888888888548,1.0,-1
3087,4887,12.71111111111077,1.0,-1
3088,4888,12.71833333333299,1.0,-1
3089,4889,12.725555555555212,1.0,-1
3090,4890,12.732777777777434,1.0,-1
3091,4891,12.739999999999656,1.0,-1
3092,4892,12.747222222221877,1.0,-1
3093,4893,12.754444444444099,1.0,-1
3094,4894,12.76166666666632,1.0,-1
3095,4895,12.768888888888542,1.0,-1
3096,4896,12.776111111110763,1.0,-1
3097,4897,12.783333333332985,1.0,-1
3098,4898,12.790555555555207,1.0,-1
3099,4899,12.797777777777428,1.0,-1
3100,4900,12.80499999999965,1.0,-1
3101,4901,12.812222222221871,1.0,-1
3102,4902,12.819444444444093,1.0,-1
3103,4903,12.826666666666314,1.0,-1
3104,4904,12.833888888888536,1.0,-1
3105,4905,12.841111111110758,1.0,-1
3106,4906,12.84833333333298,1.0,-1
3107,4907,12.8555555555552,1.0,-1
3108,4908,12.862777777777422,1.0,-1
3109,4909,12.869999999999644,1.0,-1
3110,4910,12.877222222221866,1.0,-1
3111,4911,12.884444444444087,1.0,-1
3112,4912,12.891666666666309,1.0,-1
3113,4913,12.89888888888853,1.0,-1
3114,4914,12.906111111110752,1.0,-1
3115,4915,12.913333333332973,1.0,-1
3116,4916,12.920555555555195,1.0,-1
3117,4917,12.927777777777417,1.0,-1
3118,4918,12.934999999999638,1.0,-1
3119,4919,12.94222222222186,1.0,-1
3120,4920,12.949444444444081,1.0,-1
3121,4921,12.956666666666303,1.0,-1
3122,4922,12.963888888888524,1.0,-1
3123,4923,12.971111111110746,1.0,-1
3124,4924,12.978333333332968,1.0,-1
3125,4925,12.98555555555519,1.0,-1
3126,4926,12.99277777777741,1.0,-1
3127,4927,12.999999999999632,1.0,-1
3128,4928,13.007222222221854,1.0,-1
3129,4929,13.014444444444075,1.0,-1
3130,4930,13.021666666666297,1.0,-1
3131,4931,13.028888888888519,1.0,-1
3132,4932,13.03611111111074,1.0,-1
3133,4933,13.043333333332962,1.0,-1
3134,4934,13.050555555555183,1.0,-1
3135,4935,13.057777777777405,1.0,-1
3136,4936,13.064999999999626,1.0,-1
3137,4937,13.072222222221848,1.0,-1
3138,4938,13.07944444444407,1.0,-1
3139,4939,13.086666666666291,1.0,-1
3140,4940,13.093888888888513,1.0,-1
3141,4941,13.101111111110734,1.0,-1
3142,4942,13.108333333332956,1.0,-1
3143,4943,13.115555555555177,1.0,-1
3144,4944,13.122777777777399,1.0,-1
3145,4945,13.12999999999962,1.0,-1
3146,4946,13.137222222221842,1.0,-1
3147,4947,13.144444444444064,1.0,-1
3148,4948,13.151666666666285,1.0,-1
3149,4949,13.158888888888507,1.0,-1
3150,4950,13.166111111110729,1.0,-1
3151,4951,13.17333333333295,1.0,-1
3152,4952,13.180555555555172,1.0,-1
3153,4953,13.187777777777393,1.0,-1
3154,4954,13.194999999999615,1.0,-1
3155,4955,13.202222222221836,1.0,-1
3156,4956,13.209444444444058,1.0,-1
3157,4957,13.21666666666628,1.0,-1
3158,4958,13.223888888888501,1.0,-1
3159,4959,13.231111111110723,1.0,-1
3160,4960,13.238333333332944,1.0,-1
3161,4961,13.238333333332944,1.0,24
3162,4962,13.238333333332944,1.0,24
3163,4963,13.238333333332944,1.0,24
3164,4964,13.238333333332944,1.0,24
3165,4965,13.238333333332944,1.0,24
3166,4966,13.238333333332944,1.0,24
3167,4967,13.238333333332944,1.0,24
3168,4968,13.238333333332944,1.0,24
3169,4969,13.238333333332944,1.0,24
3170,4970,13.238333333332944,1.0,24
3171,4971,13.238333333332944,1.0,24
3172,4972,13.238333333332944,1.0,24
3173,4973,13.238333333332944,1.0,24
3174,4974,13.238333333332944,1.0,24
3175,4975,13.238333333332944,1.0,24
3176,4976,13.238333333332944,1.0,24
3177,4977,13.238333333332944,1.0,24
3178,4978,13.238333333332944,1.0,24
3179,4979,13.238333333332944,1.0,24
3180,4980,13.238333333332944,1.0,24
3181,4981,13.238333333332944,1.0,24
3182,4982,13.238333333332944,1.0,24
3183,4983,13.238333333332944,1.0,24
3184,4984,13.238333333332944,1.0,24
3185,4985,13.238333333332944,1.0,24
3186,4986,13.238333333332944,1.0,24
3187,4987,13.238333333332944,1.0,24
3188,4988,13.238333333332944,1.0,24
3189,4989,13.238333333332944,1.0,24
3190,4990,13.238333333332944,1.0,24
3191,4991,13.238333333332944,1.0,24
3192,4992,13.238333333332944,1.0,24
3193,4993,13.238333333332944,1.0,24
3194,4994,13.238333333332944,1.0,24
3195,4995,13.238333333332944,1.0,24
3196,4996,13.238333333332944,1.0,24
3197,4997,13.238333333332944,1.0,24
3198,4998,13.238333333332944,1.0,24
3199,4999,13.238333333332944,1.0,24
3200,5000,13.238333333332944,1.0,24
3201,5001,13.238333333332944,1.0,24
3202,5002,13.238333333332944,1.0,24
3203,5003,13.238333333332944,1.0,24
3204,5004,13.238333333332944,1.0,24
3205,5005,13.238333333332944,1.0,24
3206,5006,13.238333333332944,1.0,24
3207,5007,13.238333333332944,1.0,24
3208,5008,13.238333333332944,1.0,24
3209,5009,13.238333333332944,1.0,24
3210,5010,13.238333333332944,1.0,24
3211,5011,13.238333333332944,1.0,24
3212,5012,13.238333333332944,1.0,24
3213,5013,13.238333333332944,1.0,24
3214,5014,13.238333333332944,1.0,24
3215,5015,13.238333333332944,1.0,24
3216,5016,13.238333333332944,1.0,24
3217,5017,13.238333333332944,1.0,24
3218,5018,13.238333333332944,1.0,24
3219,5019,13.238333333332944,1.0,24
3220,5020,13.238333333332944,1.0,24
3221,5021,13.238333333332944,1.0,24
3222,5022,13.238333333332944,1.0,24
3223,5023,13.238333333332944,1.0,24
3224,5024,13.238333333332944,1.0,24
3225,5025,13.238333333332944,1.0,24
3226,5026,13.238333333332944,1.0,24
3227,5027,13.238333333332944,1.0,24
3228,5028,13.238333333332944,1.0,24
3229,5029,13.238333333332944,1.0,24
3230,5030,13.238333333332944,1.0,24
3231,5031,13.238333333332944,1.0,24
3232,5032,13.238333333332944,1.0,24
3233,5033,13.238333333332944,1.0,24
3234,5034,13.238333333332944,1.0,24
3235,5035,13.238333333332944,1.0,24
3236,5036,13.238333333332944,1.0,24
3237,5037,13.238333333332944,1.0,24
3238,5038,13.238333333332944,1.0,24
3239,5039,13.238333333332944,1.0,24
3240,5040,13.238333333332944,1.0,24
3241,5041,13.238333333332944,1.0,24
3242,5042,13.238333333332944,1.0,24
3243,5043,13.238333333332944,1.0,24
3244,5044,13.238333333332944,1.0,24
3245,5045,13.238333333332944,1.0,24
3246,5046,13.238333333332944,1.0,24
3247,5047,13.238333333332944,1.0,24
3248,5048,13.238333333332944,1.0,24
3249,5049,13.238333333332944,1.0,24
3250,5050,13.238333333332944,1.0,24
3251,5051,13.238333333332944,1.0,24
3252,5052,13.238333333332944,1.0,24
3253,5053,13.238333333332944,1.0,24
3254,5054,13.238333333332944,1.0,24
3255,5055,13.238333333332944,1.0,24
3256,5056,13.238333333332944,1.0,24
3257,5057,13.238333333332944,1.0,24
3258,5058,13.238333333332944,1.0,24
3259,5059,13.238333333332944,1.0,24
3260,5060,13.238333333332944,1.0,24
3261,5061,13.238333333332944,1.0,24
3262,5062,13.238333333332944,1.0,24
3263,5063,13.238333333332944,1.0,24
3264,5064,13.238333333332944,1.0,24
3265,5065,13.238333333332944,1.0,24
3266,5066,13.238333333332944,1.0,24
3267,5067,13.238333333332944,1.0,24
3268,5068,13.245555555555166,1.0,-1
3269,5069,13.252777777777387,1.0,-1
3270,5070,13.259999999999609,1.0,-1
3271,5071,13.26722222222183,1.0,-1
3272,5072,13.274444444444052,1.0,-1
3273,5073,13.281666666666274,1.0,-1
3274,5074,13.288888888888495,1.0,-1
3275,5075,13.296111111110717,1.0,-1
3276,5076,13.303333333332938,1.0,-1
3277,5077,13.31055555555516,1.0,-1
3278,5078,13.317777777777382,1.0,-1
3279,5079,13.324999999999603,1.0,-1
3280,5080,13.332222222221825,1.0,-1
3281,5081,13.339444444444046,1.0,-1
3282,5082,13.346666666666268,1.0,-1
3283,5083,13.35388888888849,1.0,-1
3284,5084,13.361111111110711,1.0,-1
3285,5085,13.368333333332933,1.0,-1
3286,5086,13.375555555555154,1.0,-1
3287,5087,13.382777777777376,1.0,-1
3288,5088,13.389999999999597,1.0,-1
3289,5089,13.397222222221819,1.0,-1
3290,5090,13.40444444444404,1.0,-1
3291,5091,13.411666666666262,1.0,-1
3292,5092,13.418888888888484,1.0,-1
3293,5093,13.426111111110705,1.0,-1
3294,5094,13.433333333332927,1.0,-1
3295,5095,13.440555555555148,1.0,-1
3296,5096,13.44777777777737,1.0,-1
3297,5097,13.454999999999592,1.0,-1
3298,5098,13.462222222221813,1.0,-1
3299,5099,13.469444444444035,1.0,-1
3300,5100,13.476666666666256,1.0,-1
3301,5101,13.483888888888478,1.0,-1
3302,5102,13.4911111111107,1.0,-1
3303,5103,13.498333333332921,1.0,-1
3304,5104,13.505555555555143,1.0,-1
3305,5105,13.512777777777364,1.0,-1
3306,5106,13.519999999999586,1.0,-1
3307,5107,13.527222222221807,1.0,-1
3308,5108,13.534444444444029,1.0,-1
3309,5109,13.54166666666625,1.0,-1
3310,5110,13.548888888888472,1.0,-1
3311,5111,13.556111111110694,1.0,-1
3312,5112,13.563333333332915,1.0,-1
3313,5113,13.570555555555137,1.0,-1
3314,5114,13.577777777777358,1.0,-1
3315,5115,13.58499999999958,1.0,-1
3316,5116,13.592222222221801,1.0,-1
3317,5117,13.599444444444023,1.0,-1
3318,5118,13.606666666666245,1.0,-1
3319,5119,13.613888888888466,1.0,-1
3320,5120,13.621111111110688,1.0,-1
3321,5121,13.62833333333291,1.0,-1
3322,5122,13.63555555555513,1.0,-1
3323,5123,13.642777777777352,1.0,-1
3324,5124,13.649999999999574,1.0,-1
3325,5125,13.657222222221796,1.0,-1
3326,5126,13.664444444444017,1.0,-1
3327,5127,13.671666666666239,1.0,-1
3328,5128,13.67888888888846,1.0,-1
3329,5129,13.686111111110682,1.0,-1
3330,5130,13.693333333332903,1.0,-1
3331,5131,13.700555555555125,1.0,-1
3332,5132,13.707777777777347,1.0,-1
3333,5133,13.714999999999568,1.0,-1
3334,5134,13.72222222222179,1.0,-1
3335,5135,13.729444444444011,1.0,-1
3336,5136,13.736666666666233,1.0,-1
3337,5137,13.743888888888455,1.0,-1
3338,5138,13.751111111110676,1.0,-1
3339,5139,13.758333333332898,1.0,-1
3340,5140,13.76555555555512,1.0,-1
3341,5141,13.77277777777734,1.0,-1
3342,5142,13.779999999999562,1.0,-1
3343,5143,13.787222222221784,1.0,-1
3344,5144,13.794444444444006,1.0,-1
3345,5145,13.801666666666227,1.0,-1
3346,5146,13.808888888888449,1.0,-1
3347,5147,13.81611111111067,1.0,-1
3348,5148,13.823333333332892,1.0,-1
3349,5149,13.830555555555113,1.0,-1
3350,5150,13.837777777777335,1.0,-1
3351,5151,13.844999999999557,1.0,-1
3352,5152,13.852222222221778,1.0,-1
3353,5153,13.859444444444,1.0,-1
3354,5154,13.866666666666221,1.0,-1
3355,5155,13.866666666666221,1.0,25
3356,5156,13.866666666666221,1.0,25
3357,5157,13.866666666666221,1.0,25
3358,5158,13.866666666666221,1.0,25
3359,5159,13.866666666666221,1.0,25
3360,5160,13.866666666666221,1.0,25
3361,5161,13.866666666666221,1.0,25
3362,5162,13.866666666666221,1.0,25
3363,5163,13.866666666666221,1.0,25
3364,5164,13.866666666666221,1.0,25
3365,5165,13.866666666666221,1.0,25
3366,5166,13.866666666666221,1.0,25
3367,5167,13.873888888888443,1.0,-1
3368,5168,13.881111111110664,1.0,-1
3369,5169,13.888333333332886,1.0,-1
3370,5170,13.895555555555108,1.0,-1
3371,5171,13.90277777777733,1.0,-1
3372,5172,13.90999999999955,1.0,-1
3373,5173,13.917222222221772,1.0,-1
3374,5174,13.924444444443994,1.0,-1
3375,5175,13.931666666666215,1.0,-1
3376,5176,13.938888888888437,1.0,-1
3377,5177,13.946111111110659,1.0,-1
3378,5178,13.95333333333288,1.0,-1
3379,5179,13.960555555555102,1.0,-1
3380,5180,13.967777777777323,1.0,-1
3381,5181,13.974999999999545,1.0,-1
3382,5182,13.982222222221766,1.0,-1
3383,5183,13.989444444443988,1.0,-1
3384,5184,13.99666666666621,1.0,-1
3385,5185,14.003888888888431,1.0,-1
3386,5186,14.011111111110653,1.0,-1
3387,5187,14.018333333332874,1.0,-1
3388,5188,14.025555555555096,1.0,-1
3389,5189,14.032777777777317,1.0,-1
3390,5190,14.039999999999539,1.0,-1
3391,5191,14.04722222222176,1.0,-1
3392,5192,14.054444444443982,1.0,-1
3393,5193,14.061666666666204,1.0,-1
3394,5194,14.068888888888425,1.0,-1
3395,5195,14.076111111110647,1.0,-1
3396,5196,14.083333333332869,1.0,-1
3397,5197,14.09055555555509,1.0,-1
3398,5198,14.097777777777312,1.0,-1
3399,5199,14.104999999999533,1.0,-1
3400,5200,14.112222222221755,1.0,-1
3401,5201,14.119444444443976,1.0,-1
3402,5202,14.126666666666198,1.0,-1
3403,5203,14.13388888888842,1.0,-1
3404,5204,14.13388888888842,1.0,26
3405,5205,14.13388888888842,1.0,26
3406,5206,14.13388888888842,1.0,26
3407,5207,14.13388888888842,1.0,26
3408,5208,14.13388888888842,1.0,26
3409,5209,14.13388888888842,1.0,26
3410,5210,14.13388888888842,1.0,26
3411,5211,14.13388888888842,1.0,26
3412,5212,14.13388888888842,1.0,26
3413,5213,14.13388888888842,1.0,26
3414,5214,14.13388888888842,1.0,26
3415,5215,14.13388888888842,1.0,26
3416,5216,14.13388888888842,1.0,26
3417,5217,14.13388888888842,1.0,26
3418,5218,14.13388888888842,1.0,26
3419,5219,14.13388888888842,1.0,26
3420,5220,14.13388888888842,1.0,26
3421,5221,14.13388888888842,1.0,26
3422,5222,14.13388888888842,1.0,26
3423,5223,14.13388888888842,1.0,26
3424,5224,14.13388888888842,1.0,26
3425,5225,14.13388888888842,1.0,26
3426,5226,14.13388888888842,1.0,26
3427,5227,14.13388888888842,1.0,26
3428,5228,14.13388888888842,1.0,26
3429,5229,14.13388888888842,1.0,26
3430,5230,14.13388888888842,1.0,26
3431,5231,14.13388888888842,1.0,26
3432,5232,14.13388888888842,1.0,26
3433,5233,14.13388888888842,1.0,26
3434,5234,14.13388888888842,1.0,26
3435,5235,14.13388888888842,1.0,26
3436,5236,14.13388888888842,1.0,26
3437,5237,14.13388888888842,1.0,26
3438,5238,14.13388888888842,1.0,26
3439,5239,14.13388888888842,1.0,26
3440,5240,14.13388888888842,1.0,26
3441,5241,14.13388888888842,1.0,26
3442,5242,14.13388888888842,1.0,26
3443,5243,14.13388888888842,1.0,26
3444,5244,14.13388888888842,1.0,26
3445,5245,14.13388888888842,1.0,26
3446,5246,14.13388888888842,1.0,26
3447,5247,14.13388888888842,1.0,26
3448,5248,14.13388888888842,1.0,26
3449,5249,14.13388888888842,1.0,26
3450,5250,14.13388888888842,1.0,26
3451,5251,14.13388888888842,1.0,26
3452,5252,14.13388888888842,1.0,26
3453,5253,14.13388888888842,1.0,26
3454,5254,14.13388888888842,1.0,26
3455,5255,14.13388888888842,1.0,26
3456,5256,14.13388888888842,1.0,26
3457,5257,14.13388888888842,1.0,26
3458,5258,14.13388888888842,1.0,26
3459,5259,14.13388888888842,1.0,26
3460,5260,14.13388888888842,1.0,26
3461,5261,14.13388888888842,1.0,26
3462,5262,14.13388888888842,1.0,26
3463,5263,14.13388888888842,1.0,26
3464,5264,14.13388888888842,1.0,26
3465,5265,14.13388888888842,1.0,26
3466,5266,14.13388888888842,1.0,26
3467,5267,14.13388888888842,1.0,26
3468,5268,14.141111111110641,1.0,-1
3469,5269,14.148333333332863,1.0,-1
3470,5270,14.155555555555084,1.0,-1
3471,5271,14.162777777777306,1.0,-1
3472,5272,14.169999999999527,1.0,-1
3473,5273,14.177222222221749,1.0,-1
3474,5274,14.18444444444397,1.0,-1
3475,5275,14.191666666666192,1.0,-1
3476,5276,14.198888888888414,1.0,-1
3477,5277,14.206111111110635,1.0,-1
3478,5278,14.213333333332857,1.0,-1
3479,5279,14.220555555555078,1.0,-1
3480,5280,14.2277777777773,1.0,-1
3481,5281,14.234999999999522,1.0,-1
3482,5282,14.242222222221743,1.0,-1
3483,5283,14.249444444443965,1.0,-1
3484,5284,14.256666666666186,1.0,-1
3485,5285,14.263888888888408,1.0,-1
3486,5286,14.27111111111063,1.0,-1
3487,5287,14.278333333332851,1.0,-1
3488,5288,14.285555555555073,1.0,-1
3489,5289,14.292777777777294,1.0,-1
3490,5290,14.299999999999516,1.0,-1
3491,5291,14.307222222221737,1.0,-1
3492,5292,14.314444444443959,1.0,-1
3493,5293,14.32166666666618,1.0,-1
3494,5294,14.328888888888402,1.0,-1
3495,5295,14.336111111110624,1.0,-1
3496,5296,14.343333333332845,1.0,-1
3497,5297,14.350555555555067,1.0,-1
3498,5298,14.357777777777288,1.0,-1
3499,5299,14.36499999999951,1.0,-1
3500,5300,14.372222222221732,1.0,-1
3501,5301,14.379444444443953,1.0,-1
3502,5302,14.386666666666175,1.0,-1
3503,5303,14.386666666666175,1.0,27
3504,5304,14.386666666666175,1.0,27
3505,5305,14.386666666666175,1.0,27
3506,5306,14.386666666666175,1.0,27
3507,5307,14.386666666666175,1.0,27
3508,5308,14.386666666666175,1.0,27
3509,5309,14.386666666666175,1.0,27
3510,5310,14.386666666666175,1.0,27
3511,5311,14.386666666666175,1.0,27
3512,5312,14.386666666666175,1.0,27
3513,5313,14.386666666666175,1.0,27
3514,5314,14.386666666666175,1.0,27
3515,5315,14.386666666666175,1.0,27
3516,5316,14.386666666666175,1.0,27
3517,5317,14.386666666666175,1.0,27
3518,5318,14.386666666666175,1.0,27
3519,5319,14.386666666666175,1.0,27
3520,5320,14.386666666666175,1.0,27
3521,5321,14.386666666666175,1.0,27
3522,5322,14.386666666666175,1.0,27
3523,5323,14.386666666666175,1.0,27
3524,5324,14.386666666666175,1.0,27
3525,5325,14.386666666666175,1.0,27
3526,5326,14.386666666666175,1.0,27
3527,5327,14.386666666666175,1.0,27
3528,5328,14.386666666666175,1.0,27
3529,5329,14.386666666666175,1.0,27
3530,5330,14.386666666666175,1.0,27
3531,5331,14.386666666666175,1.0,27
3532,5332,14.386666666666175,1.0,27
3533,5333,14.386666666666175,1.0,27
3534,5334,14.386666666666175,1.0,27
3535,5335,14.386666666666175,1.0,27
3536,5336,14.386666666666175,1.0,27
3537,5337,14.386666666666175,1.0,27
3538,5338,14.386666666666175,1.0,27
3539,5339,14.386666666666175,1.0,27
3540,5340,14.386666666666175,1.0,27
3541,5341,14.386666666666175,1.0,27
3542,5342,14.386666666666175,1.0,27
3543,5343,14.386666666666175,1.0,27
3544,5344,14.386666666666175,1.0,27
3545,5345,14.386666666666175,1.0,27
3546,5346,14.386666666666175,1.0,27
3547,5347,14.393888888888396,1.0,-1
3548,5348,14.401111111110618,1.0,-1
3549,5349,14.40833333333284,1.0,-1
3550,5350,14.415555555555061,1.0,-1
3551,5351,14.422777777777283,1.0,-1
3552,5352,14.429999999999504,1.0,-1
3553,5353,14.437222222221726,1.0,-1
3554,5354,14.444444444443947,1.0,-1
3555,5355,14.451666666666169,1.0,-1
3556,5356,14.45888888888839,1.0,-1
3557,5357,14.466111111110612,1.0,-1
3558,5358,14.473333333332834,1.0,-1
3559,5359,14.480555555555055,1.0,-1
3560,5360,14.487777777777277,1.0,-1
3561,5361,14.494999999999498,1.0,-1
3562,5362,14.50222222222172,1.0,-1
3563,5363,14.509444444443941,1.0,-1
3564,5364,14.516666666666163,1.0,-1
3565,5365,14.523888888888385,1.0,-1
3566,5366,14.531111111110606,1.0,-1
3567,5367,14.538333333332828,1.0,-1
3568,5368,14.54555555555505,1.0,-1
3569,5369,14.55277777777727,1.0,-1
3570,5370,14.559999999999492,1.0,-1
3571,5371,14.567222222221714,1.0,-1
3572,5372,14.574444444443936,1.0,-1
3573,5373,14.581666666666157,1.0,-1
3574,5374,14.588888888888379,1.0,-1
3575,5375,14.5961111111106,1.0,-1
3576,5376,14.603333333332822,1.0,-1
3577,5377,14.610555555555043,1.0,-1
3578,5378,14.617777777777265,1.0,-1
3579,5379,14.624999999999487,1.0,-1
3580,5380,14.632222222221708,1.0,-1
3581,5381,14.63944444444393,1.0,-1
3582,5382,14.646666666666151,1.0,-1
3583,5383,14.653888888888373,1.0,-1
3584,5384,14.661111111110595,1.0,-1
3585,5385,14.661111111110595,1.0,28
3586,5386,14.661111111110595,1.0,28
3587,5387,14.661111111110595,1.0,28
3588,5388,14.661111111110595,1.0,28
3589,5389,14.661111111110595,1.0,28
3590,5390,14.661111111110595,1.0,28
3591,5391,14.661111111110595,1.0,28
3592,5392,14.661111111110595,1.0,28
3593,5393,14.661111111110595,1.0,28
3594,5394,14.661111111110595,1.0,28
3595,5395,14.661111111110595,1.0,28
3596,5396,14.661111111110595,1.0,28
3597,5397,14.661111111110595,1.0,28
3598,5398,14.661111111110595,1.0,28
3599,5399,14.661111111110595,1.0,28
3600,5400,14.661111111110595,1.0,28
3601,5401,14.661111111110595,1.0,28
3602,5402,14.661111111110595,1.0,28
3603,5403,14.661111111110595,1.0,28
3604,5404,14.661111111110595,1.0,28
3605,5405,14.661111111110595,1.0,28
3606,5406,14.661111111110595,1.0,28
3607,5407,14.661111111110595,1.0,28
3608,5408,14.661111111110595,1.0,28
3609,5409,14.661111111110595,1.0,28
3610,5410,14.661111111110595,1.0,28
3611,5411,14.661111111110595,1.0,28
3612,5412,14.668333333332816,1.0,-1
3613,5413,14.675555555555038,1.0,-1
3614,5414,14.68277777777726,1.0,-1
3615,5415,14.68999999999948,1.0,-1
3616,5416,14.697222222221702,1.0,-1
3617,5417,14.704444444443924,1.0,-1
3618,5418,14.711666666666146,1.0,-1
3619,5419,14.718888888888367,1.0,-1
3620,5420,14.726111111110589,1.0,-1
3621,5421,14.73333333333281,1.0,-1
3622,5422,14.740555555555032,1.0,-1
3623,5423,14.747777777777253,1.0,-1
3624,5424,14.754999999999475,1.0,-1
3625,5425,14.762222222221697,1.0,-1
3626,5426,14.769444444443918,1.0,-1
3627,5427,14.77666666666614,1.0,-1
3628,5428,14.783888888888361,1.0,-1
3629,5429,14.791111111110583,1.0,-1
3630,5430,14.798333333332804,1.0,-1
3631,5431,14.805555555555026,1.0,-1
3632,5432,14.812777777777248,1.0,-1
3633,5433,14.81999999999947,1.0,-1
3634,5434,14.82722222222169,1.0,-1
3635,5435,14.834444444443912,1.0,-1
3636,5436,14.841666666666134,1.0,-1
3637,5437,14.848888888888355,1.0,-1
3638,5438,14.856111111110577,1.0,-1
3639,5439,14.863333333332799,1.0,-1
3640,5440,14.87055555555502,1.0,-1
3641,5441,14.877777777777242,1.0,-1
3642,5442,14.884999999999463,1.0,-1
3643,5443,14.892222222221685,1.0,-1
3644,5444,14.899444444443906,1.0,-1
3645,5445,14.906666666666128,1.0,-1
3646,5446,14.91388888888835,1.0,-1
3647,5447,14.921111111110571,1.0,-1
3648,5448,14.928333333332793,1.0,-1
3649,5449,14.935555555555014,1.0,-1
3650,5450,14.942777777777236,1.0,-1
3651,5451,14.949999999999458,1.0,-1
3652,5452,14.957222222221679,1.0,-1
3653,5453,14.9644444444439,1.0,-1
3654,5454,14.9644444444439,0.8625,29
3655,5455,14.9644444444439,0.8625,29
3656,5456,14.9644444444439,0.8625,29
3657,5457,14.9644444444439,0.8625,29
3658,5458,14.9644444444439,0.8625,29
3659,5459,14.9644444444439,0.8625,29
3660,5460,14.9644444444439,0.8625,29
3661,5461,14.9644444444439,0.8625,29
3662,5462,14.9644444444439,0.8625,29
3663,5463,14.9644444444439,0.8625,29
3664,5464,14.9644444444439,0.8625,29
3665,5465,14.9644444444439,0.8625,29
3666,5466,14.9644444444439,0.8625,29
3667,5467,14.9644444444439,0.8625,29
3668,5468,14.9644444444439,0.8625,29
3669,5469,14.9644444444439,0.8625,29
3670,5470,14.9644444444439,0.8625,29
3671,5471,14.9644444444439,0.8625,29
3672,5472,14.9644444444439,0.8625,29
3673,5473,14.9644444444439,0.8625,29
3674,5474,14.9644444444439,0.8625,29
3675,5475,14.9644444444439,0.8625,29
3676,5476,14.9644444444439,0.8625,29
3677,5477,14.9644444444439,0.8625,29
3678,5478,14.9644444444439,0.8625,29
3679,5479,14.9644444444439,0.8625,29
3680,5480,14.9644444444439,0.8625,29
3681,5481,14.9644444444439,0.8625,29
3682,5482,14.9644444444439,0.8625,29
3683,5483,14.9644444444439,0.8625,29
3684,5484,14.9644444444439,0.8625,29
3685,5485,14.9644444444439,0.8625,29
3686,5486,14.9644444444439,0.8625,29
3687,5487,14.9644444444439,0.8625,29
3688,5488,14.9644444444439,0.8625,29
3689,5489,14.9644444444439,0.8625,29
3690,5490,14.9644444444439,0.8625,29
3691,5491,14.9644444444439,0.8625,29
3692,5492,14.9644444444439,0.8625,29
3693,5493,14.9644444444439,0.8625,29
3694,5494,14.9644444444439,0.8625,29
3695,5495,14.9644444444439,0.8625,29
3696,5496,14.9644444444439,0.8625,29
3697,5497,14.9644444444439,0.8625,29
3698,5498,14.9644444444439,0.8625,29
3699,5499,14.9644444444439,0.8625,29
3700,5500,14.9644444444439,0.8625,29
3701,5501,14.9644444444439,0.8625,29
3702,5502,14.9644444444439,0.8625,29
3703,5503,14.9644444444439,0.8625,29
3704,5504,14.9644444444439,0.8625,29
3705,5505,14.9644444444439,0.8625,29
3706,5506,14.9644444444439,0.8625,29
3707,5507,14.9644444444439,0.8625,29
3708,5508,14.9644444444439,0.8625,29
3709,5509,14.9644444444439,0.8625,29
3710,5510,14.9644444444439,0.8625,29
3711,5511,14.9644444444439,0.8625,29
3712,5512,14.9644444444439,0.8625,29
3713,5513,14.9644444444439,0.8625,29
3714,5514,14.9644444444439,0.8625,29
3715,5515,14.9644444444439,0.8625,29
3716,5516,14.9644444444439,0.8625,29
3717,5517,14.9644444444439,0.8625,29
3718,5518,14.971666666666122,0.8625,-1
3719,5519,14.978888888888344,0.8625,-1
3720,5520,14.986111111110565,0.8625,-1
3721,5521,14.993333333332787,0.8625,-1
3722,5522,15.000555555555009,0.8625,-1
3723,5523,15.00777777777723,0.8625,-1
3724,5524,15.014999999999452,0.8625,-1
3725,5525,15.022222222221673,0.8625,-1
3726,5526,15.029444444443895,0.8625,-1
3727,5527,15.036666666666116,0.8625,-1
3728,5528,15.043888888888338,0.8625,-1
3729,5529,15.05111111111056,0.8625,-1
3730,5530,15.058333333332781,0.8625,-1
3731,5531,15.065555555555003,0.8625,-1
3732,5532,15.072777777777224,0.8625,-1
3733,5533,15.079999999999446,0.8625,-1
3734,5534,15.087222222221667,0.8625,-1
3735,5535,15.094444444443889,0.8625,-1
3736,5536,15.10166666666611,0.8625,-1
3737,5537,15.108888888888332,0.8625,-1
3738,5538,15.116111111110554,0.8625,-1
3739,5539,15.123333333332775,0.8625,-1
3740,5540,15.130555555554997,0.8625,-1
3741,5541,15.137777777777218,0.8625,-1
3742,5542,15.14499999999944,0.8625,-1
3743,5543,15.152222222221662,0.8625,-1
3744,5544,15.159444444443883,0.8625,-1
3745,5545,15.166666666666105,0.8625,-1
3746,5546,15.173888888888326,0.8625,-1
3747,5547,15.181111111110548,0.8625,-1
3748,5548,15.18833333333277,0.8625,-1
3749,5549,15.195555555554991,0.8625,-1
3750,5550,15.202777777777213,0.8625,-1
3751,5551,15.209999999999434,0.8625,-1
3752,5552,15.217222222221656,0.8625,-1
3753,5553,15.224444444443877,0.8625,-1
3754,5554,15.231666666666099,0.8625,-1
3755,5555,15.23888888888832,0.8625,-1
3756,5556,15.246111111110542,0.8625,-1
3757,5557,15.253333333332764,0.8625,-1
3758,5558,15.260555555554985,0.8625,-1
3759,5559,15.267777777777207,0.8625,-1
3760,5560,15.274999999999428,0.8625,-1
3761,5561,15.28222222222165,0.8625,-1
3762,5562,15.289444444443872,0.8625,-1
3763,5563,15.296666666666093,0.8625,-1
3764,5564,15.303888888888315,0.8625,-1
3765,5565,15.311111111110536,0.8625,-1
3766,5566,15.318333333332758,0.8625,-1
3767,5567,15.32555555555498,0.8625,-1
3768,5568,15.332777777777201,0.8625,-1
3769,5569,15.339999999999423,0.8625,-1
3770,5570,15.339999999999423,0.7875,30
3771,5571,15.339999999999423,0.7875,30
3772,5572,15.339999999999423,0.7875,30
3773,5573,15.339999999999423,0.7875,30
3774,5574,15.339999999999423,0.7875,30
3775,5575,15.339999999999423,0.7875,30
3776,5576,15.339999999999423,0.7875,30
3777,5577,15.339999999999423,0.7875,30
3778,5578,15.339999999999423,0.7875,30
3779,5579,15.339999999999423,0.7875,30
3780,5580,15.339999999999423,0.7875,30
3781,5581,15.347222222221644,0.7875,-1
3782,5582,15.354444444443866,0.7875,-1
3783,5583,15.361666666666087,0.7875,-1
3784,5584,15.368888888888309,0.7875,-1
3785,5585,15.37611111111053,0.7875,-1
3786,5586,15.383333333332752,0.7875,-1
3787,5587,15.390555555554974,0.7875,-1
3788,5588,15.397777777777195,0.7875,-1
3789,5589,15.404999999999417,0.7875,-1
3790,5590,15.412222222221638,0.7875,-1
3791,5591,15.41944444444386,0.7875,-1
3792,5592,15.426666666666081,0.7875,-1
3793,5593,15.433888888888303,0.7875,-1
3794,5594,15.441111111110525,0.7875,-1
3795,5595,15.448333333332746,0.7875,-1
3796,5596,15.455555555554968,0.7875,-1
3797,5597,15.46277777777719,0.7875,-1
3798,5598,15.469999999999411,0.7875,-1
3799,5599,15.477222222221632,0.7875,-1
3800,5600,15.484444444443854,0.7875,-1
3801,5601,15.491666666666076,0.7875,-1
3802,5602,15.498888888888297,0.7875,-1
3803,5603,15.506111111110519,0.7875,-1
3804,5604,15.51333333333274,0.7875,-1
3805,5605,15.520555555554962,0.7875,-1
3806,5606,15.527777777777183,0.7875,-1
3807,5607,15.534999999999405,0.7875,-1
3808,5608,15.542222222221627,0.7875,-1
3809,5609,15.549444444443848,0.7875,-1
3810,5610,15.55666666666607,0.7875,-1
3811,5611,15.563888888888291,0.7875,-1
3812,5612,15.571111111110513,0.7875,-1
3813,5613,15.578333333332735,0.7875,-1
3814,5614,15.585555555554956,0.7875,-1
3815,5615,15.592777777777178,0.7875,-1
3816,5616,15.5999999999994,0.7875,-1
3817,5617,15.60722222222162,0.7875,-1
3818,5618,15.614444444443842,0.7875,-1
3819,5619,15.621666666666064,0.7875,-1
3820,5620,15.628888888888286,0.7875,-1
3821,5621,15.636111111110507,0.7875,-1
3822,5622,15.643333333332729,0.7875,-1
3823,5623,15.65055555555495,0.7875,-1
3824,5624,15.657777777777172,0.7875,-1
3825,5625,15.664999999999393,0.7875,-1
3826,5626,15.672222222221615,0.7875,-1
3827,5627,15.679444444443837,0.7875,-1
3828,5628,15.686666666666058,0.7875,-1
3829,5629,15.69388888888828,0.7875,-1
3830,5630,15.701111111110501,0.7875,-1
3831,5631,15.708333333332723,0.7875,-1
3832,5632,15.715555555554944,0.7875,-1
3833,5633,15.722777777777166,0.7875,-1
3834,5634,15.729999999999388,0.7875,-1
3835,5635,15.73722222222161,0.7875,-1
3836,5636,15.74444444444383,0.7875,-1
3837,5637,15.751666666666052,0.7875,-1
3838,5638,15.758888888888274,0.7875,-1
3839,5639,15.766111111110495,0.7875,-1
3840,5640,15.773333333332717,0.7875,-1
3841,5641,15.780555555554939,0.7875,-1
3842,5642,15.78777777777716,0.7875,-1
3843,5643,15.794999999999382,0.7875,-1
3844,5644,15.802222222221603,0.7875,-1
3845,5645,15.809444444443825,0.7875,-1
3846,5646,15.816666666666046,0.7875,-1
3847,5647,15.823888888888268,0.7875,-1
3848,5648,15.83111111111049,0.7875,-1
3849,5649,15.838333333332711,0.7875,-1
3850,5650,15.845555555554933,0.7875,-1
3851,5651,15.852777777777154,0.7875,-1
3852,5652,15.859999999999376,0.7875,-1
3853,5653,15.859999999999376,0.7625,31
3854,5654,15.859999999999376,0.7625,31
3855,5655,15.859999999999376,0.7625,31
3856,5656,15.859999999999376,0.7625,31
3857,5657,15.859999999999376,0.7625,31
3858,5658,15.859999999999376,0.7625,31
3859,5659,15.859999999999376,0.7625,31
3860,5660,15.859999999999376,0.7625,31
3861,5661,15.859999999999376,0.7625,31
3862,5662,15.859999999999376,0.7625,31
3863,5663,15.859999999999376,0.7625,31
3864,5664,15.859999999999376,0.7625,31
3865,5665,15.859999999999376,0.7625,31
3866,5666,15.859999999999376,0.7625,31
3867,5667,15.859999999999376,0.7625,31
3868,5668,15.859999999999376,0.7625,31
3869,5669,15.859999999999376,0.7625,31
3870,5670,15.859999999999376,0.7625,31
3871,5671,15.859999999999376,0.7625,31
3872,5672,15.859999999999376,0.7625,31
3873,5673,15.859999999999376,0.7625,31
3874,5674,15.859999999999376,0.7625,31
3875,5675,15.859999999999376,0.7625,31
3876,5676,15.859999999999376,0.7625,31
3877,5677,15.859999999999376,0.7625,31
3878,5678,15.859999999999376,0.7625,31
3879,5679,15.859999999999376,0.7625,31
3880,5680,15.859999999999376,0.7625,31
3881,5681,15.859999999999376,0.7625,31
3882,5682,15.859999999999376,0.7625,31
3883,5683,15.859999999999376,0.7625,31
3884,5684,15.859999999999376,0.7625,31
3885,5685,15.859999999999376,0.7625,31
3886,5686,15.859999999999376,0.7625,31
3887,5687,15.859999999999376,0.7625,31
3888,5688,15.859999999999376,0.7625,31
3889,5689,15.859999999999376,0.7625,31
3890,5690,15.859999999999376,0.7625,31
3891,5691,15.859999999999376,0.7625,31
3892,5692,15.859999999999376,0.7625,31
3893,5693,15.859999999999376,0.7625,31
3894,5694,15.859999999999376,0.7625,31
3895,5695,15.859999999999376,0.7625,31
3896,5696,15.859999999999376,0.7625,31
3897,5697,15.859999999999376,0.7625,31
3898,5698,15.859999999999376,0.7625,31
3899,5699,15.859999999999376,0.7625,31
3900,5700,15.859999999999376,0.7625,31
3901,5701,15.859999999999376,0.7625,31
3902,5702,15.859999999999376,0.7625,31
3903,5703,15.859999999999376,0.7625,31
3904,5704,15.859999999999376,0.7625,31
3905,5705,15.859999999999376,0.7625,31
3906,5706,15.859999999999376,0.7625,31
3907,5707,15.859999999999376,0.7625,31
3908,5708,15.859999999999376,0.7625,31
3909,5709,15.859999999999376,0.7625,31
3910,5710,15.859999999999376,0.7625,31
3911,5711,15.859999999999376,0.7625,31
3912,5712,15.859999999999376,0.7625,31
3913,5713,15.859999999999376,0.7625,31
3914,5714,15.859999999999376,0.7625,31
3915,5715,15.859999999999376,0.7625,31
3916,5716,15.859999999999376,0.7625,31
3917,5717,15.859999999999376,0.7625,31
3918,5718,15.859999999999376,0.7625,31
3919,5719,15.859999999999376,0.7625,31
3920,5720,15.859999999999376,0.7625,31
3921,5721,15.859999999999376,0.7625,31
3922,5722,15.859999999999376,0.7625,31
3923,5723,15.859999999999376,0.7625,31
3924,5724,15.859999999999376,0.7625,31
3925,5725,15.859999999999376,0.7625,31
3926,5726,15.859999999999376,0.7625,31
3927,5727,15.859999999999376,0.7625,31
3928,5728,15.859999999999376,0.7625,31
3929,5729,15.859999999999376,0.7625,31
3930,5730,15.859999999999376,0.7625,31
3931,5731,15.859999999999376,0.7625,31
3932,5732,15.859999999999376,0.7625,31
3933,5733,15.859999999999376,0.7625,31
3934,5734,15.859999999999376,0.7625,31
3935,5735,15.859999999999376,0.7625,31
3936,5736,15.859999999999376,0.7625,31
3937,5737,15.859999999999376,0.7625,31
3938,5738,15.859999999999376,0.7625,31
3939,5739,15.859999999999376,0.7625,31
3940,5740,15.859999999999376,0.7625,31
3941,5741,15.859999999999376,0.7625,31
3942,5742,15.859999999999376,0.7625,31
3943,5743,15.859999999999376,0.7625,31
3944,5744,15.859999999999376,0.7625,31
3945,5745,15.859999999999376,0.7625,31
3946,5746,15.859999999999376,0.7625,31
3947,5747,15.859999999999376,0.7625,31
3948,5748,15.859999999999376,0.7625,31
3949,5749,15.859999999999376,0.7625,31
3950,5750,15.859999999999376,0.7625,31
3951,5751,15.859999999999376,0.7625,31
3952,5752,15.859999999999376,0.7625,31
3953,5753,15.859999999999376,0.7625,31
3954,5754,15.859999999999376,0.7625,31
3955,5755,15.859999999999376,0.7625,31
3956,5756,15.867222222221598,0.7625,-1
3957,5757,15.874444444443819,0.7625,-1
3958,5758,15.88166666666604,0.7625,-1
3959,5759,15.888888888888262,0.7625,-1
3960,5760,15.896111111110484,0.7625,-1
3961,5761,15.903333333332705,0.7625,-1
3962,5762,15.910555555554927,0.7625,-1
3963,5763,15.917777777777149,0.7625,-1
3964,5764,15.92499999999937,0.7625,-1
3965,5765,15.932222222221592,0.7625,-1
3966,5766,15.939444444443813,0.7625,-1
3967,5767,15.946666666666035,0.7625,-1
3968,5768,15.953888888888256,0.7625,-1
3969,5769,15.961111111110478,0.7625,-1
3970,5770,15.9683333333327,0.7625,-1
3971,5771,15.975555555554921,0.7625,-1
3972,5772,15.982777777777143,0.7625,-1
3973,5773,15.989999999999364,0.7625,-1
3974,5774,15.997222222221586,0.7625,-1
3975,5775,16.00444444444381,0.7625,-1
3976,5776,16.01166666666603,0.7625,-1
3977,5777,16.018888888888252,0.7625,-1
3978,5778,16.026111111110474,0.7625,-1
3979,5779,16.033333333332696,0.7625,-1
3980,5780,16.040555555554917,0.7625,-1
3981,5781,16.04777777777714,0.7625,-1
3982,5782,16.05499999999936,0.7625,-1
3983,5783,16.062222222221582,0.7625,-1
3984,5784,16.069444444443803,0.7625,-1
3985,5785,16.076666666666025,0.7625,-1
3986,5786,16.083888888888247,0.7625,-1
3987,5787,16.091111111110468,0.7625,-1
3988,5788,16.09833333333269,0.7625,-1
3989,5789,16.10555555555491,0.7625,-1
3990,5790,16.112777777777133,0.7625,-1
3991,5791,16.119999999999354,0.7625,-1
3992,5792,16.127222222221576,0.7625,-1
3993,5793,16.134444444443798,0.7625,-1
3994,5794,16.14166666666602,0.7625,-1
3995,5795,16.14888888888824,0.7625,-1
3996,5796,16.156111111110462,0.7625,-1
3997,5797,16.163333333332684,0.7625,-1
3998,5798,16.170555555554905,0.7625,-1
3999,5799,16.177777777777127,0.7625,-1
4000,5800,16.18499999999935,0.7625,-1
4001,5801,16.19222222222157,0.7625,-1
4002,5802,16.19944444444379,0.7625,-1
4003,5803,16.206666666666013,0.7625,-1
4004,5804,16.213888888888235,0.7625,-1
4005,5805,16.221111111110456,0.7625,-1
4006,5806,16.228333333332678,0.7625,-1
4007,5807,16.2355555555549,0.7625,-1
4008,5808,16.24277777777712,0.7625,-1
4009,5809,16.249999999999343,0.7625,-1
4010,5810,16.257222222221564,0.7625,-1
4011,5811,16.264444444443786,0.7625,-1
4012,5812,16.271666666666007,0.7625,-1
4013,5813,16.27888888888823,0.7625,-1
4014,5814,16.28611111111045,0.7625,-1
4015,5815,16.293333333332672,0.7625,-1
4016,5816,16.300555555554894,0.7625,-1
4017,5817,16.307777777777115,0.7625,-1
4018,5818,16.314999999999337,0.7625,-1
4019,5819,16.32222222222156,0.7625,-1
4020,5820,16.32944444444378,0.7625,-1
4021,5821,16.336666666666,0.7625,-1
4022,5822,16.343888888888223,0.7625,-1
4023,5823,16.351111111110445,0.7625,-1
4024,5824,16.358333333332666,0.7625,-1
4025,5825,16.365555555554888,0.7625,-1
4026,5826,16.37277777777711,0.7625,-1
4027,5827,16.37999999999933,0.7625,-1
4028,5828,16.387222222221553,0.7625,-1
4029,5829,16.394444444443774,0.7625,-1
4030,5830,16.401666666665996,0.7625,-1
4031,5831,16.408888888888217,0.7625,-1
4032,5832,16.41611111111044,0.7625,-1
4033,5833,16.42333333333266,0.7625,-1
4034,5834,16.430555555554882,0.7625,-1
4035,5835,16.437777777777104,0.7625,-1
4036,5836,16.444999999999325,0.7625,-1
4037,5837,16.452222222221547,0.7625,-1
4038,5838,16.45944444444377,0.7625,-1
4039,5839,16.46666666666599,0.7625,-1
4040,5840,16.47388888888821,0.7625,-1
4041,5841,16.481111111110433,0.7625,-1
4042,5842,16.488333333332655,0.7625,-1
4043,5843,16.495555555554876,0.7625,-1
4044,5844,16.502777777777098,0.7625,-1
4045,5845,16.50999999999932,0.7625,-1
4046,5846,16.51722222222154,0.7625,-1
4047,5847,16.524444444443763,0.7625,-1
4048,5848,16.531666666665984,0.7625,-1
4049,5849,16.538888888888206,0.7625,-1
4050,5850,16.546111111110427,0.7625,-1
4051,5851,16.55333333333265,0.7625,-1
4052,5852,16.56055555555487,0.7625,-1
4053,5853,16.567777777777092,0.7625,-1
4054,5854,16.574999999999314,0.7625,-1
4055,5855,16.582222222221535,0.7625,-1
4056,5856,16.589444444443757,0.7625,-1
4057,5857,16.59666666666598,0.7625,-1
4058,5858,16.6038888888882,0.7625,-1
4059,5859,16.6038888888882,0.6625,32
4060,5860,16.6038888888882,0.6625,32
4061,5861,16.6038888888882,0.6625,32
4062,5862,16.6038888888882,0.6625,32
4063,5863,16.6038888888882,0.6625,32
4064,5864,16.6038888888882,0.6625,32
4065,5865,16.6038888888882,0.6625,32
4066,5866,16.6038888888882,0.6625,32
4067,5867,16.6038888888882,0.6625,32
4068,5868,16.6038888888882,0.6625,32
4069,5869,16.6038888888882,0.6625,32
4070,5870,16.6038888888882,0.6625,32
4071,5871,16.6038888888882,0.6625,32
4072,5872,16.6038888888882,0.6625,32
4073,5873,16.6038888888882,0.6625,32
4074,5874,16.6038888888882,0.6625,32
4075,5875,16.6038888888882,0.6625,32
4076,5876,16.6038888888882,0.6625,32
4077,5877,16.6038888888882,0.6625,32
4078,5878,16.6038888888882,0.6625,32
4079,5879,16.6038888888882,0.6625,32
4080,5880,16.6038888888882,0.6625,32
4081,5881,16.6038888888882,0.6625,32
4082,5882,16.6038888888882,0.6625,32
4083,5883,16.6038888888882,0.6625,32
4084,5884,16.6038888888882,0.6625,32
4085,5885,16.6038888888882,0.6625,32
4086,5886,16.6038888888882,0.6625,32
4087,5887,16.6038888888882,0.6625,32
4088,5888,16.6038888888882,0.6625,32
4089,5889,16.6038888888882,0.6625,32
4090,5890,16.6038888888882,0.6625,32
4091,5891,16.6038888888882,0.6625,32
4092,5892,16.6038888888882,0.6625,32
4093,5893,16.6038888888882,0.6625,32
4094,5894,16.6038888888882,0.6625,32
4095,5895,16.6038888888882,0.6625,32
4096,5896,16.6038888888882,0.6625,32
4097,5897,16.6038888888882,0.6625,32
4098,5898,16.6038888888882,0.6625,32
4099,5899,16.6038888888882,0.6625,32
4100,5900,16.6038888888882,0.6625,32
4101,5901,16.6038888888882,0.6625,32
4102,5902,16.6038888888882,0.6625,32
4103,5903,16.6038888888882,0.6625,32
4104,5904,16.6038888888882,0.6625,32
4105,5905,16.6038888888882,0.6625,32
4106,5906,16.6038888888882,0.6625,32
4107,5907,16.6038888888882,0.6625,32
4108,5908,16.6038888888882,0.6625,32
4109,5909,16.6038888888882,0.6625,32
4110,5910,16.6038888888882,0.6625,32
4111,5911,16.6038888888882,0.6625,32
4112,5912,16.6038888888882,0.6625,32
4113,5913,16.6038888888882,0.6625,32
4114,5914,16.6038888888882,0.6625,32
4115,5915,16.6038888888882,0.6625,32
4116,5916,16.61111111111042,0.6625,-1
4117,5917,16.618333333332643,0.6625,-1
4118,5918,16.625555555554865,0.6625,-1
4119,5919,16.632777777777086,0.6625,-1
4120,5920,16.639999999999308,0.6625,-1
4121,5921,16.64722222222153,0.6625,-1
4122,5922,16.65444444444375,0.6625,-1
4123,5923,16.661666666665973,0.6625,-1
4124,5924,16.668888888888194,0.6625,-1
4125,5925,16.676111111110416,0.6625,-1
4126,5926,16.683333333332637,0.6625,-1
4127,5927,16.69055555555486,0.6625,-1
4128,5928,16.69777777777708,0.6625,-1
4129,5929,16.704999999999302,0.6625,-1
4130,5930,16.712222222221524,0.6625,-1
4131,5931,16.719444444443745,0.6625,-1
4132,5932,16.726666666665967,0.6625,-1
4133,5933,16.73388888888819,0.6625,-1
4134,5934,16.74111111111041,0.6625,-1
4135,5935,16.74833333333263,0.6625,-1
4136,5936,16.755555555554853,0.6625,-1
4137,5937,16.762777777777075,0.6625,-1
4138,5938,16.769999999999296,0.6625,-1
4139,5939,16.777222222221518,0.6625,-1
4140,5940,16.78444444444374,0.6625,-1
4141,5941,16.79166666666596,0.6625,-1
4142,5942,16.798888888888182,0.6625,-1
4143,5943,16.806111111110404,0.6625,-1
4144,5944,16.813333333332626,0.6625,-1
4145,5945,16.820555555554847,0.6625,-1
4146,5946,16.82777777777707,0.6625,-1
4147,5947,16.83499999999929,0.6625,-1
4148,5948,16.842222222221512,0.6625,-1
4149,5949,16.849444444443733,0.6625,-1
4150,5950,16.856666666665955,0.6625,-1
4151,5951,16.863888888888177,0.6625,-1
4152,5952,16.871111111110398,0.6625,-1
4153,5953,16.87833333333262,0.6625,-1
4154,5954,16.88555555555484,0.6625,-1
4155,5955,16.892777777777063,0.6625,-1
4156,5956,16.899999999999284,0.6625,-1
4157,5957,16.907222222221506,0.6625,-1
4158,5958,16.914444444443728,0.6625,-1
4159,5959,16.92166666666595,0.6625,-1
4160,5960,16.92888888888817,0.6625,-1
4161,5961,16.936111111110392,0.6625,-1
4162,5962,16.943333333332614,0.6625,-1
4163,5963,16.950555555554836,0.6625,-1
4164,5964,16.957777777777057,0.6625,-1
4165,5965,16.96499999999928,0.6625,-1
4166,5966,16.9722222222215,0.6625,-1
4167,5967,16.9722222222215,0.575,33
4168,5968,16.9722222222215,0.575,33
4169,5969,16.9722222222215,0.575,33
4170,5970,16.9722222222215,0.575,33
4171,5971,16.9722222222215,0.575,33
4172,5972,16.9722222222215,0.575,33
4173,5973,16.9722222222215,0.575,33
4174,5974,16.9722222222215,0.575,33
4175,5975,16.9722222222215,0.575,33
4176,5976,16.9722222222215,0.575,33
4177,5977,16.9722222222215,0.575,33
4178,5978,16.9722222222215,0.575,33
4179,5979,16.9722222222215,0.575,33
4180,5980,16.979444444443722,0.575,-1
4181,5981,16.986666666665943,0.575,-1
4182,5982,16.993888888888165,0.575,-1
4183,5983,17.001111111110387,0.575,-1
4184,5984,17.008333333332608,0.575,-1
4185,5985,17.01555555555483,0.575,-1
4186,5986,17.02277777777705,0.575,-1
4187,5987,17.029999999999273,0.575,-1
4188,5988,17.037222222221494,0.575,-1
4189,5989,17.044444444443716,0.575,-1
4190,5990,17.051666666665938,0.575,-1
4191,5991,17.05888888888816,0.575,-1
4192,5992,17.06611111111038,0.575,-1
4193,5993,17.073333333332602,0.575,-1
4194,5994,17.080555555554824,0.575,-1
4195,5995,17.087777777777045,0.575,-1
4196,5996,17.094999999999267,0.575,-1
4197,5997,17.10222222222149,0.575,-1
4198,5998,17.10944444444371,0.575,-1
4199,5999,17.11666666666593,0.575,-1
4200,6000,17.123888888888153,0.575,-1
4201,6001,17.131111111110375,0.575,-1
4202,6002,17.138333333332596,0.575,-1
4203,6003,17.145555555554818,0.575,-1
4204,6004,17.15277777777704,0.575,-1
4205,6005,17.15999999999926,0.575,-1
4206,6006,17.167222222221483,0.575,-1
4207,6007,17.174444444443704,0.575,-1
4208,6008,17.181666666665926,0.575,-1
4209,6009,17.188888888888147,0.575,-1
4210,6010,17.19611111111037,0.575,-1
4211,6011,17.20333333333259,0.575,-1
4212,6012,17.210555555554812,0.575,-1
4213,6013,17.217777777777034,0.575,-1
4214,6014,17.224999999999255,0.575,-1
4215,6015,17.232222222221477,0.575,-1
4216,6016,17.2394444444437,0.575,-1
4217,6017,17.24666666666592,0.575,-1
4218,6018,17.25388888888814,0.575,-1
4219,6019,17.261111111110363,0.575,-1
4220,6020,17.268333333332585,0.575,-1
4221,6021,17.275555555554806,0.575,-1
4222,6022,17.282777777777028,0.575,-1
4223,6023,17.28999999999925,0.575,-1
4224,6024,17.29722222222147,0.575,-1
4225,6025,17.304444444443693,0.575,-1
4226,6026,17.311666666665914,0.575,-1
4227,6027,17.318888888888136,0.575,-1
4228,6028,17.326111111110357,0.575,-1
4229,6029,17.33333333333258,0.575,-1
4230,6030,17.3405555555548,0.575,-1
4231,6031,17.347777777777022,0.575,-1
4232,6032,17.354999999999244,0.575,-1
4233,6033,17.362222222221465,0.575,-1
4234,6034,17.369444444443687,0.575,-1
4235,6035,17.37666666666591,0.575,-1
4236,6036,17.38388888888813,0.575,-1
4237,6037,17.39111111111035,0.575,-1
4238,6038,17.398333333332573,0.575,-1
4239,6039,17.405555555554795,0.575,-1
4240,6040,17.412777777777016,0.575,-1
4241,6041,17.419999999999238,0.575,-1
4242,6042,17.42722222222146,0.575,-1
4243,6043,17.43444444444368,0.575,-1
4244,6044,17.441666666665903,0.575,-1
4245,6045,17.448888888888124,0.575,-1
4246,6046,17.456111111110346,0.575,-1
4247,6047,17.463333333332567,0.575,-1
4248,6048,17.47055555555479,0.575,-1
4249,6049,17.47777777777701,0.575,-1
4250,6050,17.484999999999232,0.575,-1
4251,6051,17.492222222221454,0.575,-1
4252,6052,17.499444444443675,0.575,-1
4253,6053,17.506666666665897,0.575,-1
4254,6054,17.51388888888812,0.575,-1
4255,6055,17.52111111111034,0.575,-1
4256,6056,17.52833333333256,0.575,-1
4257,6057,17.535555555554783,0.575,-1
4258,6058,17.542777777777005,0.575,-1
4259,6059,17.549999999999226,0.575,-1
4260,6060,17.557222222221448,0.575,-1
4261,6061,17.56444444444367,0.575,-1
4262,6062,17.57166666666589,0.575,-1
4263,6063,17.578888888888113,0.575,-1
4264,6064,17.586111111110334,0.575,-1
4265,6065,17.593333333332556,0.575,-1
4266,6066,17.600555555554777,0.575,-1
4267,6067,17.607777777777,0.575,-1
4268,6068,17.61499999999922,0.575,-1
4269,6069,17.61499999999922,0.5125,34
4270,6070,17.61499999999922,0.5125,34
4271,6071,17.61499999999922,0.5125,34
4272,6072,17.61499999999922,0.5125,34
4273,6073,17.61499999999922,0.5125,34
4274,6074,17.61499999999922,0.5125,34
4275,6075,17.61499999999922,0.5125,34
4276,6076,17.61499999999922,0.5125,34
4277,6077,17.61499999999922,0.5125,34
4278,6078,17.61499999999922,0.5125,34
4279,6079,17.61499999999922,0.5125,34
4280,6080,17.61499999999922,0.5125,34
4281,6081,17.61499999999922,0.5125,34
4282,6082,17.61499999999922,0.5125,34
4283,6083,17.61499999999922,0.5125,34
4284,6084,17.61499999999922,0.5125,34
4285,6085,17.61499999999922,0.5125,34
4286,6086,17.61499999999922,0.5125,34
4287,6087,17.61499999999922,0.5125,34
4288,6088,17.61499999999922,0.5125,34
4289,6089,17.61499999999922,0.5125,34
4290,6090,17.61499999999922,0.5125,34
4291,6091,17.61499999999922,0.5125,34
4292,6092,17.61499999999922,0.5125,34
4293,6093,17.61499999999922,0.5125,34
4294,6094,17.61499999999922,0.5125,34
4295,6095,17.61499999999922,0.5125,34
4296,6096,17.61499999999922,0.5125,34
4297,6097,17.61499999999922,0.5125,34
4298,6098,17.61499999999922,0.5125,34
4299,6099,17.61499999999922,0.5125,34
4300,6100,17.61499999999922,0.5125,34
4301,6101,17.61499999999922,0.5125,34
4302,6102,17.61499999999922,0.5125,34
4303,6103,17.61499999999922,0.5125,34
4304,6104,17.61499999999922,0.5125,34
4305,6105,17.61499999999922,0.5125,34
4306,6106,17.61499999999922,0.5125,34
4307,6107,17.61499999999922,0.5125,34
4308,6108,17.61499999999922,0.5125,34
4309,6109,17.61499999999922,0.5125,34
4310,6110,17.61499999999922,0.5125,34
4311,6111,17.61499999999922,0.5125,34
4312,6112,17.61499999999922,0.5125,34
4313,6113,17.61499999999922,0.5125,34
4314,6114,17.61499999999922,0.5125,34
4315,6115,17.61499999999922,0.5125,34
4316,6116,17.61499999999922,0.5125,34
4317,6117,17.61499999999922,0.5125,34
4318,6118,17.61499999999922,0.5125,34
4319,6119,17.61499999999922,0.5125,34
4320,6120,17.61499999999922,0.5125,34
4321,6121,17.61499999999922,0.5125,34
4322,6122,17.61499999999922,0.5125,34
4323,6123,17.61499999999922,0.5125,34
4324,6124,17.61499999999922,0.5125,34
4325,6125,17.61499999999922,0.5125,34
4326,6126,17.61499999999922,0.5125,34
4327,6127,17.61499999999922,0.5125,34
4328,6128,17.61499999999922,0.5125,34
4329,6129,17.61499999999922,0.5125,34
4330,6130,17.61499999999922,0.5125,34
4331,6131,17.61499999999922,0.5125,34
4332,6132,17.61499999999922,0.5125,34
4333,6133,17.61499999999922,0.5125,34
4334,6134,17.61499999999922,0.5125,34
4335,6135,17.61499999999922,0.5125,34
4336,6136,17.61499999999922,0.5125,34
4337,6137,17.61499999999922,0.5125,34
4338,6138,17.61499999999922,0.5125,34
4339,6139,17.61499999999922,0.5125,34
4340,6140,17.61499999999922,0.5125,34
4341,6141,17.61499999999922,0.5125,34
4342,6142,17.61499999999922,0.5125,34
4343,6143,17.61499999999922,0.5125,34
4344,6144,17.61499999999922,0.5125,34
4345,6145,17.61499999999922,0.5125,34
4346,6146,17.61499999999922,0.5125,34
4347,6147,17.61499999999922,0.5125,34
4348,6148,17.61499999999922,0.5125,34
4349,6149,17.61499999999922,0.5125,34
4350,6150,17.61499999999922,0.5125,34
4351,6151,17.61499999999922,0.5125,34
4352,6152,17.61499999999922,0.5125,34
4353,6153,17.61499999999922,0.5125,34
4354,6154,17.61499999999922,0.5125,34
4355,6155,17.61499999999922,0.5125,34
4356,6156,17.61499999999922,0.5125,34
4357,6157,17.61499999999922,0.5125,34
4358,6158,17.61499999999922,0.5125,34
4359,6159,17.61499999999922,0.5125,34
4360,6160,17.61499999999922,0.5125,34
4361,6161,17.61499999999922,0.5125,34
4362,6162,17.61499999999922,0.5125,34
4363,6163,17.61499999999922,0.5125,34
4364,6164,17.61499999999922,0.5125,34
4365,6165,17.622222222221442,0.5125,-1
4366,6166,17.629444444443664,0.5125,-1
4367,6167,17.636666666665885,0.5125,-1
4368,6168,17.643888888888107,0.5125,-1
4369,6169,17.65111111111033,0.5125,-1
4370,6170,17.65833333333255,0.5125,-1
4371,6171,17.66555555555477,0.5125,-1
4372,6172,17.672777777776993,0.5125,-1
4373,6173,17.679999999999215,0.5125,-1
4374,6174,17.687222222221436,0.5125,-1
4375,6175,17.694444444443658,0.5125,-1
4376,6176,17.70166666666588,0.5125,-1
4377,6177,17.7088888888881,0.5125,-1
4378,6178,17.716111111110322,0.5125,-1
4379,6179,17.723333333332544,0.5125,-1
4380,6180,17.730555555554766,0.5125,-1
4381,6181,17.737777777776987,0.5125,-1
4382,6182,17.74499999999921,0.5125,-1
4383,6183,17.75222222222143,0.5125,-1
4384,6184,17.759444444443652,0.5125,-1
4385,6185,17.766666666665873,0.5125,-1
4386,6186,17.773888888888095,0.5125,-1
4387,6187,17.781111111110317,0.5125,-1
4388,6188,17.788333333332538,0.5125,-1
4389,6189,17.79555555555476,0.5125,-1
4390,6190,17.80277777777698,0.5125,-1
4391,6191,17.809999999999203,0.5125,-1
4392,6192,17.817222222221424,0.5125,-1
4393,6193,17.824444444443646,0.5125,-1
4394,6194,17.831666666665868,0.5125,-1
4395,6195,17.83888888888809,0.5125,-1
4396,6196,17.84611111111031,0.5125,-1
4397,6197,17.853333333332532,0.5125,-1
4398,6198,17.860555555554754,0.5125,-1
4399,6199,17.867777777776976,0.5125,-1
4400,6200,17.874999999999197,0.5125,-1
4401,6201,17.88222222222142,0.5125,-1
4402,6202,17.88944444444364,0.5125,-1
4403,6203,17.896666666665862,0.5125,-1
4404,6204,17.903888888888083,0.5125,-1
4405,6205,17.911111111110305,0.5125,-1
4406,6206,17.918333333332527,0.5125,-1
4407,6207,17.925555555554748,0.5125,-1
4408,6208,17.93277777777697,0.5125,-1
4409,6209,17.93999999999919,0.5125,-1
4410,6210,17.947222222221413,0.5125,-1
4411,6211,17.954444444443634,0.5125,-1
4412,6212,17.961666666665856,0.5125,-1
4413,6213,17.968888888888078,0.5125,-1
4414,6214,17.9761111111103,0.5125,-1
4415,6215,17.98333333333252,0.5125,-1
4416,6216,17.990555555554742,0.5125,-1
4417,6217,17.997777777776964,0.5125,-1
4418,6218,18.004999999999185,0.5125,-1
4419,6219,18.012222222221407,0.5125,-1
4420,6220,18.01944444444363,0.5125,-1
4421,6221,18.02666666666585,0.5125,-1
4422,6222,18.03388888888807,0.5125,-1
4423,6223,18.041111111110293,0.5125,-1
4424,6224,18.048333333332515,0.5125,-1
4425,6225,18.055555555554736,0.5125,-1
4426,6226,18.062777777776958,0.5125,-1
4427,6227,18.06999999999918,0.5125,-1
4428,6228,18.0772222222214,0.5125,-1
4429,6229,18.084444444443623,0.5125,-1
4430,6230,18.091666666665844,0.5125,-1
4431,6231,18.098888888888066,0.5125,-1
4432,6232,18.106111111110287,0.5125,-1
4433,6233,18.11333333333251,0.5125,-1
4434,6234,18.12055555555473,0.5125,-1
4435,6235,18.127777777776952,0.5125,-1
4436,6236,18.134999999999174,0.5125,-1
4437,6237,18.142222222221395,0.5125,-1
4438,6238,18.149444444443617,0.5125,-1
4439,6239,18.15666666666584,0.5125,-1
4440,6240,18.16388888888806,0.5125,-1
4441,6241,18.17111111111028,0.5125,-1
4442,6242,18.178333333332503,0.5125,-1
4443,6243,18.185555555554725,0.5125,-1
4444,6244,18.192777777776946,0.5125,-1
4445,6245,18.199999999999168,0.5125,-1
4446,6246,18.20722222222139,0.5125,-1
4447,6247,18.21444444444361,0.5125,-1
4448,6248,18.221666666665833,0.5125,-1
4449,6249,18.228888888888054,0.5125,-1
4450,6250,18.236111111110276,0.5125,-1
4451,6251,18.243333333332497,0.5125,-1
4452,6252,18.25055555555472,0.5125,-1
4453,6253,18.25777777777694,0.5125,-1
4454,6254,18.264999999999162,0.5125,-1
4455,6255,18.272222222221384,0.5125,-1
4456,6256,18.279444444443605,0.5125,-1
4457,6257,18.286666666665827,0.5125,-1
4458,6258,18.29388888888805,0.5125,-1
4459,6259,18.30111111111027,0.5125,-1
4460,6260,18.30833333333249,0.5125,-1
4461,6261,18.315555555554713,0.5125,-1
4462,6262,18.322777777776935,0.5125,-1
4463,6263,18.329999999999156,0.5125,-1
4464,6264,18.337222222221378,0.5125,-1
4465,6265,18.3444444444436,0.5125,-1
4466,6266,18.35166666666582,0.5125,-1
4467,6267,18.358888888888043,0.5125,-1
4468,6268,18.366111111110264,0.5125,-1
4469,6269,18.373333333332486,0.5125,-1
4470,6270,18.380555555554707,0.5125,-1
4471,6271,18.38777777777693,0.5125,-1
4472,6272,18.39499999999915,0.5125,-1
4473,6273,18.402222222221372,0.5125,-1
4474,6274,18.409444444443594,0.5125,-1
4475,6275,18.416666666665815,0.5125,-1
4476,6276,18.423888888888037,0.5125,-1
4477,6277,18.43111111111026,0.5125,-1
4478,6278,18.43833333333248,0.5125,-1
4479,6279,18.4455555555547,0.5125,-1
4480,6280,18.452777777776923,0.5125,-1
4481,6281,18.459999999999145,0.5125,-1
4482,6282,18.467222222221366,0.5125,-1
4483,6283,18.474444444443588,0.5125,-1
4484,6284,18.48166666666581,0.5125,-1
4485,6285,18.48888888888803,0.5125,-1
4486,6286,18.496111111110253,0.5125,-1
4487,6287,18.503333333332474,0.5125,-1
4488,6288,18.510555555554696,0.5125,-1
4489,6289,18.517777777776917,0.5125,-1
4490,6290,18.52499999999914,0.5125,-1
4491,6291,18.53222222222136,0.5125,-1
4492,6292,18.539444444443582,0.5125,-1
4493,6293,18.546666666665804,0.5125,-1
4494,6294,18.553888888888025,0.5125,-1
4495,6295,18.561111111110247,0.5125,-1
4496,6296,18.56833333333247,0.5125,-1
4497,6297,18.57555555555469,0.5125,-1
4498,6298,18.58277777777691,0.5125,-1
4499,6299,18.589999999999133,0.5125,-1
4500,6300,18.597222222221355,0.5125,-1
4501,6301,18.604444444443576,0.5125,-1
4502,6302,18.611666666665798,0.5125,-1
4503,6303,18.61888888888802,0.5125,-1
4504,6304,18.62611111111024,0.5125,-1
4505,6305,18.633333333332462,0.5125,-1
4506,6306,18.640555555554684,0.5125,-1
4507,6307,18.647777777776906,0.5125,-1
4508,6308,18.654999999999127,0.5125,-1
4509,6309,18.66222222222135,0.5125,-1
4510,6310,18.66944444444357,0.5125,-1
4511,6311,18.676666666665792,0.5125,-1
4512,6312,18.683888888888013,0.5125,-1
4513,6313,18.691111111110235,0.5125,-1
4514,6314,18.698333333332457,0.5125,-1
4515,6315,18.705555555554678,0.5125,-1
4516,6316,18.7127777777769,0.5125,-1
4517,6317,18.71999999999912,0.5125,-1
4518,6318,18.727222222221343,0.5125,-1
4519,6319,18.734444444443564,0.5125,-1
4520,6320,18.741666666665786,0.5125,-1
4521,6321,18.748888888888008,0.5125,-1
4522,6322,18.75611111111023,0.5125,-1
4523,6323,18.76333333333245,0.5125,-1
4524,6324,18.770555555554672,0.5125,-1
4525,6325,18.777777777776894,0.5125,-1
4526,6326,18.784999999999116,0.5125,-1
4527,6327,18.792222222221337,0.5125,-1
4528,6328,18.79944444444356,0.5125,-1
4529,6329,18.80666666666578,0.5125,-1
4530,6330,18.813888888888002,0.5125,-1
4531,6331,18.821111111110223,0.5125,-1
4532,6332,18.828333333332445,0.5125,-1
4533,6333,18.835555555554667,0.5125,-1
4534,6334,18.842777777776888,0.5125,-1
4535,6335,18.84999999999911,0.5125,-1
4536,6336,18.85722222222133,0.5125,-1
4537,6337,18.864444444443553,0.5125,-1
4538,6338,18.871666666665774,0.5125,-1
4539,6339,18.878888888887996,0.5125,-1
4540,6340,18.886111111110218,0.5125,-1
4541,6341,18.89333333333244,0.5125,-1
4542,6342,18.90055555555466,0.5125,-1
4543,6343,18.907777777776882,0.5125,-1
4544,6344,18.914999999999104,0.5125,-1
4545,6345,18.922222222221325,0.5125,-1
4546,6346,18.929444444443547,0.5125,-1
4547,6347,18.93666666666577,0.5125,-1
4548,6348,18.94388888888799,0.5125,-1
4549,6349,18.95111111111021,0.5125,-1
4550,6350,18.958333333332433,0.5125,-1
4551,6351,18.965555555554655,0.5125,-1
4552,6352,18.972777777776876,0.5125,-1
4553,6353,18.979999999999098,0.5125,-1
4554,6354,18.98722222222132,0.5125,-1
4555,6355,18.99444444444354,0.5125,-1
4556,6356,19.001666666665763,0.5125,-1
4557,6357,19.008888888887984,0.5125,-1
4558,6358,19.016111111110206,0.5125,-1
4559,6359,19.023333333332427,0.5125,-1
4560,6360,19.03055555555465,0.5125,-1
4561,6361,19.03777777777687,0.5125,-1
4562,6362,19.044999999999092,0.5125,-1
4563,6363,19.052222222221314,0.5125,-1
4564,6364,19.059444444443535,0.5125,-1
4565,6365,19.066666666665757,0.5125,-1
4566,6366,19.07388888888798,0.5125,-1
4567,6367,19.0811111111102,0.5125,-1
4568,6368,19.08833333333242,0.5125,-1
4569,6369,19.095555555554643,0.5125,-1
4570,6370,19.102777777776865,0.5125,-1
4571,6371,19.109999999999086,0.5125,-1
4572,6372,19.117222222221308,0.5125,-1
4573,6373,19.12444444444353,0.5125,-1
4574,6374,19.13166666666575,0.5125,-1
4575,6375,19.138888888887973,0.5125,-1
4576,6376,19.146111111110194,0.5125,-1
4577,6377,19.153333333332416,0.5125,-1
4578,6378,19.160555555554637,0.5125,-1
4579,6379,19.16777777777686,0.5125,-1
4580,6380,19.17499999999908,0.5125,-1
4581,6381,19.182222222221302,0.5125,-1
4582,6382,19.189444444443524,0.5125,-1
4583,6383,19.196666666665745,0.5125,-1
4584,6384,19.203888888887967,0.5125,-1
4585,6385,19.21111111111019,0.5125,-1
4586,6386,19.21833333333241,0.5125,-1
4587,6387,19.22555555555463,0.5125,-1
4588,6388,19.232777777776853,0.5125,-1
4589,6389,19.239999999999075,0.5125,-1
4590,6390,19.247222222221296,0.5125,-1
4591,6391,19.254444444443518,0.5125,-1
4592,6392,19.26166666666574,0.5125,-1
4593,6393,19.26888888888796,0.5125,-1
4594,6394,19.276111111110183,0.5125,-1
4595,6395,19.283333333332404,0.5125,-1
4596,6396,19.290555555554626,0.5125,-1
4597,6397,19.297777777776847,0.5125,-1
4598,6398,19.30499999999907,0.5125,-1
4599,6399,19.31222222222129,0.5125,-1
4600,6400,19.319444444443512,0.5125,-1
4601,6401,19.326666666665734,0.5125,-1
4602,6402,19.333888888887955,0.5125,-1
4603,6403,19.341111111110177,0.5125,-1
4604,6404,19.3483333333324,0.5125,-1
4605,6405,19.35555555555462,0.5125,-1
4606,6406,19.36277777777684,0.5125,-1
4607,6407,19.369999999999063,0.5125,-1
4608,6408,19.377222222221285,0.5125,-1
4609,6409,19.384444444443506,0.5125,-1
4610,6410,19.391666666665728,0.5125,-1
4611,6411,19.39888888888795,0.5125,-1
4612,6412,19.40611111111017,0.5125,-1
4613,6413,19.413333333332393,0.5125,-1
4614,6414,19.420555555554614,0.5125,-1
4615,6415,19.427777777776836,0.5125,-1
4616,6416,19.427777777776836,0.375,35
4617,6417,19.427777777776836,0.375,35
4618,6418,19.427777777776836,0.375,35
4619,6419,19.427777777776836,0.375,35
4620,6420,19.427777777776836,0.375,35
4621,6421,19.427777777776836,0.375,35
4622,6422,19.427777777776836,0.375,35
4623,6423,19.427777777776836,0.375,35
4624,6424,19.427777777776836,0.375,35
4625,6425,19.427777777776836,0.375,35
4626,6426,19.427777777776836,0.375,35
4627,6427,19.427777777776836,0.375,35
4628,6428,19.427777777776836,0.375,35
4629,6429,19.427777777776836,0.375,35
4630,6430,19.427777777776836,0.375,35
4631,6431,19.427777777776836,0.375,35
4632,6432,19.427777777776836,0.375,35
4633,6433,19.427777777776836,0.375,35
4634,6434,19.427777777776836,0.375,35
4635,6435,19.427777777776836,0.375,35
4636,6436,19.427777777776836,0.375,35
4637,6437,19.427777777776836,0.375,35
4638,6438,19.434999999999057,0.375,-1
4639,6439,19.434999999999057,0.3375,36
4640,6440,19.434999999999057,0.3375,36
4641,6441,19.434999999999057,0.3375,36
4642,6442,19.434999999999057,0.3375,36
4643,6443,19.434999999999057,0.3375,36
4644,6444,19.434999999999057,0.3375,36
4645,6445,19.434999999999057,0.3375,36
4646,6446,19.434999999999057,0.3375,36
4647,6447,19.434999999999057,0.3375,36
4648,6448,19.434999999999057,0.3375,36
4649,6449,19.434999999999057,0.3375,36
4650,6450,19.434999999999057,0.3375,36
4651,6451,19.434999999999057,0.3375,36
4652,6452,19.434999999999057,0.3375,36
4653,6453,19.434999999999057,0.3375,36
4654,6454,19.44222222222128,0.3375,-1
4655,6455,19.4494444444435,0.3375,-1
4656,6456,19.456666666665722,0.3375,-1
4657,6457,19.463888888887944,0.3375,-1
4658,6458,19.471111111110165,0.3375,-1
4659,6459,19.478333333332387,0.3375,-1
4660,6460,19.48555555555461,0.3375,-1
4661,6461,19.49277777777683,0.3375,-1
4662,6462,19.49999999999905,0.3375,-1
4663,6463,19.507222222221273,0.3375,-1
4664,6464,19.514444444443495,0.3375,-1
4665,6465,19.521666666665716,0.3375,-1
4666,6466,19.528888888887938,0.3375,-1
4667,6467,19.53611111111016,0.3375,-1
4668,6468,19.54333333333238,0.3375,-1
4669,6469,19.550555555554602,0.3375,-1
4670,6470,19.557777777776824,0.3375,-1
4671,6471,19.564999999999046,0.3375,-1
4672,6472,19.572222222221267,0.3375,-1
4673,6473,19.57944444444349,0.3375,-1
4674,6474,19.58666666666571,0.3375,-1
4675,6475,19.593888888887932,0.3375,-1
4676,6476,19.601111111110153,0.3375,-1
4677,6477,19.608333333332375,0.3375,-1
4678,6478,19.615555555554597,0.3375,-1
4679,6479,19.622777777776818,0.3375,-1
4680,6480,19.62999999999904,0.3375,-1
4681,6481,19.63722222222126,0.3375,-1
4682,6482,19.644444444443483,0.3375,-1
4683,6483,19.651666666665704,0.3375,-1
4684,6484,19.658888888887926,0.3375,-1
4685,6485,19.666111111110148,0.3375,-1
4686,6486,19.67333333333237,0.3375,-1
4687,6487,19.68055555555459,0.3375,-1
4688,6488,19.687777777776812,0.3375,-1
4689,6489,19.694999999999034,0.3375,-1
4690,6490,19.702222222221256,0.3375,-1
4691,6491,19.709444444443477,0.3375,-1
4692,6492,19.7166666666657,0.3375,-1
4693,6493,19.72388888888792,0.3375,-1
4694,6494,19.731111111110142,0.3375,-1
4695,6495,19.738333333332363,0.3375,-1
4696,6496,19.745555555554585,0.3375,-1
4697,6497,19.752777777776807,0.3375,-1
4698,6498,19.759999999999028,0.3375,-1
4699,6499,19.76722222222125,0.3375,-1
4700,6500,19.77444444444347,0.3375,-1
4701,6501,19.781666666665693,0.3375,-1
4702,6502,19.788888888887914,0.3375,-1
4703,6503,19.788888888887914,0.225,37
4704,6504,19.788888888887914,0.225,37
4705,6505,19.788888888887914,0.225,37
4706,6506,19.788888888887914,0.225,37
4707,6507,19.788888888887914,0.225,37
4708,6508,19.788888888887914,0.225,37
4709,6509,19.788888888887914,0.225,37
4710,6510,19.788888888887914,0.225,37
4711,6511,19.788888888887914,0.225,37
4712,6512,19.788888888887914,0.225,37
4713,6513,19.788888888887914,0.225,37
4714,6514,19.788888888887914,0.225,37
4715,6515,19.788888888887914,0.225,37
4716,6516,19.788888888887914,0.225,37
4717,6517,19.788888888887914,0.225,37
4718,6518,19.788888888887914,0.225,37
4719,6519,19.788888888887914,0.225,37
4720,6520,19.788888888887914,0.225,37
4721,6521,19.796111111110136,0.225,-1
4722,6522,19.803333333332358,0.225,-1
4723,6523,19.81055555555458,0.225,-1
4724,6524,19.8177777777768,0.225,-1
4725,6525,19.824999999999022,0.225,-1
4726,6526,19.832222222221244,0.225,-1
4727,6527,19.839444444443465,0.225,-1
4728,6528,19.846666666665687,0.225,-1
4729,6529,19.85388888888791,0.225,-1
4730,6530,19.86111111111013,0.225,-1
4731,6531,19.86833333333235,0.225,-1
4732,6532,19.875555555554573,0.225,-1
4733,6533,19.882777777776795,0.225,-1
4734,6534,19.889999999999016,0.225,-1
4735,6535,19.897222222221238,0.225,-1
4736,6536,19.90444444444346,0.225,-1
4737,6537,19.91166666666568,0.225,-1
4738,6538,19.918888888887903,0.225,-1
4739,6539,19.926111111110124,0.225,-1
4740,6540,19.933333333332346,0.225,-1
4741,6541,19.940555555554567,0.225,-1
4742,6542,19.94777777777679,0.225,-1
4743,6543,19.95499999999901,0.225,-1
4744,6544,19.962222222221232,0.225,-1
4745,6545,19.969444444443454,0.225,-1
4746,6546,19.976666666665675,0.225,-1
4747,6547,19.983888888887897,0.225,-1
4748,6548,19.99111111111012,0.225,-1
4749,6549,19.99833333333234,0.225,-1
4750,6550,20.00555555555456,0.225,-1
4751,6551,20.012777777776783,0.225,-1
4752,6552,20.019999999999005,0.225,-1
4753,6553,20.027222222221226,0.225,-1
4754,6554,20.034444444443448,0.225,-1
4755,6555,20.04166666666567,0.225,-1
4756,6556,20.04888888888789,0.225,-1
4757,6557,20.056111111110113,0.225,-1
4758,6558,20.063333333332334,0.225,-1
4759,6559,20.070555555554556,0.225,-1
4760,6560,20.077777777776777,0.225,-1
4761,6561,20.084999999999,0.225,-1
4762,6562,20.09222222222122,0.225,-1
4763,6563,20.099444444443442,0.225,-1
4764,6564,20.106666666665664,0.225,-1
4765,6565,20.113888888887885,0.225,-1
4766,6566,20.121111111110107,0.225,-1
4767,6567,20.12833333333233,0.225,-1
4768,6568,20.13555555555455,0.225,-1
4769,6569,20.14277777777677,0.225,-1
4770,6570,20.149999999998993,0.225,-1
4771,6571,20.157222222221215,0.225,-1
4772,6572,20.164444444443436,0.225,-1
4773,6573,20.171666666665658,0.225,-1
4774,6574,20.17888888888788,0.225,-1
4775,6575,20.1861111111101,0.225,-1
4776,6576,20.193333333332323,0.225,-1
4777,6577,20.200555555554544,0.225,-1
4778,6578,20.207777777776766,0.225,-1
4779,6579,20.214999999998987,0.225,-1
4780,6580,20.22222222222121,0.225,-1
4781,6581,20.22944444444343,0.225,-1
4782,6582,20.236666666665652,0.225,-1
4783,6583,20.243888888887874,0.225,-1
4784,6584,20.251111111110095,0.225,-1
4785,6585,20.258333333332317,0.225,-1
4786,6586,20.26555555555454,0.225,-1
4787,6587,20.27277777777676,0.225,-1
4788,6588,20.27999999999898,0.225,-1
4789,6589,20.287222222221203,0.225,-1
4790,6590,20.294444444443425,0.225,-1
4791,6591,20.301666666665646,0.225,-1
4792,6592,20.308888888887868,0.225,-1
4793,6593,20.31611111111009,0.225,-1
4794,6594,20.32333333333231,0.225,-1
4795,6595,20.330555555554533,0.225,-1
4796,6596,20.330555555554533,0.1125,38
4797,6597,20.330555555554533,0.1125,38
4798,6598,20.330555555554533,0.1125,38
4799,6599,20.330555555554533,0.1125,38
4800,6600,20.330555555554533,0.1125,38
4801,6601,20.330555555554533,0.1125,38
4802,6602,20.330555555554533,0.1125,38
4803,6603,20.330555555554533,0.1125,38
4804,6604,20.330555555554533,0.1125,38
4805,6605,20.330555555554533,0.1125,38
4806,6606,20.330555555554533,0.1125,38
4807,6607,20.330555555554533,0.1125,38
4808,6608,20.330555555554533,0.1125,38
4809,6609,20.330555555554533,0.1125,38
4810,6610,20.330555555554533,0.1125,38
4811,6611,20.330555555554533,0.1125,38
4812,6612,20.330555555554533,0.1125,38
4813,6613,20.337777777776754,0.1125,-1
4814,6614,20.344999999998976,0.1125,-1
4815,6615,20.352222222221197,0.1125,-1
4816,6616,20.35944444444342,0.1125,-1
4817,6617,20.36666666666564,0.1125,-1
4818,6618,20.373888888887862,0.1125,-1
4819,6619,20.381111111110084,0.1125,-1
4820,6620,20.388333333332305,0.1125,-1
4821,6621,20.395555555554527,0.1125,-1
4822,6622,20.40277777777675,0.1125,-1
4823,6623,20.40999999999897,0.1125,-1
4824,6624,20.41722222222119,0.1125,-1
4825,6625,20.424444444443413,0.1125,-1
4826,6626,20.431666666665635,0.1125,-1
4827,6627,20.438888888887856,0.1125,-1
4828,6628,20.446111111110078,0.1125,-1
4829,6629,20.4533333333323,0.1125,-1
4830,6630,20.46055555555452,0.1125,-1
4831,6631,20.467777777776742,0.1125,-1
4832,6632,20.474999999998964,0.1125,-1
4833,6633,20.482222222221186,0.1125,-1
4834,6634,20.489444444443407,0.1125,-1
4835,6635,20.49666666666563,0.1125,-1
4836,6636,20.50388888888785,0.1125,-1
4837,6637,20.511111111110072,0.1125,-1
4838,6638,20.518333333332293,0.1125,-1
4839,6639,20.525555555554515,0.1125,-1
4840,6640,20.532777777776737,0.1125,-1
4841,6641,20.539999999998958,0.1125,-1
4842,6642,20.54722222222118,0.1125,-1
4843,6643,20.5544444444434,0.1125,-1
4844,6644,20.561666666665623,0.1125,-1
4845,6645,20.568888888887845,0.1125,-1
4846,6646,20.576111111110066,0.1125,-1
4847,6647,20.583333333332288,0.1125,-1
4848,6648,20.59055555555451,0.1125,-1
4849,6649,20.59777777777673,0.1125,-1
4850,6650,20.604999999998952,0.1125,-1
4851,6651,20.612222222221174,0.1125,-1
4852,6652,20.619444444443396,0.1125,-1
4853,6653,20.626666666665617,0.1125,-1
4854,6654,20.63388888888784,0.1125,-1
4855,6655,20.64111111111006,0.1125,-1
4856,6656,20.648333333332282,0.1125,-1
4857,6657,20.655555555554503,0.1125,-1
4858,6658,20.662777777776725,0.1125,-1
4859,6659,20.669999999998947,0.1125,-1
4860,6660,20.677222222221168,0.1125,-1
4861,6661,20.68444444444339,0.1125,-1
4862,6662,20.69166666666561,0.1125,-1
4863,6663,20.698888888887833,0.1125,-1
4864,6664,20.706111111110054,0.1125,-1
4865,6665,20.713333333332276,0.1125,-1
4866,6666,20.720555555554498,0.1125,-1
4867,6667,20.72777777777672,0.1125,-1
4868,6668,20.73499999999894,0.1125,-1
4869,6669,20.742222222221162,0.1125,-1
4870,6670,20.749444444443384,0.1125,-1
4871,6671,20.756666666665605,0.1125,-1
4872,6672,20.763888888887827,0.1125,-1
4873,6673,20.77111111111005,0.1125,-1
4874,6674,20.77833333333227,0.1125,-1
4875,6675,20.78555555555449,0.1125,-1
4876,6676,20.792777777776713,0.1125,-1
4877,6677,20.799999999998935,0.1125,-1
4878,6678,20.807222222221156,0.1125,-1
4879,6679,20.814444444443378,0.1125,-1
4880,6680,20.8216666666656,0.1125,-1
4881,6681,20.82888888888782,0.1125,-1
4882,6682,20.836111111110043,0.1125,-1
4883,6683,20.843333333332264,0.1125,-1
4884,6684,20.850555555554486,0.1125,-1
4885,6685,20.857777777776707,0.1125,-1
4886,6686,20.86499999999893,0.1125,-1
4887,6687,20.87222222222115,0.1125,-1
4888,6688,20.879444444443372,0.1125,-1
4889,6689,20.886666666665594,0.1125,-1
4890,6690,20.893888888887815,0.1125,-1
4891,6691,20.901111111110037,0.1125,-1
4892,6692,20.90833333333226,0.1125,-1
4893,6693,20.91555555555448,0.1125,-1
4894,6694,20.9227777777767,0.1125,-1
4895,6695,20.929999999998923,0.1125,-1
4896,6696,20.937222222221145,0.1125,-1
4897,6697,20.944444444443366,0.1125,-1
4898,6698,20.951666666665588,0.1125,-1
4899,6699,20.95888888888781,0.1125,-1
4900,6700,20.96611111111003,0.1125,-1
4901,6701,20.973333333332253,0.1125,-1
4902,6702,20.980555555554474,0.1125,-1
4903,6703,20.987777777776696,0.1125,-1
4904,6704,20.994999999998917,0.1125,-1
4905,6705,21.00222222222114,0.1125,-1
4906,6706,21.00222222222114,0.0,39
