,time,loc,op,stop
0,2501,0.0,0.0,-1
1,2502,0.0060416666666666665,0.0,-1
2,2503,0.012083333333333333,0.0,-1
3,2504,0.018125,0.0,-1
4,2505,0.024166666666666666,0.0,-1
5,2506,0.030208333333333334,0.0,-1
6,2507,0.03625,0.0,-1
7,2508,0.042291666666666665,0.0,-1
8,2509,0.04833333333333333,0.0,-1
9,2510,0.054375,0.0,-1
10,2511,0.06041666666666667,0.0,-1
11,2512,0.06645833333333333,0.0,-1
12,2513,0.0725,0.0,-1
13,2514,0.07854166666666666,0.0,-1
14,2515,0.08458333333333333,0.0,-1
15,2516,0.090625,0.0,-1
16,2517,0.09666666666666666,0.0,-1
17,2518,0.10270833333333333,0.0,-1
18,2519,0.10875,0.0,-1
19,2520,0.11479166666666667,0.0,-1
20,2521,0.12083333333333333,0.0,-1
21,2522,0.126875,0.0,-1
22,2523,0.13291666666666666,0.0,-1
23,2524,0.13895833333333332,0.0,-1
24,2525,0.145,0.0,-1
25,2526,0.15104166666666666,0.0,-1
26,2527,0.15708333333333332,0.0,-1
27,2528,0.163125,0.0,-1
28,2529,0.16916666666666666,0.0,-1
29,2530,0.17520833333333333,0.0,-1
30,2531,0.18125,0.0,-1
31,2532,0.18729166666666666,0.0,-1
32,2533,0.19333333333333333,0.0,-1
33,2534,0.199375,0.0,-1
34,2535,0.20541666666666666,0.0,-1
35,2536,0.21145833333333333,0.0,-1
36,2537,0.2175,0.0,-1
37,2538,0.22354166666666667,0.0,-1
38,2539,0.22958333333333333,0.0,-1
39,2540,0.235625,0.0,-1
40,2541,0.24166666666666667,0.0,-1
41,2542,0.24770833333333334,0.0,-1
42,2543,0.25375,0.0,-1
43,2544,0.25979166666666664,0.0,-1
44,2545,0.2658333333333333,0.0,-1
45,2546,0.271875,0.0,-1
46,2547,0.27791666666666665,0.0,-1
47,2548,0.2839583333333333,0.0,-1
48,2549,0.29,0.0,-1
49,2550,0.29604166666666665,0.0,-1
50,2551,0.3020833333333333,0.0,-1
51,2552,0.308125,0.0,-1
52,2553,0.31416666666666665,0.0,-1
53,2554,0.3202083333333333,0.0,-1
54,2555,0.32625,0.0,-1
55,2556,0.33229166666666665,0.0,-1
56,2557,0.3383333333333333,0.0,-1
57,2558,0.3383333333333333,0.0125,2
58,2559,0.3383333333333333,0.0125,2
59,2560,0.3383333333333333,0.0125,2
60,2561,0.344375,0.0125,-1
61,2562,0.35041666666666665,0.0125,-1
62,2563,0.3564583333333333,0.0125,-1
63,2564,0.3625,0.0125,-1
64,2565,0.36854166666666666,0.0125,-1
65,2566,0.3745833333333333,0.0125,-1
66,2567,0.380625,0.0125,-1
67,2568,0.38666666666666666,0.0125,-1
68,2569,0.3927083333333333,0.0125,-1
69,2570,0.39875,0.0125,-1
70,2571,0.40479166666666666,0.0125,-1
71,2572,0.41083333333333333,0.0125,-1
72,2573,0.416875,0.0125,-1
73,2574,0.42291666666666666,0.0125,-1
74,2575,0.42895833333333333,0.0125,-1
75,2576,0.435,0.0125,-1
76,2577,0.44104166666666667,0.0125,-1
77,2578,0.44708333333333333,0.0125,-1
78,2579,0.453125,0.0125,-1
79,2580,0.45916666666666667,0.0125,-1
80,2581,0.46520833333333333,0.0125,-1
81,2582,0.47125,0.0125,-1
82,2583,0.47729166666666667,0.0125,-1
83,2584,0.48333333333333334,0.0125,-1
84,2585,0.489375,0.0125,-1
85,2586,0.49541666666666667,0.0125,-1
86,2587,0.5014583333333333,0.0125,-1
87,2588,0.5075,0.0125,-1
88,2589,0.5135416666666666,0.0125,-1
89,2590,0.5195833333333332,0.0125,-1
90,2591,0.5256249999999998,0.0125,-1
91,2592,0.5316666666666664,0.0125,-1
92,2593,0.537708333333333,0.0125,-1
93,2594,0.5437499999999996,0.0125,-1
94,2595,0.5497916666666662,0.0125,-1
95,2596,0.5558333333333328,0.0125,-1
96,2597,0.5618749999999995,0.0125,-1
97,2598,0.5679166666666661,0.0125,-1
98,2599,0.5739583333333327,0.0125,-1
99,2600,0.5799999999999993,0.0125,-1
100,2601,0.5860416666666659,0.0125,-1
101,2602,0.5920833333333325,0.0125,-1
102,2603,0.5981249999999991,0.0125,-1
103,2604,0.6041666666666657,0.0125,-1
104,2605,0.6102083333333324,0.0125,-1
105,2606,0.616249999999999,0.0125,-1
106,2607,0.6222916666666656,0.0125,-1
107,2608,0.6283333333333322,0.0125,-1
108,2609,0.6343749999999988,0.0125,-1
109,2610,0.6404166666666654,0.0125,-1
110,2611,0.646458333333332,0.0125,-1
111,2612,0.6524999999999986,0.0125,-1
112,2613,0.6585416666666652,0.0125,-1
113,2614,0.6645833333333319,0.0125,-1
114,2615,0.6706249999999985,0.0125,-1
115,2616,0.6766666666666651,0.0125,-1
116,2617,0.6827083333333317,0.0125,-1
117,2618,0.6887499999999983,0.0125,-1
118,2619,0.6947916666666649,0.0125,-1
119,2620,0.7008333333333315,0.0125,-1
120,2621,0.7068749999999981,0.0125,-1
121,2622,0.7129166666666648,0.0125,-1
122,2623,0.7189583333333314,0.0125,-1
123,2624,0.724999999999998,0.0125,-1
124,2625,0.7310416666666646,0.0125,-1
125,2626,0.7370833333333312,0.0125,-1
126,2627,0.7431249999999978,0.0125,-1
127,2628,0.7491666666666644,0.0125,-1
128,2629,0.755208333333331,0.0125,-1
129,2630,0.7612499999999977,0.0125,-1
130,2631,0.7672916666666643,0.0125,-1
131,2632,0.7733333333333309,0.0125,-1
132,2633,0.7793749999999975,0.0125,-1
133,2634,0.7854166666666641,0.0125,-1
134,2635,0.7914583333333307,0.0125,-1
135,2636,0.7974999999999973,0.0125,-1
136,2637,0.8035416666666639,0.0125,-1
137,2638,0.8095833333333305,0.0125,-1
138,2639,0.8156249999999972,0.0125,-1
139,2640,0.8216666666666638,0.0125,-1
140,2641,0.8277083333333304,0.0125,-1
141,2642,0.833749999999997,0.0125,-1
142,2643,0.8397916666666636,0.0125,-1
143,2644,0.8458333333333302,0.0125,-1
144,2645,0.8518749999999968,0.0125,-1
145,2646,0.8579166666666634,0.0125,-1
146,2647,0.86395833333333,0.0125,-1
147,2648,0.8699999999999967,0.0125,-1
148,2649,0.8760416666666633,0.0125,-1
149,2650,0.8820833333333299,0.0125,-1
150,2651,0.8881249999999965,0.0125,-1
151,2652,0.8941666666666631,0.0125,-1
152,2653,0.9002083333333297,0.0125,-1
153,2654,0.9062499999999963,0.0125,-1
154,2655,0.912291666666663,0.0125,-1
155,2656,0.9183333333333296,0.0125,-1
156,2657,0.9243749999999962,0.0125,-1
157,2658,0.9243749999999962,0.0125,3
158,2659,0.9243749999999962,0.0125,3
159,2660,0.9243749999999962,0.0125,3
160,2661,0.9243749999999962,0.0125,3
161,2662,0.9243749999999962,0.0125,3
162,2663,0.9243749999999962,0.0125,3
163,2664,0.9243749999999962,0.0125,3
164,2665,0.9243749999999962,0.0125,3
165,2666,0.9243749999999962,0.0125,3
166,2667,0.9243749999999962,0.0125,3
167,2668,0.9243749999999962,0.0125,3
168,2669,0.9243749999999962,0.0125,3
169,2670,0.9243749999999962,0.0125,3
170,2671,0.9243749999999962,0.0125,3
171,2672,0.9243749999999962,0.0125,3
172,2673,0.9243749999999962,0.0125,3
173,2674,0.9243749999999962,0.0125,3
174,2675,0.9243749999999962,0.0125,3
175,2676,0.9243749999999962,0.0125,3
176,2677,0.9243749999999962,0.0125,3
177,2678,0.9243749999999962,0.0125,3
178,2679,0.9243749999999962,0.0125,3
179,2680,0.9243749999999962,0.0125,3
180,2681,0.9243749999999962,0.0125,3
181,2682,0.9243749999999962,0.0125,3
182,2683,0.9243749999999962,0.0125,3
183,2684,0.9243749999999962,0.0125,3
184,2685,0.9243749999999962,0.0125,3
185,2686,0.9243749999999962,0.0125,3
186,2687,0.9243749999999962,0.0125,3
187,2688,0.9243749999999962,0.0125,3
188,2689,0.9243749999999962,0.0125,3
189,2690,0.9243749999999962,0.0125,3
190,2691,0.9243749999999962,0.0125,3
191,2692,0.9243749999999962,0.0125,3
192,2693,0.9243749999999962,0.0125,3
193,2694,0.9243749999999962,0.0125,3
194,2695,0.9243749999999962,0.0125,3
195,2696,0.9243749999999962,0.0125,3
196,2697,0.9243749999999962,0.0125,3
197,2698,0.9243749999999962,0.0125,3
198,2699,0.9243749999999962,0.0125,3
199,2700,0.9243749999999962,0.0125,3
200,2701,0.9243749999999962,0.0125,3
201,2702,0.9243749999999962,0.0125,3
202,2703,0.9243749999999962,0.0125,3
203,2704,0.9243749999999962,0.0125,3
204,2705,0.9243749999999962,0.0125,3
205,2706,0.9304166666666628,0.0125,-1
206,2707,0.9364583333333294,0.0125,-1
207,2708,0.942499999999996,0.0125,-1
208,2709,0.9485416666666626,0.0125,-1
209,2710,0.9545833333333292,0.0125,-1
210,2711,0.9606249999999958,0.0125,-1
211,2712,0.9666666666666625,0.0125,-1
212,2713,0.9727083333333291,0.0125,-1
213,2714,0.9787499999999957,0.0125,-1
214,2715,0.9847916666666623,0.0125,-1
215,2716,0.9908333333333289,0.0125,-1
216,2717,0.9968749999999955,0.0125,-1
217,2718,1.0029166666666622,0.0125,-1
218,2719,1.008958333333329,0.0125,-1
219,2720,1.0149999999999957,0.0125,-1
220,2721,1.0210416666666624,0.0125,-1
221,2722,1.0270833333333291,0.0125,-1
222,2723,1.0331249999999959,0.0125,-1
223,2724,1.0391666666666626,0.0125,-1
224,2725,1.0452083333333293,0.0125,-1
225,2726,1.051249999999996,0.0125,-1
226,2727,1.0572916666666627,0.0125,-1
227,2728,1.0633333333333295,0.0125,-1
228,2729,1.0693749999999962,0.0125,-1
229,2730,1.075416666666663,0.0125,-1
230,2731,1.0814583333333296,0.0125,-1
231,2732,1.0874999999999964,0.0125,-1
232,2733,1.093541666666663,0.0125,-1
233,2734,1.0995833333333298,0.0125,-1
234,2735,1.1056249999999965,0.0125,-1
235,2736,1.1116666666666633,0.0125,-1
236,2737,1.11770833333333,0.0125,-1
237,2738,1.1237499999999967,0.0125,-1
238,2739,1.1297916666666634,0.0125,-1
239,2740,1.1358333333333301,0.0125,-1
240,2741,1.1418749999999969,0.0125,-1
241,2742,1.1479166666666636,0.0125,-1
242,2743,1.1539583333333303,0.0125,-1
243,2744,1.159999999999997,0.0125,-1
244,2745,1.1660416666666638,0.0125,-1
245,2746,1.1720833333333305,0.0125,-1
246,2747,1.1781249999999972,0.0125,-1
247,2748,1.184166666666664,0.0125,-1
248,2749,1.1902083333333306,0.0125,-1
249,2750,1.1962499999999974,0.0125,-1
250,2751,1.202291666666664,0.0125,-1
251,2752,1.2083333333333308,0.0125,-1
252,2753,1.2143749999999975,0.0125,-1
253,2754,1.2204166666666643,0.0125,-1
254,2755,1.226458333333331,0.0125,-1
255,2756,1.2324999999999977,0.0125,-1
256,2757,1.2385416666666644,0.0125,-1
257,2758,1.2445833333333312,0.0125,-1
258,2759,1.2506249999999979,0.0125,-1
259,2760,1.2566666666666646,0.0125,-1
260,2761,1.2627083333333313,0.0125,-1
261,2762,1.268749999999998,0.0125,-1
262,2763,1.2747916666666648,0.0125,-1
263,2764,1.2808333333333315,0.0125,-1
264,2765,1.2868749999999982,0.0125,-1
265,2766,1.292916666666665,0.0125,-1
266,2767,1.2989583333333317,0.0125,-1
267,2768,1.3049999999999984,0.0125,-1
268,2769,1.311041666666665,0.0125,-1
269,2770,1.3170833333333318,0.0125,-1
270,2771,1.3231249999999986,0.0125,-1
271,2772,1.3291666666666653,0.0125,-1
272,2773,1.335208333333332,0.0125,-1
273,2774,1.3412499999999987,0.0125,-1
274,2775,1.3472916666666654,0.0125,-1
275,2776,1.3533333333333322,0.0125,-1
276,2777,1.359374999999999,0.0125,-1
277,2778,1.3654166666666656,0.0125,-1
278,2779,1.3714583333333323,0.0125,-1
279,2780,1.377499999999999,0.0125,-1
280,2781,1.3835416666666658,0.0125,-1
281,2782,1.3895833333333325,0.0125,-1
282,2783,1.3956249999999992,0.0125,-1
283,2784,1.401666666666666,0.0125,-1
284,2785,1.4077083333333327,0.0125,-1
285,2786,1.4137499999999994,0.0125,-1
286,2787,1.4197916666666661,0.0125,-1
287,2788,1.4258333333333328,0.0125,-1
288,2789,1.4258333333333328,0.0625,4
289,2790,1.4258333333333328,0.0625,4
290,2791,1.4258333333333328,0.0625,4
291,2792,1.4258333333333328,0.0625,4
292,2793,1.4258333333333328,0.0625,4
293,2794,1.4258333333333328,0.0625,4
294,2795,1.4258333333333328,0.0625,4
295,2796,1.4258333333333328,0.0625,4
296,2797,1.4258333333333328,0.0625,4
297,2798,1.4258333333333328,0.0625,4
298,2799,1.4258333333333328,0.0625,4
299,2800,1.4258333333333328,0.0625,4
300,2801,1.4318749999999996,0.0625,-1
301,2802,1.4379166666666663,0.0625,-1
302,2803,1.443958333333333,0.0625,-1
303,2804,1.4499999999999997,0.0625,-1
304,2805,1.4560416666666665,0.0625,-1
305,2806,1.4620833333333332,0.0625,-1
306,2807,1.468125,0.0625,-1
307,2808,1.4741666666666666,0.0625,-1
308,2809,1.4802083333333333,0.0625,-1
309,2810,1.48625,0.0625,-1
310,2811,1.4922916666666668,0.0625,-1
311,2812,1.4983333333333335,0.0625,-1
312,2813,1.5043750000000002,0.0625,-1
313,2814,1.510416666666667,0.0625,-1
314,2815,1.5164583333333337,0.0625,-1
315,2816,1.5225000000000004,0.0625,-1
316,2817,1.5285416666666671,0.0625,-1
317,2818,1.5345833333333339,0.0625,-1
318,2819,1.5406250000000006,0.0625,-1
319,2820,1.5466666666666673,0.0625,-1
320,2821,1.552708333333334,0.0625,-1
321,2822,1.5587500000000007,0.0625,-1
322,2823,1.5647916666666675,0.0625,-1
323,2824,1.5708333333333342,0.0625,-1
324,2825,1.576875000000001,0.0625,-1
325,2826,1.5829166666666676,0.0625,-1
326,2827,1.5889583333333344,0.0625,-1
327,2828,1.595000000000001,0.0625,-1
328,2829,1.6010416666666678,0.0625,-1
329,2830,1.6070833333333345,0.0625,-1
330,2831,1.6131250000000013,0.0625,-1
331,2832,1.619166666666668,0.0625,-1
332,2833,1.6252083333333347,0.0625,-1
333,2834,1.6312500000000014,0.0625,-1
334,2835,1.6372916666666681,0.0625,-1
335,2836,1.6433333333333349,0.0625,-1
336,2837,1.6493750000000016,0.0625,-1
337,2838,1.6554166666666683,0.0625,-1
338,2839,1.661458333333335,0.0625,-1
339,2840,1.6675000000000018,0.0625,-1
340,2841,1.6735416666666685,0.0625,-1
341,2842,1.6795833333333352,0.0625,-1
342,2843,1.685625000000002,0.0625,-1
343,2844,1.6916666666666687,0.0625,-1
344,2845,1.6977083333333354,0.0625,-1
345,2846,1.703750000000002,0.0625,-1
346,2847,1.7097916666666688,0.0625,-1
347,2848,1.7158333333333355,0.0625,-1
348,2849,1.7218750000000023,0.0625,-1
349,2850,1.727916666666669,0.0625,-1
350,2851,1.7339583333333357,0.0625,-1
351,2852,1.7400000000000024,0.0625,-1
352,2853,1.7460416666666692,0.0625,-1
353,2854,1.7520833333333359,0.0625,-1
354,2855,1.7581250000000026,0.0625,-1
355,2856,1.7641666666666693,0.0625,-1
356,2857,1.770208333333336,0.0625,-1
357,2858,1.7762500000000028,0.0625,-1
358,2859,1.7822916666666695,0.0625,-1
359,2860,1.7883333333333362,0.0625,-1
360,2861,1.794375000000003,0.0625,-1
361,2862,1.8004166666666697,0.0625,-1
362,2863,1.8064583333333364,0.0625,-1
363,2864,1.812500000000003,0.0625,-1
364,2865,1.8185416666666698,0.0625,-1
365,2866,1.8245833333333366,0.0625,-1
366,2867,1.8306250000000033,0.0625,-1
367,2868,1.83666666666667,0.0625,-1
368,2869,1.8427083333333367,0.0625,-1
369,2870,1.8487500000000034,0.0625,-1
370,2871,1.8547916666666702,0.0625,-1
371,2872,1.860833333333337,0.0625,-1
372,2873,1.8668750000000036,0.0625,-1
373,2874,1.8729166666666703,0.0625,-1
374,2875,1.878958333333337,0.0625,-1
375,2876,1.8850000000000038,0.0625,-1
376,2877,1.8910416666666705,0.0625,-1
377,2878,1.8970833333333372,0.0625,-1
378,2879,1.903125000000004,0.0625,-1
379,2880,1.9091666666666707,0.0625,-1
380,2881,1.9152083333333374,0.0625,-1
381,2882,1.9212500000000041,0.0625,-1
382,2883,1.9272916666666708,0.0625,-1
383,2884,1.9333333333333376,0.0625,-1
384,2885,1.9393750000000043,0.0625,-1
385,2886,1.945416666666671,0.0625,-1
386,2887,1.9514583333333377,0.0625,-1
387,2888,1.9575000000000045,0.0625,-1
388,2889,1.9635416666666712,0.0625,-1
389,2890,1.969583333333338,0.0625,-1
390,2891,1.9756250000000046,0.0625,-1
391,2892,1.9816666666666714,0.0625,-1
392,2893,1.987708333333338,0.0625,-1
393,2894,1.9937500000000048,0.0625,-1
394,2895,1.9997916666666715,0.0625,-1
395,2896,2.0058333333333382,0.0625,-1
396,2897,2.0118750000000047,0.0625,-1
397,2898,2.0179166666666712,0.0625,-1
398,2899,2.0239583333333377,0.0625,-1
399,2900,2.0300000000000042,0.0625,-1
400,2901,2.0360416666666707,0.0625,-1
401,2902,2.0420833333333372,0.0625,-1
402,2903,2.0481250000000037,0.0625,-1
403,2904,2.0541666666666702,0.0625,-1
404,2905,2.0602083333333367,0.0625,-1
405,2906,2.0662500000000033,0.0625,-1
406,2907,2.0722916666666698,0.0625,-1
407,2908,2.0783333333333363,0.0625,-1
408,2909,2.0843750000000028,0.0625,-1
409,2910,2.0904166666666693,0.0625,-1
410,2911,2.0964583333333358,0.0625,-1
411,2912,2.1025000000000023,0.0625,-1
412,2913,2.1085416666666688,0.0625,-1
413,2914,2.1145833333333353,0.0625,-1
414,2915,2.1206250000000018,0.0625,-1
415,2916,2.1266666666666683,0.0625,-1
416,2917,2.1327083333333348,0.0625,-1
417,2918,2.1387500000000013,0.0625,-1
418,2919,2.1447916666666678,0.0625,-1
419,2920,2.1508333333333343,0.0625,-1
420,2921,2.1568750000000008,0.0625,-1
421,2922,2.1629166666666673,0.0625,-1
422,2923,2.1689583333333338,0.0625,-1
423,2924,2.1750000000000003,0.0625,-1
424,2925,2.1810416666666668,0.0625,-1
425,2926,2.1870833333333333,0.0625,-1
426,2927,2.1931249999999998,0.0625,-1
427,2928,2.1991666666666663,0.0625,-1
428,2929,2.2052083333333328,0.0625,-1
429,2930,2.2112499999999993,0.0625,-1
430,2931,2.2172916666666658,0.0625,-1
431,2932,2.2233333333333323,0.0625,-1
432,2933,2.2293749999999988,0.0625,-1
433,2934,2.2354166666666653,0.0625,-1
434,2935,2.2414583333333318,0.0625,-1
435,2936,2.2474999999999983,0.0625,-1
436,2937,2.2535416666666648,0.0625,-1
437,2938,2.2595833333333313,0.0625,-1
438,2939,2.265624999999998,0.0625,-1
439,2940,2.2716666666666643,0.0625,-1
440,2941,2.277708333333331,0.0625,-1
441,2942,2.277708333333331,0.0625,5
442,2943,2.277708333333331,0.0625,5
443,2944,2.277708333333331,0.0625,5
444,2945,2.277708333333331,0.0625,5
445,2946,2.277708333333331,0.0625,5
446,2947,2.277708333333331,0.0625,5
447,2948,2.277708333333331,0.0625,5
448,2949,2.277708333333331,0.0625,5
449,2950,2.277708333333331,0.0625,5
450,2951,2.277708333333331,0.0625,5
451,2952,2.277708333333331,0.0625,5
452,2953,2.277708333333331,0.0625,5
453,2954,2.277708333333331,0.0625,5
454,2955,2.277708333333331,0.0625,5
455,2956,2.277708333333331,0.0625,5
456,2957,2.277708333333331,0.0625,5
457,2958,2.277708333333331,0.0625,5
458,2959,2.277708333333331,0.0625,5
459,2960,2.277708333333331,0.0625,5
460,2961,2.277708333333331,0.0625,5
461,2962,2.277708333333331,0.0625,5
462,2963,2.277708333333331,0.0625,5
463,2964,2.277708333333331,0.0625,5
464,2965,2.277708333333331,0.0625,5
465,2966,2.277708333333331,0.0625,5
466,2967,2.277708333333331,0.0625,5
467,2968,2.277708333333331,0.0625,5
468,2969,2.277708333333331,0.0625,5
469,2970,2.277708333333331,0.0625,5
470,2971,2.277708333333331,0.0625,5
471,2972,2.277708333333331,0.0625,5
472,2973,2.277708333333331,0.0625,5
473,2974,2.277708333333331,0.0625,5
474,2975,2.277708333333331,0.0625,5
475,2976,2.277708333333331,0.0625,5
476,2977,2.277708333333331,0.0625,5
477,2978,2.2837499999999973,0.0625,-1
478,2979,2.289791666666664,0.0625,-1
479,2980,2.2958333333333303,0.0625,-1
480,2981,2.301874999999997,0.0625,-1
481,2982,2.3079166666666633,0.0625,-1
482,2983,2.31395833333333,0.0625,-1
483,2984,2.3199999999999963,0.0625,-1
484,2985,2.326041666666663,0.0625,-1
485,2986,2.3320833333333293,0.0625,-1
486,2987,2.338124999999996,0.0625,-1
487,2988,2.3441666666666623,0.0625,-1
488,2989,2.350208333333329,0.0625,-1
489,2990,2.3562499999999953,0.0625,-1
490,2991,2.362291666666662,0.0625,-1
491,2992,2.3683333333333283,0.0625,-1
492,2993,2.374374999999995,0.0625,-1
493,2994,2.3804166666666613,0.0625,-1
494,2995,2.386458333333328,0.0625,-1
495,2996,2.3924999999999943,0.0625,-1
496,2997,2.398541666666661,0.0625,-1
497,2998,2.4045833333333273,0.0625,-1
498,2999,2.410624999999994,0.0625,-1
499,3000,2.4166666666666603,0.0625,-1
500,3001,2.422708333333327,0.0625,-1
501,3002,2.4287499999999933,0.0625,-1
502,3003,2.43479166666666,0.0625,-1
503,3004,2.4408333333333263,0.0625,-1
504,3005,2.446874999999993,0.0625,-1
505,3006,2.4529166666666593,0.0625,-1
506,3007,2.458958333333326,0.0625,-1
507,3008,2.4649999999999923,0.0625,-1
508,3009,2.471041666666659,0.0625,-1
509,3010,2.4770833333333253,0.0625,-1
510,3011,2.483124999999992,0.0625,-1
511,3012,2.4891666666666583,0.0625,-1
512,3013,2.495208333333325,0.0625,-1
513,3014,2.5012499999999913,0.0625,-1
514,3015,2.507291666666658,0.0625,-1
515,3016,2.5133333333333243,0.0625,-1
516,3017,2.519374999999991,0.0625,-1
517,3018,2.5254166666666573,0.0625,-1
518,3019,2.531458333333324,0.0625,-1
519,3020,2.5374999999999903,0.0625,-1
520,3021,2.543541666666657,0.0625,-1
521,3022,2.5495833333333233,0.0625,-1
522,3023,2.55562499999999,0.0625,-1
523,3024,2.5616666666666563,0.0625,-1
524,3025,2.567708333333323,0.0625,-1
525,3026,2.5737499999999893,0.0625,-1
526,3027,2.579791666666656,0.0625,-1
527,3028,2.5858333333333223,0.0625,-1
528,3029,2.591874999999989,0.0625,-1
529,3030,2.5979166666666553,0.0625,-1
530,3031,2.603958333333322,0.0625,-1
531,3032,2.6099999999999883,0.0625,-1
532,3033,2.616041666666655,0.0625,-1
533,3034,2.6220833333333213,0.0625,-1
534,3035,2.628124999999988,0.0625,-1
535,3036,2.6341666666666543,0.0625,-1
536,3037,2.640208333333321,0.0625,-1
537,3038,2.6462499999999873,0.0625,-1
538,3039,2.652291666666654,0.0625,-1
539,3040,2.6583333333333203,0.0625,-1
540,3041,2.664374999999987,0.0625,-1
541,3042,2.6704166666666533,0.0625,-1
542,3043,2.67645833333332,0.0625,-1
543,3044,2.6824999999999863,0.0625,-1
544,3045,2.688541666666653,0.0625,-1
545,3046,2.6945833333333193,0.0625,-1
546,3047,2.700624999999986,0.0625,-1
547,3048,2.7066666666666523,0.0625,-1
548,3049,2.712708333333319,0.0625,-1
549,3050,2.7187499999999853,0.0625,-1
550,3051,2.724791666666652,0.0625,-1
551,3052,2.7308333333333183,0.0625,-1
552,3053,2.736874999999985,0.0625,-1
553,3054,2.7429166666666513,0.0625,-1
554,3055,2.748958333333318,0.0625,-1
555,3056,2.7549999999999844,0.0625,-1
556,3057,2.761041666666651,0.0625,-1
557,3058,2.7670833333333174,0.0625,-1
558,3059,2.773124999999984,0.0625,-1
559,3060,2.7791666666666504,0.0625,-1
560,3061,2.785208333333317,0.0625,-1
561,3062,2.7912499999999834,0.0625,-1
562,3063,2.79729166666665,0.0625,-1
563,3064,2.8033333333333164,0.0625,-1
564,3065,2.809374999999983,0.0625,-1
565,3066,2.8154166666666494,0.0625,-1
566,3067,2.821458333333316,0.0625,-1
567,3068,2.8274999999999824,0.0625,-1
568,3069,2.833541666666649,0.0625,-1
569,3070,2.8395833333333154,0.0625,-1
570,3071,2.845624999999982,0.0625,-1
571,3072,2.8516666666666484,0.0625,-1
572,3073,2.857708333333315,0.0625,-1
573,3074,2.8637499999999814,0.0625,-1
574,3075,2.869791666666648,0.0625,-1
575,3076,2.8758333333333144,0.0625,-1
576,3077,2.881874999999981,0.0625,-1
577,3078,2.8879166666666474,0.0625,-1
578,3079,2.893958333333314,0.0625,-1
579,3080,2.8999999999999804,0.0625,-1
580,3081,2.906041666666647,0.0625,-1
581,3082,2.9120833333333134,0.0625,-1
582,3083,2.91812499999998,0.0625,-1
583,3084,2.9241666666666464,0.0625,-1
584,3085,2.930208333333313,0.0625,-1
585,3086,2.9362499999999794,0.0625,-1
586,3087,2.942291666666646,0.0625,-1
587,3088,2.9483333333333124,0.0625,-1
588,3089,2.954374999999979,0.0625,-1
589,3090,2.9604166666666454,0.0625,-1
590,3091,2.966458333333312,0.0625,-1
591,3092,2.9724999999999784,0.0625,-1
592,3093,2.978541666666645,0.0625,-1
593,3094,2.9845833333333114,0.0625,-1
594,3095,2.990624999999978,0.0625,-1
595,3096,2.9966666666666444,0.0625,-1
596,3097,3.002708333333311,0.0625,-1
597,3098,3.0087499999999774,0.0625,-1
598,3099,3.014791666666644,0.0625,-1
599,3100,3.0208333333333104,0.0625,-1
600,3101,3.026874999999977,0.0625,-1
601,3102,3.0329166666666434,0.0625,-1
602,3103,3.03895833333331,0.0625,-1
603,3104,3.0449999999999764,0.0625,-1
604,3105,3.051041666666643,0.0625,-1
605,3106,3.0570833333333094,0.0625,-1
606,3107,3.063124999999976,0.0625,-1
607,3108,3.0691666666666424,0.0625,-1
608,3109,3.075208333333309,0.0625,-1
609,3110,3.0812499999999754,0.0625,-1
610,3111,3.087291666666642,0.0625,-1
611,3112,3.0933333333333084,0.0625,-1
612,3113,3.099374999999975,0.0625,-1
613,3114,3.1054166666666414,0.0625,-1
614,3115,3.111458333333308,0.0625,-1
615,3116,3.1174999999999744,0.0625,-1
616,3117,3.123541666666641,0.0625,-1
617,3118,3.1295833333333074,0.0625,-1
618,3119,3.135624999999974,0.0625,-1
619,3120,3.135624999999974,0.0625,6
620,3121,3.135624999999974,0.0625,6
621,3122,3.135624999999974,0.0625,6
622,3123,3.135624999999974,0.0625,6
623,3124,3.135624999999974,0.0625,6
624,3125,3.135624999999974,0.0625,6
625,3126,3.135624999999974,0.0625,6
626,3127,3.135624999999974,0.0625,6
627,3128,3.135624999999974,0.0625,6
628,3129,3.135624999999974,0.0625,6
629,3130,3.135624999999974,0.0625,6
630,3131,3.135624999999974,0.0625,6
631,3132,3.135624999999974,0.0625,6
632,3133,3.135624999999974,0.0625,6
633,3134,3.135624999999974,0.0625,6
634,3135,3.135624999999974,0.0625,6
635,3136,3.135624999999974,0.0625,6
636,3137,3.135624999999974,0.0625,6
637,3138,3.135624999999974,0.0625,6
638,3139,3.135624999999974,0.0625,6
639,3140,3.135624999999974,0.0625,6
640,3141,3.135624999999974,0.0625,6
641,3142,3.135624999999974,0.0625,6
642,3143,3.135624999999974,0.0625,6
643,3144,3.135624999999974,0.0625,6
644,3145,3.135624999999974,0.0625,6
645,3146,3.135624999999974,0.0625,6
646,3147,3.135624999999974,0.0625,6
647,3148,3.135624999999974,0.0625,6
648,3149,3.135624999999974,0.0625,6
649,3150,3.135624999999974,0.0625,6
650,3151,3.135624999999974,0.0625,6
651,3152,3.135624999999974,0.0625,6
652,3153,3.135624999999974,0.0625,6
653,3154,3.135624999999974,0.0625,6
654,3155,3.135624999999974,0.0625,6
655,3156,3.135624999999974,0.0625,6
656,3157,3.135624999999974,0.0625,6
657,3158,3.135624999999974,0.0625,6
658,3159,3.135624999999974,0.0625,6
659,3160,3.135624999999974,0.0625,6
660,3161,3.135624999999974,0.0625,6
661,3162,3.135624999999974,0.0625,6
662,3163,3.135624999999974,0.0625,6
663,3164,3.135624999999974,0.0625,6
664,3165,3.135624999999974,0.0625,6
665,3166,3.135624999999974,0.0625,6
666,3167,3.135624999999974,0.0625,6
667,3168,3.135624999999974,0.0625,6
668,3169,3.135624999999974,0.0625,6
669,3170,3.135624999999974,0.0625,6
670,3171,3.135624999999974,0.0625,6
671,3172,3.135624999999974,0.0625,6
672,3173,3.135624999999974,0.0625,6
673,3174,3.135624999999974,0.0625,6
674,3175,3.135624999999974,0.0625,6
675,3176,3.135624999999974,0.0625,6
676,3177,3.135624999999974,0.0625,6
677,3178,3.135624999999974,0.0625,6
678,3179,3.135624999999974,0.0625,6
679,3180,3.135624999999974,0.0625,6
680,3181,3.135624999999974,0.0625,6
681,3182,3.135624999999974,0.0625,6
682,3183,3.135624999999974,0.0625,6
683,3184,3.135624999999974,0.0625,6
684,3185,3.135624999999974,0.0625,6
685,3186,3.135624999999974,0.0625,6
686,3187,3.135624999999974,0.0625,6
687,3188,3.135624999999974,0.0625,6
688,3189,3.135624999999974,0.0625,6
689,3190,3.135624999999974,0.0625,6
690,3191,3.135624999999974,0.0625,6
691,3192,3.135624999999974,0.0625,6
692,3193,3.135624999999974,0.0625,6
693,3194,3.135624999999974,0.0625,6
694,3195,3.135624999999974,0.0625,6
695,3196,3.135624999999974,0.0625,6
696,3197,3.135624999999974,0.0625,6
697,3198,3.135624999999974,0.0625,6
698,3199,3.135624999999974,0.0625,6
699,3200,3.135624999999974,0.0625,6
700,3201,3.135624999999974,0.0625,6
701,3202,3.135624999999974,0.0625,6
702,3203,3.135624999999974,0.0625,6
703,3204,3.1416666666666404,0.0625,-1
704,3205,3.147708333333307,0.0625,-1
705,3206,3.1537499999999734,0.0625,-1
706,3207,3.15979166666664,0.0625,-1
707,3208,3.1658333333333064,0.0625,-1
708,3209,3.171874999999973,0.0625,-1
709,3210,3.1779166666666394,0.0625,-1
710,3211,3.183958333333306,0.0625,-1
711,3212,3.1899999999999724,0.0625,-1
712,3213,3.196041666666639,0.0625,-1
713,3214,3.2020833333333054,0.0625,-1
714,3215,3.208124999999972,0.0625,-1
715,3216,3.2141666666666384,0.0625,-1
716,3217,3.220208333333305,0.0625,-1
717,3218,3.2262499999999714,0.0625,-1
718,3219,3.232291666666638,0.0625,-1
719,3220,3.2383333333333044,0.0625,-1
720,3221,3.244374999999971,0.0625,-1
721,3222,3.2504166666666374,0.0625,-1
722,3223,3.256458333333304,0.0625,-1
723,3224,3.2624999999999704,0.0625,-1
724,3225,3.268541666666637,0.0625,-1
725,3226,3.2745833333333034,0.0625,-1
726,3227,3.28062499999997,0.0625,-1
727,3228,3.2866666666666364,0.0625,-1
728,3229,3.292708333333303,0.0625,-1
729,3230,3.2987499999999694,0.0625,-1
730,3231,3.304791666666636,0.0625,-1
731,3232,3.3108333333333024,0.0625,-1
732,3233,3.316874999999969,0.0625,-1
733,3234,3.3229166666666354,0.0625,-1
734,3235,3.328958333333302,0.0625,-1
735,3236,3.3349999999999684,0.0625,-1
736,3237,3.341041666666635,0.0625,-1
737,3238,3.3470833333333014,0.0625,-1
738,3239,3.353124999999968,0.0625,-1
739,3240,3.3591666666666344,0.0625,-1
740,3241,3.365208333333301,0.0625,-1
741,3242,3.3712499999999674,0.0625,-1
742,3243,3.377291666666634,0.0625,-1
743,3244,3.3833333333333004,0.0625,-1
744,3245,3.389374999999967,0.0625,-1
745,3246,3.3954166666666334,0.0625,-1
746,3247,3.4014583333333,0.0625,-1
747,3248,3.4074999999999664,0.0625,-1
748,3249,3.413541666666633,0.0625,-1
749,3250,3.4195833333332994,0.0625,-1
750,3251,3.425624999999966,0.0625,-1
751,3252,3.4316666666666324,0.0625,-1
752,3253,3.437708333333299,0.0625,-1
753,3254,3.4437499999999654,0.0625,-1
754,3255,3.449791666666632,0.0625,-1
755,3256,3.4558333333332985,0.0625,-1
756,3257,3.461874999999965,0.0625,-1
757,3258,3.4679166666666315,0.0625,-1
758,3259,3.473958333333298,0.0625,-1
759,3260,3.4799999999999645,0.0625,-1
760,3261,3.486041666666631,0.0625,-1
761,3262,3.4920833333332975,0.0625,-1
762,3263,3.498124999999964,0.0625,-1
763,3264,3.5041666666666305,0.0625,-1
764,3265,3.510208333333297,0.0625,-1
765,3266,3.5162499999999635,0.0625,-1
766,3267,3.52229166666663,0.0625,-1
767,3268,3.5283333333332965,0.0625,-1
768,3269,3.534374999999963,0.0625,-1
769,3270,3.5404166666666295,0.0625,-1
770,3271,3.546458333333296,0.0625,-1
771,3272,3.5524999999999625,0.0625,-1
772,3273,3.558541666666629,0.0625,-1
773,3274,3.5645833333332955,0.0625,-1
774,3275,3.570624999999962,0.0625,-1
775,3276,3.5766666666666285,0.0625,-1
776,3277,3.582708333333295,0.0625,-1
777,3278,3.5887499999999615,0.0625,-1
778,3279,3.594791666666628,0.0625,-1
779,3280,3.6008333333332945,0.0625,-1
780,3281,3.606874999999961,0.0625,-1
781,3282,3.6129166666666275,0.0625,-1
782,3283,3.618958333333294,0.0625,-1
783,3284,3.6249999999999605,0.0625,-1
784,3285,3.631041666666627,0.0625,-1
785,3286,3.6370833333332935,0.0625,-1
786,3287,3.64312499999996,0.0625,-1
787,3288,3.6491666666666265,0.0625,-1
788,3289,3.655208333333293,0.0625,-1
789,3290,3.6612499999999595,0.0625,-1
790,3291,3.667291666666626,0.0625,-1
791,3292,3.6733333333332925,0.0625,-1
792,3293,3.679374999999959,0.0625,-1
793,3294,3.6854166666666255,0.0625,-1
794,3295,3.691458333333292,0.0625,-1
795,3296,3.6974999999999585,0.0625,-1
796,3297,3.703541666666625,0.0625,-1
797,3298,3.7095833333332915,0.0625,-1
798,3299,3.715624999999958,0.0625,-1
799,3300,3.7216666666666245,0.0625,-1
800,3301,3.727708333333291,0.0625,-1
801,3302,3.7337499999999575,0.0625,-1
802,3303,3.739791666666624,0.0625,-1
803,3304,3.7458333333332905,0.0625,-1
804,3305,3.751874999999957,0.0625,-1
805,3306,3.7579166666666235,0.0625,-1
806,3307,3.76395833333329,0.0625,-1
807,3308,3.7699999999999565,0.0625,-1
808,3309,3.776041666666623,0.0625,-1
809,3310,3.7820833333332895,0.0625,-1
810,3311,3.788124999999956,0.0625,-1
811,3312,3.7941666666666225,0.0625,-1
812,3313,3.800208333333289,0.0625,-1
813,3314,3.8062499999999555,0.0625,-1
814,3315,3.812291666666622,0.0625,-1
815,3316,3.8183333333332885,0.0625,-1
816,3317,3.824374999999955,0.0625,-1
817,3318,3.8304166666666215,0.0625,-1
818,3319,3.836458333333288,0.0625,-1
819,3320,3.8424999999999545,0.0625,-1
820,3321,3.848541666666621,0.0625,-1
821,3322,3.8545833333332875,0.0625,-1
822,3323,3.860624999999954,0.0625,-1
823,3324,3.8666666666666205,0.0625,-1
824,3325,3.872708333333287,0.0625,-1
825,3326,3.8787499999999535,0.0625,-1
826,3327,3.88479166666662,0.0625,-1
827,3328,3.8908333333332865,0.0625,-1
828,3329,3.896874999999953,0.0625,-1
829,3330,3.9029166666666195,0.0625,-1
830,3331,3.908958333333286,0.0625,-1
831,3332,3.9149999999999525,0.0625,-1
832,3333,3.921041666666619,0.0625,-1
833,3334,3.9270833333332855,0.0625,-1
834,3335,3.933124999999952,0.0625,-1
835,3336,3.9391666666666185,0.0625,-1
836,3337,3.945208333333285,0.0625,-1
837,3338,3.9512499999999515,0.0625,-1
838,3339,3.957291666666618,0.0625,-1
839,3340,3.9633333333332845,0.0625,-1
840,3341,3.969374999999951,0.0625,-1
841,3342,3.9754166666666175,0.0625,-1
842,3343,3.981458333333284,0.0625,-1
843,3344,3.9874999999999505,0.0625,-1
844,3345,3.993541666666617,0.0625,-1
845,3346,3.9995833333332835,0.0625,-1
846,3347,4.0056249999999505,0.0625,-1
847,3348,4.011666666666617,0.0625,-1
848,3349,4.0177083333332835,0.0625,-1
849,3350,4.02374999999995,0.0625,-1
850,3351,4.0297916666666165,0.0625,-1
851,3352,4.035833333333283,0.0625,-1
852,3353,4.035833333333283,0.0875,7
853,3354,4.035833333333283,0.0875,7
854,3355,4.035833333333283,0.0875,7
855,3356,4.035833333333283,0.0875,7
856,3357,4.035833333333283,0.0875,7
857,3358,4.035833333333283,0.0875,7
858,3359,4.035833333333283,0.0875,7
859,3360,4.035833333333283,0.0875,7
860,3361,4.035833333333283,0.0875,7
861,3362,4.035833333333283,0.0875,7
862,3363,4.035833333333283,0.0875,7
863,3364,4.035833333333283,0.0875,7
864,3365,4.035833333333283,0.0875,7
865,3366,4.035833333333283,0.0875,7
866,3367,4.035833333333283,0.0875,7
867,3368,4.035833333333283,0.0875,7
868,3369,4.035833333333283,0.0875,7
869,3370,4.035833333333283,0.0875,7
870,3371,4.035833333333283,0.0875,7
871,3372,4.035833333333283,0.0875,7
872,3373,4.035833333333283,0.0875,7
873,3374,4.035833333333283,0.0875,7
874,3375,4.035833333333283,0.0875,7
875,3376,4.035833333333283,0.0875,7
876,3377,4.035833333333283,0.0875,7
877,3378,4.035833333333283,0.0875,7
878,3379,4.035833333333283,0.0875,7
879,3380,4.035833333333283,0.0875,7
880,3381,4.035833333333283,0.0875,7
881,3382,4.035833333333283,0.0875,7
882,3383,4.035833333333283,0.0875,7
883,3384,4.035833333333283,0.0875,7
884,3385,4.035833333333283,0.0875,7
885,3386,4.035833333333283,0.0875,7
886,3387,4.035833333333283,0.0875,7
887,3388,4.035833333333283,0.0875,7
888,3389,4.035833333333283,0.0875,7
889,3390,4.035833333333283,0.0875,7
890,3391,4.035833333333283,0.0875,7
891,3392,4.035833333333283,0.0875,7
892,3393,4.035833333333283,0.0875,7
893,3394,4.035833333333283,0.0875,7
894,3395,4.0418749999999495,0.0875,-1
895,3396,4.047916666666616,0.0875,-1
896,3397,4.0539583333332825,0.0875,-1
897,3398,4.059999999999949,0.0875,-1
898,3399,4.0660416666666155,0.0875,-1
899,3400,4.072083333333282,0.0875,-1
900,3401,4.0781249999999485,0.0875,-1
901,3402,4.084166666666615,0.0875,-1
902,3403,4.0902083333332815,0.0875,-1
903,3404,4.096249999999948,0.0875,-1
904,3405,4.1022916666666145,0.0875,-1
905,3406,4.108333333333281,0.0875,-1
906,3407,4.1143749999999475,0.0875,-1
907,3408,4.120416666666614,0.0875,-1
908,3409,4.1264583333332805,0.0875,-1
909,3410,4.132499999999947,0.0875,-1
910,3411,4.1385416666666135,0.0875,-1
911,3412,4.14458333333328,0.0875,-1
912,3413,4.1506249999999465,0.0875,-1
913,3414,4.156666666666613,0.0875,-1
914,3415,4.1627083333332795,0.0875,-1
915,3416,4.168749999999946,0.0875,-1
916,3417,4.1747916666666125,0.0875,-1
917,3418,4.180833333333279,0.0875,-1
918,3419,4.1868749999999455,0.0875,-1
919,3420,4.192916666666612,0.0875,-1
920,3421,4.1989583333332785,0.0875,-1
921,3422,4.204999999999945,0.0875,-1
922,3423,4.2110416666666115,0.0875,-1
923,3424,4.217083333333278,0.0875,-1
924,3425,4.2231249999999445,0.0875,-1
925,3426,4.229166666666611,0.0875,-1
926,3427,4.2352083333332775,0.0875,-1
927,3428,4.241249999999944,0.0875,-1
928,3429,4.2472916666666105,0.0875,-1
929,3430,4.253333333333277,0.0875,-1
930,3431,4.2593749999999435,0.0875,-1
931,3432,4.26541666666661,0.0875,-1
932,3433,4.2714583333332765,0.0875,-1
933,3434,4.277499999999943,0.0875,-1
934,3435,4.2835416666666095,0.0875,-1
935,3436,4.289583333333276,0.0875,-1
936,3437,4.2956249999999425,0.0875,-1
937,3438,4.301666666666609,0.0875,-1
938,3439,4.3077083333332755,0.0875,-1
939,3440,4.313749999999942,0.0875,-1
940,3441,4.3197916666666085,0.0875,-1
941,3442,4.325833333333275,0.0875,-1
942,3443,4.3318749999999415,0.0875,-1
943,3444,4.3318749999999415,0.15,8
944,3445,4.3318749999999415,0.15,8
945,3446,4.3318749999999415,0.15,8
946,3447,4.3318749999999415,0.15,8
947,3448,4.3318749999999415,0.15,8
948,3449,4.3318749999999415,0.15,8
949,3450,4.3318749999999415,0.15,8
950,3451,4.3318749999999415,0.15,8
951,3452,4.3318749999999415,0.15,8
952,3453,4.3318749999999415,0.15,8
953,3454,4.3318749999999415,0.15,8
954,3455,4.3318749999999415,0.15,8
955,3456,4.3318749999999415,0.15,8
956,3457,4.3318749999999415,0.15,8
957,3458,4.3318749999999415,0.15,8
958,3459,4.3318749999999415,0.15,8
959,3460,4.3318749999999415,0.15,8
960,3461,4.3318749999999415,0.15,8
961,3462,4.3318749999999415,0.15,8
962,3463,4.3318749999999415,0.15,8
963,3464,4.3318749999999415,0.15,8
964,3465,4.3318749999999415,0.15,8
965,3466,4.3318749999999415,0.15,8
966,3467,4.3318749999999415,0.15,8
967,3468,4.3318749999999415,0.15,8
968,3469,4.3318749999999415,0.15,8
969,3470,4.3318749999999415,0.15,8
970,3471,4.3318749999999415,0.15,8
971,3472,4.3318749999999415,0.15,8
972,3473,4.3318749999999415,0.15,8
973,3474,4.3318749999999415,0.15,8
974,3475,4.3318749999999415,0.15,8
975,3476,4.3318749999999415,0.15,8
976,3477,4.3318749999999415,0.15,8
977,3478,4.3318749999999415,0.15,8
978,3479,4.3318749999999415,0.15,8
979,3480,4.3318749999999415,0.15,8
980,3481,4.3318749999999415,0.15,8
981,3482,4.3318749999999415,0.15,8
982,3483,4.3318749999999415,0.15,8
983,3484,4.3318749999999415,0.15,8
984,3485,4.3318749999999415,0.15,8
985,3486,4.3318749999999415,0.15,8
986,3487,4.3318749999999415,0.15,8
987,3488,4.3318749999999415,0.15,8
988,3489,4.3318749999999415,0.15,8
989,3490,4.3318749999999415,0.15,8
990,3491,4.3318749999999415,0.15,8
991,3492,4.3318749999999415,0.15,8
992,3493,4.3318749999999415,0.15,8
993,3494,4.3318749999999415,0.15,8
994,3495,4.3318749999999415,0.15,8
995,3496,4.3318749999999415,0.15,8
996,3497,4.3318749999999415,0.15,8
997,3498,4.3318749999999415,0.15,8
998,3499,4.3318749999999415,0.15,8
999,3500,4.3318749999999415,0.15,8
1000,3501,4.3318749999999415,0.15,8
1001,3502,4.3318749999999415,0.15,8
1002,3503,4.3318749999999415,0.15,8
1003,3504,4.3318749999999415,0.15,8
1004,3505,4.3318749999999415,0.15,8
1005,3506,4.3318749999999415,0.15,8
1006,3507,4.3318749999999415,0.15,8
1007,3508,4.3318749999999415,0.15,8
1008,3509,4.3318749999999415,0.15,8
1009,3510,4.3318749999999415,0.15,8
1010,3511,4.3318749999999415,0.15,8
1011,3512,4.3318749999999415,0.15,8
1012,3513,4.3318749999999415,0.15,8
1013,3514,4.3318749999999415,0.15,8
1014,3515,4.3318749999999415,0.15,8
1015,3516,4.3318749999999415,0.15,8
1016,3517,4.3318749999999415,0.15,8
1017,3518,4.3318749999999415,0.15,8
1018,3519,4.3318749999999415,0.15,8
1019,3520,4.3318749999999415,0.15,8
1020,3521,4.3318749999999415,0.15,8
1021,3522,4.3318749999999415,0.15,8
1022,3523,4.3318749999999415,0.15,8
1023,3524,4.3318749999999415,0.15,8
1024,3525,4.3318749999999415,0.15,8
1025,3526,4.3318749999999415,0.15,8
1026,3527,4.3318749999999415,0.15,8
1027,3528,4.3318749999999415,0.15,8
1028,3529,4.3318749999999415,0.15,8
1029,3530,4.3318749999999415,0.15,8
1030,3531,4.3318749999999415,0.15,8
1031,3532,4.3318749999999415,0.15,8
1032,3533,4.3318749999999415,0.15,8
1033,3534,4.3318749999999415,0.15,8
1034,3535,4.3318749999999415,0.15,8
1035,3536,4.3318749999999415,0.15,8
1036,3537,4.3318749999999415,0.15,8
1037,3538,4.3318749999999415,0.15,8
1038,3539,4.3318749999999415,0.15,8
1039,3540,4.3318749999999415,0.15,8
1040,3541,4.3318749999999415,0.15,8
1041,3542,4.3318749999999415,0.15,8
1042,3543,4.3318749999999415,0.15,8
1043,3544,4.3318749999999415,0.15,8
1044,3545,4.3318749999999415,0.15,8
1045,3546,4.3318749999999415,0.15,8
1046,3547,4.3318749999999415,0.15,8
1047,3548,4.3318749999999415,0.15,8
1048,3549,4.3318749999999415,0.15,8
1049,3550,4.3318749999999415,0.15,8
1050,3551,4.3318749999999415,0.15,8
1051,3552,4.3318749999999415,0.15,8
1052,3553,4.3318749999999415,0.15,8
1053,3554,4.3318749999999415,0.15,8
1054,3555,4.3318749999999415,0.15,8
1055,3556,4.3318749999999415,0.15,8
1056,3557,4.337916666666608,0.15,-1
1057,3558,4.3439583333332745,0.15,-1
1058,3559,4.349999999999941,0.15,-1
1059,3560,4.3560416666666075,0.15,-1
1060,3561,4.362083333333274,0.15,-1
1061,3562,4.3681249999999405,0.15,-1
1062,3563,4.374166666666607,0.15,-1
1063,3564,4.3802083333332735,0.15,-1
1064,3565,4.38624999999994,0.15,-1
1065,3566,4.3922916666666065,0.15,-1
1066,3567,4.398333333333273,0.15,-1
1067,3568,4.4043749999999395,0.15,-1
1068,3569,4.410416666666606,0.15,-1
1069,3570,4.4164583333332725,0.15,-1
1070,3571,4.422499999999939,0.15,-1
1071,3572,4.4285416666666055,0.15,-1
1072,3573,4.434583333333272,0.15,-1
1073,3574,4.4406249999999385,0.15,-1
1074,3575,4.446666666666605,0.15,-1
1075,3576,4.4527083333332715,0.15,-1
1076,3577,4.458749999999938,0.15,-1
1077,3578,4.4647916666666045,0.15,-1
1078,3579,4.470833333333271,0.15,-1
1079,3580,4.4768749999999375,0.15,-1
1080,3581,4.482916666666604,0.15,-1
1081,3582,4.4889583333332705,0.15,-1
1082,3583,4.494999999999937,0.15,-1
1083,3584,4.5010416666666035,0.15,-1
1084,3585,4.50708333333327,0.15,-1
1085,3586,4.5131249999999365,0.15,-1
1086,3587,4.519166666666603,0.15,-1
1087,3588,4.5252083333332696,0.15,-1
1088,3589,4.531249999999936,0.15,-1
1089,3590,4.5372916666666026,0.15,-1
1090,3591,4.543333333333269,0.15,-1
1091,3592,4.5493749999999356,0.15,-1
1092,3593,4.555416666666602,0.15,-1
1093,3594,4.5614583333332686,0.15,-1
1094,3595,4.567499999999935,0.15,-1
1095,3596,4.573541666666602,0.15,-1
1096,3597,4.579583333333268,0.15,-1
1097,3598,4.585624999999935,0.15,-1
1098,3599,4.591666666666601,0.15,-1
1099,3600,4.597708333333268,0.15,-1
1100,3601,4.603749999999934,0.15,-1
1101,3602,4.609791666666601,0.15,-1
1102,3603,4.615833333333267,0.15,-1
1103,3604,4.621874999999934,0.15,-1
1104,3605,4.6279166666666,0.15,-1
1105,3606,4.633958333333267,0.15,-1
1106,3607,4.639999999999933,0.15,-1
1107,3608,4.6460416666666,0.15,-1
1108,3609,4.652083333333266,0.15,-1
1109,3610,4.658124999999933,0.15,-1
1110,3611,4.664166666666599,0.15,-1
1111,3612,4.670208333333266,0.15,-1
1112,3613,4.676249999999932,0.15,-1
1113,3614,4.682291666666599,0.15,-1
1114,3615,4.688333333333265,0.15,-1
1115,3616,4.694374999999932,0.15,-1
1116,3617,4.700416666666598,0.15,-1
1117,3618,4.706458333333265,0.15,-1
1118,3619,4.712499999999931,0.15,-1
1119,3620,4.718541666666598,0.15,-1
1120,3621,4.724583333333264,0.15,-1
1121,3622,4.730624999999931,0.15,-1
1122,3623,4.736666666666597,0.15,-1
1123,3624,4.742708333333264,0.15,-1
1124,3625,4.74874999999993,0.15,-1
1125,3626,4.754791666666597,0.15,-1
1126,3627,4.760833333333263,0.15,-1
1127,3628,4.76687499999993,0.15,-1
1128,3629,4.772916666666596,0.15,-1
1129,3630,4.778958333333263,0.15,-1
1130,3631,4.784999999999929,0.15,-1
1131,3632,4.791041666666596,0.15,-1
1132,3633,4.797083333333262,0.15,-1
1133,3634,4.803124999999929,0.15,-1
1134,3635,4.809166666666595,0.15,-1
1135,3636,4.815208333333262,0.15,-1
1136,3637,4.821249999999928,0.15,-1
1137,3638,4.827291666666595,0.15,-1
1138,3639,4.833333333333261,0.15,-1
1139,3640,4.839374999999928,0.15,-1
1140,3641,4.845416666666594,0.15,-1
1141,3642,4.851458333333261,0.15,-1
1142,3643,4.857499999999927,0.15,-1
1143,3644,4.863541666666594,0.15,-1
1144,3645,4.86958333333326,0.15,-1
1145,3646,4.875624999999927,0.15,-1
1146,3647,4.881666666666593,0.15,-1
1147,3648,4.88770833333326,0.15,-1
1148,3649,4.893749999999926,0.15,-1
1149,3650,4.899791666666593,0.15,-1
1150,3651,4.905833333333259,0.15,-1
1151,3652,4.911874999999926,0.15,-1
1152,3653,4.917916666666592,0.15,-1
1153,3654,4.923958333333259,0.15,-1
1154,3655,4.929999999999925,0.15,-1
1155,3656,4.936041666666592,0.15,-1
1156,3657,4.942083333333258,0.15,-1
1157,3658,4.948124999999925,0.15,-1
1158,3659,4.954166666666591,0.15,-1
1159,3660,4.960208333333258,0.15,-1
1160,3661,4.966249999999924,0.15,-1
1161,3662,4.972291666666591,0.15,-1
1162,3663,4.978333333333257,0.15,-1
1163,3664,4.984374999999924,0.15,-1
1164,3665,4.99041666666659,0.15,-1
1165,3666,4.996458333333257,0.15,-1
1166,3667,5.002499999999923,0.15,-1
1167,3668,5.00854166666659,0.15,-1
1168,3669,5.014583333333256,0.15,-1
1169,3670,5.020624999999923,0.15,-1
1170,3671,5.026666666666589,0.15,-1
1171,3672,5.032708333333256,0.15,-1
1172,3673,5.038749999999922,0.15,-1
1173,3674,5.044791666666589,0.15,-1
1174,3675,5.050833333333255,0.15,-1
1175,3676,5.056874999999922,0.15,-1
1176,3677,5.062916666666588,0.15,-1
1177,3678,5.068958333333255,0.15,-1
1178,3679,5.074999999999921,0.15,-1
1179,3680,5.081041666666588,0.15,-1
1180,3681,5.087083333333254,0.15,-1
1181,3682,5.093124999999921,0.15,-1
1182,3683,5.099166666666587,0.15,-1
1183,3684,5.105208333333254,0.15,-1
1184,3685,5.11124999999992,0.15,-1
1185,3686,5.117291666666587,0.15,-1
1186,3687,5.123333333333253,0.15,-1
1187,3688,5.12937499999992,0.15,-1
1188,3689,5.135416666666586,0.15,-1
1189,3690,5.141458333333253,0.15,-1
1190,3691,5.147499999999919,0.15,-1
1191,3692,5.153541666666586,0.15,-1
1192,3693,5.159583333333252,0.15,-1
1193,3694,5.165624999999919,0.15,-1
1194,3695,5.171666666666585,0.15,-1
1195,3696,5.177708333333252,0.15,-1
1196,3697,5.183749999999918,0.15,-1
1197,3698,5.189791666666585,0.15,-1
1198,3699,5.195833333333251,0.15,-1
1199,3700,5.201874999999918,0.15,-1
1200,3701,5.207916666666584,0.15,-1
1201,3702,5.213958333333251,0.15,-1
1202,3703,5.219999999999917,0.15,-1
1203,3704,5.226041666666584,0.15,-1
1204,3705,5.23208333333325,0.15,-1
1205,3706,5.238124999999917,0.15,-1
1206,3707,5.244166666666583,0.15,-1
1207,3708,5.25020833333325,0.15,-1
1208,3709,5.256249999999916,0.15,-1
1209,3710,5.262291666666583,0.15,-1
1210,3711,5.268333333333249,0.15,-1
1211,3712,5.274374999999916,0.15,-1
1212,3713,5.280416666666582,0.15,-1
1213,3714,5.286458333333249,0.15,-1
1214,3715,5.292499999999915,0.15,-1
1215,3716,5.298541666666582,0.15,-1
1216,3717,5.304583333333248,0.15,-1
1217,3718,5.310624999999915,0.15,-1
1218,3719,5.316666666666581,0.15,-1
1219,3720,5.322708333333248,0.15,-1
1220,3721,5.328749999999914,0.15,-1
1221,3722,5.334791666666581,0.15,-1
1222,3723,5.340833333333247,0.15,-1
1223,3724,5.346874999999914,0.15,-1
1224,3725,5.35291666666658,0.15,-1
1225,3726,5.358958333333247,0.15,-1
1226,3727,5.364999999999913,0.15,-1
1227,3728,5.37104166666658,0.15,-1
1228,3729,5.377083333333246,0.15,-1
1229,3730,5.383124999999913,0.15,-1
1230,3731,5.389166666666579,0.15,-1
1231,3732,5.395208333333246,0.15,-1
1232,3733,5.401249999999912,0.15,-1
1233,3734,5.407291666666579,0.15,-1
1234,3735,5.413333333333245,0.15,-1
1235,3736,5.419374999999912,0.15,-1
1236,3737,5.425416666666578,0.15,-1
1237,3738,5.431458333333245,0.15,-1
1238,3739,5.437499999999911,0.15,-1
1239,3740,5.443541666666578,0.15,-1
1240,3741,5.449583333333244,0.15,-1
1241,3742,5.455624999999911,0.15,-1
1242,3743,5.461666666666577,0.15,-1
1243,3744,5.467708333333244,0.15,-1
1244,3745,5.47374999999991,0.15,-1
1245,3746,5.479791666666577,0.15,-1
1246,3747,5.485833333333243,0.15,-1
1247,3748,5.49187499999991,0.15,-1
1248,3749,5.497916666666576,0.15,-1
1249,3750,5.503958333333243,0.15,-1
1250,3751,5.509999999999909,0.15,-1
1251,3752,5.516041666666576,0.15,-1
1252,3753,5.522083333333242,0.15,-1
1253,3754,5.528124999999909,0.15,-1
1254,3755,5.534166666666575,0.15,-1
1255,3756,5.540208333333242,0.15,-1
1256,3757,5.546249999999908,0.15,-1
1257,3758,5.552291666666575,0.15,-1
1258,3759,5.558333333333241,0.15,-1
1259,3760,5.564374999999908,0.15,-1
1260,3761,5.570416666666574,0.15,-1
1261,3762,5.576458333333241,0.15,-1
1262,3763,5.582499999999907,0.15,-1
1263,3764,5.588541666666574,0.15,-1
1264,3765,5.59458333333324,0.15,-1
1265,3766,5.600624999999907,0.15,-1
1266,3767,5.606666666666573,0.15,-1
1267,3768,5.61270833333324,0.15,-1
1268,3769,5.618749999999906,0.15,-1
1269,3770,5.624791666666573,0.15,-1
1270,3771,5.630833333333239,0.15,-1
1271,3772,5.636874999999906,0.15,-1
1272,3773,5.642916666666572,0.15,-1
1273,3774,5.648958333333239,0.15,-1
1274,3775,5.654999999999905,0.15,-1
1275,3776,5.661041666666572,0.15,-1
1276,3777,5.667083333333238,0.15,-1
1277,3778,5.673124999999905,0.15,-1
1278,3779,5.679166666666571,0.15,-1
1279,3780,5.685208333333238,0.15,-1
1280,3781,5.691249999999904,0.15,-1
1281,3782,5.697291666666571,0.15,-1
1282,3783,5.703333333333237,0.15,-1
1283,3784,5.709374999999904,0.15,-1
1284,3785,5.71541666666657,0.15,-1
1285,3786,5.721458333333237,0.15,-1
1286,3787,5.727499999999903,0.15,-1
1287,3788,5.73354166666657,0.15,-1
1288,3789,5.739583333333236,0.15,-1
1289,3790,5.745624999999903,0.15,-1
1290,3791,5.751666666666569,0.15,-1
1291,3792,5.757708333333236,0.15,-1
1292,3793,5.763749999999902,0.15,-1
1293,3794,5.769791666666569,0.15,-1
1294,3795,5.775833333333235,0.15,-1
1295,3796,5.781874999999902,0.15,-1
1296,3797,5.787916666666568,0.15,-1
1297,3798,5.793958333333235,0.15,-1
1298,3799,5.799999999999901,0.15,-1
1299,3800,5.806041666666568,0.15,-1
1300,3801,5.812083333333234,0.15,-1
1301,3802,5.818124999999901,0.15,-1
1302,3803,5.824166666666567,0.15,-1
1303,3804,5.830208333333234,0.15,-1
1304,3805,5.8362499999999,0.15,-1
1305,3806,5.842291666666567,0.15,-1
1306,3807,5.848333333333233,0.15,-1
1307,3808,5.8543749999999,0.15,-1
1308,3809,5.860416666666566,0.15,-1
1309,3810,5.866458333333233,0.15,-1
1310,3811,5.872499999999899,0.15,-1
1311,3812,5.878541666666566,0.15,-1
1312,3813,5.884583333333232,0.15,-1
1313,3814,5.890624999999899,0.15,-1
1314,3815,5.896666666666565,0.15,-1
1315,3816,5.902708333333232,0.15,-1
1316,3817,5.908749999999898,0.15,-1
1317,3818,5.914791666666565,0.15,-1
1318,3819,5.920833333333231,0.15,-1
1319,3820,5.926874999999898,0.15,-1
1320,3821,5.932916666666564,0.15,-1
1321,3822,5.938958333333231,0.15,-1
1322,3823,5.944999999999897,0.15,-1
1323,3824,5.951041666666564,0.15,-1
1324,3825,5.95708333333323,0.15,-1
1325,3826,5.963124999999897,0.15,-1
1326,3827,5.969166666666563,0.15,-1
1327,3828,5.97520833333323,0.15,-1
1328,3829,5.981249999999896,0.15,-1
1329,3830,5.987291666666563,0.15,-1
1330,3831,5.993333333333229,0.15,-1
1331,3832,5.999374999999896,0.15,-1
1332,3833,6.005416666666562,0.15,-1
1333,3834,6.011458333333229,0.15,-1
1334,3835,6.017499999999895,0.15,-1
1335,3836,6.023541666666562,0.15,-1
1336,3837,6.029583333333228,0.15,-1
1337,3838,6.035624999999895,0.15,-1
1338,3839,6.041666666666561,0.15,-1
1339,3840,6.047708333333228,0.15,-1
1340,3841,6.053749999999894,0.15,-1
1341,3842,6.059791666666561,0.15,-1
1342,3843,6.065833333333227,0.15,-1
1343,3844,6.071874999999894,0.15,-1
1344,3845,6.07791666666656,0.15,-1
1345,3846,6.083958333333227,0.15,-1
1346,3847,6.089999999999893,0.15,-1
1347,3848,6.09604166666656,0.15,-1
1348,3849,6.102083333333226,0.15,-1
1349,3850,6.108124999999893,0.15,-1
1350,3851,6.114166666666559,0.15,-1
1351,3852,6.120208333333226,0.15,-1
1352,3853,6.126249999999892,0.15,-1
1353,3854,6.132291666666559,0.15,-1
1354,3855,6.138333333333225,0.15,-1
1355,3856,6.144374999999892,0.15,-1
1356,3857,6.150416666666558,0.15,-1
1357,3858,6.156458333333225,0.15,-1
1358,3859,6.162499999999891,0.15,-1
1359,3860,6.168541666666558,0.15,-1
1360,3861,6.174583333333224,0.15,-1
1361,3862,6.180624999999891,0.15,-1
1362,3863,6.186666666666557,0.15,-1
1363,3864,6.192708333333224,0.15,-1
1364,3865,6.19874999999989,0.15,-1
1365,3866,6.204791666666557,0.15,-1
1366,3867,6.210833333333223,0.15,-1
1367,3868,6.21687499999989,0.15,-1
1368,3869,6.222916666666556,0.15,-1
1369,3870,6.228958333333223,0.15,-1
1370,3871,6.234999999999889,0.15,-1
1371,3872,6.241041666666556,0.15,-1
1372,3873,6.247083333333222,0.15,-1
1373,3874,6.253124999999889,0.15,-1
1374,3875,6.259166666666555,0.15,-1
1375,3876,6.265208333333222,0.15,-1
1376,3877,6.271249999999888,0.15,-1
1377,3878,6.277291666666555,0.15,-1
1378,3879,6.283333333333221,0.15,-1
1379,3880,6.289374999999888,0.15,-1
1380,3881,6.295416666666554,0.15,-1
1381,3882,6.301458333333221,0.15,-1
1382,3883,6.307499999999887,0.15,-1
1383,3884,6.313541666666554,0.15,-1
1384,3885,6.31958333333322,0.15,-1
1385,3886,6.325624999999887,0.15,-1
1386,3887,6.331666666666553,0.15,-1
1387,3888,6.33770833333322,0.15,-1
1388,3889,6.343749999999886,0.15,-1
1389,3890,6.349791666666553,0.15,-1
1390,3891,6.355833333333219,0.15,-1
1391,3892,6.361874999999886,0.15,-1
1392,3893,6.367916666666552,0.15,-1
1393,3894,6.373958333333219,0.15,-1
1394,3895,6.379999999999885,0.15,-1
1395,3896,6.386041666666552,0.15,-1
1396,3897,6.392083333333218,0.15,-1
1397,3898,6.398124999999885,0.15,-1
1398,3899,6.404166666666551,0.15,-1
1399,3900,6.410208333333218,0.15,-1
1400,3901,6.416249999999884,0.15,-1
1401,3902,6.422291666666551,0.15,-1
1402,3903,6.428333333333217,0.15,-1
1403,3904,6.434374999999884,0.15,-1
1404,3905,6.44041666666655,0.15,-1
1405,3906,6.446458333333217,0.15,-1
1406,3907,6.452499999999883,0.15,-1
1407,3908,6.45854166666655,0.15,-1
1408,3909,6.464583333333216,0.15,-1
1409,3910,6.470624999999883,0.15,-1
1410,3911,6.476666666666549,0.15,-1
1411,3912,6.482708333333216,0.15,-1
1412,3913,6.488749999999882,0.15,-1
1413,3914,6.494791666666549,0.15,-1
1414,3915,6.494791666666549,0.225,11
1415,3916,6.494791666666549,0.225,11
1416,3917,6.494791666666549,0.225,11
1417,3918,6.494791666666549,0.225,11
1418,3919,6.494791666666549,0.225,11
1419,3920,6.494791666666549,0.225,11
1420,3921,6.494791666666549,0.225,11
1421,3922,6.494791666666549,0.225,11
1422,3923,6.494791666666549,0.225,11
1423,3924,6.494791666666549,0.225,11
1424,3925,6.494791666666549,0.225,11
1425,3926,6.494791666666549,0.225,11
1426,3927,6.494791666666549,0.225,11
1427,3928,6.494791666666549,0.225,11
1428,3929,6.494791666666549,0.225,11
1429,3930,6.494791666666549,0.225,11
1430,3931,6.494791666666549,0.225,11
1431,3932,6.494791666666549,0.225,11
1432,3933,6.494791666666549,0.225,11
1433,3934,6.494791666666549,0.225,11
1434,3935,6.494791666666549,0.225,11
1435,3936,6.494791666666549,0.225,11
1436,3937,6.494791666666549,0.225,11
1437,3938,6.494791666666549,0.225,11
1438,3939,6.494791666666549,0.225,11
1439,3940,6.494791666666549,0.225,11
1440,3941,6.494791666666549,0.225,11
1441,3942,6.494791666666549,0.225,11
1442,3943,6.494791666666549,0.225,11
1443,3944,6.494791666666549,0.225,11
1444,3945,6.494791666666549,0.225,11
1445,3946,6.494791666666549,0.225,11
1446,3947,6.494791666666549,0.225,11
1447,3948,6.494791666666549,0.225,11
1448,3949,6.494791666666549,0.225,11
1449,3950,6.494791666666549,0.225,11
1450,3951,6.494791666666549,0.225,11
1451,3952,6.494791666666549,0.225,11
1452,3953,6.494791666666549,0.225,11
1453,3954,6.494791666666549,0.225,11
1454,3955,6.494791666666549,0.225,11
1455,3956,6.494791666666549,0.225,11
1456,3957,6.494791666666549,0.225,11
1457,3958,6.494791666666549,0.225,11
1458,3959,6.494791666666549,0.225,11
1459,3960,6.494791666666549,0.225,11
1460,3961,6.494791666666549,0.225,11
1461,3962,6.494791666666549,0.225,11
1462,3963,6.494791666666549,0.225,11
1463,3964,6.494791666666549,0.225,11
1464,3965,6.494791666666549,0.225,11
1465,3966,6.494791666666549,0.225,11
1466,3967,6.494791666666549,0.225,11
1467,3968,6.494791666666549,0.225,11
1468,3969,6.494791666666549,0.225,11
1469,3970,6.494791666666549,0.225,11
1470,3971,6.494791666666549,0.225,11
1471,3972,6.494791666666549,0.225,11
1472,3973,6.494791666666549,0.225,11
1473,3974,6.494791666666549,0.225,11
1474,3975,6.494791666666549,0.225,11
1475,3976,6.494791666666549,0.225,11
1476,3977,6.494791666666549,0.225,11
1477,3978,6.494791666666549,0.225,11
1478,3979,6.494791666666549,0.225,11
1479,3980,6.494791666666549,0.225,11
1480,3981,6.494791666666549,0.225,11
1481,3982,6.494791666666549,0.225,11
1482,3983,6.494791666666549,0.225,11
1483,3984,6.494791666666549,0.225,11
1484,3985,6.494791666666549,0.225,11
1485,3986,6.494791666666549,0.225,11
1486,3987,6.494791666666549,0.225,11
1487,3988,6.494791666666549,0.225,11
1488,3989,6.494791666666549,0.225,11
1489,3990,6.494791666666549,0.225,11
1490,3991,6.494791666666549,0.225,11
1491,3992,6.494791666666549,0.225,11
1492,3993,6.494791666666549,0.225,11
1493,3994,6.494791666666549,0.225,11
1494,3995,6.494791666666549,0.225,11
1495,3996,6.494791666666549,0.225,11
1496,3997,6.494791666666549,0.225,11
1497,3998,6.494791666666549,0.225,11
1498,3999,6.494791666666549,0.225,11
1499,4000,6.494791666666549,0.225,11
1500,4001,6.494791666666549,0.225,11
1501,4002,6.494791666666549,0.225,11
1502,4003,6.494791666666549,0.225,11
1503,4004,6.494791666666549,0.225,11
1504,4005,6.494791666666549,0.225,11
1505,4006,6.494791666666549,0.225,11
1506,4007,6.494791666666549,0.225,11
1507,4008,6.494791666666549,0.225,11
1508,4009,6.494791666666549,0.225,11
1509,4010,6.494791666666549,0.225,11
1510,4011,6.494791666666549,0.225,11
1511,4012,6.494791666666549,0.225,11
1512,4013,6.494791666666549,0.225,11
1513,4014,6.494791666666549,0.225,11
1514,4015,6.494791666666549,0.225,11
1515,4016,6.494791666666549,0.225,11
1516,4017,6.494791666666549,0.225,11
1517,4018,6.494791666666549,0.225,11
1518,4019,6.494791666666549,0.225,11
1519,4020,6.494791666666549,0.225,11
1520,4021,6.494791666666549,0.225,11
1521,4022,6.494791666666549,0.225,11
1522,4023,6.494791666666549,0.225,11
1523,4024,6.494791666666549,0.225,11
1524,4025,6.494791666666549,0.225,11
1525,4026,6.494791666666549,0.225,11
1526,4027,6.494791666666549,0.225,11
1527,4028,6.494791666666549,0.225,11
1528,4029,6.494791666666549,0.225,11
1529,4030,6.494791666666549,0.225,11
1530,4031,6.494791666666549,0.225,11
1531,4032,6.494791666666549,0.225,11
1532,4033,6.494791666666549,0.225,11
1533,4034,6.494791666666549,0.225,11
1534,4035,6.494791666666549,0.225,11
1535,4036,6.494791666666549,0.225,11
1536,4037,6.500833333333215,0.225,-1
1537,4038,6.506874999999882,0.225,-1
1538,4039,6.512916666666548,0.225,-1
1539,4040,6.518958333333215,0.225,-1
1540,4041,6.524999999999881,0.225,-1
1541,4042,6.531041666666548,0.225,-1
1542,4043,6.537083333333214,0.225,-1
1543,4044,6.543124999999881,0.225,-1
1544,4045,6.549166666666547,0.225,-1
1545,4046,6.555208333333214,0.225,-1
1546,4047,6.56124999999988,0.225,-1
1547,4048,6.567291666666547,0.225,-1
1548,4049,6.573333333333213,0.225,-1
1549,4050,6.57937499999988,0.225,-1
1550,4051,6.585416666666546,0.225,-1
1551,4052,6.591458333333213,0.225,-1
1552,4053,6.597499999999879,0.225,-1
1553,4054,6.603541666666546,0.225,-1
1554,4055,6.609583333333212,0.225,-1
1555,4056,6.615624999999879,0.225,-1
1556,4057,6.621666666666545,0.225,-1
1557,4058,6.627708333333212,0.225,-1
1558,4059,6.633749999999878,0.225,-1
1559,4060,6.639791666666545,0.225,-1
1560,4061,6.645833333333211,0.225,-1
1561,4062,6.651874999999878,0.225,-1
1562,4063,6.657916666666544,0.225,-1
1563,4064,6.663958333333211,0.225,-1
1564,4065,6.669999999999877,0.225,-1
1565,4066,6.676041666666544,0.225,-1
1566,4067,6.68208333333321,0.225,-1
1567,4068,6.688124999999877,0.225,-1
1568,4069,6.694166666666543,0.225,-1
1569,4070,6.70020833333321,0.225,-1
1570,4071,6.706249999999876,0.225,-1
1571,4072,6.712291666666543,0.225,-1
1572,4073,6.718333333333209,0.225,-1
1573,4074,6.724374999999876,0.225,-1
1574,4075,6.730416666666542,0.225,-1
1575,4076,6.736458333333209,0.225,-1
1576,4077,6.742499999999875,0.225,-1
1577,4078,6.748541666666542,0.225,-1
1578,4079,6.754583333333208,0.225,-1
1579,4080,6.760624999999875,0.225,-1
1580,4081,6.766666666666541,0.225,-1
1581,4082,6.772708333333208,0.225,-1
1582,4083,6.778749999999874,0.225,-1
1583,4084,6.784791666666541,0.225,-1
1584,4085,6.790833333333207,0.225,-1
1585,4086,6.796874999999874,0.225,-1
1586,4087,6.80291666666654,0.225,-1
1587,4088,6.808958333333207,0.225,-1
1588,4089,6.814999999999873,0.225,-1
1589,4090,6.82104166666654,0.225,-1
1590,4091,6.827083333333206,0.225,-1
1591,4092,6.833124999999873,0.225,-1
1592,4093,6.839166666666539,0.225,-1
1593,4094,6.845208333333206,0.225,-1
1594,4095,6.851249999999872,0.225,-1
1595,4096,6.857291666666539,0.225,-1
1596,4097,6.863333333333205,0.225,-1
1597,4098,6.869374999999872,0.225,-1
1598,4099,6.875416666666538,0.225,-1
1599,4100,6.881458333333205,0.225,-1
1600,4101,6.887499999999871,0.225,-1
1601,4102,6.893541666666538,0.225,-1
1602,4103,6.899583333333204,0.225,-1
1603,4104,6.905624999999871,0.225,-1
1604,4105,6.911666666666537,0.225,-1
1605,4106,6.917708333333204,0.225,-1
1606,4107,6.92374999999987,0.225,-1
1607,4108,6.929791666666537,0.225,-1
1608,4109,6.929791666666537,0.25,12
1609,4110,6.929791666666537,0.25,12
1610,4111,6.929791666666537,0.25,12
1611,4112,6.929791666666537,0.25,12
1612,4113,6.929791666666537,0.25,12
1613,4114,6.929791666666537,0.25,12
1614,4115,6.929791666666537,0.25,12
1615,4116,6.929791666666537,0.25,12
1616,4117,6.929791666666537,0.25,12
1617,4118,6.929791666666537,0.25,12
1618,4119,6.929791666666537,0.25,12
1619,4120,6.929791666666537,0.25,12
1620,4121,6.929791666666537,0.25,12
1621,4122,6.929791666666537,0.25,12
1622,4123,6.929791666666537,0.25,12
1623,4124,6.929791666666537,0.25,12
1624,4125,6.929791666666537,0.25,12
1625,4126,6.929791666666537,0.25,12
1626,4127,6.929791666666537,0.25,12
1627,4128,6.929791666666537,0.25,12
1628,4129,6.929791666666537,0.25,12
1629,4130,6.929791666666537,0.25,12
1630,4131,6.929791666666537,0.25,12
1631,4132,6.929791666666537,0.25,12
1632,4133,6.929791666666537,0.25,12
1633,4134,6.929791666666537,0.25,12
1634,4135,6.929791666666537,0.25,12
1635,4136,6.929791666666537,0.25,12
1636,4137,6.929791666666537,0.25,12
1637,4138,6.929791666666537,0.25,12
1638,4139,6.929791666666537,0.25,12
1639,4140,6.929791666666537,0.25,12
1640,4141,6.929791666666537,0.25,12
1641,4142,6.929791666666537,0.25,12
1642,4143,6.929791666666537,0.25,12
1643,4144,6.929791666666537,0.25,12
1644,4145,6.929791666666537,0.25,12
1645,4146,6.929791666666537,0.25,12
1646,4147,6.929791666666537,0.25,12
1647,4148,6.929791666666537,0.25,12
1648,4149,6.929791666666537,0.25,12
1649,4150,6.935833333333203,0.25,-1
1650,4151,6.94187499999987,0.25,-1
1651,4152,6.947916666666536,0.25,-1
1652,4153,6.953958333333203,0.25,-1
1653,4154,6.959999999999869,0.25,-1
1654,4155,6.966041666666536,0.25,-1
1655,4156,6.972083333333202,0.25,-1
1656,4157,6.978124999999869,0.25,-1
1657,4158,6.984166666666535,0.25,-1
1658,4159,6.990208333333202,0.25,-1
1659,4160,6.996249999999868,0.25,-1
1660,4161,7.002291666666535,0.25,-1
1661,4162,7.008333333333201,0.25,-1
1662,4163,7.014374999999868,0.25,-1
1663,4164,7.020416666666534,0.25,-1
1664,4165,7.026458333333201,0.25,-1
1665,4166,7.032499999999867,0.25,-1
1666,4167,7.038541666666534,0.25,-1
1667,4168,7.0445833333332,0.25,-1
1668,4169,7.050624999999867,0.25,-1
1669,4170,7.056666666666533,0.25,-1
1670,4171,7.0627083333332,0.25,-1
1671,4172,7.068749999999866,0.25,-1
1672,4173,7.074791666666533,0.25,-1
1673,4174,7.080833333333199,0.25,-1
1674,4175,7.086874999999866,0.25,-1
1675,4176,7.092916666666532,0.25,-1
1676,4177,7.098958333333199,0.25,-1
1677,4178,7.104999999999865,0.25,-1
1678,4179,7.111041666666532,0.25,-1
1679,4180,7.117083333333198,0.25,-1
1680,4181,7.123124999999865,0.25,-1
1681,4182,7.129166666666531,0.25,-1
1682,4183,7.135208333333198,0.25,-1
1683,4184,7.141249999999864,0.25,-1
1684,4185,7.147291666666531,0.25,-1
1685,4186,7.153333333333197,0.25,-1
1686,4187,7.159374999999864,0.25,-1
1687,4188,7.16541666666653,0.25,-1
1688,4189,7.171458333333197,0.25,-1
1689,4190,7.177499999999863,0.25,-1
1690,4191,7.18354166666653,0.25,-1
1691,4192,7.189583333333196,0.25,-1
1692,4193,7.195624999999863,0.25,-1
1693,4194,7.201666666666529,0.25,-1
1694,4195,7.207708333333196,0.25,-1
1695,4196,7.213749999999862,0.25,-1
1696,4197,7.219791666666529,0.25,-1
1697,4198,7.225833333333195,0.25,-1
1698,4199,7.231874999999862,0.25,-1
1699,4200,7.237916666666528,0.25,-1
1700,4201,7.243958333333195,0.25,-1
1701,4202,7.2499999999998614,0.25,-1
1702,4203,7.256041666666528,0.25,-1
1703,4204,7.2620833333331944,0.25,-1
1704,4205,7.268124999999861,0.25,-1
1705,4206,7.2741666666665274,0.25,-1
1706,4207,7.280208333333194,0.25,-1
1707,4208,7.2862499999998604,0.25,-1
1708,4209,7.292291666666527,0.25,-1
1709,4210,7.2983333333331935,0.25,-1
1710,4211,7.2983333333331935,0.2625,13
1711,4212,7.2983333333331935,0.2625,13
1712,4213,7.2983333333331935,0.2625,13
1713,4214,7.2983333333331935,0.2625,13
1714,4215,7.2983333333331935,0.2625,13
1715,4216,7.2983333333331935,0.2625,13
1716,4217,7.2983333333331935,0.2625,13
1717,4218,7.2983333333331935,0.2625,13
1718,4219,7.2983333333331935,0.2625,13
1719,4220,7.2983333333331935,0.2625,13
1720,4221,7.2983333333331935,0.2625,13
1721,4222,7.2983333333331935,0.2625,13
1722,4223,7.2983333333331935,0.2625,13
1723,4224,7.2983333333331935,0.2625,13
1724,4225,7.2983333333331935,0.2625,13
1725,4226,7.2983333333331935,0.2625,13
1726,4227,7.2983333333331935,0.2625,13
1727,4228,7.2983333333331935,0.2625,13
1728,4229,7.2983333333331935,0.2625,13
1729,4230,7.2983333333331935,0.2625,13
1730,4231,7.2983333333331935,0.2625,13
1731,4232,7.2983333333331935,0.2625,13
1732,4233,7.2983333333331935,0.2625,13
1733,4234,7.2983333333331935,0.2625,13
1734,4235,7.2983333333331935,0.2625,13
1735,4236,7.2983333333331935,0.2625,13
1736,4237,7.2983333333331935,0.2625,13
1737,4238,7.2983333333331935,0.2625,13
1738,4239,7.2983333333331935,0.2625,13
1739,4240,7.2983333333331935,0.2625,13
1740,4241,7.2983333333331935,0.2625,13
1741,4242,7.2983333333331935,0.2625,13
1742,4243,7.2983333333331935,0.2625,13
1743,4244,7.2983333333331935,0.2625,13
1744,4245,7.2983333333331935,0.2625,13
1745,4246,7.2983333333331935,0.2625,13
1746,4247,7.2983333333331935,0.2625,13
1747,4248,7.2983333333331935,0.2625,13
1748,4249,7.2983333333331935,0.2625,13
1749,4250,7.2983333333331935,0.2625,13
1750,4251,7.2983333333331935,0.2625,13
1751,4252,7.2983333333331935,0.2625,13
1752,4253,7.2983333333331935,0.2625,13
1753,4254,7.2983333333331935,0.2625,13
1754,4255,7.2983333333331935,0.2625,13
1755,4256,7.2983333333331935,0.2625,13
1756,4257,7.2983333333331935,0.2625,13
1757,4258,7.2983333333331935,0.2625,13
1758,4259,7.2983333333331935,0.2625,13
1759,4260,7.2983333333331935,0.2625,13
1760,4261,7.2983333333331935,0.2625,13
1761,4262,7.2983333333331935,0.2625,13
1762,4263,7.2983333333331935,0.2625,13
1763,4264,7.2983333333331935,0.2625,13
1764,4265,7.2983333333331935,0.2625,13
1765,4266,7.2983333333331935,0.2625,13
1766,4267,7.2983333333331935,0.2625,13
1767,4268,7.2983333333331935,0.2625,13
1768,4269,7.2983333333331935,0.2625,13
1769,4270,7.30437499999986,0.2625,-1
1770,4271,7.3104166666665265,0.2625,-1
1771,4272,7.316458333333193,0.2625,-1
1772,4273,7.3224999999998595,0.2625,-1
1773,4274,7.328541666666526,0.2625,-1
1774,4275,7.3345833333331925,0.2625,-1
1775,4276,7.340624999999859,0.2625,-1
1776,4277,7.3466666666665255,0.2625,-1
1777,4278,7.352708333333192,0.2625,-1
1778,4279,7.3587499999998585,0.2625,-1
1779,4280,7.364791666666525,0.2625,-1
1780,4281,7.3708333333331915,0.2625,-1
1781,4282,7.376874999999858,0.2625,-1
1782,4283,7.3829166666665245,0.2625,-1
1783,4284,7.388958333333191,0.2625,-1
1784,4285,7.3949999999998575,0.2625,-1
1785,4286,7.401041666666524,0.2625,-1
1786,4287,7.4070833333331905,0.2625,-1
1787,4288,7.413124999999857,0.2625,-1
1788,4289,7.4191666666665235,0.2625,-1
1789,4290,7.42520833333319,0.2625,-1
1790,4291,7.4312499999998565,0.2625,-1
1791,4292,7.437291666666523,0.2625,-1
1792,4293,7.4433333333331895,0.2625,-1
1793,4294,7.449374999999856,0.2625,-1
1794,4295,7.4554166666665225,0.2625,-1
1795,4296,7.461458333333189,0.2625,-1
1796,4297,7.4674999999998555,0.2625,-1
1797,4298,7.473541666666522,0.2625,-1
1798,4299,7.4795833333331885,0.2625,-1
1799,4300,7.485624999999855,0.2625,-1
1800,4301,7.4916666666665215,0.2625,-1
1801,4302,7.497708333333188,0.2625,-1
1802,4303,7.5037499999998545,0.2625,-1
1803,4304,7.509791666666521,0.2625,-1
1804,4305,7.5158333333331875,0.2625,-1
1805,4306,7.521874999999854,0.2625,-1
1806,4307,7.5279166666665205,0.2625,-1
1807,4308,7.533958333333187,0.2625,-1
1808,4309,7.5399999999998535,0.2625,-1
1809,4310,7.54604166666652,0.2625,-1
1810,4311,7.5520833333331865,0.2625,-1
1811,4312,7.558124999999853,0.2625,-1
1812,4313,7.5641666666665195,0.2625,-1
1813,4314,7.570208333333186,0.2625,-1
1814,4315,7.5762499999998525,0.2625,-1
1815,4316,7.582291666666519,0.2625,-1
1816,4317,7.5883333333331855,0.2625,-1
1817,4318,7.594374999999852,0.2625,-1
1818,4319,7.6004166666665185,0.2625,-1
1819,4320,7.606458333333185,0.2625,-1
1820,4321,7.6124999999998515,0.2625,-1
1821,4322,7.618541666666518,0.2625,-1
1822,4323,7.6245833333331845,0.2625,-1
1823,4324,7.630624999999851,0.2625,-1
1824,4325,7.6366666666665175,0.2625,-1
1825,4326,7.642708333333184,0.2625,-1
1826,4327,7.6487499999998505,0.2625,-1
1827,4328,7.654791666666517,0.2625,-1
1828,4329,7.6608333333331835,0.2625,-1
1829,4330,7.66687499999985,0.2625,-1
1830,4331,7.6729166666665165,0.2625,-1
1831,4332,7.678958333333183,0.2625,-1
1832,4333,7.6849999999998495,0.2625,-1
1833,4334,7.691041666666516,0.2625,-1
1834,4335,7.6970833333331825,0.2625,-1
1835,4336,7.703124999999849,0.2625,-1
1836,4337,7.7091666666665155,0.2625,-1
1837,4338,7.715208333333182,0.2625,-1
1838,4339,7.7212499999998485,0.2625,-1
1839,4340,7.727291666666515,0.2625,-1
1840,4341,7.7333333333331815,0.2625,-1
1841,4342,7.739374999999848,0.2625,-1
1842,4343,7.7454166666665145,0.2625,-1
1843,4344,7.751458333333181,0.2625,-1
1844,4345,7.7574999999998475,0.2625,-1
1845,4346,7.763541666666514,0.2625,-1
1846,4347,7.7695833333331805,0.2625,-1
1847,4348,7.775624999999847,0.2625,-1
1848,4349,7.7816666666665135,0.2625,-1
1849,4350,7.78770833333318,0.2625,-1
1850,4351,7.7937499999998465,0.2625,-1
1851,4352,7.799791666666513,0.2625,-1
1852,4353,7.8058333333331795,0.2625,-1
1853,4354,7.811874999999846,0.2625,-1
1854,4355,7.8179166666665125,0.2625,-1
1855,4356,7.823958333333179,0.2625,-1
1856,4357,7.8299999999998455,0.2625,-1
1857,4358,7.836041666666512,0.2625,-1
1858,4359,7.8420833333331785,0.2625,-1
1859,4360,7.848124999999845,0.2625,-1
1860,4361,7.8541666666665115,0.2625,-1
1861,4362,7.860208333333178,0.2625,-1
1862,4363,7.8662499999998445,0.2625,-1
1863,4364,7.872291666666511,0.2625,-1
1864,4365,7.8783333333331775,0.2625,-1
1865,4366,7.884374999999844,0.2625,-1
1866,4367,7.8904166666665105,0.2625,-1
1867,4368,7.896458333333177,0.2625,-1
1868,4369,7.896458333333177,0.325,14
1869,4370,7.896458333333177,0.325,14
1870,4371,7.896458333333177,0.325,14
1871,4372,7.896458333333177,0.325,14
1872,4373,7.896458333333177,0.325,14
1873,4374,7.896458333333177,0.325,14
1874,4375,7.896458333333177,0.325,14
1875,4376,7.896458333333177,0.325,14
1876,4377,7.896458333333177,0.325,14
1877,4378,7.896458333333177,0.325,14
1878,4379,7.896458333333177,0.325,14
1879,4380,7.896458333333177,0.325,14
1880,4381,7.896458333333177,0.325,14
1881,4382,7.896458333333177,0.325,14
1882,4383,7.896458333333177,0.325,14
1883,4384,7.896458333333177,0.325,14
1884,4385,7.896458333333177,0.325,14
1885,4386,7.896458333333177,0.325,14
1886,4387,7.896458333333177,0.325,14
1887,4388,7.896458333333177,0.325,14
1888,4389,7.896458333333177,0.325,14
1889,4390,7.896458333333177,0.325,14
1890,4391,7.896458333333177,0.325,14
1891,4392,7.896458333333177,0.325,14
1892,4393,7.896458333333177,0.325,14
1893,4394,7.896458333333177,0.325,14
1894,4395,7.896458333333177,0.325,14
1895,4396,7.896458333333177,0.325,14
1896,4397,7.896458333333177,0.325,14
1897,4398,7.896458333333177,0.325,14
1898,4399,7.896458333333177,0.325,14
1899,4400,7.896458333333177,0.325,14
1900,4401,7.896458333333177,0.325,14
1901,4402,7.896458333333177,0.325,14
1902,4403,7.896458333333177,0.325,14
1903,4404,7.896458333333177,0.325,14
1904,4405,7.896458333333177,0.325,14
1905,4406,7.896458333333177,0.325,14
1906,4407,7.896458333333177,0.325,14
1907,4408,7.896458333333177,0.325,14
1908,4409,7.896458333333177,0.325,14
1909,4410,7.896458333333177,0.325,14
1910,4411,7.896458333333177,0.325,14
1911,4412,7.896458333333177,0.325,14
1912,4413,7.896458333333177,0.325,14
1913,4414,7.896458333333177,0.325,14
1914,4415,7.896458333333177,0.325,14
1915,4416,7.896458333333177,0.325,14
1916,4417,7.896458333333177,0.325,14
1917,4418,7.896458333333177,0.325,14
1918,4419,7.896458333333177,0.325,14
1919,4420,7.896458333333177,0.325,14
1920,4421,7.896458333333177,0.325,14
1921,4422,7.896458333333177,0.325,14
1922,4423,7.896458333333177,0.325,14
1923,4424,7.896458333333177,0.325,14
1924,4425,7.896458333333177,0.325,14
1925,4426,7.896458333333177,0.325,14
1926,4427,7.896458333333177,0.325,14
1927,4428,7.896458333333177,0.325,14
1928,4429,7.896458333333177,0.325,14
1929,4430,7.896458333333177,0.325,14
1930,4431,7.896458333333177,0.325,14
1931,4432,7.896458333333177,0.325,14
1932,4433,7.896458333333177,0.325,14
1933,4434,7.896458333333177,0.325,14
1934,4435,7.896458333333177,0.325,14
1935,4436,7.896458333333177,0.325,14
1936,4437,7.896458333333177,0.325,14
1937,4438,7.896458333333177,0.325,14
1938,4439,7.896458333333177,0.325,14
1939,4440,7.9024999999998435,0.325,-1
1940,4441,7.90854166666651,0.325,-1
1941,4442,7.9145833333331765,0.325,-1
1942,4443,7.920624999999843,0.325,-1
1943,4444,7.9266666666665095,0.325,-1
1944,4445,7.932708333333176,0.325,-1
1945,4446,7.9387499999998425,0.325,-1
1946,4447,7.944791666666509,0.325,-1
1947,4448,7.9508333333331755,0.325,-1
1948,4449,7.956874999999842,0.325,-1
1949,4450,7.9629166666665085,0.325,-1
1950,4451,7.968958333333175,0.325,-1
1951,4452,7.9749999999998415,0.325,-1
1952,4453,7.981041666666508,0.325,-1
1953,4454,7.9870833333331746,0.325,-1
1954,4455,7.993124999999841,0.325,-1
1955,4456,7.9991666666665076,0.325,-1
1956,4457,8.005208333333174,0.325,-1
1957,4458,8.01124999999984,0.325,-1
1958,4459,8.017291666666507,0.325,-1
1959,4460,8.023333333333174,0.325,-1
1960,4461,8.02937499999984,0.325,-1
1961,4462,8.035416666666507,0.325,-1
1962,4463,8.041458333333173,0.325,-1
1963,4464,8.04749999999984,0.325,-1
1964,4465,8.053541666666506,0.325,-1
1965,4466,8.059583333333173,0.325,-1
1966,4467,8.065624999999839,0.325,-1
1967,4468,8.071666666666506,0.325,-1
1968,4469,8.077708333333172,0.325,-1
1969,4470,8.083749999999839,0.325,-1
1970,4471,8.089791666666505,0.325,-1
1971,4472,8.095833333333172,0.325,-1
1972,4473,8.101874999999838,0.325,-1
1973,4474,8.107916666666505,0.325,-1
1974,4475,8.113958333333171,0.325,-1
1975,4476,8.119999999999838,0.325,-1
1976,4477,8.126041666666504,0.325,-1
1977,4478,8.13208333333317,0.325,-1
1978,4479,8.138124999999837,0.325,-1
1979,4480,8.144166666666504,0.325,-1
1980,4481,8.15020833333317,0.325,-1
1981,4482,8.156249999999837,0.325,-1
1982,4483,8.162291666666503,0.325,-1
1983,4484,8.16833333333317,0.325,-1
1984,4485,8.174374999999836,0.325,-1
1985,4486,8.180416666666503,0.325,-1
1986,4487,8.186458333333169,0.325,-1
1987,4488,8.192499999999836,0.325,-1
1988,4489,8.198541666666502,0.325,-1
1989,4490,8.204583333333169,0.325,-1
1990,4491,8.210624999999835,0.325,-1
1991,4492,8.216666666666502,0.325,-1
1992,4493,8.222708333333168,0.325,-1
1993,4494,8.228749999999835,0.325,-1
1994,4495,8.234791666666501,0.325,-1
1995,4496,8.240833333333168,0.325,-1
1996,4497,8.246874999999834,0.325,-1
1997,4498,8.2529166666665,0.325,-1
1998,4499,8.258958333333167,0.325,-1
1999,4500,8.264999999999834,0.325,-1
2000,4501,8.2710416666665,0.325,-1
2001,4502,8.2710416666665,0.425,15
2002,4503,8.2710416666665,0.425,15
2003,4504,8.2710416666665,0.425,15
2004,4505,8.2710416666665,0.425,15
2005,4506,8.2710416666665,0.425,15
2006,4507,8.2710416666665,0.425,15
2007,4508,8.2710416666665,0.425,15
2008,4509,8.2710416666665,0.425,15
2009,4510,8.2710416666665,0.425,15
2010,4511,8.2710416666665,0.425,15
2011,4512,8.2710416666665,0.425,15
2012,4513,8.2710416666665,0.425,15
2013,4514,8.2710416666665,0.425,15
2014,4515,8.2710416666665,0.425,15
2015,4516,8.2710416666665,0.425,15
2016,4517,8.2710416666665,0.425,15
2017,4518,8.2710416666665,0.425,15
2018,4519,8.2710416666665,0.425,15
2019,4520,8.2710416666665,0.425,15
2020,4521,8.2710416666665,0.425,15
2021,4522,8.2710416666665,0.425,15
2022,4523,8.2710416666665,0.425,15
2023,4524,8.2710416666665,0.425,15
2024,4525,8.2710416666665,0.425,15
2025,4526,8.2710416666665,0.425,15
2026,4527,8.2710416666665,0.425,15
2027,4528,8.2710416666665,0.425,15
2028,4529,8.2710416666665,0.425,15
2029,4530,8.2710416666665,0.425,15
2030,4531,8.2710416666665,0.425,15
2031,4532,8.2710416666665,0.425,15
2032,4533,8.2710416666665,0.425,15
2033,4534,8.2710416666665,0.425,15
2034,4535,8.2710416666665,0.425,15
2035,4536,8.2710416666665,0.425,15
2036,4537,8.2710416666665,0.425,15
2037,4538,8.2710416666665,0.425,15
2038,4539,8.2710416666665,0.425,15
2039,4540,8.2710416666665,0.425,15
2040,4541,8.2710416666665,0.425,15
2041,4542,8.2710416666665,0.425,15
2042,4543,8.2710416666665,0.425,15
2043,4544,8.2710416666665,0.425,15
2044,4545,8.2710416666665,0.425,15
2045,4546,8.2710416666665,0.425,15
2046,4547,8.2710416666665,0.425,15
2047,4548,8.2710416666665,0.425,15
2048,4549,8.2710416666665,0.425,15
2049,4550,8.2710416666665,0.425,15
2050,4551,8.2710416666665,0.425,15
2051,4552,8.2710416666665,0.425,15
2052,4553,8.2710416666665,0.425,15
2053,4554,8.2710416666665,0.425,15
2054,4555,8.2710416666665,0.425,15
2055,4556,8.2710416666665,0.425,15
2056,4557,8.2710416666665,0.425,15
2057,4558,8.2710416666665,0.425,15
2058,4559,8.2710416666665,0.425,15
2059,4560,8.2710416666665,0.425,15
2060,4561,8.2710416666665,0.425,15
2061,4562,8.2710416666665,0.425,15
2062,4563,8.2710416666665,0.425,15
2063,4564,8.2710416666665,0.425,15
2064,4565,8.2710416666665,0.425,15
2065,4566,8.2710416666665,0.425,15
2066,4567,8.2710416666665,0.425,15
2067,4568,8.2710416666665,0.425,15
2068,4569,8.2710416666665,0.425,15
2069,4570,8.2710416666665,0.425,15
2070,4571,8.2710416666665,0.425,15
2071,4572,8.2710416666665,0.425,15
2072,4573,8.2710416666665,0.425,15
2073,4574,8.2710416666665,0.425,15
2074,4575,8.2710416666665,0.425,15
2075,4576,8.2710416666665,0.425,15
2076,4577,8.2710416666665,0.425,15
2077,4578,8.2710416666665,0.425,15
2078,4579,8.2710416666665,0.425,15
2079,4580,8.2710416666665,0.425,15
2080,4581,8.2710416666665,0.425,15
2081,4582,8.2710416666665,0.425,15
2082,4583,8.2710416666665,0.425,15
2083,4584,8.2710416666665,0.425,15
2084,4585,8.2710416666665,0.425,15
2085,4586,8.2710416666665,0.425,15
2086,4587,8.2710416666665,0.425,15
2087,4588,8.2710416666665,0.425,15
2088,4589,8.2710416666665,0.425,15
2089,4590,8.2710416666665,0.425,15
2090,4591,8.2710416666665,0.425,15
2091,4592,8.2710416666665,0.425,15
2092,4593,8.2710416666665,0.425,15
2093,4594,8.2710416666665,0.425,15
2094,4595,8.2710416666665,0.425,15
2095,4596,8.2710416666665,0.425,15
2096,4597,8.277083333333167,0.425,-1
2097,4598,8.283124999999833,0.425,-1
2098,4599,8.2891666666665,0.425,-1
2099,4600,8.295208333333166,0.425,-1
2100,4601,8.301249999999833,0.425,-1
2101,4602,8.307291666666499,0.425,-1
2102,4603,8.313333333333166,0.425,-1
2103,4604,8.319374999999832,0.425,-1
2104,4605,8.325416666666499,0.425,-1
2105,4606,8.331458333333165,0.425,-1
2106,4607,8.337499999999832,0.425,-1
2107,4608,8.343541666666498,0.425,-1
2108,4609,8.349583333333165,0.425,-1
2109,4610,8.355624999999831,0.425,-1
2110,4611,8.361666666666498,0.425,-1
2111,4612,8.367708333333164,0.425,-1
2112,4613,8.37374999999983,0.425,-1
2113,4614,8.379791666666497,0.425,-1
2114,4615,8.385833333333164,0.425,-1
2115,4616,8.39187499999983,0.425,-1
2116,4617,8.397916666666497,0.425,-1
2117,4618,8.403958333333163,0.425,-1
2118,4619,8.40999999999983,0.425,-1
2119,4620,8.416041666666496,0.425,-1
2120,4621,8.422083333333163,0.425,-1
2121,4622,8.42812499999983,0.425,-1
2122,4623,8.434166666666496,0.425,-1
2123,4624,8.440208333333162,0.425,-1
2124,4625,8.446249999999829,0.425,-1
2125,4626,8.452291666666495,0.425,-1
2126,4627,8.458333333333162,0.425,-1
2127,4628,8.464374999999828,0.425,-1
2128,4629,8.470416666666495,0.425,-1
2129,4630,8.476458333333161,0.425,-1
2130,4631,8.482499999999828,0.425,-1
2131,4632,8.488541666666494,0.425,-1
2132,4633,8.49458333333316,0.425,-1
2133,4634,8.500624999999827,0.425,-1
2134,4635,8.506666666666494,0.425,-1
2135,4636,8.51270833333316,0.425,-1
2136,4637,8.518749999999827,0.425,-1
2137,4638,8.524791666666493,0.425,-1
2138,4639,8.53083333333316,0.425,-1
2139,4640,8.536874999999826,0.425,-1
2140,4641,8.542916666666493,0.425,-1
2141,4642,8.54895833333316,0.425,-1
2142,4643,8.554999999999826,0.425,-1
2143,4644,8.561041666666492,0.425,-1
2144,4645,8.567083333333159,0.425,-1
2145,4646,8.573124999999825,0.425,-1
2146,4647,8.579166666666492,0.425,-1
2147,4648,8.585208333333158,0.425,-1
2148,4649,8.591249999999825,0.425,-1
2149,4650,8.597291666666491,0.425,-1
2150,4651,8.603333333333158,0.425,-1
2151,4652,8.609374999999824,0.425,-1
2152,4653,8.61541666666649,0.425,-1
2153,4654,8.621458333333157,0.425,-1
2154,4655,8.627499999999824,0.425,-1
2155,4656,8.63354166666649,0.425,-1
2156,4657,8.639583333333157,0.425,-1
2157,4658,8.645624999999823,0.425,-1
2158,4659,8.65166666666649,0.425,-1
2159,4660,8.657708333333156,0.425,-1
2160,4661,8.663749999999823,0.425,-1
2161,4662,8.66979166666649,0.425,-1
2162,4663,8.675833333333156,0.425,-1
2163,4664,8.681874999999822,0.425,-1
2164,4665,8.687916666666489,0.425,-1
2165,4666,8.693958333333155,0.425,-1
2166,4667,8.699999999999822,0.425,-1
2167,4668,8.706041666666488,0.425,-1
2168,4669,8.712083333333155,0.425,-1
2169,4670,8.718124999999821,0.425,-1
2170,4671,8.724166666666488,0.425,-1
2171,4672,8.730208333333154,0.425,-1
2172,4673,8.73624999999982,0.425,-1
2173,4674,8.742291666666487,0.425,-1
2174,4675,8.748333333333154,0.425,-1
2175,4676,8.75437499999982,0.425,-1
2176,4677,8.760416666666487,0.425,-1
2177,4678,8.766458333333153,0.425,-1
2178,4679,8.77249999999982,0.425,-1
2179,4680,8.778541666666486,0.425,-1
2180,4681,8.784583333333153,0.425,-1
2181,4682,8.79062499999982,0.425,-1
2182,4683,8.796666666666486,0.425,-1
2183,4684,8.802708333333152,0.425,-1
2184,4685,8.808749999999819,0.425,-1
2185,4686,8.814791666666485,0.425,-1
2186,4687,8.820833333333152,0.425,-1
2187,4688,8.826874999999818,0.425,-1
2188,4689,8.832916666666485,0.425,-1
2189,4690,8.838958333333151,0.425,-1
2190,4691,8.844999999999818,0.425,-1
2191,4692,8.851041666666484,0.425,-1
2192,4693,8.85708333333315,0.425,-1
2193,4694,8.863124999999817,0.425,-1
2194,4695,8.869166666666484,0.425,-1
2195,4696,8.87520833333315,0.425,-1
2196,4697,8.881249999999817,0.425,-1
2197,4698,8.887291666666483,0.425,-1
2198,4699,8.887291666666483,0.5,16
2199,4700,8.887291666666483,0.5,16
2200,4701,8.887291666666483,0.5,16
2201,4702,8.887291666666483,0.5,16
2202,4703,8.887291666666483,0.5,16
2203,4704,8.887291666666483,0.5,16
2204,4705,8.887291666666483,0.5,16
2205,4706,8.887291666666483,0.5,16
2206,4707,8.887291666666483,0.5,16
2207,4708,8.887291666666483,0.5,16
2208,4709,8.887291666666483,0.5,16
2209,4710,8.887291666666483,0.5,16
2210,4711,8.887291666666483,0.5,16
2211,4712,8.887291666666483,0.5,16
2212,4713,8.887291666666483,0.5,16
2213,4714,8.887291666666483,0.5,16
2214,4715,8.887291666666483,0.5,16
2215,4716,8.887291666666483,0.5,16
2216,4717,8.887291666666483,0.5,16
2217,4718,8.887291666666483,0.5,16
2218,4719,8.887291666666483,0.5,16
2219,4720,8.887291666666483,0.5,16
2220,4721,8.887291666666483,0.5,16
2221,4722,8.887291666666483,0.5,16
2222,4723,8.887291666666483,0.5,16
2223,4724,8.887291666666483,0.5,16
2224,4725,8.887291666666483,0.5,16
2225,4726,8.887291666666483,0.5,16
2226,4727,8.887291666666483,0.5,16
2227,4728,8.887291666666483,0.5,16
2228,4729,8.887291666666483,0.5,16
2229,4730,8.887291666666483,0.5,16
2230,4731,8.887291666666483,0.5,16
2231,4732,8.887291666666483,0.5,16
2232,4733,8.887291666666483,0.5,16
2233,4734,8.887291666666483,0.5,16
2234,4735,8.887291666666483,0.5,16
2235,4736,8.887291666666483,0.5,16
2236,4737,8.887291666666483,0.5,16
2237,4738,8.887291666666483,0.5,16
2238,4739,8.887291666666483,0.5,16
2239,4740,8.887291666666483,0.5,16
2240,4741,8.887291666666483,0.5,16
2241,4742,8.887291666666483,0.5,16
2242,4743,8.887291666666483,0.5,16
2243,4744,8.887291666666483,0.5,16
2244,4745,8.887291666666483,0.5,16
2245,4746,8.887291666666483,0.5,16
2246,4747,8.887291666666483,0.5,16
2247,4748,8.887291666666483,0.5,16
2248,4749,8.887291666666483,0.5,16
2249,4750,8.887291666666483,0.5,16
2250,4751,8.887291666666483,0.5,16
2251,4752,8.887291666666483,0.5,16
2252,4753,8.887291666666483,0.5,16
2253,4754,8.887291666666483,0.5,16
2254,4755,8.887291666666483,0.5,16
2255,4756,8.887291666666483,0.5,16
2256,4757,8.887291666666483,0.5,16
2257,4758,8.887291666666483,0.5,16
2258,4759,8.887291666666483,0.5,16
2259,4760,8.887291666666483,0.5,16
2260,4761,8.887291666666483,0.5,16
2261,4762,8.887291666666483,0.5,16
2262,4763,8.887291666666483,0.5,16
2263,4764,8.887291666666483,0.5,16
2264,4765,8.887291666666483,0.5,16
2265,4766,8.887291666666483,0.5,16
2266,4767,8.887291666666483,0.5,16
2267,4768,8.887291666666483,0.5,16
2268,4769,8.887291666666483,0.5,16
2269,4770,8.887291666666483,0.5,16
2270,4771,8.887291666666483,0.5,16
2271,4772,8.887291666666483,0.5,16
2272,4773,8.887291666666483,0.5,16
2273,4774,8.887291666666483,0.5,16
2274,4775,8.887291666666483,0.5,16
2275,4776,8.887291666666483,0.5,16
2276,4777,8.89333333333315,0.5,-1
2277,4778,8.899374999999816,0.5,-1
2278,4779,8.905416666666483,0.5,-1
2279,4780,8.91145833333315,0.5,-1
2280,4781,8.917499999999816,0.5,-1
2281,4782,8.923541666666482,0.5,-1
2282,4783,8.929583333333149,0.5,-1
2283,4784,8.935624999999815,0.5,-1
2284,4785,8.941666666666482,0.5,-1
2285,4786,8.947708333333148,0.5,-1
2286,4787,8.953749999999815,0.5,-1
2287,4788,8.959791666666481,0.5,-1
2288,4789,8.965833333333148,0.5,-1
2289,4790,8.971874999999814,0.5,-1
2290,4791,8.97791666666648,0.5,-1
2291,4792,8.983958333333147,0.5,-1
2292,4793,8.989999999999814,0.5,-1
2293,4794,8.99604166666648,0.5,-1
2294,4795,9.002083333333147,0.5,-1
2295,4796,9.008124999999813,0.5,-1
2296,4797,9.01416666666648,0.5,-1
2297,4798,9.020208333333146,0.5,-1
2298,4799,9.026249999999813,0.5,-1
2299,4800,9.03229166666648,0.5,-1
2300,4801,9.038333333333146,0.5,-1
2301,4802,9.044374999999812,0.5,-1
2302,4803,9.050416666666479,0.5,-1
2303,4804,9.056458333333145,0.5,-1
2304,4805,9.062499999999812,0.5,-1
2305,4806,9.068541666666478,0.5,-1
2306,4807,9.074583333333145,0.5,-1
2307,4808,9.080624999999811,0.5,-1
2308,4809,9.086666666666478,0.5,-1
2309,4810,9.092708333333144,0.5,-1
2310,4811,9.09874999999981,0.5,-1
2311,4812,9.104791666666477,0.5,-1
2312,4813,9.110833333333144,0.5,-1
2313,4814,9.11687499999981,0.5,-1
2314,4815,9.122916666666477,0.5,-1
2315,4816,9.128958333333143,0.5,-1
2316,4817,9.13499999999981,0.5,-1
2317,4818,9.141041666666476,0.5,-1
2318,4819,9.147083333333143,0.5,-1
2319,4820,9.15312499999981,0.5,-1
2320,4821,9.159166666666476,0.5,-1
2321,4822,9.165208333333142,0.5,-1
2322,4823,9.171249999999809,0.5,-1
2323,4824,9.177291666666475,0.5,-1
2324,4825,9.183333333333142,0.5,-1
2325,4826,9.189374999999808,0.5,-1
2326,4827,9.195416666666475,0.5,-1
2327,4828,9.201458333333141,0.5,-1
2328,4829,9.207499999999808,0.5,-1
2329,4830,9.213541666666474,0.5,-1
2330,4831,9.21958333333314,0.5,-1
2331,4832,9.225624999999807,0.5,-1
2332,4833,9.231666666666474,0.5,-1
2333,4834,9.23770833333314,0.5,-1
2334,4835,9.243749999999807,0.5,-1
2335,4836,9.249791666666473,0.5,-1
2336,4837,9.25583333333314,0.5,-1
2337,4838,9.261874999999806,0.5,-1
2338,4839,9.267916666666473,0.5,-1
2339,4840,9.27395833333314,0.5,-1
2340,4841,9.279999999999806,0.5,-1
2341,4842,9.286041666666472,0.5,-1
2342,4843,9.292083333333139,0.5,-1
2343,4844,9.298124999999805,0.5,-1
2344,4845,9.304166666666472,0.5,-1
2345,4846,9.310208333333138,0.5,-1
2346,4847,9.316249999999805,0.5,-1
2347,4848,9.322291666666471,0.5,-1
2348,4849,9.328333333333138,0.5,-1
2349,4850,9.334374999999804,0.5,-1
2350,4851,9.34041666666647,0.5,-1
2351,4852,9.346458333333137,0.5,-1
2352,4853,9.352499999999804,0.5,-1
2353,4854,9.352499999999804,0.6375,17
2354,4855,9.352499999999804,0.6375,17
2355,4856,9.352499999999804,0.6375,17
2356,4857,9.352499999999804,0.6375,17
2357,4858,9.352499999999804,0.6375,17
2358,4859,9.352499999999804,0.6375,17
2359,4860,9.352499999999804,0.6375,17
2360,4861,9.352499999999804,0.6375,17
2361,4862,9.352499999999804,0.6375,17
2362,4863,9.352499999999804,0.6375,17
2363,4864,9.352499999999804,0.6375,17
2364,4865,9.352499999999804,0.6375,17
2365,4866,9.352499999999804,0.6375,17
2366,4867,9.352499999999804,0.6375,17
2367,4868,9.352499999999804,0.6375,17
2368,4869,9.352499999999804,0.6375,17
2369,4870,9.352499999999804,0.6375,17
2370,4871,9.352499999999804,0.6375,17
2371,4872,9.352499999999804,0.6375,17
2372,4873,9.352499999999804,0.6375,17
2373,4874,9.352499999999804,0.6375,17
2374,4875,9.352499999999804,0.6375,17
2375,4876,9.352499999999804,0.6375,17
2376,4877,9.352499999999804,0.6375,17
2377,4878,9.352499999999804,0.6375,17
2378,4879,9.352499999999804,0.6375,17
2379,4880,9.352499999999804,0.6375,17
2380,4881,9.352499999999804,0.6375,17
2381,4882,9.352499999999804,0.6375,17
2382,4883,9.352499999999804,0.6375,17
2383,4884,9.352499999999804,0.6375,17
2384,4885,9.352499999999804,0.6375,17
2385,4886,9.352499999999804,0.6375,17
2386,4887,9.352499999999804,0.6375,17
2387,4888,9.352499999999804,0.6375,17
2388,4889,9.352499999999804,0.6375,17
2389,4890,9.35854166666647,0.6375,-1
2390,4891,9.364583333333137,0.6375,-1
2391,4892,9.370624999999803,0.6375,-1
2392,4893,9.37666666666647,0.6375,-1
2393,4894,9.382708333333136,0.6375,-1
2394,4895,9.388749999999803,0.6375,-1
2395,4896,9.39479166666647,0.6375,-1
2396,4897,9.400833333333136,0.6375,-1
2397,4898,9.406874999999802,0.6375,-1
2398,4899,9.412916666666469,0.6375,-1
2399,4900,9.418958333333135,0.6375,-1
2400,4901,9.424999999999802,0.6375,-1
2401,4902,9.431041666666468,0.6375,-1
2402,4903,9.437083333333135,0.6375,-1
2403,4904,9.443124999999801,0.6375,-1
2404,4905,9.449166666666468,0.6375,-1
2405,4906,9.455208333333134,0.6375,-1
2406,4907,9.4612499999998,0.6375,-1
2407,4908,9.467291666666467,0.6375,-1
2408,4909,9.473333333333134,0.6375,-1
2409,4910,9.4793749999998,0.6375,-1
2410,4911,9.485416666666467,0.6375,-1
2411,4912,9.491458333333133,0.6375,-1
2412,4913,9.4974999999998,0.6375,-1
2413,4914,9.503541666666466,0.6375,-1
2414,4915,9.509583333333133,0.6375,-1
2415,4916,9.5156249999998,0.6375,-1
2416,4917,9.521666666666466,0.6375,-1
2417,4918,9.527708333333132,0.6375,-1
2418,4919,9.533749999999799,0.6375,-1
2419,4920,9.539791666666465,0.6375,-1
2420,4921,9.545833333333132,0.6375,-1
2421,4922,9.551874999999798,0.6375,-1
2422,4923,9.557916666666465,0.6375,-1
2423,4924,9.563958333333131,0.6375,-1
2424,4925,9.569999999999798,0.6375,-1
2425,4926,9.576041666666464,0.6375,-1
2426,4927,9.58208333333313,0.6375,-1
2427,4928,9.588124999999797,0.6375,-1
2428,4929,9.594166666666464,0.6375,-1
2429,4930,9.60020833333313,0.6375,-1
2430,4931,9.606249999999797,0.6375,-1
2431,4932,9.612291666666463,0.6375,-1
2432,4933,9.61833333333313,0.6375,-1
2433,4934,9.624374999999796,0.6375,-1
2434,4935,9.630416666666463,0.6375,-1
2435,4936,9.63645833333313,0.6375,-1
2436,4937,9.642499999999796,0.6375,-1
2437,4938,9.648541666666462,0.6375,-1
2438,4939,9.654583333333129,0.6375,-1
2439,4940,9.660624999999795,0.6375,-1
2440,4941,9.666666666666462,0.6375,-1
2441,4942,9.672708333333128,0.6375,-1
2442,4943,9.678749999999795,0.6375,-1
2443,4944,9.684791666666461,0.6375,-1
2444,4945,9.690833333333128,0.6375,-1
2445,4946,9.696874999999794,0.6375,-1
2446,4947,9.70291666666646,0.6375,-1
2447,4948,9.708958333333127,0.6375,-1
2448,4949,9.714999999999794,0.6375,-1
2449,4950,9.72104166666646,0.6375,-1
2450,4951,9.727083333333127,0.6375,-1
2451,4952,9.733124999999793,0.6375,-1
2452,4953,9.73916666666646,0.6375,-1
2453,4954,9.745208333333126,0.6375,-1
2454,4955,9.751249999999793,0.6375,-1
2455,4956,9.75729166666646,0.6375,-1
2456,4957,9.763333333333126,0.6375,-1
2457,4958,9.769374999999792,0.6375,-1
2458,4959,9.775416666666459,0.6375,-1
2459,4960,9.775416666666459,0.7125,18
2460,4961,9.775416666666459,0.7125,18
2461,4962,9.775416666666459,0.7125,18
2462,4963,9.775416666666459,0.7125,18
2463,4964,9.775416666666459,0.7125,18
2464,4965,9.775416666666459,0.7125,18
2465,4966,9.775416666666459,0.7125,18
2466,4967,9.775416666666459,0.7125,18
2467,4968,9.775416666666459,0.7125,18
2468,4969,9.775416666666459,0.7125,18
2469,4970,9.775416666666459,0.7125,18
2470,4971,9.775416666666459,0.7125,18
2471,4972,9.775416666666459,0.7125,18
2472,4973,9.775416666666459,0.7125,18
2473,4974,9.775416666666459,0.7125,18
2474,4975,9.775416666666459,0.7125,18
2475,4976,9.775416666666459,0.7125,18
2476,4977,9.775416666666459,0.7125,18
2477,4978,9.775416666666459,0.7125,18
2478,4979,9.775416666666459,0.7125,18
2479,4980,9.775416666666459,0.7125,18
2480,4981,9.775416666666459,0.7125,18
2481,4982,9.775416666666459,0.7125,18
2482,4983,9.775416666666459,0.7125,18
2483,4984,9.775416666666459,0.7125,18
2484,4985,9.775416666666459,0.7125,18
2485,4986,9.775416666666459,0.7125,18
2486,4987,9.781458333333125,0.7125,-1
2487,4988,9.787499999999792,0.7125,-1
2488,4989,9.793541666666458,0.7125,-1
2489,4990,9.799583333333125,0.7125,-1
2490,4991,9.805624999999791,0.7125,-1
2491,4992,9.811666666666458,0.7125,-1
2492,4993,9.817708333333124,0.7125,-1
2493,4994,9.82374999999979,0.7125,-1
2494,4995,9.829791666666457,0.7125,-1
2495,4996,9.835833333333124,0.7125,-1
2496,4997,9.84187499999979,0.7125,-1
2497,4998,9.847916666666457,0.7125,-1
2498,4999,9.853958333333123,0.7125,-1
2499,5000,9.85999999999979,0.7125,-1
2500,5001,9.866041666666456,0.7125,-1
2501,5002,9.872083333333123,0.7125,-1
2502,5003,9.87812499999979,0.7125,-1
2503,5004,9.884166666666456,0.7125,-1
2504,5005,9.890208333333122,0.7125,-1
2505,5006,9.896249999999789,0.7125,-1
2506,5007,9.902291666666455,0.7125,-1
2507,5008,9.908333333333122,0.7125,-1
2508,5009,9.914374999999788,0.7125,-1
2509,5010,9.920416666666455,0.7125,-1
2510,5011,9.926458333333121,0.7125,-1
2511,5012,9.932499999999788,0.7125,-1
2512,5013,9.938541666666454,0.7125,-1
2513,5014,9.94458333333312,0.7125,-1
2514,5015,9.950624999999787,0.7125,-1
2515,5016,9.956666666666454,0.7125,-1
2516,5017,9.96270833333312,0.7125,-1
2517,5018,9.968749999999787,0.7125,-1
2518,5019,9.974791666666453,0.7125,-1
2519,5020,9.98083333333312,0.7125,-1
2520,5021,9.986874999999786,0.7125,-1
2521,5022,9.992916666666453,0.7125,-1
2522,5023,9.99895833333312,0.7125,-1
2523,5024,10.004999999999786,0.7125,-1
2524,5025,10.011041666666452,0.7125,-1
2525,5026,10.017083333333119,0.7125,-1
2526,5027,10.023124999999785,0.7125,-1
2527,5028,10.029166666666452,0.7125,-1
2528,5029,10.035208333333118,0.7125,-1
2529,5030,10.041249999999785,0.7125,-1
2530,5031,10.047291666666451,0.7125,-1
2531,5032,10.053333333333118,0.7125,-1
2532,5033,10.059374999999784,0.7125,-1
2533,5034,10.06541666666645,0.7125,-1
2534,5035,10.071458333333117,0.7125,-1
2535,5036,10.077499999999784,0.7125,-1
2536,5037,10.08354166666645,0.7125,-1
2537,5038,10.089583333333117,0.7125,-1
2538,5039,10.095624999999783,0.7125,-1
2539,5040,10.10166666666645,0.7125,-1
2540,5041,10.107708333333116,0.7125,-1
2541,5042,10.113749999999783,0.7125,-1
2542,5043,10.11979166666645,0.7125,-1
2543,5044,10.125833333333116,0.7125,-1
2544,5045,10.131874999999782,0.7125,-1
2545,5046,10.137916666666449,0.7125,-1
2546,5047,10.143958333333115,0.7125,-1
2547,5048,10.149999999999782,0.7125,-1
2548,5049,10.156041666666448,0.7125,-1
2549,5050,10.162083333333115,0.7125,-1
2550,5051,10.168124999999781,0.7125,-1
2551,5052,10.168124999999781,1.0,19
2552,5053,10.168124999999781,1.0,19
2553,5054,10.168124999999781,1.0,19
2554,5055,10.168124999999781,1.0,19
2555,5056,10.168124999999781,1.0,19
2556,5057,10.168124999999781,1.0,19
2557,5058,10.168124999999781,1.0,19
2558,5059,10.168124999999781,1.0,19
2559,5060,10.168124999999781,1.0,19
2560,5061,10.168124999999781,1.0,19
2561,5062,10.168124999999781,1.0,19
2562,5063,10.168124999999781,1.0,19
2563,5064,10.168124999999781,1.0,19
2564,5065,10.168124999999781,1.0,19
2565,5066,10.168124999999781,1.0,19
2566,5067,10.168124999999781,1.0,19
2567,5068,10.168124999999781,1.0,19
2568,5069,10.168124999999781,1.0,19
2569,5070,10.168124999999781,1.0,19
2570,5071,10.168124999999781,1.0,19
2571,5072,10.168124999999781,1.0,19
2572,5073,10.168124999999781,1.0,19
2573,5074,10.168124999999781,1.0,19
2574,5075,10.168124999999781,1.0,19
2575,5076,10.168124999999781,1.0,19
2576,5077,10.168124999999781,1.0,19
2577,5078,10.168124999999781,1.0,19
2578,5079,10.168124999999781,1.0,19
2579,5080,10.168124999999781,1.0,19
2580,5081,10.168124999999781,1.0,19
2581,5082,10.168124999999781,1.0,19
2582,5083,10.168124999999781,1.0,19
2583,5084,10.168124999999781,1.0,19
2584,5085,10.168124999999781,1.0,19
2585,5086,10.168124999999781,1.0,19
2586,5087,10.168124999999781,1.0,19
2587,5088,10.168124999999781,1.0,19
2588,5089,10.168124999999781,1.0,19
2589,5090,10.168124999999781,1.0,19
2590,5091,10.168124999999781,1.0,19
2591,5092,10.168124999999781,1.0,19
2592,5093,10.168124999999781,1.0,19
2593,5094,10.168124999999781,1.0,19
2594,5095,10.168124999999781,1.0,19
2595,5096,10.168124999999781,1.0,19
2596,5097,10.168124999999781,1.0,19
2597,5098,10.168124999999781,1.0,19
2598,5099,10.168124999999781,1.0,19
2599,5100,10.168124999999781,1.0,19
2600,5101,10.168124999999781,1.0,19
2601,5102,10.168124999999781,1.0,19
2602,5103,10.168124999999781,1.0,19
2603,5104,10.168124999999781,1.0,19
2604,5105,10.168124999999781,1.0,19
2605,5106,10.168124999999781,1.0,19
2606,5107,10.168124999999781,1.0,19
2607,5108,10.168124999999781,1.0,19
2608,5109,10.168124999999781,1.0,19
2609,5110,10.168124999999781,1.0,19
2610,5111,10.168124999999781,1.0,19
2611,5112,10.168124999999781,1.0,19
2612,5113,10.168124999999781,1.0,19
2613,5114,10.168124999999781,1.0,19
2614,5115,10.168124999999781,1.0,19
2615,5116,10.168124999999781,1.0,19
2616,5117,10.168124999999781,1.0,19
2617,5118,10.168124999999781,1.0,19
2618,5119,10.168124999999781,1.0,19
2619,5120,10.168124999999781,1.0,19
2620,5121,10.168124999999781,1.0,19
2621,5122,10.168124999999781,1.0,19
2622,5123,10.168124999999781,1.0,19
2623,5124,10.168124999999781,1.0,19
2624,5125,10.168124999999781,1.0,19
2625,5126,10.168124999999781,1.0,19
2626,5127,10.168124999999781,1.0,19
2627,5128,10.168124999999781,1.0,19
2628,5129,10.168124999999781,1.0,19
2629,5130,10.168124999999781,1.0,19
2630,5131,10.168124999999781,1.0,19
2631,5132,10.168124999999781,1.0,19
2632,5133,10.174166666666448,1.0,-1
2633,5134,10.180208333333114,1.0,-1
2634,5135,10.18624999999978,1.0,-1
2635,5136,10.192291666666447,1.0,-1
2636,5137,10.198333333333114,1.0,-1
2637,5138,10.20437499999978,1.0,-1
2638,5139,10.210416666666447,1.0,-1
2639,5140,10.216458333333113,1.0,-1
2640,5141,10.22249999999978,1.0,-1
2641,5142,10.228541666666446,1.0,-1
2642,5143,10.234583333333113,1.0,-1
2643,5144,10.24062499999978,1.0,-1
2644,5145,10.246666666666446,1.0,-1
2645,5146,10.252708333333112,1.0,-1
2646,5147,10.258749999999779,1.0,-1
2647,5148,10.264791666666445,1.0,-1
2648,5149,10.270833333333112,1.0,-1
2649,5150,10.276874999999778,1.0,-1
2650,5151,10.282916666666445,1.0,-1
2651,5152,10.288958333333111,1.0,-1
2652,5153,10.294999999999778,1.0,-1
2653,5154,10.301041666666444,1.0,-1
2654,5155,10.30708333333311,1.0,-1
2655,5156,10.313124999999777,1.0,-1
2656,5157,10.319166666666444,1.0,-1
2657,5158,10.32520833333311,1.0,-1
2658,5159,10.331249999999777,1.0,-1
2659,5160,10.337291666666443,1.0,-1
2660,5161,10.34333333333311,1.0,-1
2661,5162,10.349374999999776,1.0,-1
2662,5163,10.355416666666443,1.0,-1
2663,5164,10.36145833333311,1.0,-1
2664,5165,10.367499999999776,1.0,-1
2665,5166,10.373541666666442,1.0,-1
2666,5167,10.379583333333109,1.0,-1
2667,5168,10.385624999999775,1.0,-1
2668,5169,10.391666666666442,1.0,-1
2669,5170,10.397708333333108,1.0,-1
2670,5171,10.403749999999775,1.0,-1
2671,5172,10.409791666666441,1.0,-1
2672,5173,10.415833333333108,1.0,-1
2673,5174,10.421874999999774,1.0,-1
2674,5175,10.427916666666441,1.0,-1
2675,5176,10.433958333333107,1.0,-1
2676,5177,10.439999999999774,1.0,-1
2677,5178,10.44604166666644,1.0,-1
2678,5179,10.452083333333107,1.0,-1
2679,5180,10.458124999999773,1.0,-1
2680,5181,10.46416666666644,1.0,-1
2681,5182,10.470208333333106,1.0,-1
2682,5183,10.476249999999773,1.0,-1
2683,5184,10.48229166666644,1.0,-1
2684,5185,10.488333333333106,1.0,-1
2685,5186,10.494374999999772,1.0,-1
2686,5187,10.500416666666439,1.0,-1
2687,5188,10.506458333333105,1.0,-1
2688,5189,10.512499999999772,1.0,-1
2689,5190,10.518541666666438,1.0,-1
2690,5191,10.524583333333105,1.0,-1
2691,5192,10.530624999999771,1.0,-1
2692,5193,10.536666666666438,1.0,-1
2693,5194,10.542708333333104,1.0,-1
2694,5195,10.548749999999771,1.0,-1
2695,5196,10.554791666666437,1.0,-1
2696,5197,10.560833333333104,1.0,-1
2697,5198,10.56687499999977,1.0,-1
2698,5199,10.572916666666437,1.0,-1
2699,5200,10.578958333333103,1.0,-1
2700,5201,10.58499999999977,1.0,-1
2701,5202,10.591041666666436,1.0,-1
2702,5203,10.597083333333103,1.0,-1
2703,5204,10.60312499999977,1.0,-1
2704,5205,10.609166666666436,1.0,-1
2705,5206,10.615208333333102,1.0,-1
2706,5207,10.621249999999769,1.0,-1
2707,5208,10.627291666666435,1.0,-1
2708,5209,10.633333333333102,1.0,-1
2709,5210,10.639374999999768,1.0,-1
2710,5211,10.645416666666435,1.0,-1
2711,5212,10.651458333333101,1.0,-1
2712,5213,10.657499999999768,1.0,-1
2713,5214,10.663541666666434,1.0,-1
2714,5215,10.669583333333101,1.0,-1
2715,5216,10.675624999999767,1.0,-1
2716,5217,10.681666666666434,1.0,-1
2717,5218,10.6877083333331,1.0,-1
2718,5219,10.693749999999767,1.0,-1
2719,5220,10.699791666666433,1.0,-1
2720,5221,10.7058333333331,1.0,-1
2721,5222,10.711874999999766,1.0,-1
2722,5223,10.717916666666433,1.0,-1
2723,5224,10.7239583333331,1.0,-1
2724,5225,10.729999999999766,1.0,-1
2725,5226,10.736041666666432,1.0,-1
2726,5227,10.742083333333099,1.0,-1
2727,5228,10.748124999999765,1.0,-1
2728,5229,10.754166666666432,1.0,-1
2729,5230,10.760208333333098,1.0,-1
2730,5231,10.766249999999765,1.0,-1
2731,5232,10.772291666666431,1.0,-1
2732,5233,10.778333333333098,1.0,-1
2733,5234,10.784374999999764,1.0,-1
2734,5235,10.790416666666431,1.0,-1
2735,5236,10.796458333333097,1.0,-1
2736,5237,10.802499999999764,1.0,-1
2737,5238,10.80854166666643,1.0,-1
2738,5239,10.814583333333097,1.0,-1
2739,5240,10.820624999999763,1.0,-1
2740,5241,10.82666666666643,1.0,-1
2741,5242,10.832708333333096,1.0,-1
2742,5243,10.838749999999763,1.0,-1
2743,5244,10.84479166666643,1.0,-1
2744,5245,10.84479166666643,1.0,20
2745,5246,10.84479166666643,1.0,20
2746,5247,10.84479166666643,1.0,20
2747,5248,10.84479166666643,1.0,20
2748,5249,10.84479166666643,1.0,20
2749,5250,10.84479166666643,1.0,20
2750,5251,10.84479166666643,1.0,20
2751,5252,10.84479166666643,1.0,20
2752,5253,10.84479166666643,1.0,20
2753,5254,10.84479166666643,1.0,20
2754,5255,10.84479166666643,1.0,20
2755,5256,10.84479166666643,1.0,20
2756,5257,10.84479166666643,1.0,20
2757,5258,10.84479166666643,1.0,20
2758,5259,10.84479166666643,1.0,20
2759,5260,10.84479166666643,1.0,20
2760,5261,10.84479166666643,1.0,20
2761,5262,10.84479166666643,1.0,20
2762,5263,10.84479166666643,1.0,20
2763,5264,10.84479166666643,1.0,20
2764,5265,10.84479166666643,1.0,20
2765,5266,10.84479166666643,1.0,20
2766,5267,10.84479166666643,1.0,20
2767,5268,10.84479166666643,1.0,20
2768,5269,10.84479166666643,1.0,20
2769,5270,10.84479166666643,1.0,20
2770,5271,10.84479166666643,1.0,20
2771,5272,10.84479166666643,1.0,20
2772,5273,10.84479166666643,1.0,20
2773,5274,10.84479166666643,1.0,20
2774,5275,10.84479166666643,1.0,20
2775,5276,10.84479166666643,1.0,20
2776,5277,10.84479166666643,1.0,20
2777,5278,10.84479166666643,1.0,20
2778,5279,10.84479166666643,1.0,20
2779,5280,10.84479166666643,1.0,20
2780,5281,10.84479166666643,1.0,20
2781,5282,10.84479166666643,1.0,20
2782,5283,10.84479166666643,1.0,20
2783,5284,10.84479166666643,1.0,20
2784,5285,10.84479166666643,1.0,20
2785,5286,10.84479166666643,1.0,20
2786,5287,10.84479166666643,1.0,20
2787,5288,10.84479166666643,1.0,20
2788,5289,10.84479166666643,1.0,20
2789,5290,10.84479166666643,1.0,20
2790,5291,10.84479166666643,1.0,20
2791,5292,10.84479166666643,1.0,20
2792,5293,10.84479166666643,1.0,20
2793,5294,10.84479166666643,1.0,20
2794,5295,10.84479166666643,1.0,20
2795,5296,10.84479166666643,1.0,20
2796,5297,10.84479166666643,1.0,20
2797,5298,10.84479166666643,1.0,20
2798,5299,10.84479166666643,1.0,20
2799,5300,10.84479166666643,1.0,20
2800,5301,10.84479166666643,1.0,20
2801,5302,10.84479166666643,1.0,20
2802,5303,10.84479166666643,1.0,20
2803,5304,10.84479166666643,1.0,20
2804,5305,10.850833333333096,1.0,-1
2805,5306,10.856874999999762,1.0,-1
2806,5307,10.862916666666429,1.0,-1
2807,5308,10.868958333333095,1.0,-1
2808,5309,10.874999999999762,1.0,-1
2809,5310,10.881041666666428,1.0,-1
2810,5311,10.887083333333095,1.0,-1
2811,5312,10.893124999999761,1.0,-1
2812,5313,10.899166666666428,1.0,-1
2813,5314,10.905208333333094,1.0,-1
2814,5315,10.911249999999761,1.0,-1
2815,5316,10.917291666666427,1.0,-1
2816,5317,10.923333333333094,1.0,-1
2817,5318,10.92937499999976,1.0,-1
2818,5319,10.935416666666427,1.0,-1
2819,5320,10.941458333333093,1.0,-1
2820,5321,10.94749999999976,1.0,-1
2821,5322,10.953541666666426,1.0,-1
2822,5323,10.959583333333093,1.0,-1
2823,5324,10.96562499999976,1.0,-1
2824,5325,10.971666666666426,1.0,-1
2825,5326,10.977708333333092,1.0,-1
2826,5327,10.983749999999759,1.0,-1
2827,5328,10.989791666666425,1.0,-1
2828,5329,10.995833333333092,1.0,-1
2829,5330,11.001874999999758,1.0,-1
2830,5331,11.007916666666425,1.0,-1
2831,5332,11.013958333333091,1.0,-1
2832,5333,11.019999999999758,1.0,-1
2833,5334,11.026041666666424,1.0,-1
2834,5335,11.032083333333091,1.0,-1
2835,5336,11.038124999999757,1.0,-1
2836,5337,11.044166666666424,1.0,-1
2837,5338,11.05020833333309,1.0,-1
2838,5339,11.056249999999757,1.0,-1
2839,5340,11.062291666666423,1.0,-1
2840,5341,11.06833333333309,1.0,-1
2841,5342,11.074374999999756,1.0,-1
2842,5343,11.080416666666423,1.0,-1
2843,5344,11.08645833333309,1.0,-1
2844,5345,11.092499999999756,1.0,-1
2845,5346,11.098541666666423,1.0,-1
2846,5347,11.104583333333089,1.0,-1
2847,5348,11.110624999999756,1.0,-1
2848,5349,11.116666666666422,1.0,-1
2849,5350,11.122708333333089,1.0,-1
2850,5351,11.128749999999755,1.0,-1
2851,5352,11.134791666666422,1.0,-1
2852,5353,11.140833333333088,1.0,-1
2853,5354,11.146874999999755,1.0,-1
2854,5355,11.152916666666421,1.0,-1
2855,5356,11.158958333333088,1.0,-1
2856,5357,11.164999999999754,1.0,-1
2857,5358,11.17104166666642,1.0,-1
2858,5359,11.177083333333087,1.0,-1
2859,5360,11.183124999999754,1.0,-1
2860,5361,11.18916666666642,1.0,-1
2861,5362,11.195208333333087,1.0,-1
2862,5363,11.201249999999753,1.0,-1
2863,5364,11.20729166666642,1.0,-1
2864,5365,11.213333333333086,1.0,-1
2865,5366,11.219374999999753,1.0,-1
2866,5367,11.225416666666419,1.0,-1
2867,5368,11.231458333333086,1.0,-1
2868,5369,11.237499999999752,1.0,-1
2869,5370,11.243541666666419,1.0,-1
2870,5371,11.249583333333085,1.0,-1
2871,5372,11.255624999999752,1.0,-1
2872,5373,11.261666666666418,1.0,-1
2873,5374,11.267708333333085,1.0,-1
2874,5375,11.273749999999751,1.0,-1
2875,5376,11.279791666666418,1.0,-1
2876,5377,11.285833333333084,1.0,-1
2877,5378,11.29187499999975,1.0,-1
2878,5379,11.297916666666417,1.0,-1
2879,5380,11.303958333333084,1.0,-1
2880,5381,11.30999999999975,1.0,-1
2881,5382,11.316041666666417,1.0,-1
2882,5383,11.322083333333083,1.0,-1
2883,5384,11.32812499999975,1.0,-1
2884,5385,11.334166666666416,1.0,-1
2885,5386,11.340208333333083,1.0,-1
2886,5387,11.346249999999749,1.0,-1
2887,5388,11.352291666666416,1.0,-1
2888,5389,11.358333333333082,1.0,-1
2889,5390,11.364374999999749,1.0,-1
2890,5391,11.370416666666415,1.0,-1
2891,5392,11.376458333333082,1.0,-1
2892,5393,11.382499999999748,1.0,-1
2893,5394,11.388541666666415,1.0,-1
2894,5395,11.394583333333081,1.0,-1
2895,5396,11.400624999999748,1.0,-1
2896,5397,11.406666666666414,1.0,-1
2897,5398,11.41270833333308,1.0,-1
2898,5399,11.418749999999747,1.0,-1
2899,5400,11.424791666666414,1.0,-1
2900,5401,11.43083333333308,1.0,-1
2901,5402,11.436874999999747,1.0,-1
2902,5403,11.442916666666413,1.0,-1
2903,5404,11.44895833333308,1.0,-1
2904,5405,11.454999999999746,1.0,-1
2905,5406,11.461041666666413,1.0,-1
2906,5407,11.467083333333079,1.0,-1
2907,5408,11.473124999999746,1.0,-1
2908,5409,11.479166666666412,1.0,-1
2909,5410,11.485208333333079,1.0,-1
2910,5411,11.491249999999745,1.0,-1
2911,5412,11.497291666666412,1.0,-1
2912,5413,11.497291666666412,1.0,21
2913,5414,11.497291666666412,1.0,21
2914,5415,11.497291666666412,1.0,21
2915,5416,11.497291666666412,1.0,21
2916,5417,11.497291666666412,1.0,21
2917,5418,11.497291666666412,1.0,21
2918,5419,11.497291666666412,1.0,21
2919,5420,11.497291666666412,1.0,21
2920,5421,11.497291666666412,1.0,21
2921,5422,11.497291666666412,1.0,21
2922,5423,11.497291666666412,1.0,21
2923,5424,11.497291666666412,1.0,21
2924,5425,11.497291666666412,1.0,21
2925,5426,11.497291666666412,1.0,21
2926,5427,11.497291666666412,1.0,21
2927,5428,11.497291666666412,1.0,21
2928,5429,11.497291666666412,1.0,21
2929,5430,11.497291666666412,1.0,21
2930,5431,11.497291666666412,1.0,21
2931,5432,11.497291666666412,1.0,21
2932,5433,11.497291666666412,1.0,21
2933,5434,11.497291666666412,1.0,21
2934,5435,11.497291666666412,1.0,21
2935,5436,11.497291666666412,1.0,21
2936,5437,11.497291666666412,1.0,21
2937,5438,11.497291666666412,1.0,21
2938,5439,11.497291666666412,1.0,21
2939,5440,11.497291666666412,1.0,21
2940,5441,11.497291666666412,1.0,21
2941,5442,11.497291666666412,1.0,21
2942,5443,11.497291666666412,1.0,21
2943,5444,11.497291666666412,1.0,21
2944,5445,11.497291666666412,1.0,21
2945,5446,11.497291666666412,1.0,21
2946,5447,11.497291666666412,1.0,21
2947,5448,11.497291666666412,1.0,21
2948,5449,11.497291666666412,1.0,21
2949,5450,11.497291666666412,1.0,21
2950,5451,11.497291666666412,1.0,21
2951,5452,11.497291666666412,1.0,21
2952,5453,11.497291666666412,1.0,21
2953,5454,11.497291666666412,1.0,21
2954,5455,11.497291666666412,1.0,21
2955,5456,11.497291666666412,1.0,21
2956,5457,11.497291666666412,1.0,21
2957,5458,11.497291666666412,1.0,21
2958,5459,11.497291666666412,1.0,21
2959,5460,11.497291666666412,1.0,21
2960,5461,11.497291666666412,1.0,21
2961,5462,11.497291666666412,1.0,21
2962,5463,11.497291666666412,1.0,21
2963,5464,11.497291666666412,1.0,21
2964,5465,11.497291666666412,1.0,21
2965,5466,11.497291666666412,1.0,21
2966,5467,11.497291666666412,1.0,21
2967,5468,11.497291666666412,1.0,21
2968,5469,11.497291666666412,1.0,21
2969,5470,11.497291666666412,1.0,21
2970,5471,11.497291666666412,1.0,21
2971,5472,11.497291666666412,1.0,21
2972,5473,11.497291666666412,1.0,21
2973,5474,11.497291666666412,1.0,21
2974,5475,11.497291666666412,1.0,21
2975,5476,11.497291666666412,1.0,21
2976,5477,11.497291666666412,1.0,21
2977,5478,11.497291666666412,1.0,21
2978,5479,11.497291666666412,1.0,21
2979,5480,11.497291666666412,1.0,21
2980,5481,11.497291666666412,1.0,21
2981,5482,11.497291666666412,1.0,21
2982,5483,11.497291666666412,1.0,21
2983,5484,11.497291666666412,1.0,21
2984,5485,11.497291666666412,1.0,21
2985,5486,11.497291666666412,1.0,21
2986,5487,11.497291666666412,1.0,21
2987,5488,11.497291666666412,1.0,21
2988,5489,11.497291666666412,1.0,21
2989,5490,11.497291666666412,1.0,21
2990,5491,11.497291666666412,1.0,21
2991,5492,11.497291666666412,1.0,21
2992,5493,11.497291666666412,1.0,21
2993,5494,11.497291666666412,1.0,21
2994,5495,11.497291666666412,1.0,21
2995,5496,11.497291666666412,1.0,21
2996,5497,11.497291666666412,1.0,21
2997,5498,11.497291666666412,1.0,21
2998,5499,11.497291666666412,1.0,21
2999,5500,11.497291666666412,1.0,21
3000,5501,11.497291666666412,1.0,21
3001,5502,11.497291666666412,1.0,21
3002,5503,11.497291666666412,1.0,21
3003,5504,11.497291666666412,1.0,21
3004,5505,11.497291666666412,1.0,21
3005,5506,11.497291666666412,1.0,21
3006,5507,11.497291666666412,1.0,21
3007,5508,11.497291666666412,1.0,21
3008,5509,11.497291666666412,1.0,21
3009,5510,11.497291666666412,1.0,21
3010,5511,11.497291666666412,1.0,21
3011,5512,11.497291666666412,1.0,21
3012,5513,11.497291666666412,1.0,21
3013,5514,11.497291666666412,1.0,21
3014,5515,11.497291666666412,1.0,21
3015,5516,11.497291666666412,1.0,21
3016,5517,11.497291666666412,1.0,21
3017,5518,11.497291666666412,1.0,21
3018,5519,11.497291666666412,1.0,21
3019,5520,11.497291666666412,1.0,21
3020,5521,11.497291666666412,1.0,21
3021,5522,11.497291666666412,1.0,21
3022,5523,11.497291666666412,1.0,21
3023,5524,11.497291666666412,1.0,21
3024,5525,11.497291666666412,1.0,21
3025,5526,11.497291666666412,1.0,21
3026,5527,11.497291666666412,1.0,21
3027,5528,11.497291666666412,1.0,21
3028,5529,11.497291666666412,1.0,21
3029,5530,11.497291666666412,1.0,21
3030,5531,11.497291666666412,1.0,21
3031,5532,11.503333333333078,1.0,-1
3032,5533,11.509374999999745,1.0,-1
3033,5534,11.515416666666411,1.0,-1
3034,5535,11.521458333333078,1.0,-1
3035,5536,11.527499999999744,1.0,-1
3036,5537,11.53354166666641,1.0,-1
3037,5538,11.539583333333077,1.0,-1
3038,5539,11.545624999999744,1.0,-1
3039,5540,11.55166666666641,1.0,-1
3040,5541,11.557708333333077,1.0,-1
3041,5542,11.563749999999743,1.0,-1
3042,5543,11.56979166666641,1.0,-1
3043,5544,11.575833333333076,1.0,-1
3044,5545,11.581874999999743,1.0,-1
3045,5546,11.587916666666409,1.0,-1
3046,5547,11.593958333333076,1.0,-1
3047,5548,11.599999999999742,1.0,-1
3048,5549,11.606041666666409,1.0,-1
3049,5550,11.612083333333075,1.0,-1
3050,5551,11.618124999999742,1.0,-1
3051,5552,11.624166666666408,1.0,-1
3052,5553,11.630208333333075,1.0,-1
3053,5554,11.636249999999741,1.0,-1
3054,5555,11.642291666666408,1.0,-1
3055,5556,11.648333333333074,1.0,-1
3056,5557,11.65437499999974,1.0,-1
3057,5558,11.660416666666407,1.0,-1
3058,5559,11.666458333333074,1.0,-1
3059,5560,11.67249999999974,1.0,-1
3060,5561,11.678541666666407,1.0,-1
3061,5562,11.684583333333073,1.0,-1
3062,5563,11.69062499999974,1.0,-1
3063,5564,11.696666666666406,1.0,-1
3064,5565,11.702708333333073,1.0,-1
3065,5566,11.708749999999739,1.0,-1
3066,5567,11.714791666666406,1.0,-1
3067,5568,11.720833333333072,1.0,-1
3068,5569,11.726874999999739,1.0,-1
3069,5570,11.732916666666405,1.0,-1
3070,5571,11.738958333333072,1.0,-1
3071,5572,11.744999999999738,1.0,-1
3072,5573,11.751041666666405,1.0,-1
3073,5574,11.757083333333071,1.0,-1
3074,5575,11.763124999999738,1.0,-1
3075,5576,11.769166666666404,1.0,-1
3076,5577,11.77520833333307,1.0,-1
3077,5578,11.781249999999737,1.0,-1
3078,5579,11.787291666666404,1.0,-1
3079,5580,11.79333333333307,1.0,-1
3080,5581,11.799374999999737,1.0,-1
3081,5582,11.805416666666403,1.0,-1
3082,5583,11.81145833333307,1.0,-1
3083,5584,11.817499999999736,1.0,-1
3084,5585,11.823541666666403,1.0,-1
3085,5586,11.829583333333069,1.0,-1
3086,5587,11.835624999999736,1.0,-1
3087,5588,11.841666666666402,1.0,-1
3088,5589,11.847708333333069,1.0,-1
3089,5590,11.853749999999735,1.0,-1
3090,5591,11.859791666666402,1.0,-1
3091,5592,11.865833333333068,1.0,-1
3092,5593,11.871874999999735,1.0,-1
3093,5594,11.877916666666401,1.0,-1
3094,5595,11.883958333333068,1.0,-1
3095,5596,11.889999999999734,1.0,-1
3096,5597,11.8960416666664,1.0,-1
3097,5598,11.902083333333067,1.0,-1
3098,5599,11.908124999999734,1.0,-1
3099,5600,11.9141666666664,1.0,-1
3100,5601,11.920208333333067,1.0,-1
3101,5602,11.926249999999733,1.0,-1
3102,5603,11.9322916666664,1.0,-1
3103,5604,11.938333333333066,1.0,-1
3104,5605,11.944374999999733,1.0,-1
3105,5606,11.9504166666664,1.0,-1
3106,5607,11.956458333333066,1.0,-1
3107,5608,11.962499999999732,1.0,-1
3108,5609,11.968541666666399,1.0,-1
3109,5610,11.974583333333065,1.0,-1
3110,5611,11.980624999999732,1.0,-1
3111,5612,11.986666666666398,1.0,-1
3112,5613,11.992708333333065,1.0,-1
3113,5614,11.998749999999731,1.0,-1
3114,5615,12.004791666666398,1.0,-1
3115,5616,12.010833333333064,1.0,-1
3116,5617,12.01687499999973,1.0,-1
3117,5618,12.022916666666397,1.0,-1
3118,5619,12.028958333333064,1.0,-1
3119,5620,12.03499999999973,1.0,-1
3120,5621,12.041041666666397,1.0,-1
3121,5622,12.047083333333063,1.0,-1
3122,5623,12.05312499999973,1.0,-1
3123,5624,12.059166666666396,1.0,-1
3124,5625,12.065208333333063,1.0,-1
3125,5626,12.07124999999973,1.0,-1
3126,5627,12.077291666666396,1.0,-1
3127,5628,12.083333333333062,1.0,-1
3128,5629,12.089374999999729,1.0,-1
3129,5630,12.095416666666395,1.0,-1
3130,5631,12.101458333333062,1.0,-1
3131,5632,12.107499999999728,1.0,-1
3132,5633,12.113541666666395,1.0,-1
3133,5634,12.119583333333061,1.0,-1
3134,5635,12.125624999999728,1.0,-1
3135,5636,12.131666666666394,1.0,-1
3136,5637,12.13770833333306,1.0,-1
3137,5638,12.143749999999727,1.0,-1
3138,5639,12.149791666666394,1.0,-1
3139,5640,12.15583333333306,1.0,-1
3140,5641,12.161874999999727,1.0,-1
3141,5642,12.167916666666393,1.0,-1
3142,5643,12.17395833333306,1.0,-1
3143,5644,12.179999999999726,1.0,-1
3144,5645,12.186041666666393,1.0,-1
3145,5646,12.19208333333306,1.0,-1
3146,5647,12.198124999999726,1.0,-1
3147,5648,12.204166666666392,1.0,-1
3148,5649,12.210208333333059,1.0,-1
3149,5650,12.216249999999725,1.0,-1
3150,5651,12.222291666666392,1.0,-1
3151,5652,12.228333333333058,1.0,-1
3152,5653,12.234374999999725,1.0,-1
3153,5654,12.240416666666391,1.0,-1
3154,5655,12.246458333333058,1.0,-1
3155,5656,12.252499999999724,1.0,-1
3156,5657,12.25854166666639,1.0,-1
3157,5658,12.264583333333057,1.0,-1
3158,5659,12.270624999999724,1.0,-1
3159,5660,12.27666666666639,1.0,-1
3160,5661,12.282708333333057,1.0,-1
3161,5662,12.288749999999723,1.0,-1
3162,5663,12.288749999999723,1.0,22
3163,5664,12.288749999999723,1.0,22
3164,5665,12.288749999999723,1.0,22
3165,5666,12.288749999999723,1.0,22
3166,5667,12.288749999999723,1.0,22
3167,5668,12.288749999999723,1.0,22
3168,5669,12.288749999999723,1.0,22
3169,5670,12.288749999999723,1.0,22
3170,5671,12.288749999999723,1.0,22
3171,5672,12.288749999999723,1.0,22
3172,5673,12.288749999999723,1.0,22
3173,5674,12.288749999999723,1.0,22
3174,5675,12.288749999999723,1.0,22
3175,5676,12.288749999999723,1.0,22
3176,5677,12.288749999999723,1.0,22
3177,5678,12.288749999999723,1.0,22
3178,5679,12.288749999999723,1.0,22
3179,5680,12.288749999999723,1.0,22
3180,5681,12.29479166666639,1.0,-1
3181,5682,12.300833333333056,1.0,-1
3182,5683,12.306874999999723,1.0,-1
3183,5684,12.31291666666639,1.0,-1
3184,5685,12.318958333333056,1.0,-1
3185,5686,12.324999999999722,1.0,-1
3186,5687,12.331041666666389,1.0,-1
3187,5688,12.337083333333055,1.0,-1
3188,5689,12.343124999999722,1.0,-1
3189,5690,12.349166666666388,1.0,-1
3190,5691,12.355208333333055,1.0,-1
3191,5692,12.361249999999721,1.0,-1
3192,5693,12.367291666666388,1.0,-1
3193,5694,12.373333333333054,1.0,-1
3194,5695,12.37937499999972,1.0,-1
3195,5696,12.385416666666387,1.0,-1
3196,5697,12.391458333333054,1.0,-1
3197,5698,12.39749999999972,1.0,-1
3198,5699,12.403541666666387,1.0,-1
3199,5700,12.409583333333053,1.0,-1
3200,5701,12.41562499999972,1.0,-1
3201,5702,12.421666666666386,1.0,-1
3202,5703,12.427708333333053,1.0,-1
3203,5704,12.43374999999972,1.0,-1
3204,5705,12.439791666666386,1.0,-1
3205,5706,12.445833333333052,1.0,-1
3206,5707,12.451874999999719,1.0,-1
3207,5708,12.457916666666385,1.0,-1
3208,5709,12.463958333333052,1.0,-1
3209,5710,12.469999999999718,1.0,-1
3210,5711,12.476041666666385,1.0,-1
3211,5712,12.482083333333051,1.0,-1
3212,5713,12.488124999999718,1.0,-1
3213,5714,12.494166666666384,1.0,-1
3214,5715,12.50020833333305,1.0,-1
3215,5716,12.506249999999717,1.0,-1
3216,5717,12.512291666666384,1.0,-1
3217,5718,12.51833333333305,1.0,-1
3218,5719,12.524374999999717,1.0,-1
3219,5720,12.530416666666383,1.0,-1
3220,5721,12.53645833333305,1.0,-1
3221,5722,12.542499999999716,1.0,-1
3222,5723,12.548541666666383,1.0,-1
3223,5724,12.55458333333305,1.0,-1
3224,5725,12.560624999999716,1.0,-1
3225,5726,12.566666666666382,1.0,-1
3226,5727,12.572708333333049,1.0,-1
3227,5728,12.578749999999715,1.0,-1
3228,5729,12.584791666666382,1.0,-1
3229,5730,12.590833333333048,1.0,-1
3230,5731,12.596874999999715,1.0,-1
3231,5732,12.602916666666381,1.0,-1
3232,5733,12.608958333333048,1.0,-1
3233,5734,12.614999999999714,1.0,-1
3234,5735,12.62104166666638,1.0,-1
3235,5736,12.627083333333047,1.0,-1
3236,5737,12.633124999999714,1.0,-1
3237,5738,12.63916666666638,1.0,-1
3238,5739,12.645208333333047,1.0,-1
3239,5740,12.651249999999713,1.0,-1
3240,5741,12.65729166666638,1.0,-1
3241,5742,12.663333333333046,1.0,-1
3242,5743,12.669374999999713,1.0,-1
3243,5744,12.67541666666638,1.0,-1
3244,5745,12.681458333333046,1.0,-1
3245,5746,12.687499999999712,1.0,-1
3246,5747,12.693541666666379,1.0,-1
3247,5748,12.693541666666379,1.0,23
3248,5749,12.693541666666379,1.0,23
3249,5750,12.693541666666379,1.0,23
3250,5751,12.693541666666379,1.0,23
3251,5752,12.693541666666379,1.0,23
3252,5753,12.693541666666379,1.0,23
3253,5754,12.693541666666379,1.0,23
3254,5755,12.693541666666379,1.0,23
3255,5756,12.693541666666379,1.0,23
3256,5757,12.693541666666379,1.0,23
3257,5758,12.693541666666379,1.0,23
3258,5759,12.693541666666379,1.0,23
3259,5760,12.693541666666379,1.0,23
3260,5761,12.693541666666379,1.0,23
3261,5762,12.693541666666379,1.0,23
3262,5763,12.693541666666379,1.0,23
3263,5764,12.693541666666379,1.0,23
3264,5765,12.693541666666379,1.0,23
3265,5766,12.693541666666379,1.0,23
3266,5767,12.693541666666379,1.0,23
3267,5768,12.693541666666379,1.0,23
3268,5769,12.693541666666379,1.0,23
3269,5770,12.693541666666379,1.0,23
3270,5771,12.693541666666379,1.0,23
3271,5772,12.693541666666379,1.0,23
3272,5773,12.693541666666379,1.0,23
3273,5774,12.693541666666379,1.0,23
3274,5775,12.693541666666379,1.0,23
3275,5776,12.693541666666379,1.0,23
3276,5777,12.693541666666379,1.0,23
3277,5778,12.693541666666379,1.0,23
3278,5779,12.693541666666379,1.0,23
3279,5780,12.693541666666379,1.0,23
3280,5781,12.693541666666379,1.0,23
3281,5782,12.693541666666379,1.0,23
3282,5783,12.693541666666379,1.0,23
3283,5784,12.693541666666379,1.0,23
3284,5785,12.693541666666379,1.0,23
3285,5786,12.693541666666379,1.0,23
3286,5787,12.693541666666379,1.0,23
3287,5788,12.693541666666379,1.0,23
3288,5789,12.693541666666379,1.0,23
3289,5790,12.693541666666379,1.0,23
3290,5791,12.693541666666379,1.0,23
3291,5792,12.693541666666379,1.0,23
3292,5793,12.693541666666379,1.0,23
3293,5794,12.693541666666379,1.0,23
3294,5795,12.693541666666379,1.0,23
3295,5796,12.693541666666379,1.0,23
3296,5797,12.693541666666379,1.0,23
3297,5798,12.693541666666379,1.0,23
3298,5799,12.693541666666379,1.0,23
3299,5800,12.693541666666379,1.0,23
3300,5801,12.693541666666379,1.0,23
3301,5802,12.693541666666379,1.0,23
3302,5803,12.693541666666379,1.0,23
3303,5804,12.693541666666379,1.0,23
3304,5805,12.693541666666379,1.0,23
3305,5806,12.693541666666379,1.0,23
3306,5807,12.693541666666379,1.0,23
3307,5808,12.693541666666379,1.0,23
3308,5809,12.693541666666379,1.0,23
3309,5810,12.693541666666379,1.0,23
3310,5811,12.693541666666379,1.0,23
3311,5812,12.693541666666379,1.0,23
3312,5813,12.693541666666379,1.0,23
3313,5814,12.693541666666379,1.0,23
3314,5815,12.693541666666379,1.0,23
3315,5816,12.693541666666379,1.0,23
3316,5817,12.693541666666379,1.0,23
3317,5818,12.693541666666379,1.0,23
3318,5819,12.693541666666379,1.0,23
3319,5820,12.693541666666379,1.0,23
3320,5821,12.693541666666379,1.0,23
3321,5822,12.693541666666379,1.0,23
3322,5823,12.693541666666379,1.0,23
3323,5824,12.693541666666379,1.0,23
3324,5825,12.693541666666379,1.0,23
3325,5826,12.693541666666379,1.0,23
3326,5827,12.693541666666379,1.0,23
3327,5828,12.693541666666379,1.0,23
3328,5829,12.699583333333045,1.0,-1
3329,5830,12.705624999999712,1.0,-1
3330,5831,12.711666666666378,1.0,-1
3331,5832,12.717708333333045,1.0,-1
3332,5833,12.723749999999711,1.0,-1
3333,5834,12.729791666666378,1.0,-1
3334,5835,12.735833333333044,1.0,-1
3335,5836,12.74187499999971,1.0,-1
3336,5837,12.747916666666377,1.0,-1
3337,5838,12.753958333333044,1.0,-1
3338,5839,12.75999999999971,1.0,-1
3339,5840,12.766041666666377,1.0,-1
3340,5841,12.772083333333043,1.0,-1
3341,5842,12.77812499999971,1.0,-1
3342,5843,12.784166666666376,1.0,-1
3343,5844,12.790208333333043,1.0,-1
3344,5845,12.79624999999971,1.0,-1
3345,5846,12.802291666666376,1.0,-1
3346,5847,12.808333333333042,1.0,-1
3347,5848,12.814374999999709,1.0,-1
3348,5849,12.820416666666375,1.0,-1
3349,5850,12.826458333333042,1.0,-1
3350,5851,12.832499999999708,1.0,-1
3351,5852,12.838541666666375,1.0,-1
3352,5853,12.844583333333041,1.0,-1
3353,5854,12.850624999999708,1.0,-1
3354,5855,12.856666666666374,1.0,-1
3355,5856,12.86270833333304,1.0,-1
3356,5857,12.868749999999707,1.0,-1
3357,5858,12.874791666666374,1.0,-1
3358,5859,12.88083333333304,1.0,-1
3359,5860,12.886874999999707,1.0,-1
3360,5861,12.892916666666373,1.0,-1
3361,5862,12.89895833333304,1.0,-1
3362,5863,12.904999999999706,1.0,-1
3363,5864,12.911041666666373,1.0,-1
3364,5865,12.91708333333304,1.0,-1
3365,5866,12.923124999999706,1.0,-1
3366,5867,12.929166666666372,1.0,-1
3367,5868,12.935208333333039,1.0,-1
3368,5869,12.941249999999705,1.0,-1
3369,5870,12.947291666666372,1.0,-1
3370,5871,12.953333333333038,1.0,-1
3371,5872,12.959374999999705,1.0,-1
3372,5873,12.965416666666371,1.0,-1
3373,5874,12.971458333333038,1.0,-1
3374,5875,12.977499999999704,1.0,-1
3375,5876,12.98354166666637,1.0,-1
3376,5877,12.989583333333037,1.0,-1
3377,5878,12.995624999999704,1.0,-1
3378,5879,13.00166666666637,1.0,-1
3379,5880,13.007708333333037,1.0,-1
3380,5881,13.013749999999703,1.0,-1
3381,5882,13.01979166666637,1.0,-1
3382,5883,13.025833333333036,1.0,-1
3383,5884,13.031874999999703,1.0,-1
3384,5885,13.03791666666637,1.0,-1
3385,5886,13.043958333333036,1.0,-1
3386,5887,13.049999999999702,1.0,-1
3387,5888,13.056041666666369,1.0,-1
3388,5889,13.062083333333035,1.0,-1
3389,5890,13.068124999999702,1.0,-1
3390,5891,13.074166666666368,1.0,-1
3391,5892,13.080208333333035,1.0,-1
3392,5893,13.086249999999701,1.0,-1
3393,5894,13.092291666666368,1.0,-1
3394,5895,13.098333333333034,1.0,-1
3395,5896,13.1043749999997,1.0,-1
3396,5897,13.110416666666367,1.0,-1
3397,5898,13.116458333333034,1.0,-1
3398,5899,13.1224999999997,1.0,-1
3399,5900,13.128541666666367,1.0,-1
3400,5901,13.134583333333033,1.0,-1
3401,5902,13.1406249999997,1.0,-1
3402,5903,13.146666666666366,1.0,-1
3403,5904,13.152708333333033,1.0,-1
3404,5905,13.1587499999997,1.0,-1
3405,5906,13.164791666666366,1.0,-1
3406,5907,13.170833333333032,1.0,-1
3407,5908,13.176874999999699,1.0,-1
3408,5909,13.182916666666365,1.0,-1
3409,5910,13.188958333333032,1.0,-1
3410,5911,13.194999999999698,1.0,-1
3411,5912,13.201041666666365,1.0,-1
3412,5913,13.207083333333031,1.0,-1
3413,5914,13.213124999999698,1.0,-1
3414,5915,13.219166666666364,1.0,-1
3415,5916,13.22520833333303,1.0,-1
3416,5917,13.231249999999697,1.0,-1
3417,5918,13.237291666666364,1.0,-1
3418,5919,13.24333333333303,1.0,-1
3419,5920,13.24333333333303,1.0,24
3420,5921,13.24333333333303,1.0,24
3421,5922,13.24333333333303,1.0,24
3422,5923,13.24333333333303,1.0,24
3423,5924,13.24333333333303,1.0,24
3424,5925,13.24333333333303,1.0,24
3425,5926,13.24333333333303,1.0,24
3426,5927,13.24333333333303,1.0,24
3427,5928,13.24333333333303,1.0,24
3428,5929,13.249374999999697,1.0,-1
3429,5930,13.255416666666363,1.0,-1
3430,5931,13.26145833333303,1.0,-1
3431,5932,13.267499999999696,1.0,-1
3432,5933,13.273541666666363,1.0,-1
3433,5934,13.27958333333303,1.0,-1
3434,5935,13.285624999999696,1.0,-1
3435,5936,13.291666666666362,1.0,-1
3436,5937,13.297708333333029,1.0,-1
3437,5938,13.303749999999695,1.0,-1
3438,5939,13.309791666666362,1.0,-1
3439,5940,13.315833333333028,1.0,-1
3440,5941,13.321874999999695,1.0,-1
3441,5942,13.327916666666361,1.0,-1
3442,5943,13.333958333333028,1.0,-1
3443,5944,13.339999999999694,1.0,-1
3444,5945,13.34604166666636,1.0,-1
3445,5946,13.352083333333027,1.0,-1
3446,5947,13.358124999999694,1.0,-1
3447,5948,13.36416666666636,1.0,-1
3448,5949,13.370208333333027,1.0,-1
3449,5950,13.376249999999693,1.0,-1
3450,5951,13.38229166666636,1.0,-1
3451,5952,13.388333333333026,1.0,-1
3452,5953,13.394374999999693,1.0,-1
3453,5954,13.40041666666636,1.0,-1
3454,5955,13.406458333333026,1.0,-1
3455,5956,13.412499999999692,1.0,-1
3456,5957,13.418541666666359,1.0,-1
3457,5958,13.424583333333025,1.0,-1
3458,5959,13.430624999999692,1.0,-1
3459,5960,13.436666666666358,1.0,-1
3460,5961,13.442708333333025,1.0,-1
3461,5962,13.448749999999691,1.0,-1
3462,5963,13.454791666666358,1.0,-1
3463,5964,13.460833333333024,1.0,-1
3464,5965,13.46687499999969,1.0,-1
3465,5966,13.472916666666357,1.0,-1
3466,5967,13.478958333333024,1.0,-1
3467,5968,13.48499999999969,1.0,-1
3468,5969,13.491041666666357,1.0,-1
3469,5970,13.497083333333023,1.0,-1
3470,5971,13.50312499999969,1.0,-1
3471,5972,13.509166666666356,1.0,-1
3472,5973,13.515208333333023,1.0,-1
3473,5974,13.52124999999969,1.0,-1
3474,5975,13.527291666666356,1.0,-1
3475,5976,13.533333333333022,1.0,-1
3476,5977,13.539374999999689,1.0,-1
3477,5978,13.545416666666355,1.0,-1
3478,5979,13.551458333333022,1.0,-1
3479,5980,13.557499999999688,1.0,-1
3480,5981,13.563541666666355,1.0,-1
3481,5982,13.569583333333021,1.0,-1
3482,5983,13.575624999999688,1.0,-1
3483,5984,13.581666666666354,1.0,-1
3484,5985,13.58770833333302,1.0,-1
3485,5986,13.593749999999687,1.0,-1
3486,5987,13.599791666666354,1.0,-1
3487,5988,13.60583333333302,1.0,-1
3488,5989,13.611874999999687,1.0,-1
3489,5990,13.617916666666353,1.0,-1
3490,5991,13.62395833333302,1.0,-1
3491,5992,13.629999999999686,1.0,-1
3492,5993,13.636041666666353,1.0,-1
3493,5994,13.64208333333302,1.0,-1
3494,5995,13.648124999999686,1.0,-1
3495,5996,13.654166666666352,1.0,-1
3496,5997,13.660208333333019,1.0,-1
3497,5998,13.666249999999685,1.0,-1
3498,5999,13.672291666666352,1.0,-1
3499,6000,13.678333333333018,1.0,-1
3500,6001,13.684374999999685,1.0,-1
3501,6002,13.690416666666351,1.0,-1
3502,6003,13.696458333333018,1.0,-1
3503,6004,13.702499999999684,1.0,-1
3504,6005,13.70854166666635,1.0,-1
3505,6006,13.714583333333017,1.0,-1
3506,6007,13.720624999999684,1.0,-1
3507,6008,13.72666666666635,1.0,-1
3508,6009,13.732708333333017,1.0,-1
3509,6010,13.738749999999683,1.0,-1
3510,6011,13.74479166666635,1.0,-1
3511,6012,13.750833333333016,1.0,-1
3512,6013,13.756874999999683,1.0,-1
3513,6014,13.76291666666635,1.0,-1
3514,6015,13.768958333333016,1.0,-1
3515,6016,13.774999999999682,1.0,-1
3516,6017,13.781041666666349,1.0,-1
3517,6018,13.787083333333015,1.0,-1
3518,6019,13.793124999999682,1.0,-1
3519,6020,13.799166666666348,1.0,-1
3520,6021,13.805208333333015,1.0,-1
3521,6022,13.811249999999681,1.0,-1
3522,6023,13.817291666666348,1.0,-1
3523,6024,13.823333333333014,1.0,-1
3524,6025,13.829374999999681,1.0,-1
3525,6026,13.835416666666347,1.0,-1
3526,6027,13.841458333333014,1.0,-1
3527,6028,13.84749999999968,1.0,-1
3528,6029,13.853541666666347,1.0,-1
3529,6030,13.859583333333013,1.0,-1
3530,6031,13.86562499999968,1.0,-1
3531,6032,13.86562499999968,1.0,25
3532,6033,13.86562499999968,1.0,25
3533,6034,13.86562499999968,1.0,25
3534,6035,13.86562499999968,1.0,25
3535,6036,13.86562499999968,1.0,25
3536,6037,13.86562499999968,1.0,25
3537,6038,13.86562499999968,1.0,25
3538,6039,13.86562499999968,1.0,25
3539,6040,13.86562499999968,1.0,25
3540,6041,13.86562499999968,1.0,25
3541,6042,13.86562499999968,1.0,25
3542,6043,13.86562499999968,1.0,25
3543,6044,13.86562499999968,1.0,25
3544,6045,13.86562499999968,1.0,25
3545,6046,13.86562499999968,1.0,25
3546,6047,13.86562499999968,1.0,25
3547,6048,13.86562499999968,1.0,25
3548,6049,13.86562499999968,1.0,25
3549,6050,13.86562499999968,1.0,25
3550,6051,13.86562499999968,1.0,25
3551,6052,13.86562499999968,1.0,25
3552,6053,13.86562499999968,1.0,25
3553,6054,13.86562499999968,1.0,25
3554,6055,13.86562499999968,1.0,25
3555,6056,13.86562499999968,1.0,25
3556,6057,13.86562499999968,1.0,25
3557,6058,13.86562499999968,1.0,25
3558,6059,13.871666666666346,1.0,-1
3559,6060,13.877708333333013,1.0,-1
3560,6061,13.88374999999968,1.0,-1
3561,6062,13.889791666666346,1.0,-1
3562,6063,13.895833333333012,1.0,-1
3563,6064,13.901874999999679,1.0,-1
3564,6065,13.907916666666345,1.0,-1
3565,6066,13.913958333333012,1.0,-1
3566,6067,13.919999999999678,1.0,-1
3567,6068,13.926041666666345,1.0,-1
3568,6069,13.932083333333011,1.0,-1
3569,6070,13.938124999999678,1.0,-1
3570,6071,13.944166666666344,1.0,-1
3571,6072,13.950208333333011,1.0,-1
3572,6073,13.956249999999677,1.0,-1
3573,6074,13.962291666666344,1.0,-1
3574,6075,13.96833333333301,1.0,-1
3575,6076,13.974374999999677,1.0,-1
3576,6077,13.980416666666343,1.0,-1
3577,6078,13.98645833333301,1.0,-1
3578,6079,13.992499999999676,1.0,-1
3579,6080,13.998541666666343,1.0,-1
3580,6081,14.00458333333301,1.0,-1
3581,6082,14.010624999999676,1.0,-1
3582,6083,14.016666666666342,1.0,-1
3583,6084,14.022708333333009,1.0,-1
3584,6085,14.028749999999675,1.0,-1
3585,6086,14.034791666666342,1.0,-1
3586,6087,14.040833333333008,1.0,-1
3587,6088,14.046874999999675,1.0,-1
3588,6089,14.052916666666341,1.0,-1
3589,6090,14.058958333333008,1.0,-1
3590,6091,14.064999999999674,1.0,-1
3591,6092,14.071041666666341,1.0,-1
3592,6093,14.077083333333007,1.0,-1
3593,6094,14.083124999999674,1.0,-1
3594,6095,14.08916666666634,1.0,-1
3595,6096,14.095208333333007,1.0,-1
3596,6097,14.101249999999673,1.0,-1
3597,6098,14.10729166666634,1.0,-1
3598,6099,14.113333333333006,1.0,-1
3599,6100,14.119374999999673,1.0,-1
3600,6101,14.12541666666634,1.0,-1
3601,6102,14.131458333333006,1.0,-1
3602,6103,14.131458333333006,1.0,26
3603,6104,14.131458333333006,1.0,26
3604,6105,14.131458333333006,1.0,26
3605,6106,14.131458333333006,1.0,26
3606,6107,14.131458333333006,1.0,26
3607,6108,14.131458333333006,1.0,26
3608,6109,14.131458333333006,1.0,26
3609,6110,14.131458333333006,1.0,26
3610,6111,14.131458333333006,1.0,26
3611,6112,14.131458333333006,1.0,26
3612,6113,14.131458333333006,1.0,26
3613,6114,14.131458333333006,1.0,26
3614,6115,14.131458333333006,1.0,26
3615,6116,14.131458333333006,1.0,26
3616,6117,14.131458333333006,1.0,26
3617,6118,14.131458333333006,1.0,26
3618,6119,14.131458333333006,1.0,26
3619,6120,14.131458333333006,1.0,26
3620,6121,14.131458333333006,1.0,26
3621,6122,14.131458333333006,1.0,26
3622,6123,14.131458333333006,1.0,26
3623,6124,14.131458333333006,1.0,26
3624,6125,14.131458333333006,1.0,26
3625,6126,14.131458333333006,1.0,26
3626,6127,14.131458333333006,1.0,26
3627,6128,14.131458333333006,1.0,26
3628,6129,14.131458333333006,1.0,26
3629,6130,14.131458333333006,1.0,26
3630,6131,14.131458333333006,1.0,26
3631,6132,14.131458333333006,1.0,26
3632,6133,14.131458333333006,1.0,26
3633,6134,14.131458333333006,1.0,26
3634,6135,14.131458333333006,1.0,26
3635,6136,14.131458333333006,1.0,26
3636,6137,14.131458333333006,1.0,26
3637,6138,14.131458333333006,1.0,26
3638,6139,14.131458333333006,1.0,26
3639,6140,14.131458333333006,1.0,26
3640,6141,14.131458333333006,1.0,26
3641,6142,14.131458333333006,1.0,26
3642,6143,14.131458333333006,1.0,26
3643,6144,14.131458333333006,1.0,26
3644,6145,14.131458333333006,1.0,26
3645,6146,14.131458333333006,1.0,26
3646,6147,14.131458333333006,1.0,26
3647,6148,14.131458333333006,1.0,26
3648,6149,14.131458333333006,1.0,26
3649,6150,14.131458333333006,1.0,26
3650,6151,14.131458333333006,1.0,26
3651,6152,14.131458333333006,1.0,26
3652,6153,14.131458333333006,1.0,26
3653,6154,14.131458333333006,1.0,26
3654,6155,14.131458333333006,1.0,26
3655,6156,14.131458333333006,1.0,26
3656,6157,14.131458333333006,1.0,26
3657,6158,14.131458333333006,1.0,26
3658,6159,14.131458333333006,1.0,26
3659,6160,14.131458333333006,1.0,26
3660,6161,14.131458333333006,1.0,26
3661,6162,14.131458333333006,1.0,26
3662,6163,14.131458333333006,1.0,26
3663,6164,14.131458333333006,1.0,26
3664,6165,14.131458333333006,1.0,26
3665,6166,14.131458333333006,1.0,26
3666,6167,14.131458333333006,1.0,26
3667,6168,14.131458333333006,1.0,26
3668,6169,14.131458333333006,1.0,26
3669,6170,14.131458333333006,1.0,26
3670,6171,14.131458333333006,1.0,26
3671,6172,14.131458333333006,1.0,26
3672,6173,14.131458333333006,1.0,26
3673,6174,14.131458333333006,1.0,26
3674,6175,14.131458333333006,1.0,26
3675,6176,14.131458333333006,1.0,26
3676,6177,14.131458333333006,1.0,26
3677,6178,14.131458333333006,1.0,26
3678,6179,14.131458333333006,1.0,26
3679,6180,14.131458333333006,1.0,26
3680,6181,14.131458333333006,1.0,26
3681,6182,14.131458333333006,1.0,26
3682,6183,14.131458333333006,1.0,26
3683,6184,14.131458333333006,1.0,26
3684,6185,14.131458333333006,1.0,26
3685,6186,14.131458333333006,1.0,26
3686,6187,14.131458333333006,1.0,26
3687,6188,14.131458333333006,1.0,26
3688,6189,14.131458333333006,1.0,26
3689,6190,14.131458333333006,1.0,26
3690,6191,14.131458333333006,1.0,26
3691,6192,14.131458333333006,1.0,26
3692,6193,14.131458333333006,1.0,26
3693,6194,14.131458333333006,1.0,26
3694,6195,14.131458333333006,1.0,26
3695,6196,14.131458333333006,1.0,26
3696,6197,14.131458333333006,1.0,26
3697,6198,14.131458333333006,1.0,26
3698,6199,14.131458333333006,1.0,26
3699,6200,14.131458333333006,1.0,26
3700,6201,14.131458333333006,1.0,26
3701,6202,14.131458333333006,1.0,26
3702,6203,14.131458333333006,1.0,26
3703,6204,14.131458333333006,1.0,26
3704,6205,14.131458333333006,1.0,26
3705,6206,14.131458333333006,1.0,26
3706,6207,14.131458333333006,1.0,26
3707,6208,14.131458333333006,1.0,26
3708,6209,14.131458333333006,1.0,26
3709,6210,14.131458333333006,1.0,26
3710,6211,14.131458333333006,1.0,26
3711,6212,14.131458333333006,1.0,26
3712,6213,14.131458333333006,1.0,26
3713,6214,14.131458333333006,1.0,26
3714,6215,14.131458333333006,1.0,26
3715,6216,14.131458333333006,1.0,26
3716,6217,14.131458333333006,1.0,26
3717,6218,14.131458333333006,1.0,26
3718,6219,14.131458333333006,1.0,26
3719,6220,14.131458333333006,1.0,26
3720,6221,14.131458333333006,1.0,26
3721,6222,14.131458333333006,1.0,26
3722,6223,14.131458333333006,1.0,26
3723,6224,14.131458333333006,1.0,26
3724,6225,14.131458333333006,1.0,26
3725,6226,14.131458333333006,1.0,26
3726,6227,14.131458333333006,1.0,26
3727,6228,14.131458333333006,1.0,26
3728,6229,14.137499999999672,1.0,-1
3729,6230,14.143541666666339,1.0,-1
3730,6231,14.149583333333005,1.0,-1
3731,6232,14.155624999999672,1.0,-1
3732,6233,14.161666666666338,1.0,-1
3733,6234,14.167708333333005,1.0,-1
3734,6235,14.173749999999671,1.0,-1
3735,6236,14.179791666666338,1.0,-1
3736,6237,14.185833333333004,1.0,-1
3737,6238,14.191874999999671,1.0,-1
3738,6239,14.197916666666337,1.0,-1
3739,6240,14.203958333333004,1.0,-1
3740,6241,14.20999999999967,1.0,-1
3741,6242,14.216041666666337,1.0,-1
3742,6243,14.222083333333003,1.0,-1
3743,6244,14.22812499999967,1.0,-1
3744,6245,14.234166666666336,1.0,-1
3745,6246,14.240208333333003,1.0,-1
3746,6247,14.24624999999967,1.0,-1
3747,6248,14.252291666666336,1.0,-1
3748,6249,14.258333333333002,1.0,-1
3749,6250,14.264374999999669,1.0,-1
3750,6251,14.270416666666335,1.0,-1
3751,6252,14.276458333333002,1.0,-1
3752,6253,14.282499999999668,1.0,-1
3753,6254,14.288541666666335,1.0,-1
3754,6255,14.294583333333001,1.0,-1
3755,6256,14.300624999999668,1.0,-1
3756,6257,14.306666666666334,1.0,-1
3757,6258,14.312708333333001,1.0,-1
3758,6259,14.318749999999667,1.0,-1
3759,6260,14.324791666666334,1.0,-1
3760,6261,14.330833333333,1.0,-1
3761,6262,14.336874999999667,1.0,-1
3762,6263,14.342916666666333,1.0,-1
3763,6264,14.348958333333,1.0,-1
3764,6265,14.354999999999666,1.0,-1
3765,6266,14.361041666666333,1.0,-1
3766,6267,14.367083333333,1.0,-1
3767,6268,14.373124999999666,1.0,-1
3768,6269,14.379166666666332,1.0,-1
3769,6270,14.385208333332999,1.0,-1
3770,6271,14.391249999999665,1.0,-1
3771,6272,14.391249999999665,0.95,27
3772,6273,14.391249999999665,0.95,27
3773,6274,14.391249999999665,0.95,27
3774,6275,14.391249999999665,0.95,27
3775,6276,14.391249999999665,0.95,27
3776,6277,14.391249999999665,0.95,27
3777,6278,14.391249999999665,0.95,27
3778,6279,14.391249999999665,0.95,27
3779,6280,14.391249999999665,0.95,27
3780,6281,14.391249999999665,0.95,27
3781,6282,14.391249999999665,0.95,27
3782,6283,14.391249999999665,0.95,27
3783,6284,14.391249999999665,0.95,27
3784,6285,14.397291666666332,0.95,-1
3785,6286,14.403333333332998,0.95,-1
3786,6287,14.409374999999665,0.95,-1
3787,6288,14.415416666666331,0.95,-1
3788,6289,14.421458333332998,0.95,-1
3789,6290,14.427499999999664,0.95,-1
3790,6291,14.433541666666331,0.95,-1
3791,6292,14.439583333332997,0.95,-1
3792,6293,14.445624999999664,0.95,-1
3793,6294,14.45166666666633,0.95,-1
3794,6295,14.457708333332997,0.95,-1
3795,6296,14.463749999999663,0.95,-1
3796,6297,14.46979166666633,0.95,-1
3797,6298,14.475833333332996,0.95,-1
3798,6299,14.481874999999663,0.95,-1
3799,6300,14.48791666666633,0.95,-1
3800,6301,14.493958333332996,0.95,-1
3801,6302,14.499999999999662,0.95,-1
3802,6303,14.506041666666329,0.95,-1
3803,6304,14.512083333332995,0.95,-1
3804,6305,14.518124999999662,0.95,-1
3805,6306,14.524166666666328,0.95,-1
3806,6307,14.530208333332995,0.95,-1
3807,6308,14.536249999999661,0.95,-1
3808,6309,14.542291666666328,0.95,-1
3809,6310,14.548333333332994,0.95,-1
3810,6311,14.554374999999661,0.95,-1
3811,6312,14.560416666666328,0.95,-1
3812,6313,14.566458333332994,0.95,-1
3813,6314,14.57249999999966,0.95,-1
3814,6315,14.578541666666327,0.95,-1
3815,6316,14.584583333332994,0.95,-1
3816,6317,14.59062499999966,0.95,-1
3817,6318,14.596666666666327,0.95,-1
3818,6319,14.602708333332993,0.95,-1
3819,6320,14.60874999999966,0.95,-1
3820,6321,14.614791666666326,0.95,-1
3821,6322,14.620833333332993,0.95,-1
3822,6323,14.626874999999659,0.95,-1
3823,6324,14.632916666666326,0.95,-1
3824,6325,14.638958333332992,0.95,-1
3825,6326,14.644999999999659,0.95,-1
3826,6327,14.651041666666325,0.95,-1
3827,6328,14.657083333332992,0.95,-1
3828,6329,14.657083333332992,0.975,28
3829,6330,14.657083333332992,0.975,28
3830,6331,14.657083333332992,0.975,28
3831,6332,14.657083333332992,0.975,28
3832,6333,14.657083333332992,0.975,28
3833,6334,14.657083333332992,0.975,28
3834,6335,14.657083333332992,0.975,28
3835,6336,14.657083333332992,0.975,28
3836,6337,14.657083333332992,0.975,28
3837,6338,14.657083333332992,0.975,28
3838,6339,14.657083333332992,0.975,28
3839,6340,14.657083333332992,0.975,28
3840,6341,14.657083333332992,0.975,28
3841,6342,14.657083333332992,0.975,28
3842,6343,14.657083333332992,0.975,28
3843,6344,14.657083333332992,0.975,28
3844,6345,14.657083333332992,0.975,28
3845,6346,14.657083333332992,0.975,28
3846,6347,14.657083333332992,0.975,28
3847,6348,14.657083333332992,0.975,28
3848,6349,14.657083333332992,0.975,28
3849,6350,14.657083333332992,0.975,28
3850,6351,14.657083333332992,0.975,28
3851,6352,14.657083333332992,0.975,28
3852,6353,14.657083333332992,0.975,28
3853,6354,14.657083333332992,0.975,28
3854,6355,14.657083333332992,0.975,28
3855,6356,14.657083333332992,0.975,28
3856,6357,14.657083333332992,0.975,28
3857,6358,14.657083333332992,0.975,28
3858,6359,14.663124999999658,0.975,-1
3859,6360,14.669166666666325,0.975,-1
3860,6361,14.675208333332991,0.975,-1
3861,6362,14.681249999999658,0.975,-1
3862,6363,14.687291666666324,0.975,-1
3863,6364,14.69333333333299,0.975,-1
3864,6365,14.699374999999657,0.975,-1
3865,6366,14.705416666666324,0.975,-1
3866,6367,14.71145833333299,0.975,-1
3867,6368,14.717499999999657,0.975,-1
3868,6369,14.723541666666323,0.975,-1
3869,6370,14.72958333333299,0.975,-1
3870,6371,14.735624999999656,0.975,-1
3871,6372,14.741666666666323,0.975,-1
3872,6373,14.747708333332989,0.975,-1
3873,6374,14.753749999999656,0.975,-1
3874,6375,14.759791666666322,0.975,-1
3875,6376,14.765833333332989,0.975,-1
3876,6377,14.771874999999655,0.975,-1
3877,6378,14.777916666666322,0.975,-1
3878,6379,14.783958333332988,0.975,-1
3879,6380,14.789999999999655,0.975,-1
3880,6381,14.796041666666321,0.975,-1
3881,6382,14.802083333332988,0.975,-1
3882,6383,14.808124999999654,0.975,-1
3883,6384,14.81416666666632,0.975,-1
3884,6385,14.820208333332987,0.975,-1
3885,6386,14.826249999999654,0.975,-1
3886,6387,14.83229166666632,0.975,-1
3887,6388,14.838333333332987,0.975,-1
3888,6389,14.844374999999653,0.975,-1
3889,6390,14.85041666666632,0.975,-1
3890,6391,14.856458333332986,0.975,-1
3891,6392,14.862499999999653,0.975,-1
3892,6393,14.868541666666319,0.975,-1
3893,6394,14.874583333332986,0.975,-1
3894,6395,14.880624999999652,0.975,-1
3895,6396,14.886666666666319,0.975,-1
3896,6397,14.892708333332985,0.975,-1
3897,6398,14.898749999999652,0.975,-1
3898,6399,14.904791666666318,0.975,-1
3899,6400,14.910833333332985,0.975,-1
3900,6401,14.916874999999651,0.975,-1
3901,6402,14.922916666666318,0.975,-1
3902,6403,14.928958333332984,0.975,-1
3903,6404,14.93499999999965,0.975,-1
3904,6405,14.941041666666317,0.975,-1
3905,6406,14.947083333332984,0.975,-1
3906,6407,14.95312499999965,0.975,-1
3907,6408,14.959166666666317,0.975,-1
3908,6409,14.965208333332983,0.975,-1
3909,6410,14.965208333332983,0.8875,29
3910,6411,14.965208333332983,0.8875,29
3911,6412,14.965208333332983,0.8875,29
3912,6413,14.965208333332983,0.8875,29
3913,6414,14.965208333332983,0.8875,29
3914,6415,14.965208333332983,0.8875,29
3915,6416,14.965208333332983,0.8875,29
3916,6417,14.965208333332983,0.8875,29
3917,6418,14.965208333332983,0.8875,29
3918,6419,14.965208333332983,0.8875,29
3919,6420,14.965208333332983,0.8875,29
3920,6421,14.965208333332983,0.8875,29
3921,6422,14.965208333332983,0.8875,29
3922,6423,14.97124999999965,0.8875,-1
3923,6424,14.977291666666316,0.8875,-1
3924,6425,14.983333333332983,0.8875,-1
3925,6426,14.989374999999649,0.8875,-1
3926,6427,14.995416666666316,0.8875,-1
3927,6428,15.001458333332982,0.8875,-1
3928,6429,15.007499999999649,0.8875,-1
3929,6430,15.013541666666315,0.8875,-1
3930,6431,15.019583333332982,0.8875,-1
3931,6432,15.025624999999648,0.8875,-1
3932,6433,15.031666666666315,0.8875,-1
3933,6434,15.037708333332981,0.8875,-1
3934,6435,15.043749999999648,0.8875,-1
3935,6436,15.049791666666314,0.8875,-1
3936,6437,15.05583333333298,0.8875,-1
3937,6438,15.061874999999647,0.8875,-1
3938,6439,15.067916666666314,0.8875,-1
3939,6440,15.07395833333298,0.8875,-1
3940,6441,15.079999999999647,0.8875,-1
3941,6442,15.086041666666313,0.8875,-1
3942,6443,15.09208333333298,0.8875,-1
3943,6444,15.098124999999646,0.8875,-1
3944,6445,15.104166666666313,0.8875,-1
3945,6446,15.110208333332979,0.8875,-1
3946,6447,15.116249999999646,0.8875,-1
3947,6448,15.122291666666312,0.8875,-1
3948,6449,15.128333333332979,0.8875,-1
3949,6450,15.134374999999645,0.8875,-1
3950,6451,15.140416666666312,0.8875,-1
3951,6452,15.146458333332978,0.8875,-1
3952,6453,15.152499999999645,0.8875,-1
3953,6454,15.158541666666311,0.8875,-1
3954,6455,15.164583333332978,0.8875,-1
3955,6456,15.170624999999644,0.8875,-1
3956,6457,15.17666666666631,0.8875,-1
3957,6458,15.182708333332977,0.8875,-1
3958,6459,15.188749999999644,0.8875,-1
3959,6460,15.19479166666631,0.8875,-1
3960,6461,15.200833333332977,0.8875,-1
3961,6462,15.206874999999643,0.8875,-1
3962,6463,15.21291666666631,0.8875,-1
3963,6464,15.218958333332976,0.8875,-1
3964,6465,15.224999999999643,0.8875,-1
3965,6466,15.231041666666309,0.8875,-1
3966,6467,15.237083333332976,0.8875,-1
3967,6468,15.243124999999642,0.8875,-1
3968,6469,15.249166666666309,0.8875,-1
3969,6470,15.255208333332975,0.8875,-1
3970,6471,15.261249999999642,0.8875,-1
3971,6472,15.267291666666308,0.8875,-1
3972,6473,15.273333333332975,0.8875,-1
3973,6474,15.279374999999641,0.8875,-1
3974,6475,15.285416666666308,0.8875,-1
3975,6476,15.291458333332974,0.8875,-1
3976,6477,15.29749999999964,0.8875,-1
3977,6478,15.303541666666307,0.8875,-1
3978,6479,15.309583333332974,0.8875,-1
3979,6480,15.31562499999964,0.8875,-1
3980,6481,15.321666666666307,0.8875,-1
3981,6482,15.327708333332973,0.8875,-1
3982,6483,15.33374999999964,0.8875,-1
3983,6484,15.339791666666306,0.8875,-1
3984,6485,15.339791666666306,0.825,30
3985,6486,15.339791666666306,0.825,30
3986,6487,15.339791666666306,0.825,30
3987,6488,15.339791666666306,0.825,30
3988,6489,15.339791666666306,0.825,30
3989,6490,15.339791666666306,0.825,30
3990,6491,15.339791666666306,0.825,30
3991,6492,15.339791666666306,0.825,30
3992,6493,15.339791666666306,0.825,30
3993,6494,15.339791666666306,0.825,30
3994,6495,15.339791666666306,0.825,30
3995,6496,15.345833333332973,0.825,-1
3996,6497,15.35187499999964,0.825,-1
3997,6498,15.357916666666306,0.825,-1
3998,6499,15.363958333332972,0.825,-1
3999,6500,15.369999999999639,0.825,-1
4000,6501,15.376041666666305,0.825,-1
4001,6502,15.382083333332972,0.825,-1
4002,6503,15.388124999999638,0.825,-1
4003,6504,15.394166666666305,0.825,-1
4004,6505,15.400208333332971,0.825,-1
4005,6506,15.406249999999638,0.825,-1
4006,6507,15.412291666666304,0.825,-1
4007,6508,15.41833333333297,0.825,-1
4008,6509,15.424374999999637,0.825,-1
4009,6510,15.430416666666304,0.825,-1
4010,6511,15.43645833333297,0.825,-1
4011,6512,15.442499999999637,0.825,-1
4012,6513,15.448541666666303,0.825,-1
4013,6514,15.45458333333297,0.825,-1
4014,6515,15.460624999999636,0.825,-1
4015,6516,15.466666666666303,0.825,-1
4016,6517,15.47270833333297,0.825,-1
4017,6518,15.478749999999636,0.825,-1
4018,6519,15.484791666666302,0.825,-1
4019,6520,15.490833333332969,0.825,-1
4020,6521,15.496874999999635,0.825,-1
4021,6522,15.502916666666302,0.825,-1
4022,6523,15.508958333332968,0.825,-1
4023,6524,15.514999999999635,0.825,-1
4024,6525,15.521041666666301,0.825,-1
4025,6526,15.527083333332968,0.825,-1
4026,6527,15.533124999999634,0.825,-1
4027,6528,15.5391666666663,0.825,-1
4028,6529,15.545208333332967,0.825,-1
4029,6530,15.551249999999634,0.825,-1
4030,6531,15.5572916666663,0.825,-1
4031,6532,15.563333333332967,0.825,-1
4032,6533,15.569374999999633,0.825,-1
4033,6534,15.5754166666663,0.825,-1
4034,6535,15.581458333332966,0.825,-1
4035,6536,15.587499999999633,0.825,-1
4036,6537,15.5935416666663,0.825,-1
4037,6538,15.599583333332966,0.825,-1
4038,6539,15.605624999999632,0.825,-1
4039,6540,15.611666666666299,0.825,-1
4040,6541,15.617708333332965,0.825,-1
4041,6542,15.623749999999632,0.825,-1
4042,6543,15.629791666666298,0.825,-1
4043,6544,15.635833333332965,0.825,-1
4044,6545,15.641874999999631,0.825,-1
4045,6546,15.647916666666298,0.825,-1
4046,6547,15.653958333332964,0.825,-1
4047,6548,15.65999999999963,0.825,-1
4048,6549,15.666041666666297,0.825,-1
4049,6550,15.672083333332964,0.825,-1
4050,6551,15.67812499999963,0.825,-1
4051,6552,15.684166666666297,0.825,-1
4052,6553,15.690208333332963,0.825,-1
4053,6554,15.69624999999963,0.825,-1
4054,6555,15.702291666666296,0.825,-1
4055,6556,15.708333333332963,0.825,-1
4056,6557,15.71437499999963,0.825,-1
4057,6558,15.720416666666296,0.825,-1
4058,6559,15.726458333332962,0.825,-1
4059,6560,15.732499999999629,0.825,-1
4060,6561,15.738541666666295,0.825,-1
4061,6562,15.744583333332962,0.825,-1
4062,6563,15.750624999999628,0.825,-1
4063,6564,15.756666666666295,0.825,-1
4064,6565,15.762708333332961,0.825,-1
4065,6566,15.768749999999628,0.825,-1
4066,6567,15.774791666666294,0.825,-1
4067,6568,15.78083333333296,0.825,-1
4068,6569,15.786874999999627,0.825,-1
4069,6570,15.792916666666294,0.825,-1
4070,6571,15.79895833333296,0.825,-1
4071,6572,15.804999999999627,0.825,-1
4072,6573,15.811041666666293,0.825,-1
4073,6574,15.81708333333296,0.825,-1
4074,6575,15.823124999999626,0.825,-1
4075,6576,15.829166666666293,0.825,-1
4076,6577,15.83520833333296,0.825,-1
4077,6578,15.841249999999626,0.825,-1
4078,6579,15.847291666666292,0.825,-1
4079,6580,15.853333333332959,0.825,-1
4080,6581,15.859374999999625,0.825,-1
4081,6582,15.859374999999625,0.725,31
4082,6583,15.859374999999625,0.725,31
4083,6584,15.859374999999625,0.725,31
4084,6585,15.859374999999625,0.725,31
4085,6586,15.859374999999625,0.725,31
4086,6587,15.859374999999625,0.725,31
4087,6588,15.859374999999625,0.725,31
4088,6589,15.859374999999625,0.725,31
4089,6590,15.859374999999625,0.725,31
4090,6591,15.859374999999625,0.725,31
4091,6592,15.859374999999625,0.725,31
4092,6593,15.859374999999625,0.725,31
4093,6594,15.859374999999625,0.725,31
4094,6595,15.859374999999625,0.725,31
4095,6596,15.859374999999625,0.725,31
4096,6597,15.859374999999625,0.725,31
4097,6598,15.859374999999625,0.725,31
4098,6599,15.859374999999625,0.725,31
4099,6600,15.865416666666292,0.725,-1
4100,6601,15.871458333332958,0.725,-1
4101,6602,15.877499999999625,0.725,-1
4102,6603,15.883541666666291,0.725,-1
4103,6604,15.889583333332958,0.725,-1
4104,6605,15.895624999999624,0.725,-1
4105,6606,15.90166666666629,0.725,-1
4106,6607,15.907708333332957,0.725,-1
4107,6608,15.913749999999624,0.725,-1
4108,6609,15.91979166666629,0.725,-1
4109,6610,15.925833333332957,0.725,-1
4110,6611,15.931874999999623,0.725,-1
4111,6612,15.93791666666629,0.725,-1
4112,6613,15.943958333332956,0.725,-1
4113,6614,15.949999999999623,0.725,-1
4114,6615,15.95604166666629,0.725,-1
4115,6616,15.962083333332956,0.725,-1
4116,6617,15.968124999999622,0.725,-1
4117,6618,15.974166666666289,0.725,-1
4118,6619,15.980208333332955,0.725,-1
4119,6620,15.986249999999622,0.725,-1
4120,6621,15.992291666666288,0.725,-1
4121,6622,15.998333333332955,0.725,-1
4122,6623,16.004374999999623,0.725,-1
4123,6624,16.01041666666629,0.725,-1
4124,6625,16.01645833333296,0.725,-1
4125,6626,16.022499999999628,0.725,-1
4126,6627,16.028541666666296,0.725,-1
4127,6628,16.034583333332964,0.725,-1
4128,6629,16.040624999999633,0.725,-1
4129,6630,16.0466666666663,0.725,-1
4130,6631,16.05270833333297,0.725,-1
4131,6632,16.058749999999637,0.725,-1
4132,6633,16.064791666666306,0.725,-1
4133,6634,16.070833333332974,0.725,-1
4134,6635,16.076874999999642,0.725,-1
4135,6636,16.08291666666631,0.725,-1
4136,6637,16.08895833333298,0.725,-1
4137,6638,16.094999999999647,0.725,-1
4138,6639,16.101041666666315,0.725,-1
4139,6640,16.107083333332984,0.725,-1
4140,6641,16.113124999999652,0.725,-1
4141,6642,16.11916666666632,0.725,-1
4142,6643,16.12520833333299,0.725,-1
4143,6644,16.131249999999657,0.725,-1
4144,6645,16.137291666666325,0.725,-1
4145,6646,16.143333333332993,0.725,-1
4146,6647,16.14937499999966,0.725,-1
4147,6648,16.15541666666633,0.725,-1
4148,6649,16.161458333332998,0.725,-1
4149,6650,16.167499999999666,0.725,-1
4150,6651,16.173541666666335,0.725,-1
4151,6652,16.179583333333003,0.725,-1
4152,6653,16.18562499999967,0.725,-1
4153,6654,16.19166666666634,0.725,-1
4154,6655,16.197708333333008,0.725,-1
4155,6656,16.203749999999676,0.725,-1
4156,6657,16.209791666666344,0.725,-1
4157,6658,16.215833333333013,0.725,-1
4158,6659,16.22187499999968,0.725,-1
4159,6660,16.22791666666635,0.725,-1
4160,6661,16.233958333333018,0.725,-1
4161,6662,16.239999999999686,0.725,-1
4162,6663,16.246041666666354,0.725,-1
4163,6664,16.252083333333022,0.725,-1
4164,6665,16.25812499999969,0.725,-1
4165,6666,16.26416666666636,0.725,-1
4166,6667,16.270208333333027,0.725,-1
4167,6668,16.276249999999695,0.725,-1
4168,6669,16.282291666666364,0.725,-1
4169,6670,16.288333333333032,0.725,-1
4170,6671,16.2943749999997,0.725,-1
4171,6672,16.30041666666637,0.725,-1
4172,6673,16.306458333333037,0.725,-1
4173,6674,16.312499999999705,0.725,-1
4174,6675,16.318541666666373,0.725,-1
4175,6676,16.32458333333304,0.725,-1
4176,6677,16.33062499999971,0.725,-1
4177,6678,16.33666666666638,0.725,-1
4178,6679,16.342708333333047,0.725,-1
4179,6680,16.348749999999715,0.725,-1
4180,6681,16.354791666666383,0.725,-1
4181,6682,16.36083333333305,0.725,-1
4182,6683,16.36687499999972,0.725,-1
4183,6684,16.372916666666388,0.725,-1
4184,6685,16.378958333333056,0.725,-1
4185,6686,16.384999999999724,0.725,-1
4186,6687,16.391041666666393,0.725,-1
4187,6688,16.39708333333306,0.725,-1
4188,6689,16.40312499999973,0.725,-1
4189,6690,16.409166666666398,0.725,-1
4190,6691,16.415208333333066,0.725,-1
4191,6692,16.421249999999734,0.725,-1
4192,6693,16.427291666666402,0.725,-1
4193,6694,16.43333333333307,0.725,-1
4194,6695,16.43937499999974,0.725,-1
4195,6696,16.445416666666407,0.725,-1
4196,6697,16.451458333333076,0.725,-1
4197,6698,16.457499999999744,0.725,-1
4198,6699,16.463541666666412,0.725,-1
4199,6700,16.46958333333308,0.725,-1
4200,6701,16.47562499999975,0.725,-1
4201,6702,16.481666666666417,0.725,-1
4202,6703,16.487708333333085,0.725,-1
4203,6704,16.493749999999753,0.725,-1
4204,6705,16.49979166666642,0.725,-1
4205,6706,16.50583333333309,0.725,-1
4206,6707,16.51187499999976,0.725,-1
4207,6708,16.517916666666427,0.725,-1
4208,6709,16.523958333333095,0.725,-1
4209,6710,16.529999999999763,0.725,-1
4210,6711,16.53604166666643,0.725,-1
4211,6712,16.5420833333331,0.725,-1
4212,6713,16.548124999999768,0.725,-1
4213,6714,16.554166666666436,0.725,-1
4214,6715,16.560208333333104,0.725,-1
4215,6716,16.566249999999773,0.725,-1
4216,6717,16.57229166666644,0.725,-1
4217,6718,16.57833333333311,0.725,-1
4218,6719,16.584374999999778,0.725,-1
4219,6720,16.590416666666446,0.725,-1
4220,6721,16.596458333333114,0.725,-1
4221,6722,16.602499999999782,0.725,-1
4222,6723,16.602499999999782,0.6125,32
4223,6724,16.602499999999782,0.6125,32
4224,6725,16.602499999999782,0.6125,32
4225,6726,16.602499999999782,0.6125,32
4226,6727,16.602499999999782,0.6125,32
4227,6728,16.602499999999782,0.6125,32
4228,6729,16.602499999999782,0.6125,32
4229,6730,16.602499999999782,0.6125,32
4230,6731,16.602499999999782,0.6125,32
4231,6732,16.602499999999782,0.6125,32
4232,6733,16.602499999999782,0.6125,32
4233,6734,16.602499999999782,0.6125,32
4234,6735,16.602499999999782,0.6125,32
4235,6736,16.602499999999782,0.6125,32
4236,6737,16.602499999999782,0.6125,32
4237,6738,16.602499999999782,0.6125,32
4238,6739,16.602499999999782,0.6125,32
4239,6740,16.602499999999782,0.6125,32
4240,6741,16.60854166666645,0.6125,-1
4241,6742,16.61458333333312,0.6125,-1
4242,6743,16.620624999999787,0.6125,-1
4243,6744,16.626666666666456,0.6125,-1
4244,6745,16.632708333333124,0.6125,-1
4245,6746,16.638749999999792,0.6125,-1
4246,6747,16.64479166666646,0.6125,-1
4247,6748,16.65083333333313,0.6125,-1
4248,6749,16.656874999999797,0.6125,-1
4249,6750,16.662916666666465,0.6125,-1
4250,6751,16.668958333333133,0.6125,-1
4251,6752,16.6749999999998,0.6125,-1
4252,6753,16.68104166666647,0.6125,-1
4253,6754,16.68708333333314,0.6125,-1
4254,6755,16.693124999999807,0.6125,-1
4255,6756,16.699166666666475,0.6125,-1
4256,6757,16.705208333333143,0.6125,-1
4257,6758,16.71124999999981,0.6125,-1
4258,6759,16.71729166666648,0.6125,-1
4259,6760,16.723333333333148,0.6125,-1
4260,6761,16.729374999999816,0.6125,-1
4261,6762,16.735416666666485,0.6125,-1
4262,6763,16.741458333333153,0.6125,-1
4263,6764,16.74749999999982,0.6125,-1
4264,6765,16.75354166666649,0.6125,-1
4265,6766,16.759583333333158,0.6125,-1
4266,6767,16.765624999999826,0.6125,-1
4267,6768,16.771666666666494,0.6125,-1
4268,6769,16.777708333333162,0.6125,-1
4269,6770,16.78374999999983,0.6125,-1
4270,6771,16.7897916666665,0.6125,-1
4271,6772,16.795833333333167,0.6125,-1
4272,6773,16.801874999999836,0.6125,-1
4273,6774,16.807916666666504,0.6125,-1
4274,6775,16.813958333333172,0.6125,-1
4275,6776,16.81999999999984,0.6125,-1
4276,6777,16.82604166666651,0.6125,-1
4277,6778,16.832083333333177,0.6125,-1
4278,6779,16.838124999999845,0.6125,-1
4279,6780,16.844166666666514,0.6125,-1
4280,6781,16.850208333333182,0.6125,-1
4281,6782,16.85624999999985,0.6125,-1
4282,6783,16.86229166666652,0.6125,-1
4283,6784,16.868333333333187,0.6125,-1
4284,6785,16.874374999999855,0.6125,-1
4285,6786,16.880416666666523,0.6125,-1
4286,6787,16.88645833333319,0.6125,-1
4287,6788,16.89249999999986,0.6125,-1
4288,6789,16.898541666666528,0.6125,-1
4289,6790,16.904583333333196,0.6125,-1
4290,6791,16.910624999999865,0.6125,-1
4291,6792,16.916666666666533,0.6125,-1
4292,6793,16.9227083333332,0.6125,-1
4293,6794,16.92874999999987,0.6125,-1
4294,6795,16.934791666666538,0.6125,-1
4295,6796,16.940833333333206,0.6125,-1
4296,6797,16.946874999999874,0.6125,-1
4297,6798,16.952916666666543,0.6125,-1
4298,6799,16.95895833333321,0.6125,-1
4299,6800,16.96499999999988,0.6125,-1
4300,6801,16.971041666666547,0.6125,-1
4301,6802,16.971041666666547,0.5625,33
4302,6803,16.971041666666547,0.5625,33
4303,6804,16.971041666666547,0.5625,33
4304,6805,16.971041666666547,0.5625,33
4305,6806,16.971041666666547,0.5625,33
4306,6807,16.971041666666547,0.5625,33
4307,6808,16.971041666666547,0.5625,33
4308,6809,16.971041666666547,0.5625,33
4309,6810,16.971041666666547,0.5625,33
4310,6811,16.971041666666547,0.5625,33
4311,6812,16.971041666666547,0.5625,33
4312,6813,16.971041666666547,0.5625,33
4313,6814,16.971041666666547,0.5625,33
4314,6815,16.977083333333216,0.5625,-1
4315,6816,16.983124999999884,0.5625,-1
4316,6817,16.989166666666552,0.5625,-1
4317,6818,16.99520833333322,0.5625,-1
4318,6819,17.00124999999989,0.5625,-1
4319,6820,17.007291666666557,0.5625,-1
4320,6821,17.013333333333225,0.5625,-1
4321,6822,17.019374999999894,0.5625,-1
4322,6823,17.025416666666562,0.5625,-1
4323,6824,17.03145833333323,0.5625,-1
4324,6825,17.0374999999999,0.5625,-1
4325,6826,17.043541666666567,0.5625,-1
4326,6827,17.049583333333235,0.5625,-1
4327,6828,17.055624999999903,0.5625,-1
4328,6829,17.06166666666657,0.5625,-1
4329,6830,17.06770833333324,0.5625,-1
4330,6831,17.073749999999908,0.5625,-1
4331,6832,17.079791666666576,0.5625,-1
4332,6833,17.085833333333245,0.5625,-1
4333,6834,17.091874999999913,0.5625,-1
4334,6835,17.09791666666658,0.5625,-1
4335,6836,17.10395833333325,0.5625,-1
4336,6837,17.109999999999918,0.5625,-1
4337,6838,17.116041666666586,0.5625,-1
4338,6839,17.122083333333254,0.5625,-1
4339,6840,17.128124999999923,0.5625,-1
4340,6841,17.13416666666659,0.5625,-1
4341,6842,17.14020833333326,0.5625,-1
4342,6843,17.146249999999927,0.5625,-1
4343,6844,17.152291666666596,0.5625,-1
4344,6845,17.158333333333264,0.5625,-1
4345,6846,17.164374999999932,0.5625,-1
4346,6847,17.1704166666666,0.5625,-1
4347,6848,17.17645833333327,0.5625,-1
4348,6849,17.182499999999937,0.5625,-1
4349,6850,17.188541666666605,0.5625,-1
4350,6851,17.194583333333274,0.5625,-1
4351,6852,17.200624999999942,0.5625,-1
4352,6853,17.20666666666661,0.5625,-1
4353,6854,17.21270833333328,0.5625,-1
4354,6855,17.218749999999947,0.5625,-1
4355,6856,17.224791666666615,0.5625,-1
4356,6857,17.230833333333283,0.5625,-1
4357,6858,17.23687499999995,0.5625,-1
4358,6859,17.24291666666662,0.5625,-1
4359,6860,17.248958333333288,0.5625,-1
4360,6861,17.254999999999956,0.5625,-1
4361,6862,17.261041666666625,0.5625,-1
4362,6863,17.267083333333293,0.5625,-1
4363,6864,17.27312499999996,0.5625,-1
4364,6865,17.27916666666663,0.5625,-1
4365,6866,17.285208333333298,0.5625,-1
4366,6867,17.291249999999966,0.5625,-1
4367,6868,17.297291666666634,0.5625,-1
4368,6869,17.303333333333303,0.5625,-1
4369,6870,17.30937499999997,0.5625,-1
4370,6871,17.31541666666664,0.5625,-1
4371,6872,17.321458333333307,0.5625,-1
4372,6873,17.327499999999976,0.5625,-1
4373,6874,17.333541666666644,0.5625,-1
4374,6875,17.339583333333312,0.5625,-1
4375,6876,17.34562499999998,0.5625,-1
4376,6877,17.35166666666665,0.5625,-1
4377,6878,17.357708333333317,0.5625,-1
4378,6879,17.363749999999985,0.5625,-1
4379,6880,17.369791666666654,0.5625,-1
4380,6881,17.375833333333322,0.5625,-1
4381,6882,17.38187499999999,0.5625,-1
4382,6883,17.38791666666666,0.5625,-1
4383,6884,17.393958333333327,0.5625,-1
4384,6885,17.399999999999995,0.5625,-1
4385,6886,17.406041666666663,0.5625,-1
4386,6887,17.41208333333333,0.5625,-1
4387,6888,17.418125,0.5625,-1
4388,6889,17.424166666666668,0.5625,-1
4389,6890,17.430208333333336,0.5625,-1
4390,6891,17.436250000000005,0.5625,-1
4391,6892,17.442291666666673,0.5625,-1
4392,6893,17.44833333333334,0.5625,-1
4393,6894,17.45437500000001,0.5625,-1
4394,6895,17.460416666666678,0.5625,-1
4395,6896,17.466458333333346,0.5625,-1
4396,6897,17.472500000000014,0.5625,-1
4397,6898,17.478541666666683,0.5625,-1
4398,6899,17.48458333333335,0.5625,-1
4399,6900,17.49062500000002,0.5625,-1
4400,6901,17.496666666666687,0.5625,-1
4401,6902,17.502708333333356,0.5625,-1
4402,6903,17.508750000000024,0.5625,-1
4403,6904,17.514791666666692,0.5625,-1
4404,6905,17.52083333333336,0.5625,-1
4405,6906,17.52687500000003,0.5625,-1
4406,6907,17.532916666666697,0.5625,-1
4407,6908,17.538958333333365,0.5625,-1
4408,6909,17.545000000000034,0.5625,-1
4409,6910,17.551041666666702,0.5625,-1
4410,6911,17.55708333333337,0.5625,-1
4411,6912,17.56312500000004,0.5625,-1
4412,6913,17.569166666666707,0.5625,-1
4413,6914,17.575208333333375,0.5625,-1
4414,6915,17.581250000000043,0.5625,-1
4415,6916,17.58729166666671,0.5625,-1
4416,6917,17.59333333333338,0.5625,-1
4417,6918,17.599375000000048,0.5625,-1
4418,6919,17.605416666666716,0.5625,-1
4419,6920,17.611458333333385,0.5625,-1
4420,6921,17.611458333333385,0.4875,34
4421,6922,17.611458333333385,0.4875,34
4422,6923,17.611458333333385,0.4875,34
4423,6924,17.611458333333385,0.4875,34
4424,6925,17.611458333333385,0.4875,34
4425,6926,17.611458333333385,0.4875,34
4426,6927,17.611458333333385,0.4875,34
4427,6928,17.611458333333385,0.4875,34
4428,6929,17.611458333333385,0.4875,34
4429,6930,17.611458333333385,0.4875,34
4430,6931,17.611458333333385,0.4875,34
4431,6932,17.611458333333385,0.4875,34
4432,6933,17.611458333333385,0.4875,34
4433,6934,17.611458333333385,0.4875,34
4434,6935,17.611458333333385,0.4875,34
4435,6936,17.611458333333385,0.4875,34
4436,6937,17.611458333333385,0.4875,34
4437,6938,17.611458333333385,0.4875,34
4438,6939,17.611458333333385,0.4875,34
4439,6940,17.611458333333385,0.4875,34
4440,6941,17.611458333333385,0.4875,34
4441,6942,17.611458333333385,0.4875,34
4442,6943,17.611458333333385,0.4875,34
4443,6944,17.611458333333385,0.4875,34
4444,6945,17.611458333333385,0.4875,34
4445,6946,17.611458333333385,0.4875,34
4446,6947,17.611458333333385,0.4875,34
4447,6948,17.611458333333385,0.4875,34
4448,6949,17.611458333333385,0.4875,34
4449,6950,17.611458333333385,0.4875,34
4450,6951,17.611458333333385,0.4875,34
4451,6952,17.617500000000053,0.4875,-1
4452,6953,17.62354166666672,0.4875,-1
4453,6954,17.62958333333339,0.4875,-1
4454,6955,17.635625000000058,0.4875,-1
4455,6956,17.641666666666726,0.4875,-1
4456,6957,17.647708333333394,0.4875,-1
4457,6958,17.653750000000063,0.4875,-1
4458,6959,17.65979166666673,0.4875,-1
4459,6960,17.6658333333334,0.4875,-1
4460,6961,17.671875000000068,0.4875,-1
4461,6962,17.677916666666736,0.4875,-1
4462,6963,17.683958333333404,0.4875,-1
4463,6964,17.690000000000072,0.4875,-1
4464,6965,17.69604166666674,0.4875,-1
4465,6966,17.70208333333341,0.4875,-1
4466,6967,17.708125000000077,0.4875,-1
4467,6968,17.714166666666745,0.4875,-1
4468,6969,17.720208333333414,0.4875,-1
4469,6970,17.726250000000082,0.4875,-1
4470,6971,17.73229166666675,0.4875,-1
4471,6972,17.73833333333342,0.4875,-1
4472,6973,17.744375000000087,0.4875,-1
4473,6974,17.750416666666755,0.4875,-1
4474,6975,17.756458333333423,0.4875,-1
4475,6976,17.76250000000009,0.4875,-1
4476,6977,17.76854166666676,0.4875,-1
4477,6978,17.774583333333428,0.4875,-1
4478,6979,17.780625000000096,0.4875,-1
4479,6980,17.786666666666765,0.4875,-1
4480,6981,17.792708333333433,0.4875,-1
4481,6982,17.7987500000001,0.4875,-1
4482,6983,17.80479166666677,0.4875,-1
4483,6984,17.810833333333438,0.4875,-1
4484,6985,17.816875000000106,0.4875,-1
4485,6986,17.822916666666774,0.4875,-1
4486,6987,17.828958333333443,0.4875,-1
4487,6988,17.83500000000011,0.4875,-1
4488,6989,17.84104166666678,0.4875,-1
4489,6990,17.847083333333448,0.4875,-1
4490,6991,17.853125000000116,0.4875,-1
4491,6992,17.859166666666784,0.4875,-1
4492,6993,17.865208333333452,0.4875,-1
4493,6994,17.87125000000012,0.4875,-1
4494,6995,17.87729166666679,0.4875,-1
4495,6996,17.883333333333457,0.4875,-1
4496,6997,17.889375000000125,0.4875,-1
4497,6998,17.895416666666794,0.4875,-1
4498,6999,17.901458333333462,0.4875,-1
4499,7000,17.90750000000013,0.4875,-1
4500,7001,17.9135416666668,0.4875,-1
4501,7002,17.919583333333467,0.4875,-1
4502,7003,17.925625000000135,0.4875,-1
4503,7004,17.931666666666803,0.4875,-1
4504,7005,17.93770833333347,0.4875,-1
4505,7006,17.94375000000014,0.4875,-1
4506,7007,17.94979166666681,0.4875,-1
4507,7008,17.955833333333477,0.4875,-1
4508,7009,17.961875000000145,0.4875,-1
4509,7010,17.967916666666813,0.4875,-1
4510,7011,17.97395833333348,0.4875,-1
4511,7012,17.98000000000015,0.4875,-1
4512,7013,17.986041666666818,0.4875,-1
4513,7014,17.992083333333486,0.4875,-1
4514,7015,17.998125000000154,0.4875,-1
4515,7016,18.004166666666823,0.4875,-1
4516,7017,18.01020833333349,0.4875,-1
4517,7018,18.01625000000016,0.4875,-1
4518,7019,18.022291666666828,0.4875,-1
4519,7020,18.028333333333496,0.4875,-1
4520,7021,18.034375000000164,0.4875,-1
4521,7022,18.040416666666832,0.4875,-1
4522,7023,18.0464583333335,0.4875,-1
4523,7024,18.05250000000017,0.4875,-1
4524,7025,18.058541666666837,0.4875,-1
4525,7026,18.064583333333506,0.4875,-1
4526,7027,18.070625000000174,0.4875,-1
4527,7028,18.076666666666842,0.4875,-1
4528,7029,18.08270833333351,0.4875,-1
4529,7030,18.08875000000018,0.4875,-1
4530,7031,18.094791666666847,0.4875,-1
4531,7032,18.100833333333515,0.4875,-1
4532,7033,18.106875000000183,0.4875,-1
4533,7034,18.11291666666685,0.4875,-1
4534,7035,18.11895833333352,0.4875,-1
4535,7036,18.12500000000019,0.4875,-1
4536,7037,18.131041666666857,0.4875,-1
4537,7038,18.137083333333525,0.4875,-1
4538,7039,18.143125000000193,0.4875,-1
4539,7040,18.14916666666686,0.4875,-1
4540,7041,18.15520833333353,0.4875,-1
4541,7042,18.161250000000198,0.4875,-1
4542,7043,18.167291666666866,0.4875,-1
4543,7044,18.173333333333535,0.4875,-1
4544,7045,18.179375000000203,0.4875,-1
4545,7046,18.18541666666687,0.4875,-1
4546,7047,18.19145833333354,0.4875,-1
4547,7048,18.197500000000208,0.4875,-1
4548,7049,18.203541666666876,0.4875,-1
4549,7050,18.209583333333544,0.4875,-1
4550,7051,18.215625000000212,0.4875,-1
4551,7052,18.22166666666688,0.4875,-1
4552,7053,18.22770833333355,0.4875,-1
4553,7054,18.233750000000217,0.4875,-1
4554,7055,18.239791666666886,0.4875,-1
4555,7056,18.245833333333554,0.4875,-1
4556,7057,18.251875000000222,0.4875,-1
4557,7058,18.25791666666689,0.4875,-1
4558,7059,18.26395833333356,0.4875,-1
4559,7060,18.270000000000227,0.4875,-1
4560,7061,18.276041666666895,0.4875,-1
4561,7062,18.282083333333564,0.4875,-1
4562,7063,18.288125000000232,0.4875,-1
4563,7064,18.2941666666669,0.4875,-1
4564,7065,18.30020833333357,0.4875,-1
4565,7066,18.306250000000237,0.4875,-1
4566,7067,18.312291666666905,0.4875,-1
4567,7068,18.318333333333573,0.4875,-1
4568,7069,18.32437500000024,0.4875,-1
4569,7070,18.33041666666691,0.4875,-1
4570,7071,18.336458333333578,0.4875,-1
4571,7072,18.342500000000246,0.4875,-1
4572,7073,18.348541666666915,0.4875,-1
4573,7074,18.354583333333583,0.4875,-1
4574,7075,18.36062500000025,0.4875,-1
4575,7076,18.36666666666692,0.4875,-1
4576,7077,18.372708333333588,0.4875,-1
4577,7078,18.378750000000256,0.4875,-1
4578,7079,18.384791666666924,0.4875,-1
4579,7080,18.390833333333592,0.4875,-1
4580,7081,18.39687500000026,0.4875,-1
4581,7082,18.40291666666693,0.4875,-1
4582,7083,18.408958333333597,0.4875,-1
4583,7084,18.415000000000266,0.4875,-1
4584,7085,18.421041666666934,0.4875,-1
4585,7086,18.427083333333602,0.4875,-1
4586,7087,18.43312500000027,0.4875,-1
4587,7088,18.43916666666694,0.4875,-1
4588,7089,18.445208333333607,0.4875,-1
4589,7090,18.451250000000275,0.4875,-1
4590,7091,18.457291666666944,0.4875,-1
4591,7092,18.463333333333612,0.4875,-1
4592,7093,18.46937500000028,0.4875,-1
4593,7094,18.47541666666695,0.4875,-1
4594,7095,18.481458333333617,0.4875,-1
4595,7096,18.487500000000285,0.4875,-1
4596,7097,18.493541666666953,0.4875,-1
4597,7098,18.49958333333362,0.4875,-1
4598,7099,18.50562500000029,0.4875,-1
4599,7100,18.511666666666958,0.4875,-1
4600,7101,18.517708333333626,0.4875,-1
4601,7102,18.523750000000295,0.4875,-1
4602,7103,18.529791666666963,0.4875,-1
4603,7104,18.53583333333363,0.4875,-1
4604,7105,18.5418750000003,0.4875,-1
4605,7106,18.547916666666968,0.4875,-1
4606,7107,18.553958333333636,0.4875,-1
4607,7108,18.560000000000304,0.4875,-1
4608,7109,18.566041666666973,0.4875,-1
4609,7110,18.57208333333364,0.4875,-1
4610,7111,18.57812500000031,0.4875,-1
4611,7112,18.584166666666977,0.4875,-1
4612,7113,18.590208333333646,0.4875,-1
4613,7114,18.596250000000314,0.4875,-1
4614,7115,18.602291666666982,0.4875,-1
4615,7116,18.60833333333365,0.4875,-1
4616,7117,18.61437500000032,0.4875,-1
4617,7118,18.620416666666987,0.4875,-1
4618,7119,18.626458333333655,0.4875,-1
4619,7120,18.632500000000324,0.4875,-1
4620,7121,18.638541666666992,0.4875,-1
4621,7122,18.64458333333366,0.4875,-1
4622,7123,18.65062500000033,0.4875,-1
4623,7124,18.656666666666997,0.4875,-1
4624,7125,18.662708333333665,0.4875,-1
4625,7126,18.668750000000333,0.4875,-1
4626,7127,18.674791666667,0.4875,-1
4627,7128,18.68083333333367,0.4875,-1
4628,7129,18.686875000000338,0.4875,-1
4629,7130,18.692916666667006,0.4875,-1
4630,7131,18.698958333333675,0.4875,-1
4631,7132,18.705000000000343,0.4875,-1
4632,7133,18.71104166666701,0.4875,-1
4633,7134,18.71708333333368,0.4875,-1
4634,7135,18.723125000000348,0.4875,-1
4635,7136,18.729166666667016,0.4875,-1
4636,7137,18.735208333333684,0.4875,-1
4637,7138,18.741250000000353,0.4875,-1
4638,7139,18.74729166666702,0.4875,-1
4639,7140,18.75333333333369,0.4875,-1
4640,7141,18.759375000000357,0.4875,-1
4641,7142,18.765416666667026,0.4875,-1
4642,7143,18.771458333333694,0.4875,-1
4643,7144,18.777500000000362,0.4875,-1
4644,7145,18.78354166666703,0.4875,-1
4645,7146,18.7895833333337,0.4875,-1
4646,7147,18.795625000000367,0.4875,-1
4647,7148,18.801666666667035,0.4875,-1
4648,7149,18.807708333333704,0.4875,-1
4649,7150,18.813750000000372,0.4875,-1
4650,7151,18.81979166666704,0.4875,-1
4651,7152,18.82583333333371,0.4875,-1
4652,7153,18.831875000000377,0.4875,-1
4653,7154,18.837916666667045,0.4875,-1
4654,7155,18.843958333333713,0.4875,-1
4655,7156,18.85000000000038,0.4875,-1
4656,7157,18.85604166666705,0.4875,-1
4657,7158,18.862083333333718,0.4875,-1
4658,7159,18.868125000000386,0.4875,-1
4659,7160,18.874166666667055,0.4875,-1
4660,7161,18.880208333333723,0.4875,-1
4661,7162,18.88625000000039,0.4875,-1
4662,7163,18.89229166666706,0.4875,-1
4663,7164,18.898333333333728,0.4875,-1
4664,7165,18.904375000000396,0.4875,-1
4665,7166,18.910416666667064,0.4875,-1
4666,7167,18.916458333333733,0.4875,-1
4667,7168,18.9225000000004,0.4875,-1
4668,7169,18.92854166666707,0.4875,-1
4669,7170,18.934583333333737,0.4875,-1
4670,7171,18.940625000000406,0.4875,-1
4671,7172,18.946666666667074,0.4875,-1
4672,7173,18.952708333333742,0.4875,-1
4673,7174,18.95875000000041,0.4875,-1
4674,7175,18.96479166666708,0.4875,-1
4675,7176,18.970833333333747,0.4875,-1
4676,7177,18.976875000000415,0.4875,-1
4677,7178,18.982916666667084,0.4875,-1
4678,7179,18.988958333333752,0.4875,-1
4679,7180,18.99500000000042,0.4875,-1
4680,7181,19.00104166666709,0.4875,-1
4681,7182,19.007083333333757,0.4875,-1
4682,7183,19.013125000000425,0.4875,-1
4683,7184,19.019166666667093,0.4875,-1
4684,7185,19.02520833333376,0.4875,-1
4685,7186,19.03125000000043,0.4875,-1
4686,7187,19.037291666667098,0.4875,-1
4687,7188,19.043333333333766,0.4875,-1
4688,7189,19.049375000000435,0.4875,-1
4689,7190,19.055416666667103,0.4875,-1
4690,7191,19.06145833333377,0.4875,-1
4691,7192,19.06750000000044,0.4875,-1
4692,7193,19.073541666667108,0.4875,-1
4693,7194,19.079583333333776,0.4875,-1
4694,7195,19.085625000000444,0.4875,-1
4695,7196,19.091666666667113,0.4875,-1
4696,7197,19.09770833333378,0.4875,-1
4697,7198,19.10375000000045,0.4875,-1
4698,7199,19.109791666667117,0.4875,-1
4699,7200,19.115833333333786,0.4875,-1
4700,7201,19.121875000000454,0.4875,-1
4701,7202,19.127916666667122,0.4875,-1
4702,7203,19.13395833333379,0.4875,-1
4703,7204,19.14000000000046,0.4875,-1
4704,7205,19.146041666667127,0.4875,-1
4705,7206,19.152083333333795,0.4875,-1
4706,7207,19.158125000000464,0.4875,-1
4707,7208,19.164166666667132,0.4875,-1
4708,7209,19.1702083333338,0.4875,-1
4709,7210,19.17625000000047,0.4875,-1
4710,7211,19.182291666667137,0.4875,-1
4711,7212,19.188333333333805,0.4875,-1
4712,7213,19.194375000000473,0.4875,-1
4713,7214,19.20041666666714,0.4875,-1
4714,7215,19.20645833333381,0.4875,-1
4715,7216,19.212500000000478,0.4875,-1
4716,7217,19.218541666667146,0.4875,-1
4717,7218,19.224583333333815,0.4875,-1
4718,7219,19.230625000000483,0.4875,-1
4719,7220,19.23666666666715,0.4875,-1
4720,7221,19.24270833333382,0.4875,-1
4721,7222,19.248750000000488,0.4875,-1
4722,7223,19.254791666667156,0.4875,-1
4723,7224,19.260833333333824,0.4875,-1
4724,7225,19.266875000000493,0.4875,-1
4725,7226,19.27291666666716,0.4875,-1
4726,7227,19.27895833333383,0.4875,-1
4727,7228,19.285000000000498,0.4875,-1
4728,7229,19.291041666667166,0.4875,-1
4729,7230,19.297083333333834,0.4875,-1
4730,7231,19.303125000000502,0.4875,-1
4731,7232,19.30916666666717,0.4875,-1
4732,7233,19.31520833333384,0.4875,-1
4733,7234,19.321250000000507,0.4875,-1
4734,7235,19.327291666667175,0.4875,-1
4735,7236,19.333333333333844,0.4875,-1
4736,7237,19.339375000000512,0.4875,-1
4737,7238,19.34541666666718,0.4875,-1
4738,7239,19.35145833333385,0.4875,-1
4739,7240,19.357500000000517,0.4875,-1
4740,7241,19.363541666667185,0.4875,-1
4741,7242,19.369583333333853,0.4875,-1
4742,7243,19.37562500000052,0.4875,-1
4743,7244,19.38166666666719,0.4875,-1
4744,7245,19.38770833333386,0.4875,-1
4745,7246,19.393750000000527,0.4875,-1
4746,7247,19.399791666667195,0.4875,-1
4747,7248,19.405833333333863,0.4875,-1
4748,7249,19.41187500000053,0.4875,-1
4749,7250,19.4179166666672,0.4875,-1
4750,7251,19.423958333333868,0.4875,-1
4751,7252,19.430000000000536,0.4875,-1
4752,7253,19.430000000000536,0.4375,35
4753,7254,19.430000000000536,0.4375,35
4754,7255,19.430000000000536,0.4375,35
4755,7256,19.430000000000536,0.4375,35
4756,7257,19.430000000000536,0.4375,35
4757,7258,19.430000000000536,0.4375,35
4758,7259,19.430000000000536,0.4375,35
4759,7260,19.430000000000536,0.4375,35
4760,7261,19.430000000000536,0.4375,35
4761,7262,19.430000000000536,0.4375,35
4762,7263,19.430000000000536,0.4375,35
4763,7264,19.430000000000536,0.4375,35
4764,7265,19.430000000000536,0.4375,35
4765,7266,19.430000000000536,0.4375,35
4766,7267,19.430000000000536,0.4375,35
4767,7268,19.430000000000536,0.4375,35
4768,7269,19.430000000000536,0.4375,35
4769,7270,19.430000000000536,0.4375,35
4770,7271,19.430000000000536,0.4375,35
4771,7272,19.430000000000536,0.4375,35
4772,7273,19.430000000000536,0.4375,35
4773,7274,19.430000000000536,0.4375,35
4774,7275,19.430000000000536,0.4375,35
4775,7276,19.430000000000536,0.4375,35
4776,7277,19.430000000000536,0.4375,35
4777,7278,19.430000000000536,0.4375,35
4778,7279,19.430000000000536,0.4375,35
4779,7280,19.430000000000536,0.4375,35
4780,7281,19.430000000000536,0.4375,35
4781,7282,19.430000000000536,0.4375,35
4782,7283,19.430000000000536,0.4375,35
4783,7284,19.430000000000536,0.4375,35
4784,7285,19.430000000000536,0.4375,35
4785,7286,19.430000000000536,0.4375,35
4786,7287,19.430000000000536,0.4375,35
4787,7288,19.430000000000536,0.4375,35
4788,7289,19.430000000000536,0.4375,35
4789,7290,19.430000000000536,0.4375,35
4790,7291,19.430000000000536,0.4375,35
4791,7292,19.430000000000536,0.4375,35
4792,7293,19.430000000000536,0.4375,35
4793,7294,19.430000000000536,0.4375,35
4794,7295,19.436041666667204,0.4375,-1
4795,7296,19.436041666667204,0.425,36
4796,7297,19.436041666667204,0.425,36
4797,7298,19.436041666667204,0.425,36
4798,7299,19.436041666667204,0.425,36
4799,7300,19.436041666667204,0.425,36
4800,7301,19.436041666667204,0.425,36
4801,7302,19.436041666667204,0.425,36
4802,7303,19.436041666667204,0.425,36
4803,7304,19.436041666667204,0.425,36
4804,7305,19.436041666667204,0.425,36
4805,7306,19.436041666667204,0.425,36
4806,7307,19.436041666667204,0.425,36
4807,7308,19.436041666667204,0.425,36
4808,7309,19.436041666667204,0.425,36
4809,7310,19.436041666667204,0.425,36
4810,7311,19.436041666667204,0.425,36
4811,7312,19.436041666667204,0.425,36
4812,7313,19.436041666667204,0.425,36
4813,7314,19.436041666667204,0.425,36
4814,7315,19.436041666667204,0.425,36
4815,7316,19.436041666667204,0.425,36
4816,7317,19.436041666667204,0.425,36
4817,7318,19.436041666667204,0.425,36
4818,7319,19.436041666667204,0.425,36
4819,7320,19.436041666667204,0.425,36
4820,7321,19.436041666667204,0.425,36
4821,7322,19.436041666667204,0.425,36
4822,7323,19.442083333333873,0.425,-1
4823,7324,19.44812500000054,0.425,-1
4824,7325,19.45416666666721,0.425,-1
4825,7326,19.460208333333878,0.425,-1
4826,7327,19.466250000000546,0.425,-1
4827,7328,19.472291666667214,0.425,-1
4828,7329,19.478333333333882,0.425,-1
4829,7330,19.48437500000055,0.425,-1
4830,7331,19.49041666666722,0.425,-1
4831,7332,19.496458333333887,0.425,-1
4832,7333,19.502500000000556,0.425,-1
4833,7334,19.508541666667224,0.425,-1
4834,7335,19.514583333333892,0.425,-1
4835,7336,19.52062500000056,0.425,-1
4836,7337,19.52666666666723,0.425,-1
4837,7338,19.532708333333897,0.425,-1
4838,7339,19.538750000000565,0.425,-1
4839,7340,19.544791666667233,0.425,-1
4840,7341,19.5508333333339,0.425,-1
4841,7342,19.55687500000057,0.425,-1
4842,7343,19.56291666666724,0.425,-1
4843,7344,19.568958333333907,0.425,-1
4844,7345,19.575000000000575,0.425,-1
4845,7346,19.581041666667243,0.425,-1
4846,7347,19.58708333333391,0.425,-1
4847,7348,19.59312500000058,0.425,-1
4848,7349,19.599166666667248,0.425,-1
4849,7350,19.605208333333916,0.425,-1
4850,7351,19.611250000000584,0.425,-1
4851,7352,19.617291666667253,0.425,-1
4852,7353,19.62333333333392,0.425,-1
4853,7354,19.62937500000059,0.425,-1
4854,7355,19.635416666667258,0.425,-1
4855,7356,19.641458333333926,0.425,-1
4856,7357,19.647500000000594,0.425,-1
4857,7358,19.653541666667262,0.425,-1
4858,7359,19.65958333333393,0.425,-1
4859,7360,19.6656250000006,0.425,-1
4860,7361,19.671666666667267,0.425,-1
4861,7362,19.677708333333936,0.425,-1
4862,7363,19.683750000000604,0.425,-1
4863,7364,19.689791666667272,0.425,-1
4864,7365,19.69583333333394,0.425,-1
4865,7366,19.70187500000061,0.425,-1
4866,7367,19.707916666667277,0.425,-1
4867,7368,19.713958333333945,0.425,-1
4868,7369,19.720000000000613,0.425,-1
4869,7370,19.72604166666728,0.425,-1
4870,7371,19.73208333333395,0.425,-1
4871,7372,19.73812500000062,0.425,-1
4872,7373,19.744166666667287,0.425,-1
4873,7374,19.750208333333955,0.425,-1
4874,7375,19.756250000000623,0.425,-1
4875,7376,19.76229166666729,0.425,-1
4876,7377,19.76833333333396,0.425,-1
4877,7378,19.774375000000628,0.425,-1
4878,7379,19.780416666667296,0.425,-1
4879,7380,19.786458333333965,0.425,-1
4880,7381,19.786458333333965,0.325,37
4881,7382,19.786458333333965,0.325,37
4882,7383,19.786458333333965,0.325,37
4883,7384,19.786458333333965,0.325,37
4884,7385,19.786458333333965,0.325,37
4885,7386,19.786458333333965,0.325,37
4886,7387,19.786458333333965,0.325,37
4887,7388,19.786458333333965,0.325,37
4888,7389,19.786458333333965,0.325,37
4889,7390,19.786458333333965,0.325,37
4890,7391,19.786458333333965,0.325,37
4891,7392,19.786458333333965,0.325,37
4892,7393,19.786458333333965,0.325,37
4893,7394,19.786458333333965,0.325,37
4894,7395,19.786458333333965,0.325,37
4895,7396,19.786458333333965,0.325,37
4896,7397,19.786458333333965,0.325,37
4897,7398,19.786458333333965,0.325,37
4898,7399,19.786458333333965,0.325,37
4899,7400,19.786458333333965,0.325,37
4900,7401,19.786458333333965,0.325,37
4901,7402,19.786458333333965,0.325,37
4902,7403,19.786458333333965,0.325,37
4903,7404,19.786458333333965,0.325,37
4904,7405,19.786458333333965,0.325,37
4905,7406,19.786458333333965,0.325,37
4906,7407,19.786458333333965,0.325,37
4907,7408,19.786458333333965,0.325,37
4908,7409,19.786458333333965,0.325,37
4909,7410,19.786458333333965,0.325,37
4910,7411,19.786458333333965,0.325,37
4911,7412,19.786458333333965,0.325,37
4912,7413,19.786458333333965,0.325,37
4913,7414,19.786458333333965,0.325,37
4914,7415,19.786458333333965,0.325,37
4915,7416,19.786458333333965,0.325,37
4916,7417,19.786458333333965,0.325,37
4917,7418,19.786458333333965,0.325,37
4918,7419,19.786458333333965,0.325,37
4919,7420,19.786458333333965,0.325,37
4920,7421,19.786458333333965,0.325,37
4921,7422,19.786458333333965,0.325,37
4922,7423,19.786458333333965,0.325,37
4923,7424,19.786458333333965,0.325,37
4924,7425,19.786458333333965,0.325,37
4925,7426,19.786458333333965,0.325,37
4926,7427,19.786458333333965,0.325,37
4927,7428,19.786458333333965,0.325,37
4928,7429,19.786458333333965,0.325,37
4929,7430,19.786458333333965,0.325,37
4930,7431,19.786458333333965,0.325,37
4931,7432,19.786458333333965,0.325,37
4932,7433,19.786458333333965,0.325,37
4933,7434,19.786458333333965,0.325,37
4934,7435,19.786458333333965,0.325,37
4935,7436,19.786458333333965,0.325,37
4936,7437,19.786458333333965,0.325,37
4937,7438,19.786458333333965,0.325,37
4938,7439,19.786458333333965,0.325,37
4939,7440,19.786458333333965,0.325,37
4940,7441,19.786458333333965,0.325,37
4941,7442,19.786458333333965,0.325,37
4942,7443,19.786458333333965,0.325,37
4943,7444,19.786458333333965,0.325,37
4944,7445,19.786458333333965,0.325,37
4945,7446,19.786458333333965,0.325,37
4946,7447,19.786458333333965,0.325,37
4947,7448,19.786458333333965,0.325,37
4948,7449,19.786458333333965,0.325,37
4949,7450,19.786458333333965,0.325,37
4950,7451,19.786458333333965,0.325,37
4951,7452,19.786458333333965,0.325,37
4952,7453,19.786458333333965,0.325,37
4953,7454,19.786458333333965,0.325,37
4954,7455,19.786458333333965,0.325,37
4955,7456,19.786458333333965,0.325,37
4956,7457,19.786458333333965,0.325,37
4957,7458,19.786458333333965,0.325,37
4958,7459,19.786458333333965,0.325,37
4959,7460,19.786458333333965,0.325,37
4960,7461,19.786458333333965,0.325,37
4961,7462,19.786458333333965,0.325,37
4962,7463,19.786458333333965,0.325,37
4963,7464,19.792500000000633,0.325,-1
4964,7465,19.7985416666673,0.325,-1
4965,7466,19.80458333333397,0.325,-1
4966,7467,19.810625000000638,0.325,-1
4967,7468,19.816666666667306,0.325,-1
4968,7469,19.822708333333974,0.325,-1
4969,7470,19.828750000000642,0.325,-1
4970,7471,19.83479166666731,0.325,-1
4971,7472,19.84083333333398,0.325,-1
4972,7473,19.846875000000647,0.325,-1
4973,7474,19.852916666667316,0.325,-1
4974,7475,19.858958333333984,0.325,-1
4975,7476,19.865000000000652,0.325,-1
4976,7477,19.87104166666732,0.325,-1
4977,7478,19.87708333333399,0.325,-1
4978,7479,19.883125000000657,0.325,-1
4979,7480,19.889166666667325,0.325,-1
4980,7481,19.895208333333994,0.325,-1
4981,7482,19.901250000000662,0.325,-1
4982,7483,19.90729166666733,0.325,-1
4983,7484,19.913333333334,0.325,-1
4984,7485,19.919375000000667,0.325,-1
4985,7486,19.925416666667335,0.325,-1
4986,7487,19.931458333334003,0.325,-1
4987,7488,19.93750000000067,0.325,-1
4988,7489,19.94354166666734,0.325,-1
4989,7490,19.949583333334008,0.325,-1
4990,7491,19.955625000000676,0.325,-1
4991,7492,19.961666666667345,0.325,-1
4992,7493,19.967708333334013,0.325,-1
4993,7494,19.97375000000068,0.325,-1
4994,7495,19.97979166666735,0.325,-1
4995,7496,19.985833333334018,0.325,-1
4996,7497,19.991875000000686,0.325,-1
4997,7498,19.997916666667354,0.325,-1
4998,7499,20.003958333334023,0.325,-1
4999,7500,20.01000000000069,0.325,-1
5000,7501,20.01604166666736,0.325,-1
5001,7502,20.022083333334027,0.325,-1
5002,7503,20.028125000000696,0.325,-1
5003,7504,20.034166666667364,0.325,-1
5004,7505,20.040208333334032,0.325,-1
5005,7506,20.0462500000007,0.325,-1
5006,7507,20.05229166666737,0.325,-1
5007,7508,20.058333333334037,0.325,-1
5008,7509,20.064375000000705,0.325,-1
5009,7510,20.070416666667374,0.325,-1
5010,7511,20.076458333334042,0.325,-1
5011,7512,20.08250000000071,0.325,-1
5012,7513,20.08854166666738,0.325,-1
5013,7514,20.094583333334047,0.325,-1
5014,7515,20.100625000000715,0.325,-1
5015,7516,20.106666666667383,0.325,-1
5016,7517,20.11270833333405,0.325,-1
5017,7518,20.11875000000072,0.325,-1
5018,7519,20.124791666667388,0.325,-1
5019,7520,20.130833333334056,0.325,-1
5020,7521,20.136875000000725,0.325,-1
5021,7522,20.142916666667393,0.325,-1
5022,7523,20.14895833333406,0.325,-1
5023,7524,20.15500000000073,0.325,-1
5024,7525,20.161041666667398,0.325,-1
5025,7526,20.167083333334066,0.325,-1
5026,7527,20.173125000000734,0.325,-1
5027,7528,20.179166666667403,0.325,-1
5028,7529,20.18520833333407,0.325,-1
5029,7530,20.19125000000074,0.325,-1
5030,7531,20.197291666667407,0.325,-1
5031,7532,20.203333333334076,0.325,-1
5032,7533,20.209375000000744,0.325,-1
5033,7534,20.215416666667412,0.325,-1
5034,7535,20.22145833333408,0.325,-1
5035,7536,20.22750000000075,0.325,-1
5036,7537,20.233541666667417,0.325,-1
5037,7538,20.239583333334085,0.325,-1
5038,7539,20.245625000000754,0.325,-1
5039,7540,20.251666666667422,0.325,-1
5040,7541,20.25770833333409,0.325,-1
5041,7542,20.26375000000076,0.325,-1
5042,7543,20.269791666667427,0.325,-1
5043,7544,20.275833333334095,0.325,-1
5044,7545,20.281875000000763,0.325,-1
5045,7546,20.28791666666743,0.325,-1
5046,7547,20.2939583333341,0.325,-1
5047,7548,20.300000000000768,0.325,-1
5048,7549,20.306041666667436,0.325,-1
5049,7550,20.312083333334105,0.325,-1
5050,7551,20.318125000000773,0.325,-1
5051,7552,20.32416666666744,0.325,-1
5052,7553,20.33020833333411,0.325,-1
5053,7554,20.33020833333411,0.1625,38
5054,7555,20.33020833333411,0.1625,38
5055,7556,20.33020833333411,0.1625,38
5056,7557,20.33020833333411,0.1625,38
5057,7558,20.33020833333411,0.1625,38
5058,7559,20.33020833333411,0.1625,38
5059,7560,20.33020833333411,0.1625,38
5060,7561,20.33020833333411,0.1625,38
5061,7562,20.33020833333411,0.1625,38
5062,7563,20.33020833333411,0.1625,38
5063,7564,20.33020833333411,0.1625,38
5064,7565,20.33020833333411,0.1625,38
5065,7566,20.33020833333411,0.1625,38
5066,7567,20.33020833333411,0.1625,38
5067,7568,20.33020833333411,0.1625,38
5068,7569,20.33020833333411,0.1625,38
5069,7570,20.33020833333411,0.1625,38
5070,7571,20.33020833333411,0.1625,38
5071,7572,20.33020833333411,0.1625,38
5072,7573,20.33020833333411,0.1625,38
5073,7574,20.33020833333411,0.1625,38
5074,7575,20.33020833333411,0.1625,38
5075,7576,20.33020833333411,0.1625,38
5076,7577,20.33020833333411,0.1625,38
5077,7578,20.33020833333411,0.1625,38
5078,7579,20.33020833333411,0.1625,38
5079,7580,20.33020833333411,0.1625,38
5080,7581,20.336250000000778,0.1625,-1
5081,7582,20.342291666667446,0.1625,-1
5082,7583,20.348333333334114,0.1625,-1
5083,7584,20.354375000000783,0.1625,-1
5084,7585,20.36041666666745,0.1625,-1
5085,7586,20.36645833333412,0.1625,-1
5086,7587,20.372500000000787,0.1625,-1
5087,7588,20.378541666667456,0.1625,-1
5088,7589,20.384583333334124,0.1625,-1
5089,7590,20.390625000000792,0.1625,-1
5090,7591,20.39666666666746,0.1625,-1
5091,7592,20.40270833333413,0.1625,-1
5092,7593,20.408750000000797,0.1625,-1
5093,7594,20.414791666667465,0.1625,-1
5094,7595,20.420833333334134,0.1625,-1
5095,7596,20.426875000000802,0.1625,-1
5096,7597,20.43291666666747,0.1625,-1
5097,7598,20.43895833333414,0.1625,-1
5098,7599,20.445000000000807,0.1625,-1
5099,7600,20.451041666667475,0.1625,-1
5100,7601,20.457083333334143,0.1625,-1
5101,7602,20.46312500000081,0.1625,-1
5102,7603,20.46916666666748,0.1625,-1
5103,7604,20.475208333334148,0.1625,-1
5104,7605,20.481250000000816,0.1625,-1
5105,7606,20.487291666667485,0.1625,-1
5106,7607,20.493333333334153,0.1625,-1
5107,7608,20.49937500000082,0.1625,-1
5108,7609,20.50541666666749,0.1625,-1
5109,7610,20.511458333334158,0.1625,-1
5110,7611,20.517500000000826,0.1625,-1
5111,7612,20.523541666667494,0.1625,-1
5112,7613,20.529583333334163,0.1625,-1
5113,7614,20.53562500000083,0.1625,-1
5114,7615,20.5416666666675,0.1625,-1
5115,7616,20.547708333334167,0.1625,-1
5116,7617,20.553750000000836,0.1625,-1
5117,7618,20.559791666667504,0.1625,-1
5118,7619,20.565833333334172,0.1625,-1
5119,7620,20.57187500000084,0.1625,-1
5120,7621,20.57791666666751,0.1625,-1
5121,7622,20.583958333334177,0.1625,-1
5122,7623,20.590000000000845,0.1625,-1
5123,7624,20.596041666667514,0.1625,-1
5124,7625,20.602083333334182,0.1625,-1
5125,7626,20.60812500000085,0.1625,-1
5126,7627,20.61416666666752,0.1625,-1
5127,7628,20.620208333334187,0.1625,-1
5128,7629,20.626250000000855,0.1625,-1
5129,7630,20.632291666667523,0.1625,-1
5130,7631,20.63833333333419,0.1625,-1
5131,7632,20.64437500000086,0.1625,-1
5132,7633,20.650416666667528,0.1625,-1
5133,7634,20.656458333334196,0.1625,-1
5134,7635,20.662500000000865,0.1625,-1
5135,7636,20.668541666667533,0.1625,-1
5136,7637,20.6745833333342,0.1625,-1
5137,7638,20.68062500000087,0.1625,-1
5138,7639,20.686666666667538,0.1625,-1
5139,7640,20.692708333334206,0.1625,-1
5140,7641,20.698750000000874,0.1625,-1
5141,7642,20.704791666667543,0.1625,-1
5142,7643,20.71083333333421,0.1625,-1
5143,7644,20.71687500000088,0.1625,-1
5144,7645,20.722916666667548,0.1625,-1
5145,7646,20.728958333334216,0.1625,-1
5146,7647,20.735000000000884,0.1625,-1
5147,7648,20.741041666667552,0.1625,-1
5148,7649,20.74708333333422,0.1625,-1
5149,7650,20.75312500000089,0.1625,-1
5150,7651,20.759166666667557,0.1625,-1
5151,7652,20.765208333334225,0.1625,-1
5152,7653,20.771250000000894,0.1625,-1
5153,7654,20.777291666667562,0.1625,-1
5154,7655,20.78333333333423,0.1625,-1
5155,7656,20.7893750000009,0.1625,-1
5156,7657,20.795416666667567,0.1625,-1
5157,7658,20.801458333334235,0.1625,-1
5158,7659,20.807500000000903,0.1625,-1
5159,7660,20.81354166666757,0.1625,-1
5160,7661,20.81958333333424,0.1625,-1
5161,7662,20.825625000000908,0.1625,-1
5162,7663,20.831666666667576,0.1625,-1
5163,7664,20.837708333334245,0.1625,-1
5164,7665,20.843750000000913,0.1625,-1
5165,7666,20.84979166666758,0.1625,-1
5166,7667,20.85583333333425,0.1625,-1
5167,7668,20.861875000000918,0.1625,-1
5168,7669,20.867916666667586,0.1625,-1
5169,7670,20.873958333334254,0.1625,-1
5170,7671,20.880000000000923,0.1625,-1
5171,7672,20.88604166666759,0.1625,-1
5172,7673,20.89208333333426,0.1625,-1
5173,7674,20.898125000000928,0.1625,-1
5174,7675,20.904166666667596,0.1625,-1
5175,7676,20.910208333334264,0.1625,-1
5176,7677,20.916250000000932,0.1625,-1
5177,7678,20.9222916666676,0.1625,-1
5178,7679,20.92833333333427,0.1625,-1
5179,7680,20.934375000000937,0.1625,-1
5180,7681,20.940416666667605,0.1625,-1
5181,7682,20.946458333334274,0.1625,-1
5182,7683,20.952500000000942,0.1625,-1
5183,7684,20.95854166666761,0.1625,-1
5184,7685,20.96458333333428,0.1625,-1
5185,7686,20.970625000000947,0.1625,-1
5186,7687,20.976666666667615,0.1625,-1
5187,7688,20.982708333334283,0.1625,-1
5188,7689,20.98875000000095,0.1625,-1
5189,7690,20.99479166666762,0.1625,-1
5190,7691,21.00083333333429,0.1625,-1
5191,7692,21.00083333333429,0.0,39
