,time,loc,op,stop
0,2885,0.0,0.0,-1
1,2886,0.0,0.025,1
2,2887,0.0,0.025,1
3,2888,0.0,0.025,1
4,2889,0.0,0.025,1
5,2890,0.0,0.025,1
6,2891,0.0,0.025,1
7,2892,0.007083333333333333,0.025,-1
8,2893,0.014166666666666666,0.025,-1
9,2894,0.021249999999999998,0.025,-1
10,2895,0.028333333333333332,0.025,-1
11,2896,0.035416666666666666,0.025,-1
12,2897,0.042499999999999996,0.025,-1
13,2898,0.049583333333333326,0.025,-1
14,2899,0.05666666666666666,0.025,-1
15,2900,0.06374999999999999,0.025,-1
16,2901,0.07083333333333332,0.025,-1
17,2902,0.07791666666666665,0.025,-1
18,2903,0.08499999999999998,0.025,-1
19,2904,0.09208333333333331,0.025,-1
20,2905,0.09916666666666664,0.025,-1
21,2906,0.10624999999999997,0.025,-1
22,2907,0.1133333333333333,0.025,-1
23,2908,0.12041666666666663,0.025,-1
24,2909,0.12749999999999997,0.025,-1
25,2910,0.1345833333333333,0.025,-1
26,2911,0.14166666666666664,0.025,-1
27,2912,0.14874999999999997,0.025,-1
28,2913,0.1558333333333333,0.025,-1
29,2914,0.16291666666666663,0.025,-1
30,2915,0.16999999999999996,0.025,-1
31,2916,0.1770833333333333,0.025,-1
32,2917,0.18416666666666662,0.025,-1
33,2918,0.19124999999999995,0.025,-1
34,2919,0.19833333333333328,0.025,-1
35,2920,0.2054166666666666,0.025,-1
36,2921,0.21249999999999994,0.025,-1
37,2922,0.21958333333333327,0.025,-1
38,2923,0.2266666666666666,0.025,-1
39,2924,0.23374999999999993,0.025,-1
40,2925,0.24083333333333326,0.025,-1
41,2926,0.2479166666666666,0.025,-1
42,2927,0.25499999999999995,0.025,-1
43,2928,0.2620833333333333,0.025,-1
44,2929,0.2691666666666666,0.025,-1
45,2930,0.27624999999999994,0.025,-1
46,2931,0.28333333333333327,0.025,-1
47,2932,0.2904166666666666,0.025,-1
48,2933,0.29749999999999993,0.025,-1
49,2934,0.30458333333333326,0.025,-1
50,2935,0.3116666666666666,0.025,-1
51,2936,0.3187499999999999,0.025,-1
52,2937,0.32583333333333325,0.025,-1
53,2938,0.3329166666666666,0.025,-1
54,2939,0.3399999999999999,0.025,-1
55,2940,0.3399999999999999,0.05,2
56,2941,0.3399999999999999,0.05,2
57,2942,0.3399999999999999,0.05,2
58,2943,0.3399999999999999,0.05,2
59,2944,0.3399999999999999,0.05,2
60,2945,0.3399999999999999,0.05,2
61,2946,0.34708333333333324,0.05,-1
62,2947,0.3541666666666666,0.05,-1
63,2948,0.3612499999999999,0.05,-1
64,2949,0.36833333333333323,0.05,-1
65,2950,0.37541666666666657,0.05,-1
66,2951,0.3824999999999999,0.05,-1
67,2952,0.3895833333333332,0.05,-1
68,2953,0.39666666666666656,0.05,-1
69,2954,0.4037499999999999,0.05,-1
70,2955,0.4108333333333332,0.05,-1
71,2956,0.41791666666666655,0.05,-1
72,2957,0.4249999999999999,0.05,-1
73,2958,0.4320833333333332,0.05,-1
74,2959,0.43916666666666654,0.05,-1
75,2960,0.44624999999999987,0.05,-1
76,2961,0.4533333333333332,0.05,-1
77,2962,0.46041666666666653,0.05,-1
78,2963,0.46749999999999986,0.05,-1
79,2964,0.4745833333333332,0.05,-1
80,2965,0.4816666666666665,0.05,-1
81,2966,0.48874999999999985,0.05,-1
82,2967,0.4958333333333332,0.05,-1
83,2968,0.5029166666666666,0.05,-1
84,2969,0.5099999999999999,0.05,-1
85,2970,0.5170833333333332,0.05,-1
86,2971,0.5241666666666666,0.05,-1
87,2972,0.5312499999999999,0.05,-1
88,2973,0.5383333333333332,0.05,-1
89,2974,0.5454166666666665,0.05,-1
90,2975,0.5524999999999999,0.05,-1
91,2976,0.5595833333333332,0.05,-1
92,2977,0.5666666666666665,0.05,-1
93,2978,0.5737499999999999,0.05,-1
94,2979,0.5808333333333332,0.05,-1
95,2980,0.5879166666666665,0.05,-1
96,2981,0.5949999999999999,0.05,-1
97,2982,0.6020833333333332,0.05,-1
98,2983,0.6091666666666665,0.05,-1
99,2984,0.6162499999999999,0.05,-1
100,2985,0.6233333333333332,0.05,-1
101,2986,0.6304166666666665,0.05,-1
102,2987,0.6374999999999998,0.05,-1
103,2988,0.6445833333333332,0.05,-1
104,2989,0.6516666666666665,0.05,-1
105,2990,0.6587499999999998,0.05,-1
106,2991,0.6658333333333332,0.05,-1
107,2992,0.6729166666666665,0.05,-1
108,2993,0.6799999999999998,0.05,-1
109,2994,0.6870833333333332,0.05,-1
110,2995,0.6941666666666665,0.05,-1
111,2996,0.7012499999999998,0.05,-1
112,2997,0.7083333333333331,0.05,-1
113,2998,0.7154166666666665,0.05,-1
114,2999,0.7224999999999998,0.05,-1
115,3000,0.7295833333333331,0.05,-1
116,3001,0.7366666666666665,0.05,-1
117,3002,0.7437499999999998,0.05,-1
118,3003,0.7508333333333331,0.05,-1
119,3004,0.7579166666666665,0.05,-1
120,3005,0.7649999999999998,0.05,-1
121,3006,0.7720833333333331,0.05,-1
122,3007,0.7791666666666665,0.05,-1
123,3008,0.7862499999999998,0.05,-1
124,3009,0.7933333333333331,0.05,-1
125,3010,0.8004166666666664,0.05,-1
126,3011,0.8074999999999998,0.05,-1
127,3012,0.8145833333333331,0.05,-1
128,3013,0.8216666666666664,0.05,-1
129,3014,0.8287499999999998,0.05,-1
130,3015,0.8358333333333331,0.05,-1
131,3016,0.8429166666666664,0.05,-1
132,3017,0.8499999999999998,0.05,-1
133,3018,0.8570833333333331,0.05,-1
134,3019,0.8641666666666664,0.05,-1
135,3020,0.8712499999999997,0.05,-1
136,3021,0.8783333333333331,0.05,-1
137,3022,0.8854166666666664,0.05,-1
138,3023,0.8924999999999997,0.05,-1
139,3024,0.8995833333333331,0.05,-1
140,3025,0.9066666666666664,0.05,-1
141,3026,0.9137499999999997,0.05,-1
142,3027,0.9208333333333331,0.05,-1
143,3028,0.9279166666666664,0.05,-1
144,3029,0.9279166666666664,0.05,3
145,3030,0.9279166666666664,0.05,3
146,3031,0.9279166666666664,0.05,3
147,3032,0.9279166666666664,0.05,3
148,3033,0.9279166666666664,0.05,3
149,3034,0.9279166666666664,0.05,3
150,3035,0.9279166666666664,0.05,3
151,3036,0.9279166666666664,0.05,3
152,3037,0.9279166666666664,0.05,3
153,3038,0.9279166666666664,0.05,3
154,3039,0.9279166666666664,0.05,3
155,3040,0.9279166666666664,0.05,3
156,3041,0.9279166666666664,0.05,3
157,3042,0.9279166666666664,0.05,3
158,3043,0.9279166666666664,0.05,3
159,3044,0.9279166666666664,0.05,3
160,3045,0.9279166666666664,0.05,3
161,3046,0.9279166666666664,0.05,3
162,3047,0.9279166666666664,0.05,3
163,3048,0.9279166666666664,0.05,3
164,3049,0.9279166666666664,0.05,3
165,3050,0.9279166666666664,0.05,3
166,3051,0.9279166666666664,0.05,3
167,3052,0.9279166666666664,0.05,3
168,3053,0.9279166666666664,0.05,3
169,3054,0.9279166666666664,0.05,3
170,3055,0.9279166666666664,0.05,3
171,3056,0.9279166666666664,0.05,3
172,3057,0.9279166666666664,0.05,3
173,3058,0.9279166666666664,0.05,3
174,3059,0.9279166666666664,0.05,3
175,3060,0.9279166666666664,0.05,3
176,3061,0.9279166666666664,0.05,3
177,3062,0.9279166666666664,0.05,3
178,3063,0.9279166666666664,0.05,3
179,3064,0.9279166666666664,0.05,3
180,3065,0.9279166666666664,0.05,3
181,3066,0.9279166666666664,0.05,3
182,3067,0.9279166666666664,0.05,3
183,3068,0.9279166666666664,0.05,3
184,3069,0.9279166666666664,0.05,3
185,3070,0.9279166666666664,0.05,3
186,3071,0.9279166666666664,0.05,3
187,3072,0.9279166666666664,0.05,3
188,3073,0.9279166666666664,0.05,3
189,3074,0.9279166666666664,0.05,3
190,3075,0.9349999999999997,0.05,-1
191,3076,0.942083333333333,0.05,-1
192,3077,0.9491666666666664,0.05,-1
193,3078,0.9562499999999997,0.05,-1
194,3079,0.963333333333333,0.05,-1
195,3080,0.9704166666666664,0.05,-1
196,3081,0.9774999999999997,0.05,-1
197,3082,0.984583333333333,0.05,-1
198,3083,0.9916666666666664,0.05,-1
199,3084,0.9987499999999997,0.05,-1
200,3085,1.0058333333333331,0.05,-1
201,3086,1.0129166666666665,0.05,-1
202,3087,1.0199999999999998,0.05,-1
203,3088,1.0270833333333331,0.05,-1
204,3089,1.0341666666666665,0.05,-1
205,3090,1.0412499999999998,0.05,-1
206,3091,1.0483333333333331,0.05,-1
207,3092,1.0554166666666664,0.05,-1
208,3093,1.0624999999999998,0.05,-1
209,3094,1.069583333333333,0.05,-1
210,3095,1.0766666666666664,0.05,-1
211,3096,1.0837499999999998,0.05,-1
212,3097,1.090833333333333,0.05,-1
213,3098,1.0979166666666664,0.05,-1
214,3099,1.1049999999999998,0.05,-1
215,3100,1.112083333333333,0.05,-1
216,3101,1.1191666666666664,0.05,-1
217,3102,1.1262499999999998,0.05,-1
218,3103,1.133333333333333,0.05,-1
219,3104,1.1404166666666664,0.05,-1
220,3105,1.1474999999999997,0.05,-1
221,3106,1.154583333333333,0.05,-1
222,3107,1.1616666666666664,0.05,-1
223,3108,1.1687499999999997,0.05,-1
224,3109,1.175833333333333,0.05,-1
225,3110,1.1829166666666664,0.05,-1
226,3111,1.1899999999999997,0.05,-1
227,3112,1.197083333333333,0.05,-1
228,3113,1.2041666666666664,0.05,-1
229,3114,1.2112499999999997,0.05,-1
230,3115,1.218333333333333,0.05,-1
231,3116,1.2254166666666664,0.05,-1
232,3117,1.2324999999999997,0.05,-1
233,3118,1.239583333333333,0.05,-1
234,3119,1.2466666666666664,0.05,-1
235,3120,1.2537499999999997,0.05,-1
236,3121,1.260833333333333,0.05,-1
237,3122,1.2679166666666664,0.05,-1
238,3123,1.2749999999999997,0.05,-1
239,3124,1.282083333333333,0.05,-1
240,3125,1.2891666666666663,0.05,-1
241,3126,1.2962499999999997,0.05,-1
242,3127,1.303333333333333,0.05,-1
243,3128,1.3104166666666663,0.05,-1
244,3129,1.3174999999999997,0.05,-1
245,3130,1.324583333333333,0.05,-1
246,3131,1.3316666666666663,0.05,-1
247,3132,1.3387499999999997,0.05,-1
248,3133,1.345833333333333,0.05,-1
249,3134,1.3529166666666663,0.05,-1
250,3135,1.3599999999999997,0.05,-1
251,3136,1.367083333333333,0.05,-1
252,3137,1.3741666666666663,0.05,-1
253,3138,1.3812499999999996,0.05,-1
254,3139,1.388333333333333,0.05,-1
255,3140,1.3954166666666663,0.05,-1
256,3141,1.4024999999999996,0.05,-1
257,3142,1.409583333333333,0.05,-1
258,3143,1.4166666666666663,0.05,-1
259,3144,1.4237499999999996,0.05,-1
260,3145,1.430833333333333,0.05,-1
261,3146,1.430833333333333,0.0875,4
262,3147,1.430833333333333,0.0875,4
263,3148,1.430833333333333,0.0875,4
264,3149,1.430833333333333,0.0875,4
265,3150,1.430833333333333,0.0875,4
266,3151,1.430833333333333,0.0875,4
267,3152,1.430833333333333,0.0875,4
268,3153,1.430833333333333,0.0875,4
269,3154,1.430833333333333,0.0875,4
270,3155,1.430833333333333,0.0875,4
271,3156,1.430833333333333,0.0875,4
272,3157,1.430833333333333,0.0875,4
273,3158,1.430833333333333,0.0875,4
274,3159,1.430833333333333,0.0875,4
275,3160,1.430833333333333,0.0875,4
276,3161,1.430833333333333,0.0875,4
277,3162,1.430833333333333,0.0875,4
278,3163,1.430833333333333,0.0875,4
279,3164,1.430833333333333,0.0875,4
280,3165,1.430833333333333,0.0875,4
281,3166,1.430833333333333,0.0875,4
282,3167,1.430833333333333,0.0875,4
283,3168,1.430833333333333,0.0875,4
284,3169,1.430833333333333,0.0875,4
285,3170,1.430833333333333,0.0875,4
286,3171,1.430833333333333,0.0875,4
287,3172,1.430833333333333,0.0875,4
288,3173,1.430833333333333,0.0875,4
289,3174,1.430833333333333,0.0875,4
290,3175,1.430833333333333,0.0875,4
291,3176,1.430833333333333,0.0875,4
292,3177,1.430833333333333,0.0875,4
293,3178,1.430833333333333,0.0875,4
294,3179,1.430833333333333,0.0875,4
295,3180,1.430833333333333,0.0875,4
296,3181,1.430833333333333,0.0875,4
297,3182,1.430833333333333,0.0875,4
298,3183,1.430833333333333,0.0875,4
299,3184,1.430833333333333,0.0875,4
300,3185,1.4379166666666663,0.0875,-1
301,3186,1.4449999999999996,0.0875,-1
302,3187,1.452083333333333,0.0875,-1
303,3188,1.4591666666666663,0.0875,-1
304,3189,1.4662499999999996,0.0875,-1
305,3190,1.473333333333333,0.0875,-1
306,3191,1.4804166666666663,0.0875,-1
307,3192,1.4874999999999996,0.0875,-1
308,3193,1.494583333333333,0.0875,-1
309,3194,1.5016666666666663,0.0875,-1
310,3195,1.5087499999999996,0.0875,-1
311,3196,1.515833333333333,0.0875,-1
312,3197,1.5229166666666663,0.0875,-1
313,3198,1.5299999999999996,0.0875,-1
314,3199,1.537083333333333,0.0875,-1
315,3200,1.5441666666666662,0.0875,-1
316,3201,1.5512499999999996,0.0875,-1
317,3202,1.558333333333333,0.0875,-1
318,3203,1.5654166666666662,0.0875,-1
319,3204,1.5724999999999996,0.0875,-1
320,3205,1.579583333333333,0.0875,-1
321,3206,1.5866666666666662,0.0875,-1
322,3207,1.5937499999999996,0.0875,-1
323,3208,1.6008333333333329,0.0875,-1
324,3209,1.6079166666666662,0.0875,-1
325,3210,1.6149999999999995,0.0875,-1
326,3211,1.6220833333333329,0.0875,-1
327,3212,1.6291666666666662,0.0875,-1
328,3213,1.6362499999999995,0.0875,-1
329,3214,1.6433333333333329,0.0875,-1
330,3215,1.6504166666666662,0.0875,-1
331,3216,1.6574999999999995,0.0875,-1
332,3217,1.6645833333333329,0.0875,-1
333,3218,1.6716666666666662,0.0875,-1
334,3219,1.6787499999999995,0.0875,-1
335,3220,1.6858333333333329,0.0875,-1
336,3221,1.6929166666666662,0.0875,-1
337,3222,1.6999999999999995,0.0875,-1
338,3223,1.7070833333333328,0.0875,-1
339,3224,1.7141666666666662,0.0875,-1
340,3225,1.7212499999999995,0.0875,-1
341,3226,1.7283333333333328,0.0875,-1
342,3227,1.7354166666666662,0.0875,-1
343,3228,1.7424999999999995,0.0875,-1
344,3229,1.7495833333333328,0.0875,-1
345,3230,1.7566666666666662,0.0875,-1
346,3231,1.7637499999999995,0.0875,-1
347,3232,1.7708333333333328,0.0875,-1
348,3233,1.7779166666666661,0.0875,-1
349,3234,1.7849999999999995,0.0875,-1
350,3235,1.7920833333333328,0.0875,-1
351,3236,1.7991666666666661,0.0875,-1
352,3237,1.8062499999999995,0.0875,-1
353,3238,1.8133333333333328,0.0875,-1
354,3239,1.8204166666666661,0.0875,-1
355,3240,1.8274999999999995,0.0875,-1
356,3241,1.8345833333333328,0.0875,-1
357,3242,1.8416666666666661,0.0875,-1
358,3243,1.8487499999999994,0.0875,-1
359,3244,1.8558333333333328,0.0875,-1
360,3245,1.862916666666666,0.0875,-1
361,3246,1.8699999999999994,0.0875,-1
362,3247,1.8770833333333328,0.0875,-1
363,3248,1.884166666666666,0.0875,-1
364,3249,1.8912499999999994,0.0875,-1
365,3250,1.8983333333333328,0.0875,-1
366,3251,1.905416666666666,0.0875,-1
367,3252,1.9124999999999994,0.0875,-1
368,3253,1.9195833333333328,0.0875,-1
369,3254,1.926666666666666,0.0875,-1
370,3255,1.9337499999999994,0.0875,-1
371,3256,1.9408333333333327,0.0875,-1
372,3257,1.947916666666666,0.0875,-1
373,3258,1.9549999999999994,0.0875,-1
374,3259,1.9620833333333327,0.0875,-1
375,3260,1.969166666666666,0.0875,-1
376,3261,1.9762499999999994,0.0875,-1
377,3262,1.9833333333333327,0.0875,-1
378,3263,1.990416666666666,0.0875,-1
379,3264,1.9974999999999994,0.0875,-1
380,3265,2.0045833333333327,0.0875,-1
381,3266,2.0116666666666663,0.0875,-1
382,3267,2.01875,0.0875,-1
383,3268,2.0258333333333334,0.0875,-1
384,3269,2.032916666666667,0.0875,-1
385,3270,2.0400000000000005,0.0875,-1
386,3271,2.047083333333334,0.0875,-1
387,3272,2.0541666666666676,0.0875,-1
388,3273,2.061250000000001,0.0875,-1
389,3274,2.0683333333333347,0.0875,-1
390,3275,2.0754166666666682,0.0875,-1
391,3276,2.082500000000002,0.0875,-1
392,3277,2.0895833333333353,0.0875,-1
393,3278,2.096666666666669,0.0875,-1
394,3279,2.1037500000000025,0.0875,-1
395,3280,2.110833333333336,0.0875,-1
396,3281,2.1179166666666696,0.0875,-1
397,3282,2.125000000000003,0.0875,-1
398,3283,2.1320833333333367,0.0875,-1
399,3284,2.13916666666667,0.0875,-1
400,3285,2.1462500000000038,0.0875,-1
401,3286,2.1533333333333373,0.0875,-1
402,3287,2.160416666666671,0.0875,-1
403,3288,2.1675000000000044,0.0875,-1
404,3289,2.174583333333338,0.0875,-1
405,3290,2.1816666666666715,0.0875,-1
406,3291,2.188750000000005,0.0875,-1
407,3292,2.1958333333333386,0.0875,-1
408,3293,2.202916666666672,0.0875,-1
409,3294,2.2100000000000057,0.0875,-1
410,3295,2.2170833333333393,0.0875,-1
411,3296,2.224166666666673,0.0875,-1
412,3297,2.2312500000000064,0.0875,-1
413,3298,2.23833333333334,0.0875,-1
414,3299,2.2454166666666735,0.0875,-1
415,3300,2.252500000000007,0.0875,-1
416,3301,2.2595833333333406,0.0875,-1
417,3302,2.266666666666674,0.0875,-1
418,3303,2.2737500000000077,0.0875,-1
419,3304,2.2737500000000077,0.1375,5
420,3305,2.2737500000000077,0.1375,5
421,3306,2.2737500000000077,0.1375,5
422,3307,2.2737500000000077,0.1375,5
423,3308,2.2737500000000077,0.1375,5
424,3309,2.2737500000000077,0.1375,5
425,3310,2.2737500000000077,0.1375,5
426,3311,2.2737500000000077,0.1375,5
427,3312,2.2737500000000077,0.1375,5
428,3313,2.2737500000000077,0.1375,5
429,3314,2.2737500000000077,0.1375,5
430,3315,2.2737500000000077,0.1375,5
431,3316,2.2737500000000077,0.1375,5
432,3317,2.2737500000000077,0.1375,5
433,3318,2.2737500000000077,0.1375,5
434,3319,2.2737500000000077,0.1375,5
435,3320,2.2737500000000077,0.1375,5
436,3321,2.2737500000000077,0.1375,5
437,3322,2.2737500000000077,0.1375,5
438,3323,2.2737500000000077,0.1375,5
439,3324,2.2737500000000077,0.1375,5
440,3325,2.2737500000000077,0.1375,5
441,3326,2.2737500000000077,0.1375,5
442,3327,2.2737500000000077,0.1375,5
443,3328,2.2737500000000077,0.1375,5
444,3329,2.2737500000000077,0.1375,5
445,3330,2.2737500000000077,0.1375,5
446,3331,2.2737500000000077,0.1375,5
447,3332,2.2737500000000077,0.1375,5
448,3333,2.2737500000000077,0.1375,5
449,3334,2.2737500000000077,0.1375,5
450,3335,2.2737500000000077,0.1375,5
451,3336,2.2737500000000077,0.1375,5
452,3337,2.2737500000000077,0.1375,5
453,3338,2.2737500000000077,0.1375,5
454,3339,2.2737500000000077,0.1375,5
455,3340,2.2737500000000077,0.1375,5
456,3341,2.2737500000000077,0.1375,5
457,3342,2.2737500000000077,0.1375,5
458,3343,2.2737500000000077,0.1375,5
459,3344,2.2737500000000077,0.1375,5
460,3345,2.2737500000000077,0.1375,5
461,3346,2.2737500000000077,0.1375,5
462,3347,2.2737500000000077,0.1375,5
463,3348,2.2737500000000077,0.1375,5
464,3349,2.2737500000000077,0.1375,5
465,3350,2.2737500000000077,0.1375,5
466,3351,2.2737500000000077,0.1375,5
467,3352,2.2737500000000077,0.1375,5
468,3353,2.2737500000000077,0.1375,5
469,3354,2.2737500000000077,0.1375,5
470,3355,2.2737500000000077,0.1375,5
471,3356,2.2737500000000077,0.1375,5
472,3357,2.2737500000000077,0.1375,5
473,3358,2.2737500000000077,0.1375,5
474,3359,2.2737500000000077,0.1375,5
475,3360,2.2737500000000077,0.1375,5
476,3361,2.2737500000000077,0.1375,5
477,3362,2.2737500000000077,0.1375,5
478,3363,2.2737500000000077,0.1375,5
479,3364,2.2737500000000077,0.1375,5
480,3365,2.2737500000000077,0.1375,5
481,3366,2.2737500000000077,0.1375,5
482,3367,2.2737500000000077,0.1375,5
483,3368,2.2737500000000077,0.1375,5
484,3369,2.2737500000000077,0.1375,5
485,3370,2.2737500000000077,0.1375,5
486,3371,2.2737500000000077,0.1375,5
487,3372,2.2737500000000077,0.1375,5
488,3373,2.2737500000000077,0.1375,5
489,3374,2.2737500000000077,0.1375,5
490,3375,2.2737500000000077,0.1375,5
491,3376,2.2737500000000077,0.1375,5
492,3377,2.2737500000000077,0.1375,5
493,3378,2.2737500000000077,0.1375,5
494,3379,2.2737500000000077,0.1375,5
495,3380,2.2737500000000077,0.1375,5
496,3381,2.2737500000000077,0.1375,5
497,3382,2.2737500000000077,0.1375,5
498,3383,2.2808333333333413,0.1375,-1
499,3384,2.287916666666675,0.1375,-1
500,3385,2.2950000000000084,0.1375,-1
501,3386,2.302083333333342,0.1375,-1
502,3387,2.3091666666666755,0.1375,-1
503,3388,2.316250000000009,0.1375,-1
504,3389,2.3233333333333426,0.1375,-1
505,3390,2.330416666666676,0.1375,-1
506,3391,2.3375000000000097,0.1375,-1
507,3392,2.3445833333333432,0.1375,-1
508,3393,2.351666666666677,0.1375,-1
509,3394,2.3587500000000103,0.1375,-1
510,3395,2.365833333333344,0.1375,-1
511,3396,2.3729166666666774,0.1375,-1
512,3397,2.380000000000011,0.1375,-1
513,3398,2.3870833333333445,0.1375,-1
514,3399,2.394166666666678,0.1375,-1
515,3400,2.4012500000000117,0.1375,-1
516,3401,2.408333333333345,0.1375,-1
517,3402,2.4154166666666788,0.1375,-1
518,3403,2.4225000000000123,0.1375,-1
519,3404,2.429583333333346,0.1375,-1
520,3405,2.4366666666666794,0.1375,-1
521,3406,2.443750000000013,0.1375,-1
522,3407,2.4508333333333465,0.1375,-1
523,3408,2.45791666666668,0.1375,-1
524,3409,2.4650000000000136,0.1375,-1
525,3410,2.472083333333347,0.1375,-1
526,3411,2.4791666666666807,0.1375,-1
527,3412,2.4862500000000143,0.1375,-1
528,3413,2.493333333333348,0.1375,-1
529,3414,2.5004166666666814,0.1375,-1
530,3415,2.507500000000015,0.1375,-1
531,3416,2.5145833333333485,0.1375,-1
532,3417,2.521666666666682,0.1375,-1
533,3418,2.5287500000000156,0.1375,-1
534,3419,2.535833333333349,0.1375,-1
535,3420,2.5429166666666827,0.1375,-1
536,3421,2.5500000000000163,0.1375,-1
537,3422,2.55708333333335,0.1375,-1
538,3423,2.5641666666666834,0.1375,-1
539,3424,2.571250000000017,0.1375,-1
540,3425,2.5783333333333505,0.1375,-1
541,3426,2.585416666666684,0.1375,-1
542,3427,2.5925000000000176,0.1375,-1
543,3428,2.599583333333351,0.1375,-1
544,3429,2.6066666666666847,0.1375,-1
545,3430,2.6137500000000182,0.1375,-1
546,3431,2.6208333333333518,0.1375,-1
547,3432,2.6279166666666853,0.1375,-1
548,3433,2.635000000000019,0.1375,-1
549,3434,2.6420833333333524,0.1375,-1
550,3435,2.649166666666686,0.1375,-1
551,3436,2.6562500000000195,0.1375,-1
552,3437,2.663333333333353,0.1375,-1
553,3438,2.6704166666666866,0.1375,-1
554,3439,2.67750000000002,0.1375,-1
555,3440,2.6845833333333537,0.1375,-1
556,3441,2.6916666666666873,0.1375,-1
557,3442,2.698750000000021,0.1375,-1
558,3443,2.7058333333333544,0.1375,-1
559,3444,2.712916666666688,0.1375,-1
560,3445,2.7200000000000215,0.1375,-1
561,3446,2.727083333333355,0.1375,-1
562,3447,2.7341666666666886,0.1375,-1
563,3448,2.741250000000022,0.1375,-1
564,3449,2.7483333333333557,0.1375,-1
565,3450,2.7554166666666893,0.1375,-1
566,3451,2.762500000000023,0.1375,-1
567,3452,2.7695833333333564,0.1375,-1
568,3453,2.77666666666669,0.1375,-1
569,3454,2.7837500000000235,0.1375,-1
570,3455,2.790833333333357,0.1375,-1
571,3456,2.7979166666666906,0.1375,-1
572,3457,2.805000000000024,0.1375,-1
573,3458,2.8120833333333577,0.1375,-1
574,3459,2.8191666666666912,0.1375,-1
575,3460,2.826250000000025,0.1375,-1
576,3461,2.8333333333333584,0.1375,-1
577,3462,2.840416666666692,0.1375,-1
578,3463,2.8475000000000255,0.1375,-1
579,3464,2.854583333333359,0.1375,-1
580,3465,2.8616666666666926,0.1375,-1
581,3466,2.868750000000026,0.1375,-1
582,3467,2.8758333333333597,0.1375,-1
583,3468,2.882916666666693,0.1375,-1
584,3469,2.8900000000000268,0.1375,-1
585,3470,2.8970833333333603,0.1375,-1
586,3471,2.904166666666694,0.1375,-1
587,3472,2.9112500000000274,0.1375,-1
588,3473,2.918333333333361,0.1375,-1
589,3474,2.9254166666666945,0.1375,-1
590,3475,2.932500000000028,0.1375,-1
591,3476,2.9395833333333616,0.1375,-1
592,3477,2.946666666666695,0.1375,-1
593,3478,2.9537500000000287,0.1375,-1
594,3479,2.9608333333333623,0.1375,-1
595,3480,2.967916666666696,0.1375,-1
596,3481,2.9750000000000294,0.1375,-1
597,3482,2.982083333333363,0.1375,-1
598,3483,2.9891666666666965,0.1375,-1
599,3484,2.99625000000003,0.1375,-1
600,3485,3.0033333333333636,0.1375,-1
601,3486,3.010416666666697,0.1375,-1
602,3487,3.0175000000000307,0.1375,-1
603,3488,3.0245833333333643,0.1375,-1
604,3489,3.031666666666698,0.1375,-1
605,3490,3.0387500000000314,0.1375,-1
606,3491,3.045833333333365,0.1375,-1
607,3492,3.0529166666666985,0.1375,-1
608,3493,3.060000000000032,0.1375,-1
609,3494,3.0670833333333656,0.1375,-1
610,3495,3.074166666666699,0.1375,-1
611,3496,3.0812500000000327,0.1375,-1
612,3497,3.0883333333333662,0.1375,-1
613,3498,3.0954166666667,0.1375,-1
614,3499,3.1025000000000333,0.1375,-1
615,3500,3.109583333333367,0.1375,-1
616,3501,3.1166666666667004,0.1375,-1
617,3502,3.123750000000034,0.1375,-1
618,3503,3.1308333333333676,0.1375,-1
619,3504,3.137916666666701,0.1375,-1
620,3505,3.137916666666701,0.1375,6
621,3506,3.137916666666701,0.1375,6
622,3507,3.137916666666701,0.1375,6
623,3508,3.137916666666701,0.1375,6
624,3509,3.137916666666701,0.1375,6
625,3510,3.137916666666701,0.1375,6
626,3511,3.137916666666701,0.1375,6
627,3512,3.137916666666701,0.1375,6
628,3513,3.137916666666701,0.1375,6
629,3514,3.137916666666701,0.1375,6
630,3515,3.137916666666701,0.1375,6
631,3516,3.137916666666701,0.1375,6
632,3517,3.137916666666701,0.1375,6
633,3518,3.137916666666701,0.1375,6
634,3519,3.137916666666701,0.1375,6
635,3520,3.137916666666701,0.1375,6
636,3521,3.137916666666701,0.1375,6
637,3522,3.137916666666701,0.1375,6
638,3523,3.137916666666701,0.1375,6
639,3524,3.137916666666701,0.1375,6
640,3525,3.137916666666701,0.1375,6
641,3526,3.137916666666701,0.1375,6
642,3527,3.137916666666701,0.1375,6
643,3528,3.137916666666701,0.1375,6
644,3529,3.137916666666701,0.1375,6
645,3530,3.137916666666701,0.1375,6
646,3531,3.137916666666701,0.1375,6
647,3532,3.137916666666701,0.1375,6
648,3533,3.137916666666701,0.1375,6
649,3534,3.137916666666701,0.1375,6
650,3535,3.137916666666701,0.1375,6
651,3536,3.137916666666701,0.1375,6
652,3537,3.137916666666701,0.1375,6
653,3538,3.137916666666701,0.1375,6
654,3539,3.137916666666701,0.1375,6
655,3540,3.137916666666701,0.1375,6
656,3541,3.137916666666701,0.1375,6
657,3542,3.137916666666701,0.1375,6
658,3543,3.137916666666701,0.1375,6
659,3544,3.137916666666701,0.1375,6
660,3545,3.137916666666701,0.1375,6
661,3546,3.137916666666701,0.1375,6
662,3547,3.137916666666701,0.1375,6
663,3548,3.137916666666701,0.1375,6
664,3549,3.137916666666701,0.1375,6
665,3550,3.137916666666701,0.1375,6
666,3551,3.137916666666701,0.1375,6
667,3552,3.137916666666701,0.1375,6
668,3553,3.137916666666701,0.1375,6
669,3554,3.137916666666701,0.1375,6
670,3555,3.137916666666701,0.1375,6
671,3556,3.137916666666701,0.1375,6
672,3557,3.137916666666701,0.1375,6
673,3558,3.137916666666701,0.1375,6
674,3559,3.137916666666701,0.1375,6
675,3560,3.137916666666701,0.1375,6
676,3561,3.137916666666701,0.1375,6
677,3562,3.1450000000000347,0.1375,-1
678,3563,3.152083333333368,0.1375,-1
679,3564,3.1591666666667018,0.1375,-1
680,3565,3.1662500000000353,0.1375,-1
681,3566,3.173333333333369,0.1375,-1
682,3567,3.1804166666667024,0.1375,-1
683,3568,3.187500000000036,0.1375,-1
684,3569,3.1945833333333695,0.1375,-1
685,3570,3.201666666666703,0.1375,-1
686,3571,3.2087500000000366,0.1375,-1
687,3572,3.21583333333337,0.1375,-1
688,3573,3.2229166666667037,0.1375,-1
689,3574,3.2300000000000373,0.1375,-1
690,3575,3.237083333333371,0.1375,-1
691,3576,3.2441666666667044,0.1375,-1
692,3577,3.251250000000038,0.1375,-1
693,3578,3.2583333333333715,0.1375,-1
694,3579,3.265416666666705,0.1375,-1
695,3580,3.2725000000000386,0.1375,-1
696,3581,3.279583333333372,0.1375,-1
697,3582,3.2866666666667057,0.1375,-1
698,3583,3.2937500000000393,0.1375,-1
699,3584,3.300833333333373,0.1375,-1
700,3585,3.3079166666667064,0.1375,-1
701,3586,3.31500000000004,0.1375,-1
702,3587,3.3220833333333735,0.1375,-1
703,3588,3.329166666666707,0.1375,-1
704,3589,3.3362500000000406,0.1375,-1
705,3590,3.343333333333374,0.1375,-1
706,3591,3.3504166666667077,0.1375,-1
707,3592,3.3575000000000412,0.1375,-1
708,3593,3.364583333333375,0.1375,-1
709,3594,3.3716666666667083,0.1375,-1
710,3595,3.378750000000042,0.1375,-1
711,3596,3.3858333333333754,0.1375,-1
712,3597,3.392916666666709,0.1375,-1
713,3598,3.4000000000000425,0.1375,-1
714,3599,3.407083333333376,0.1375,-1
715,3600,3.4141666666667096,0.1375,-1
716,3601,3.421250000000043,0.1375,-1
717,3602,3.4283333333333768,0.1375,-1
718,3603,3.4354166666667103,0.1375,-1
719,3604,3.442500000000044,0.1375,-1
720,3605,3.4495833333333774,0.1375,-1
721,3606,3.456666666666711,0.1375,-1
722,3607,3.4637500000000445,0.1375,-1
723,3608,3.470833333333378,0.1375,-1
724,3609,3.4779166666667116,0.1375,-1
725,3610,3.485000000000045,0.1375,-1
726,3611,3.4920833333333787,0.1375,-1
727,3612,3.4991666666667123,0.1375,-1
728,3613,3.506250000000046,0.1375,-1
729,3614,3.5133333333333794,0.1375,-1
730,3615,3.520416666666713,0.1375,-1
731,3616,3.5275000000000465,0.1375,-1
732,3617,3.53458333333338,0.1375,-1
733,3618,3.5416666666667136,0.1375,-1
734,3619,3.548750000000047,0.1375,-1
735,3620,3.5558333333333807,0.1375,-1
736,3621,3.5629166666667142,0.1375,-1
737,3622,3.570000000000048,0.1375,-1
738,3623,3.5770833333333814,0.1375,-1
739,3624,3.584166666666715,0.1375,-1
740,3625,3.5912500000000485,0.1375,-1
741,3626,3.598333333333382,0.1375,-1
742,3627,3.6054166666667156,0.1375,-1
743,3628,3.612500000000049,0.1375,-1
744,3629,3.6195833333333827,0.1375,-1
745,3630,3.626666666666716,0.1375,-1
746,3631,3.6337500000000498,0.1375,-1
747,3632,3.6408333333333833,0.1375,-1
748,3633,3.647916666666717,0.1375,-1
749,3634,3.6550000000000504,0.1375,-1
750,3635,3.662083333333384,0.1375,-1
751,3636,3.6691666666667175,0.1375,-1
752,3637,3.676250000000051,0.1375,-1
753,3638,3.6833333333333846,0.1375,-1
754,3639,3.690416666666718,0.1375,-1
755,3640,3.6975000000000517,0.1375,-1
756,3641,3.7045833333333853,0.1375,-1
757,3642,3.711666666666719,0.1375,-1
758,3643,3.7187500000000524,0.1375,-1
759,3644,3.725833333333386,0.1375,-1
760,3645,3.7329166666667195,0.1375,-1
761,3646,3.740000000000053,0.1375,-1
762,3647,3.7470833333333866,0.1375,-1
763,3648,3.75416666666672,0.1375,-1
764,3649,3.7612500000000537,0.1375,-1
765,3650,3.7683333333333873,0.1375,-1
766,3651,3.775416666666721,0.1375,-1
767,3652,3.7825000000000544,0.1375,-1
768,3653,3.789583333333388,0.1375,-1
769,3654,3.7966666666667215,0.1375,-1
770,3655,3.803750000000055,0.1375,-1
771,3656,3.8108333333333886,0.1375,-1
772,3657,3.817916666666722,0.1375,-1
773,3658,3.8250000000000557,0.1375,-1
774,3659,3.8320833333333892,0.1375,-1
775,3660,3.839166666666723,0.1375,-1
776,3661,3.8462500000000563,0.1375,-1
777,3662,3.85333333333339,0.1375,-1
778,3663,3.8604166666667235,0.1375,-1
779,3664,3.867500000000057,0.1375,-1
780,3665,3.8745833333333906,0.1375,-1
781,3666,3.881666666666724,0.1375,-1
782,3667,3.8887500000000577,0.1375,-1
783,3668,3.895833333333391,0.1375,-1
784,3669,3.9029166666667248,0.1375,-1
785,3670,3.9100000000000583,0.1375,-1
786,3671,3.917083333333392,0.1375,-1
787,3672,3.9241666666667254,0.1375,-1
788,3673,3.931250000000059,0.1375,-1
789,3674,3.9383333333333925,0.1375,-1
790,3675,3.945416666666726,0.1375,-1
791,3676,3.9525000000000596,0.1375,-1
792,3677,3.959583333333393,0.1375,-1
793,3678,3.9666666666667267,0.1375,-1
794,3679,3.9737500000000603,0.1375,-1
795,3680,3.980833333333394,0.1375,-1
796,3681,3.9879166666667274,0.1375,-1
797,3682,3.995000000000061,0.1375,-1
798,3683,4.0020833333333945,0.1375,-1
799,3684,4.009166666666728,0.1375,-1
800,3685,4.016250000000061,0.1375,-1
801,3686,4.023333333333394,0.1375,-1
802,3687,4.030416666666727,0.1375,-1
803,3688,4.03750000000006,0.1375,-1
804,3689,4.03750000000006,0.15,7
805,3690,4.03750000000006,0.15,7
806,3691,4.03750000000006,0.15,7
807,3692,4.03750000000006,0.15,7
808,3693,4.03750000000006,0.15,7
809,3694,4.03750000000006,0.15,7
810,3695,4.03750000000006,0.15,7
811,3696,4.03750000000006,0.15,7
812,3697,4.03750000000006,0.15,7
813,3698,4.03750000000006,0.15,7
814,3699,4.03750000000006,0.15,7
815,3700,4.03750000000006,0.15,7
816,3701,4.03750000000006,0.15,7
817,3702,4.03750000000006,0.15,7
818,3703,4.03750000000006,0.15,7
819,3704,4.03750000000006,0.15,7
820,3705,4.03750000000006,0.15,7
821,3706,4.03750000000006,0.15,7
822,3707,4.03750000000006,0.15,7
823,3708,4.03750000000006,0.15,7
824,3709,4.03750000000006,0.15,7
825,3710,4.03750000000006,0.15,7
826,3711,4.03750000000006,0.15,7
827,3712,4.03750000000006,0.15,7
828,3713,4.03750000000006,0.15,7
829,3714,4.03750000000006,0.15,7
830,3715,4.03750000000006,0.15,7
831,3716,4.03750000000006,0.15,7
832,3717,4.03750000000006,0.15,7
833,3718,4.03750000000006,0.15,7
834,3719,4.03750000000006,0.15,7
835,3720,4.03750000000006,0.15,7
836,3721,4.03750000000006,0.15,7
837,3722,4.03750000000006,0.15,7
838,3723,4.03750000000006,0.15,7
839,3724,4.03750000000006,0.15,7
840,3725,4.03750000000006,0.15,7
841,3726,4.03750000000006,0.15,7
842,3727,4.03750000000006,0.15,7
843,3728,4.03750000000006,0.15,7
844,3729,4.03750000000006,0.15,7
845,3730,4.03750000000006,0.15,7
846,3731,4.03750000000006,0.15,7
847,3732,4.03750000000006,0.15,7
848,3733,4.03750000000006,0.15,7
849,3734,4.03750000000006,0.15,7
850,3735,4.03750000000006,0.15,7
851,3736,4.03750000000006,0.15,7
852,3737,4.03750000000006,0.15,7
853,3738,4.03750000000006,0.15,7
854,3739,4.03750000000006,0.15,7
855,3740,4.03750000000006,0.15,7
856,3741,4.03750000000006,0.15,7
857,3742,4.03750000000006,0.15,7
858,3743,4.03750000000006,0.15,7
859,3744,4.03750000000006,0.15,7
860,3745,4.03750000000006,0.15,7
861,3746,4.03750000000006,0.15,7
862,3747,4.03750000000006,0.15,7
863,3748,4.03750000000006,0.15,7
864,3749,4.03750000000006,0.15,7
865,3750,4.03750000000006,0.15,7
866,3751,4.03750000000006,0.15,7
867,3752,4.03750000000006,0.15,7
868,3753,4.03750000000006,0.15,7
869,3754,4.03750000000006,0.15,7
870,3755,4.03750000000006,0.15,7
871,3756,4.03750000000006,0.15,7
872,3757,4.03750000000006,0.15,7
873,3758,4.03750000000006,0.15,7
874,3759,4.03750000000006,0.15,7
875,3760,4.03750000000006,0.15,7
876,3761,4.03750000000006,0.15,7
877,3762,4.03750000000006,0.15,7
878,3763,4.03750000000006,0.15,7
879,3764,4.03750000000006,0.15,7
880,3765,4.03750000000006,0.15,7
881,3766,4.03750000000006,0.15,7
882,3767,4.03750000000006,0.15,7
883,3768,4.03750000000006,0.15,7
884,3769,4.03750000000006,0.15,7
885,3770,4.03750000000006,0.15,7
886,3771,4.03750000000006,0.15,7
887,3772,4.03750000000006,0.15,7
888,3773,4.03750000000006,0.15,7
889,3774,4.03750000000006,0.15,7
890,3775,4.03750000000006,0.15,7
891,3776,4.03750000000006,0.15,7
892,3777,4.03750000000006,0.15,7
893,3778,4.03750000000006,0.15,7
894,3779,4.03750000000006,0.15,7
895,3780,4.03750000000006,0.15,7
896,3781,4.044583333333393,0.15,-1
897,3782,4.051666666666726,0.15,-1
898,3783,4.058750000000059,0.15,-1
899,3784,4.0658333333333925,0.15,-1
900,3785,4.072916666666726,0.15,-1
901,3786,4.080000000000059,0.15,-1
902,3787,4.087083333333392,0.15,-1
903,3788,4.094166666666725,0.15,-1
904,3789,4.101250000000058,0.15,-1
905,3790,4.108333333333391,0.15,-1
906,3791,4.115416666666724,0.15,-1
907,3792,4.122500000000057,0.15,-1
908,3793,4.1295833333333904,0.15,-1
909,3794,4.136666666666724,0.15,-1
910,3795,4.143750000000057,0.15,-1
911,3796,4.15083333333339,0.15,-1
912,3797,4.157916666666723,0.15,-1
913,3798,4.165000000000056,0.15,-1
914,3799,4.172083333333389,0.15,-1
915,3800,4.179166666666722,0.15,-1
916,3801,4.186250000000055,0.15,-1
917,3802,4.193333333333388,0.15,-1
918,3803,4.2004166666667215,0.15,-1
919,3804,4.207500000000055,0.15,-1
920,3805,4.214583333333388,0.15,-1
921,3806,4.221666666666721,0.15,-1
922,3807,4.228750000000054,0.15,-1
923,3808,4.235833333333387,0.15,-1
924,3809,4.24291666666672,0.15,-1
925,3810,4.250000000000053,0.15,-1
926,3811,4.257083333333386,0.15,-1
927,3812,4.2641666666667195,0.15,-1
928,3813,4.271250000000053,0.15,-1
929,3814,4.278333333333386,0.15,-1
930,3815,4.285416666666719,0.15,-1
931,3816,4.292500000000052,0.15,-1
932,3817,4.299583333333385,0.15,-1
933,3818,4.306666666666718,0.15,-1
934,3819,4.313750000000051,0.15,-1
935,3820,4.320833333333384,0.15,-1
936,3821,4.3279166666667175,0.15,-1
937,3822,4.3279166666667175,0.2,8
938,3823,4.3279166666667175,0.2,8
939,3824,4.3279166666667175,0.2,8
940,3825,4.3279166666667175,0.2,8
941,3826,4.3279166666667175,0.2,8
942,3827,4.3279166666667175,0.2,8
943,3828,4.3279166666667175,0.2,8
944,3829,4.3279166666667175,0.2,8
945,3830,4.3279166666667175,0.2,8
946,3831,4.3279166666667175,0.2,8
947,3832,4.3279166666667175,0.2,8
948,3833,4.3279166666667175,0.2,8
949,3834,4.3279166666667175,0.2,8
950,3835,4.3279166666667175,0.2,8
951,3836,4.3279166666667175,0.2,8
952,3837,4.3279166666667175,0.2,8
953,3838,4.3279166666667175,0.2,8
954,3839,4.3279166666667175,0.2,8
955,3840,4.3279166666667175,0.2,8
956,3841,4.3279166666667175,0.2,8
957,3842,4.3279166666667175,0.2,8
958,3843,4.3279166666667175,0.2,8
959,3844,4.3279166666667175,0.2,8
960,3845,4.3279166666667175,0.2,8
961,3846,4.3279166666667175,0.2,8
962,3847,4.3279166666667175,0.2,8
963,3848,4.3279166666667175,0.2,8
964,3849,4.3279166666667175,0.2,8
965,3850,4.3279166666667175,0.2,8
966,3851,4.3279166666667175,0.2,8
967,3852,4.3279166666667175,0.2,8
968,3853,4.3279166666667175,0.2,8
969,3854,4.3279166666667175,0.2,8
970,3855,4.3279166666667175,0.2,8
971,3856,4.3279166666667175,0.2,8
972,3857,4.3279166666667175,0.2,8
973,3858,4.3279166666667175,0.2,8
974,3859,4.3279166666667175,0.2,8
975,3860,4.3279166666667175,0.2,8
976,3861,4.3279166666667175,0.2,8
977,3862,4.3279166666667175,0.2,8
978,3863,4.3279166666667175,0.2,8
979,3864,4.3279166666667175,0.2,8
980,3865,4.3279166666667175,0.2,8
981,3866,4.3279166666667175,0.2,8
982,3867,4.3279166666667175,0.2,8
983,3868,4.3279166666667175,0.2,8
984,3869,4.3279166666667175,0.2,8
985,3870,4.3279166666667175,0.2,8
986,3871,4.3279166666667175,0.2,8
987,3872,4.3279166666667175,0.2,8
988,3873,4.3279166666667175,0.2,8
989,3874,4.3279166666667175,0.2,8
990,3875,4.3279166666667175,0.2,8
991,3876,4.3279166666667175,0.2,8
992,3877,4.3279166666667175,0.2,8
993,3878,4.3279166666667175,0.2,8
994,3879,4.3279166666667175,0.2,8
995,3880,4.3279166666667175,0.2,8
996,3881,4.3279166666667175,0.2,8
997,3882,4.3279166666667175,0.2,8
998,3883,4.3279166666667175,0.2,8
999,3884,4.3279166666667175,0.2,8
1000,3885,4.3279166666667175,0.2,8
1001,3886,4.3279166666667175,0.2,8
1002,3887,4.3279166666667175,0.2,8
1003,3888,4.3279166666667175,0.2,8
1004,3889,4.3279166666667175,0.2,8
1005,3890,4.3279166666667175,0.2,8
1006,3891,4.3279166666667175,0.2,8
1007,3892,4.3279166666667175,0.2,8
1008,3893,4.3279166666667175,0.2,8
1009,3894,4.3279166666667175,0.2,8
1010,3895,4.3279166666667175,0.2,8
1011,3896,4.3279166666667175,0.2,8
1012,3897,4.3279166666667175,0.2,8
1013,3898,4.3279166666667175,0.2,8
1014,3899,4.3279166666667175,0.2,8
1015,3900,4.3279166666667175,0.2,8
1016,3901,4.3279166666667175,0.2,8
1017,3902,4.3279166666667175,0.2,8
1018,3903,4.3279166666667175,0.2,8
1019,3904,4.3279166666667175,0.2,8
1020,3905,4.3279166666667175,0.2,8
1021,3906,4.3279166666667175,0.2,8
1022,3907,4.3279166666667175,0.2,8
1023,3908,4.3279166666667175,0.2,8
1024,3909,4.3279166666667175,0.2,8
1025,3910,4.3279166666667175,0.2,8
1026,3911,4.3279166666667175,0.2,8
1027,3912,4.3279166666667175,0.2,8
1028,3913,4.3279166666667175,0.2,8
1029,3914,4.3279166666667175,0.2,8
1030,3915,4.3279166666667175,0.2,8
1031,3916,4.3279166666667175,0.2,8
1032,3917,4.3279166666667175,0.2,8
1033,3918,4.3279166666667175,0.2,8
1034,3919,4.3279166666667175,0.2,8
1035,3920,4.3279166666667175,0.2,8
1036,3921,4.3279166666667175,0.2,8
1037,3922,4.3279166666667175,0.2,8
1038,3923,4.3279166666667175,0.2,8
1039,3924,4.3279166666667175,0.2,8
1040,3925,4.3279166666667175,0.2,8
1041,3926,4.3279166666667175,0.2,8
1042,3927,4.3279166666667175,0.2,8
1043,3928,4.3279166666667175,0.2,8
1044,3929,4.3279166666667175,0.2,8
1045,3930,4.3279166666667175,0.2,8
1046,3931,4.3279166666667175,0.2,8
1047,3932,4.3279166666667175,0.2,8
1048,3933,4.3279166666667175,0.2,8
1049,3934,4.3279166666667175,0.2,8
1050,3935,4.3279166666667175,0.2,8
1051,3936,4.3279166666667175,0.2,8
1052,3937,4.3279166666667175,0.2,8
1053,3938,4.3279166666667175,0.2,8
1054,3939,4.3279166666667175,0.2,8
1055,3940,4.3279166666667175,0.2,8
1056,3941,4.3279166666667175,0.2,8
1057,3942,4.3279166666667175,0.2,8
1058,3943,4.335000000000051,0.2,-1
1059,3944,4.342083333333384,0.2,-1
1060,3945,4.349166666666717,0.2,-1
1061,3946,4.35625000000005,0.2,-1
1062,3947,4.363333333333383,0.2,-1
1063,3948,4.370416666666716,0.2,-1
1064,3949,4.377500000000049,0.2,-1
1065,3950,4.384583333333382,0.2,-1
1066,3951,4.3916666666667155,0.2,-1
1067,3952,4.398750000000049,0.2,-1
1068,3953,4.405833333333382,0.2,-1
1069,3954,4.412916666666715,0.2,-1
1070,3955,4.420000000000048,0.2,-1
1071,3956,4.427083333333381,0.2,-1
1072,3957,4.434166666666714,0.2,-1
1073,3958,4.441250000000047,0.2,-1
1074,3959,4.44833333333338,0.2,-1
1075,3960,4.455416666666713,0.2,-1
1076,3961,4.4625000000000465,0.2,-1
1077,3962,4.46958333333338,0.2,-1
1078,3963,4.476666666666713,0.2,-1
1079,3964,4.483750000000046,0.2,-1
1080,3965,4.490833333333379,0.2,-1
1081,3966,4.497916666666712,0.2,-1
1082,3967,4.505000000000045,0.2,-1
1083,3968,4.512083333333378,0.2,-1
1084,3969,4.519166666666711,0.2,-1
1085,3970,4.5262500000000445,0.2,-1
1086,3971,4.533333333333378,0.2,-1
1087,3972,4.540416666666711,0.2,-1
1088,3973,4.547500000000044,0.2,-1
1089,3974,4.554583333333377,0.2,-1
1090,3975,4.56166666666671,0.2,-1
1091,3976,4.568750000000043,0.2,-1
1092,3977,4.575833333333376,0.2,-1
1093,3978,4.582916666666709,0.2,-1
1094,3979,4.5900000000000425,0.2,-1
1095,3980,4.597083333333376,0.2,-1
1096,3981,4.604166666666709,0.2,-1
1097,3982,4.611250000000042,0.2,-1
1098,3983,4.618333333333375,0.2,-1
1099,3984,4.625416666666708,0.2,-1
1100,3985,4.632500000000041,0.2,-1
1101,3986,4.639583333333374,0.2,-1
1102,3987,4.646666666666707,0.2,-1
1103,3988,4.6537500000000405,0.2,-1
1104,3989,4.660833333333374,0.2,-1
1105,3990,4.667916666666707,0.2,-1
1106,3991,4.67500000000004,0.2,-1
1107,3992,4.682083333333373,0.2,-1
1108,3993,4.689166666666706,0.2,-1
1109,3994,4.696250000000039,0.2,-1
1110,3995,4.703333333333372,0.2,-1
1111,3996,4.710416666666705,0.2,-1
1112,3997,4.717500000000038,0.2,-1
1113,3998,4.7245833333333715,0.2,-1
1114,3999,4.731666666666705,0.2,-1
1115,4000,4.738750000000038,0.2,-1
1116,4001,4.745833333333371,0.2,-1
1117,4002,4.752916666666704,0.2,-1
1118,4003,4.760000000000037,0.2,-1
1119,4004,4.76708333333337,0.2,-1
1120,4005,4.774166666666703,0.2,-1
1121,4006,4.781250000000036,0.2,-1
1122,4007,4.7883333333333695,0.2,-1
1123,4008,4.795416666666703,0.2,-1
1124,4009,4.802500000000036,0.2,-1
1125,4010,4.809583333333369,0.2,-1
1126,4011,4.816666666666702,0.2,-1
1127,4012,4.823750000000035,0.2,-1
1128,4013,4.830833333333368,0.2,-1
1129,4014,4.837916666666701,0.2,-1
1130,4015,4.845000000000034,0.2,-1
1131,4016,4.8520833333333675,0.2,-1
1132,4017,4.859166666666701,0.2,-1
1133,4018,4.866250000000034,0.2,-1
1134,4019,4.873333333333367,0.2,-1
1135,4020,4.8804166666667,0.2,-1
1136,4021,4.887500000000033,0.2,-1
1137,4022,4.894583333333366,0.2,-1
1138,4023,4.901666666666699,0.2,-1
1139,4024,4.908750000000032,0.2,-1
1140,4025,4.9158333333333655,0.2,-1
1141,4026,4.922916666666699,0.2,-1
1142,4027,4.930000000000032,0.2,-1
1143,4028,4.930000000000032,0.225,9
1144,4029,4.930000000000032,0.225,9
1145,4030,4.930000000000032,0.225,9
1146,4031,4.930000000000032,0.225,9
1147,4032,4.930000000000032,0.225,9
1148,4033,4.930000000000032,0.225,9
1149,4034,4.930000000000032,0.225,9
1150,4035,4.930000000000032,0.225,9
1151,4036,4.930000000000032,0.225,9
1152,4037,4.930000000000032,0.225,9
1153,4038,4.930000000000032,0.225,9
1154,4039,4.930000000000032,0.225,9
1155,4040,4.930000000000032,0.225,9
1156,4041,4.930000000000032,0.225,9
1157,4042,4.930000000000032,0.225,9
1158,4043,4.930000000000032,0.225,9
1159,4044,4.930000000000032,0.225,9
1160,4045,4.930000000000032,0.225,9
1161,4046,4.930000000000032,0.225,9
1162,4047,4.930000000000032,0.225,9
1163,4048,4.930000000000032,0.225,9
1164,4049,4.930000000000032,0.225,9
1165,4050,4.930000000000032,0.225,9
1166,4051,4.930000000000032,0.225,9
1167,4052,4.930000000000032,0.225,9
1168,4053,4.930000000000032,0.225,9
1169,4054,4.930000000000032,0.225,9
1170,4055,4.930000000000032,0.225,9
1171,4056,4.930000000000032,0.225,9
1172,4057,4.930000000000032,0.225,9
1173,4058,4.930000000000032,0.225,9
1174,4059,4.930000000000032,0.225,9
1175,4060,4.930000000000032,0.225,9
1176,4061,4.930000000000032,0.225,9
1177,4062,4.930000000000032,0.225,9
1178,4063,4.937083333333365,0.225,-1
1179,4064,4.944166666666698,0.225,-1
1180,4065,4.951250000000031,0.225,-1
1181,4066,4.958333333333364,0.225,-1
1182,4067,4.965416666666697,0.225,-1
1183,4068,4.97250000000003,0.225,-1
1184,4069,4.9795833333333634,0.225,-1
1185,4070,4.986666666666697,0.225,-1
1186,4071,4.99375000000003,0.225,-1
1187,4072,5.000833333333363,0.225,-1
1188,4073,5.007916666666696,0.225,-1
1189,4074,5.015000000000029,0.225,-1
1190,4075,5.022083333333362,0.225,-1
1191,4076,5.029166666666695,0.225,-1
1192,4077,5.036250000000028,0.225,-1
1193,4078,5.043333333333361,0.225,-1
1194,4079,5.0504166666666945,0.225,-1
1195,4080,5.057500000000028,0.225,-1
1196,4081,5.064583333333361,0.225,-1
1197,4082,5.071666666666694,0.225,-1
1198,4083,5.078750000000027,0.225,-1
1199,4084,5.08583333333336,0.225,-1
1200,4085,5.092916666666693,0.225,-1
1201,4086,5.100000000000026,0.225,-1
1202,4087,5.107083333333359,0.225,-1
1203,4088,5.1141666666666925,0.225,-1
1204,4089,5.121250000000026,0.225,-1
1205,4090,5.128333333333359,0.225,-1
1206,4091,5.135416666666692,0.225,-1
1207,4092,5.142500000000025,0.225,-1
1208,4093,5.149583333333358,0.225,-1
1209,4094,5.156666666666691,0.225,-1
1210,4095,5.163750000000024,0.225,-1
1211,4096,5.170833333333357,0.225,-1
1212,4097,5.1779166666666905,0.225,-1
1213,4098,5.185000000000024,0.225,-1
1214,4099,5.192083333333357,0.225,-1
1215,4100,5.19916666666669,0.225,-1
1216,4101,5.206250000000023,0.225,-1
1217,4102,5.213333333333356,0.225,-1
1218,4103,5.220416666666689,0.225,-1
1219,4104,5.227500000000022,0.225,-1
1220,4105,5.234583333333355,0.225,-1
1221,4106,5.2416666666666885,0.225,-1
1222,4107,5.248750000000022,0.225,-1
1223,4108,5.255833333333355,0.225,-1
1224,4109,5.262916666666688,0.225,-1
1225,4110,5.270000000000021,0.225,-1
1226,4111,5.277083333333354,0.225,-1
1227,4112,5.284166666666687,0.225,-1
1228,4113,5.29125000000002,0.225,-1
1229,4114,5.298333333333353,0.225,-1
1230,4115,5.305416666666686,0.225,-1
1231,4116,5.3125000000000195,0.225,-1
1232,4117,5.319583333333353,0.225,-1
1233,4118,5.326666666666686,0.225,-1
1234,4119,5.333750000000019,0.225,-1
1235,4120,5.340833333333352,0.225,-1
1236,4121,5.347916666666685,0.225,-1
1237,4122,5.355000000000018,0.225,-1
1238,4123,5.355000000000018,0.2375,10
1239,4124,5.355000000000018,0.2375,10
1240,4125,5.355000000000018,0.2375,10
1241,4126,5.362083333333351,0.2375,-1
1242,4127,5.369166666666684,0.2375,-1
1243,4128,5.3762500000000175,0.2375,-1
1244,4129,5.383333333333351,0.2375,-1
1245,4130,5.390416666666684,0.2375,-1
1246,4131,5.397500000000017,0.2375,-1
1247,4132,5.40458333333335,0.2375,-1
1248,4133,5.411666666666683,0.2375,-1
1249,4134,5.418750000000016,0.2375,-1
1250,4135,5.425833333333349,0.2375,-1
1251,4136,5.432916666666682,0.2375,-1
1252,4137,5.4400000000000155,0.2375,-1
1253,4138,5.447083333333349,0.2375,-1
1254,4139,5.454166666666682,0.2375,-1
1255,4140,5.461250000000015,0.2375,-1
1256,4141,5.468333333333348,0.2375,-1
1257,4142,5.475416666666681,0.2375,-1
1258,4143,5.482500000000014,0.2375,-1
1259,4144,5.489583333333347,0.2375,-1
1260,4145,5.49666666666668,0.2375,-1
1261,4146,5.5037500000000135,0.2375,-1
1262,4147,5.510833333333347,0.2375,-1
1263,4148,5.51791666666668,0.2375,-1
1264,4149,5.525000000000013,0.2375,-1
1265,4150,5.532083333333346,0.2375,-1
1266,4151,5.539166666666679,0.2375,-1
1267,4152,5.546250000000012,0.2375,-1
1268,4153,5.553333333333345,0.2375,-1
1269,4154,5.560416666666678,0.2375,-1
1270,4155,5.567500000000011,0.2375,-1
1271,4156,5.5745833333333445,0.2375,-1
1272,4157,5.581666666666678,0.2375,-1
1273,4158,5.588750000000011,0.2375,-1
1274,4159,5.595833333333344,0.2375,-1
1275,4160,5.602916666666677,0.2375,-1
1276,4161,5.61000000000001,0.2375,-1
1277,4162,5.617083333333343,0.2375,-1
1278,4163,5.624166666666676,0.2375,-1
1279,4164,5.631250000000009,0.2375,-1
1280,4165,5.6383333333333425,0.2375,-1
1281,4166,5.645416666666676,0.2375,-1
1282,4167,5.652500000000009,0.2375,-1
1283,4168,5.659583333333342,0.2375,-1
1284,4169,5.666666666666675,0.2375,-1
1285,4170,5.673750000000008,0.2375,-1
1286,4171,5.680833333333341,0.2375,-1
1287,4172,5.687916666666674,0.2375,-1
1288,4173,5.695000000000007,0.2375,-1
1289,4174,5.7020833333333405,0.2375,-1
1290,4175,5.709166666666674,0.2375,-1
1291,4176,5.716250000000007,0.2375,-1
1292,4177,5.72333333333334,0.2375,-1
1293,4178,5.730416666666673,0.2375,-1
1294,4179,5.737500000000006,0.2375,-1
1295,4180,5.744583333333339,0.2375,-1
1296,4181,5.751666666666672,0.2375,-1
1297,4182,5.758750000000005,0.2375,-1
1298,4183,5.7658333333333385,0.2375,-1
1299,4184,5.772916666666672,0.2375,-1
1300,4185,5.780000000000005,0.2375,-1
1301,4186,5.787083333333338,0.2375,-1
1302,4187,5.794166666666671,0.2375,-1
1303,4188,5.801250000000004,0.2375,-1
1304,4189,5.808333333333337,0.2375,-1
1305,4190,5.81541666666667,0.2375,-1
1306,4191,5.822500000000003,0.2375,-1
1307,4192,5.8295833333333364,0.2375,-1
1308,4193,5.83666666666667,0.2375,-1
1309,4194,5.843750000000003,0.2375,-1
1310,4195,5.850833333333336,0.2375,-1
1311,4196,5.857916666666669,0.2375,-1
1312,4197,5.865000000000002,0.2375,-1
1313,4198,5.872083333333335,0.2375,-1
1314,4199,5.879166666666668,0.2375,-1
1315,4200,5.886250000000001,0.2375,-1
1316,4201,5.893333333333334,0.2375,-1
1317,4202,5.9004166666666675,0.2375,-1
1318,4203,5.907500000000001,0.2375,-1
1319,4204,5.914583333333334,0.2375,-1
1320,4205,5.921666666666667,0.2375,-1
1321,4206,5.92875,0.2375,-1
1322,4207,5.935833333333333,0.2375,-1
1323,4208,5.942916666666666,0.2375,-1
1324,4209,5.949999999999999,0.2375,-1
1325,4210,5.957083333333332,0.2375,-1
1326,4211,5.9641666666666655,0.2375,-1
1327,4212,5.971249999999999,0.2375,-1
1328,4213,5.978333333333332,0.2375,-1
1329,4214,5.985416666666665,0.2375,-1
1330,4215,5.992499999999998,0.2375,-1
1331,4216,5.999583333333331,0.2375,-1
1332,4217,6.006666666666664,0.2375,-1
1333,4218,6.013749999999997,0.2375,-1
1334,4219,6.02083333333333,0.2375,-1
1335,4220,6.0279166666666635,0.2375,-1
1336,4221,6.034999999999997,0.2375,-1
1337,4222,6.04208333333333,0.2375,-1
1338,4223,6.049166666666663,0.2375,-1
1339,4224,6.056249999999996,0.2375,-1
1340,4225,6.063333333333329,0.2375,-1
1341,4226,6.070416666666662,0.2375,-1
1342,4227,6.077499999999995,0.2375,-1
1343,4228,6.084583333333328,0.2375,-1
1344,4229,6.0916666666666615,0.2375,-1
1345,4230,6.098749999999995,0.2375,-1
1346,4231,6.105833333333328,0.2375,-1
1347,4232,6.112916666666661,0.2375,-1
1348,4233,6.119999999999994,0.2375,-1
1349,4234,6.127083333333327,0.2375,-1
1350,4235,6.13416666666666,0.2375,-1
1351,4236,6.141249999999993,0.2375,-1
1352,4237,6.148333333333326,0.2375,-1
1353,4238,6.155416666666659,0.2375,-1
1354,4239,6.1624999999999925,0.2375,-1
1355,4240,6.169583333333326,0.2375,-1
1356,4241,6.176666666666659,0.2375,-1
1357,4242,6.183749999999992,0.2375,-1
1358,4243,6.190833333333325,0.2375,-1
1359,4244,6.197916666666658,0.2375,-1
1360,4245,6.204999999999991,0.2375,-1
1361,4246,6.212083333333324,0.2375,-1
1362,4247,6.219166666666657,0.2375,-1
1363,4248,6.2262499999999905,0.2375,-1
1364,4249,6.233333333333324,0.2375,-1
1365,4250,6.240416666666657,0.2375,-1
1366,4251,6.24749999999999,0.2375,-1
1367,4252,6.254583333333323,0.2375,-1
1368,4253,6.261666666666656,0.2375,-1
1369,4254,6.268749999999989,0.2375,-1
1370,4255,6.275833333333322,0.2375,-1
1371,4256,6.282916666666655,0.2375,-1
1372,4257,6.2899999999999885,0.2375,-1
1373,4258,6.297083333333322,0.2375,-1
1374,4259,6.304166666666655,0.2375,-1
1375,4260,6.311249999999988,0.2375,-1
1376,4261,6.318333333333321,0.2375,-1
1377,4262,6.325416666666654,0.2375,-1
1378,4263,6.332499999999987,0.2375,-1
1379,4264,6.33958333333332,0.2375,-1
1380,4265,6.346666666666653,0.2375,-1
1381,4266,6.3537499999999865,0.2375,-1
1382,4267,6.36083333333332,0.2375,-1
1383,4268,6.367916666666653,0.2375,-1
1384,4269,6.374999999999986,0.2375,-1
1385,4270,6.382083333333319,0.2375,-1
1386,4271,6.389166666666652,0.2375,-1
1387,4272,6.396249999999985,0.2375,-1
1388,4273,6.403333333333318,0.2375,-1
1389,4274,6.410416666666651,0.2375,-1
1390,4275,6.417499999999984,0.2375,-1
1391,4276,6.4245833333333175,0.2375,-1
1392,4277,6.431666666666651,0.2375,-1
1393,4278,6.438749999999984,0.2375,-1
1394,4279,6.445833333333317,0.2375,-1
1395,4280,6.45291666666665,0.2375,-1
1396,4281,6.459999999999983,0.2375,-1
1397,4282,6.467083333333316,0.2375,-1
1398,4283,6.474166666666649,0.2375,-1
1399,4284,6.481249999999982,0.2375,-1
1400,4285,6.4883333333333155,0.2375,-1
1401,4286,6.495416666666649,0.2375,-1
1402,4287,6.495416666666649,0.25,11
1403,4288,6.495416666666649,0.25,11
1404,4289,6.495416666666649,0.25,11
1405,4290,6.495416666666649,0.25,11
1406,4291,6.495416666666649,0.25,11
1407,4292,6.495416666666649,0.25,11
1408,4293,6.495416666666649,0.25,11
1409,4294,6.495416666666649,0.25,11
1410,4295,6.495416666666649,0.25,11
1411,4296,6.495416666666649,0.25,11
1412,4297,6.495416666666649,0.25,11
1413,4298,6.495416666666649,0.25,11
1414,4299,6.495416666666649,0.25,11
1415,4300,6.495416666666649,0.25,11
1416,4301,6.495416666666649,0.25,11
1417,4302,6.495416666666649,0.25,11
1418,4303,6.495416666666649,0.25,11
1419,4304,6.495416666666649,0.25,11
1420,4305,6.495416666666649,0.25,11
1421,4306,6.495416666666649,0.25,11
1422,4307,6.495416666666649,0.25,11
1423,4308,6.495416666666649,0.25,11
1424,4309,6.495416666666649,0.25,11
1425,4310,6.495416666666649,0.25,11
1426,4311,6.495416666666649,0.25,11
1427,4312,6.495416666666649,0.25,11
1428,4313,6.495416666666649,0.25,11
1429,4314,6.495416666666649,0.25,11
1430,4315,6.495416666666649,0.25,11
1431,4316,6.495416666666649,0.25,11
1432,4317,6.495416666666649,0.25,11
1433,4318,6.495416666666649,0.25,11
1434,4319,6.495416666666649,0.25,11
1435,4320,6.495416666666649,0.25,11
1436,4321,6.495416666666649,0.25,11
1437,4322,6.495416666666649,0.25,11
1438,4323,6.495416666666649,0.25,11
1439,4324,6.495416666666649,0.25,11
1440,4325,6.495416666666649,0.25,11
1441,4326,6.495416666666649,0.25,11
1442,4327,6.495416666666649,0.25,11
1443,4328,6.495416666666649,0.25,11
1444,4329,6.495416666666649,0.25,11
1445,4330,6.495416666666649,0.25,11
1446,4331,6.495416666666649,0.25,11
1447,4332,6.495416666666649,0.25,11
1448,4333,6.495416666666649,0.25,11
1449,4334,6.495416666666649,0.25,11
1450,4335,6.495416666666649,0.25,11
1451,4336,6.495416666666649,0.25,11
1452,4337,6.495416666666649,0.25,11
1453,4338,6.495416666666649,0.25,11
1454,4339,6.495416666666649,0.25,11
1455,4340,6.495416666666649,0.25,11
1456,4341,6.495416666666649,0.25,11
1457,4342,6.495416666666649,0.25,11
1458,4343,6.495416666666649,0.25,11
1459,4344,6.495416666666649,0.25,11
1460,4345,6.495416666666649,0.25,11
1461,4346,6.495416666666649,0.25,11
1462,4347,6.495416666666649,0.25,11
1463,4348,6.495416666666649,0.25,11
1464,4349,6.495416666666649,0.25,11
1465,4350,6.495416666666649,0.25,11
1466,4351,6.495416666666649,0.25,11
1467,4352,6.495416666666649,0.25,11
1468,4353,6.495416666666649,0.25,11
1469,4354,6.495416666666649,0.25,11
1470,4355,6.495416666666649,0.25,11
1471,4356,6.495416666666649,0.25,11
1472,4357,6.495416666666649,0.25,11
1473,4358,6.495416666666649,0.25,11
1474,4359,6.495416666666649,0.25,11
1475,4360,6.495416666666649,0.25,11
1476,4361,6.495416666666649,0.25,11
1477,4362,6.495416666666649,0.25,11
1478,4363,6.495416666666649,0.25,11
1479,4364,6.495416666666649,0.25,11
1480,4365,6.495416666666649,0.25,11
1481,4366,6.495416666666649,0.25,11
1482,4367,6.495416666666649,0.25,11
1483,4368,6.495416666666649,0.25,11
1484,4369,6.495416666666649,0.25,11
1485,4370,6.495416666666649,0.25,11
1486,4371,6.495416666666649,0.25,11
1487,4372,6.495416666666649,0.25,11
1488,4373,6.495416666666649,0.25,11
1489,4374,6.495416666666649,0.25,11
1490,4375,6.495416666666649,0.25,11
1491,4376,6.495416666666649,0.25,11
1492,4377,6.495416666666649,0.25,11
1493,4378,6.495416666666649,0.25,11
1494,4379,6.495416666666649,0.25,11
1495,4380,6.495416666666649,0.25,11
1496,4381,6.495416666666649,0.25,11
1497,4382,6.495416666666649,0.25,11
1498,4383,6.495416666666649,0.25,11
1499,4384,6.495416666666649,0.25,11
1500,4385,6.495416666666649,0.25,11
1501,4386,6.495416666666649,0.25,11
1502,4387,6.495416666666649,0.25,11
1503,4388,6.495416666666649,0.25,11
1504,4389,6.495416666666649,0.25,11
1505,4390,6.495416666666649,0.25,11
1506,4391,6.495416666666649,0.25,11
1507,4392,6.495416666666649,0.25,11
1508,4393,6.495416666666649,0.25,11
1509,4394,6.495416666666649,0.25,11
1510,4395,6.495416666666649,0.25,11
1511,4396,6.495416666666649,0.25,11
1512,4397,6.502499999999982,0.25,-1
1513,4398,6.509583333333315,0.25,-1
1514,4399,6.516666666666648,0.25,-1
1515,4400,6.523749999999981,0.25,-1
1516,4401,6.530833333333314,0.25,-1
1517,4402,6.537916666666647,0.25,-1
1518,4403,6.54499999999998,0.25,-1
1519,4404,6.5520833333333135,0.25,-1
1520,4405,6.559166666666647,0.25,-1
1521,4406,6.56624999999998,0.25,-1
1522,4407,6.573333333333313,0.25,-1
1523,4408,6.580416666666646,0.25,-1
1524,4409,6.587499999999979,0.25,-1
1525,4410,6.594583333333312,0.25,-1
1526,4411,6.601666666666645,0.25,-1
1527,4412,6.608749999999978,0.25,-1
1528,4413,6.6158333333333115,0.25,-1
1529,4414,6.622916666666645,0.25,-1
1530,4415,6.629999999999978,0.25,-1
1531,4416,6.637083333333311,0.25,-1
1532,4417,6.644166666666644,0.25,-1
1533,4418,6.651249999999977,0.25,-1
1534,4419,6.65833333333331,0.25,-1
1535,4420,6.665416666666643,0.25,-1
1536,4421,6.672499999999976,0.25,-1
1537,4422,6.6795833333333094,0.25,-1
1538,4423,6.6866666666666426,0.25,-1
1539,4424,6.693749999999976,0.25,-1
1540,4425,6.700833333333309,0.25,-1
1541,4426,6.707916666666642,0.25,-1
1542,4427,6.714999999999975,0.25,-1
1543,4428,6.722083333333308,0.25,-1
1544,4429,6.729166666666641,0.25,-1
1545,4430,6.736249999999974,0.25,-1
1546,4431,6.743333333333307,0.25,-1
1547,4432,6.7504166666666405,0.25,-1
1548,4433,6.757499999999974,0.25,-1
1549,4434,6.764583333333307,0.25,-1
1550,4435,6.77166666666664,0.25,-1
1551,4436,6.778749999999973,0.25,-1
1552,4437,6.785833333333306,0.25,-1
1553,4438,6.792916666666639,0.25,-1
1554,4439,6.799999999999972,0.25,-1
1555,4440,6.807083333333305,0.25,-1
1556,4441,6.8141666666666385,0.25,-1
1557,4442,6.821249999999972,0.25,-1
1558,4443,6.828333333333305,0.25,-1
1559,4444,6.835416666666638,0.25,-1
1560,4445,6.842499999999971,0.25,-1
1561,4446,6.849583333333304,0.25,-1
1562,4447,6.856666666666637,0.25,-1
1563,4448,6.86374999999997,0.25,-1
1564,4449,6.870833333333303,0.25,-1
1565,4450,6.8779166666666365,0.25,-1
1566,4451,6.88499999999997,0.25,-1
1567,4452,6.892083333333303,0.25,-1
1568,4453,6.899166666666636,0.25,-1
1569,4454,6.906249999999969,0.25,-1
1570,4455,6.913333333333302,0.25,-1
1571,4456,6.920416666666635,0.25,-1
1572,4457,6.927499999999968,0.25,-1
1573,4458,6.934583333333301,0.25,-1
1574,4459,6.934583333333301,0.3,12
1575,4460,6.934583333333301,0.3,12
1576,4461,6.934583333333301,0.3,12
1577,4462,6.934583333333301,0.3,12
1578,4463,6.934583333333301,0.3,12
1579,4464,6.934583333333301,0.3,12
1580,4465,6.934583333333301,0.3,12
1581,4466,6.934583333333301,0.3,12
1582,4467,6.934583333333301,0.3,12
1583,4468,6.934583333333301,0.3,12
1584,4469,6.934583333333301,0.3,12
1585,4470,6.934583333333301,0.3,12
1586,4471,6.934583333333301,0.3,12
1587,4472,6.934583333333301,0.3,12
1588,4473,6.934583333333301,0.3,12
1589,4474,6.934583333333301,0.3,12
1590,4475,6.934583333333301,0.3,12
1591,4476,6.934583333333301,0.3,12
1592,4477,6.934583333333301,0.3,12
1593,4478,6.934583333333301,0.3,12
1594,4479,6.934583333333301,0.3,12
1595,4480,6.934583333333301,0.3,12
1596,4481,6.934583333333301,0.3,12
1597,4482,6.934583333333301,0.3,12
1598,4483,6.934583333333301,0.3,12
1599,4484,6.934583333333301,0.3,12
1600,4485,6.934583333333301,0.3,12
1601,4486,6.934583333333301,0.3,12
1602,4487,6.934583333333301,0.3,12
1603,4488,6.934583333333301,0.3,12
1604,4489,6.934583333333301,0.3,12
1605,4490,6.934583333333301,0.3,12
1606,4491,6.934583333333301,0.3,12
1607,4492,6.934583333333301,0.3,12
1608,4493,6.934583333333301,0.3,12
1609,4494,6.934583333333301,0.3,12
1610,4495,6.934583333333301,0.3,12
1611,4496,6.934583333333301,0.3,12
1612,4497,6.934583333333301,0.3,12
1613,4498,6.934583333333301,0.3,12
1614,4499,6.934583333333301,0.3,12
1615,4500,6.934583333333301,0.3,12
1616,4501,6.934583333333301,0.3,12
1617,4502,6.934583333333301,0.3,12
1618,4503,6.934583333333301,0.3,12
1619,4504,6.934583333333301,0.3,12
1620,4505,6.934583333333301,0.3,12
1621,4506,6.934583333333301,0.3,12
1622,4507,6.934583333333301,0.3,12
1623,4508,6.934583333333301,0.3,12
1624,4509,6.934583333333301,0.3,12
1625,4510,6.934583333333301,0.3,12
1626,4511,6.934583333333301,0.3,12
1627,4512,6.934583333333301,0.3,12
1628,4513,6.934583333333301,0.3,12
1629,4514,6.934583333333301,0.3,12
1630,4515,6.934583333333301,0.3,12
1631,4516,6.934583333333301,0.3,12
1632,4517,6.934583333333301,0.3,12
1633,4518,6.934583333333301,0.3,12
1634,4519,6.934583333333301,0.3,12
1635,4520,6.934583333333301,0.3,12
1636,4521,6.934583333333301,0.3,12
1637,4522,6.934583333333301,0.3,12
1638,4523,6.934583333333301,0.3,12
1639,4524,6.934583333333301,0.3,12
1640,4525,6.934583333333301,0.3,12
1641,4526,6.934583333333301,0.3,12
1642,4527,6.934583333333301,0.3,12
1643,4528,6.934583333333301,0.3,12
1644,4529,6.934583333333301,0.3,12
1645,4530,6.934583333333301,0.3,12
1646,4531,6.934583333333301,0.3,12
1647,4532,6.934583333333301,0.3,12
1648,4533,6.934583333333301,0.3,12
1649,4534,6.934583333333301,0.3,12
1650,4535,6.934583333333301,0.3,12
1651,4536,6.934583333333301,0.3,12
1652,4537,6.934583333333301,0.3,12
1653,4538,6.9416666666666345,0.3,-1
1654,4539,6.948749999999968,0.3,-1
1655,4540,6.955833333333301,0.3,-1
1656,4541,6.962916666666634,0.3,-1
1657,4542,6.969999999999967,0.3,-1
1658,4543,6.9770833333333,0.3,-1
1659,4544,6.984166666666633,0.3,-1
1660,4545,6.991249999999966,0.3,-1
1661,4546,6.998333333333299,0.3,-1
1662,4547,7.005416666666632,0.3,-1
1663,4548,7.0124999999999655,0.3,-1
1664,4549,7.019583333333299,0.3,-1
1665,4550,7.026666666666632,0.3,-1
1666,4551,7.033749999999965,0.3,-1
1667,4552,7.040833333333298,0.3,-1
1668,4553,7.047916666666631,0.3,-1
1669,4554,7.054999999999964,0.3,-1
1670,4555,7.062083333333297,0.3,-1
1671,4556,7.06916666666663,0.3,-1
1672,4557,7.0762499999999635,0.3,-1
1673,4558,7.083333333333297,0.3,-1
1674,4559,7.09041666666663,0.3,-1
1675,4560,7.097499999999963,0.3,-1
1676,4561,7.104583333333296,0.3,-1
1677,4562,7.111666666666629,0.3,-1
1678,4563,7.118749999999962,0.3,-1
1679,4564,7.125833333333295,0.3,-1
1680,4565,7.132916666666628,0.3,-1
1681,4566,7.1399999999999615,0.3,-1
1682,4567,7.147083333333295,0.3,-1
1683,4568,7.154166666666628,0.3,-1
1684,4569,7.161249999999961,0.3,-1
1685,4570,7.168333333333294,0.3,-1
1686,4571,7.175416666666627,0.3,-1
1687,4572,7.18249999999996,0.3,-1
1688,4573,7.189583333333293,0.3,-1
1689,4574,7.196666666666626,0.3,-1
1690,4575,7.2037499999999595,0.3,-1
1691,4576,7.210833333333293,0.3,-1
1692,4577,7.217916666666626,0.3,-1
1693,4578,7.224999999999959,0.3,-1
1694,4579,7.232083333333292,0.3,-1
1695,4580,7.239166666666625,0.3,-1
1696,4581,7.246249999999958,0.3,-1
1697,4582,7.253333333333291,0.3,-1
1698,4583,7.260416666666624,0.3,-1
1699,4584,7.267499999999957,0.3,-1
1700,4585,7.2745833333332905,0.3,-1
1701,4586,7.281666666666624,0.3,-1
1702,4587,7.288749999999957,0.3,-1
1703,4588,7.29583333333329,0.3,-1
1704,4589,7.29583333333329,0.3125,13
1705,4590,7.29583333333329,0.3125,13
1706,4591,7.29583333333329,0.3125,13
1707,4592,7.29583333333329,0.3125,13
1708,4593,7.29583333333329,0.3125,13
1709,4594,7.29583333333329,0.3125,13
1710,4595,7.29583333333329,0.3125,13
1711,4596,7.29583333333329,0.3125,13
1712,4597,7.29583333333329,0.3125,13
1713,4598,7.29583333333329,0.3125,13
1714,4599,7.29583333333329,0.3125,13
1715,4600,7.29583333333329,0.3125,13
1716,4601,7.29583333333329,0.3125,13
1717,4602,7.29583333333329,0.3125,13
1718,4603,7.29583333333329,0.3125,13
1719,4604,7.29583333333329,0.3125,13
1720,4605,7.29583333333329,0.3125,13
1721,4606,7.29583333333329,0.3125,13
1722,4607,7.29583333333329,0.3125,13
1723,4608,7.29583333333329,0.3125,13
1724,4609,7.29583333333329,0.3125,13
1725,4610,7.29583333333329,0.3125,13
1726,4611,7.29583333333329,0.3125,13
1727,4612,7.29583333333329,0.3125,13
1728,4613,7.29583333333329,0.3125,13
1729,4614,7.29583333333329,0.3125,13
1730,4615,7.29583333333329,0.3125,13
1731,4616,7.29583333333329,0.3125,13
1732,4617,7.29583333333329,0.3125,13
1733,4618,7.29583333333329,0.3125,13
1734,4619,7.29583333333329,0.3125,13
1735,4620,7.29583333333329,0.3125,13
1736,4621,7.29583333333329,0.3125,13
1737,4622,7.29583333333329,0.3125,13
1738,4623,7.29583333333329,0.3125,13
1739,4624,7.29583333333329,0.3125,13
1740,4625,7.29583333333329,0.3125,13
1741,4626,7.29583333333329,0.3125,13
1742,4627,7.29583333333329,0.3125,13
1743,4628,7.29583333333329,0.3125,13
1744,4629,7.29583333333329,0.3125,13
1745,4630,7.29583333333329,0.3125,13
1746,4631,7.29583333333329,0.3125,13
1747,4632,7.29583333333329,0.3125,13
1748,4633,7.29583333333329,0.3125,13
1749,4634,7.29583333333329,0.3125,13
1750,4635,7.29583333333329,0.3125,13
1751,4636,7.29583333333329,0.3125,13
1752,4637,7.29583333333329,0.3125,13
1753,4638,7.29583333333329,0.3125,13
1754,4639,7.29583333333329,0.3125,13
1755,4640,7.29583333333329,0.3125,13
1756,4641,7.29583333333329,0.3125,13
1757,4642,7.29583333333329,0.3125,13
1758,4643,7.29583333333329,0.3125,13
1759,4644,7.29583333333329,0.3125,13
1760,4645,7.29583333333329,0.3125,13
1761,4646,7.29583333333329,0.3125,13
1762,4647,7.29583333333329,0.3125,13
1763,4648,7.29583333333329,0.3125,13
1764,4649,7.29583333333329,0.3125,13
1765,4650,7.29583333333329,0.3125,13
1766,4651,7.29583333333329,0.3125,13
1767,4652,7.29583333333329,0.3125,13
1768,4653,7.29583333333329,0.3125,13
1769,4654,7.29583333333329,0.3125,13
1770,4655,7.29583333333329,0.3125,13
1771,4656,7.29583333333329,0.3125,13
1772,4657,7.29583333333329,0.3125,13
1773,4658,7.29583333333329,0.3125,13
1774,4659,7.29583333333329,0.3125,13
1775,4660,7.29583333333329,0.3125,13
1776,4661,7.29583333333329,0.3125,13
1777,4662,7.29583333333329,0.3125,13
1778,4663,7.29583333333329,0.3125,13
1779,4664,7.29583333333329,0.3125,13
1780,4665,7.29583333333329,0.3125,13
1781,4666,7.29583333333329,0.3125,13
1782,4667,7.29583333333329,0.3125,13
1783,4668,7.29583333333329,0.3125,13
1784,4669,7.29583333333329,0.3125,13
1785,4670,7.29583333333329,0.3125,13
1786,4671,7.29583333333329,0.3125,13
1787,4672,7.29583333333329,0.3125,13
1788,4673,7.29583333333329,0.3125,13
1789,4674,7.29583333333329,0.3125,13
1790,4675,7.29583333333329,0.3125,13
1791,4676,7.29583333333329,0.3125,13
1792,4677,7.29583333333329,0.3125,13
1793,4678,7.29583333333329,0.3125,13
1794,4679,7.29583333333329,0.3125,13
1795,4680,7.29583333333329,0.3125,13
1796,4681,7.29583333333329,0.3125,13
1797,4682,7.29583333333329,0.3125,13
1798,4683,7.29583333333329,0.3125,13
1799,4684,7.29583333333329,0.3125,13
1800,4685,7.29583333333329,0.3125,13
1801,4686,7.29583333333329,0.3125,13
1802,4687,7.302916666666623,0.3125,-1
1803,4688,7.309999999999956,0.3125,-1
1804,4689,7.317083333333289,0.3125,-1
1805,4690,7.324166666666622,0.3125,-1
1806,4691,7.331249999999955,0.3125,-1
1807,4692,7.3383333333332885,0.3125,-1
1808,4693,7.345416666666622,0.3125,-1
1809,4694,7.352499999999955,0.3125,-1
1810,4695,7.359583333333288,0.3125,-1
1811,4696,7.366666666666621,0.3125,-1
1812,4697,7.373749999999954,0.3125,-1
1813,4698,7.380833333333287,0.3125,-1
1814,4699,7.38791666666662,0.3125,-1
1815,4700,7.394999999999953,0.3125,-1
1816,4701,7.4020833333332865,0.3125,-1
1817,4702,7.40916666666662,0.3125,-1
1818,4703,7.416249999999953,0.3125,-1
1819,4704,7.423333333333286,0.3125,-1
1820,4705,7.430416666666619,0.3125,-1
1821,4706,7.437499999999952,0.3125,-1
1822,4707,7.444583333333285,0.3125,-1
1823,4708,7.451666666666618,0.3125,-1
1824,4709,7.458749999999951,0.3125,-1
1825,4710,7.4658333333332845,0.3125,-1
1826,4711,7.472916666666618,0.3125,-1
1827,4712,7.479999999999951,0.3125,-1
1828,4713,7.487083333333284,0.3125,-1
1829,4714,7.494166666666617,0.3125,-1
1830,4715,7.50124999999995,0.3125,-1
1831,4716,7.508333333333283,0.3125,-1
1832,4717,7.515416666666616,0.3125,-1
1833,4718,7.522499999999949,0.3125,-1
1834,4719,7.5295833333332824,0.3125,-1
1835,4720,7.5366666666666156,0.3125,-1
1836,4721,7.543749999999949,0.3125,-1
1837,4722,7.550833333333282,0.3125,-1
1838,4723,7.557916666666615,0.3125,-1
1839,4724,7.564999999999948,0.3125,-1
1840,4725,7.572083333333281,0.3125,-1
1841,4726,7.579166666666614,0.3125,-1
1842,4727,7.586249999999947,0.3125,-1
1843,4728,7.59333333333328,0.3125,-1
1844,4729,7.6004166666666135,0.3125,-1
1845,4730,7.607499999999947,0.3125,-1
1846,4731,7.61458333333328,0.3125,-1
1847,4732,7.621666666666613,0.3125,-1
1848,4733,7.628749999999946,0.3125,-1
1849,4734,7.635833333333279,0.3125,-1
1850,4735,7.642916666666612,0.3125,-1
1851,4736,7.649999999999945,0.3125,-1
1852,4737,7.657083333333278,0.3125,-1
1853,4738,7.6641666666666115,0.3125,-1
1854,4739,7.671249999999945,0.3125,-1
1855,4740,7.678333333333278,0.3125,-1
1856,4741,7.685416666666611,0.3125,-1
1857,4742,7.692499999999944,0.3125,-1
1858,4743,7.699583333333277,0.3125,-1
1859,4744,7.70666666666661,0.3125,-1
1860,4745,7.713749999999943,0.3125,-1
1861,4746,7.720833333333276,0.3125,-1
1862,4747,7.7279166666666095,0.3125,-1
1863,4748,7.734999999999943,0.3125,-1
1864,4749,7.742083333333276,0.3125,-1
1865,4750,7.749166666666609,0.3125,-1
1866,4751,7.756249999999942,0.3125,-1
1867,4752,7.763333333333275,0.3125,-1
1868,4753,7.770416666666608,0.3125,-1
1869,4754,7.777499999999941,0.3125,-1
1870,4755,7.784583333333274,0.3125,-1
1871,4756,7.7916666666666075,0.3125,-1
1872,4757,7.798749999999941,0.3125,-1
1873,4758,7.805833333333274,0.3125,-1
1874,4759,7.812916666666607,0.3125,-1
1875,4760,7.81999999999994,0.3125,-1
1876,4761,7.827083333333273,0.3125,-1
1877,4762,7.834166666666606,0.3125,-1
1878,4763,7.841249999999939,0.3125,-1
1879,4764,7.848333333333272,0.3125,-1
1880,4765,7.855416666666605,0.3125,-1
1881,4766,7.8624999999999385,0.3125,-1
1882,4767,7.869583333333272,0.3125,-1
1883,4768,7.876666666666605,0.3125,-1
1884,4769,7.883749999999938,0.3125,-1
1885,4770,7.890833333333271,0.3125,-1
1886,4771,7.890833333333271,0.3375,14
1887,4772,7.890833333333271,0.3375,14
1888,4773,7.890833333333271,0.3375,14
1889,4774,7.890833333333271,0.3375,14
1890,4775,7.890833333333271,0.3375,14
1891,4776,7.890833333333271,0.3375,14
1892,4777,7.890833333333271,0.3375,14
1893,4778,7.890833333333271,0.3375,14
1894,4779,7.890833333333271,0.3375,14
1895,4780,7.890833333333271,0.3375,14
1896,4781,7.890833333333271,0.3375,14
1897,4782,7.890833333333271,0.3375,14
1898,4783,7.890833333333271,0.3375,14
1899,4784,7.890833333333271,0.3375,14
1900,4785,7.890833333333271,0.3375,14
1901,4786,7.890833333333271,0.3375,14
1902,4787,7.890833333333271,0.3375,14
1903,4788,7.890833333333271,0.3375,14
1904,4789,7.890833333333271,0.3375,14
1905,4790,7.890833333333271,0.3375,14
1906,4791,7.890833333333271,0.3375,14
1907,4792,7.890833333333271,0.3375,14
1908,4793,7.890833333333271,0.3375,14
1909,4794,7.890833333333271,0.3375,14
1910,4795,7.890833333333271,0.3375,14
1911,4796,7.890833333333271,0.3375,14
1912,4797,7.890833333333271,0.3375,14
1913,4798,7.890833333333271,0.3375,14
1914,4799,7.890833333333271,0.3375,14
1915,4800,7.890833333333271,0.3375,14
1916,4801,7.890833333333271,0.3375,14
1917,4802,7.890833333333271,0.3375,14
1918,4803,7.890833333333271,0.3375,14
1919,4804,7.890833333333271,0.3375,14
1920,4805,7.890833333333271,0.3375,14
1921,4806,7.890833333333271,0.3375,14
1922,4807,7.890833333333271,0.3375,14
1923,4808,7.897916666666604,0.3375,-1
1924,4809,7.904999999999937,0.3375,-1
1925,4810,7.91208333333327,0.3375,-1
1926,4811,7.919166666666603,0.3375,-1
1927,4812,7.9262499999999365,0.3375,-1
1928,4813,7.93333333333327,0.3375,-1
1929,4814,7.940416666666603,0.3375,-1
1930,4815,7.947499999999936,0.3375,-1
1931,4816,7.954583333333269,0.3375,-1
1932,4817,7.961666666666602,0.3375,-1
1933,4818,7.968749999999935,0.3375,-1
1934,4819,7.975833333333268,0.3375,-1
1935,4820,7.982916666666601,0.3375,-1
1936,4821,7.9899999999999345,0.3375,-1
1937,4822,7.997083333333268,0.3375,-1
1938,4823,8.0041666666666,0.3375,-1
1939,4824,8.011249999999935,0.3375,-1
1940,4825,8.018333333333269,0.3375,-1
1941,4826,8.025416666666603,0.3375,-1
1942,4827,8.032499999999937,0.3375,-1
1943,4828,8.03958333333327,0.3375,-1
1944,4829,8.046666666666605,0.3375,-1
1945,4830,8.053749999999939,0.3375,-1
1946,4831,8.060833333333273,0.3375,-1
1947,4832,8.067916666666607,0.3375,-1
1948,4833,8.07499999999994,0.3375,-1
1949,4834,8.082083333333275,0.3375,-1
1950,4835,8.089166666666609,0.3375,-1
1951,4836,8.096249999999943,0.3375,-1
1952,4837,8.103333333333277,0.3375,-1
1953,4838,8.11041666666661,0.3375,-1
1954,4839,8.117499999999945,0.3375,-1
1955,4840,8.124583333333279,0.3375,-1
1956,4841,8.131666666666613,0.3375,-1
1957,4842,8.138749999999947,0.3375,-1
1958,4843,8.14583333333328,0.3375,-1
1959,4844,8.152916666666615,0.3375,-1
1960,4845,8.159999999999949,0.3375,-1
1961,4846,8.167083333333283,0.3375,-1
1962,4847,8.174166666666617,0.3375,-1
1963,4848,8.18124999999995,0.3375,-1
1964,4849,8.188333333333285,0.3375,-1
1965,4850,8.195416666666619,0.3375,-1
1966,4851,8.202499999999953,0.3375,-1
1967,4852,8.209583333333287,0.3375,-1
1968,4853,8.21666666666662,0.3375,-1
1969,4854,8.223749999999955,0.3375,-1
1970,4855,8.230833333333289,0.3375,-1
1971,4856,8.237916666666623,0.3375,-1
1972,4857,8.244999999999957,0.3375,-1
1973,4858,8.25208333333329,0.3375,-1
1974,4859,8.259166666666625,0.3375,-1
1975,4860,8.266249999999959,0.3375,-1
1976,4861,8.273333333333293,0.3375,-1
1977,4862,8.273333333333293,0.4125,15
1978,4863,8.273333333333293,0.4125,15
1979,4864,8.273333333333293,0.4125,15
1980,4865,8.273333333333293,0.4125,15
1981,4866,8.273333333333293,0.4125,15
1982,4867,8.273333333333293,0.4125,15
1983,4868,8.273333333333293,0.4125,15
1984,4869,8.273333333333293,0.4125,15
1985,4870,8.273333333333293,0.4125,15
1986,4871,8.273333333333293,0.4125,15
1987,4872,8.273333333333293,0.4125,15
1988,4873,8.273333333333293,0.4125,15
1989,4874,8.273333333333293,0.4125,15
1990,4875,8.273333333333293,0.4125,15
1991,4876,8.273333333333293,0.4125,15
1992,4877,8.273333333333293,0.4125,15
1993,4878,8.273333333333293,0.4125,15
1994,4879,8.273333333333293,0.4125,15
1995,4880,8.273333333333293,0.4125,15
1996,4881,8.273333333333293,0.4125,15
1997,4882,8.273333333333293,0.4125,15
1998,4883,8.273333333333293,0.4125,15
1999,4884,8.273333333333293,0.4125,15
2000,4885,8.273333333333293,0.4125,15
2001,4886,8.273333333333293,0.4125,15
2002,4887,8.273333333333293,0.4125,15
2003,4888,8.273333333333293,0.4125,15
2004,4889,8.273333333333293,0.4125,15
2005,4890,8.273333333333293,0.4125,15
2006,4891,8.273333333333293,0.4125,15
2007,4892,8.273333333333293,0.4125,15
2008,4893,8.273333333333293,0.4125,15
2009,4894,8.273333333333293,0.4125,15
2010,4895,8.273333333333293,0.4125,15
2011,4896,8.273333333333293,0.4125,15
2012,4897,8.273333333333293,0.4125,15
2013,4898,8.273333333333293,0.4125,15
2014,4899,8.273333333333293,0.4125,15
2015,4900,8.273333333333293,0.4125,15
2016,4901,8.273333333333293,0.4125,15
2017,4902,8.273333333333293,0.4125,15
2018,4903,8.273333333333293,0.4125,15
2019,4904,8.273333333333293,0.4125,15
2020,4905,8.273333333333293,0.4125,15
2021,4906,8.273333333333293,0.4125,15
2022,4907,8.273333333333293,0.4125,15
2023,4908,8.273333333333293,0.4125,15
2024,4909,8.273333333333293,0.4125,15
2025,4910,8.273333333333293,0.4125,15
2026,4911,8.273333333333293,0.4125,15
2027,4912,8.273333333333293,0.4125,15
2028,4913,8.273333333333293,0.4125,15
2029,4914,8.273333333333293,0.4125,15
2030,4915,8.273333333333293,0.4125,15
2031,4916,8.273333333333293,0.4125,15
2032,4917,8.273333333333293,0.4125,15
2033,4918,8.273333333333293,0.4125,15
2034,4919,8.273333333333293,0.4125,15
2035,4920,8.273333333333293,0.4125,15
2036,4921,8.273333333333293,0.4125,15
2037,4922,8.273333333333293,0.4125,15
2038,4923,8.273333333333293,0.4125,15
2039,4924,8.273333333333293,0.4125,15
2040,4925,8.273333333333293,0.4125,15
2041,4926,8.273333333333293,0.4125,15
2042,4927,8.273333333333293,0.4125,15
2043,4928,8.273333333333293,0.4125,15
2044,4929,8.273333333333293,0.4125,15
2045,4930,8.273333333333293,0.4125,15
2046,4931,8.273333333333293,0.4125,15
2047,4932,8.273333333333293,0.4125,15
2048,4933,8.273333333333293,0.4125,15
2049,4934,8.273333333333293,0.4125,15
2050,4935,8.273333333333293,0.4125,15
2051,4936,8.273333333333293,0.4125,15
2052,4937,8.273333333333293,0.4125,15
2053,4938,8.273333333333293,0.4125,15
2054,4939,8.273333333333293,0.4125,15
2055,4940,8.273333333333293,0.4125,15
2056,4941,8.273333333333293,0.4125,15
2057,4942,8.273333333333293,0.4125,15
2058,4943,8.273333333333293,0.4125,15
2059,4944,8.273333333333293,0.4125,15
2060,4945,8.273333333333293,0.4125,15
2061,4946,8.273333333333293,0.4125,15
2062,4947,8.273333333333293,0.4125,15
2063,4948,8.273333333333293,0.4125,15
2064,4949,8.273333333333293,0.4125,15
2065,4950,8.273333333333293,0.4125,15
2066,4951,8.273333333333293,0.4125,15
2067,4952,8.280416666666627,0.4125,-1
2068,4953,8.28749999999996,0.4125,-1
2069,4954,8.294583333333295,0.4125,-1
2070,4955,8.301666666666629,0.4125,-1
2071,4956,8.308749999999963,0.4125,-1
2072,4957,8.315833333333297,0.4125,-1
2073,4958,8.32291666666663,0.4125,-1
2074,4959,8.329999999999965,0.4125,-1
2075,4960,8.337083333333299,0.4125,-1
2076,4961,8.344166666666633,0.4125,-1
2077,4962,8.351249999999967,0.4125,-1
2078,4963,8.3583333333333,0.4125,-1
2079,4964,8.365416666666635,0.4125,-1
2080,4965,8.372499999999969,0.4125,-1
2081,4966,8.379583333333303,0.4125,-1
2082,4967,8.386666666666637,0.4125,-1
2083,4968,8.39374999999997,0.4125,-1
2084,4969,8.400833333333305,0.4125,-1
2085,4970,8.407916666666639,0.4125,-1
2086,4971,8.414999999999973,0.4125,-1
2087,4972,8.422083333333306,0.4125,-1
2088,4973,8.42916666666664,0.4125,-1
2089,4974,8.436249999999974,0.4125,-1
2090,4975,8.443333333333308,0.4125,-1
2091,4976,8.450416666666642,0.4125,-1
2092,4977,8.457499999999976,0.4125,-1
2093,4978,8.46458333333331,0.4125,-1
2094,4979,8.471666666666644,0.4125,-1
2095,4980,8.478749999999978,0.4125,-1
2096,4981,8.485833333333312,0.4125,-1
2097,4982,8.492916666666646,0.4125,-1
2098,4983,8.49999999999998,0.4125,-1
2099,4984,8.507083333333314,0.4125,-1
2100,4985,8.514166666666648,0.4125,-1
2101,4986,8.521249999999982,0.4125,-1
2102,4987,8.528333333333316,0.4125,-1
2103,4988,8.53541666666665,0.4125,-1
2104,4989,8.542499999999984,0.4125,-1
2105,4990,8.549583333333318,0.4125,-1
2106,4991,8.556666666666652,0.4125,-1
2107,4992,8.563749999999986,0.4125,-1
2108,4993,8.57083333333332,0.4125,-1
2109,4994,8.577916666666654,0.4125,-1
2110,4995,8.584999999999988,0.4125,-1
2111,4996,8.592083333333322,0.4125,-1
2112,4997,8.599166666666656,0.4125,-1
2113,4998,8.60624999999999,0.4125,-1
2114,4999,8.613333333333324,0.4125,-1
2115,5000,8.620416666666658,0.4125,-1
2116,5001,8.627499999999992,0.4125,-1
2117,5002,8.634583333333326,0.4125,-1
2118,5003,8.64166666666666,0.4125,-1
2119,5004,8.648749999999994,0.4125,-1
2120,5005,8.655833333333328,0.4125,-1
2121,5006,8.662916666666662,0.4125,-1
2122,5007,8.669999999999996,0.4125,-1
2123,5008,8.67708333333333,0.4125,-1
2124,5009,8.684166666666664,0.4125,-1
2125,5010,8.691249999999998,0.4125,-1
2126,5011,8.698333333333332,0.4125,-1
2127,5012,8.705416666666666,0.4125,-1
2128,5013,8.7125,0.4125,-1
2129,5014,8.719583333333334,0.4125,-1
2130,5015,8.726666666666668,0.4125,-1
2131,5016,8.733750000000002,0.4125,-1
2132,5017,8.740833333333336,0.4125,-1
2133,5018,8.74791666666667,0.4125,-1
2134,5019,8.755000000000004,0.4125,-1
2135,5020,8.762083333333338,0.4125,-1
2136,5021,8.769166666666672,0.4125,-1
2137,5022,8.776250000000006,0.4125,-1
2138,5023,8.78333333333334,0.4125,-1
2139,5024,8.790416666666674,0.4125,-1
2140,5025,8.797500000000008,0.4125,-1
2141,5026,8.804583333333342,0.4125,-1
2142,5027,8.811666666666676,0.4125,-1
2143,5028,8.81875000000001,0.4125,-1
2144,5029,8.825833333333344,0.4125,-1
2145,5030,8.832916666666678,0.4125,-1
2146,5031,8.840000000000012,0.4125,-1
2147,5032,8.847083333333346,0.4125,-1
2148,5033,8.85416666666668,0.4125,-1
2149,5034,8.861250000000014,0.4125,-1
2150,5035,8.868333333333348,0.4125,-1
2151,5036,8.875416666666682,0.4125,-1
2152,5037,8.882500000000016,0.4125,-1
2153,5038,8.882500000000016,0.4375,16
2154,5039,8.882500000000016,0.4375,16
2155,5040,8.882500000000016,0.4375,16
2156,5041,8.882500000000016,0.4375,16
2157,5042,8.882500000000016,0.4375,16
2158,5043,8.882500000000016,0.4375,16
2159,5044,8.882500000000016,0.4375,16
2160,5045,8.882500000000016,0.4375,16
2161,5046,8.882500000000016,0.4375,16
2162,5047,8.882500000000016,0.4375,16
2163,5048,8.882500000000016,0.4375,16
2164,5049,8.882500000000016,0.4375,16
2165,5050,8.882500000000016,0.4375,16
2166,5051,8.882500000000016,0.4375,16
2167,5052,8.882500000000016,0.4375,16
2168,5053,8.882500000000016,0.4375,16
2169,5054,8.882500000000016,0.4375,16
2170,5055,8.882500000000016,0.4375,16
2171,5056,8.882500000000016,0.4375,16
2172,5057,8.882500000000016,0.4375,16
2173,5058,8.882500000000016,0.4375,16
2174,5059,8.882500000000016,0.4375,16
2175,5060,8.882500000000016,0.4375,16
2176,5061,8.882500000000016,0.4375,16
2177,5062,8.882500000000016,0.4375,16
2178,5063,8.882500000000016,0.4375,16
2179,5064,8.882500000000016,0.4375,16
2180,5065,8.882500000000016,0.4375,16
2181,5066,8.882500000000016,0.4375,16
2182,5067,8.882500000000016,0.4375,16
2183,5068,8.882500000000016,0.4375,16
2184,5069,8.882500000000016,0.4375,16
2185,5070,8.882500000000016,0.4375,16
2186,5071,8.882500000000016,0.4375,16
2187,5072,8.882500000000016,0.4375,16
2188,5073,8.882500000000016,0.4375,16
2189,5074,8.882500000000016,0.4375,16
2190,5075,8.882500000000016,0.4375,16
2191,5076,8.882500000000016,0.4375,16
2192,5077,8.882500000000016,0.4375,16
2193,5078,8.882500000000016,0.4375,16
2194,5079,8.882500000000016,0.4375,16
2195,5080,8.882500000000016,0.4375,16
2196,5081,8.882500000000016,0.4375,16
2197,5082,8.882500000000016,0.4375,16
2198,5083,8.882500000000016,0.4375,16
2199,5084,8.882500000000016,0.4375,16
2200,5085,8.882500000000016,0.4375,16
2201,5086,8.882500000000016,0.4375,16
2202,5087,8.882500000000016,0.4375,16
2203,5088,8.882500000000016,0.4375,16
2204,5089,8.882500000000016,0.4375,16
2205,5090,8.882500000000016,0.4375,16
2206,5091,8.882500000000016,0.4375,16
2207,5092,8.882500000000016,0.4375,16
2208,5093,8.882500000000016,0.4375,16
2209,5094,8.882500000000016,0.4375,16
2210,5095,8.882500000000016,0.4375,16
2211,5096,8.882500000000016,0.4375,16
2212,5097,8.882500000000016,0.4375,16
2213,5098,8.882500000000016,0.4375,16
2214,5099,8.882500000000016,0.4375,16
2215,5100,8.882500000000016,0.4375,16
2216,5101,8.882500000000016,0.4375,16
2217,5102,8.882500000000016,0.4375,16
2218,5103,8.88958333333335,0.4375,-1
2219,5104,8.896666666666684,0.4375,-1
2220,5105,8.903750000000018,0.4375,-1
2221,5106,8.910833333333352,0.4375,-1
2222,5107,8.917916666666686,0.4375,-1
2223,5108,8.92500000000002,0.4375,-1
2224,5109,8.932083333333354,0.4375,-1
2225,5110,8.939166666666688,0.4375,-1
2226,5111,8.946250000000022,0.4375,-1
2227,5112,8.953333333333356,0.4375,-1
2228,5113,8.96041666666669,0.4375,-1
2229,5114,8.967500000000024,0.4375,-1
2230,5115,8.974583333333358,0.4375,-1
2231,5116,8.981666666666692,0.4375,-1
2232,5117,8.988750000000026,0.4375,-1
2233,5118,8.99583333333336,0.4375,-1
2234,5119,9.002916666666694,0.4375,-1
2235,5120,9.010000000000028,0.4375,-1
2236,5121,9.017083333333362,0.4375,-1
2237,5122,9.024166666666696,0.4375,-1
2238,5123,9.03125000000003,0.4375,-1
2239,5124,9.038333333333364,0.4375,-1
2240,5125,9.045416666666698,0.4375,-1
2241,5126,9.052500000000032,0.4375,-1
2242,5127,9.059583333333366,0.4375,-1
2243,5128,9.0666666666667,0.4375,-1
2244,5129,9.073750000000034,0.4375,-1
2245,5130,9.080833333333368,0.4375,-1
2246,5131,9.087916666666702,0.4375,-1
2247,5132,9.095000000000036,0.4375,-1
2248,5133,9.10208333333337,0.4375,-1
2249,5134,9.109166666666704,0.4375,-1
2250,5135,9.116250000000038,0.4375,-1
2251,5136,9.123333333333372,0.4375,-1
2252,5137,9.130416666666706,0.4375,-1
2253,5138,9.13750000000004,0.4375,-1
2254,5139,9.144583333333374,0.4375,-1
2255,5140,9.151666666666708,0.4375,-1
2256,5141,9.158750000000042,0.4375,-1
2257,5142,9.165833333333376,0.4375,-1
2258,5143,9.17291666666671,0.4375,-1
2259,5144,9.180000000000044,0.4375,-1
2260,5145,9.187083333333378,0.4375,-1
2261,5146,9.194166666666712,0.4375,-1
2262,5147,9.201250000000046,0.4375,-1
2263,5148,9.20833333333338,0.4375,-1
2264,5149,9.215416666666714,0.4375,-1
2265,5150,9.222500000000048,0.4375,-1
2266,5151,9.229583333333382,0.4375,-1
2267,5152,9.236666666666716,0.4375,-1
2268,5153,9.24375000000005,0.4375,-1
2269,5154,9.250833333333384,0.4375,-1
2270,5155,9.257916666666718,0.4375,-1
2271,5156,9.265000000000052,0.4375,-1
2272,5157,9.272083333333386,0.4375,-1
2273,5158,9.27916666666672,0.4375,-1
2274,5159,9.286250000000054,0.4375,-1
2275,5160,9.293333333333388,0.4375,-1
2276,5161,9.300416666666722,0.4375,-1
2277,5162,9.307500000000056,0.4375,-1
2278,5163,9.31458333333339,0.4375,-1
2279,5164,9.321666666666724,0.4375,-1
2280,5165,9.328750000000058,0.4375,-1
2281,5166,9.335833333333392,0.4375,-1
2282,5167,9.342916666666726,0.4375,-1
2283,5168,9.35000000000006,0.4375,-1
2284,5169,9.357083333333394,0.4375,-1
2285,5170,9.357083333333394,0.475,17
2286,5171,9.357083333333394,0.475,17
2287,5172,9.357083333333394,0.475,17
2288,5173,9.357083333333394,0.475,17
2289,5174,9.357083333333394,0.475,17
2290,5175,9.357083333333394,0.475,17
2291,5176,9.357083333333394,0.475,17
2292,5177,9.357083333333394,0.475,17
2293,5178,9.357083333333394,0.475,17
2294,5179,9.357083333333394,0.475,17
2295,5180,9.357083333333394,0.475,17
2296,5181,9.357083333333394,0.475,17
2297,5182,9.357083333333394,0.475,17
2298,5183,9.357083333333394,0.475,17
2299,5184,9.357083333333394,0.475,17
2300,5185,9.357083333333394,0.475,17
2301,5186,9.357083333333394,0.475,17
2302,5187,9.357083333333394,0.475,17
2303,5188,9.357083333333394,0.475,17
2304,5189,9.357083333333394,0.475,17
2305,5190,9.357083333333394,0.475,17
2306,5191,9.357083333333394,0.475,17
2307,5192,9.357083333333394,0.475,17
2308,5193,9.357083333333394,0.475,17
2309,5194,9.357083333333394,0.475,17
2310,5195,9.357083333333394,0.475,17
2311,5196,9.357083333333394,0.475,17
2312,5197,9.357083333333394,0.475,17
2313,5198,9.357083333333394,0.475,17
2314,5199,9.357083333333394,0.475,17
2315,5200,9.357083333333394,0.475,17
2316,5201,9.357083333333394,0.475,17
2317,5202,9.357083333333394,0.475,17
2318,5203,9.357083333333394,0.475,17
2319,5204,9.357083333333394,0.475,17
2320,5205,9.357083333333394,0.475,17
2321,5206,9.357083333333394,0.475,17
2322,5207,9.357083333333394,0.475,17
2323,5208,9.357083333333394,0.475,17
2324,5209,9.357083333333394,0.475,17
2325,5210,9.357083333333394,0.475,17
2326,5211,9.357083333333394,0.475,17
2327,5212,9.357083333333394,0.475,17
2328,5213,9.357083333333394,0.475,17
2329,5214,9.357083333333394,0.475,17
2330,5215,9.357083333333394,0.475,17
2331,5216,9.357083333333394,0.475,17
2332,5217,9.357083333333394,0.475,17
2333,5218,9.357083333333394,0.475,17
2334,5219,9.357083333333394,0.475,17
2335,5220,9.357083333333394,0.475,17
2336,5221,9.357083333333394,0.475,17
2337,5222,9.357083333333394,0.475,17
2338,5223,9.357083333333394,0.475,17
2339,5224,9.357083333333394,0.475,17
2340,5225,9.357083333333394,0.475,17
2341,5226,9.357083333333394,0.475,17
2342,5227,9.357083333333394,0.475,17
2343,5228,9.357083333333394,0.475,17
2344,5229,9.357083333333394,0.475,17
2345,5230,9.357083333333394,0.475,17
2346,5231,9.357083333333394,0.475,17
2347,5232,9.357083333333394,0.475,17
2348,5233,9.357083333333394,0.475,17
2349,5234,9.357083333333394,0.475,17
2350,5235,9.357083333333394,0.475,17
2351,5236,9.357083333333394,0.475,17
2352,5237,9.357083333333394,0.475,17
2353,5238,9.357083333333394,0.475,17
2354,5239,9.357083333333394,0.475,17
2355,5240,9.357083333333394,0.475,17
2356,5241,9.357083333333394,0.475,17
2357,5242,9.357083333333394,0.475,17
2358,5243,9.357083333333394,0.475,17
2359,5244,9.357083333333394,0.475,17
2360,5245,9.357083333333394,0.475,17
2361,5246,9.357083333333394,0.475,17
2362,5247,9.357083333333394,0.475,17
2363,5248,9.357083333333394,0.475,17
2364,5249,9.357083333333394,0.475,17
2365,5250,9.357083333333394,0.475,17
2366,5251,9.357083333333394,0.475,17
2367,5252,9.357083333333394,0.475,17
2368,5253,9.357083333333394,0.475,17
2369,5254,9.357083333333394,0.475,17
2370,5255,9.357083333333394,0.475,17
2371,5256,9.357083333333394,0.475,17
2372,5257,9.357083333333394,0.475,17
2373,5258,9.357083333333394,0.475,17
2374,5259,9.357083333333394,0.475,17
2375,5260,9.357083333333394,0.475,17
2376,5261,9.357083333333394,0.475,17
2377,5262,9.357083333333394,0.475,17
2378,5263,9.357083333333394,0.475,17
2379,5264,9.357083333333394,0.475,17
2380,5265,9.357083333333394,0.475,17
2381,5266,9.357083333333394,0.475,17
2382,5267,9.357083333333394,0.475,17
2383,5268,9.357083333333394,0.475,17
2384,5269,9.357083333333394,0.475,17
2385,5270,9.357083333333394,0.475,17
2386,5271,9.357083333333394,0.475,17
2387,5272,9.364166666666728,0.475,-1
2388,5273,9.371250000000062,0.475,-1
2389,5274,9.378333333333396,0.475,-1
2390,5275,9.38541666666673,0.475,-1
2391,5276,9.392500000000064,0.475,-1
2392,5277,9.399583333333398,0.475,-1
2393,5278,9.406666666666732,0.475,-1
2394,5279,9.413750000000066,0.475,-1
2395,5280,9.4208333333334,0.475,-1
2396,5281,9.427916666666734,0.475,-1
2397,5282,9.435000000000068,0.475,-1
2398,5283,9.442083333333402,0.475,-1
2399,5284,9.449166666666736,0.475,-1
2400,5285,9.45625000000007,0.475,-1
2401,5286,9.463333333333404,0.475,-1
2402,5287,9.470416666666738,0.475,-1
2403,5288,9.477500000000072,0.475,-1
2404,5289,9.484583333333406,0.475,-1
2405,5290,9.49166666666674,0.475,-1
2406,5291,9.498750000000074,0.475,-1
2407,5292,9.505833333333408,0.475,-1
2408,5293,9.512916666666742,0.475,-1
2409,5294,9.520000000000076,0.475,-1
2410,5295,9.52708333333341,0.475,-1
2411,5296,9.534166666666744,0.475,-1
2412,5297,9.541250000000078,0.475,-1
2413,5298,9.548333333333412,0.475,-1
2414,5299,9.555416666666746,0.475,-1
2415,5300,9.56250000000008,0.475,-1
2416,5301,9.569583333333414,0.475,-1
2417,5302,9.576666666666748,0.475,-1
2418,5303,9.583750000000082,0.475,-1
2419,5304,9.590833333333416,0.475,-1
2420,5305,9.59791666666675,0.475,-1
2421,5306,9.605000000000084,0.475,-1
2422,5307,9.612083333333418,0.475,-1
2423,5308,9.619166666666752,0.475,-1
2424,5309,9.626250000000086,0.475,-1
2425,5310,9.63333333333342,0.475,-1
2426,5311,9.640416666666754,0.475,-1
2427,5312,9.647500000000088,0.475,-1
2428,5313,9.654583333333422,0.475,-1
2429,5314,9.661666666666756,0.475,-1
2430,5315,9.66875000000009,0.475,-1
2431,5316,9.675833333333424,0.475,-1
2432,5317,9.682916666666758,0.475,-1
2433,5318,9.690000000000092,0.475,-1
2434,5319,9.697083333333426,0.475,-1
2435,5320,9.70416666666676,0.475,-1
2436,5321,9.711250000000094,0.475,-1
2437,5322,9.718333333333428,0.475,-1
2438,5323,9.725416666666762,0.475,-1
2439,5324,9.732500000000096,0.475,-1
2440,5325,9.73958333333343,0.475,-1
2441,5326,9.746666666666764,0.475,-1
2442,5327,9.753750000000098,0.475,-1
2443,5328,9.760833333333432,0.475,-1
2444,5329,9.767916666666766,0.475,-1
2445,5330,9.7750000000001,0.475,-1
2446,5331,9.7750000000001,0.6375,18
2447,5332,9.7750000000001,0.6375,18
2448,5333,9.7750000000001,0.6375,18
2449,5334,9.7750000000001,0.6375,18
2450,5335,9.7750000000001,0.6375,18
2451,5336,9.7750000000001,0.6375,18
2452,5337,9.7750000000001,0.6375,18
2453,5338,9.7750000000001,0.6375,18
2454,5339,9.7750000000001,0.6375,18
2455,5340,9.7750000000001,0.6375,18
2456,5341,9.7750000000001,0.6375,18
2457,5342,9.7750000000001,0.6375,18
2458,5343,9.7750000000001,0.6375,18
2459,5344,9.7750000000001,0.6375,18
2460,5345,9.7750000000001,0.6375,18
2461,5346,9.7750000000001,0.6375,18
2462,5347,9.7750000000001,0.6375,18
2463,5348,9.7750000000001,0.6375,18
2464,5349,9.7750000000001,0.6375,18
2465,5350,9.7750000000001,0.6375,18
2466,5351,9.7750000000001,0.6375,18
2467,5352,9.7750000000001,0.6375,18
2468,5353,9.7750000000001,0.6375,18
2469,5354,9.7750000000001,0.6375,18
2470,5355,9.7750000000001,0.6375,18
2471,5356,9.7750000000001,0.6375,18
2472,5357,9.7750000000001,0.6375,18
2473,5358,9.7750000000001,0.6375,18
2474,5359,9.7750000000001,0.6375,18
2475,5360,9.7750000000001,0.6375,18
2476,5361,9.7750000000001,0.6375,18
2477,5362,9.7750000000001,0.6375,18
2478,5363,9.7750000000001,0.6375,18
2479,5364,9.7750000000001,0.6375,18
2480,5365,9.7750000000001,0.6375,18
2481,5366,9.7750000000001,0.6375,18
2482,5367,9.7750000000001,0.6375,18
2483,5368,9.7750000000001,0.6375,18
2484,5369,9.7750000000001,0.6375,18
2485,5370,9.7750000000001,0.6375,18
2486,5371,9.7750000000001,0.6375,18
2487,5372,9.7750000000001,0.6375,18
2488,5373,9.7750000000001,0.6375,18
2489,5374,9.7750000000001,0.6375,18
2490,5375,9.7750000000001,0.6375,18
2491,5376,9.7750000000001,0.6375,18
2492,5377,9.7750000000001,0.6375,18
2493,5378,9.7750000000001,0.6375,18
2494,5379,9.7750000000001,0.6375,18
2495,5380,9.7750000000001,0.6375,18
2496,5381,9.7750000000001,0.6375,18
2497,5382,9.7750000000001,0.6375,18
2498,5383,9.7750000000001,0.6375,18
2499,5384,9.7750000000001,0.6375,18
2500,5385,9.7750000000001,0.6375,18
2501,5386,9.7750000000001,0.6375,18
2502,5387,9.7750000000001,0.6375,18
2503,5388,9.7750000000001,0.6375,18
2504,5389,9.7750000000001,0.6375,18
2505,5390,9.7750000000001,0.6375,18
2506,5391,9.7750000000001,0.6375,18
2507,5392,9.7750000000001,0.6375,18
2508,5393,9.7750000000001,0.6375,18
2509,5394,9.7750000000001,0.6375,18
2510,5395,9.7750000000001,0.6375,18
2511,5396,9.7750000000001,0.6375,18
2512,5397,9.7750000000001,0.6375,18
2513,5398,9.7750000000001,0.6375,18
2514,5399,9.7750000000001,0.6375,18
2515,5400,9.7750000000001,0.6375,18
2516,5401,9.7750000000001,0.6375,18
2517,5402,9.7750000000001,0.6375,18
2518,5403,9.7750000000001,0.6375,18
2519,5404,9.7750000000001,0.6375,18
2520,5405,9.7750000000001,0.6375,18
2521,5406,9.7750000000001,0.6375,18
2522,5407,9.7750000000001,0.6375,18
2523,5408,9.7750000000001,0.6375,18
2524,5409,9.7750000000001,0.6375,18
2525,5410,9.7750000000001,0.6375,18
2526,5411,9.7750000000001,0.6375,18
2527,5412,9.7750000000001,0.6375,18
2528,5413,9.7750000000001,0.6375,18
2529,5414,9.7750000000001,0.6375,18
2530,5415,9.7750000000001,0.6375,18
2531,5416,9.7750000000001,0.6375,18
2532,5417,9.7750000000001,0.6375,18
2533,5418,9.7750000000001,0.6375,18
2534,5419,9.7750000000001,0.6375,18
2535,5420,9.7750000000001,0.6375,18
2536,5421,9.7750000000001,0.6375,18
2537,5422,9.7750000000001,0.6375,18
2538,5423,9.7750000000001,0.6375,18
2539,5424,9.7750000000001,0.6375,18
2540,5425,9.7750000000001,0.6375,18
2541,5426,9.7750000000001,0.6375,18
2542,5427,9.7750000000001,0.6375,18
2543,5428,9.7750000000001,0.6375,18
2544,5429,9.7750000000001,0.6375,18
2545,5430,9.7750000000001,0.6375,18
2546,5431,9.7750000000001,0.6375,18
2547,5432,9.782083333333434,0.6375,-1
2548,5433,9.789166666666768,0.6375,-1
2549,5434,9.796250000000102,0.6375,-1
2550,5435,9.803333333333436,0.6375,-1
2551,5436,9.81041666666677,0.6375,-1
2552,5437,9.817500000000104,0.6375,-1
2553,5438,9.824583333333438,0.6375,-1
2554,5439,9.831666666666772,0.6375,-1
2555,5440,9.838750000000106,0.6375,-1
2556,5441,9.84583333333344,0.6375,-1
2557,5442,9.852916666666774,0.6375,-1
2558,5443,9.860000000000108,0.6375,-1
2559,5444,9.867083333333442,0.6375,-1
2560,5445,9.874166666666776,0.6375,-1
2561,5446,9.88125000000011,0.6375,-1
2562,5447,9.888333333333444,0.6375,-1
2563,5448,9.895416666666778,0.6375,-1
2564,5449,9.902500000000112,0.6375,-1
2565,5450,9.909583333333446,0.6375,-1
2566,5451,9.91666666666678,0.6375,-1
2567,5452,9.923750000000114,0.6375,-1
2568,5453,9.930833333333448,0.6375,-1
2569,5454,9.937916666666782,0.6375,-1
2570,5455,9.945000000000116,0.6375,-1
2571,5456,9.95208333333345,0.6375,-1
2572,5457,9.959166666666784,0.6375,-1
2573,5458,9.966250000000118,0.6375,-1
2574,5459,9.973333333333452,0.6375,-1
2575,5460,9.980416666666786,0.6375,-1
2576,5461,9.98750000000012,0.6375,-1
2577,5462,9.994583333333454,0.6375,-1
2578,5463,10.001666666666788,0.6375,-1
2579,5464,10.008750000000122,0.6375,-1
2580,5465,10.015833333333456,0.6375,-1
2581,5466,10.02291666666679,0.6375,-1
2582,5467,10.030000000000124,0.6375,-1
2583,5468,10.037083333333458,0.6375,-1
2584,5469,10.044166666666792,0.6375,-1
2585,5470,10.051250000000126,0.6375,-1
2586,5471,10.05833333333346,0.6375,-1
2587,5472,10.065416666666794,0.6375,-1
2588,5473,10.072500000000128,0.6375,-1
2589,5474,10.079583333333462,0.6375,-1
2590,5475,10.086666666666796,0.6375,-1
2591,5476,10.09375000000013,0.6375,-1
2592,5477,10.100833333333464,0.6375,-1
2593,5478,10.107916666666798,0.6375,-1
2594,5479,10.115000000000132,0.6375,-1
2595,5480,10.122083333333466,0.6375,-1
2596,5481,10.1291666666668,0.6375,-1
2597,5482,10.136250000000134,0.6375,-1
2598,5483,10.143333333333468,0.6375,-1
2599,5484,10.150416666666802,0.6375,-1
2600,5485,10.157500000000136,0.6375,-1
2601,5486,10.16458333333347,0.6375,-1
2602,5487,10.16458333333347,1.0,19
2603,5488,10.16458333333347,1.0,19
2604,5489,10.16458333333347,1.0,19
2605,5490,10.16458333333347,1.0,19
2606,5491,10.16458333333347,1.0,19
2607,5492,10.16458333333347,1.0,19
2608,5493,10.16458333333347,1.0,19
2609,5494,10.16458333333347,1.0,19
2610,5495,10.16458333333347,1.0,19
2611,5496,10.16458333333347,1.0,19
2612,5497,10.16458333333347,1.0,19
2613,5498,10.16458333333347,1.0,19
2614,5499,10.16458333333347,1.0,19
2615,5500,10.16458333333347,1.0,19
2616,5501,10.16458333333347,1.0,19
2617,5502,10.16458333333347,1.0,19
2618,5503,10.16458333333347,1.0,19
2619,5504,10.16458333333347,1.0,19
2620,5505,10.16458333333347,1.0,19
2621,5506,10.16458333333347,1.0,19
2622,5507,10.16458333333347,1.0,19
2623,5508,10.16458333333347,1.0,19
2624,5509,10.16458333333347,1.0,19
2625,5510,10.16458333333347,1.0,19
2626,5511,10.16458333333347,1.0,19
2627,5512,10.16458333333347,1.0,19
2628,5513,10.16458333333347,1.0,19
2629,5514,10.16458333333347,1.0,19
2630,5515,10.16458333333347,1.0,19
2631,5516,10.16458333333347,1.0,19
2632,5517,10.16458333333347,1.0,19
2633,5518,10.16458333333347,1.0,19
2634,5519,10.16458333333347,1.0,19
2635,5520,10.16458333333347,1.0,19
2636,5521,10.16458333333347,1.0,19
2637,5522,10.16458333333347,1.0,19
2638,5523,10.16458333333347,1.0,19
2639,5524,10.16458333333347,1.0,19
2640,5525,10.16458333333347,1.0,19
2641,5526,10.16458333333347,1.0,19
2642,5527,10.16458333333347,1.0,19
2643,5528,10.16458333333347,1.0,19
2644,5529,10.16458333333347,1.0,19
2645,5530,10.16458333333347,1.0,19
2646,5531,10.16458333333347,1.0,19
2647,5532,10.16458333333347,1.0,19
2648,5533,10.16458333333347,1.0,19
2649,5534,10.16458333333347,1.0,19
2650,5535,10.16458333333347,1.0,19
2651,5536,10.16458333333347,1.0,19
2652,5537,10.16458333333347,1.0,19
2653,5538,10.16458333333347,1.0,19
2654,5539,10.16458333333347,1.0,19
2655,5540,10.16458333333347,1.0,19
2656,5541,10.16458333333347,1.0,19
2657,5542,10.16458333333347,1.0,19
2658,5543,10.16458333333347,1.0,19
2659,5544,10.16458333333347,1.0,19
2660,5545,10.16458333333347,1.0,19
2661,5546,10.16458333333347,1.0,19
2662,5547,10.16458333333347,1.0,19
2663,5548,10.16458333333347,1.0,19
2664,5549,10.16458333333347,1.0,19
2665,5550,10.16458333333347,1.0,19
2666,5551,10.16458333333347,1.0,19
2667,5552,10.16458333333347,1.0,19
2668,5553,10.16458333333347,1.0,19
2669,5554,10.16458333333347,1.0,19
2670,5555,10.16458333333347,1.0,19
2671,5556,10.16458333333347,1.0,19
2672,5557,10.16458333333347,1.0,19
2673,5558,10.16458333333347,1.0,19
2674,5559,10.16458333333347,1.0,19
2675,5560,10.16458333333347,1.0,19
2676,5561,10.16458333333347,1.0,19
2677,5562,10.16458333333347,1.0,19
2678,5563,10.16458333333347,1.0,19
2679,5564,10.16458333333347,1.0,19
2680,5565,10.16458333333347,1.0,19
2681,5566,10.16458333333347,1.0,19
2682,5567,10.16458333333347,1.0,19
2683,5568,10.16458333333347,1.0,19
2684,5569,10.16458333333347,1.0,19
2685,5570,10.16458333333347,1.0,19
2686,5571,10.16458333333347,1.0,19
2687,5572,10.16458333333347,1.0,19
2688,5573,10.16458333333347,1.0,19
2689,5574,10.16458333333347,1.0,19
2690,5575,10.16458333333347,1.0,19
2691,5576,10.16458333333347,1.0,19
2692,5577,10.16458333333347,1.0,19
2693,5578,10.16458333333347,1.0,19
2694,5579,10.16458333333347,1.0,19
2695,5580,10.16458333333347,1.0,19
2696,5581,10.16458333333347,1.0,19
2697,5582,10.16458333333347,1.0,19
2698,5583,10.16458333333347,1.0,19
2699,5584,10.16458333333347,1.0,19
2700,5585,10.16458333333347,1.0,19
2701,5586,10.16458333333347,1.0,19
2702,5587,10.16458333333347,1.0,19
2703,5588,10.16458333333347,1.0,19
2704,5589,10.16458333333347,1.0,19
2705,5590,10.16458333333347,1.0,19
2706,5591,10.16458333333347,1.0,19
2707,5592,10.16458333333347,1.0,19
2708,5593,10.16458333333347,1.0,19
2709,5594,10.16458333333347,1.0,19
2710,5595,10.16458333333347,1.0,19
2711,5596,10.16458333333347,1.0,19
2712,5597,10.16458333333347,1.0,19
2713,5598,10.16458333333347,1.0,19
2714,5599,10.16458333333347,1.0,19
2715,5600,10.16458333333347,1.0,19
2716,5601,10.16458333333347,1.0,19
2717,5602,10.16458333333347,1.0,19
2718,5603,10.16458333333347,1.0,19
2719,5604,10.16458333333347,1.0,19
2720,5605,10.16458333333347,1.0,19
2721,5606,10.16458333333347,1.0,19
2722,5607,10.16458333333347,1.0,19
2723,5608,10.16458333333347,1.0,19
2724,5609,10.16458333333347,1.0,19
2725,5610,10.16458333333347,1.0,19
2726,5611,10.16458333333347,1.0,19
2727,5612,10.16458333333347,1.0,19
2728,5613,10.16458333333347,1.0,19
2729,5614,10.16458333333347,1.0,19
2730,5615,10.16458333333347,1.0,19
2731,5616,10.16458333333347,1.0,19
2732,5617,10.16458333333347,1.0,19
2733,5618,10.16458333333347,1.0,19
2734,5619,10.171666666666804,1.0,-1
2735,5620,10.178750000000138,1.0,-1
2736,5621,10.185833333333472,1.0,-1
2737,5622,10.192916666666806,1.0,-1
2738,5623,10.20000000000014,1.0,-1
2739,5624,10.207083333333474,1.0,-1
2740,5625,10.214166666666808,1.0,-1
2741,5626,10.221250000000142,1.0,-1
2742,5627,10.228333333333476,1.0,-1
2743,5628,10.23541666666681,1.0,-1
2744,5629,10.242500000000144,1.0,-1
2745,5630,10.249583333333478,1.0,-1
2746,5631,10.256666666666812,1.0,-1
2747,5632,10.263750000000146,1.0,-1
2748,5633,10.27083333333348,1.0,-1
2749,5634,10.277916666666814,1.0,-1
2750,5635,10.285000000000148,1.0,-1
2751,5636,10.292083333333482,1.0,-1
2752,5637,10.299166666666816,1.0,-1
2753,5638,10.30625000000015,1.0,-1
2754,5639,10.313333333333484,1.0,-1
2755,5640,10.320416666666818,1.0,-1
2756,5641,10.327500000000152,1.0,-1
2757,5642,10.334583333333486,1.0,-1
2758,5643,10.34166666666682,1.0,-1
2759,5644,10.348750000000154,1.0,-1
2760,5645,10.355833333333488,1.0,-1
2761,5646,10.362916666666822,1.0,-1
2762,5647,10.370000000000156,1.0,-1
2763,5648,10.37708333333349,1.0,-1
2764,5649,10.384166666666824,1.0,-1
2765,5650,10.391250000000158,1.0,-1
2766,5651,10.398333333333492,1.0,-1
2767,5652,10.405416666666826,1.0,-1
2768,5653,10.41250000000016,1.0,-1
2769,5654,10.419583333333494,1.0,-1
2770,5655,10.426666666666828,1.0,-1
2771,5656,10.433750000000162,1.0,-1
2772,5657,10.440833333333496,1.0,-1
2773,5658,10.44791666666683,1.0,-1
2774,5659,10.455000000000163,1.0,-1
2775,5660,10.462083333333497,1.0,-1
2776,5661,10.469166666666831,1.0,-1
2777,5662,10.476250000000165,1.0,-1
2778,5663,10.4833333333335,1.0,-1
2779,5664,10.490416666666833,1.0,-1
2780,5665,10.497500000000167,1.0,-1
2781,5666,10.504583333333501,1.0,-1
2782,5667,10.511666666666835,1.0,-1
2783,5668,10.51875000000017,1.0,-1
2784,5669,10.525833333333503,1.0,-1
2785,5670,10.532916666666837,1.0,-1
2786,5671,10.540000000000171,1.0,-1
2787,5672,10.547083333333505,1.0,-1
2788,5673,10.55416666666684,1.0,-1
2789,5674,10.561250000000173,1.0,-1
2790,5675,10.568333333333507,1.0,-1
2791,5676,10.575416666666841,1.0,-1
2792,5677,10.582500000000175,1.0,-1
2793,5678,10.58958333333351,1.0,-1
2794,5679,10.596666666666843,1.0,-1
2795,5680,10.603750000000177,1.0,-1
2796,5681,10.610833333333511,1.0,-1
2797,5682,10.617916666666845,1.0,-1
2798,5683,10.62500000000018,1.0,-1
2799,5684,10.632083333333513,1.0,-1
2800,5685,10.639166666666847,1.0,-1
2801,5686,10.646250000000181,1.0,-1
2802,5687,10.653333333333515,1.0,-1
2803,5688,10.66041666666685,1.0,-1
2804,5689,10.667500000000183,1.0,-1
2805,5690,10.674583333333517,1.0,-1
2806,5691,10.681666666666851,1.0,-1
2807,5692,10.688750000000185,1.0,-1
2808,5693,10.69583333333352,1.0,-1
2809,5694,10.702916666666853,1.0,-1
2810,5695,10.710000000000187,1.0,-1
2811,5696,10.717083333333521,1.0,-1
2812,5697,10.724166666666855,1.0,-1
2813,5698,10.73125000000019,1.0,-1
2814,5699,10.738333333333523,1.0,-1
2815,5700,10.745416666666857,1.0,-1
2816,5701,10.752500000000191,1.0,-1
2817,5702,10.759583333333525,1.0,-1
2818,5703,10.76666666666686,1.0,-1
2819,5704,10.773750000000193,1.0,-1
2820,5705,10.780833333333527,1.0,-1
2821,5706,10.787916666666861,1.0,-1
2822,5707,10.795000000000195,1.0,-1
2823,5708,10.80208333333353,1.0,-1
2824,5709,10.809166666666863,1.0,-1
2825,5710,10.816250000000197,1.0,-1
2826,5711,10.823333333333531,1.0,-1
2827,5712,10.830416666666865,1.0,-1
2828,5713,10.8375000000002,1.0,-1
2829,5714,10.844583333333533,1.0,-1
2830,5715,10.844583333333533,1.0,20
2831,5716,10.844583333333533,1.0,20
2832,5717,10.844583333333533,1.0,20
2833,5718,10.844583333333533,1.0,20
2834,5719,10.844583333333533,1.0,20
2835,5720,10.844583333333533,1.0,20
2836,5721,10.844583333333533,1.0,20
2837,5722,10.844583333333533,1.0,20
2838,5723,10.844583333333533,1.0,20
2839,5724,10.844583333333533,1.0,20
2840,5725,10.844583333333533,1.0,20
2841,5726,10.844583333333533,1.0,20
2842,5727,10.851666666666867,1.0,-1
2843,5728,10.858750000000201,1.0,-1
2844,5729,10.865833333333535,1.0,-1
2845,5730,10.87291666666687,1.0,-1
2846,5731,10.880000000000203,1.0,-1
2847,5732,10.887083333333537,1.0,-1
2848,5733,10.894166666666871,1.0,-1
2849,5734,10.901250000000205,1.0,-1
2850,5735,10.90833333333354,1.0,-1
2851,5736,10.915416666666873,1.0,-1
2852,5737,10.922500000000207,1.0,-1
2853,5738,10.929583333333541,1.0,-1
2854,5739,10.936666666666875,1.0,-1
2855,5740,10.94375000000021,1.0,-1
2856,5741,10.950833333333543,1.0,-1
2857,5742,10.957916666666877,1.0,-1
2858,5743,10.965000000000211,1.0,-1
2859,5744,10.972083333333545,1.0,-1
2860,5745,10.97916666666688,1.0,-1
2861,5746,10.986250000000213,1.0,-1
2862,5747,10.993333333333547,1.0,-1
2863,5748,11.000416666666881,1.0,-1
2864,5749,11.007500000000215,1.0,-1
2865,5750,11.01458333333355,1.0,-1
2866,5751,11.021666666666883,1.0,-1
2867,5752,11.028750000000217,1.0,-1
2868,5753,11.035833333333551,1.0,-1
2869,5754,11.042916666666885,1.0,-1
2870,5755,11.05000000000022,1.0,-1
2871,5756,11.057083333333553,1.0,-1
2872,5757,11.064166666666887,1.0,-1
2873,5758,11.071250000000221,1.0,-1
2874,5759,11.078333333333555,1.0,-1
2875,5760,11.08541666666689,1.0,-1
2876,5761,11.092500000000223,1.0,-1
2877,5762,11.099583333333557,1.0,-1
2878,5763,11.106666666666891,1.0,-1
2879,5764,11.113750000000225,1.0,-1
2880,5765,11.12083333333356,1.0,-1
2881,5766,11.127916666666893,1.0,-1
2882,5767,11.135000000000227,1.0,-1
2883,5768,11.142083333333561,1.0,-1
2884,5769,11.149166666666895,1.0,-1
2885,5770,11.15625000000023,1.0,-1
2886,5771,11.163333333333563,1.0,-1
2887,5772,11.170416666666897,1.0,-1
2888,5773,11.177500000000231,1.0,-1
2889,5774,11.184583333333565,1.0,-1
2890,5775,11.1916666666669,1.0,-1
2891,5776,11.198750000000233,1.0,-1
2892,5777,11.205833333333567,1.0,-1
2893,5778,11.212916666666901,1.0,-1
2894,5779,11.220000000000235,1.0,-1
2895,5780,11.22708333333357,1.0,-1
2896,5781,11.234166666666903,1.0,-1
2897,5782,11.241250000000237,1.0,-1
2898,5783,11.248333333333571,1.0,-1
2899,5784,11.255416666666905,1.0,-1
2900,5785,11.262500000000239,1.0,-1
2901,5786,11.269583333333573,1.0,-1
2902,5787,11.276666666666907,1.0,-1
2903,5788,11.283750000000241,1.0,-1
2904,5789,11.290833333333575,1.0,-1
2905,5790,11.297916666666909,1.0,-1
2906,5791,11.305000000000243,1.0,-1
2907,5792,11.312083333333577,1.0,-1
2908,5793,11.319166666666911,1.0,-1
2909,5794,11.326250000000245,1.0,-1
2910,5795,11.333333333333579,1.0,-1
2911,5796,11.340416666666913,1.0,-1
2912,5797,11.347500000000247,1.0,-1
2913,5798,11.354583333333581,1.0,-1
2914,5799,11.361666666666915,1.0,-1
2915,5800,11.368750000000249,1.0,-1
2916,5801,11.375833333333583,1.0,-1
2917,5802,11.382916666666917,1.0,-1
2918,5803,11.390000000000251,1.0,-1
2919,5804,11.397083333333585,1.0,-1
2920,5805,11.404166666666919,1.0,-1
2921,5806,11.411250000000253,1.0,-1
2922,5807,11.418333333333587,1.0,-1
2923,5808,11.425416666666921,1.0,-1
2924,5809,11.432500000000255,1.0,-1
2925,5810,11.439583333333589,1.0,-1
2926,5811,11.446666666666923,1.0,-1
2927,5812,11.453750000000257,1.0,-1
2928,5813,11.460833333333591,1.0,-1
2929,5814,11.467916666666925,1.0,-1
2930,5815,11.475000000000259,1.0,-1
2931,5816,11.482083333333593,1.0,-1
2932,5817,11.489166666666927,1.0,-1
2933,5818,11.496250000000261,1.0,-1
2934,5819,11.496250000000261,1.0,21
2935,5820,11.496250000000261,1.0,21
2936,5821,11.496250000000261,1.0,21
2937,5822,11.496250000000261,1.0,21
2938,5823,11.496250000000261,1.0,21
2939,5824,11.496250000000261,1.0,21
2940,5825,11.496250000000261,1.0,21
2941,5826,11.496250000000261,1.0,21
2942,5827,11.496250000000261,1.0,21
2943,5828,11.496250000000261,1.0,21
2944,5829,11.496250000000261,1.0,21
2945,5830,11.496250000000261,1.0,21
2946,5831,11.496250000000261,1.0,21
2947,5832,11.496250000000261,1.0,21
2948,5833,11.496250000000261,1.0,21
2949,5834,11.496250000000261,1.0,21
2950,5835,11.496250000000261,1.0,21
2951,5836,11.496250000000261,1.0,21
2952,5837,11.503333333333595,1.0,-1
2953,5838,11.510416666666929,1.0,-1
2954,5839,11.517500000000263,1.0,-1
2955,5840,11.524583333333597,1.0,-1
2956,5841,11.531666666666931,1.0,-1
2957,5842,11.538750000000265,1.0,-1
2958,5843,11.545833333333599,1.0,-1
2959,5844,11.552916666666933,1.0,-1
2960,5845,11.560000000000267,1.0,-1
2961,5846,11.567083333333601,1.0,-1
2962,5847,11.574166666666935,1.0,-1
2963,5848,11.581250000000269,1.0,-1
2964,5849,11.588333333333603,1.0,-1
2965,5850,11.595416666666937,1.0,-1
2966,5851,11.602500000000271,1.0,-1
2967,5852,11.609583333333605,1.0,-1
2968,5853,11.616666666666939,1.0,-1
2969,5854,11.623750000000273,1.0,-1
2970,5855,11.630833333333607,1.0,-1
2971,5856,11.637916666666941,1.0,-1
2972,5857,11.645000000000275,1.0,-1
2973,5858,11.652083333333609,1.0,-1
2974,5859,11.659166666666943,1.0,-1
2975,5860,11.666250000000277,1.0,-1
2976,5861,11.673333333333611,1.0,-1
2977,5862,11.680416666666945,1.0,-1
2978,5863,11.687500000000279,1.0,-1
2979,5864,11.694583333333613,1.0,-1
2980,5865,11.701666666666947,1.0,-1
2981,5866,11.70875000000028,1.0,-1
2982,5867,11.715833333333615,1.0,-1
2983,5868,11.722916666666949,1.0,-1
2984,5869,11.730000000000283,1.0,-1
2985,5870,11.737083333333617,1.0,-1
2986,5871,11.74416666666695,1.0,-1
2987,5872,11.751250000000285,1.0,-1
2988,5873,11.758333333333619,1.0,-1
2989,5874,11.765416666666953,1.0,-1
2990,5875,11.772500000000287,1.0,-1
2991,5876,11.77958333333362,1.0,-1
2992,5877,11.786666666666955,1.0,-1
2993,5878,11.793750000000289,1.0,-1
2994,5879,11.800833333333623,1.0,-1
2995,5880,11.807916666666957,1.0,-1
2996,5881,11.81500000000029,1.0,-1
2997,5882,11.822083333333625,1.0,-1
2998,5883,11.829166666666959,1.0,-1
2999,5884,11.836250000000293,1.0,-1
3000,5885,11.843333333333627,1.0,-1
3001,5886,11.85041666666696,1.0,-1
3002,5887,11.857500000000295,1.0,-1
3003,5888,11.864583333333629,1.0,-1
3004,5889,11.871666666666963,1.0,-1
3005,5890,11.878750000000297,1.0,-1
3006,5891,11.88583333333363,1.0,-1
3007,5892,11.892916666666965,1.0,-1
3008,5893,11.900000000000299,1.0,-1
3009,5894,11.907083333333633,1.0,-1
3010,5895,11.914166666666967,1.0,-1
3011,5896,11.9212500000003,1.0,-1
3012,5897,11.928333333333635,1.0,-1
3013,5898,11.935416666666969,1.0,-1
3014,5899,11.942500000000303,1.0,-1
3015,5900,11.949583333333637,1.0,-1
3016,5901,11.95666666666697,1.0,-1
3017,5902,11.963750000000305,1.0,-1
3018,5903,11.970833333333639,1.0,-1
3019,5904,11.977916666666973,1.0,-1
3020,5905,11.985000000000307,1.0,-1
3021,5906,11.99208333333364,1.0,-1
3022,5907,11.999166666666975,1.0,-1
3023,5908,12.006250000000309,1.0,-1
3024,5909,12.013333333333643,1.0,-1
3025,5910,12.020416666666977,1.0,-1
3026,5911,12.02750000000031,1.0,-1
3027,5912,12.034583333333645,1.0,-1
3028,5913,12.041666666666979,1.0,-1
3029,5914,12.048750000000313,1.0,-1
3030,5915,12.055833333333647,1.0,-1
3031,5916,12.06291666666698,1.0,-1
3032,5917,12.070000000000315,1.0,-1
3033,5918,12.077083333333649,1.0,-1
3034,5919,12.084166666666983,1.0,-1
3035,5920,12.091250000000317,1.0,-1
3036,5921,12.09833333333365,1.0,-1
3037,5922,12.105416666666985,1.0,-1
3038,5923,12.112500000000319,1.0,-1
3039,5924,12.119583333333653,1.0,-1
3040,5925,12.126666666666987,1.0,-1
3041,5926,12.13375000000032,1.0,-1
3042,5927,12.140833333333655,1.0,-1
3043,5928,12.147916666666989,1.0,-1
3044,5929,12.155000000000323,1.0,-1
3045,5930,12.162083333333657,1.0,-1
3046,5931,12.16916666666699,1.0,-1
3047,5932,12.176250000000325,1.0,-1
3048,5933,12.183333333333659,1.0,-1
3049,5934,12.190416666666993,1.0,-1
3050,5935,12.197500000000327,1.0,-1
3051,5936,12.20458333333366,1.0,-1
3052,5937,12.211666666666995,1.0,-1
3053,5938,12.218750000000329,1.0,-1
3054,5939,12.225833333333663,1.0,-1
3055,5940,12.232916666666997,1.0,-1
3056,5941,12.24000000000033,1.0,-1
3057,5942,12.247083333333665,1.0,-1
3058,5943,12.254166666666999,1.0,-1
3059,5944,12.261250000000333,1.0,-1
3060,5945,12.268333333333667,1.0,-1
3061,5946,12.275416666667,1.0,-1
3062,5947,12.282500000000335,1.0,-1
3063,5948,12.289583333333669,1.0,-1
3064,5949,12.289583333333669,1.0,22
3065,5950,12.289583333333669,1.0,22
3066,5951,12.289583333333669,1.0,22
3067,5952,12.289583333333669,1.0,22
3068,5953,12.289583333333669,1.0,22
3069,5954,12.289583333333669,1.0,22
3070,5955,12.289583333333669,1.0,22
3071,5956,12.289583333333669,1.0,22
3072,5957,12.289583333333669,1.0,22
3073,5958,12.289583333333669,1.0,22
3074,5959,12.289583333333669,1.0,22
3075,5960,12.289583333333669,1.0,22
3076,5961,12.289583333333669,1.0,22
3077,5962,12.289583333333669,1.0,22
3078,5963,12.289583333333669,1.0,22
3079,5964,12.289583333333669,1.0,22
3080,5965,12.289583333333669,1.0,22
3081,5966,12.289583333333669,1.0,22
3082,5967,12.289583333333669,1.0,22
3083,5968,12.289583333333669,1.0,22
3084,5969,12.289583333333669,1.0,22
3085,5970,12.289583333333669,1.0,22
3086,5971,12.289583333333669,1.0,22
3087,5972,12.289583333333669,1.0,22
3088,5973,12.289583333333669,1.0,22
3089,5974,12.289583333333669,1.0,22
3090,5975,12.289583333333669,1.0,22
3091,5976,12.289583333333669,1.0,22
3092,5977,12.289583333333669,1.0,22
3093,5978,12.289583333333669,1.0,22
3094,5979,12.289583333333669,1.0,22
3095,5980,12.289583333333669,1.0,22
3096,5981,12.289583333333669,1.0,22
3097,5982,12.289583333333669,1.0,22
3098,5983,12.289583333333669,1.0,22
3099,5984,12.289583333333669,1.0,22
3100,5985,12.289583333333669,1.0,22
3101,5986,12.289583333333669,1.0,22
3102,5987,12.289583333333669,1.0,22
3103,5988,12.289583333333669,1.0,22
3104,5989,12.289583333333669,1.0,22
3105,5990,12.289583333333669,1.0,22
3106,5991,12.289583333333669,1.0,22
3107,5992,12.289583333333669,1.0,22
3108,5993,12.289583333333669,1.0,22
3109,5994,12.289583333333669,1.0,22
3110,5995,12.289583333333669,1.0,22
3111,5996,12.289583333333669,1.0,22
3112,5997,12.289583333333669,1.0,22
3113,5998,12.289583333333669,1.0,22
3114,5999,12.289583333333669,1.0,22
3115,6000,12.289583333333669,1.0,22
3116,6001,12.289583333333669,1.0,22
3117,6002,12.289583333333669,1.0,22
3118,6003,12.289583333333669,1.0,22
3119,6004,12.289583333333669,1.0,22
3120,6005,12.289583333333669,1.0,22
3121,6006,12.289583333333669,1.0,22
3122,6007,12.289583333333669,1.0,22
3123,6008,12.289583333333669,1.0,22
3124,6009,12.289583333333669,1.0,22
3125,6010,12.289583333333669,1.0,22
3126,6011,12.289583333333669,1.0,22
3127,6012,12.296666666667003,1.0,-1
3128,6013,12.303750000000337,1.0,-1
3129,6014,12.31083333333367,1.0,-1
3130,6015,12.317916666667005,1.0,-1
3131,6016,12.325000000000339,1.0,-1
3132,6017,12.332083333333673,1.0,-1
3133,6018,12.339166666667007,1.0,-1
3134,6019,12.34625000000034,1.0,-1
3135,6020,12.353333333333675,1.0,-1
3136,6021,12.360416666667009,1.0,-1
3137,6022,12.367500000000343,1.0,-1
3138,6023,12.374583333333677,1.0,-1
3139,6024,12.38166666666701,1.0,-1
3140,6025,12.388750000000345,1.0,-1
3141,6026,12.395833333333679,1.0,-1
3142,6027,12.402916666667013,1.0,-1
3143,6028,12.410000000000347,1.0,-1
3144,6029,12.41708333333368,1.0,-1
3145,6030,12.424166666667015,1.0,-1
3146,6031,12.431250000000349,1.0,-1
3147,6032,12.438333333333683,1.0,-1
3148,6033,12.445416666667017,1.0,-1
3149,6034,12.45250000000035,1.0,-1
3150,6035,12.459583333333685,1.0,-1
3151,6036,12.466666666667019,1.0,-1
3152,6037,12.473750000000353,1.0,-1
3153,6038,12.480833333333686,1.0,-1
3154,6039,12.48791666666702,1.0,-1
3155,6040,12.495000000000354,1.0,-1
3156,6041,12.502083333333688,1.0,-1
3157,6042,12.509166666667022,1.0,-1
3158,6043,12.516250000000356,1.0,-1
3159,6044,12.52333333333369,1.0,-1
3160,6045,12.530416666667024,1.0,-1
3161,6046,12.537500000000358,1.0,-1
3162,6047,12.544583333333692,1.0,-1
3163,6048,12.551666666667026,1.0,-1
3164,6049,12.55875000000036,1.0,-1
3165,6050,12.565833333333694,1.0,-1
3166,6051,12.572916666667028,1.0,-1
3167,6052,12.580000000000362,1.0,-1
3168,6053,12.587083333333696,1.0,-1
3169,6054,12.59416666666703,1.0,-1
3170,6055,12.601250000000364,1.0,-1
3171,6056,12.608333333333698,1.0,-1
3172,6057,12.615416666667032,1.0,-1
3173,6058,12.622500000000366,1.0,-1
3174,6059,12.6295833333337,1.0,-1
3175,6060,12.636666666667034,1.0,-1
3176,6061,12.643750000000368,1.0,-1
3177,6062,12.650833333333702,1.0,-1
3178,6063,12.657916666667036,1.0,-1
3179,6064,12.66500000000037,1.0,-1
3180,6065,12.672083333333704,1.0,-1
3181,6066,12.679166666667038,1.0,-1
3182,6067,12.686250000000372,1.0,-1
3183,6068,12.693333333333706,1.0,-1
3184,6069,12.693333333333706,1.0,23
3185,6070,12.693333333333706,1.0,23
3186,6071,12.693333333333706,1.0,23
3187,6072,12.693333333333706,1.0,23
3188,6073,12.693333333333706,1.0,23
3189,6074,12.693333333333706,1.0,23
3190,6075,12.693333333333706,1.0,23
3191,6076,12.693333333333706,1.0,23
3192,6077,12.693333333333706,1.0,23
3193,6078,12.693333333333706,1.0,23
3194,6079,12.693333333333706,1.0,23
3195,6080,12.693333333333706,1.0,23
3196,6081,12.693333333333706,1.0,23
3197,6082,12.693333333333706,1.0,23
3198,6083,12.693333333333706,1.0,23
3199,6084,12.693333333333706,1.0,23
3200,6085,12.693333333333706,1.0,23
3201,6086,12.693333333333706,1.0,23
3202,6087,12.693333333333706,1.0,23
3203,6088,12.693333333333706,1.0,23
3204,6089,12.693333333333706,1.0,23
3205,6090,12.693333333333706,1.0,23
3206,6091,12.693333333333706,1.0,23
3207,6092,12.693333333333706,1.0,23
3208,6093,12.693333333333706,1.0,23
3209,6094,12.693333333333706,1.0,23
3210,6095,12.693333333333706,1.0,23
3211,6096,12.693333333333706,1.0,23
3212,6097,12.693333333333706,1.0,23
3213,6098,12.693333333333706,1.0,23
3214,6099,12.693333333333706,1.0,23
3215,6100,12.693333333333706,1.0,23
3216,6101,12.693333333333706,1.0,23
3217,6102,12.693333333333706,1.0,23
3218,6103,12.693333333333706,1.0,23
3219,6104,12.693333333333706,1.0,23
3220,6105,12.693333333333706,1.0,23
3221,6106,12.693333333333706,1.0,23
3222,6107,12.693333333333706,1.0,23
3223,6108,12.693333333333706,1.0,23
3224,6109,12.693333333333706,1.0,23
3225,6110,12.693333333333706,1.0,23
3226,6111,12.693333333333706,1.0,23
3227,6112,12.693333333333706,1.0,23
3228,6113,12.693333333333706,1.0,23
3229,6114,12.693333333333706,1.0,23
3230,6115,12.693333333333706,1.0,23
3231,6116,12.693333333333706,1.0,23
3232,6117,12.693333333333706,1.0,23
3233,6118,12.693333333333706,1.0,23
3234,6119,12.693333333333706,1.0,23
3235,6120,12.693333333333706,1.0,23
3236,6121,12.693333333333706,1.0,23
3237,6122,12.693333333333706,1.0,23
3238,6123,12.693333333333706,1.0,23
3239,6124,12.693333333333706,1.0,23
3240,6125,12.693333333333706,1.0,23
3241,6126,12.693333333333706,1.0,23
3242,6127,12.693333333333706,1.0,23
3243,6128,12.693333333333706,1.0,23
3244,6129,12.693333333333706,1.0,23
3245,6130,12.693333333333706,1.0,23
3246,6131,12.693333333333706,1.0,23
3247,6132,12.693333333333706,1.0,23
3248,6133,12.693333333333706,1.0,23
3249,6134,12.693333333333706,1.0,23
3250,6135,12.693333333333706,1.0,23
3251,6136,12.693333333333706,1.0,23
3252,6137,12.693333333333706,1.0,23
3253,6138,12.693333333333706,1.0,23
3254,6139,12.693333333333706,1.0,23
3255,6140,12.693333333333706,1.0,23
3256,6141,12.693333333333706,1.0,23
3257,6142,12.693333333333706,1.0,23
3258,6143,12.693333333333706,1.0,23
3259,6144,12.693333333333706,1.0,23
3260,6145,12.693333333333706,1.0,23
3261,6146,12.693333333333706,1.0,23
3262,6147,12.693333333333706,1.0,23
3263,6148,12.693333333333706,1.0,23
3264,6149,12.693333333333706,1.0,23
3265,6150,12.693333333333706,1.0,23
3266,6151,12.693333333333706,1.0,23
3267,6152,12.693333333333706,1.0,23
3268,6153,12.693333333333706,1.0,23
3269,6154,12.693333333333706,1.0,23
3270,6155,12.693333333333706,1.0,23
3271,6156,12.693333333333706,1.0,23
3272,6157,12.693333333333706,1.0,23
3273,6158,12.693333333333706,1.0,23
3274,6159,12.693333333333706,1.0,23
3275,6160,12.693333333333706,1.0,23
3276,6161,12.693333333333706,1.0,23
3277,6162,12.693333333333706,1.0,23
3278,6163,12.693333333333706,1.0,23
3279,6164,12.693333333333706,1.0,23
3280,6165,12.693333333333706,1.0,23
3281,6166,12.693333333333706,1.0,23
3282,6167,12.693333333333706,1.0,23
3283,6168,12.693333333333706,1.0,23
3284,6169,12.693333333333706,1.0,23
3285,6170,12.693333333333706,1.0,23
3286,6171,12.693333333333706,1.0,23
3287,6172,12.693333333333706,1.0,23
3288,6173,12.693333333333706,1.0,23
3289,6174,12.693333333333706,1.0,23
3290,6175,12.693333333333706,1.0,23
3291,6176,12.693333333333706,1.0,23
3292,6177,12.693333333333706,1.0,23
3293,6178,12.70041666666704,1.0,-1
3294,6179,12.707500000000374,1.0,-1
3295,6180,12.714583333333708,1.0,-1
3296,6181,12.721666666667042,1.0,-1
3297,6182,12.728750000000376,1.0,-1
3298,6183,12.73583333333371,1.0,-1
3299,6184,12.742916666667044,1.0,-1
3300,6185,12.750000000000378,1.0,-1
3301,6186,12.757083333333712,1.0,-1
3302,6187,12.764166666667046,1.0,-1
3303,6188,12.77125000000038,1.0,-1
3304,6189,12.778333333333714,1.0,-1
3305,6190,12.785416666667048,1.0,-1
3306,6191,12.792500000000382,1.0,-1
3307,6192,12.799583333333716,1.0,-1
3308,6193,12.80666666666705,1.0,-1
3309,6194,12.813750000000384,1.0,-1
3310,6195,12.820833333333718,1.0,-1
3311,6196,12.827916666667052,1.0,-1
3312,6197,12.835000000000386,1.0,-1
3313,6198,12.84208333333372,1.0,-1
3314,6199,12.849166666667054,1.0,-1
3315,6200,12.856250000000388,1.0,-1
3316,6201,12.863333333333722,1.0,-1
3317,6202,12.870416666667056,1.0,-1
3318,6203,12.87750000000039,1.0,-1
3319,6204,12.884583333333724,1.0,-1
3320,6205,12.891666666667058,1.0,-1
3321,6206,12.898750000000392,1.0,-1
3322,6207,12.905833333333726,1.0,-1
3323,6208,12.91291666666706,1.0,-1
3324,6209,12.920000000000394,1.0,-1
3325,6210,12.927083333333728,1.0,-1
3326,6211,12.934166666667062,1.0,-1
3327,6212,12.941250000000396,1.0,-1
3328,6213,12.94833333333373,1.0,-1
3329,6214,12.955416666667064,1.0,-1
3330,6215,12.962500000000398,1.0,-1
3331,6216,12.969583333333732,1.0,-1
3332,6217,12.976666666667066,1.0,-1
3333,6218,12.9837500000004,1.0,-1
3334,6219,12.990833333333734,1.0,-1
3335,6220,12.997916666667068,1.0,-1
3336,6221,13.005000000000402,1.0,-1
3337,6222,13.012083333333736,1.0,-1
3338,6223,13.01916666666707,1.0,-1
3339,6224,13.026250000000404,1.0,-1
3340,6225,13.033333333333738,1.0,-1
3341,6226,13.040416666667072,1.0,-1
3342,6227,13.047500000000406,1.0,-1
3343,6228,13.05458333333374,1.0,-1
3344,6229,13.061666666667074,1.0,-1
3345,6230,13.068750000000408,1.0,-1
3346,6231,13.075833333333742,1.0,-1
3347,6232,13.082916666667076,1.0,-1
3348,6233,13.09000000000041,1.0,-1
3349,6234,13.097083333333744,1.0,-1
3350,6235,13.104166666667078,1.0,-1
3351,6236,13.111250000000412,1.0,-1
3352,6237,13.118333333333746,1.0,-1
3353,6238,13.12541666666708,1.0,-1
3354,6239,13.132500000000414,1.0,-1
3355,6240,13.139583333333748,1.0,-1
3356,6241,13.146666666667082,1.0,-1
3357,6242,13.153750000000416,1.0,-1
3358,6243,13.16083333333375,1.0,-1
3359,6244,13.167916666667084,1.0,-1
3360,6245,13.175000000000418,1.0,-1
3361,6246,13.182083333333752,1.0,-1
3362,6247,13.189166666667086,1.0,-1
3363,6248,13.19625000000042,1.0,-1
3364,6249,13.203333333333754,1.0,-1
3365,6250,13.210416666667088,1.0,-1
3366,6251,13.217500000000422,1.0,-1
3367,6252,13.224583333333756,1.0,-1
3368,6253,13.23166666666709,1.0,-1
3369,6254,13.238750000000424,1.0,-1
3370,6255,13.238750000000424,1.0,24
3371,6256,13.238750000000424,1.0,24
3372,6257,13.238750000000424,1.0,24
3373,6258,13.238750000000424,1.0,24
3374,6259,13.238750000000424,1.0,24
3375,6260,13.238750000000424,1.0,24
3376,6261,13.238750000000424,1.0,24
3377,6262,13.238750000000424,1.0,24
3378,6263,13.238750000000424,1.0,24
3379,6264,13.238750000000424,1.0,24
3380,6265,13.238750000000424,1.0,24
3381,6266,13.238750000000424,1.0,24
3382,6267,13.245833333333758,1.0,-1
3383,6268,13.252916666667092,1.0,-1
3384,6269,13.260000000000426,1.0,-1
3385,6270,13.26708333333376,1.0,-1
3386,6271,13.274166666667094,1.0,-1
3387,6272,13.281250000000428,1.0,-1
3388,6273,13.288333333333762,1.0,-1
3389,6274,13.295416666667096,1.0,-1
3390,6275,13.30250000000043,1.0,-1
3391,6276,13.309583333333764,1.0,-1
3392,6277,13.316666666667098,1.0,-1
3393,6278,13.323750000000432,1.0,-1
3394,6279,13.330833333333766,1.0,-1
3395,6280,13.3379166666671,1.0,-1
3396,6281,13.345000000000434,1.0,-1
3397,6282,13.352083333333768,1.0,-1
3398,6283,13.359166666667102,1.0,-1
3399,6284,13.366250000000436,1.0,-1
3400,6285,13.37333333333377,1.0,-1
3401,6286,13.380416666667104,1.0,-1
3402,6287,13.387500000000438,1.0,-1
3403,6288,13.394583333333772,1.0,-1
3404,6289,13.401666666667106,1.0,-1
3405,6290,13.40875000000044,1.0,-1
3406,6291,13.415833333333774,1.0,-1
3407,6292,13.422916666667108,1.0,-1
3408,6293,13.430000000000442,1.0,-1
3409,6294,13.437083333333776,1.0,-1
3410,6295,13.44416666666711,1.0,-1
3411,6296,13.451250000000444,1.0,-1
3412,6297,13.458333333333778,1.0,-1
3413,6298,13.465416666667112,1.0,-1
3414,6299,13.472500000000446,1.0,-1
3415,6300,13.47958333333378,1.0,-1
3416,6301,13.486666666667114,1.0,-1
3417,6302,13.493750000000448,1.0,-1
3418,6303,13.500833333333782,1.0,-1
3419,6304,13.507916666667116,1.0,-1
3420,6305,13.51500000000045,1.0,-1
3421,6306,13.522083333333784,1.0,-1
3422,6307,13.529166666667118,1.0,-1
3423,6308,13.536250000000452,1.0,-1
3424,6309,13.543333333333786,1.0,-1
3425,6310,13.55041666666712,1.0,-1
3426,6311,13.557500000000454,1.0,-1
3427,6312,13.564583333333788,1.0,-1
3428,6313,13.571666666667122,1.0,-1
3429,6314,13.578750000000456,1.0,-1
3430,6315,13.58583333333379,1.0,-1
3431,6316,13.592916666667124,1.0,-1
3432,6317,13.600000000000458,1.0,-1
3433,6318,13.607083333333792,1.0,-1
3434,6319,13.614166666667126,1.0,-1
3435,6320,13.62125000000046,1.0,-1
3436,6321,13.628333333333794,1.0,-1
3437,6322,13.635416666667128,1.0,-1
3438,6323,13.642500000000462,1.0,-1
3439,6324,13.649583333333796,1.0,-1
3440,6325,13.65666666666713,1.0,-1
3441,6326,13.663750000000464,1.0,-1
3442,6327,13.670833333333798,1.0,-1
3443,6328,13.677916666667132,1.0,-1
3444,6329,13.685000000000466,1.0,-1
3445,6330,13.6920833333338,1.0,-1
3446,6331,13.699166666667134,1.0,-1
3447,6332,13.706250000000468,1.0,-1
3448,6333,13.713333333333802,1.0,-1
3449,6334,13.720416666667136,1.0,-1
3450,6335,13.72750000000047,1.0,-1
3451,6336,13.734583333333804,1.0,-1
3452,6337,13.741666666667138,1.0,-1
3453,6338,13.748750000000472,1.0,-1
3454,6339,13.755833333333806,1.0,-1
3455,6340,13.76291666666714,1.0,-1
3456,6341,13.770000000000474,1.0,-1
3457,6342,13.777083333333808,1.0,-1
3458,6343,13.784166666667142,1.0,-1
3459,6344,13.791250000000476,1.0,-1
3460,6345,13.79833333333381,1.0,-1
3461,6346,13.805416666667144,1.0,-1
3462,6347,13.812500000000478,1.0,-1
3463,6348,13.819583333333812,1.0,-1
3464,6349,13.826666666667146,1.0,-1
3465,6350,13.83375000000048,1.0,-1
3466,6351,13.840833333333814,1.0,-1
3467,6352,13.847916666667148,1.0,-1
3468,6353,13.855000000000482,1.0,-1
3469,6354,13.862083333333816,1.0,-1
3470,6355,13.86916666666715,1.0,-1
3471,6356,13.86916666666715,1.0,25
3472,6357,13.86916666666715,1.0,25
3473,6358,13.86916666666715,1.0,25
3474,6359,13.86916666666715,1.0,25
3475,6360,13.86916666666715,1.0,25
3476,6361,13.86916666666715,1.0,25
3477,6362,13.86916666666715,1.0,25
3478,6363,13.86916666666715,1.0,25
3479,6364,13.86916666666715,1.0,25
3480,6365,13.86916666666715,1.0,25
3481,6366,13.86916666666715,1.0,25
3482,6367,13.86916666666715,1.0,25
3483,6368,13.86916666666715,1.0,25
3484,6369,13.86916666666715,1.0,25
3485,6370,13.86916666666715,1.0,25
3486,6371,13.86916666666715,1.0,25
3487,6372,13.86916666666715,1.0,25
3488,6373,13.86916666666715,1.0,25
3489,6374,13.86916666666715,1.0,25
3490,6375,13.86916666666715,1.0,25
3491,6376,13.86916666666715,1.0,25
3492,6377,13.86916666666715,1.0,25
3493,6378,13.86916666666715,1.0,25
3494,6379,13.86916666666715,1.0,25
3495,6380,13.86916666666715,1.0,25
3496,6381,13.86916666666715,1.0,25
3497,6382,13.86916666666715,1.0,25
3498,6383,13.86916666666715,1.0,25
3499,6384,13.86916666666715,1.0,25
3500,6385,13.86916666666715,1.0,25
3501,6386,13.86916666666715,1.0,25
3502,6387,13.86916666666715,1.0,25
3503,6388,13.86916666666715,1.0,25
3504,6389,13.86916666666715,1.0,25
3505,6390,13.86916666666715,1.0,25
3506,6391,13.86916666666715,1.0,25
3507,6392,13.86916666666715,1.0,25
3508,6393,13.86916666666715,1.0,25
3509,6394,13.86916666666715,1.0,25
3510,6395,13.86916666666715,1.0,25
3511,6396,13.86916666666715,1.0,25
3512,6397,13.86916666666715,1.0,25
3513,6398,13.86916666666715,1.0,25
3514,6399,13.86916666666715,1.0,25
3515,6400,13.86916666666715,1.0,25
3516,6401,13.86916666666715,1.0,25
3517,6402,13.86916666666715,1.0,25
3518,6403,13.86916666666715,1.0,25
3519,6404,13.86916666666715,1.0,25
3520,6405,13.86916666666715,1.0,25
3521,6406,13.86916666666715,1.0,25
3522,6407,13.86916666666715,1.0,25
3523,6408,13.86916666666715,1.0,25
3524,6409,13.86916666666715,1.0,25
3525,6410,13.86916666666715,1.0,25
3526,6411,13.86916666666715,1.0,25
3527,6412,13.86916666666715,1.0,25
3528,6413,13.86916666666715,1.0,25
3529,6414,13.86916666666715,1.0,25
3530,6415,13.86916666666715,1.0,25
3531,6416,13.86916666666715,1.0,25
3532,6417,13.86916666666715,1.0,25
3533,6418,13.86916666666715,1.0,25
3534,6419,13.86916666666715,1.0,25
3535,6420,13.86916666666715,1.0,25
3536,6421,13.86916666666715,1.0,25
3537,6422,13.86916666666715,1.0,25
3538,6423,13.86916666666715,1.0,25
3539,6424,13.86916666666715,1.0,25
3540,6425,13.86916666666715,1.0,25
3541,6426,13.86916666666715,1.0,25
3542,6427,13.86916666666715,1.0,25
3543,6428,13.86916666666715,1.0,25
3544,6429,13.86916666666715,1.0,25
3545,6430,13.86916666666715,1.0,25
3546,6431,13.86916666666715,1.0,25
3547,6432,13.86916666666715,1.0,25
3548,6433,13.86916666666715,1.0,25
3549,6434,13.86916666666715,1.0,25
3550,6435,13.86916666666715,1.0,25
3551,6436,13.86916666666715,1.0,25
3552,6437,13.86916666666715,1.0,25
3553,6438,13.86916666666715,1.0,25
3554,6439,13.86916666666715,1.0,25
3555,6440,13.86916666666715,1.0,25
3556,6441,13.86916666666715,1.0,25
3557,6442,13.86916666666715,1.0,25
3558,6443,13.86916666666715,1.0,25
3559,6444,13.86916666666715,1.0,25
3560,6445,13.86916666666715,1.0,25
3561,6446,13.86916666666715,1.0,25
3562,6447,13.86916666666715,1.0,25
3563,6448,13.86916666666715,1.0,25
3564,6449,13.86916666666715,1.0,25
3565,6450,13.86916666666715,1.0,25
3566,6451,13.86916666666715,1.0,25
3567,6452,13.86916666666715,1.0,25
3568,6453,13.86916666666715,1.0,25
3569,6454,13.86916666666715,1.0,25
3570,6455,13.86916666666715,1.0,25
3571,6456,13.86916666666715,1.0,25
3572,6457,13.86916666666715,1.0,25
3573,6458,13.86916666666715,1.0,25
3574,6459,13.86916666666715,1.0,25
3575,6460,13.86916666666715,1.0,25
3576,6461,13.86916666666715,1.0,25
3577,6462,13.86916666666715,1.0,25
3578,6463,13.86916666666715,1.0,25
3579,6464,13.86916666666715,1.0,25
3580,6465,13.86916666666715,1.0,25
3581,6466,13.86916666666715,1.0,25
3582,6467,13.86916666666715,1.0,25
3583,6468,13.86916666666715,1.0,25
3584,6469,13.86916666666715,1.0,25
3585,6470,13.876250000000484,1.0,-1
3586,6471,13.883333333333818,1.0,-1
3587,6472,13.890416666667152,1.0,-1
3588,6473,13.897500000000486,1.0,-1
3589,6474,13.90458333333382,1.0,-1
3590,6475,13.911666666667154,1.0,-1
3591,6476,13.918750000000488,1.0,-1
3592,6477,13.925833333333822,1.0,-1
3593,6478,13.932916666667156,1.0,-1
3594,6479,13.94000000000049,1.0,-1
3595,6480,13.947083333333824,1.0,-1
3596,6481,13.954166666667158,1.0,-1
3597,6482,13.961250000000492,1.0,-1
3598,6483,13.968333333333826,1.0,-1
3599,6484,13.97541666666716,1.0,-1
3600,6485,13.982500000000494,1.0,-1
3601,6486,13.989583333333828,1.0,-1
3602,6487,13.996666666667162,1.0,-1
3603,6488,14.003750000000496,1.0,-1
3604,6489,14.01083333333383,1.0,-1
3605,6490,14.017916666667164,1.0,-1
3606,6491,14.025000000000498,1.0,-1
3607,6492,14.032083333333832,1.0,-1
3608,6493,14.039166666667166,1.0,-1
3609,6494,14.0462500000005,1.0,-1
3610,6495,14.053333333333834,1.0,-1
3611,6496,14.060416666667168,1.0,-1
3612,6497,14.067500000000502,1.0,-1
3613,6498,14.074583333333836,1.0,-1
3614,6499,14.08166666666717,1.0,-1
3615,6500,14.088750000000504,1.0,-1
3616,6501,14.095833333333838,1.0,-1
3617,6502,14.102916666667172,1.0,-1
3618,6503,14.110000000000506,1.0,-1
3619,6504,14.11708333333384,1.0,-1
3620,6505,14.124166666667174,1.0,-1
3621,6506,14.131250000000508,1.0,-1
3622,6507,14.131250000000508,1.0,26
3623,6508,14.131250000000508,1.0,26
3624,6509,14.131250000000508,1.0,26
3625,6510,14.131250000000508,1.0,26
3626,6511,14.131250000000508,1.0,26
3627,6512,14.131250000000508,1.0,26
3628,6513,14.131250000000508,1.0,26
3629,6514,14.131250000000508,1.0,26
3630,6515,14.131250000000508,1.0,26
3631,6516,14.131250000000508,1.0,26
3632,6517,14.131250000000508,1.0,26
3633,6518,14.131250000000508,1.0,26
3634,6519,14.131250000000508,1.0,26
3635,6520,14.131250000000508,1.0,26
3636,6521,14.131250000000508,1.0,26
3637,6522,14.131250000000508,1.0,26
3638,6523,14.131250000000508,1.0,26
3639,6524,14.131250000000508,1.0,26
3640,6525,14.131250000000508,1.0,26
3641,6526,14.131250000000508,1.0,26
3642,6527,14.131250000000508,1.0,26
3643,6528,14.131250000000508,1.0,26
3644,6529,14.131250000000508,1.0,26
3645,6530,14.131250000000508,1.0,26
3646,6531,14.131250000000508,1.0,26
3647,6532,14.131250000000508,1.0,26
3648,6533,14.131250000000508,1.0,26
3649,6534,14.131250000000508,1.0,26
3650,6535,14.131250000000508,1.0,26
3651,6536,14.131250000000508,1.0,26
3652,6537,14.131250000000508,1.0,26
3653,6538,14.131250000000508,1.0,26
3654,6539,14.131250000000508,1.0,26
3655,6540,14.131250000000508,1.0,26
3656,6541,14.131250000000508,1.0,26
3657,6542,14.131250000000508,1.0,26
3658,6543,14.131250000000508,1.0,26
3659,6544,14.131250000000508,1.0,26
3660,6545,14.131250000000508,1.0,26
3661,6546,14.131250000000508,1.0,26
3662,6547,14.131250000000508,1.0,26
3663,6548,14.131250000000508,1.0,26
3664,6549,14.131250000000508,1.0,26
3665,6550,14.138333333333842,1.0,-1
3666,6551,14.145416666667176,1.0,-1
3667,6552,14.15250000000051,1.0,-1
3668,6553,14.159583333333844,1.0,-1
3669,6554,14.166666666667178,1.0,-1
3670,6555,14.173750000000512,1.0,-1
3671,6556,14.180833333333846,1.0,-1
3672,6557,14.18791666666718,1.0,-1
3673,6558,14.195000000000514,1.0,-1
3674,6559,14.202083333333848,1.0,-1
3675,6560,14.209166666667182,1.0,-1
3676,6561,14.216250000000516,1.0,-1
3677,6562,14.22333333333385,1.0,-1
3678,6563,14.230416666667184,1.0,-1
3679,6564,14.237500000000518,1.0,-1
3680,6565,14.244583333333852,1.0,-1
3681,6566,14.251666666667186,1.0,-1
3682,6567,14.25875000000052,1.0,-1
3683,6568,14.265833333333854,1.0,-1
3684,6569,14.272916666667188,1.0,-1
3685,6570,14.280000000000522,1.0,-1
3686,6571,14.287083333333856,1.0,-1
3687,6572,14.29416666666719,1.0,-1
3688,6573,14.301250000000524,1.0,-1
3689,6574,14.308333333333858,1.0,-1
3690,6575,14.315416666667192,1.0,-1
3691,6576,14.322500000000526,1.0,-1
3692,6577,14.32958333333386,1.0,-1
3693,6578,14.336666666667194,1.0,-1
3694,6579,14.343750000000528,1.0,-1
3695,6580,14.350833333333862,1.0,-1
3696,6581,14.357916666667196,1.0,-1
3697,6582,14.36500000000053,1.0,-1
3698,6583,14.372083333333864,1.0,-1
3699,6584,14.379166666667198,1.0,-1
3700,6585,14.386250000000532,1.0,-1
3701,6586,14.386250000000532,0.9625,27
3702,6587,14.386250000000532,0.9625,27
3703,6588,14.386250000000532,0.9625,27
3704,6589,14.386250000000532,0.9625,27
3705,6590,14.386250000000532,0.9625,27
3706,6591,14.386250000000532,0.9625,27
3707,6592,14.386250000000532,0.9625,27
3708,6593,14.386250000000532,0.9625,27
3709,6594,14.386250000000532,0.9625,27
3710,6595,14.386250000000532,0.9625,27
3711,6596,14.386250000000532,0.9625,27
3712,6597,14.386250000000532,0.9625,27
3713,6598,14.386250000000532,0.9625,27
3714,6599,14.386250000000532,0.9625,27
3715,6600,14.386250000000532,0.9625,27
3716,6601,14.393333333333866,0.9625,-1
3717,6602,14.4004166666672,0.9625,-1
3718,6603,14.407500000000534,0.9625,-1
3719,6604,14.414583333333868,0.9625,-1
3720,6605,14.421666666667202,0.9625,-1
3721,6606,14.428750000000536,0.9625,-1
3722,6607,14.43583333333387,0.9625,-1
3723,6608,14.442916666667204,0.9625,-1
3724,6609,14.450000000000538,0.9625,-1
3725,6610,14.457083333333872,0.9625,-1
3726,6611,14.464166666667206,0.9625,-1
3727,6612,14.47125000000054,0.9625,-1
3728,6613,14.478333333333874,0.9625,-1
3729,6614,14.485416666667208,0.9625,-1
3730,6615,14.492500000000542,0.9625,-1
3731,6616,14.499583333333876,0.9625,-1
3732,6617,14.50666666666721,0.9625,-1
3733,6618,14.513750000000543,0.9625,-1
3734,6619,14.520833333333877,0.9625,-1
3735,6620,14.527916666667211,0.9625,-1
3736,6621,14.535000000000545,0.9625,-1
3737,6622,14.54208333333388,0.9625,-1
3738,6623,14.549166666667213,0.9625,-1
3739,6624,14.556250000000547,0.9625,-1
3740,6625,14.563333333333881,0.9625,-1
3741,6626,14.570416666667215,0.9625,-1
3742,6627,14.57750000000055,0.9625,-1
3743,6628,14.584583333333883,0.9625,-1
3744,6629,14.591666666667217,0.9625,-1
3745,6630,14.598750000000551,0.9625,-1
3746,6631,14.605833333333885,0.9625,-1
3747,6632,14.61291666666722,0.9625,-1
3748,6633,14.620000000000553,0.9625,-1
3749,6634,14.627083333333887,0.9625,-1
3750,6635,14.634166666667221,0.9625,-1
3751,6636,14.641250000000555,0.9625,-1
3752,6637,14.64833333333389,0.9625,-1
3753,6638,14.655416666667223,0.9625,-1
3754,6639,14.662500000000557,0.9625,-1
3755,6640,14.662500000000557,0.8875,28
3756,6641,14.662500000000557,0.8875,28
3757,6642,14.662500000000557,0.8875,28
3758,6643,14.662500000000557,0.8875,28
3759,6644,14.662500000000557,0.8875,28
3760,6645,14.662500000000557,0.8875,28
3761,6646,14.662500000000557,0.8875,28
3762,6647,14.662500000000557,0.8875,28
3763,6648,14.662500000000557,0.8875,28
3764,6649,14.662500000000557,0.8875,28
3765,6650,14.662500000000557,0.8875,28
3766,6651,14.662500000000557,0.8875,28
3767,6652,14.662500000000557,0.8875,28
3768,6653,14.662500000000557,0.8875,28
3769,6654,14.662500000000557,0.8875,28
3770,6655,14.662500000000557,0.8875,28
3771,6656,14.662500000000557,0.8875,28
3772,6657,14.662500000000557,0.8875,28
3773,6658,14.662500000000557,0.8875,28
3774,6659,14.662500000000557,0.8875,28
3775,6660,14.662500000000557,0.8875,28
3776,6661,14.662500000000557,0.8875,28
3777,6662,14.662500000000557,0.8875,28
3778,6663,14.662500000000557,0.8875,28
3779,6664,14.662500000000557,0.8875,28
3780,6665,14.662500000000557,0.8875,28
3781,6666,14.662500000000557,0.8875,28
3782,6667,14.662500000000557,0.8875,28
3783,6668,14.662500000000557,0.8875,28
3784,6669,14.662500000000557,0.8875,28
3785,6670,14.662500000000557,0.8875,28
3786,6671,14.662500000000557,0.8875,28
3787,6672,14.662500000000557,0.8875,28
3788,6673,14.662500000000557,0.8875,28
3789,6674,14.662500000000557,0.8875,28
3790,6675,14.662500000000557,0.8875,28
3791,6676,14.662500000000557,0.8875,28
3792,6677,14.662500000000557,0.8875,28
3793,6678,14.662500000000557,0.8875,28
3794,6679,14.662500000000557,0.8875,28
3795,6680,14.662500000000557,0.8875,28
3796,6681,14.662500000000557,0.8875,28
3797,6682,14.662500000000557,0.8875,28
3798,6683,14.662500000000557,0.8875,28
3799,6684,14.662500000000557,0.8875,28
3800,6685,14.662500000000557,0.8875,28
3801,6686,14.662500000000557,0.8875,28
3802,6687,14.662500000000557,0.8875,28
3803,6688,14.662500000000557,0.8875,28
3804,6689,14.662500000000557,0.8875,28
3805,6690,14.662500000000557,0.8875,28
3806,6691,14.662500000000557,0.8875,28
3807,6692,14.662500000000557,0.8875,28
3808,6693,14.662500000000557,0.8875,28
3809,6694,14.662500000000557,0.8875,28
3810,6695,14.662500000000557,0.8875,28
3811,6696,14.662500000000557,0.8875,28
3812,6697,14.662500000000557,0.8875,28
3813,6698,14.662500000000557,0.8875,28
3814,6699,14.662500000000557,0.8875,28
3815,6700,14.662500000000557,0.8875,28
3816,6701,14.662500000000557,0.8875,28
3817,6702,14.662500000000557,0.8875,28
3818,6703,14.662500000000557,0.8875,28
3819,6704,14.662500000000557,0.8875,28
3820,6705,14.662500000000557,0.8875,28
3821,6706,14.662500000000557,0.8875,28
3822,6707,14.662500000000557,0.8875,28
3823,6708,14.662500000000557,0.8875,28
3824,6709,14.662500000000557,0.8875,28
3825,6710,14.662500000000557,0.8875,28
3826,6711,14.662500000000557,0.8875,28
3827,6712,14.662500000000557,0.8875,28
3828,6713,14.662500000000557,0.8875,28
3829,6714,14.662500000000557,0.8875,28
3830,6715,14.662500000000557,0.8875,28
3831,6716,14.662500000000557,0.8875,28
3832,6717,14.662500000000557,0.8875,28
3833,6718,14.662500000000557,0.8875,28
3834,6719,14.662500000000557,0.8875,28
3835,6720,14.662500000000557,0.8875,28
3836,6721,14.662500000000557,0.8875,28
3837,6722,14.662500000000557,0.8875,28
3838,6723,14.662500000000557,0.8875,28
3839,6724,14.662500000000557,0.8875,28
3840,6725,14.662500000000557,0.8875,28
3841,6726,14.662500000000557,0.8875,28
3842,6727,14.662500000000557,0.8875,28
3843,6728,14.662500000000557,0.8875,28
3844,6729,14.662500000000557,0.8875,28
3845,6730,14.662500000000557,0.8875,28
3846,6731,14.662500000000557,0.8875,28
3847,6732,14.662500000000557,0.8875,28
3848,6733,14.669583333333891,0.8875,-1
3849,6734,14.676666666667225,0.8875,-1
3850,6735,14.68375000000056,0.8875,-1
3851,6736,14.690833333333893,0.8875,-1
3852,6737,14.697916666667227,0.8875,-1
3853,6738,14.705000000000561,0.8875,-1
3854,6739,14.712083333333895,0.8875,-1
3855,6740,14.71916666666723,0.8875,-1
3856,6741,14.726250000000563,0.8875,-1
3857,6742,14.733333333333897,0.8875,-1
3858,6743,14.740416666667231,0.8875,-1
3859,6744,14.747500000000565,0.8875,-1
3860,6745,14.7545833333339,0.8875,-1
3861,6746,14.761666666667233,0.8875,-1
3862,6747,14.768750000000567,0.8875,-1
3863,6748,14.775833333333901,0.8875,-1
3864,6749,14.782916666667235,0.8875,-1
3865,6750,14.79000000000057,0.8875,-1
3866,6751,14.797083333333903,0.8875,-1
3867,6752,14.804166666667237,0.8875,-1
3868,6753,14.811250000000571,0.8875,-1
3869,6754,14.818333333333905,0.8875,-1
3870,6755,14.82541666666724,0.8875,-1
3871,6756,14.832500000000573,0.8875,-1
3872,6757,14.839583333333907,0.8875,-1
3873,6758,14.846666666667241,0.8875,-1
3874,6759,14.853750000000575,0.8875,-1
3875,6760,14.86083333333391,0.8875,-1
3876,6761,14.867916666667243,0.8875,-1
3877,6762,14.875000000000577,0.8875,-1
3878,6763,14.882083333333911,0.8875,-1
3879,6764,14.889166666667245,0.8875,-1
3880,6765,14.89625000000058,0.8875,-1
3881,6766,14.903333333333913,0.8875,-1
3882,6767,14.910416666667247,0.8875,-1
3883,6768,14.917500000000581,0.8875,-1
3884,6769,14.924583333333915,0.8875,-1
3885,6770,14.93166666666725,0.8875,-1
3886,6771,14.938750000000583,0.8875,-1
3887,6772,14.945833333333917,0.8875,-1
3888,6773,14.952916666667251,0.8875,-1
3889,6774,14.960000000000585,0.8875,-1
3890,6775,14.96708333333392,0.8875,-1
3891,6776,14.96708333333392,0.8375,29
3892,6777,14.96708333333392,0.8375,29
3893,6778,14.96708333333392,0.8375,29
3894,6779,14.96708333333392,0.8375,29
3895,6780,14.96708333333392,0.8375,29
3896,6781,14.96708333333392,0.8375,29
3897,6782,14.96708333333392,0.8375,29
3898,6783,14.96708333333392,0.8375,29
3899,6784,14.96708333333392,0.8375,29
3900,6785,14.96708333333392,0.8375,29
3901,6786,14.96708333333392,0.8375,29
3902,6787,14.96708333333392,0.8375,29
3903,6788,14.96708333333392,0.8375,29
3904,6789,14.96708333333392,0.8375,29
3905,6790,14.96708333333392,0.8375,29
3906,6791,14.96708333333392,0.8375,29
3907,6792,14.96708333333392,0.8375,29
3908,6793,14.96708333333392,0.8375,29
3909,6794,14.96708333333392,0.8375,29
3910,6795,14.96708333333392,0.8375,29
3911,6796,14.96708333333392,0.8375,29
3912,6797,14.96708333333392,0.8375,29
3913,6798,14.96708333333392,0.8375,29
3914,6799,14.96708333333392,0.8375,29
3915,6800,14.96708333333392,0.8375,29
3916,6801,14.96708333333392,0.8375,29
3917,6802,14.96708333333392,0.8375,29
3918,6803,14.96708333333392,0.8375,29
3919,6804,14.96708333333392,0.8375,29
3920,6805,14.96708333333392,0.8375,29
3921,6806,14.96708333333392,0.8375,29
3922,6807,14.96708333333392,0.8375,29
3923,6808,14.96708333333392,0.8375,29
3924,6809,14.96708333333392,0.8375,29
3925,6810,14.96708333333392,0.8375,29
3926,6811,14.96708333333392,0.8375,29
3927,6812,14.96708333333392,0.8375,29
3928,6813,14.96708333333392,0.8375,29
3929,6814,14.96708333333392,0.8375,29
3930,6815,14.96708333333392,0.8375,29
3931,6816,14.96708333333392,0.8375,29
3932,6817,14.96708333333392,0.8375,29
3933,6818,14.96708333333392,0.8375,29
3934,6819,14.96708333333392,0.8375,29
3935,6820,14.96708333333392,0.8375,29
3936,6821,14.974166666667253,0.8375,-1
3937,6822,14.981250000000587,0.8375,-1
3938,6823,14.988333333333921,0.8375,-1
3939,6824,14.995416666667255,0.8375,-1
3940,6825,15.00250000000059,0.8375,-1
3941,6826,15.009583333333923,0.8375,-1
3942,6827,15.016666666667257,0.8375,-1
3943,6828,15.023750000000591,0.8375,-1
3944,6829,15.030833333333925,0.8375,-1
3945,6830,15.03791666666726,0.8375,-1
3946,6831,15.045000000000593,0.8375,-1
3947,6832,15.052083333333927,0.8375,-1
3948,6833,15.059166666667261,0.8375,-1
3949,6834,15.066250000000595,0.8375,-1
3950,6835,15.07333333333393,0.8375,-1
3951,6836,15.080416666667263,0.8375,-1
3952,6837,15.087500000000597,0.8375,-1
3953,6838,15.094583333333931,0.8375,-1
3954,6839,15.101666666667265,0.8375,-1
3955,6840,15.1087500000006,0.8375,-1
3956,6841,15.115833333333933,0.8375,-1
3957,6842,15.122916666667267,0.8375,-1
3958,6843,15.130000000000601,0.8375,-1
3959,6844,15.137083333333935,0.8375,-1
3960,6845,15.14416666666727,0.8375,-1
3961,6846,15.151250000000603,0.8375,-1
3962,6847,15.158333333333937,0.8375,-1
3963,6848,15.165416666667271,0.8375,-1
3964,6849,15.172500000000605,0.8375,-1
3965,6850,15.17958333333394,0.8375,-1
3966,6851,15.186666666667273,0.8375,-1
3967,6852,15.193750000000607,0.8375,-1
3968,6853,15.200833333333941,0.8375,-1
3969,6854,15.207916666667275,0.8375,-1
3970,6855,15.21500000000061,0.8375,-1
3971,6856,15.222083333333943,0.8375,-1
3972,6857,15.229166666667277,0.8375,-1
3973,6858,15.236250000000611,0.8375,-1
3974,6859,15.243333333333945,0.8375,-1
3975,6860,15.25041666666728,0.8375,-1
3976,6861,15.257500000000613,0.8375,-1
3977,6862,15.264583333333947,0.8375,-1
3978,6863,15.271666666667281,0.8375,-1
3979,6864,15.278750000000615,0.8375,-1
3980,6865,15.28583333333395,0.8375,-1
3981,6866,15.292916666667283,0.8375,-1
3982,6867,15.300000000000617,0.8375,-1
3983,6868,15.307083333333951,0.8375,-1
3984,6869,15.314166666667285,0.8375,-1
3985,6870,15.321250000000619,0.8375,-1
3986,6871,15.328333333333953,0.8375,-1
3987,6872,15.335416666667287,0.8375,-1
3988,6873,15.335416666667287,0.825,30
3989,6874,15.335416666667287,0.825,30
3990,6875,15.335416666667287,0.825,30
3991,6876,15.335416666667287,0.825,30
3992,6877,15.335416666667287,0.825,30
3993,6878,15.335416666667287,0.825,30
3994,6879,15.335416666667287,0.825,30
3995,6880,15.335416666667287,0.825,30
3996,6881,15.335416666667287,0.825,30
3997,6882,15.335416666667287,0.825,30
3998,6883,15.335416666667287,0.825,30
3999,6884,15.335416666667287,0.825,30
4000,6885,15.342500000000621,0.825,-1
4001,6886,15.349583333333955,0.825,-1
4002,6887,15.356666666667289,0.825,-1
4003,6888,15.363750000000623,0.825,-1
4004,6889,15.370833333333957,0.825,-1
4005,6890,15.377916666667291,0.825,-1
4006,6891,15.385000000000625,0.825,-1
4007,6892,15.392083333333959,0.825,-1
4008,6893,15.399166666667293,0.825,-1
4009,6894,15.406250000000627,0.825,-1
4010,6895,15.413333333333961,0.825,-1
4011,6896,15.420416666667295,0.825,-1
4012,6897,15.427500000000629,0.825,-1
4013,6898,15.434583333333963,0.825,-1
4014,6899,15.441666666667297,0.825,-1
4015,6900,15.448750000000631,0.825,-1
4016,6901,15.455833333333965,0.825,-1
4017,6902,15.462916666667299,0.825,-1
4018,6903,15.470000000000633,0.825,-1
4019,6904,15.477083333333967,0.825,-1
4020,6905,15.484166666667301,0.825,-1
4021,6906,15.491250000000635,0.825,-1
4022,6907,15.498333333333969,0.825,-1
4023,6908,15.505416666667303,0.825,-1
4024,6909,15.512500000000637,0.825,-1
4025,6910,15.519583333333971,0.825,-1
4026,6911,15.526666666667305,0.825,-1
4027,6912,15.533750000000639,0.825,-1
4028,6913,15.540833333333973,0.825,-1
4029,6914,15.547916666667307,0.825,-1
4030,6915,15.555000000000641,0.825,-1
4031,6916,15.562083333333975,0.825,-1
4032,6917,15.569166666667309,0.825,-1
4033,6918,15.576250000000643,0.825,-1
4034,6919,15.583333333333977,0.825,-1
4035,6920,15.590416666667311,0.825,-1
4036,6921,15.597500000000645,0.825,-1
4037,6922,15.604583333333979,0.825,-1
4038,6923,15.611666666667313,0.825,-1
4039,6924,15.618750000000647,0.825,-1
4040,6925,15.625833333333981,0.825,-1
4041,6926,15.632916666667315,0.825,-1
4042,6927,15.640000000000649,0.825,-1
4043,6928,15.647083333333983,0.825,-1
4044,6929,15.654166666667317,0.825,-1
4045,6930,15.661250000000651,0.825,-1
4046,6931,15.668333333333985,0.825,-1
4047,6932,15.675416666667319,0.825,-1
4048,6933,15.682500000000653,0.825,-1
4049,6934,15.689583333333987,0.825,-1
4050,6935,15.696666666667321,0.825,-1
4051,6936,15.703750000000655,0.825,-1
4052,6937,15.710833333333989,0.825,-1
4053,6938,15.717916666667323,0.825,-1
4054,6939,15.725000000000657,0.825,-1
4055,6940,15.732083333333991,0.825,-1
4056,6941,15.739166666667325,0.825,-1
4057,6942,15.746250000000659,0.825,-1
4058,6943,15.753333333333993,0.825,-1
4059,6944,15.760416666667327,0.825,-1
4060,6945,15.76750000000066,0.825,-1
4061,6946,15.774583333333995,0.825,-1
4062,6947,15.781666666667329,0.825,-1
4063,6948,15.788750000000663,0.825,-1
4064,6949,15.795833333333997,0.825,-1
4065,6950,15.80291666666733,0.825,-1
4066,6951,15.810000000000665,0.825,-1
4067,6952,15.817083333333999,0.825,-1
4068,6953,15.824166666667333,0.825,-1
4069,6954,15.831250000000667,0.825,-1
4070,6955,15.838333333334,0.825,-1
4071,6956,15.845416666667335,0.825,-1
4072,6957,15.852500000000669,0.825,-1
4073,6958,15.859583333334003,0.825,-1
4074,6959,15.859583333334003,0.7875,31
4075,6960,15.859583333334003,0.7875,31
4076,6961,15.859583333334003,0.7875,31
4077,6962,15.859583333334003,0.7875,31
4078,6963,15.859583333334003,0.7875,31
4079,6964,15.859583333334003,0.7875,31
4080,6965,15.859583333334003,0.7875,31
4081,6966,15.859583333334003,0.7875,31
4082,6967,15.859583333334003,0.7875,31
4083,6968,15.859583333334003,0.7875,31
4084,6969,15.859583333334003,0.7875,31
4085,6970,15.859583333334003,0.7875,31
4086,6971,15.859583333334003,0.7875,31
4087,6972,15.859583333334003,0.7875,31
4088,6973,15.859583333334003,0.7875,31
4089,6974,15.866666666667337,0.7875,-1
4090,6975,15.87375000000067,0.7875,-1
4091,6976,15.880833333334005,0.7875,-1
4092,6977,15.887916666667339,0.7875,-1
4093,6978,15.895000000000673,0.7875,-1
4094,6979,15.902083333334007,0.7875,-1
4095,6980,15.90916666666734,0.7875,-1
4096,6981,15.916250000000675,0.7875,-1
4097,6982,15.923333333334009,0.7875,-1
4098,6983,15.930416666667343,0.7875,-1
4099,6984,15.937500000000677,0.7875,-1
4100,6985,15.94458333333401,0.7875,-1
4101,6986,15.951666666667345,0.7875,-1
4102,6987,15.958750000000679,0.7875,-1
4103,6988,15.965833333334013,0.7875,-1
4104,6989,15.972916666667347,0.7875,-1
4105,6990,15.98000000000068,0.7875,-1
4106,6991,15.987083333334015,0.7875,-1
4107,6992,15.994166666667349,0.7875,-1
4108,6993,16.00125000000068,0.7875,-1
4109,6994,16.008333333334015,0.7875,-1
4110,6995,16.01541666666735,0.7875,-1
4111,6996,16.022500000000683,0.7875,-1
4112,6997,16.029583333334017,0.7875,-1
4113,6998,16.03666666666735,0.7875,-1
4114,6999,16.043750000000685,0.7875,-1
4115,7000,16.05083333333402,0.7875,-1
4116,7001,16.057916666667353,0.7875,-1
4117,7002,16.065000000000687,0.7875,-1
4118,7003,16.07208333333402,0.7875,-1
4119,7004,16.079166666667355,0.7875,-1
4120,7005,16.08625000000069,0.7875,-1
4121,7006,16.093333333334023,0.7875,-1
4122,7007,16.100416666667357,0.7875,-1
4123,7008,16.10750000000069,0.7875,-1
4124,7009,16.114583333334025,0.7875,-1
4125,7010,16.12166666666736,0.7875,-1
4126,7011,16.128750000000693,0.7875,-1
4127,7012,16.135833333334027,0.7875,-1
4128,7013,16.14291666666736,0.7875,-1
4129,7014,16.150000000000695,0.7875,-1
4130,7015,16.15708333333403,0.7875,-1
4131,7016,16.164166666667363,0.7875,-1
4132,7017,16.171250000000697,0.7875,-1
4133,7018,16.17833333333403,0.7875,-1
4134,7019,16.185416666667365,0.7875,-1
4135,7020,16.1925000000007,0.7875,-1
4136,7021,16.199583333334033,0.7875,-1
4137,7022,16.206666666667367,0.7875,-1
4138,7023,16.2137500000007,0.7875,-1
4139,7024,16.220833333334035,0.7875,-1
4140,7025,16.22791666666737,0.7875,-1
4141,7026,16.235000000000703,0.7875,-1
4142,7027,16.242083333334037,0.7875,-1
4143,7028,16.24916666666737,0.7875,-1
4144,7029,16.256250000000705,0.7875,-1
4145,7030,16.26333333333404,0.7875,-1
4146,7031,16.270416666667373,0.7875,-1
4147,7032,16.277500000000707,0.7875,-1
4148,7033,16.28458333333404,0.7875,-1
4149,7034,16.291666666667375,0.7875,-1
4150,7035,16.29875000000071,0.7875,-1
4151,7036,16.305833333334043,0.7875,-1
4152,7037,16.312916666667377,0.7875,-1
4153,7038,16.32000000000071,0.7875,-1
4154,7039,16.327083333334045,0.7875,-1
4155,7040,16.33416666666738,0.7875,-1
4156,7041,16.341250000000713,0.7875,-1
4157,7042,16.348333333334047,0.7875,-1
4158,7043,16.35541666666738,0.7875,-1
4159,7044,16.362500000000715,0.7875,-1
4160,7045,16.36958333333405,0.7875,-1
4161,7046,16.376666666667383,0.7875,-1
4162,7047,16.383750000000717,0.7875,-1
4163,7048,16.39083333333405,0.7875,-1
4164,7049,16.397916666667385,0.7875,-1
4165,7050,16.40500000000072,0.7875,-1
4166,7051,16.412083333334053,0.7875,-1
4167,7052,16.419166666667387,0.7875,-1
4168,7053,16.42625000000072,0.7875,-1
4169,7054,16.433333333334055,0.7875,-1
4170,7055,16.44041666666739,0.7875,-1
4171,7056,16.447500000000723,0.7875,-1
4172,7057,16.454583333334057,0.7875,-1
4173,7058,16.46166666666739,0.7875,-1
4174,7059,16.468750000000725,0.7875,-1
4175,7060,16.47583333333406,0.7875,-1
4176,7061,16.482916666667393,0.7875,-1
4177,7062,16.490000000000727,0.7875,-1
4178,7063,16.49708333333406,0.7875,-1
4179,7064,16.504166666667395,0.7875,-1
4180,7065,16.51125000000073,0.7875,-1
4181,7066,16.518333333334063,0.7875,-1
4182,7067,16.525416666667397,0.7875,-1
4183,7068,16.53250000000073,0.7875,-1
4184,7069,16.539583333334065,0.7875,-1
4185,7070,16.5466666666674,0.7875,-1
4186,7071,16.553750000000733,0.7875,-1
4187,7072,16.560833333334067,0.7875,-1
4188,7073,16.5679166666674,0.7875,-1
4189,7074,16.575000000000735,0.7875,-1
4190,7075,16.58208333333407,0.7875,-1
4191,7076,16.589166666667403,0.7875,-1
4192,7077,16.596250000000737,0.7875,-1
4193,7078,16.60333333333407,0.7875,-1
4194,7079,16.60333333333407,0.7,32
4195,7080,16.60333333333407,0.7,32
4196,7081,16.60333333333407,0.7,32
4197,7082,16.60333333333407,0.7,32
4198,7083,16.60333333333407,0.7,32
4199,7084,16.60333333333407,0.7,32
4200,7085,16.60333333333407,0.7,32
4201,7086,16.60333333333407,0.7,32
4202,7087,16.60333333333407,0.7,32
4203,7088,16.60333333333407,0.7,32
4204,7089,16.60333333333407,0.7,32
4205,7090,16.60333333333407,0.7,32
4206,7091,16.60333333333407,0.7,32
4207,7092,16.60333333333407,0.7,32
4208,7093,16.60333333333407,0.7,32
4209,7094,16.60333333333407,0.7,32
4210,7095,16.60333333333407,0.7,32
4211,7096,16.60333333333407,0.7,32
4212,7097,16.60333333333407,0.7,32
4213,7098,16.60333333333407,0.7,32
4214,7099,16.60333333333407,0.7,32
4215,7100,16.60333333333407,0.7,32
4216,7101,16.60333333333407,0.7,32
4217,7102,16.60333333333407,0.7,32
4218,7103,16.60333333333407,0.7,32
4219,7104,16.60333333333407,0.7,32
4220,7105,16.60333333333407,0.7,32
4221,7106,16.60333333333407,0.7,32
4222,7107,16.60333333333407,0.7,32
4223,7108,16.60333333333407,0.7,32
4224,7109,16.60333333333407,0.7,32
4225,7110,16.60333333333407,0.7,32
4226,7111,16.60333333333407,0.7,32
4227,7112,16.60333333333407,0.7,32
4228,7113,16.60333333333407,0.7,32
4229,7114,16.60333333333407,0.7,32
4230,7115,16.60333333333407,0.7,32
4231,7116,16.60333333333407,0.7,32
4232,7117,16.60333333333407,0.7,32
4233,7118,16.60333333333407,0.7,32
4234,7119,16.60333333333407,0.7,32
4235,7120,16.60333333333407,0.7,32
4236,7121,16.60333333333407,0.7,32
4237,7122,16.60333333333407,0.7,32
4238,7123,16.60333333333407,0.7,32
4239,7124,16.60333333333407,0.7,32
4240,7125,16.60333333333407,0.7,32
4241,7126,16.60333333333407,0.7,32
4242,7127,16.60333333333407,0.7,32
4243,7128,16.60333333333407,0.7,32
4244,7129,16.60333333333407,0.7,32
4245,7130,16.60333333333407,0.7,32
4246,7131,16.60333333333407,0.7,32
4247,7132,16.60333333333407,0.7,32
4248,7133,16.60333333333407,0.7,32
4249,7134,16.60333333333407,0.7,32
4250,7135,16.60333333333407,0.7,32
4251,7136,16.60333333333407,0.7,32
4252,7137,16.60333333333407,0.7,32
4253,7138,16.60333333333407,0.7,32
4254,7139,16.60333333333407,0.7,32
4255,7140,16.60333333333407,0.7,32
4256,7141,16.60333333333407,0.7,32
4257,7142,16.60333333333407,0.7,32
4258,7143,16.60333333333407,0.7,32
4259,7144,16.60333333333407,0.7,32
4260,7145,16.60333333333407,0.7,32
4261,7146,16.60333333333407,0.7,32
4262,7147,16.60333333333407,0.7,32
4263,7148,16.60333333333407,0.7,32
4264,7149,16.60333333333407,0.7,32
4265,7150,16.60333333333407,0.7,32
4266,7151,16.60333333333407,0.7,32
4267,7152,16.60333333333407,0.7,32
4268,7153,16.60333333333407,0.7,32
4269,7154,16.60333333333407,0.7,32
4270,7155,16.60333333333407,0.7,32
4271,7156,16.60333333333407,0.7,32
4272,7157,16.60333333333407,0.7,32
4273,7158,16.60333333333407,0.7,32
4274,7159,16.60333333333407,0.7,32
4275,7160,16.60333333333407,0.7,32
4276,7161,16.60333333333407,0.7,32
4277,7162,16.60333333333407,0.7,32
4278,7163,16.60333333333407,0.7,32
4279,7164,16.60333333333407,0.7,32
4280,7165,16.60333333333407,0.7,32
4281,7166,16.60333333333407,0.7,32
4282,7167,16.60333333333407,0.7,32
4283,7168,16.60333333333407,0.7,32
4284,7169,16.60333333333407,0.7,32
4285,7170,16.60333333333407,0.7,32
4286,7171,16.60333333333407,0.7,32
4287,7172,16.60333333333407,0.7,32
4288,7173,16.60333333333407,0.7,32
4289,7174,16.60333333333407,0.7,32
4290,7175,16.60333333333407,0.7,32
4291,7176,16.60333333333407,0.7,32
4292,7177,16.60333333333407,0.7,32
4293,7178,16.60333333333407,0.7,32
4294,7179,16.60333333333407,0.7,32
4295,7180,16.60333333333407,0.7,32
4296,7181,16.60333333333407,0.7,32
4297,7182,16.60333333333407,0.7,32
4298,7183,16.60333333333407,0.7,32
4299,7184,16.60333333333407,0.7,32
4300,7185,16.60333333333407,0.7,32
4301,7186,16.60333333333407,0.7,32
4302,7187,16.60333333333407,0.7,32
4303,7188,16.60333333333407,0.7,32
4304,7189,16.60333333333407,0.7,32
4305,7190,16.60333333333407,0.7,32
4306,7191,16.60333333333407,0.7,32
4307,7192,16.60333333333407,0.7,32
4308,7193,16.60333333333407,0.7,32
4309,7194,16.60333333333407,0.7,32
4310,7195,16.60333333333407,0.7,32
4311,7196,16.60333333333407,0.7,32
4312,7197,16.60333333333407,0.7,32
4313,7198,16.60333333333407,0.7,32
4314,7199,16.60333333333407,0.7,32
4315,7200,16.60333333333407,0.7,32
4316,7201,16.60333333333407,0.7,32
4317,7202,16.60333333333407,0.7,32
4318,7203,16.60333333333407,0.7,32
4319,7204,16.60333333333407,0.7,32
4320,7205,16.60333333333407,0.7,32
4321,7206,16.60333333333407,0.7,32
4322,7207,16.60333333333407,0.7,32
4323,7208,16.60333333333407,0.7,32
4324,7209,16.60333333333407,0.7,32
4325,7210,16.60333333333407,0.7,32
4326,7211,16.60333333333407,0.7,32
4327,7212,16.60333333333407,0.7,32
4328,7213,16.60333333333407,0.7,32
4329,7214,16.60333333333407,0.7,32
4330,7215,16.60333333333407,0.7,32
4331,7216,16.60333333333407,0.7,32
4332,7217,16.60333333333407,0.7,32
4333,7218,16.60333333333407,0.7,32
4334,7219,16.60333333333407,0.7,32
4335,7220,16.60333333333407,0.7,32
4336,7221,16.60333333333407,0.7,32
4337,7222,16.60333333333407,0.7,32
4338,7223,16.60333333333407,0.7,32
4339,7224,16.60333333333407,0.7,32
4340,7225,16.60333333333407,0.7,32
4341,7226,16.60333333333407,0.7,32
4342,7227,16.60333333333407,0.7,32
4343,7228,16.60333333333407,0.7,32
4344,7229,16.60333333333407,0.7,32
4345,7230,16.60333333333407,0.7,32
4346,7231,16.60333333333407,0.7,32
4347,7232,16.60333333333407,0.7,32
4348,7233,16.60333333333407,0.7,32
4349,7234,16.60333333333407,0.7,32
4350,7235,16.60333333333407,0.7,32
4351,7236,16.60333333333407,0.7,32
4352,7237,16.60333333333407,0.7,32
4353,7238,16.60333333333407,0.7,32
4354,7239,16.60333333333407,0.7,32
4355,7240,16.60333333333407,0.7,32
4356,7241,16.60333333333407,0.7,32
4357,7242,16.60333333333407,0.7,32
4358,7243,16.60333333333407,0.7,32
4359,7244,16.60333333333407,0.7,32
4360,7245,16.60333333333407,0.7,32
4361,7246,16.60333333333407,0.7,32
4362,7247,16.60333333333407,0.7,32
4363,7248,16.60333333333407,0.7,32
4364,7249,16.60333333333407,0.7,32
4365,7250,16.60333333333407,0.7,32
4366,7251,16.60333333333407,0.7,32
4367,7252,16.60333333333407,0.7,32
4368,7253,16.60333333333407,0.7,32
4369,7254,16.60333333333407,0.7,32
4370,7255,16.60333333333407,0.7,32
4371,7256,16.60333333333407,0.7,32
4372,7257,16.60333333333407,0.7,32
4373,7258,16.60333333333407,0.7,32
4374,7259,16.610416666667405,0.7,-1
4375,7260,16.61750000000074,0.7,-1
4376,7261,16.624583333334073,0.7,-1
4377,7262,16.631666666667407,0.7,-1
4378,7263,16.63875000000074,0.7,-1
4379,7264,16.645833333334075,0.7,-1
4380,7265,16.65291666666741,0.7,-1
4381,7266,16.660000000000743,0.7,-1
4382,7267,16.667083333334077,0.7,-1
4383,7268,16.67416666666741,0.7,-1
4384,7269,16.681250000000745,0.7,-1
4385,7270,16.68833333333408,0.7,-1
4386,7271,16.695416666667413,0.7,-1
4387,7272,16.702500000000747,0.7,-1
4388,7273,16.70958333333408,0.7,-1
4389,7274,16.716666666667415,0.7,-1
4390,7275,16.72375000000075,0.7,-1
4391,7276,16.730833333334083,0.7,-1
4392,7277,16.737916666667417,0.7,-1
4393,7278,16.74500000000075,0.7,-1
4394,7279,16.752083333334085,0.7,-1
4395,7280,16.75916666666742,0.7,-1
4396,7281,16.766250000000753,0.7,-1
4397,7282,16.773333333334087,0.7,-1
4398,7283,16.78041666666742,0.7,-1
4399,7284,16.787500000000755,0.7,-1
4400,7285,16.79458333333409,0.7,-1
4401,7286,16.801666666667423,0.7,-1
4402,7287,16.808750000000757,0.7,-1
4403,7288,16.81583333333409,0.7,-1
4404,7289,16.822916666667425,0.7,-1
4405,7290,16.83000000000076,0.7,-1
4406,7291,16.837083333334093,0.7,-1
4407,7292,16.844166666667427,0.7,-1
4408,7293,16.85125000000076,0.7,-1
4409,7294,16.858333333334095,0.7,-1
4410,7295,16.86541666666743,0.7,-1
4411,7296,16.872500000000763,0.7,-1
4412,7297,16.879583333334097,0.7,-1
4413,7298,16.88666666666743,0.7,-1
4414,7299,16.893750000000765,0.7,-1
4415,7300,16.9008333333341,0.7,-1
4416,7301,16.907916666667433,0.7,-1
4417,7302,16.915000000000767,0.7,-1
4418,7303,16.9220833333341,0.7,-1
4419,7304,16.929166666667435,0.7,-1
4420,7305,16.93625000000077,0.7,-1
4421,7306,16.943333333334103,0.7,-1
4422,7307,16.950416666667437,0.7,-1
4423,7308,16.95750000000077,0.7,-1
4424,7309,16.964583333334105,0.7,-1
4425,7310,16.97166666666744,0.7,-1
4426,7311,16.97166666666744,0.6125,33
4427,7312,16.97166666666744,0.6125,33
4428,7313,16.97166666666744,0.6125,33
4429,7314,16.97166666666744,0.6125,33
4430,7315,16.97166666666744,0.6125,33
4431,7316,16.97166666666744,0.6125,33
4432,7317,16.97166666666744,0.6125,33
4433,7318,16.97166666666744,0.6125,33
4434,7319,16.97166666666744,0.6125,33
4435,7320,16.97166666666744,0.6125,33
4436,7321,16.97166666666744,0.6125,33
4437,7322,16.97166666666744,0.6125,33
4438,7323,16.97166666666744,0.6125,33
4439,7324,16.97166666666744,0.6125,33
4440,7325,16.97166666666744,0.6125,33
4441,7326,16.978750000000773,0.6125,-1
4442,7327,16.985833333334106,0.6125,-1
4443,7328,16.99291666666744,0.6125,-1
4444,7329,17.000000000000774,0.6125,-1
4445,7330,17.00708333333411,0.6125,-1
4446,7331,17.014166666667442,0.6125,-1
4447,7332,17.021250000000776,0.6125,-1
4448,7333,17.02833333333411,0.6125,-1
4449,7334,17.035416666667444,0.6125,-1
4450,7335,17.04250000000078,0.6125,-1
4451,7336,17.049583333334112,0.6125,-1
4452,7337,17.056666666667446,0.6125,-1
4453,7338,17.06375000000078,0.6125,-1
4454,7339,17.070833333334114,0.6125,-1
4455,7340,17.07791666666745,0.6125,-1
4456,7341,17.085000000000782,0.6125,-1
4457,7342,17.092083333334116,0.6125,-1
4458,7343,17.09916666666745,0.6125,-1
4459,7344,17.106250000000784,0.6125,-1
4460,7345,17.11333333333412,0.6125,-1
4461,7346,17.120416666667452,0.6125,-1
4462,7347,17.127500000000786,0.6125,-1
4463,7348,17.13458333333412,0.6125,-1
4464,7349,17.141666666667454,0.6125,-1
4465,7350,17.14875000000079,0.6125,-1
4466,7351,17.155833333334122,0.6125,-1
4467,7352,17.162916666667456,0.6125,-1
4468,7353,17.17000000000079,0.6125,-1
4469,7354,17.177083333334124,0.6125,-1
4470,7355,17.18416666666746,0.6125,-1
4471,7356,17.191250000000792,0.6125,-1
4472,7357,17.198333333334126,0.6125,-1
4473,7358,17.20541666666746,0.6125,-1
4474,7359,17.212500000000794,0.6125,-1
4475,7360,17.21958333333413,0.6125,-1
4476,7361,17.226666666667462,0.6125,-1
4477,7362,17.233750000000796,0.6125,-1
4478,7363,17.24083333333413,0.6125,-1
4479,7364,17.247916666667464,0.6125,-1
4480,7365,17.2550000000008,0.6125,-1
4481,7366,17.262083333334132,0.6125,-1
4482,7367,17.269166666667466,0.6125,-1
4483,7368,17.2762500000008,0.6125,-1
4484,7369,17.283333333334134,0.6125,-1
4485,7370,17.29041666666747,0.6125,-1
4486,7371,17.297500000000802,0.6125,-1
4487,7372,17.304583333334136,0.6125,-1
4488,7373,17.31166666666747,0.6125,-1
4489,7374,17.318750000000804,0.6125,-1
4490,7375,17.32583333333414,0.6125,-1
4491,7376,17.332916666667472,0.6125,-1
4492,7377,17.340000000000806,0.6125,-1
4493,7378,17.34708333333414,0.6125,-1
4494,7379,17.354166666667474,0.6125,-1
4495,7380,17.36125000000081,0.6125,-1
4496,7381,17.368333333334142,0.6125,-1
4497,7382,17.375416666667476,0.6125,-1
4498,7383,17.38250000000081,0.6125,-1
4499,7384,17.389583333334144,0.6125,-1
4500,7385,17.39666666666748,0.6125,-1
4501,7386,17.403750000000812,0.6125,-1
4502,7387,17.410833333334146,0.6125,-1
4503,7388,17.41791666666748,0.6125,-1
4504,7389,17.425000000000814,0.6125,-1
4505,7390,17.43208333333415,0.6125,-1
4506,7391,17.439166666667482,0.6125,-1
4507,7392,17.446250000000816,0.6125,-1
4508,7393,17.45333333333415,0.6125,-1
4509,7394,17.460416666667484,0.6125,-1
4510,7395,17.46750000000082,0.6125,-1
4511,7396,17.474583333334152,0.6125,-1
4512,7397,17.481666666667486,0.6125,-1
4513,7398,17.48875000000082,0.6125,-1
4514,7399,17.495833333334154,0.6125,-1
4515,7400,17.50291666666749,0.6125,-1
4516,7401,17.510000000000822,0.6125,-1
4517,7402,17.517083333334156,0.6125,-1
4518,7403,17.52416666666749,0.6125,-1
4519,7404,17.531250000000824,0.6125,-1
4520,7405,17.53833333333416,0.6125,-1
4521,7406,17.545416666667492,0.6125,-1
4522,7407,17.552500000000826,0.6125,-1
4523,7408,17.55958333333416,0.6125,-1
4524,7409,17.566666666667494,0.6125,-1
4525,7410,17.573750000000828,0.6125,-1
4526,7411,17.580833333334162,0.6125,-1
4527,7412,17.587916666667496,0.6125,-1
4528,7413,17.59500000000083,0.6125,-1
4529,7414,17.602083333334164,0.6125,-1
4530,7415,17.609166666667498,0.6125,-1
4531,7416,17.609166666667498,0.525,34
4532,7417,17.609166666667498,0.525,34
4533,7418,17.609166666667498,0.525,34
4534,7419,17.609166666667498,0.525,34
4535,7420,17.609166666667498,0.525,34
4536,7421,17.609166666667498,0.525,34
4537,7422,17.609166666667498,0.525,34
4538,7423,17.609166666667498,0.525,34
4539,7424,17.609166666667498,0.525,34
4540,7425,17.609166666667498,0.525,34
4541,7426,17.609166666667498,0.525,34
4542,7427,17.609166666667498,0.525,34
4543,7428,17.609166666667498,0.525,34
4544,7429,17.609166666667498,0.525,34
4545,7430,17.609166666667498,0.525,34
4546,7431,17.609166666667498,0.525,34
4547,7432,17.609166666667498,0.525,34
4548,7433,17.609166666667498,0.525,34
4549,7434,17.609166666667498,0.525,34
4550,7435,17.609166666667498,0.525,34
4551,7436,17.609166666667498,0.525,34
4552,7437,17.609166666667498,0.525,34
4553,7438,17.609166666667498,0.525,34
4554,7439,17.609166666667498,0.525,34
4555,7440,17.609166666667498,0.525,34
4556,7441,17.609166666667498,0.525,34
4557,7442,17.609166666667498,0.525,34
4558,7443,17.609166666667498,0.525,34
4559,7444,17.609166666667498,0.525,34
4560,7445,17.609166666667498,0.525,34
4561,7446,17.609166666667498,0.525,34
4562,7447,17.609166666667498,0.525,34
4563,7448,17.609166666667498,0.525,34
4564,7449,17.609166666667498,0.525,34
4565,7450,17.609166666667498,0.525,34
4566,7451,17.609166666667498,0.525,34
4567,7452,17.609166666667498,0.525,34
4568,7453,17.609166666667498,0.525,34
4569,7454,17.609166666667498,0.525,34
4570,7455,17.609166666667498,0.525,34
4571,7456,17.609166666667498,0.525,34
4572,7457,17.609166666667498,0.525,34
4573,7458,17.609166666667498,0.525,34
4574,7459,17.609166666667498,0.525,34
4575,7460,17.609166666667498,0.525,34
4576,7461,17.609166666667498,0.525,34
4577,7462,17.609166666667498,0.525,34
4578,7463,17.609166666667498,0.525,34
4579,7464,17.609166666667498,0.525,34
4580,7465,17.616250000000832,0.525,-1
4581,7466,17.623333333334166,0.525,-1
4582,7467,17.6304166666675,0.525,-1
4583,7468,17.637500000000834,0.525,-1
4584,7469,17.644583333334168,0.525,-1
4585,7470,17.651666666667502,0.525,-1
4586,7471,17.658750000000836,0.525,-1
4587,7472,17.66583333333417,0.525,-1
4588,7473,17.672916666667504,0.525,-1
4589,7474,17.680000000000838,0.525,-1
4590,7475,17.687083333334172,0.525,-1
4591,7476,17.694166666667506,0.525,-1
4592,7477,17.70125000000084,0.525,-1
4593,7478,17.708333333334174,0.525,-1
4594,7479,17.715416666667508,0.525,-1
4595,7480,17.722500000000842,0.525,-1
4596,7481,17.729583333334176,0.525,-1
4597,7482,17.73666666666751,0.525,-1
4598,7483,17.743750000000844,0.525,-1
4599,7484,17.750833333334178,0.525,-1
4600,7485,17.757916666667512,0.525,-1
4601,7486,17.765000000000846,0.525,-1
4602,7487,17.77208333333418,0.525,-1
4603,7488,17.779166666667514,0.525,-1
4604,7489,17.786250000000848,0.525,-1
4605,7490,17.793333333334182,0.525,-1
4606,7491,17.800416666667516,0.525,-1
4607,7492,17.80750000000085,0.525,-1
4608,7493,17.814583333334184,0.525,-1
4609,7494,17.821666666667518,0.525,-1
4610,7495,17.828750000000852,0.525,-1
4611,7496,17.835833333334186,0.525,-1
4612,7497,17.84291666666752,0.525,-1
4613,7498,17.850000000000854,0.525,-1
4614,7499,17.857083333334188,0.525,-1
4615,7500,17.864166666667522,0.525,-1
4616,7501,17.871250000000856,0.525,-1
4617,7502,17.87833333333419,0.525,-1
4618,7503,17.885416666667524,0.525,-1
4619,7504,17.892500000000858,0.525,-1
4620,7505,17.899583333334192,0.525,-1
4621,7506,17.906666666667526,0.525,-1
4622,7507,17.91375000000086,0.525,-1
4623,7508,17.920833333334194,0.525,-1
4624,7509,17.927916666667528,0.525,-1
4625,7510,17.935000000000862,0.525,-1
4626,7511,17.942083333334196,0.525,-1
4627,7512,17.94916666666753,0.525,-1
4628,7513,17.956250000000864,0.525,-1
4629,7514,17.963333333334198,0.525,-1
4630,7515,17.970416666667532,0.525,-1
4631,7516,17.977500000000866,0.525,-1
4632,7517,17.9845833333342,0.525,-1
4633,7518,17.991666666667534,0.525,-1
4634,7519,17.998750000000868,0.525,-1
4635,7520,18.005833333334202,0.525,-1
4636,7521,18.012916666667536,0.525,-1
4637,7522,18.02000000000087,0.525,-1
4638,7523,18.027083333334204,0.525,-1
4639,7524,18.034166666667538,0.525,-1
4640,7525,18.041250000000872,0.525,-1
4641,7526,18.048333333334206,0.525,-1
4642,7527,18.05541666666754,0.525,-1
4643,7528,18.062500000000874,0.525,-1
4644,7529,18.069583333334208,0.525,-1
4645,7530,18.076666666667542,0.525,-1
4646,7531,18.083750000000876,0.525,-1
4647,7532,18.09083333333421,0.525,-1
4648,7533,18.097916666667544,0.525,-1
4649,7534,18.105000000000878,0.525,-1
4650,7535,18.112083333334212,0.525,-1
4651,7536,18.119166666667546,0.525,-1
4652,7537,18.12625000000088,0.525,-1
4653,7538,18.133333333334214,0.525,-1
4654,7539,18.140416666667548,0.525,-1
4655,7540,18.147500000000882,0.525,-1
4656,7541,18.154583333334216,0.525,-1
4657,7542,18.16166666666755,0.525,-1
4658,7543,18.168750000000884,0.525,-1
4659,7544,18.175833333334218,0.525,-1
4660,7545,18.182916666667552,0.525,-1
4661,7546,18.190000000000886,0.525,-1
4662,7547,18.19708333333422,0.525,-1
4663,7548,18.204166666667554,0.525,-1
4664,7549,18.211250000000888,0.525,-1
4665,7550,18.218333333334222,0.525,-1
4666,7551,18.225416666667556,0.525,-1
4667,7552,18.23250000000089,0.525,-1
4668,7553,18.239583333334224,0.525,-1
4669,7554,18.246666666667558,0.525,-1
4670,7555,18.253750000000892,0.525,-1
4671,7556,18.260833333334226,0.525,-1
4672,7557,18.26791666666756,0.525,-1
4673,7558,18.275000000000894,0.525,-1
4674,7559,18.282083333334228,0.525,-1
4675,7560,18.289166666667562,0.525,-1
4676,7561,18.296250000000896,0.525,-1
4677,7562,18.30333333333423,0.525,-1
4678,7563,18.310416666667564,0.525,-1
4679,7564,18.317500000000898,0.525,-1
4680,7565,18.324583333334232,0.525,-1
4681,7566,18.331666666667566,0.525,-1
4682,7567,18.3387500000009,0.525,-1
4683,7568,18.345833333334234,0.525,-1
4684,7569,18.352916666667568,0.525,-1
4685,7570,18.360000000000902,0.525,-1
4686,7571,18.367083333334236,0.525,-1
4687,7572,18.37416666666757,0.525,-1
4688,7573,18.381250000000904,0.525,-1
4689,7574,18.388333333334238,0.525,-1
4690,7575,18.395416666667572,0.525,-1
4691,7576,18.402500000000906,0.525,-1
4692,7577,18.40958333333424,0.525,-1
4693,7578,18.416666666667574,0.525,-1
4694,7579,18.423750000000908,0.525,-1
4695,7580,18.430833333334242,0.525,-1
4696,7581,18.437916666667576,0.525,-1
4697,7582,18.44500000000091,0.525,-1
4698,7583,18.452083333334244,0.525,-1
4699,7584,18.459166666667578,0.525,-1
4700,7585,18.46625000000091,0.525,-1
4701,7586,18.473333333334246,0.525,-1
4702,7587,18.48041666666758,0.525,-1
4703,7588,18.487500000000914,0.525,-1
4704,7589,18.494583333334248,0.525,-1
4705,7590,18.50166666666758,0.525,-1
4706,7591,18.508750000000916,0.525,-1
4707,7592,18.51583333333425,0.525,-1
4708,7593,18.522916666667584,0.525,-1
4709,7594,18.530000000000918,0.525,-1
4710,7595,18.53708333333425,0.525,-1
4711,7596,18.544166666667586,0.525,-1
4712,7597,18.55125000000092,0.525,-1
4713,7598,18.558333333334254,0.525,-1
4714,7599,18.565416666667588,0.525,-1
4715,7600,18.57250000000092,0.525,-1
4716,7601,18.579583333334256,0.525,-1
4717,7602,18.58666666666759,0.525,-1
4718,7603,18.593750000000924,0.525,-1
4719,7604,18.600833333334258,0.525,-1
4720,7605,18.60791666666759,0.525,-1
4721,7606,18.615000000000926,0.525,-1
4722,7607,18.62208333333426,0.525,-1
4723,7608,18.629166666667594,0.525,-1
4724,7609,18.636250000000928,0.525,-1
4725,7610,18.64333333333426,0.525,-1
4726,7611,18.650416666667596,0.525,-1
4727,7612,18.65750000000093,0.525,-1
4728,7613,18.664583333334264,0.525,-1
4729,7614,18.671666666667598,0.525,-1
4730,7615,18.67875000000093,0.525,-1
4731,7616,18.685833333334266,0.525,-1
4732,7617,18.6929166666676,0.525,-1
4733,7618,18.700000000000934,0.525,-1
4734,7619,18.707083333334268,0.525,-1
4735,7620,18.7141666666676,0.525,-1
4736,7621,18.721250000000936,0.525,-1
4737,7622,18.72833333333427,0.525,-1
4738,7623,18.735416666667604,0.525,-1
4739,7624,18.742500000000938,0.525,-1
4740,7625,18.74958333333427,0.525,-1
4741,7626,18.756666666667606,0.525,-1
4742,7627,18.76375000000094,0.525,-1
4743,7628,18.770833333334274,0.525,-1
4744,7629,18.777916666667608,0.525,-1
4745,7630,18.78500000000094,0.525,-1
4746,7631,18.792083333334276,0.525,-1
4747,7632,18.79916666666761,0.525,-1
4748,7633,18.806250000000944,0.525,-1
4749,7634,18.813333333334278,0.525,-1
4750,7635,18.82041666666761,0.525,-1
4751,7636,18.827500000000946,0.525,-1
4752,7637,18.83458333333428,0.525,-1
4753,7638,18.841666666667614,0.525,-1
4754,7639,18.848750000000948,0.525,-1
4755,7640,18.85583333333428,0.525,-1
4756,7641,18.862916666667616,0.525,-1
4757,7642,18.87000000000095,0.525,-1
4758,7643,18.877083333334284,0.525,-1
4759,7644,18.884166666667618,0.525,-1
4760,7645,18.89125000000095,0.525,-1
4761,7646,18.898333333334286,0.525,-1
4762,7647,18.90541666666762,0.525,-1
4763,7648,18.912500000000954,0.525,-1
4764,7649,18.919583333334288,0.525,-1
4765,7650,18.92666666666762,0.525,-1
4766,7651,18.933750000000956,0.525,-1
4767,7652,18.94083333333429,0.525,-1
4768,7653,18.947916666667624,0.525,-1
4769,7654,18.955000000000958,0.525,-1
4770,7655,18.96208333333429,0.525,-1
4771,7656,18.969166666667626,0.525,-1
4772,7657,18.97625000000096,0.525,-1
4773,7658,18.983333333334294,0.525,-1
4774,7659,18.990416666667628,0.525,-1
4775,7660,18.99750000000096,0.525,-1
4776,7661,19.004583333334296,0.525,-1
4777,7662,19.01166666666763,0.525,-1
4778,7663,19.018750000000963,0.525,-1
4779,7664,19.025833333334297,0.525,-1
4780,7665,19.03291666666763,0.525,-1
4781,7666,19.040000000000965,0.525,-1
4782,7667,19.0470833333343,0.525,-1
4783,7668,19.054166666667633,0.525,-1
4784,7669,19.061250000000967,0.525,-1
4785,7670,19.0683333333343,0.525,-1
4786,7671,19.075416666667635,0.525,-1
4787,7672,19.08250000000097,0.525,-1
4788,7673,19.089583333334303,0.525,-1
4789,7674,19.096666666667637,0.525,-1
4790,7675,19.10375000000097,0.525,-1
4791,7676,19.110833333334305,0.525,-1
4792,7677,19.11791666666764,0.525,-1
4793,7678,19.125000000000973,0.525,-1
4794,7679,19.132083333334307,0.525,-1
4795,7680,19.13916666666764,0.525,-1
4796,7681,19.146250000000975,0.525,-1
4797,7682,19.15333333333431,0.525,-1
4798,7683,19.160416666667643,0.525,-1
4799,7684,19.167500000000977,0.525,-1
4800,7685,19.17458333333431,0.525,-1
4801,7686,19.181666666667645,0.525,-1
4802,7687,19.18875000000098,0.525,-1
4803,7688,19.195833333334313,0.525,-1
4804,7689,19.202916666667647,0.525,-1
4805,7690,19.21000000000098,0.525,-1
4806,7691,19.217083333334315,0.525,-1
4807,7692,19.22416666666765,0.525,-1
4808,7693,19.231250000000983,0.525,-1
4809,7694,19.238333333334317,0.525,-1
4810,7695,19.24541666666765,0.525,-1
4811,7696,19.252500000000985,0.525,-1
4812,7697,19.25958333333432,0.525,-1
4813,7698,19.266666666667653,0.525,-1
4814,7699,19.273750000000987,0.525,-1
4815,7700,19.28083333333432,0.525,-1
4816,7701,19.287916666667655,0.525,-1
4817,7702,19.29500000000099,0.525,-1
4818,7703,19.302083333334323,0.525,-1
4819,7704,19.309166666667657,0.525,-1
4820,7705,19.31625000000099,0.525,-1
4821,7706,19.323333333334325,0.525,-1
4822,7707,19.33041666666766,0.525,-1
4823,7708,19.337500000000993,0.525,-1
4824,7709,19.344583333334327,0.525,-1
4825,7710,19.35166666666766,0.525,-1
4826,7711,19.358750000000995,0.525,-1
4827,7712,19.36583333333433,0.525,-1
4828,7713,19.372916666667663,0.525,-1
4829,7714,19.380000000000997,0.525,-1
4830,7715,19.38708333333433,0.525,-1
4831,7716,19.394166666667665,0.525,-1
4832,7717,19.401250000001,0.525,-1
4833,7718,19.408333333334333,0.525,-1
4834,7719,19.415416666667667,0.525,-1
4835,7720,19.422500000001,0.525,-1
4836,7721,19.429583333334335,0.525,-1
4837,7722,19.429583333334335,0.4,35
4838,7723,19.429583333334335,0.4,35
4839,7724,19.429583333334335,0.4,35
4840,7725,19.429583333334335,0.4,35
4841,7726,19.429583333334335,0.4,35
4842,7727,19.429583333334335,0.4,35
4843,7728,19.429583333334335,0.4,35
4844,7729,19.429583333334335,0.4,35
4845,7730,19.429583333334335,0.4,35
4846,7731,19.429583333334335,0.4,35
4847,7732,19.429583333334335,0.4,35
4848,7733,19.429583333334335,0.4,35
4849,7734,19.429583333334335,0.4,35
4850,7735,19.429583333334335,0.4,35
4851,7736,19.429583333334335,0.4,35
4852,7737,19.429583333334335,0.4,35
4853,7738,19.429583333334335,0.4,35
4854,7739,19.429583333334335,0.4,35
4855,7740,19.429583333334335,0.4,35
4856,7741,19.429583333334335,0.4,35
4857,7742,19.429583333334335,0.4,35
4858,7743,19.429583333334335,0.4,35
4859,7744,19.429583333334335,0.4,35
4860,7745,19.429583333334335,0.4,35
4861,7746,19.429583333334335,0.4,35
4862,7747,19.429583333334335,0.4,35
4863,7748,19.429583333334335,0.4,35
4864,7749,19.429583333334335,0.4,35
4865,7750,19.429583333334335,0.4,35
4866,7751,19.429583333334335,0.4,35
4867,7752,19.429583333334335,0.4,35
4868,7753,19.429583333334335,0.4,35
4869,7754,19.429583333334335,0.4,35
4870,7755,19.429583333334335,0.4,35
4871,7756,19.429583333334335,0.4,35
4872,7757,19.429583333334335,0.4,35
4873,7758,19.429583333334335,0.4,35
4874,7759,19.429583333334335,0.4,35
4875,7760,19.429583333334335,0.4,35
4876,7761,19.429583333334335,0.4,35
4877,7762,19.429583333334335,0.4,35
4878,7763,19.429583333334335,0.4,35
4879,7764,19.429583333334335,0.4,35
4880,7765,19.429583333334335,0.4,35
4881,7766,19.429583333334335,0.4,35
4882,7767,19.429583333334335,0.4,35
4883,7768,19.429583333334335,0.4,35
4884,7769,19.429583333334335,0.4,35
4885,7770,19.429583333334335,0.4,35
4886,7771,19.429583333334335,0.4,35
4887,7772,19.429583333334335,0.4,35
4888,7773,19.429583333334335,0.4,35
4889,7774,19.429583333334335,0.4,35
4890,7775,19.429583333334335,0.4,35
4891,7776,19.429583333334335,0.4,35
4892,7777,19.429583333334335,0.4,35
4893,7778,19.429583333334335,0.4,35
4894,7779,19.429583333334335,0.4,35
4895,7780,19.429583333334335,0.4,35
4896,7781,19.43666666666767,0.4,-1
4897,7782,19.43666666666767,0.3875,36
4898,7783,19.43666666666767,0.3875,36
4899,7784,19.43666666666767,0.3875,36
4900,7785,19.43666666666767,0.3875,36
4901,7786,19.43666666666767,0.3875,36
4902,7787,19.43666666666767,0.3875,36
4903,7788,19.43666666666767,0.3875,36
4904,7789,19.43666666666767,0.3875,36
4905,7790,19.43666666666767,0.3875,36
4906,7791,19.43666666666767,0.3875,36
4907,7792,19.43666666666767,0.3875,36
4908,7793,19.43666666666767,0.3875,36
4909,7794,19.43666666666767,0.3875,36
4910,7795,19.43666666666767,0.3875,36
4911,7796,19.43666666666767,0.3875,36
4912,7797,19.43666666666767,0.3875,36
4913,7798,19.43666666666767,0.3875,36
4914,7799,19.43666666666767,0.3875,36
4915,7800,19.443750000001003,0.3875,-1
4916,7801,19.450833333334337,0.3875,-1
4917,7802,19.45791666666767,0.3875,-1
4918,7803,19.465000000001005,0.3875,-1
4919,7804,19.47208333333434,0.3875,-1
4920,7805,19.479166666667673,0.3875,-1
4921,7806,19.486250000001007,0.3875,-1
4922,7807,19.49333333333434,0.3875,-1
4923,7808,19.500416666667675,0.3875,-1
4924,7809,19.50750000000101,0.3875,-1
4925,7810,19.514583333334343,0.3875,-1
4926,7811,19.521666666667677,0.3875,-1
4927,7812,19.52875000000101,0.3875,-1
4928,7813,19.535833333334345,0.3875,-1
4929,7814,19.54291666666768,0.3875,-1
4930,7815,19.550000000001013,0.3875,-1
4931,7816,19.557083333334347,0.3875,-1
4932,7817,19.56416666666768,0.3875,-1
4933,7818,19.571250000001015,0.3875,-1
4934,7819,19.57833333333435,0.3875,-1
4935,7820,19.585416666667683,0.3875,-1
4936,7821,19.592500000001017,0.3875,-1
4937,7822,19.59958333333435,0.3875,-1
4938,7823,19.606666666667685,0.3875,-1
4939,7824,19.61375000000102,0.3875,-1
4940,7825,19.620833333334353,0.3875,-1
4941,7826,19.627916666667687,0.3875,-1
4942,7827,19.63500000000102,0.3875,-1
4943,7828,19.642083333334355,0.3875,-1
4944,7829,19.64916666666769,0.3875,-1
4945,7830,19.656250000001023,0.3875,-1
4946,7831,19.663333333334357,0.3875,-1
4947,7832,19.67041666666769,0.3875,-1
4948,7833,19.677500000001025,0.3875,-1
4949,7834,19.68458333333436,0.3875,-1
4950,7835,19.691666666667693,0.3875,-1
4951,7836,19.698750000001027,0.3875,-1
4952,7837,19.70583333333436,0.3875,-1
4953,7838,19.712916666667695,0.3875,-1
4954,7839,19.72000000000103,0.3875,-1
4955,7840,19.727083333334363,0.3875,-1
4956,7841,19.734166666667697,0.3875,-1
4957,7842,19.74125000000103,0.3875,-1
4958,7843,19.748333333334365,0.3875,-1
4959,7844,19.7554166666677,0.3875,-1
4960,7845,19.762500000001033,0.3875,-1
4961,7846,19.769583333334367,0.3875,-1
4962,7847,19.7766666666677,0.3875,-1
4963,7848,19.783750000001035,0.3875,-1
4964,7849,19.783750000001035,0.325,37
4965,7850,19.783750000001035,0.325,37
4966,7851,19.783750000001035,0.325,37
4967,7852,19.783750000001035,0.325,37
4968,7853,19.783750000001035,0.325,37
4969,7854,19.783750000001035,0.325,37
4970,7855,19.783750000001035,0.325,37
4971,7856,19.783750000001035,0.325,37
4972,7857,19.783750000001035,0.325,37
4973,7858,19.783750000001035,0.325,37
4974,7859,19.783750000001035,0.325,37
4975,7860,19.783750000001035,0.325,37
4976,7861,19.783750000001035,0.325,37
4977,7862,19.783750000001035,0.325,37
4978,7863,19.783750000001035,0.325,37
4979,7864,19.783750000001035,0.325,37
4980,7865,19.783750000001035,0.325,37
4981,7866,19.783750000001035,0.325,37
4982,7867,19.783750000001035,0.325,37
4983,7868,19.783750000001035,0.325,37
4984,7869,19.783750000001035,0.325,37
4985,7870,19.783750000001035,0.325,37
4986,7871,19.783750000001035,0.325,37
4987,7872,19.783750000001035,0.325,37
4988,7873,19.783750000001035,0.325,37
4989,7874,19.783750000001035,0.325,37
4990,7875,19.783750000001035,0.325,37
4991,7876,19.783750000001035,0.325,37
4992,7877,19.783750000001035,0.325,37
4993,7878,19.783750000001035,0.325,37
4994,7879,19.783750000001035,0.325,37
4995,7880,19.783750000001035,0.325,37
4996,7881,19.783750000001035,0.325,37
4997,7882,19.783750000001035,0.325,37
4998,7883,19.783750000001035,0.325,37
4999,7884,19.783750000001035,0.325,37
5000,7885,19.783750000001035,0.325,37
5001,7886,19.783750000001035,0.325,37
5002,7887,19.783750000001035,0.325,37
5003,7888,19.783750000001035,0.325,37
5004,7889,19.783750000001035,0.325,37
5005,7890,19.783750000001035,0.325,37
5006,7891,19.783750000001035,0.325,37
5007,7892,19.783750000001035,0.325,37
5008,7893,19.79083333333437,0.325,-1
5009,7894,19.797916666667703,0.325,-1
5010,7895,19.805000000001037,0.325,-1
5011,7896,19.81208333333437,0.325,-1
5012,7897,19.819166666667705,0.325,-1
5013,7898,19.82625000000104,0.325,-1
5014,7899,19.833333333334373,0.325,-1
5015,7900,19.840416666667707,0.325,-1
5016,7901,19.84750000000104,0.325,-1
5017,7902,19.854583333334375,0.325,-1
5018,7903,19.86166666666771,0.325,-1
5019,7904,19.868750000001043,0.325,-1
5020,7905,19.875833333334377,0.325,-1
5021,7906,19.88291666666771,0.325,-1
5022,7907,19.890000000001045,0.325,-1
5023,7908,19.89708333333438,0.325,-1
5024,7909,19.904166666667713,0.325,-1
5025,7910,19.911250000001047,0.325,-1
5026,7911,19.91833333333438,0.325,-1
5027,7912,19.925416666667715,0.325,-1
5028,7913,19.93250000000105,0.325,-1
5029,7914,19.939583333334383,0.325,-1
5030,7915,19.946666666667717,0.325,-1
5031,7916,19.95375000000105,0.325,-1
5032,7917,19.960833333334385,0.325,-1
5033,7918,19.96791666666772,0.325,-1
5034,7919,19.975000000001053,0.325,-1
5035,7920,19.982083333334387,0.325,-1
5036,7921,19.98916666666772,0.325,-1
5037,7922,19.996250000001055,0.325,-1
5038,7923,20.00333333333439,0.325,-1
5039,7924,20.010416666667723,0.325,-1
5040,7925,20.017500000001057,0.325,-1
5041,7926,20.02458333333439,0.325,-1
5042,7927,20.031666666667725,0.325,-1
5043,7928,20.03875000000106,0.325,-1
5044,7929,20.045833333334393,0.325,-1
5045,7930,20.052916666667727,0.325,-1
5046,7931,20.06000000000106,0.325,-1
5047,7932,20.067083333334395,0.325,-1
5048,7933,20.07416666666773,0.325,-1
5049,7934,20.081250000001063,0.325,-1
5050,7935,20.088333333334397,0.325,-1
5051,7936,20.09541666666773,0.325,-1
5052,7937,20.102500000001065,0.325,-1
5053,7938,20.1095833333344,0.325,-1
5054,7939,20.116666666667733,0.325,-1
5055,7940,20.123750000001067,0.325,-1
5056,7941,20.1308333333344,0.325,-1
5057,7942,20.137916666667735,0.325,-1
5058,7943,20.14500000000107,0.325,-1
5059,7944,20.152083333334403,0.325,-1
5060,7945,20.159166666667737,0.325,-1
5061,7946,20.16625000000107,0.325,-1
5062,7947,20.173333333334405,0.325,-1
5063,7948,20.18041666666774,0.325,-1
5064,7949,20.187500000001073,0.325,-1
5065,7950,20.194583333334407,0.325,-1
5066,7951,20.20166666666774,0.325,-1
5067,7952,20.208750000001075,0.325,-1
5068,7953,20.21583333333441,0.325,-1
5069,7954,20.222916666667743,0.325,-1
5070,7955,20.230000000001077,0.325,-1
5071,7956,20.23708333333441,0.325,-1
5072,7957,20.244166666667745,0.325,-1
5073,7958,20.25125000000108,0.325,-1
5074,7959,20.258333333334413,0.325,-1
5075,7960,20.265416666667747,0.325,-1
5076,7961,20.27250000000108,0.325,-1
5077,7962,20.279583333334415,0.325,-1
5078,7963,20.28666666666775,0.325,-1
5079,7964,20.293750000001083,0.325,-1
5080,7965,20.300833333334417,0.325,-1
5081,7966,20.30791666666775,0.325,-1
5082,7967,20.315000000001085,0.325,-1
5083,7968,20.32208333333442,0.325,-1
5084,7969,20.329166666667753,0.325,-1
5085,7970,20.329166666667753,0.225,38
5086,7971,20.329166666667753,0.225,38
5087,7972,20.329166666667753,0.225,38
5088,7973,20.329166666667753,0.225,38
5089,7974,20.329166666667753,0.225,38
5090,7975,20.329166666667753,0.225,38
5091,7976,20.329166666667753,0.225,38
5092,7977,20.329166666667753,0.225,38
5093,7978,20.329166666667753,0.225,38
5094,7979,20.329166666667753,0.225,38
5095,7980,20.329166666667753,0.225,38
5096,7981,20.329166666667753,0.225,38
5097,7982,20.329166666667753,0.225,38
5098,7983,20.329166666667753,0.225,38
5099,7984,20.329166666667753,0.225,38
5100,7985,20.329166666667753,0.225,38
5101,7986,20.329166666667753,0.225,38
5102,7987,20.336250000001087,0.225,-1
5103,7988,20.34333333333442,0.225,-1
5104,7989,20.350416666667755,0.225,-1
5105,7990,20.35750000000109,0.225,-1
5106,7991,20.364583333334423,0.225,-1
5107,7992,20.371666666667757,0.225,-1
5108,7993,20.37875000000109,0.225,-1
5109,7994,20.385833333334425,0.225,-1
5110,7995,20.39291666666776,0.225,-1
5111,7996,20.400000000001093,0.225,-1
5112,7997,20.407083333334427,0.225,-1
5113,7998,20.41416666666776,0.225,-1
5114,7999,20.421250000001095,0.225,-1
5115,8000,20.42833333333443,0.225,-1
5116,8001,20.435416666667763,0.225,-1
5117,8002,20.442500000001097,0.225,-1
5118,8003,20.44958333333443,0.225,-1
5119,8004,20.456666666667765,0.225,-1
5120,8005,20.4637500000011,0.225,-1
5121,8006,20.470833333334433,0.225,-1
5122,8007,20.477916666667767,0.225,-1
5123,8008,20.4850000000011,0.225,-1
5124,8009,20.492083333334435,0.225,-1
5125,8010,20.49916666666777,0.225,-1
5126,8011,20.506250000001103,0.225,-1
5127,8012,20.513333333334437,0.225,-1
5128,8013,20.52041666666777,0.225,-1
5129,8014,20.527500000001105,0.225,-1
5130,8015,20.53458333333444,0.225,-1
5131,8016,20.541666666667773,0.225,-1
5132,8017,20.548750000001107,0.225,-1
5133,8018,20.55583333333444,0.225,-1
5134,8019,20.562916666667775,0.225,-1
5135,8020,20.57000000000111,0.225,-1
5136,8021,20.577083333334443,0.225,-1
5137,8022,20.584166666667777,0.225,-1
5138,8023,20.59125000000111,0.225,-1
5139,8024,20.598333333334445,0.225,-1
5140,8025,20.60541666666778,0.225,-1
5141,8026,20.612500000001113,0.225,-1
5142,8027,20.619583333334447,0.225,-1
5143,8028,20.62666666666778,0.225,-1
5144,8029,20.633750000001115,0.225,-1
5145,8030,20.64083333333445,0.225,-1
5146,8031,20.647916666667783,0.225,-1
5147,8032,20.655000000001117,0.225,-1
5148,8033,20.66208333333445,0.225,-1
5149,8034,20.669166666667785,0.225,-1
5150,8035,20.67625000000112,0.225,-1
5151,8036,20.683333333334453,0.225,-1
5152,8037,20.690416666667787,0.225,-1
5153,8038,20.69750000000112,0.225,-1
5154,8039,20.704583333334455,0.225,-1
5155,8040,20.71166666666779,0.225,-1
5156,8041,20.718750000001123,0.225,-1
5157,8042,20.725833333334457,0.225,-1
5158,8043,20.73291666666779,0.225,-1
5159,8044,20.740000000001125,0.225,-1
5160,8045,20.74708333333446,0.225,-1
5161,8046,20.754166666667793,0.225,-1
5162,8047,20.761250000001127,0.225,-1
5163,8048,20.76833333333446,0.225,-1
5164,8049,20.775416666667795,0.225,-1
5165,8050,20.78250000000113,0.225,-1
5166,8051,20.789583333334463,0.225,-1
5167,8052,20.796666666667797,0.225,-1
5168,8053,20.80375000000113,0.225,-1
5169,8054,20.810833333334465,0.225,-1
5170,8055,20.8179166666678,0.225,-1
5171,8056,20.825000000001133,0.225,-1
5172,8057,20.832083333334467,0.225,-1
5173,8058,20.8391666666678,0.225,-1
5174,8059,20.846250000001135,0.225,-1
5175,8060,20.85333333333447,0.225,-1
5176,8061,20.860416666667803,0.225,-1
5177,8062,20.867500000001137,0.225,-1
5178,8063,20.87458333333447,0.225,-1
5179,8064,20.881666666667805,0.225,-1
5180,8065,20.88875000000114,0.225,-1
5181,8066,20.895833333334473,0.225,-1
5182,8067,20.902916666667807,0.225,-1
5183,8068,20.91000000000114,0.225,-1
5184,8069,20.917083333334475,0.225,-1
5185,8070,20.92416666666781,0.225,-1
5186,8071,20.931250000001143,0.225,-1
5187,8072,20.938333333334477,0.225,-1
5188,8073,20.94541666666781,0.225,-1
5189,8074,20.952500000001145,0.225,-1
5190,8075,20.95958333333448,0.225,-1
5191,8076,20.966666666667813,0.225,-1
5192,8077,20.973750000001147,0.225,-1
5193,8078,20.98083333333448,0.225,-1
5194,8079,20.987916666667815,0.225,-1
5195,8080,20.99500000000115,0.225,-1
5196,8081,21.002083333334483,0.225,-1
5197,8082,21.002083333334483,0.0,39
