,stw,sto,sth,att,Bus0_AOD,Bus1_AOD,Bus2_AOD,Bus3_AOD,Bus4_AOD,Bus5_AOD
0,325.86238532110093,19.06685279975182,88.38888888888887,1804.7058823529412,155,209,172,132,127,126
1,349.6756756756757,16.157493857493854,81.69444444444444,1788.6818181818182,155,209,103,120,114,113
2,311.65822784810126,12.789395941848714,77.91666666666667,1872.5912408759125,145,132,97,101,98,104
3,320.67664670658684,10.957834066434097,99.5,1888.4027777777778,160,135,83,99,99,118
4,325.90683229813664,9.58547991982778,104.0,2007.968992248062,186,140,86,101,80,116
5,523.8858800773694,11.12103477523325,71.58333333333333,2121.7146226415093,140,146,74,104,60,131
6,1772.6604046242774,8.331377524051168,81.5,2980.276056338028,177,209,194,167,79,225
7,1777.4410876132931,1.8885591823277281,106.0,2988.315476190476,196,240,234,228,210,240
8,482.85074626865674,1.0145148968678381,93.41666666666667,2034.0434782608695,205,240,240,240,224,160
9,300.4375,0.9526385768648846,99.44444444444446,1854.2111111111112,199,236,231,236,222,159
10,365.3972602739726,0.8773036487322202,109.91666666666667,2005.725806451613,192,229,215,146,147,149
11,358.96923076923076,1.399004975124378,115.16666666666667,1981.509090909091,168,222,186,142,139,148
0,317.6470588235294,19.449665642508588,96.08333333333333,1912.4507042253522,195,187,186,191,125,122
1,343.3191489361702,16.678208232445524,91.47222222222221,2105.9866666666667,181,174,122,115,120,114
2,342.396449704142,13.639403973509935,100.55555555555556,2077.1870503597124,179,144,110,100,114,108
3,331.0126582278481,11.196562032884904,77.08333333333334,2088.925170068027,137,86,119,98,115,114
4,291.4423076923077,9.755173511620503,107.77777777777777,2006.1811594202898,160,84,126,97,110,121
5,394.35372848948373,8.36030428769018,106.19444444444444,1939.3695150115473,171,78,138,107,118,111
6,1853.9607843137255,4.5827613647667365,76.8611111111111,3031.524429967427,191,185,196,203,185,157
7,1631.1514195583595,2.352379615330619,103.11111111111113,2609.5862068965516,202,211,240,240,240,124
8,488.25165562913907,0.962369243309333,96.80555555555554,2017.4310344827586,208,222,240,240,240,149
9,382.16494845360825,1.0070954451819636,77.25,2055.725,207,226,239,235,235,143
10,302.1162790697674,1.0632716049382716,102.61111111111113,1960.6527777777778,205,211,214,218,147,139
11,359.5833333333333,1.5390116279069768,103.52777777777777,2021.55421686747,204,196,200,203,142,130
0,288.0609756097561,18.548186584508947,104.6388888888889,2081.71875,160,174,197,108,123,119
1,313.0,16.48421400264201,105.52777777777777,2086.8809523809523,145,166,139,93,107,107
2,374.8125,13.190573448546742,96.69444444444444,2082.349593495935,143,106,126,94,103,98
3,377.3121693121693,10.180428616451307,84.99999999999999,1979.6089743589744,167,94,126,87,102,92
4,378.0575539568345,10.496717544723452,101.19444444444446,1839.0526315789473,149,84,138,77,126,103
5,489.4659574468085,9.450672645739912,127.33333333333333,2053.56330749354,156,80,129,72,141,91
6,1292.959090909091,9.210144927536232,100.25,2436.8968253968255,189,151,189,114,228,164
7,1519.1550632911392,1.5877213474746532,92.05555555555556,2749.5027027027027,202,219,220,235,240,143
8,575.8440860215054,1.0320236202589141,109.94444444444446,2146.3840579710145,204,227,230,236,240,158
9,301.96590909090907,1.25990099009901,129.9722222222222,1820.939024390244,201,226,231,234,160,160
10,327.83098591549293,1.225836229365769,87.83333333333333,1938.4166666666667,201,210,227,211,150,152
11,353.7894736842105,1.0628521126760564,81.55555555555556,2031.7291666666667,183,193,216,193,139,141
0,295.4268292682927,17.147105203874744,91.97222222222221,1536.0597014925372,169,172,157,168,184,115
1,344.0581395348837,15.117428331534125,57.25000000000001,1721.0,162,143,157,108,118,106
2,328.6666666666667,12.910239162929743,87.08333333333333,1939.4375,158,128,84,96,110,93
3,351.5029239766082,8.936809815950921,89.1111111111111,1758.8092105263158,160,124,83,90,98,97
4,389.5911602209945,8.80618479880775,63.38888888888889,1967.1319444444443,198,118,82,88,95,90
5,523.6924643584522,10.510462904248575,85.19444444444444,2068.8358974358976,229,92,79,77,93,94
6,981.2804154302671,7.752321981424148,77.44444444444444,2259.1152993348114,264,176,155,127,122,142
7,1790.3594306049822,2.0306122448979593,58.416666666666664,2680.7354838709675,197,222,209,227,240,228
8,764.9177215189874,1.6339220014716704,75.38888888888889,2164.0,200,228,211,240,240,240
9,380.8,1.7074620746207463,83.55555555555556,1643.012987012987,201,227,208,239,240,240
10,314.5394736842105,2.208022719204828,78.00000000000001,1840.1,190,220,187,212,219,224
11,365.8,2.5314214328390636,62.138888888888886,1791.4313725490197,175,191,175,199,212,131
0,275.61,16.445877683564856,58.5,1763.5454545454545,163,175,148,175,186,117
1,273.91764705882355,12.331682090364723,73.55555555555556,1677.9315068493152,152,166,129,151,116,121
2,270.6163522012579,10.21420083184789,84.27777777777777,1669.25,143,163,107,129,105,118
3,262.484375,8.546938775510204,65.33333333333333,1642.9506172839506,146,174,106,84,110,115
4,289.57062146892656,7.158823529411767,48.16666666666666,1796.626582278481,168,185,70,89,111,125
5,299.2231947483589,5.790654757510889,88.0,1836.0555555555557,176,139,76,88,116,118
6,965.3231810490694,6.5538023007227935,67.5,2308.8268792710705,246,207,104,145,152,180
7,2356.809941520468,2.1806543385490755,87.6111111111111,3176.74375,270,231,217,216,240,232
8,380.8397435897436,1.4938596491228067,66.95833333333333,1739.1818181818182,278,240,220,222,240,240
9,266.67826086956524,1.4392142327650113,77.93055555555556,1613.611111111111,276,240,213,224,234,233
10,267.5353535353535,1.6666223992917222,65.72222222222221,1716.0526315789473,187,224,196,218,223,207
11,240.24528301886792,1.7241782789064992,49.583333333333336,1798.4893617021276,185,212,175,197,208,129
0,271.1931818181818,17.600292290829376,98.61111111111113,1670.8918918918919,143,189,154,190,159,117
1,320.44,14.822323959014609,79.77777777777779,1858.158536585366,138,183,130,177,103,103
2,261.4308943089431,12.492889758643182,74.77777777777777,1749.467889908257,142,173,123,102,99,91
3,296.530487804878,9.31042291042291,60.44444444444445,1797.496551724138,136,158,124,95,108,94
4,291.1812865497076,7.219957686882931,62.333333333333336,1793.9787234042553,154,140,94,95,119,107
5,337.79920477137176,6.125778078484439,81.27777777777777,1797.1035294117646,167,144,90,99,133,106
6,1368.85734870317,5.235889724310777,100.6111111111111,2552.398633257403,231,181,136,146,178,178
7,1671.429012345679,2.0888691072289607,56.94444444444445,2663.16,268,234,229,232,216,240
8,354.61971830985914,1.8192304556941385,63.0,1913.104347826087,194,240,236,239,214,240
9,277.3292682926829,1.8806413798878,72.27777777777779,1837.878787878788,188,231,223,240,208,237
10,288.46478873239437,2.106085192697769,57.72222222222222,1842.0967741935483,168,221,200,224,190,157
11,254.28985507246378,2.3095629313177786,51.555555555555564,1739.2083333333333,165,208,175,204,181,141
0,287.3529411764706,16.13891506259254,70.22222222222221,1726.1739130434783,150,190,168,186,161,114
1,271.1931818181818,13.055752408371164,56.888888888888886,1627.3376623376623,144,163,150,172,92,100
2,284.42957746478874,10.41162285989872,57.77777777777777,1683.8034188034187,134,164,131,155,87,83
3,263.8258064516129,8.642571998859424,54.833333333333336,1694.8115942028985,142,150,116,103,82,75
4,278.57894736842104,7.179358086847074,53.27777777777777,1701.9760479041915,151,150,115,107,80,78
5,287.12127236580517,4.946893983931021,75.45833333333333,1731.6739659367397,162,159,117,121,80,90
6,651.5498442367601,6.199435028248588,67.36111111111111,1977.3694267515923,251,244,129,192,134,112
7,1070.7491166077739,1.9876426929887359,66.44444444444444,2082.452631578947,272,227,229,239,220,210
8,327.1644736842105,1.4018239753873196,69.77777777777779,1768.0153846153846,276,233,234,240,230,224
9,264.9148936170213,1.405315864769219,43.944444444444436,1688.3,268,240,228,228,218,216
10,273.71590909090907,1.2320788530465954,54.77777777777777,1431.0857142857142,182,218,216,216,206,202
11,252.2112676056338,1.3050460941290636,68.5,1615.549019607843,174,203,192,200,185,191
0,264.34090909090907,16.617627742020236,44.666666666666664,1648.96,166,177,177,183,168,122
1,234.2,13.800290793114767,48.94444444444445,1501.4588235294118,154,175,160,173,156,109
2,214.16959064327486,10.717263876854068,59.90277777777777,1733.3055555555557,152,160,136,151,147,107
3,238.83647798742138,7.443519351935193,69.84722222222221,1696.5590551181103,151,167,145,147,91,107
4,257.20238095238096,6.359119141727836,55.27777777777778,1629.3216783216783,139,169,137,107,94,113
5,258.74251497005986,4.642113095238095,59.25,1627.5281173594133,137,180,125,108,107,111
6,472.3815987933635,4.142488262910798,51.22222222222222,1790.3710575139146,209,246,127,188,148,147
7,885.123745819398,1.1837516512549535,45.0,2086.086124401914,283,311,230,240,216,234
8,315.4012738853503,0.6571254785502163,52.05555555555555,1731.351145038168,289,238,232,240,232,240
9,253.05882352941177,0.7377126482643548,58.04166666666668,1650.9512195121952,285,232,232,239,230,233
10,261.04285714285714,1.1502347417840377,53.55555555555555,1523.8196721311476,194,220,218,219,204,223
11,296.59722222222223,1.3484761631795166,24.5,1788.6,179,195,198,202,182,207
0,246.3975903614458,16.48907371167645,30.833333333333332,1685.9466666666667,165,186,156,180,163,172
1,233.34117647058824,13.922695035460993,42.541666666666664,1458.1688311688313,149,174,140,160,147,170
2,210.65,9.83095238095238,52.0,1535.4174757281553,131,159,127,143,135,145
3,221.2528735632184,7.715840599215872,39.5,1521.8466666666666,124,152,118,129,126,94
4,234.4808743169399,4.3842955571394615,51.05555555555555,1635.1059602649007,127,143,117,133,119,93
5,237.32083333333333,4.069158996343462,34.791666666666664,1636.2272727272727,131,159,115,134,82,100
6,423.05928237129484,4.048321393454136,47.083333333333336,1741.3082706766918,211,213,165,142,126,160
7,717.2329192546584,2.2789802789802796,31.73611111111111,1891.0655021834061,274,290,279,216,215,211
8,303.8486842105263,1.4837837837837837,38.48611111111111,1686.7209302325582,279,303,213,231,224,230
9,215.17045454545453,1.8417188587334725,37.90277777777778,1541.8666666666666,268,303,213,219,221,213
10,230.90697674418604,1.6533445166701617,40.51388888888889,1607.7837837837837,256,204,195,201,199,200
11,235.6153846153846,2.183547103051747,29.23611111111111,1354.049180327869,245,188,183,196,179,199
0,223.8108108108108,15.224045738729846,22.444444444444443,1576.2727272727273,154,160,176,166,188,169
1,224.01162790697674,11.73504741064916,28.027777777777782,1599.0533333333333,141,151,158,148,172,144
2,234.84126984126985,9.479773462783172,46.138888888888886,1576.142857142857,126,137,149,136,149,127
3,245.5483870967742,7.13270737396089,26.88888888888889,1719.2662337662337,124,125,149,122,127,80
4,232.28947368421052,4.898160084378296,39.18055555555556,1617.9386503067485,122,117,161,126,124,92
5,237.46554934823092,3.1712629652226965,48.958333333333336,1601.1580086580086,134,118,164,140,89,100
6,312.5475792988314,2.117256443861948,32.40277777777778,1638.7981132075472,206,197,232,162,140,153
7,1401.4423076923076,1.6721778438293393,30.111111111111114,2483.81592039801,270,290,300,239,223,216
8,241.35329341317365,1.0883342184457427,32.59722222222222,1569.628787878788,282,298,314,240,240,240
9,227.92792792792793,1.3348993288590605,28.708333333333332,1551.7717391304348,273,292,221,238,231,235
10,229.275,1.048392257238842,46.86111111111111,1678.231884057971,269,200,201,212,219,215
11,235.22857142857143,1.135582097388109,37.944444444444436,1433.5272727272727,240,184,190,186,217,186
0,216.009900990099,15.901134113411342,45.31944444444445,1499.9550561797753,201,184,165,181,186,194
1,236.08510638297872,12.893354210160059,23.875,1689.1363636363637,126,173,146,173,174,166
2,227.0261437908497,9.949666666666666,53.97222222222223,1657.3014705882354,120,158,134,157,162,144
3,235.98757763975155,8.14894742409817,32.791666666666664,1459.4598540145985,121,146,128,161,163,103
4,234.12048192771084,5.660148568931614,38.05555555555556,1611.0633802816901,132,143,114,148,155,104
5,225.4581589958159,4.324966078697422,38.44444444444444,1586.4820143884892,127,137,115,154,108,96
6,316.6335504885993,3.7870708204696415,33.44444444444444,1689.4632768361582,175,192,170,194,147,140
7,609.2461538461539,2.315520163740446,19.569444444444446,1892.25,255,297,256,232,215,234
8,327.3397435897436,1.3834437086092715,26.13888888888889,1660.7481481481482,282,312,197,239,240,240
9,222.2871287128713,1.393959731543624,37.29166666666667,1387.0112359550562,269,309,206,232,234,240
10,220.94117647058823,1.4560498220640568,34.208333333333336,1437.9759036144578,252,294,195,218,225,221
11,222.60655737704917,1.865341319400195,37.25000000000001,1551.607142857143,235,202,182,198,207,215
0,260.57142857142856,15.170700179533215,33.98611111111111,1540.2469135802469,229,190,170,175,172,178
1,243.92307692307693,11.725182987141444,34.888888888888886,1467.0533333333333,201,176,156,165,148,165
2,221.88194444444446,9.24425287356322,25.597222222222225,1539.3658536585365,142,156,134,148,139,151
3,231.4804469273743,6.560102301790281,24.819444444444443,1461.5584415584415,123,147,125,154,134,99
4,234.2012195121951,4.134387351778656,41.72222222222222,1571.623287671233,131,147,136,141,128,98
5,227.65057915057915,3.9776119402985075,45.80555555555555,1591.9589632829375,138,150,121,140,81,107
6,287.006589785832,2.6600500417014175,28.930555555555557,1649.9308943089432,208,217,173,201,125,166
7,511.32380952380953,1.608066150276171,20.86111111111111,1755.0546875,251,296,290,201,193,226
8,284.03246753246754,1.1819029570135064,25.597222222222225,1574.9626865671642,285,314,298,218,228,240
9,264.7473684210526,1.0551194539249147,41.375,1523.4146341463415,278,302,216,217,218,234
10,251.5211267605634,1.096594982078853,37.30555555555555,1561.8923076923077,271,287,205,203,204,225
11,235.48275862068965,1.216915120170368,23.263888888888886,1439.5657894736842,249,205,187,194,174,202
0,225.5164835164835,15.832686567164176,33.34722222222222,1551.628205128205,205,177,174,183,167,166
1,202.97530864197532,12.12938596491228,28.833333333333332,1589.8918918918919,140,152,156,158,151,155
2,242.32679738562092,8.669093851132686,48.916666666666664,1481.7293233082708,130,137,146,143,128,140
3,240.33870967741936,6.687972896668549,30.625,1486.3696969696969,128,130,148,137,115,112
4,256.0777777777778,4.330725382809879,45.194444444444436,1620.2418300653594,130,131,139,125,122,131
5,228.05148514851484,3.782225237449118,35.23611111111111,1612.9587155963302,121,118,149,114,93,142
6,340.3290529695024,3.574856401704651,26.444444444444446,1627.6118067978532,174,181,220,107,148,198
7,1056.9044368600682,2.287833457990526,23.541666666666668,2162.901960784314,277,304,283,224,200,240
8,308.2130177514793,1.519029466932898,24.541666666666668,1633.1136363636363,280,315,297,226,216,240
9,221.69791666666666,1.6949897750511247,33.94444444444444,1503.6352941176472,278,311,207,221,212,238
10,207.48192771084337,1.9962099125364432,28.61111111111111,1526.4583333333333,258,293,199,212,198,212
11,239.66153846153847,2.262412901529427,21.25,1341.8,232,206,190,201,185,187
0,246.25510204081633,15.403028028028027,44.611111111111114,1772.4705882352941,144,173,180,151,176,175
1,234.7191011235955,11.810144927536232,45.680555555555564,1653.3783783783783,130,161,162,146,165,156
2,256.2625,9.12660650806672,32.40277777777778,1602.9929078014184,114,150,158,142,142,89
3,230.98717948717947,5.979244046318549,29.555555555555557,1485.4444444444443,120,142,158,147,138,91
4,241.65934065934067,4.801029159519726,66.22222222222221,1488.0266666666666,130,123,158,136,101,94
5,233.19294605809128,3.432659932659932,62.68055555555555,1607.5675675675675,144,124,155,143,97,93
6,245.2945091514143,3.068417090156221,58.13888888888889,1569.0752895752896,206,184,197,130,144,151
7,927.3784615384616,1.8952380952380952,32.69444444444445,2141.4977973568284,274,296,269,196,214,221
8,310.038961038961,1.2840425531914892,29.527777777777775,1598.0298507462687,281,320,230,221,223,229
9,248.42708333333334,1.0611111111111111,30.597222222222225,1457.2592592592594,285,316,220,218,220,226
10,222.93506493506493,1.2128216486127332,20.5,1509.641791044776,268,216,210,195,208,210
11,272.6825396825397,1.2385463237572485,33.72222222222222,1463.3076923076924,239,198,195,177,186,194
0,203.0408163265306,15.245951307484221,28.88888888888889,1469.070588235294,204,177,189,170,168,201
1,199.69767441860466,13.2510101010101,44.65277777777778,1507.0144927536232,134,170,179,166,154,187
2,218.0,10.634703196347033,40.0,1626.8916666666667,121,141,161,143,138,172
3,227.67539267015707,7.80887448306695,46.680555555555564,1591.5471698113208,115,144,145,131,131,112
4,241.9879518072289,5.980278980278981,31.5,1550.9415584415585,130,143,139,123,106,115
5,233.55157894736843,4.720530109276913,49.736111111111114,1607.4452736318408,154,134,148,118,113,115
6,302.3277870216306,2.7271477376885254,24.138888888888886,1645.8757637474541,209,200,214,174,143,151
7,527.64,2.2777445706315995,31.388888888888886,1907.7535211267605,278,283,271,174,199,229
8,265.0,1.3158022444646653,54.13888888888889,1514.4031007751937,282,301,297,220,233,237
9,244.3106796116505,1.3081632653061226,29.041666666666668,1552.7755102040817,279,298,224,212,222,235
10,229.54945054945054,1.233042212518195,32.5,1450.6521739130435,255,270,222,205,200,222
11,214.34285714285716,1.180451127819549,18.73611111111111,1628.25,236,186,206,196,186,208
0,199.77215189873417,15.30232558139535,35.76388888888889,1466.225352112676,220,164,165,162,173,191
1,231.55844155844156,12.951620121732903,50.26388888888889,1582.7428571428572,146,147,148,148,163,179
2,228.05426356589146,9.409574468085106,43.333333333333336,1429.990909090909,133,135,138,137,147,156
3,234.62569832402235,6.041419073954226,50.638888888888886,1667.218309859155,114,128,121,131,143,102
4,236.83561643835617,4.635781714729084,53.88888888888889,1599.5714285714287,117,132,128,127,94,105
5,235.64950495049504,2.815538362346873,32.86111111111111,1583.030516431925,127,124,128,129,97,100
6,309.28785607196403,2.176531967368621,47.47222222222222,1638.2202797202797,176,207,186,120,151,164
7,920.0704697986578,2.119047619047619,24.472222222222218,2119.812182741117,279,296,271,204,222,240
8,335.1524390243902,1.632605775688381,27.194444444444446,1581.027972027972,285,299,206,228,231,240
9,230.92079207920793,1.4230559345156892,27.972222222222225,1539.060975609756,283,287,207,227,223,239
10,244.6,1.3560132998134784,26.472222222222218,1693.942857142857,263,194,192,206,215,228
11,250.87142857142857,1.3870967741935485,31.500000000000004,1580.3157894736842,243,169,180,182,193,211
0,214.33333333333334,15.639746146872167,17.666666666666668,1406.6352941176472,201,175,174,182,194,177
1,220.9431818181818,12.900560224089636,20.666666666666668,1597.825,117,150,161,175,189,160
2,231.11320754716982,9.811977299880525,26.972222222222225,1596.1374045801526,100,129,153,151,160,144
3,231.46448087431693,7.369311453222806,31.666666666666668,1565.583850931677,114,123,157,134,147,96
4,206.8993710691824,4.395590936925903,43.80555555555555,1531.0,131,137,148,132,144,89
5,227.55458515283843,2.522354694485842,43.666666666666664,1618.3484848484848,140,124,137,136,101,94
6,255.77945619335347,1.9443170796226077,39.11111111111111,1589.2431941923776,213,173,172,188,152,133
7,860.6428571428571,1.6700519070187314,25.805555555555554,2130.070588235294,274,295,271,209,229,199
8,430.8187134502924,1.3403679653679648,27.458333333333332,1752.6829268292684,283,298,298,225,240,240
9,294.968085106383,1.3266666666666667,42.694444444444436,1353.5853658536585,284,299,215,224,240,238
10,236.6625,1.340148830616584,23.26388888888889,1340.030303030303,261,276,204,214,227,229
11,247.6984126984127,1.565038207263673,26.694444444444443,1474.754716981132,223,192,185,208,212,206
0,226.55405405405406,14.512981783317354,26.333333333333332,1701.7903225806451,202,177,165,158,154,187
1,219.1340206185567,12.653584729981379,23.444444444444443,1626.909090909091,132,162,153,146,135,167
2,217.98136645962734,9.530010224948875,18.13888888888889,1635.3115942028985,120,145,129,136,132,153
3,219.27325581395348,7.384500057663474,26.875,1605.3076923076924,123,159,121,138,113,100
4,221.83505154639175,5.301396299239414,36.09722222222222,1589.9058823529413,124,166,122,133,116,105
5,231.7624750499002,3.338425381903643,48.305555555555564,1573.771028037383,133,148,136,136,134,127
6,374.6227272727273,3.7283617004113885,29.98611111111111,1553.1560693641618,190,234,186,183,139,195
7,979.0443686006826,2.194996390118342,15.277777777777779,1996.6651162790697,272,306,294,203,204,238
8,250.49295774647888,1.8366914745567862,21.055555555555557,1498.4358974358975,275,320,310,214,215,240
9,227.5,1.5938271604938272,35.333333333333336,1472.057471264368,267,315,221,204,212,239
10,205.11363636363637,1.4485029940119765,18.09722222222222,1580.638888888889,250,294,198,197,184,213
11,239.58441558441558,1.658184764991896,32.19444444444445,1572.9692307692308,231,272,181,176,173,201
0,211.9247311827957,16.254195933456558,21.38888888888889,1440.0666666666666,226,185,173,159,155,184
1,231.42045454545453,13.926282051282053,22.375,1610.7777777777778,139,173,165,145,135,166
2,225.95679012345678,10.230952380952381,19.51388888888889,1559.2464788732395,125,156,153,133,123,150
3,237.79041916167665,7.889700188073901,30.694444444444443,1498.661971830986,131,148,142,126,127,112
4,214.84,5.517043257278603,57.861111111111114,1580.3026315789473,128,151,134,135,128,111
5,232.43415637860082,3.4522423827456343,55.84722222222223,1634.3589743589744,114,144,137,146,111,110
6,263.0016,2.3865825888947274,33.263888888888886,1596.08984375,180,201,188,183,128,158
7,654.9753086419753,2.7023151802157326,31.541666666666668,1889.4363636363637,258,304,270,199,190,227
8,319.3544303797468,2.205072067141033,14.124999999999998,1507.4384615384615,273,318,313,203,219,240
9,264.7809523809524,2.2144171779141097,29.875,1553.9431818181818,270,316,237,191,217,236
10,227.63513513513513,2.165335235378032,14.347222222222223,1457.3283582089553,262,300,224,190,199,227
11,230.69565217391303,2.5740131578947367,36.333333333333336,1344.0,245,206,201,174,180,210
0,213.4945054945055,14.773510941960039,31.555555555555557,1580.9876543209878,203,159,170,167,191,161
1,218.7378640776699,11.84324502066892,32.61111111111111,1506.2747252747254,130,139,154,157,168,139
2,229.31372549019608,8.319511948157151,54.625,1620.9767441860465,127,135,139,143,156,123
3,221.58563535911603,6.051164701050286,33.77777777777778,1566.5576923076924,117,134,121,148,139,82
4,225.61142857142858,4.496861805317813,25.319444444444446,1602.1172413793104,124,145,122,135,147,89
5,226.98030634573306,2.4387270226334876,49.40277777777778,1526.760101010101,125,132,127,143,101,99
6,264.2454268292683,1.8083268212208037,56.833333333333336,1564.6752293577981,185,199,173,197,141,152
7,932.6808510638298,1.8789497107254116,14.069444444444443,1946.4602510460252,267,292,291,232,198,218
8,263.6644736842105,1.127374201098209,16.22222222222222,1610.175572519084,282,306,300,230,234,235
9,226.64705882352942,1.0472954699121029,23.63888888888889,1357.0,276,294,218,221,236,234
10,236.84931506849315,1.3464023494860504,23.097222222222218,1538.8095238095239,253,277,196,200,220,216
11,202.95833333333334,1.4835753176043553,30.88888888888889,1377.75,230,182,185,169,209,185
0,219.71428571428572,15.451982378854625,27.374999999999996,1659.628205128205,220,186,169,199,178,183
1,223.38888888888889,13.641563680054926,16.40277777777778,1430.4567901234568,133,170,149,187,162,170
2,217.27777777777777,11.127327746741155,36.43055555555556,1547.7071428571428,124,160,138,167,151,155
3,220.17857142857142,8.562325725498296,41.625,1576.724832214765,134,149,136,162,151,110
4,228.0774193548387,5.71245665510803,34.84722222222222,1601.841726618705,135,145,132,147,147,109
5,226.20628683693516,3.8257985257985263,43.138888888888886,1694.1147902869757,132,143,130,137,103,95
6,290.93498452012386,2.845570037947533,26.26388888888889,1580.3752310536045,204,196,199,194,147,162
7,1214.2,1.6016008504518024,7.5694444444444455,2380.5546218487393,277,300,264,224,232,226
8,278.18791946308727,0.8791388791388789,26.041666666666668,1651.2436974789916,282,320,316,230,240,240
9,247.22,1.0538866930171276,29.555555555555554,1514.5974025974026,273,311,232,228,236,238
10,223.6046511627907,0.9294425087108014,35.416666666666664,1578.641975308642,259,286,212,225,218,235
11,221.83582089552237,1.114882177510816,31.722222222222225,1551.1525423728813,240,199,195,210,199,210
0,241.4313725490196,15.216720997123682,36.05555555555555,1592.070588235294,192,184,180,149,175,163
1,218.91358024691357,12.407958199356914,38.583333333333336,1521.984375,138,174,164,154,158,145
2,201.45890410958904,9.298896053145759,31.166666666666668,1587.015625,125,165,150,129,147,137
3,223.82738095238096,5.823387142133978,23.194444444444446,1516.510067114094,124,159,133,129,143,85
4,217.5126582278481,2.972688954327617,40.25,1561.5555555555557,122,145,140,131,129,86
5,241.01498929336188,2.157776638030517,48.791666666666664,1577.510101010101,113,149,138,127,99,83
6,297.7903225806452,2.6667825482357035,60.486111111111114,1636.8919449901769,180,222,196,181,138,129
7,538.09477124183,2.46294810058855,38.55555555555556,1805.6345381526105,267,289,303,174,196,195
8,288.44827586206895,1.965295717199184,18.805555555555557,1455.765625,279,315,230,206,221,220
9,245.37272727272727,2.0255059316120025,26.347222222222218,1486.7291666666667,264,305,221,200,227,216
10,226.3421052631579,1.7663729809104258,18.27777777777778,1494.3166666666666,246,295,208,197,216,200
11,230.83333333333334,2.0672337715507436,22.597222222222225,1480.296875,213,194,194,176,198,182
0,232.95098039215685,14.359420289855073,30.819444444444446,1500.8297872340424,207,157,170,180,147,174
1,266.1411764705882,12.062594268476623,13.055555555555555,1565.9718309859154,142,146,157,156,128,155
2,235.20359281437126,9.174200492004921,19.75,1576.979020979021,130,136,143,141,118,145
3,215.0505617977528,7.106698914449631,45.47222222222223,1504.28,130,146,149,128,118,102
4,206.17977528089887,3.8547616272292804,47.541666666666664,1611.3227848101267,125,133,139,125,121,103
5,229.6008316008316,2.6550874599655088,61.94444444444445,1600.6706443914081,134,148,130,118,100,108
6,297.98818316100443,2.151018380526577,34.208333333333336,1549.5719489981784,200,213,188,180,144,173
7,710.9508196721312,1.9105966497270848,23.069444444444443,1828.6108597285067,277,290,290,207,214,240
8,326.03973509933775,1.0952380952380953,18.708333333333332,1638.027027027027,285,296,313,237,225,240
9,222.9120879120879,1.0405405405405406,29.499999999999996,1320.392405063291,284,290,223,227,218,238
10,235.3116883116883,1.3102189781021898,24.75,1524.9166666666667,271,255,212,209,197,226
11,207.16666666666666,1.4575734262569582,10.611111111111112,1560.1739130434783,242,170,184,197,176,194
0,226.97894736842105,15.585567765567763,29.63888888888889,1479.225,207,173,169,171,197,175
1,224.2962962962963,13.105908152734777,51.666666666666664,1451.4202898550725,142,170,149,166,173,169
2,215.2312925170068,10.869137912616173,47.0,1562.125,132,153,136,150,153,90
3,232.5506329113924,7.35243489366428,32.97222222222222,1624.4926470588234,139,150,131,139,140,84
4,224.65753424657535,4.772758152173913,37.56944444444445,1500.2561983471073,144,147,128,124,134,91
5,233.6218487394958,3.4234793982995417,46.291666666666664,1583.2179176755449,135,126,129,126,86,93
6,325.5747663551402,3.4731509625126646,47.90277777777778,1664.2972972972973,197,184,178,145,140,143
7,1239.0567164179104,2.827128427128427,43.708333333333336,2385.32,263,277,299,204,227,215
8,272.6506849315069,1.8970149253731348,24.88888888888889,1540.5419847328244,275,306,230,214,232,217
9,281.3592233009709,1.8510526315789473,24.388888888888886,1710.0588235294117,265,301,216,212,225,206
10,244.83783783783784,1.8401559454191037,47.430555555555564,1516.111111111111,242,208,202,202,219,196
11,223.25,1.6126567486179155,31.888888888888886,1485.8103448275863,221,185,187,187,210,181
0,236.24705882352941,15.538420967218435,44.111111111111114,1700.942857142857,155,184,171,170,159,188
1,227.55102040816325,12.854372813593201,47.36111111111111,1776.035294117647,128,157,158,164,152,111
2,233.31007751937983,8.586220064371828,56.06944444444445,1594.3333333333333,116,145,149,151,139,97
3,255.7388535031847,7.167649698679318,44.43055555555555,1645.1897810218977,108,150,131,154,81,85
4,229.59748427672955,5.739061908964822,86.18055555555556,1565.8666666666666,125,158,129,149,78,82
5,256.8692152917505,4.453945081682307,60.93055555555555,1686.7875894988067,140,149,126,112,84,74
6,473.6231884057971,4.759183673469387,52.54166666666668,1819.8462998102466,202,240,126,174,109,129
7,1209.7708978328174,2.4913507925568577,33.19444444444444,2341.1979695431473,279,297,216,236,193,230
8,285.59183673469386,1.560145088459545,37.166666666666664,1653.8181818181818,283,223,225,240,211,240
9,250.32673267326732,2.0576586183258434,71.77777777777779,1568.9512195121952,275,219,218,228,202,240
10,234.94117647058823,1.5654402343034963,52.27777777777777,1468.1304347826087,187,200,205,218,187,217
11,252.24615384615385,1.4086333720480062,47.055555555555564,1582.8444444444444,171,197,195,208,175,202
0,232.69333333333333,15.327796637568705,40.22222222222222,1596.2089552238806,145,175,177,173,171,190
1,215.5326086956522,12.702024185068348,44.305555555555564,1532.7777777777778,139,160,164,158,156,174
2,230.55474452554745,9.805600958919038,35.09722222222222,1676.6936936936936,126,129,146,145,149,103
3,251.1356783919598,6.396071449083913,38.13888888888889,1598.6491228070176,122,129,134,136,140,96
4,224.2325581395349,5.019961519961519,68.02777777777777,1670.74,131,135,136,139,117,98
5,227.9349593495935,3.6933795789217476,50.291666666666664,1593.0825242718447,138,123,134,123,122,107
6,370.5849923430322,2.0988026688602504,38.23611111111111,1690.8449905482041,202,189,186,160,170,135
7,828.002994011976,1.744159491405117,37.76388888888889,1956.5775862068965,273,311,268,230,231,230
8,301.863309352518,0.950586701434159,45.40277777777777,1623.3716814159293,282,320,212,240,240,240
9,246.3548387096774,1.0803967720242098,41.291666666666664,1413.3506493506493,272,313,211,229,235,227
10,227.1095890410959,1.1793460925039874,36.06944444444445,1620.6101694915253,258,211,201,216,210,224
11,211.390243902439,1.156151969327292,41.263888888888886,1465.7972972972973,239,188,191,187,191,212
0,244.42857142857142,15.594896137617656,26.777777777777782,1568.6883116883116,152,164,179,153,191,188
1,240.2051282051282,13.127754086709308,55.694444444444436,1472.7428571428572,135,154,155,144,180,170
2,242.78787878787878,11.23726708074534,47.04166666666666,1690.1690140845071,113,151,139,131,168,103
3,228.5438596491228,8.363419784503764,41.15277777777778,1674.5673758865248,113,148,125,142,164,111
4,244.63125,6.325625381330079,39.59722222222222,1570.2534246575342,122,141,109,156,100,117
5,234.91975308641975,2.82039911308204,49.833333333333336,1673.2977667493797,117,144,121,145,93,118
6,308.76056338028167,2.860907208733295,60.611111111111114,1704.0202578268877,184,203,196,144,125,160
7,1231.6133333333332,2.2754684247050654,29.791666666666668,2074.612565445026,272,285,214,212,218,240
8,273.42335766423355,1.6011784511784513,38.083333333333336,1666.5126050420167,283,296,226,213,227,240
9,241.95726495726495,1.5783216783216782,48.791666666666664,1692.5425531914893,274,287,219,211,221,218
10,234.64473684210526,1.4959733181485397,51.29166666666666,1438.5079365079366,253,204,207,198,217,215
11,221.46969696969697,1.561811505507956,49.44444444444445,1460.1016949152543,235,186,191,179,204,209
0,230.86021505376345,16.10452793834297,34.0,1589.6538461538462,150,187,169,174,170,188
1,248.9438202247191,12.811335403726705,40.51388888888889,1855.150684931507,134,165,160,161,158,118
2,236.40384615384616,9.782024738546477,68.84722222222221,1663.6888888888889,122,152,152,146,141,106
3,263.10526315789474,6.555494706097115,48.763888888888886,1854.3720930232557,121,144,147,138,92,105
4,250.2982456140351,4.148575305291723,76.01388888888889,1649.7463768115942,130,143,128,129,107,100
5,239.482421875,3.7994569176766673,52.375,1623.5756207674945,142,147,133,83,105,109
6,859.9984779299848,3.8076923076923075,53.04166666666666,2201.86974789916,210,227,182,139,171,163
7,1462.5490797546013,2.0621107266435987,60.125,2493.7903225806454,287,305,213,213,215,212
8,333.94267515923565,1.1247149564050973,39.888888888888886,1496.1317829457364,290,312,224,219,227,219
9,265.18888888888887,1.1991140476011715,42.18055555555555,1727.142857142857,291,229,227,215,219,221
10,245.03703703703704,1.3222837563249532,40.97222222222222,1589.8095238095239,273,212,217,209,201,209
11,256.6578947368421,1.682456140350877,57.44444444444445,1819.9571428571428,182,202,198,182,179,197
0,249.3404255319149,15.724137931034482,46.555555555555564,1586.7176470588236,155,183,162,169,185,190
1,253.85714285714286,13.005531832298136,60.23611111111111,1653.4235294117648,142,171,154,151,164,114
2,235.26153846153846,10.083478260869565,58.388888888888886,1617.3069306930693,147,152,148,146,144,113
3,237.28488372093022,7.338172298905283,46.34722222222223,1597.2119205298013,149,141,142,143,84,105
4,239.13548387096773,5.429525136421688,68.77777777777779,1605.2089552238806,150,154,141,150,89,99
5,248.6422018348624,4.167527251864601,59.63888888888889,1630.8293333333334,154,150,141,97,95,110
6,334.07894736842104,3.450484618626211,34.66666666666667,1695.368,209,195,191,128,136,158
7,717.5488958990536,2.2177809388335707,33.81944444444445,1893.4663865546217,281,283,219,191,203,229
8,256.88079470198676,1.413024650233178,28.25,1764.7539682539682,289,288,239,220,225,240
9,256.9313725490196,1.0241086587436334,30.26388888888889,1553.551724137931,288,211,221,217,228,230
10,254.225,1.1712029502545398,55.25,1655.5441176470588,271,204,206,190,214,228
11,252.74603174603175,1.1855545918859014,68.38888888888889,1737.8909090909092,178,191,183,188,202,211
0,238.91358024691357,16.824323330391294,61.888888888888886,1654.6290322580646,168,194,195,201,200,175
1,227.86301369863014,14.800229064798907,61.208333333333336,1533.8030303030303,147,177,177,183,182,121
2,266.74305555555554,11.868655883993302,56.05555555555555,1790.296,139,156,141,156,116,107
3,236.33727810650888,8.885958824890125,64.06944444444444,1751.1560283687943,140,136,140,150,109,111
4,229.84895833333334,5.1556789266712935,69.86111111111111,1782.8940397350993,130,139,142,146,101,128
5,245.6930894308943,3.4464364345473992,66.91666666666666,1757.9164677804297,137,144,146,103,100,127
6,655.5622047244094,3.140926456542502,42.44444444444444,2061.6291262135924,184,211,156,175,146,175
7,1808.8255813953488,1.4514588859416442,55.80555555555555,2765.8958333333335,277,316,231,225,219,240
8,512.7901234567901,0.6714178811958806,36.06944444444444,1896.089552238806,288,240,236,240,233,240
9,252.74193548387098,0.608339029391661,68.56944444444444,1704.6363636363637,285,232,236,240,232,238
10,238.30612244897958,0.812667531344574,41.5,1549.8192771084337,196,215,224,218,218,214
11,259.0120481927711,0.8249750158989734,53.88888888888889,1703.4626865671642,185,205,212,214,213,194
0,241.68478260869566,16.624747474747476,47.55555555555555,1604.5061728395062,141,182,163,185,165,154
1,236.5204081632653,13.22536832412523,42.18055555555556,1512.4588235294118,130,159,144,173,156,143
2,238.51633986928104,10.076508257499158,18.277777777777775,1687.8225806451612,131,147,123,152,140,81
3,223.79640718562874,7.521969174143087,39.416666666666664,1608.427536231884,127,132,122,156,139,80
4,224.6508875739645,6.74968521782926,68.52777777777779,1711.6896551724137,132,132,124,163,92,79
5,245.14840182648402,4.89552147985883,56.013888888888886,1633.7228260869565,136,141,132,156,103,79
6,292.70081300813007,3.3173146934614812,64.08333333333333,1627.1663516068054,179,203,194,150,137,118
7,1439.0613496932515,3.20578347857306,33.34722222222222,2490.316326530612,277,294,265,225,218,180
8,317.7151898734177,2.6816151202749143,26.722222222222225,1590.1693548387098,280,303,206,240,228,198
9,231.50588235294117,2.6401117015087463,25.625,1747.0131578947369,277,222,202,240,217,199
10,240.609375,2.789390799834232,61.19444444444445,1651.857142857143,266,210,192,221,194,187
11,229.2923076923077,2.2113388101471516,40.888888888888886,1411.111111111111,241,196,176,200,184,169
0,243.67567567567568,15.445928753180661,57.44444444444445,1508.78125,140,192,170,169,181,196
1,236.60526315789474,11.968716719914804,35.72222222222222,1577.8688524590164,127,167,154,159,155,177
2,226.5886524822695,9.880125828558588,43.65277777777778,1703.3333333333333,117,147,136,144,132,98
3,224.77714285714285,7.051069703243617,46.0,1576.9194630872482,106,135,138,143,133,101
4,229.5,5.154328430190499,57.25,1582.1438848920864,115,143,146,152,102,96
5,232.1337099811676,2.3500186543962194,53.75,1633.4192825112107,118,144,127,147,96,99
6,272.1168,1.5029168362501695,46.111111111111114,1637.8365758754865,204,215,192,132,151,159
7,612.466049382716,1.5552854122621569,28.944444444444446,1878.6588235294118,275,307,216,181,215,225
8,370.275,0.7452781371280723,31.333333333333332,1583.1629629629629,287,319,228,232,240,240
9,225.42857142857142,0.904432132963989,28.597222222222225,1645.911111111111,279,235,228,231,235,236
10,246.67796610169492,0.9550140942966364,35.59722222222222,1614.4893617021276,267,224,203,210,224,235
11,211.47540983606558,0.8654301329775788,44.09722222222222,1632.127659574468,239,207,179,187,192,219
0,259.3191489361702,17.243013205808797,50.583333333333336,1522.904761904762,150,194,171,180,184,112
1,249.50537634408602,13.464403627063476,48.19444444444445,1590.6493506493507,137,175,172,171,173,107
2,232.10687022900763,11.116907932831502,45.055555555555564,1550.2719298245613,124,171,145,148,106,91
3,250.10650887573965,7.150692354003612,92.48611111111113,1699.1756756756756,123,163,146,130,101,92
4,244.3125,4.544841269841269,55.94444444444445,1618.2602739726028,133,163,143,91,98,92
5,244.18992248062017,2.8823529411764706,64.8888888888889,1612.9244851258582,129,153,149,98,96,89
6,434.36661211129297,2.666990291262136,50.416666666666664,1952.587084148728,194,230,130,163,162,151
7,1712.868501529052,2.4330623306233066,55.763888888888886,2498.6046511627906,263,304,215,240,231,223
8,345.6418918918919,2.2349138722591553,57.55555555555555,1627.5206611570247,264,233,220,240,240,236
9,259.45454545454544,1.952112360389974,53.22222222222222,1669.7951807228915,266,224,217,227,240,235
10,251.97368421052633,2.328917152446564,44.5,1731.1538461538462,176,215,205,223,224,215
11,224.38095238095238,2.3070628768303183,74.0,1493.9615384615386,171,201,189,206,203,191
0,248.5909090909091,16.137566760917373,51.333333333333336,1662.4303797468353,155,176,166,181,196,187
1,230.13235294117646,12.749097212191248,64.98611111111111,1749.6774193548388,142,160,151,162,171,117
2,224.8134328358209,9.72350281855221,75.87500000000001,1593.175,133,134,131,136,139,106
3,261.2083333333333,7.112575543268613,36.986111111111114,1652.2364864864865,128,130,126,128,87,108
4,245.51875,4.247841543930929,67.19444444444444,1691.2867647058824,118,137,133,131,86,111
5,242.83541666666667,3.217807833192449,54.38888888888889,1735.0501193317423,117,133,130,90,101,105
6,285.696875,2.164225845076909,42.791666666666664,1633.252808988764,175,194,207,122,171,165
7,1397.4299065420562,1.8104683195592288,48.361111111111114,2489.3793103448274,256,290,219,222,233,232
8,294.656050955414,0.9156862745098039,39.986111111111114,1574.8095238095239,288,303,222,237,240,240
9,266.04761904761904,0.8451085961249678,35.5,1652.0760869565217,284,217,230,235,237,234
10,222.69411764705882,0.912771981538223,57.166666666666664,1526.9117647058824,270,201,208,223,229,226
11,211.64912280701753,1.0987230798551555,56.22222222222223,1705.5869565217392,169,192,193,196,210,206
0,258.51960784313724,16.041666666666668,50.5,1533.9772727272727,143,178,177,189,187,182
1,233.64583333333334,13.545821539603729,40.23611111111111,1648.4,145,170,165,170,176,111
2,226.46153846153845,10.78142561372375,63.166666666666664,1677.5462962962963,139,166,153,164,163,97
3,242.94736842105263,7.9246349505416855,57.50000000000001,1677.5396825396826,124,161,135,157,103,92
4,231.86206896551724,4.911495911495912,48.63888888888889,1504.7194244604316,115,153,137,155,104,92
5,230.082,3.851266464032422,75.0,1649.9842342342342,110,152,143,101,106,93
6,323.40293637846656,2.3770706386820124,63.805555555555564,1715.019342359768,183,222,194,139,159,158
7,1207.332288401254,1.91866295264624,28.027777777777782,2332.255707762557,258,296,230,211,211,230
8,369.4968944099379,1.4528966425279795,56.430555555555564,1657.9767441860465,277,301,240,239,222,240
9,237.31313131313132,1.2247999114815773,28.75,1474.1645569620252,277,219,237,234,226,234
10,224.59756097560975,1.246215389442309,49.166666666666664,1719.21875,251,219,218,226,212,216
11,246.10256410256412,1.2829163071613454,36.09722222222222,1465.1147540983607,232,193,196,206,197,196
0,227.24468085106383,16.95924574209246,36.055555555555564,1468.7792207792209,162,176,184,196,189,189
1,247.49295774647888,13.99060683561963,29.458333333333332,1674.9344262295083,142,175,163,166,172,117
2,219.35537190082644,11.313594099007846,66.3611111111111,1598.5142857142857,118,161,141,146,173,98
3,233.34285714285716,8.354471727866636,39.5,1630.5833333333333,108,145,120,138,161,100
4,244.25,5.540995788952192,59.708333333333336,1722.9473684210527,116,145,118,141,122,92
5,243.02603036876357,4.31627269612881,73.29166666666667,1704.374677002584,115,137,123,117,117,86
6,367.6344410876133,2.8006843455945245,56.22222222222223,1776.0200364298726,176,197,191,167,144,127
7,1795.2,1.7512388162422576,43.93055555555555,2520.2751322751324,279,284,224,224,229,213
8,344.6168831168831,0.8362228081740278,54.94444444444445,1685.7886178861788,290,304,224,239,230,230
9,337.49152542372883,0.8698881996805703,51.305555555555564,1728.48623853211,284,217,225,235,230,226
10,227.21621621621622,1.1188773958016427,55.625,1648.3870967741937,272,212,225,235,218,222
11,236.27272727272728,1.5285372364908405,56.44444444444445,1531.859375,186,195,210,212,202,202
0,228.64772727272728,16.58782051282051,55.166666666666664,1544.0,142,177,189,176,170,186
1,246.46153846153845,13.795710403726707,45.916666666666664,1624.9024390243903,137,173,171,150,148,117
2,240.90196078431373,9.614876385336743,58.09722222222223,1781.7348484848485,132,157,159,140,122,106
3,224.24844720496895,7.720549362142284,60.20833333333332,1588.360902255639,141,157,142,143,104,104
4,245.2054054054054,4.872833392288644,60.56944444444445,1699.8141025641025,137,153,143,127,104,107
5,243.22928709055876,3.0092946269416863,72.44444444444444,1616.9043062200958,139,151,146,91,112,109
6,650.5243697478992,2.967686424474188,39.083333333333336,2118.3478260869565,215,216,157,132,140,186
7,1440.939024390244,2.3394053315105947,35.88888888888889,2443.915789473684,287,286,234,204,212,240
8,334.87012987012986,1.5704013377926422,59.16666666666668,1658.468253968254,288,289,240,223,215,240
9,265.2121212121212,1.648107243506741,70.30555555555556,1669.075,283,208,233,212,207,239
10,253.41463414634146,1.5614250614250613,55.0,1629.768115942029,185,205,220,197,195,219
11,216.85294117647058,1.591301363146023,50.111111111111114,1460.3454545454545,168,187,203,192,190,193
0,221.9247311827957,17.43070240863423,40.861111111111114,1716.0375,154,182,165,198,169,123
1,268.7916666666667,14.075659768369087,64.47222222222221,1785.265625,136,161,158,182,161,118
2,255.81012658227849,11.863752467200742,64.44444444444444,1659.0751879699249,126,146,147,164,100,100
3,243.85714285714286,8.78961038961039,64.37499999999999,1700.288590604027,138,137,147,157,97,94
4,239.72571428571428,7.393734335839599,57.0,1709.6066666666666,135,146,160,120,102,97
5,234.39958158995816,4.70995670995671,90.20833333333333,1721.7557251908397,134,150,162,119,108,97
6,574.867572156197,4.216246362754608,82.34722222222221,1953.904255319149,191,226,157,162,149,146
7,1353.59375,2.478522804629,51.680555555555564,2401.228426395939,271,307,202,231,220,238
8,490.34177215189874,1.897543859649123,52.819444444444436,1862.5714285714287,273,232,211,236,233,240
9,299.0285714285714,1.9738708473310933,50.34722222222223,1608.0,269,227,210,235,229,240
10,273.7638888888889,2.0168442019572184,55.05555555555555,1765.3125,180,223,203,222,221,234
11,273.46753246753246,2.1592528403620257,62.72222222222222,1672.0,167,193,180,213,198,203
0,237.98876404494382,17.231151821610645,64.3611111111111,1611.1309523809523,158,189,191,173,203,135
1,244.89423076923077,12.782608695652174,79.91666666666667,1619.6404494382023,152,168,169,159,183,112
2,224.58333333333334,9.692277734505396,63.55555555555555,1681.77304964539,136,166,154,150,110,101
3,259.04371584699453,6.576896787423103,53.30555555555555,1695.4771241830065,140,158,146,152,107,95
4,228.13513513513513,3.5416904444867168,68.38888888888889,1609.2333333333333,145,159,127,113,102,105
5,237.51771653543307,1.9373263552368027,47.88888888888889,1653.1084905660377,134,157,125,111,103,107
6,444.1653290529695,2.3538167938931296,65.91666666666667,1851.2969696969697,192,224,132,157,159,184
7,1672.754491017964,1.38022014676451,32.90277777777778,2587.1722222222224,281,300,221,219,238,240
8,451.7125748502994,0.9334970920781706,58.541666666666664,1824.0073529411766,285,238,228,226,240,240
9,259.25742574257424,0.8248298074811505,49.26388888888889,1678.4175824175825,287,234,225,224,233,235
10,272.06410256410254,1.0208552400981423,48.888888888888886,1670.8461538461538,185,221,222,198,218,224
11,268.1063829787234,1.2635756056808687,54.888888888888886,1686.1780821917807,164,211,214,185,210,213
0,254.41463414634146,17.04700949017877,58.583333333333336,1622.027397260274,138,188,178,184,156,141
1,251.65853658536585,13.82608695652174,57.65277777777778,1706.4929577464789,133,174,159,167,140,124
2,235.992,10.674331550802139,73.27777777777779,1644.514563106796,125,141,144,150,87,118
3,244.65425531914894,7.737847866419296,32.486111111111114,1680.03125,113,128,147,143,85,119
4,257.70454545454544,5.050420168067227,67.94444444444444,1706.9245283018868,136,124,149,101,94,110
5,249.84148727984345,4.018917155903458,85.55555555555556,1703.133027522936,145,118,142,95,118,112
6,712.3365384615385,3.376285160038797,67.86111111111111,2091.5687885010266,215,182,145,156,181,152
7,1496.8943894389438,2.2843245297358927,53.388888888888886,2387.6378378378377,271,214,214,230,224,232
8,281.2517985611511,1.2324410475604013,52.958333333333336,1606.9430894308944,278,238,225,237,235,240
9,288.20338983050846,1.1960620976902687,61.638888888888886,1586.8461538461538,267,228,208,233,220,234
10,265.2647058823529,1.3164402647161266,44.333333333333336,1590.298245614035,190,224,216,218,206,222
11,265.40983606557376,1.4670213785830697,60.111111111111114,1595.1333333333334,168,212,199,205,175,200
0,237.22727272727272,16.794787718775282,56.63888888888889,1612.886075949367,173,180,186,169,186,127
1,240.03061224489795,12.91955107045176,78.75,1613.0941176470587,157,166,168,149,167,115
2,257.45112781954884,10.544312471448151,43.22222222222223,1882.611570247934,146,152,154,126,110,108
3,234.94535519125682,7.409943943456007,58.0,1646.8152866242037,140,132,139,128,98,109
4,241.76300578034682,4.375440620393514,64.02777777777777,1692.1623376623377,143,134,140,109,102,115
5,242.8548707753479,2.4298278678225906,76.5138888888889,1743.1695331695332,145,142,132,108,102,129
6,606.2021604938271,2.1848484848484846,41.52777777777778,2011.8027079303674,211,213,150,158,133,191
7,1616.532738095238,1.3159685863874346,53.541666666666664,2464.3276836158193,277,306,225,240,240,240
8,327.69032258064516,0.8745430670404941,54.72222222222222,1681.6791044776119,283,240,240,240,240,240
9,258.0816326530612,0.6619028619101164,60.44444444444446,1559.313253012048,281,236,234,235,232,233
10,272.746835443038,0.7387725196103784,46.833333333333336,1687.514705882353,190,226,221,213,224,215
11,223.8987341772152,0.703657522859518,45.94444444444445,1582.1904761904761,188,204,204,195,208,204
0,251.1341463414634,17.083645551973515,46.083333333333336,1685.0,150,200,178,177,178,115
1,259.2340425531915,13.879686386315043,43.23611111111111,1448.4025974025974,143,189,162,168,149,104
2,234.50980392156862,11.472966507177036,58.333333333333336,1781.9714285714285,127,163,148,148,82,92
3,238.04371584699453,7.051948051948053,68.01388888888889,1745.6645569620252,134,155,137,126,92,84
4,250.96835443037975,4.6862629825592785,87.05555555555556,1753.7071428571428,140,154,144,86,110,95
5,260.7424547283702,2.781288363377915,69.90277777777777,1646.1774580335732,149,145,133,96,113,101
6,657.4199066874028,2.508851674641148,46.22222222222223,2015.3874045801526,227,212,149,148,153,156
7,1591.6332288401254,1.6342035690680767,35.15277777777778,2443.5057471264367,272,312,221,229,239,240
8,318.0,1.4589243286053708,53.25,1809.7073170731708,273,240,230,239,240,240
9,263.93939393939394,1.4547071905114897,53.666666666666664,1759.7721518987341,269,234,225,229,235,228
10,260.09302325581393,1.453564190677593,58.888888888888886,1657.057142857143,177,226,217,216,213,212
11,275.6034482758621,1.4540980503501797,68.11111111111111,1582.1162790697674,165,211,195,205,198,200
0,237.15384615384616,15.918646864686467,38.44444444444444,1649.341463414634,157,173,167,156,191,166
1,245.64473684210526,13.262925969447707,51.22222222222222,1613.641791044776,147,161,148,148,166,118
2,210.57857142857142,10.055116381203337,59.76388888888889,1573.274193548387,136,133,137,137,144,105
3,231.720207253886,6.526250493430328,40.875,1602.751592356688,135,118,129,132,145,112
4,253.85416666666666,4.377149877149877,58.40277777777778,1764.6666666666667,139,114,123,153,98,113
5,229.51136363636363,3.553135037006005,68.66666666666667,1585.8279569892472,144,112,124,99,95,108
6,683.8571428571429,2.7810608114213435,38.01388888888889,2027.9730250481696,208,186,188,152,148,172
7,1632.0853242320818,2.3527872195785173,34.44444444444444,2765.1648936170213,281,296,210,204,240,240
8,346.97484276729557,1.5501336005344022,41.611111111111114,1622.4496124031007,287,305,216,209,240,240
9,241.2967032967033,1.6017846339987902,42.81944444444445,1547.158536585366,281,229,212,201,236,233
10,237.72619047619048,1.4306257446895927,60.583333333333336,1655.8870967741937,257,209,192,187,224,212
11,268.234375,1.5571910000991178,39.38888888888889,1651.5094339622642,172,197,181,172,205,194
0,245.875,17.31388664140016,59.47222222222223,1730.358024691358,161,182,175,177,196,130
1,225.86301369863014,13.25073214687993,50.916666666666664,1660.1379310344828,155,168,172,167,178,125
2,244.048,11.617516629711751,53.88888888888889,1581.7428571428572,145,147,159,149,116,104
3,239.32738095238096,8.149501466275659,75.70833333333333,1677.6716417910447,136,135,149,144,107,104
4,268.1768292682927,6.702380952380952,71.05555555555556,1621.0902777777778,141,146,150,90,103,106
5,253.5152749490835,4.21486643437863,91.25,1704.744578313253,149,141,150,91,101,106
6,395.702743902439,3.0007905138339925,68.47222222222221,1774.3091247672253,213,189,150,135,170,155
7,928.7889273356401,1.472742474916388,47.208333333333336,2140.43216080402,274,317,227,216,238,223
8,321.456,0.8858631219687443,45.0,1840.32,285,240,234,226,240,240
9,239.67567567567568,1.195873205741627,61.166666666666664,1623.4719101123596,276,240,229,213,224,226
10,269.7802197802198,1.1916868442292172,57.50000000000001,1650.939024390244,192,218,198,194,215,222
11,230.23333333333332,1.201799485861183,45.5,1639.4142857142858,175,200,189,185,206,212
0,265.3066666666667,16.658653201662275,57.30555555555555,1635.741935483871,146,185,162,176,177,127
1,228.29885057471265,14.134895348267245,51.97222222222222,1528.6944444444443,135,159,149,159,166,119
2,221.75816993464053,10.093392945851964,65.16666666666667,1575.7517730496454,127,143,128,139,89,106
3,222.9142857142857,5.069949494949495,63.166666666666664,1705.0625,129,142,120,135,93,101
4,222.11627906976744,3.555474095796677,56.33333333333334,1672.2517985611512,136,140,128,139,95,106
5,240.7906976744186,1.9882151421719771,80.80555555555556,1696.9115479115478,142,146,124,95,92,96
6,482.0220472440945,2.1497991967871486,43.84722222222223,1927.4582560296847,199,196,138,143,150,170
7,1975.3196202531647,1.5,45.48611111111111,2661.3986013986014,283,305,224,230,209,239
8,313.24285714285713,1.317333137312555,57.041666666666664,1514.1487603305786,284,237,226,232,213,240
9,205.56944444444446,1.4304325169359042,34.38888888888889,1585.137254901961,281,238,218,225,214,238
10,241.60526315789474,1.6292479618942937,52.27777777777778,1589.9384615384615,183,221,195,206,192,216
11,242.97222222222223,1.7081349206349206,46.55555555555555,1623.2033898305085,167,201,176,183,186,207
0,246.68686868686868,17.24973913043478,74.69444444444444,1788.3720930232557,174,180,189,166,164,127
1,254.73863636363637,13.894569882440754,57.930555555555564,1643.6486486486488,169,171,177,155,144,116
2,250.7483870967742,11.968038879359632,51.111111111111114,1708.4925373134329,156,155,152,148,86,98
3,271.5121951219512,8.209114041175111,68.70833333333333,1685.6641221374045,149,155,154,143,93,92
4,257.3961038961039,6.11504761904762,62.34722222222222,1770.064,148,156,150,102,93,101
5,250.77756286266924,3.7833138705073313,76.31944444444444,1661.0132450331125,138,144,139,106,100,107
6,849.3090614886731,3.4188679245283016,49.208333333333336,2135.2047930283225,207,230,143,164,162,154
7,1494.0099337748345,2.0724420190995905,45.236111111111114,2404.6923076923076,276,287,233,226,219,225
8,395.62345679012344,1.772916276456265,34.888888888888886,1731.865671641791,279,210,235,234,223,224
9,280.47899159663865,1.6001061732140154,77.66666666666667,1707.7669902912621,279,202,235,226,219,227
10,231.0581395348837,2.009362303479951,41.333333333333336,1721.8382352941176,196,204,234,214,200,210
11,244.1341463414634,1.491210471004108,46.55555555555555,1608.7058823529412,186,193,216,194,184,190
0,239.6338028169014,15.928773418168968,38.94444444444444,1471.3333333333333,169,169,180,167,173,126
1,244.19230769230768,12.620948616600792,55.416666666666664,1434.8805970149253,150,158,165,141,158,108
2,241.49285714285713,10.006748534129883,53.666666666666664,1594.5867768595042,147,141,146,121,143,88
3,244.3310810810811,6.607889237199583,70.25,1636.5,128,135,136,126,83,88
4,249.8941798941799,4.8265692640692635,60.791666666666664,1635.5443037974683,127,130,129,113,73,100
5,247.68565400843883,3.088916982722292,93.6111111111111,1621.2107843137255,135,135,133,94,83,98
6,403.08484848484846,2.5937775304863915,57.708333333333336,1775.1831238779175,185,222,191,140,124,165
7,1086.857142857143,1.5089430894308942,27.597222222222225,2193.8137254901962,280,300,210,226,220,240
8,511.16149068322983,1.057542882275326,37.486111111111114,1891.7569444444443,285,232,222,231,226,240
9,242.09,1.0958566629339306,38.31944444444445,1555.3617021276596,285,229,219,229,216,232
10,231.72307692307692,0.944356190980496,56.5,1546.322033898305,199,216,213,209,205,217
11,259.97333333333336,0.6584415584415584,56.388888888888886,1570.8636363636363,192,195,197,191,194,186
0,256.82828282828285,15.655266147354755,50.61111111111111,1588.0222222222221,147,175,167,186,184,168
1,245.60526315789474,12.736110445328606,55.180555555555564,1578.6818181818182,135,162,156,182,163,109
2,225.75968992248062,10.41172114672591,58.638888888888886,1582.7075471698113,119,156,133,168,141,105
3,242.2528735632184,7.5859072152057,62.458333333333336,1633.375,113,154,127,148,89,96
4,240.26903553299493,5.080213903743315,76.29166666666667,1585.225,123,150,127,153,99,96
5,234.956,2.7797124389922176,67.3611111111111,1620.7945205479452,129,151,136,98,105,103
6,311.7329093799682,1.6356495737939039,43.625,1691.1921568627452,193,205,204,156,151,158
7,1338.1585014409222,1.9368147120055517,37.51388888888889,2476.8523206751056,261,296,216,230,216,222
8,288.76875,1.4367579908675796,44.25,1588.8320610687024,273,313,227,240,240,240
9,247.6875,1.4997776130467009,42.22222222222222,1557.7560975609756,267,221,222,238,237,235
10,222.421875,1.4108620069536029,46.625,1624.6851851851852,254,202,207,224,218,212
11,253.25396825396825,1.6045055703440796,45.611111111111114,1460.3846153846155,168,183,186,205,203,182
0,233.6813186813187,15.017543859649125,51.49999999999999,1522.3589743589744,138,175,180,163,161,171
1,214.49425287356323,12.543453472807496,45.0,1579.092105263158,128,161,167,148,148,125
2,236.2484076433121,10.178178835110746,54.5,1499.65625,122,135,158,140,130,110
3,225.3918918918919,7.531045145330859,39.25,1472.5111111111112,120,141,153,124,93,104
4,234.24647887323943,4.653652709669306,68.63888888888889,1659.084745762712,119,132,152,117,103,100
5,235.63090128755366,3.1729171182888933,87.80555555555554,1657.4354430379747,106,138,141,80,90,104
6,275.25677830940987,2.433333333333333,37.125,1582.69921875,165,217,185,131,121,161
7,406.99305555555554,2.1209513435003635,36.583333333333336,1761.6377952755906,257,295,209,198,196,222
8,247.30065359477123,1.647701149425287,43.95833333333332,1546.9465648854962,272,309,225,225,220,228
9,250.0,1.2416647679805575,40.61111111111111,1584.3333333333333,268,228,234,217,218,221
10,223.72972972972974,1.2528457541744338,43.43055555555555,1354.3970588235295,255,224,233,203,204,208
11,195.57627118644066,1.173702726473175,40.5,1466.4259259259259,174,201,206,189,183,184
0,267.0113636363636,14.56193009118541,66.33333333333333,1688.6805555555557,153,166,153,162,168,185
1,222.46835443037975,11.951826903449684,58.041666666666664,1572.581081081081,140,149,142,146,165,110
2,241.568345323741,8.816625065304464,48.166666666666664,1467.4529914529915,128,145,114,127,138,97
3,224.1625,5.7046799354491675,46.291666666666664,1665.1702127659576,116,141,120,125,84,90
4,223.2962962962963,3.8357771260997064,74.2361111111111,1544.9925925925927,114,140,122,127,83,96
5,232.7959595959596,2.6630536888503507,80.33333333333333,1596.7163461538462,117,133,129,96,86,98
6,260.64203612479474,2.0125751271382337,62.02777777777778,1568.2371541501977,186,193,197,154,154,146
7,592.4254658385094,1.2056338028169014,32.05555555555556,1844.1626016260163,266,279,215,221,222,217
8,315.05263157894734,0.6886260531432274,50.22222222222222,1504.6147540983607,281,308,238,236,240,240
9,238.5257731958763,0.7378085043116265,39.75,1549.7349397590363,278,219,216,229,234,240
10,269.01162790697674,0.9032026195990739,39.125,1531.6714285714286,259,200,202,211,211,235
11,239.03846153846155,0.9496697229616484,28.88888888888889,1610.0487804878048,174,195,180,178,189,211
0,222.5054945054945,16.717575757575755,47.77777777777778,1442.8831168831168,169,188,180,181,186,196
1,233.98876404494382,13.72925320779101,66.75,1596.5466666666666,159,156,171,164,173,119
2,256.25,10.12416387959866,77.29166666666667,1698.0763358778627,145,146,149,140,145,107
3,231.45222929936307,7.023651145602364,43.73611111111111,1606.0359712230215,143,138,130,126,107,94
4,239.09195402298852,4.903416884898366,58.805555555555564,1723.7876712328766,132,137,127,131,102,100
5,238.83975659229208,3.973826652963343,78.5,1623.961995249406,129,133,124,91,110,108
6,426.0290275761974,1.7689022173755,62.47222222222223,1772.526901669759,200,205,185,142,159,157
7,1606.8588588588589,1.8578804347826086,39.45833333333333,2587.348717948718,277,304,215,227,214,235
8,327.9230769230769,1.2597883597883601,43.541666666666664,1593.7380952380952,281,315,224,233,219,240
9,253.47,1.261819803746655,55.48611111111112,1594.125,279,228,227,225,218,239
10,266.28125,1.4751767478397488,42.40277777777778,1549.3411764705882,255,220,214,217,210,224
11,234.53333333333333,1.3951642672572906,56.666666666666664,1748.3181818181818,178,208,204,201,202,211
0,217.7391304347826,15.958091787439614,49.77777777777777,1506.925,148,169,181,176,180,181
1,225.39805825242718,12.947001394700138,48.52777777777777,1615.0777777777778,127,158,169,171,160,171
2,259.02597402597405,9.138069989395547,58.59722222222222,1551.0751879699249,128,134,149,153,156,100
3,243.6304347826087,6.7775261035301915,52.666666666666664,1692.3396226415093,129,124,153,130,149,102
4,252.0548780487805,4.611456217895114,57.80555555555554,1733.4609929078015,141,127,156,131,109,97
5,235.85743380855396,3.8856785416418456,74.84722222222221,1650.7562189054727,133,122,155,136,107,110
6,349.2093802345059,3.004954582989265,47.333333333333336,1718.01593625498,206,168,211,163,144,146
7,688.8202247191011,1.932448690728945,47.68055555555555,1930.1818181818182,274,276,203,233,209,218
8,322.4261363636364,1.2332775919732442,51.22222222222223,1717.496551724138,291,301,231,238,212,222
9,215.71,1.3658462703521395,53.263888888888886,1398.7471264367816,283,224,236,228,204,215
10,247.97674418604652,1.21387376487195,37.48611111111111,1636.469696969697,260,204,219,216,195,211
11,255.66666666666666,1.1796410106331092,39.0,1571.94,164,188,208,192,190,197
0,244.98876404494382,15.12087049884374,47.27777777777778,1708.0526315789473,150,157,167,174,180,181
1,219.53125,12.11136023916293,50.77777777777777,1432.5795454545455,130,151,148,159,161,143
2,229.81944444444446,10.345930880713489,56.02777777777778,1571.7846153846153,116,144,130,161,148,81
3,230.63636363636363,6.591580035609672,44.111111111111114,1550.9929078014184,112,136,127,150,149,83
4,235.96045197740114,4.409090909090908,55.90277777777777,1620.1052631578948,119,128,118,154,101,97
5,228.92841648590021,2.895757575757575,71.68055555555556,1595.2342105263158,122,129,132,163,98,106
6,282.8250773993808,2.357236595425572,56.319444444444436,1620.1357142857144,180,204,177,159,147,149
7,1412.2272727272727,1.9419477405088914,27.944444444444443,2411.9949494949497,270,284,283,228,232,232
8,259.9308176100629,1.3939024390243901,33.45833333333333,1487.1925925925925,283,301,213,240,240,240
9,270.16190476190474,1.1081331503088538,42.86111111111111,1449.1022727272727,281,287,206,231,224,228
10,237.6024096385542,1.2089461529111465,51.916666666666664,1653.7777777777778,251,193,203,223,210,219
11,227.8815789473684,1.110079985858854,52.97222222222222,1596.6379310344828,233,179,178,194,202,205
0,208.06930693069307,14.137612524461838,30.972222222222225,1438.4615384615386,177,177,168,164,169,167
1,210.1958762886598,10.619686520376174,22.055555555555557,1442.6951219512196,166,170,157,151,154,159
2,221.58156028368793,8.354967948717949,26.097222222222225,1495.3089430894308,109,162,142,132,140,147
3,207.79166666666666,6.483425132598939,27.25,1620.103448275862,112,159,131,128,135,152
4,214.92307692307693,4.2186465822207,42.43055555555556,1569.9041095890411,126,148,117,120,143,108
5,226.75681818181818,2.3583662714097495,74.11111111111111,1470.9192200557104,136,150,123,118,126,106
6,241.28315946348732,2.912971175166298,35.763888888888886,1561.2414965986395,163,190,184,177,124,146
7,253.6135593220339,1.702206736353078,14.555555555555555,1529.1553784860557,257,287,278,204,198,211
8,238.8048780487805,1.3134199134199136,23.652777777777782,1428.2788461538462,263,314,300,231,210,222
9,204.54166666666666,1.1764433357091946,33.013888888888886,1456.2528735632184,251,302,209,225,204,212
10,222.5340909090909,1.2671274961597543,28.833333333333332,1515.6753246753246,220,288,197,208,196,193
11,202.8507462686567,1.1450751252086813,28.263888888888886,1507.482142857143,199,260,191,190,181,177
0,219.24705882352941,15.868535936113577,20.249999999999996,1314.75,212,195,168,188,174,190
1,219.8842105263158,12.703081232492996,36.458333333333336,1544.6463414634147,133,173,158,163,156,169
2,242.06666666666666,9.557757250695271,35.638888888888886,1583.0588235294117,122,164,135,137,127,154
3,230.51162790697674,7.094037099888818,37.40277777777777,1540.3082191780823,121,148,144,135,110,85
4,221.7530864197531,5.064558629776021,34.069444444444436,1575.2573529411766,124,146,149,124,119,97
5,229.5261044176707,3.5886056971514244,43.90277777777778,1521.4350961538462,132,131,135,113,122,92
6,273.2564841498559,3.0676532769556024,34.958333333333336,1564.9522184300342,174,201,188,179,141,149
7,738.3257328990228,1.732761904761905,27.333333333333332,2013.1654411764705,259,311,280,200,230,220
8,229.109756097561,0.852758046128212,25.263888888888886,1411.7923076923078,280,320,313,240,240,236
9,235.3859649122807,1.023898531375167,28.972222222222225,1403.0729166666667,266,311,220,233,232,236
10,236.90123456790124,1.2571278825995806,36.88888888888889,1471.3939393939395,256,306,201,221,219,228
11,232.50704225352112,1.4808322341828704,23.86111111111111,1560.21875,232,209,185,204,198,209
0,208.61764705882354,14.133333333333335,24.694444444444443,1531.6629213483145,209,181,167,175,166,167
1,238.30434782608697,11.616927772126145,26.888888888888886,1648.9358974358975,191,180,157,146,151,158
2,229.29936305732485,9.269184652278177,17.583333333333332,1520.2086330935251,139,154,135,126,139,141
3,219.125,5.580876202425762,25.48611111111111,1543.304347826087,127,152,131,119,136,132
4,218.96022727272728,3.9442987107216605,55.861111111111114,1613.8533333333332,132,148,133,127,140,99
5,224.3862745098039,2.3837575757575755,67.34722222222221,1554.2253829321662,142,153,127,127,107,94
6,248.64018691588785,1.515852474927208,33.708333333333336,1487.0235081374321,211,221,178,202,164,148
7,566.1712328767123,0.8965325936199721,6.263888888888889,1797.9409448818897,269,314,277,232,233,220
8,288.6164383561644,0.6282444308195382,6.541666666666667,1467.1271186440679,291,320,303,240,240,237
9,224.83333333333334,0.8329688535453943,10.416666666666666,1351.0135135135135,275,319,223,233,233,226
10,225.71212121212122,0.8272563176895307,15.0,1524.3333333333333,255,292,200,222,208,208
11,215.56179775280899,0.7210355987055018,17.902777777777775,1507.5974025974026,225,260,185,198,183,185
0,225.64646464646464,14.937303370786518,30.5,1534.7272727272727,220,185,162,177,163,161
1,218.97674418604652,11.402118380062307,33.333333333333336,1425.5068493150684,205,172,146,169,137,134
2,235.84057971014494,8.532384740922073,15.958333333333334,1526.844262295082,140,154,130,146,119,128
3,223.39156626506025,6.315067767894961,21.25,1581.4468085106382,120,148,129,138,120,132
4,201.38787878787878,4.370361630582266,45.26388888888889,1602.337837837838,119,137,128,137,114,102
5,212.12474012474013,2.95814709467696,56.763888888888886,1551.5261904761905,123,135,120,146,116,109
6,270.54516640253564,2.248184443083384,31.138888888888886,1546.0258780036968,166,204,176,208,126,159
7,555.0440677966102,1.752511961722488,22.777777777777775,1742.4736842105262,243,297,265,286,214,215
8,292.20710059171597,1.6947162426614482,8.958333333333334,1551.1644736842106,263,310,278,227,227,228
9,223.08653846153845,1.42398014580425,14.486111111111109,1352.8461538461538,266,307,276,233,226,227
10,233.9875,1.2296829971181555,27.208333333333332,1555.7164179104477,258,289,193,217,216,215
11,225.84,1.4152615144418426,18.847222222222225,1397.655172413793,242,273,174,205,193,194
0,235.38144329896906,14.608625954198475,22.263888888888886,1457.3820224719102,216,166,172,172,162,160
1,251.15662650602408,12.019669421487604,24.01388888888889,1591.1285714285714,213,153,150,158,144,150
2,217.36507936507937,9.666213220475614,23.319444444444446,1485.4770642201836,155,140,135,141,127,129
3,216.35051546391753,6.915849673202614,34.84722222222222,1553.867088607595,146,130,125,127,114,123
4,242.53333333333333,4.313950020874337,53.08333333333334,1538.142857142857,149,121,120,119,129,91
5,221.07448789571694,3.069835853385892,72.93055555555556,1540.5067873303167,155,116,117,107,144,100
6,291.8789712556732,2.593668980513506,34.63888888888889,1521.0071174377224,226,199,187,185,139,151
7,592.9905660377359,1.7647733792312106,12.180555555555555,1769.1818181818182,277,295,289,216,199,218
8,293.1666666666667,1.0970238095238098,6.513888888888889,1621.7777777777778,284,311,320,237,215,233
9,279.45714285714286,1.0937596254543214,21.958333333333332,1371.375,271,300,309,222,214,230
10,218.013698630137,1.3385364095169434,12.83333333333333,1702.4137931034484,259,295,215,206,198,214
11,197.64788732394365,1.4637820512820519,20.374999999999996,1392.7454545454545,235,258,195,185,181,194
0,239.73563218390805,14.69493087557604,18.722222222222225,1582.6486486486488,223,167,153,170,181,191
1,261.1975308641975,12.79288169868554,27.305555555555554,1508.7014925373135,220,138,142,143,167,179
2,226.27631578947367,10.47147550776583,18.88888888888889,1549.4285714285713,165,134,120,132,138,148
3,221.40522875816993,7.486969509682736,23.472222222222218,1617.8307692307692,164,129,113,128,128,147
4,201.63803680981596,4.350740179508102,44.55555555555555,1464.441379310345,149,127,122,111,138,99
5,219.5483870967742,2.75290749686885,57.805555555555564,1568.9002267573696,141,125,124,110,134,95
6,237.54615384615386,1.9899521531100477,35.375,1556.0826010544815,189,189,198,167,143,159
7,1029.2955223880597,1.7445483776673483,14.041666666666666,2339.718875502008,269,299,272,276,205,234
8,242.8951048951049,0.8672149710948208,10.166666666666666,1408.063492063492,289,310,300,226,233,240
9,208.40740740740742,0.8063000828958274,21.5,1436.3522727272727,272,304,283,226,230,236
10,192.94117647058823,1.0755395683453237,33.0,1361.8591549295775,259,298,178,220,213,222
11,230.986301369863,0.9936664044059796,15.027777777777779,1427.3333333333333,247,263,169,188,201,203
0,199.78048780487805,15.576091954022989,18.041666666666668,1452.9733333333334,211,177,179,198,182,184
1,204.6705882352941,12.280469667318979,38.65277777777778,1445.5714285714287,184,157,164,178,167,172
2,219.65432098765433,9.666666666666668,35.458333333333336,1640.5352112676057,115,144,144,161,135,153
3,225.36021505376345,7.483540925266904,30.875,1487.3375,107,157,139,152,137,151
4,227.40350877192984,3.929437828856273,38.638888888888886,1553.5594405594406,114,150,128,146,140,107
5,219.42828282828282,2.7578739075468577,70.94444444444444,1557.6603325415676,107,161,124,150,144,105
6,251.6838124054463,2.0866225277989985,48.291666666666664,1537.119926199262,166,203,198,201,154,149
7,324.036231884058,1.7140909533547573,14.375,1660.699152542373,257,263,279,233,214,221
8,330.1753246753247,1.312406576980568,17.48611111111111,1609.045112781955,273,298,292,237,234,227
9,239.95,1.4794520547945205,26.444444444444446,1669.9310344827586,278,280,210,237,234,221
10,265.8625,1.3353448275862072,35.666666666666664,1573.4583333333333,261,262,195,234,223,217
11,216.40963855421685,1.284864230640295,32.11111111111111,1402.6027397260275,245,189,189,222,207,204
0,207.23529411764707,14.847926267281107,37.125,1501.3428571428572,208,185,180,154,177,181
1,212.84883720930233,12.818627450980392,36.44444444444445,1457.138888888889,136,181,166,138,156,175
2,249.22834645669292,9.723995271867611,25.11111111111111,1442.6380952380953,125,155,134,140,139,153
3,240.31428571428572,7.738100686498856,42.111111111111114,1574.5911949685535,116,152,122,128,126,116
4,241.80790960451978,4.630116366583685,48.38888888888889,1559.0342465753424,121,136,128,126,128,112
5,231.65625,3.614596670934698,54.06944444444445,1610.968819599109,113,131,114,134,100,118
6,332.88278931750745,2.016498316498316,50.65277777777777,1682.409009009009,171,205,174,196,160,174
7,834.519877675841,1.862489777945524,23.333333333333332,1969.268085106383,261,316,276,203,225,233
8,271.9935064935065,1.4019710906701708,33.958333333333336,1563.3430656934306,276,320,222,227,237,240
9,247.44660194174756,1.544233378561737,30.555555555555557,1723.9885057471265,267,308,209,218,232,240
10,204.75,1.45,26.819444444444443,1543.5555555555557,257,294,203,199,222,225
11,207.6986301369863,1.3781497874578201,40.48611111111111,1328.6567164179105,233,202,196,171,197,202
0,208.88372093023256,15.031963470319635,18.97222222222222,1509.0869565217392,208,195,169,172,179,172
1,228.6024096385542,12.854832977967304,30.75,1621.3698630136987,129,175,157,150,161,166
2,226.7248322147651,9.989145658263304,30.722222222222218,1536.8267716535433,122,156,149,124,138,144
3,213.45555555555555,7.44400527009223,47.875,1588.5125,125,167,142,129,138,91
4,210.77540106951872,5.296900668053883,46.625,1511.3225806451612,126,157,149,134,136,92
5,219.93449781659388,3.4255980861244013,48.583333333333336,1502.479381443299,136,160,123,147,99,95
6,314.0571870170015,2.4742198100407062,28.430555555555557,1647.8635547576303,189,219,189,200,139,136
7,451.1186440677966,1.878949710725412,35.5,1734.633744855967,268,308,283,214,235,190
8,346.18023255813955,1.3713369345037139,14.208333333333336,1667.3245033112582,270,318,212,228,234,219
9,225.74444444444444,1.1552667116812967,28.36111111111111,1522.3150684931506,272,316,216,225,229,223
10,266.93548387096774,1.1791848617176126,28.36111111111111,1525.8311688311687,258,287,198,204,223,204
11,236.33333333333334,1.2518858926558574,32.65277777777778,1455.3636363636363,231,212,184,194,203,190
0,246.97938144329896,15.82051282051282,34.61111111111111,1505.3186813186812,167,196,160,180,175,162
1,222.82894736842104,12.526170798898072,34.63888888888889,1538.5692307692307,163,189,149,165,148,154
2,219.48837209302326,9.667250623772363,39.5,1599.974358974359,133,174,135,152,122,103
3,225.16216216216216,6.958562439770988,41.18055555555555,1589.2407407407406,127,154,117,145,117,107
4,239.3421052631579,4.607222914072229,47.555555555555564,1598.7483870967742,133,150,126,128,82,111
5,237.194,2.906013257575757,76.54166666666667,1594.3937198067633,126,162,135,131,95,119
6,366.69558599695586,2.269735348858323,46.40277777777777,1654.6375227686704,180,205,200,152,150,162
7,948.3377926421405,1.7982717891334081,26.958333333333332,1956.7177033492824,278,310,283,224,204,233
8,296.9862068965517,1.3052840158520478,26.166666666666668,1540.4126984126983,281,320,220,232,221,240
9,232.72649572649573,1.4275897088693297,40.76388888888889,1634.621359223301,275,315,211,233,214,229
10,248.3,1.3077195606818095,33.98611111111111,1635.1884057971015,250,228,203,226,207,223
11,228.9672131147541,1.2508290111385085,40.180555555555564,1557.0681818181818,248,224,189,201,185,191
0,217.64646464646464,16.95581039755352,35.166666666666664,1426.0238095238096,155,189,157,188,205,196
1,235.2967032967033,12.515333333333336,44.65277777777778,1673.5277777777778,152,175,141,172,182,178
2,235.6864406779661,10.524252324704698,36.166666666666664,1572.55,145,147,129,153,171,120
3,258.67977528089887,7.602531231247612,38.23611111111111,1718.7350993377484,138,136,122,153,150,98
4,234.38787878787878,5.239669421487603,81.7361111111111,1569.0211267605634,142,140,115,149,88,92
5,243.94096601073346,3.041480377545952,68.6111111111111,1665.824152542373,136,139,122,137,102,96
6,560.9111791730475,2.8320203081232487,60.0,1887.412915851272,211,216,183,158,147,173
7,1443.2207792207791,2.416689326988443,37.16666666666667,2499.28125,270,318,203,221,219,240
8,349.0,1.587937871777925,37.041666666666664,1807.6,276,320,214,228,235,240
9,245.1604938271605,1.4104668870482484,43.68055555555555,1677.768115942029,283,234,210,220,238,232
10,249.08860759493672,1.4252056545004395,46.875,1477.0983606557377,250,230,192,209,225,212
11,238.41558441558442,1.610827181525648,47.49999999999999,1544.8387096774193,169,207,178,201,216,203
0,222.92134831460675,14.372682926829267,22.152777777777775,1433.876712328767,195,162,150,175,168,175
1,212.24752475247524,12.840579710144928,33.888888888888886,1455.8539325842696,145,152,135,160,168,160
2,210.38235294117646,9.94077909270217,33.52777777777778,1495.702479338843,145,146,119,143,162,130
3,228.64102564102564,6.989509116409537,35.02777777777778,1592.1153846153845,140,134,120,139,146,96
4,216.32460732984293,5.132575982870397,38.416666666666664,1580.047619047619,137,120,119,130,124,101
5,220.6875,3.5823182459289646,69.875,1564.8088235294117,135,128,112,133,90,111
6,251.47642276422764,3.018914261094356,51.875,1522.405253283302,179,197,177,195,141,166
7,602.7443181818181,2.6066409977951093,34.06944444444444,1815.819188191882,255,299,262,197,203,231
8,267.9622641509434,1.6213984327908375,22.861111111111114,1544.102189781022,270,311,305,226,228,240
9,224.46391752577318,1.341455912508544,27.208333333333332,1557.547619047619,268,298,216,228,226,227
10,239.3125,1.2502210759027268,40.05555555555555,1534.2641509433963,256,281,195,211,204,210
11,199.74576271186442,1.5312570832766672,33.27777777777778,1526.46,233,190,171,194,182,191
0,248.11009174311926,15.203532658693652,35.80555555555556,1599.6444444444444,214,156,168,196,180,173
1,218.09756097560975,12.270611229566454,44.333333333333336,1550.0684931506848,146,145,156,174,163,154
2,235.04109589041096,8.487179487179487,26.486111111111114,1570.3852459016393,126,138,133,161,142,132
3,225.33928571428572,5.786561264822135,67.22222222222223,1590.543624161074,125,138,137,159,119,81
4,212.30246913580248,3.840766472433887,38.59722222222222,1604.7426470588234,116,134,155,150,129,92
5,228.3079847908745,2.4595131644311974,69.625,1584.8337078651684,126,118,149,152,97,90
6,247.9984301412873,1.8031122031122033,40.97222222222222,1524.2649253731342,184,185,217,226,139,159
7,583.7467532467532,2.0167465643975713,25.38888888888889,1802.2254098360656,255,262,305,240,215,213
8,290.6986301369863,1.4702908129543957,10.541666666666666,1592.904,283,279,240,240,240,231
9,246.49473684210525,1.4163094440723374,34.47222222222222,1595.3625,281,281,239,234,234,224
10,231.54430379746836,1.5050465282748746,33.416666666666664,1362.5333333333333,265,251,216,221,221,223
11,249.955223880597,1.5429713524317121,32.93055555555556,1652.6491228070176,238,162,182,213,199,191
0,228.53684210526316,14.92293577981651,25.430555555555554,1582.0595238095239,207,160,159,180,194,190
1,201.09782608695653,12.031369982547993,28.777777777777782,1514.0121951219512,142,152,147,167,175,172
2,220.0,8.914402697495184,45.458333333333336,1553.7603305785124,137,137,132,153,153,153
3,220.35135135135135,6.232519049753472,27.916666666666668,1593.5530303030303,138,129,121,143,143,102
4,230.90751445086704,3.508654579592795,45.40277777777778,1616.0738255033557,126,123,127,136,132,97
5,244.72052401746726,3.1875941737820197,83.76388888888889,1606.3341584158416,122,113,128,142,113,106
6,271.5593471810089,2.418252979896816,37.5,1563.0451263537907,171,162,174,211,160,144
7,497.123417721519,1.6186635944700463,28.08333333333334,1819.9351145038167,275,254,291,217,223,228
8,378.75,1.0759259259259262,14.097222222222221,1710.7304964539007,284,288,239,236,231,234
9,221.2289156626506,1.2131578947368424,30.722222222222225,1564.8529411764705,281,283,230,240,235,232
10,215.2134831460674,1.1539426523297491,34.08333333333333,1475.0704225352113,265,260,211,214,228,217
11,243.05797101449275,1.0135878912968697,35.416666666666664,1386.327868852459,241,177,189,200,220,197
0,220.23076923076923,14.748815165876778,22.388888888888886,1442.2121212121212,194,158,161,173,186,183
1,219.1038961038961,12.062106918238992,26.277777777777775,1517.6716417910447,135,136,143,149,165,173
2,214.61870503597123,8.379518705338379,44.90277777777777,1659.9910714285713,125,121,131,129,140,147
3,239.54268292682926,5.841145833333333,27.125,1555.6076923076923,120,119,129,135,132,133
4,220.3435582822086,4.004140786749482,53.24999999999999,1571.886524822695,128,119,124,131,131,81
5,232.39644970414201,2.633674018289403,67.1388888888889,1569.7567567567567,128,124,114,121,104,85
6,240.84876543209876,1.9757663086193349,42.583333333333336,1546.0823970037454,176,183,168,190,169,155
7,514.2610169491526,2.0378343118069147,10.625,1566.8051948051948,254,270,263,217,240,216
8,253.5958904109589,1.5140164034765573,11.597222222222223,1531.275590551181,272,306,275,223,240,240
9,225.5977011494253,1.34000693962526,37.833333333333336,1557.2739726027398,270,300,184,219,235,233
10,212.84337349397592,1.021375464684015,31.0,1432.942857142857,241,283,180,202,219,220
11,213.0,1.2836182527931081,40.63888888888889,1460.7727272727273,211,186,173,191,210,202
0,217.91954022988506,14.423249767873724,18.416666666666664,1394.5945945945946,215,168,163,173,183,175
1,212.9108910891089,10.714508975712775,24.958333333333332,1507.2298850574712,192,139,150,154,160,152
2,235.26875,8.102559241706162,17.041666666666668,1631.9117647058824,171,137,131,136,142,127
3,217.23626373626374,5.9499178981937595,24.041666666666668,1565.3544303797469,139,134,123,142,137,137
4,220.98101265822785,4.231055900621118,39.11111111111111,1564.365671641791,147,145,130,132,137,114
5,217.3546511627907,3.4275270008307945,68.68055555555556,1572.2232558139535,147,140,126,130,127,115
6,354.0713224368499,2.3404537175028977,34.91666666666667,1582.8504347826088,206,203,188,188,142,171
7,1214.6094674556214,1.5902864259028644,11.319444444444445,2096.365740740741,281,298,297,295,213,222
8,281.4649681528662,0.9620306272288653,10.319444444444445,1450.5285714285715,287,306,299,231,230,236
9,210.7787610619469,0.8873713921515068,17.47222222222222,1453.2755102040817,283,298,299,236,220,233
10,252.9878048780488,0.6974137931034484,8.958333333333334,1622.263888888889,259,291,204,212,215,211
11,191.71875,0.8249602543720191,12.486111111111112,1400.1052631578948,230,255,187,196,201,189
0,229.15841584158414,13.667917448405253,8.875,1352.8222222222223,224,218,160,157,156,151
1,216.31914893617022,11.358644067796613,12.055555555555555,1505.8488372093022,203,150,141,160,150,140
2,213.02547770700636,8.23852534562212,12.069444444444443,1560.351145038168,189,140,121,147,137,134
3,204.3125,5.052721088435374,20.34722222222222,1624.0136054421769,130,131,116,140,133,134
4,217.36054421768708,3.2060457516339866,30.763888888888886,1446.4274193548388,126,138,121,128,130,122
5,219.15536105032822,2.7489481065918655,56.77777777777778,1523.1237373737374,111,142,118,122,134,86
6,237.70443349753694,2.3002586998247523,23.26388888888889,1516.9666666666667,164,183,159,188,203,145
7,415.6118421052632,1.8569969356486205,3.9583333333333335,1538.9753086419753,252,250,252,266,196,208
8,209.66666666666666,1.4796480938416419,3.6666666666666665,1444.8223684210527,280,280,273,291,216,210
9,208.83,1.2501375805250718,15.444444444444445,1332.8433734939758,277,284,272,213,220,205
10,212.5897435897436,1.215919360444908,9.25,1305.0298507462687,257,257,261,194,207,194
11,220.5,1.500988467874794,22.583333333333332,1326.134328358209,245,247,185,178,184,175
0,225.02898550724638,14.800528800755432,20.805555555555557,1507.5833333333333,206,177,164,156,180,176
1,189.38144329896906,11.83590181430096,23.402777777777775,1565.4,177,157,135,142,163,163
2,218.008,9.642717346518337,27.569444444444446,1477.4495412844037,119,140,117,131,147,155
3,203.11111111111111,6.5597112860892395,34.13888888888889,1553.8439716312057,115,130,112,132,134,139
4,221.6,3.9061015710632074,51.083333333333336,1553.1836734693877,111,121,116,122,140,104
5,227.48453608247422,2.850712854954636,59.79166666666666,1552.7565011820332,118,128,121,132,134,105
6,221.79,1.990149306475837,39.44444444444445,1524.0650095602296,184,179,163,199,152,152
7,279.3258064516129,1.514246947082768,9.194444444444445,1534.0114942528735,244,275,246,293,206,210
8,265.7278481012658,1.4137019969278035,5.194444444444444,1453.5255474452554,280,308,279,233,218,232
9,214.04807692307693,1.5858470878391198,14.333333333333334,1481.887640449438,275,303,273,215,220,220
10,243.8987341772152,1.5559549745824255,10.013888888888888,1478.8985507246377,260,294,195,201,206,221
11,219.6764705882353,1.5999999999999999,23.166666666666668,1364.6842105263158,228,270,191,173,198,200
0,218.10679611650485,13.55157260114767,12.722222222222223,1571.4545454545455,190,217,154,158,164,176
1,240.83529411764707,10.802875816993467,18.333333333333332,1579.0526315789473,177,147,144,152,140,158
2,197.8985507246377,8.474499396863692,13.555555555555557,1490.282258064516,164,123,128,149,123,142
3,205.7516339869281,5.965095986038395,19.23611111111111,1385.9465648854962,119,128,123,138,127,129
4,221.9668508287293,3.7992524186455587,42.59722222222222,1451.453947368421,134,132,120,135,115,122
5,211.93306288032454,3.939715016441359,52.055555555555564,1533.8618266978922,138,135,107,129,116,89
6,235.90821256038646,2.3049636654760435,20.25,1494.9671814671815,209,194,158,185,179,134
7,288.3301886792453,1.3899521531100478,9.319444444444443,1535.358695652174,274,272,251,261,186,200
8,239.27142857142857,1.1275770975707806,3.611111111111111,1388.8655462184875,279,305,281,277,214,227
9,238.9591836734694,1.0541783222404424,9.48611111111111,1372.2117647058824,275,303,277,192,214,220
10,209.0952380952381,1.3553430011313383,14.0,1368.0882352941176,253,277,261,185,211,202
11,221.9264705882353,1.4717035217035217,12.069444444444443,1368.2758620689656,231,256,181,174,186,193
0,218.52830188679246,14.183821516561729,13.194444444444445,1401.7471264367816,211,249,165,157,169,173
1,239.01063829787233,11.755231243576567,12.597222222222221,1569.8313253012047,200,174,147,145,159,148
2,229.0060975609756,9.032560275545348,14.027777777777777,1494.1319444444443,184,157,122,133,134,141
3,203.0670731707317,8.02518315018315,15.694444444444445,1462.8187919463087,141,157,107,141,138,135
4,210.64772727272728,4.024979009235936,39.388888888888886,1470.0067567567567,133,147,107,133,132,142
5,222.760162601626,3.0133212402925005,63.361111111111114,1499.762013729977,130,150,119,134,136,98
6,238.06885758998436,1.7133745105163294,13.180555555555557,1505.3471698113208,185,200,168,193,202,129
7,328.44871794871796,1.5125958378970428,11.666666666666666,1535.9471698113207,268,272,273,274,210,197
8,254.431654676259,1.130031909671085,3.125,1442.0081967213114,276,300,301,223,229,223
9,223.01,1.206648697214735,9.805555555555555,1604.6352941176472,271,285,286,204,213,225
10,227.36144578313252,0.8675153229608674,21.458333333333332,1385.3142857142857,261,275,267,190,208,213
11,233.34444444444443,0.9467346938775509,10.01388888888889,1467.7733333333333,234,262,180,170,186,193
0,202.25,13.52879283378359,18.027777777777782,1319.2567567567567,203,216,164,150,175,174
1,201.31521739130434,11.38036208732694,17.152777777777775,1445.0365853658536,188,152,156,136,155,152
2,207.22758620689655,9.238014184397162,15.958333333333334,1487.7459016393443,166,134,139,125,140,142
3,202.301775147929,7.371794871794872,21.888888888888886,1492.91875,114,132,138,127,143,126
4,212.67283950617283,4.657075873827792,27.486111111111114,1469.7534246575342,110,140,136,129,149,118
5,217.14465408805032,2.9455190771960953,47.833333333333336,1526.356608478803,109,136,134,127,140,89
6,233.1561051004637,1.7988257995648071,34.48611111111111,1497.0055970149253,164,193,195,183,195,129
7,369.65830721003135,2.186662963648707,10.069444444444445,1584.4656488549617,244,283,283,270,206,187
8,308.6547619047619,1.5014284898005827,0.0,1504.0074074074073,261,291,305,288,234,212
9,223.5257731958763,1.15348896788036,3.0555555555555554,1309.4096385542168,256,274,303,211,228,215
10,206.28395061728395,1.403242147922999,18.76388888888889,1363.8,236,265,287,200,217,205
11,243.28571428571428,1.2652754590984974,9.375,1638.983870967742,216,234,178,176,197,197
0,196.12871287128712,14.272048224348053,4.777777777777778,1358.3483146067415,222,242,171,173,184,182
1,202.2125,11.582178217821783,12.263888888888891,1546.513888888889,192,159,154,174,174,157
2,226.95424836601308,8.612429378531074,0.0,1555.5681818181818,170,143,139,152,139,142
3,203.97093023255815,6.479674796747969,12.055555555555555,1530.886075949367,135,135,139,149,137,125
4,211.03658536585365,4.340462610899873,14.875,1516.013888888889,123,149,136,130,130,121
5,205.67279411764707,3.6189335887611747,44.458333333333336,1463.0537634408602,123,156,121,127,136,120
6,239.56335877862597,3.5867613769416904,14.263888888888891,1505.7083333333333,190,239,177,184,208,116
7,414.9674556213018,1.6744344025045774,11.888888888888888,1720.2534246575342,262,289,293,292,230,173
8,599.96,1.0358192705498093,2.5833333333333335,1763.2193548387097,281,304,309,311,240,225
9,227.12121212121212,1.1036769138034963,10.23611111111111,1379.894117647059,273,305,305,229,240,228
10,226.39,0.91699016563147,6.277777777777778,1268.7831325301204,262,286,281,213,217,213
11,204.2077922077922,0.833676582761251,3.2361111111111107,1381.6176470588234,252,268,191,201,201,198
0,228.24175824175825,14.0502850306144,14.847222222222223,1445.7066666666667,213,239,175,151,152,163
1,221.30263157894737,12.191768355739402,16.930555555555554,1457.25,200,169,153,143,152,150
2,200.54248366013073,9.145882352941175,15.5,1501.381679389313,180,150,138,121,129,132
3,231.78205128205127,7.068956503554999,18.819444444444446,1490.8592592592593,127,150,143,121,129,127
4,224.26923076923077,5.181995364517489,41.125,1504.0191082802548,115,149,141,119,130,137
5,214.25835189309578,4.410247632089467,38.5,1463.195,111,156,141,130,116,108
6,231.23512336719884,2.814553601062064,16.01388888888889,1489.9010416666667,172,202,182,167,179,146
7,374.038961038961,2.352948402948403,9.305555555555555,1622.611111111111,268,288,294,229,180,221
8,274.4166666666667,1.4909147339314939,7.013888888888888,1531.4202898550725,285,314,313,271,195,233
9,218.85087719298247,1.4127619047619047,11.861111111111109,1487.90099009901,281,309,308,194,182,226
10,223.59595959595958,1.5807518796992472,18.708333333333332,1480.342105263158,269,291,298,184,171,212
11,189.06896551724137,1.6097719869706841,11.458333333333334,1405.9591836734694,245,269,196,168,166,184
0,204.0744680851064,14.815742397137747,18.375,1415.6375,208,251,142,168,167,182
1,204.58823529411765,12.472393162393166,24.097222222222218,1415.7466666666667,188,156,120,156,150,166
2,211.906432748538,9.149700598802397,16.958333333333332,1484.4689655172415,161,140,116,142,128,148
3,221.83040935672514,6.729403708386009,7.291666666666667,1482.7972972972973,123,142,119,132,135,140
4,222.04242424242423,4.468143459915612,25.277777777777775,1508.03007518797,121,144,114,131,139,141
5,218.59470468431772,2.99631741506296,49.583333333333336,1523.791011235955,124,128,120,128,137,95
6,232.31465517241378,1.9192894224529524,28.277777777777782,1530.9868204283362,196,174,169,195,198,140
7,703.5230769230769,1.7074775257486456,8.11111111111111,1823.922131147541,285,266,260,285,207,224
8,227.7639751552795,0.9361998361998359,3.0277777777777772,1362.3034482758621,292,310,292,309,228,234
9,216.26530612244898,0.9507230358294191,13.708333333333334,1395.4022988505747,283,309,284,223,222,230
10,246.14285714285714,1.15927750410509,11.347222222222221,1482.3125,266,295,253,211,209,216
11,210.97101449275362,1.4165605095541403,14.138888888888888,1398.2372881355932,244,275,165,182,183,207
0,222.86274509803923,15.05254329990884,16.694444444444446,1432.4623655913979,207,192,177,189,160,172
1,218.66265060240963,11.925561072492552,37.94444444444445,1445.1739130434783,193,167,170,173,149,155
2,237.14012738853503,8.716756919374248,31.694444444444443,1486.4609929078015,124,149,144,148,132,134
3,219.05095541401275,6.622034764826176,31.222222222222218,1614.2554744525548,113,142,146,149,133,132
4,223.11797752808988,3.6956521739130435,37.49999999999999,1527.2848101265822,108,135,133,128,138,94
5,216.38492063492063,2.5537152058891186,40.91666666666667,1542.8909952606634,123,128,134,133,139,99
6,265.2143950995406,1.9151713581086827,34.791666666666664,1556.02296819788,174,206,191,188,153,157
7,573.0700636942676,1.8497652582159625,17.84722222222222,1657.716,261,298,294,209,223,206
8,247.21985815602838,1.274393530997305,13.75,1440.08547008547,270,314,311,238,240,217
9,241.62809917355372,1.0831011208124341,23.916666666666668,1493.3564356435643,269,305,301,224,229,210
10,211.85263157894738,1.05065170166546,26.263888888888886,1396.093023255814,260,293,211,214,205,198
11,236.75903614457832,1.1562893081761005,28.694444444444446,1414.7575757575758,229,271,199,196,186,191
0,239.89583333333334,15.712090395480228,37.31944444444444,1567.7228915662652,217,182,149,137,175,202
1,197.289156626506,13.545709298052186,38.97222222222222,1582.04,151,156,135,125,151,189
2,198.25786163522014,10.241851168511685,35.22222222222222,1545.144927536232,138,131,127,109,141,167
3,215.08771929824562,7.590528151189604,34.38888888888889,1494.0945945945946,135,133,140,114,138,113
4,244.0062111801242,5.420786967993575,32.59722222222222,1501.5839416058395,125,130,133,117,140,113
5,229.38025210084032,3.468498126915655,50.416666666666664,1585.1197007481296,120,127,128,119,146,126
6,288.2590266875981,2.527449249779347,30.472222222222218,1649.6758747697975,176,185,182,156,167,164
7,922.3033333333333,2.890152629342746,34.90277777777778,2227.9478260869564,250,292,288,165,237,225
8,358.6592592592593,2.034208216026399,20.458333333333336,1627.5765765765766,276,317,290,210,240,240
9,231.06,2.330985426786954,40.111111111111114,1488.6022727272727,264,316,201,195,230,235
10,210.03571428571428,2.1818316100443127,27.444444444444446,1564.7954545454545,257,299,195,177,202,224
11,214.75,2.316812348893435,36.81944444444444,1266.7529411764706,232,199,170,146,178,207
0,223.18627450980392,14.358651685393257,39.708333333333336,1396.3068181818182,215,161,163,174,165,190
1,219.010101010101,11.152687296416937,28.98611111111111,1505.6777777777777,144,143,150,162,154,168
2,220.76119402985074,7.399313962873286,20.40277777777778,1584.575221238938,131,141,132,141,139,142
3,233.69032258064516,6.043649210781242,35.55555555555556,1590.090909090909,125,141,131,132,135,99
4,233.33333333333334,4.222053852430354,35.34722222222222,1611.673076923077,125,132,132,122,130,105
5,232.36703296703297,3.350170691617146,58.47222222222222,1571.2241813602016,132,131,135,127,82,112
6,307.917701863354,3.162274923144488,39.06944444444444,1639.2801484230056,188,194,186,181,124,162
7,748.9554794520548,2.0047553905283046,20.13888888888889,1901.506976744186,256,280,281,204,215,226
8,248.78205128205127,1.212188026335936,25.180555555555557,1520.392,284,298,294,224,220,235
9,241.6697247706422,1.0606722106722106,27.472222222222218,1481.5625,277,293,206,223,214,230
10,207.2439024390244,1.1547549378200437,28.541666666666668,1448.9705882352941,271,266,187,211,212,220
11,205.10169491525423,1.0079502553852984,24.125,1359.1875,248,177,177,200,178,205
0,209.51282051282053,16.262378944079977,33.44444444444444,1471.5694444444443,165,170,179,181,184,188
1,240.873417721519,13.617494824016562,45.13888888888889,1554.5806451612902,165,155,166,157,166,157
2,250.0078125,11.357580159800769,42.72222222222222,1524.732142857143,144,129,150,154,153,108
3,222.7941176470588,8.682020557357225,47.666666666666664,1575.084745762712,138,127,132,155,144,95
4,215.57055214723925,5.580479011073912,64.38888888888889,1599.6319444444443,138,123,111,138,95,101
5,224.6294227188082,3.689317195105907,72.30555555555556,1557.3914988814317,133,126,103,133,95,101
6,326.8484398216939,2.984126984126984,50.86111111111111,1670.8566308243728,214,191,157,144,142,160
7,797.1212121212121,1.7374276813529157,30.833333333333332,2066.598360655738,279,298,252,215,223,231
8,292.51145038167937,1.2138743455497385,24.652777777777775,1501.408695652174,289,312,207,240,240,240
9,205.68,1.417251856853478,52.388888888888886,1628.1379310344828,274,297,198,235,239,238
10,239.0344827586207,1.4455129484058895,45.59722222222223,1698.8701298701299,258,212,196,214,214,225
11,193.17460317460316,1.8287775891341258,32.18055555555556,1484.1176470588234,242,191,192,193,203,219
0,246.125,16.501461988304094,63.611111111111114,1667.7435897435898,141,193,176,175,169,172
1,221.43589743589743,13.198965024982158,50.875,1504.9583333333333,137,176,156,152,158,155
2,226.56410256410257,10.194405981722515,39.958333333333336,1474.7111111111112,127,151,143,129,131,104
3,236.62146892655366,7.608807999101226,47.23611111111111,1642.2368421052631,127,141,151,128,130,97
4,223.68783068783068,5.360647571606476,49.875,1612.6352941176472,130,145,137,142,91,85
5,238.34489795918367,3.950284090909092,46.34722222222223,1649.0164705882353,145,152,136,152,100,83
6,704.4984615384616,3.9620819490586934,45.30555555555555,1986.1538461538462,227,209,180,170,152,137
7,816.8256578947369,2.5216791979949877,29.430555555555557,2012.6666666666667,271,298,289,214,221,227
8,240.66455696202533,1.8284750337381914,37.31944444444444,1600.4758620689656,273,306,220,218,231,234
9,243.63291139240508,1.829043411448329,49.13888888888889,1678.4027777777778,261,225,217,214,219,234
10,256.30232558139534,1.9293244988956957,45.47222222222223,1676.9305555555557,232,212,201,198,202,218
11,199.93150684931507,2.003895356557921,36.93055555555556,1529.8333333333333,211,202,205,185,183,203
0,204.32967032967034,16.27756892230576,42.5,1694.566265060241,153,198,181,167,181,184
1,268.88,12.52639751552795,50.5,1379.5079365079366,145,174,159,152,163,173
2,225.77358490566039,10.224883917264668,39.56944444444444,1521.7823129251701,139,147,147,131,150,110
3,218.65868263473052,7.450667839278843,54.083333333333336,1583.029197080292,143,140,131,136,135,106
4,221.80434782608697,5.912169503802971,53.583333333333336,1682.8181818181818,145,134,151,128,89,106
5,239.19056974459724,3.5334432406971255,58.666666666666664,1612.4638694638695,141,149,145,130,89,118
6,309.1470113085622,2.545787545787546,44.70833333333332,1717.1663516068054,196,226,201,150,124,169
7,940.1483870967742,2.2297175246815537,41.68055555555555,2112.192118226601,272,311,294,225,192,235
8,310.3525641025641,1.6563829787234043,39.68055555555556,1664.557251908397,274,320,224,224,222,240
9,226.4,1.3970350404312668,39.30555555555556,1564.878048780488,276,317,225,219,218,229
10,223.86301369863014,1.187741909740234,42.25,1512.111111111111,256,221,213,208,205,216
11,241.6235294117647,1.2615318784766796,38.15277777777778,1608.2615384615385,233,214,198,198,191,196
0,228.9787234042553,16.24259974259974,50.888888888888886,1664.942528735632,140,179,186,182,172,177
1,253.03092783505156,11.96656050955414,43.166666666666664,1595.6538461538462,133,163,172,165,150,159
2,248.3483870967742,8.913849626484657,52.65277777777778,1487.7761194029852,123,137,150,155,136,108
3,222.6818181818182,5.869676131322092,38.68055555555556,1545.3046357615895,116,137,135,150,146,100
4,223.19480519480518,4.344328773756204,44.763888888888886,1526.5434782608695,118,131,143,148,113,98
5,220.25725338491296,3.2837410247048795,71.75,1638.065168539326,124,133,132,151,105,102
6,272.4739583333333,2.6079470798785738,56.97222222222222,1609.1385542168675,182,179,202,175,139,174
7,918.6012658227849,2.018174228558585,34.44444444444444,1993.8636363636363,264,276,273,224,220,226
8,278.11333333333334,1.582417950435365,32.90277777777778,1643.6940298507463,275,301,222,230,230,235
9,236.59649122807016,1.4115384615384614,37.19444444444444,1488.4591836734694,270,286,224,219,227,230
10,240.41935483870967,1.2498901011069818,46.708333333333336,1609.7777777777778,249,210,220,218,210,210
11,245.68478260869566,1.5060728744939271,43.25,1550.1666666666667,223,186,200,197,190,187
0,247.56435643564356,15.224653641207816,28.98611111111111,1511.909090909091,222,179,169,192,167,197
1,202.21978021978023,12.126811594202898,35.875,1522.5432098765432,145,162,149,181,149,180
2,213.1027397260274,9.073565496413742,24.708333333333332,1546.6774193548388,131,159,139,157,132,165
3,217.35220125786162,6.757384666445403,38.069444444444436,1527.3971631205675,131,148,137,131,127,112
4,220.4935064935065,4.473708172091965,46.333333333333336,1543.3636363636363,128,142,132,130,128,104
5,234.65376344086022,2.9345014871330655,58.166666666666664,1629.075794621027,136,137,125,119,98,88
6,244.95846645367413,2.438117709910071,39.0,1547.1899441340781,210,193,183,166,137,132
7,375.538961038961,1.3926846100759145,31.236111111111114,1631.1146245059288,282,291,266,217,197,196
8,290.9573170731707,1.0471936062235998,32.93055555555555,1587.7194244604316,288,304,299,229,224,223
9,204.57142857142858,0.7546195652173912,28.111111111111114,1464.313253012048,287,302,207,228,219,229
10,200.72222222222223,1.0863636363636364,34.05555555555556,1451.671052631579,273,276,183,223,204,216
11,232.55128205128204,0.8114177953025887,38.22222222222222,1579.8285714285714,248,200,179,207,185,209
0,221.5,15.492904378909742,40.263888888888886,1555.10989010989,213,164,181,202,179,180
1,233.54901960784315,12.327820512820512,30.416666666666668,1516.6555555555556,128,152,171,190,163,171
2,228.7972972972973,9.617432841468027,37.916666666666664,1673.5294117647059,119,135,161,171,141,154
3,242.0159574468085,6.318766353059066,68.4861111111111,1599.9068322981366,104,123,161,159,141,93
4,218.5846994535519,4.746838463373896,35.736111111111114,1611.3311258278145,103,136,148,163,120,92
5,229.0451866404715,2.9161331626120357,47.236111111111114,1583.0045977011494,123,129,159,155,123,92
6,326.19634703196346,1.9753067002201952,34.19444444444445,1563.8155893536123,196,187,239,216,180,138
7,1233.2486033519554,1.3323514972999513,11.138888888888888,2299.3708333333334,287,292,314,221,227,211
8,335.19161676646706,0.6582633053221287,23.944444444444446,1639.3671875,292,300,320,240,240,240
9,219.68269230769232,0.9514588859416444,28.01388888888889,1627.4897959183672,287,290,228,231,233,239
10,231.76543209876544,1.2654009936124913,32.625,1531.958904109589,266,260,221,219,221,222
11,225.86075949367088,1.5356137507463958,44.27777777777778,1632.4202898550725,239,173,202,214,203,203
0,213.45,15.156685082872926,26.444444444444443,1410.7472527472528,215,160,170,176,165,200
1,212.72826086956522,12.525258964143427,30.861111111111114,1425.6315789473683,188,144,171,159,153,189
2,197.3310810810811,9.564207650273223,36.01388888888889,1594.4926470588234,123,139,151,144,141,156
3,217.2037037037037,6.331599411517444,27.125,1492.2340425531916,127,126,141,132,134,133
4,212.50980392156862,3.6168478260869565,27.041666666666668,1566.9777777777779,121,134,116,140,133,92
5,215.17714285714285,2.0923988631553483,48.06944444444445,1563.9690949227372,121,127,116,129,140,86
6,249.17424242424244,2.1315789473684212,29.736111111111114,1591.1258741258741,166,176,179,210,165,149
7,929.351724137931,1.9869721473495057,11.208333333333334,2063.193396226415,264,257,279,224,225,235
8,331.7083333333333,1.5604115451151785,13.875,1459.5371900826447,280,304,291,227,227,240
9,236.9655172413793,2.015622872702519,32.13888888888889,1434.9041095890411,268,301,210,225,225,240
10,241.01098901098902,1.6828238719068416,25.38888888888889,1587.611111111111,249,274,198,211,213,229
11,217.15384615384616,1.55,24.75,1501.7777777777778,244,251,183,190,189,223
0,215.0625,14.765017921146955,5.611111111111111,1360.3970588235295,216,176,169,178,187,190
1,223.0392156862745,12.255396825396824,15.097222222222223,1533.340425531915,205,157,161,162,167,156
2,230.58333333333334,8.91777777777778,25.777777777777775,1656.793893129771,181,143,135,157,145,139
3,223.32620320855614,6.576860841423948,25.458333333333332,1389.9112426035504,140,130,131,138,141,144
4,213.3913043478261,4.341844813935075,35.68055555555555,1564.4573170731708,144,135,149,136,138,140
5,221.59026369168356,2.660164214470712,42.15277777777778,1540.7840375586854,145,135,149,125,132,103
6,241.0082644628099,2.203842549203374,28.541666666666668,1521.4789762340038,205,197,187,176,135,167
7,289.12292358803984,1.9471872774744836,11.930555555555557,1600.7370517928287,271,296,281,266,189,229
8,278.34193548387094,0.7163403432438962,4.027777777777778,1622.7785714285715,283,308,290,231,224,240
9,200.3068181818182,0.5642733777448802,19.305555555555557,1470.0857142857142,283,287,296,219,222,237
10,236.34939759036143,0.4518050541516246,27.569444444444443,1411.3424657534247,270,267,201,210,220,217
11,234.0722891566265,0.6099221789883269,20.555555555555554,1467.150684931507,241,252,179,198,210,205
0,201.13924050632912,14.789045323047253,12.097222222222221,1411.6575342465753,195,181,152,140,170,199
1,219.32467532467533,11.664516129032258,14.819444444444443,1483.3333333333333,171,155,147,133,144,180
2,202.90070921985816,8.57285371702638,17.416666666666668,1517.6377952755906,152,147,138,114,128,155
3,223.0969696969697,6.061482433590403,27.333333333333332,1522.798611111111,129,132,134,115,127,141
4,233.63005780346822,3.8435897435897437,35.59722222222222,1453.7586206896551,128,135,137,108,134,138
5,209.8780487804878,2.654000730727074,40.30555555555556,1534.463700234192,122,123,134,102,133,100
6,221.55135951661632,2.0517521090201165,45.930555555555564,1535.8862815884477,187,178,185,178,200,144
7,429.77464788732397,1.9849885913294103,5.902777777777778,1618.890034364261,272,264,269,269,218,222
8,222.78571428571428,0.9855150055025133,8.083333333333334,1479.3622047244094,284,311,320,220,233,233
9,186.80232558139534,0.9949696015801004,8.972222222222223,1453.054794520548,274,303,299,207,225,235
10,214.44827586206895,1.2823608316566062,22.666666666666668,1318.5211267605634,258,278,279,180,203,222
11,244.1549295774648,1.713157894736842,22.13888888888889,1485.6315789473683,227,273,175,163,190,207
0,212.7391304347826,15.499543378995435,19.23611111111111,1364.4318181818182,220,163,165,188,174,185
1,205.73563218390805,12.847999999999999,21.916666666666668,1557.5945945945946,205,153,156,167,144,175
2,210.25850340136054,10.226461988304093,18.444444444444446,1524.4076923076923,137,140,143,151,131,153
3,212.15025906735752,7.618604879968518,13.916666666666666,1470.2787878787879,142,136,146,147,131,145
4,209.03703703703704,4.8852713178294564,34.90277777777778,1621.7164179104477,154,138,151,130,131,156
5,220.64660194174758,3.28087070488347,61.59722222222222,1537.6454545454546,144,130,142,125,121,101
6,245.46319018404907,2.489852008456659,23.291666666666668,1559.6443298969073,219,172,200,195,134,155
7,1033.9123867069486,1.1727957971676568,21.01388888888889,2137.0978723404255,279,285,291,295,223,219
8,266.12582781456956,0.938528138528139,13.805555555555555,1408.4307692307693,290,315,296,226,228,240
9,234.35922330097088,0.9961406387698665,15.263888888888888,1391.8977272727273,283,300,289,225,230,240
10,235.77906976744185,1.26242774566474,26.26388888888889,1673.7671232876712,262,271,194,219,215,223
11,216.28865979381445,1.3097791798107254,10.722222222222223,1485.5277777777778,241,240,185,200,197,205
0,192.79310344827587,14.850943396226414,34.888888888888886,1449.7066666666667,206,182,157,167,157,191
1,216.9777777777778,12.181443298969075,21.375,1500.0821917808219,195,158,152,150,142,173
2,219.66433566433565,10.110258724428398,21.569444444444446,1564.8760330578511,138,132,139,139,122,161
3,243.65317919075144,7.124794745484401,37.611111111111114,1620.1972789115646,138,131,133,137,120,153
4,214.56470588235294,5.2343946137167645,38.458333333333336,1549.7094594594594,145,138,129,133,122,95
5,225.5529865125241,2.8090273664257794,49.77777777777778,1550.5863636363636,134,137,117,126,125,95
6,368.4498480243161,2.427615780445969,35.625,1706.7007042253522,194,204,172,195,138,157
7,1120.5247524752476,2.366045548654244,17.84722222222222,2219.877358490566,263,297,273,212,220,230
8,363.4375,1.5571489078477645,24.23611111111111,1637.2748091603053,281,318,294,217,224,240
9,280.1777777777778,1.6471447994561519,38.05555555555555,1613.1052631578948,281,312,205,215,220,238
10,220.09302325581396,1.8471025260029714,13.319444444444445,1529.592105263158,263,284,178,193,205,223
11,221.86666666666667,1.5213478611783695,41.72222222222222,1585.8208955223881,239,260,171,179,178,212
0,190.33333333333334,15.007407407407408,28.694444444444443,1547.1384615384616,210,171,146,183,184,186
1,223.3132530120482,11.37135902636917,22.930555555555554,1456.890410958904,185,155,130,175,168,173
2,229.58823529411765,9.038025889967638,21.25,1565.9159663865546,127,135,113,149,152,148
3,218.87362637362637,6.108843537414966,30.38888888888889,1501.3164556962026,113,126,120,138,146,141
4,221.74418604651163,4.292490118577075,32.125,1629.3586206896553,116,128,125,133,142,115
5,223.6404958677686,2.5565450206623597,52.59722222222223,1536.1834170854272,105,122,126,136,147,111
6,252.452802359882,1.4723978274419014,31.38888888888889,1540.659829059829,165,167,185,198,145,161
7,660.1640866873065,1.870765333176221,7.722222222222222,1824.8132295719845,266,247,272,299,221,238
8,409.2130177514793,1.14526062791047,11.638888888888888,1532.9007633587787,281,301,292,236,235,240
9,212.6060606060606,0.8570206002811909,24.277777777777775,1379.641975308642,278,302,284,228,231,235
10,215.12987012987014,0.8667149059334299,23.125,1450.1176470588234,263,281,186,221,212,219
11,240.27397260273972,1.0812252964426878,15.458333333333334,1485.6440677966102,240,253,170,199,200,203
0,214.4406779661017,14.799083094555872,25.98611111111111,1473.6181818181817,208,164,168,175,175,157
1,208.07608695652175,11.610322580645162,20.13888888888889,1493.1973684210527,208,157,155,160,171,141
2,213.35036496350364,8.880931198102017,33.625,1530.396551724138,138,149,136,141,149,130
3,220.47093023255815,7.344006568144498,31.208333333333332,1607.9935483870968,146,140,130,138,131,127
4,222.9609375,5.143691720031456,32.888888888888886,1505.9831932773109,149,144,131,126,126,98
5,217.45269016697588,2.963728080711026,49.041666666666664,1514.3125,135,130,124,114,124,97
6,263.7318255250404,2.5608621425522835,27.972222222222218,1541.7890909090909,184,202,212,161,161,145
7,937.8877887788778,1.967456667845773,15.25,2150.012931034483,261,293,298,273,221,196
8,406.0184049079755,1.5431145431145432,15.791666666666666,1700.014184397163,280,296,303,224,228,223
9,210.16037735849056,1.661697175567717,32.833333333333336,1484.2045454545455,264,295,294,216,230,215
10,239.32857142857142,1.7531455742501831,24.277777777777782,1534.5555555555557,254,270,211,205,219,208
11,233.6153846153846,1.7176565008025682,21.847222222222225,1453.840579710145,228,245,189,189,207,188
0,246.42307692307693,14.491226692836113,35.666666666666664,1557.3636363636363,208,166,149,156,170,170
1,241.42424242424244,11.798918918918918,25.805555555555554,1459.8720930232557,182,149,137,148,152,157
2,210.9090909090909,9.073189762796504,38.083333333333336,1382.744,125,136,127,141,131,141
3,241.0,6.738945578231294,13.097222222222221,1554.5681818181818,118,127,132,141,127,139
4,238.92215568862275,4.316693505099304,28.097222222222225,1572.8248175182482,122,116,128,135,131,97
5,214.71784232365144,2.7408354646206305,69.44444444444444,1550.4463414634147,122,110,130,129,131,92
6,228.00655737704918,2.2793097313645254,32.44444444444444,1439.5958254269449,184,188,165,183,157,145
7,360.4702194357367,2.2621065375302662,26.58333333333333,1561.6059479553903,261,268,246,194,220,227
8,222.1549295774648,2.0728549484309853,19.041666666666668,1384.464,279,299,264,208,229,240
9,231.6,1.790907309425828,20.722222222222225,1557.0238095238096,267,295,253,200,213,230
10,233.6153846153846,1.6612403100775195,17.73611111111111,1382.4411764705883,249,279,168,183,199,212
11,224.0,1.8195911413969337,23.694444444444443,1473.5833333333333,232,247,163,164,184,184
0,227.58139534883722,15.388614232209738,17.48611111111111,1593.3472222222222,188,193,180,186,166,155
1,241.56842105263158,12.335313807531378,26.430555555555557,1678.8875,167,170,160,158,156,145
2,208.5702479338843,10.055555555555555,38.36111111111111,1476.8317757009345,113,157,144,143,134,137
3,210.97727272727272,7.282787373436571,26.972222222222225,1533.5806451612902,104,147,126,132,131,90
4,230.39240506329114,4.0490118577075105,33.90277777777778,1586.3088235294117,122,158,120,141,133,96
5,223.44781783681213,2.5648174598640234,39.61111111111111,1544.38,121,162,116,145,132,85
6,279.48966613672496,2.5390808453539084,37.34722222222222,1581.6377649325627,196,226,176,206,152,128
7,366.98293515358364,1.75114793051408,20.416666666666664,1540.1470588235295,274,309,258,222,222,198
8,280.0857142857143,1.7904398400581605,15.361111111111112,1460.8495575221239,285,320,281,239,238,209
9,218.84848484848484,1.7447552447552448,41.52777777777778,1605.0210526315789,275,309,203,232,215,196
10,242.28735632183907,1.6487322893363165,39.180555555555564,1369.7083333333333,264,289,194,213,196,185
11,222.8108108108108,1.9385964912280702,23.73611111111111,1440.246153846154,226,205,186,207,175,177
0,214.29761904761904,15.139222333000998,21.777777777777775,1581.155844155844,201,164,167,131,167,173
1,229.01388888888889,12.268852459016394,19.13888888888889,1713.016393442623,178,156,157,125,146,153
2,210.2012195121951,9.724258289703318,18.180555555555554,1537.6690140845071,120,142,139,106,134,123
3,212.76729559748426,7.188166880068289,19.63888888888889,1567.8370370370371,125,140,135,109,142,130
4,210.86206896551724,5.135869565217392,50.666666666666664,1433.159090909091,124,140,135,121,126,90
5,219.23728813559322,3.313398153244052,40.708333333333336,1514.2985507246376,134,127,127,122,113,88
6,238.32110091743118,2.774048209056094,39.56944444444444,1553.1312384473197,154,174,183,165,154,135
7,384.7876923076923,2.5140944326990837,12.347222222222221,1524.8560885608856,251,271,258,256,180,203
8,371.12048192771084,2.612254053707621,12.222222222222223,1476.8778625954199,275,285,305,182,206,233
9,232.11111111111111,2.407642089093702,12.541666666666666,1556.1279069767443,274,285,308,177,207,237
10,196.61764705882354,2.509022556390977,19.722222222222225,1446.05,256,276,218,164,196,220
11,199.4181818181818,2.337946799667498,24.694444444444443,1342.75,237,252,187,150,181,196
0,231.95505617977528,15.255735294117647,14.777777777777779,1554.9012345679012,218,200,176,162,161,171
1,210.03370786516854,12.212497472194135,38.25,1569.8947368421052,204,181,162,140,151,151
2,226.32876712328766,9.300517104216388,20.40277777777778,1547.123076923077,129,166,159,111,137,136
3,229.27810650887574,6.705903199675982,26.402777777777782,1564.503355704698,132,164,156,100,135,136
4,214.1387283236994,5.095389333041288,37.84722222222222,1511.6089743589744,133,159,148,109,132,113
5,210.9516806722689,2.918942538780861,41.333333333333336,1548.2236180904522,130,161,150,128,118,109
6,260.837925445705,2.173851921274602,27.291666666666668,1542.5373406193078,190,224,185,183,120,165
7,352.43548387096774,1.6553836234687298,0.0,1591.9132075471698,260,310,290,256,200,235
8,258.55151515151516,1.2495602062481046,15.541666666666664,1523.1538461538462,274,320,320,203,214,239
9,199.75757575757575,1.0737116764514025,14.958333333333334,1469.3214285714287,264,316,315,208,207,223
10,235.02325581395348,1.1605187319884727,21.444444444444443,1530.2236842105262,252,309,220,204,196,207
11,227.42307692307693,1.2088328075709778,21.26388888888889,1512.359375,236,283,201,189,173,186
0,211.9438202247191,15.234515539305301,9.486111111111112,1457.5135135135135,205,170,190,168,176,185
1,221.21978021978023,12.058085539714867,22.847222222222218,1643.3456790123457,185,149,168,155,161,164
2,220.46808510638297,9.587596899224804,20.48611111111111,1462.9767441860465,122,142,146,144,153,153
3,225.58695652173913,6.954151732377539,17.52777777777778,1510.4430379746836,133,140,141,136,137,150
4,220.05454545454546,4.57371794871795,40.236111111111114,1576.5285714285715,138,143,127,137,142,145
5,218.6174636174636,2.9907773386034258,64.66666666666667,1580.1614457831324,132,141,122,131,138,95
6,226.36106489184692,1.9959327791186197,24.833333333333332,1563.387640449438,182,190,181,166,144,154
7,374.82236842105266,1.7393048128342246,10.986111111111112,1643.3677685950413,279,262,266,241,226,222
8,255.8969696969697,1.3363095238095237,12.972222222222223,1497.6158940397352,279,289,295,208,236,229
9,206.75247524752476,1.1842650103519667,14.013888888888888,1422.060975609756,284,292,293,204,239,229
10,218.54666666666665,1.2569651741293535,24.666666666666668,1460.063492063492,260,271,232,197,226,221
11,216.53623188405797,1.0741433021806854,16.36111111111111,1456.607142857143,234,256,204,190,192,208
0,190.8653846153846,14.548333451277335,24.944444444444443,1500.2413793103449,201,213,186,162,165,160
1,201.3846153846154,12.039492600422832,11.805555555555555,1517.3493975903614,183,137,171,142,164,149
2,222.7810650887574,8.93056074766355,23.833333333333332,1484.5384615384614,169,114,155,134,146,138
3,211.98773006134968,5.816666666666666,17.402777777777775,1548.6241610738255,117,124,140,133,142,144
4,236.61006289308176,4.304597701149425,31.194444444444446,1553.5179856115108,129,128,150,128,130,147
5,216.30444444444444,3.495995423340961,43.180555555555564,1523.5669291338584,123,124,146,129,133,105
6,225.90446841294298,1.7499163879598663,44.31944444444445,1518.064935064935,180,172,183,185,185,135
7,301.35,1.8670284938941655,15.055555555555555,1396.4352517985612,265,268,267,273,205,196
8,271.67973856209153,1.3680702557354538,7.9444444444444455,1502.2442748091603,276,289,296,288,224,216
9,210.08695652173913,1.5243878928089452,21.069444444444443,1509.2051282051282,267,279,293,208,223,212
10,237.26136363636363,1.2549059969809249,10.152777777777777,1412.4444444444443,254,259,281,199,203,192
11,198.66197183098592,1.5115702479338844,16.069444444444446,1355.4333333333334,231,237,202,178,187,175
0,213.2840909090909,13.721092490007715,10.277777777777777,1502.6052631578948,217,220,155,162,179,164
1,196.90123456790124,10.794316012725345,21.777777777777782,1614.6760563380283,192,151,143,142,164,151
2,220.56129032258065,8.123846153846154,19.375,1500.3703703703704,177,137,132,123,138,125
3,231.79393939393938,5.808666666666667,27.013888888888886,1588.9455782312925,114,134,131,118,131,122
4,213.19745222929936,4.594588744588744,41.80555555555555,1544.0,119,126,139,126,127,133
5,221.95384615384614,3.3079559805159664,46.90277777777778,1594.2040302267003,113,124,129,134,126,97
6,261.79905808477235,2.7665561388965645,30.472222222222225,1499.5855855855855,162,165,192,204,145,119
7,372.391167192429,2.28141305015039,9.76388888888889,1566.141791044776,243,248,284,282,228,196
8,234.59420289855072,1.5859943977591031,19.347222222222225,1455.4552845528456,286,291,291,210,240,212
9,231.20618556701032,1.1509216589861748,18.13888888888889,1356.158536585366,270,295,283,204,224,212
10,218.4047619047619,1.1656892612338157,15.083333333333334,1393.625,260,273,177,191,209,203
11,232.768115942029,1.0211822660098522,12.347222222222223,1315.3275862068965,245,255,163,180,193,182
0,218.80459770114942,15.640512820512823,12.125,1400.4871794871794,201,198,180,168,169,176
1,233.3804347826087,12.246601178781924,37.583333333333336,1608.7228915662652,197,187,168,143,167,156
2,215.1259842519685,9.986143076332947,30.444444444444443,1573.559633027523,125,165,144,135,149,151
3,227.74301675977654,7.210084466419447,31.819444444444446,1595.3766233766235,118,157,137,135,131,131
4,228.87755102040816,4.888863955119215,47.069444444444436,1551.5,123,149,140,134,135,94
5,230.33202357563852,3.0017818959372775,47.65277777777778,1575.3977272727273,122,133,129,118,135,95
6,283.19414483821265,2.826871015631823,24.5,1644.0277777777778,175,189,183,181,163,150
7,930.7167832167833,2.568152416794073,18.749999999999996,1955.4851485148515,254,303,280,274,216,219
8,258.84415584415586,2.2529761904761902,12.222222222222223,1486.7185185185185,257,319,304,234,226,228
9,228.88541666666666,2.1451633009224635,15.861111111111112,1536.8354430379748,247,311,306,225,214,225
10,243.26829268292684,2.015530022238695,28.361111111111114,1513.5285714285715,228,291,205,209,200,216
11,235.72340425531914,1.794576405384006,14.652777777777779,1691.0121951219512,215,274,195,191,190,198
0,203.1341463414634,14.966355140186916,22.555555555555557,1351.1714285714286,205,180,159,178,170,178
1,253.53061224489795,11.299727177334733,22.222222222222218,1485.632911392405,185,158,146,155,154,155
2,228.51923076923077,9.07828437372501,22.708333333333332,1518.0458015267175,120,144,133,143,133,144
3,229.80898876404495,7.270311225084508,50.93055555555555,1634.3806451612904,117,138,131,134,126,100
4,208.73125,5.115690485865211,37.40277777777778,1551.5354330708662,112,131,122,153,127,104
5,223.3095238095238,4.60347480446211,45.166666666666664,1584.6155717761558,106,129,117,147,94,116
6,238.9921875,2.9468667255075025,31.041666666666668,1511.6853526220614,154,187,175,213,152,149
7,395.7882736156352,2.9592490842490853,17.458333333333332,1603.4186046511627,254,275,249,239,225,214
8,263.3267973856209,1.5874620220798359,24.152777777777775,1444.2230769230769,272,311,290,240,233,237
9,226.07692307692307,1.4680763983628924,25.375,1554.4137931034484,270,296,206,227,236,231
10,221.0,1.6399707174231335,28.597222222222225,1514.5753424657535,245,292,187,206,226,210
11,253.3230769230769,1.5524320489513592,21.61111111111111,1473.15,221,198,175,193,198,202
0,230.53658536585365,15.332857142857144,13.805555555555555,1409.3,197,170,178,171,172,176
1,248.03333333333333,12.837113402061856,36.18055555555555,1614.5189873417721,179,154,161,151,168,157
2,219.3783783783784,10.420728038507821,29.055555555555557,1410.9296875,118,138,139,154,140,142
3,229.83505154639175,7.1836724208795735,16.09722222222222,1555.186746987952,118,134,137,149,141,132
4,200.62941176470588,4.4731457800511505,38.958333333333336,1560.2602739726028,118,146,133,142,153,90
5,221.739837398374,2.5665349143610015,59.90277777777778,1599.3487804878048,114,150,125,131,141,98
6,274.8407350689127,2.277250768555116,39.013888888888886,1574.758377425044,176,196,177,186,160,140
7,553.2983606557377,1.5759131753996969,24.444444444444443,1697.7056277056276,267,294,273,279,220,225
8,307.5243902439024,1.2519624912184242,23.305555555555557,1561.0272108843537,290,303,295,219,221,231
9,258.5657894736842,1.500034554250173,25.583333333333332,1636.7323943661972,278,295,220,212,224,218
10,212.66666666666666,1.6339192221391177,20.36111111111111,1429.442857142857,251,268,211,206,205,196
11,237.52307692307693,1.9198850368241427,18.333333333333332,1379.9,224,187,195,192,194,180
0,226.5421686746988,15.448041958041957,42.611111111111114,1583.1830985915492,227,184,165,196,187,185
1,211.92592592592592,13.098076923076922,23.180555555555557,1557.0,218,158,155,172,171,166
2,211.95862068965516,10.295003813882532,23.347222222222218,1683.7286821705427,135,147,137,155,159,141
3,237.73333333333332,7.091726618705036,34.34722222222222,1555.167832167832,126,152,114,151,149,142
4,232.43085106382978,5.171571906354516,22.777777777777775,1728.3664596273293,126,152,107,157,135,103
5,232.24193548387098,3.1749547672569767,45.02777777777778,1573.2230215827337,135,153,98,162,145,100
6,278.6085626911315,3.5273410799726586,40.40277777777778,1621.5272407732864,189,228,141,208,157,141
7,848.9335180055401,2.379577220746217,22.23611111111111,2004.6360153256705,267,316,266,294,212,219
8,495.748427672956,1.4979701899428102,19.208333333333332,1802.611111111111,274,320,297,240,240,236
9,239.58928571428572,1.4829419848240433,17.5,1470.1649484536083,269,313,295,238,240,239
10,221.43157894736842,1.4840292275574116,23.75,1524.4024390243903,250,295,216,228,231,217
11,246.0897435897436,1.0954138702460852,12.874999999999998,1526.3225806451612,243,276,189,216,207,210
0,233.77083333333334,14.666044703595725,21.5,1499.8295454545455,191,168,148,172,168,182
1,187.74725274725276,11.857453027139876,21.805555555555554,1436.0,186,150,137,162,160,163
2,214.43870967741935,9.4457928802589,19.180555555555554,1447.496183206107,129,139,113,151,143,149
3,216.86708860759492,6.344734151329244,22.902777777777782,1584.4592592592592,130,138,127,155,135,130
4,194.52830188679246,4.910354101299865,35.166666666666664,1511.3194444444443,138,132,131,148,134,93
5,225.76078431372548,3.649011857707509,38.25,1567.4505747126436,130,125,143,142,130,100
6,258.98899371069183,3.7038027332144985,45.333333333333336,1505.2192028985507,173,191,212,204,139,152
7,313.39590443686006,1.790513833992095,10.125,1485.6008230452676,247,282,286,291,190,222
8,260.3875,1.5062413314840497,11.388888888888891,1541.548611111111,275,307,284,232,218,229
9,190.5257731958763,1.9100775193798447,24.444444444444446,1461.679487179487,263,301,278,219,224,220
10,218.41666666666666,1.7505917159763316,17.680555555555554,1554.1803278688524,250,288,191,207,214,202
11,235.79166666666666,1.5098360655737704,11.277777777777779,1481.0545454545454,221,254,172,186,190,197
0,198.32926829268294,14.683216783216782,21.0,1535.5633802816901,200,215,163,183,176,163
1,212.75257731958763,12.674657980456026,13.986111111111109,1509.4827586206898,175,129,142,161,163,151
2,211.4921875,10.757314487632506,23.152777777777782,1493.7962962962963,158,119,132,153,159,128
3,212.34615384615384,8.050687285223368,21.375,1475.2985074626865,109,117,130,155,144,121
4,213.6153846153846,5.995373391067087,20.291666666666668,1509.875,120,111,128,152,135,87
5,221.09236947791166,3.9468796214137836,53.06944444444445,1519.392609699769,121,119,121,142,137,95
6,263.8016,2.7513210927004033,33.09722222222222,1562.2614259597806,182,170,179,203,135,146
7,328.19504643962847,2.344451200972941,13.208333333333334,1602.0740740740741,247,254,277,294,229,194
8,321.30573248407643,1.584409951358553,13.555555555555557,1654.7753623188405,271,290,300,225,239,212
9,244.89320388349515,1.7414160401002505,35.02777777777778,1337.5432098765432,263,284,297,225,237,214
10,233.109756097561,2.0733804914370815,11.652777777777779,1602.4794520547946,247,270,201,213,214,198
11,224.84848484848484,1.930844155844156,17.36111111111111,1497.8235294117646,221,250,183,202,194,182
0,213.58904109589042,15.097017383348582,12.861111111111112,1641.7903225806451,223,195,180,154,170,171
1,222.50574712643677,12.634180327868853,30.041666666666668,1530.52,203,178,160,136,146,153
2,219.98709677419356,10.662717219589258,22.430555555555557,1509.705035971223,144,151,145,126,132,146
3,222.33536585365854,7.5220003972983704,29.777777777777782,1657.3028169014085,146,145,147,129,128,144
4,227.04761904761904,4.8037330948921415,35.40277777777778,1555.6575342465753,143,124,146,122,121,122
5,226.12337662337663,3.0639386189258313,55.40277777777778,1605.7468671679198,143,124,140,122,130,123
6,237.31166666666667,2.6192797540623625,33.111111111111114,1514.75828460039,190,199,180,156,137,173
7,284.94871794871796,1.8627769934319567,23.63888888888889,1549.7916666666667,268,276,276,246,186,229
8,249.66272189349112,1.3543786907903004,23.23611111111111,1560.9194630872482,278,295,298,200,207,238
9,230.72527472527472,1.228609372035667,13.263888888888891,1650.3918918918919,273,307,292,194,212,228
10,233.0281690140845,1.3103703703703704,17.333333333333332,1516.05,260,299,194,179,198,220
11,201.0235294117647,1.0833605220228384,24.347222222222225,1478.735294117647,235,270,189,162,179,191
0,208.03030303030303,14.797238805970148,24.847222222222225,1397.6091954022988,216,176,184,175,143,178
1,218.50980392156862,11.717812177502582,17.305555555555554,1459.056179775281,204,158,176,149,126,156
2,229.1304347826087,9.114100277447482,12.375,1557.5304347826086,130,136,159,136,132,148
3,211.0268817204301,6.314138576779026,35.791666666666664,1495.0235294117647,125,126,153,124,133,140
4,234.0421686746988,4.711512866015971,15.416666666666664,1470.7910447761194,127,133,149,127,143,105
5,217.13793103448276,3.222756231138928,39.444444444444436,1590.9304932735427,120,122,143,135,161,97
6,257.7184,2.6148546462779376,29.694444444444443,1554.5383211678832,178,190,204,191,162,157
7,980.4115853658536,2.144192568357092,20.680555555555554,2253.814049586777,260,307,294,263,208,224
8,298.5933333333333,1.4984047469958548,20.527777777777775,1515.984496124031,277,320,320,226,214,240
9,236.83653846153845,1.3937728937728935,19.041666666666668,1455.7934782608695,270,305,318,226,207,234
10,214.50746268656715,1.2130857966834896,24.027777777777782,1406.75,264,283,225,209,191,215
11,217.4805194805195,1.6746031746031746,20.527777777777775,1437.2203389830509,234,263,206,194,162,201
0,252.35294117647058,15.214349775784756,25.736111111111114,1538.4444444444443,205,204,179,175,170,182
1,187.725,12.679644808743168,35.361111111111114,1591.2753623188405,143,180,156,160,166,171
2,235.09803921568627,9.0111014994233,26.041666666666668,1528.0152671755725,121,164,142,143,141,156
3,230.59872611464968,5.897173086460572,38.666666666666664,1512.9924812030076,121,133,131,147,138,119
4,224.92021276595744,4.292490118577075,38.236111111111114,1551.0967741935483,123,123,131,147,121,114
5,225.88235294117646,3.1125186289120714,57.81944444444445,1587.659574468085,136,126,135,140,78,117
6,297.1496913580247,2.565314158534498,35.63888888888889,1623.2849364791289,219,186,196,174,129,158
7,813.1061946902655,1.5669613154643094,21.01388888888889,1894.3664122137404,278,295,297,194,207,232
8,267.19354838709677,0.9063836060740088,10.958333333333334,1546.6530612244899,282,318,311,234,230,240
9,235.4945054945055,1.0328767123287672,28.930555555555554,1674.7088607594937,263,315,222,225,213,222
10,236.29032258064515,1.1067086730911788,18.88888888888889,1464.3589743589744,238,302,198,203,199,209
11,209.15277777777777,1.1011265622249604,24.472222222222225,1538.55,223,218,187,188,188,192
0,243.34848484848484,15.516742081447964,30.569444444444443,1361.6666666666667,216,177,199,172,160,181
1,240.68055555555554,12.83737108190091,26.583333333333332,1572.4769230769232,191,160,174,158,153,153
2,235.12698412698413,10.186371100164202,37.93055555555556,1524.144144144144,128,142,157,132,124,129
3,205.63934426229508,7.646879021879022,26.027777777777782,1487.8598726114649,114,130,148,144,116,125
4,205.86363636363637,6.042042386996726,25.277777777777782,1566.340909090909,109,141,138,144,125,100
5,223.47280334728035,4.1333410834689595,64.70833333333334,1512.8321167883212,107,150,117,145,122,107
6,251.78939393939393,2.3471235795454546,27.583333333333332,1548.0336879432625,181,205,162,181,141,154
7,393.7299035369775,2.0728330193979048,17.5,1663.7821011673152,256,296,280,187,193,229
8,242.2283950617284,1.2612612612612613,7.472222222222222,1548.388489208633,269,310,314,208,216,237
9,254.2608695652174,1.04511355815554,40.12499999999999,1612.4466019417475,266,299,232,215,214,227
10,245.97826086956522,1.2000000000000002,26.583333333333332,1539.1527777777778,264,284,232,208,202,206
11,238.32857142857142,1.333389744457607,14.708333333333336,1401.123076923077,252,190,217,199,187,199
0,234.97402597402598,14.43283464566929,30.305555555555557,1503.6461538461538,218,154,151,174,170,149
1,209.69387755102042,12.249033659066232,13.555555555555555,1452.0,180,143,133,159,161,145
2,224.24242424242425,9.598000406008932,24.541666666666668,1498.0884955752213,128,149,127,147,148,122
3,217.61111111111111,6.871666666666667,29.430555555555557,1597.5816993464052,123,146,130,137,138,126
4,203.93820224719101,4.593814204009107,36.88888888888889,1673.8,126,145,143,139,142,88
5,228.58196721311475,2.737023070097604,57.84722222222222,1570.0917874396134,130,147,142,132,143,90
6,328.45245901639345,3.5087478559176675,25.26388888888889,1629.5,200,214,203,191,132,120
7,909.6156351791531,2.91035631035631,24.041666666666668,2155.3595041322315,276,291,288,228,181,166
8,269.4896551724138,2.043645619916806,21.555555555555554,1463.6803278688524,283,302,294,234,212,209
9,255.86725663716814,1.688235294117647,32.125,1550.8080808080808,268,301,217,232,213,197
10,219.31645569620252,1.8472263868065961,12.222222222222221,1429.921875,258,282,191,219,201,183
11,237.81927710843374,1.6073089700996679,25.0,1482.8955223880596,241,247,172,190,188,166
0,238.82142857142858,14.25837320574163,16.055555555555557,1548.2328767123288,214,168,178,165,152,168
1,254.78703703703704,12.145530048525567,53.666666666666664,1655.0416666666667,127,157,164,144,145,156
2,236.2910447761194,8.645273023634882,39.90277777777778,1648.607142857143,122,150,150,123,130,143
3,235.62921348314606,6.960798289379902,33.986111111111114,1637.811320754717,128,131,127,127,125,94
4,221.32679738562092,4.161407977768771,36.125,1544.2408759124087,134,133,147,123,119,95
5,219.2844638949672,2.399403874813711,48.666666666666664,1579.213567839196,131,137,150,124,86,104
6,257.6225854383358,1.9322569322569325,32.31944444444444,1491.5195729537365,181,194,201,171,152,137
7,567.9941002949853,1.6878875039948869,24.527777777777782,1730.471264367816,265,289,304,196,207,229
8,254.98675496688742,0.851320440840092,16.083333333333332,1508.8102189781023,283,304,320,236,226,234
9,224.63541666666666,1.150066533599468,31.638888888888886,1420.2048192771085,275,312,234,231,224,227
10,255.9402985074627,1.4204335465529496,29.79166666666667,1580.8148148148148,257,299,217,199,213,222
11,218.48333333333332,1.4552076393515434,19.75,1537.38,231,205,201,189,174,185
0,219.01123595505618,15.83047619047619,27.444444444444443,1531.054794520548,207,175,123,163,189,193
1,239.1851851851852,13.252736520854528,32.791666666666664,1636.6527777777778,192,164,114,158,173,182
2,223.9,11.50925925925926,30.666666666666668,1626.9747899159663,138,153,98,154,158,163
3,221.59748427672955,8.42948717948718,22.875,1417.365671641791,128,154,94,152,155,149
4,210.75625,6.56249290498354,36.611111111111114,1563.3868613138686,113,153,93,148,159,100
5,207.4,4.185958471951358,40.041666666666664,1555.5945273631842,123,141,94,142,163,95
6,307.4105754276827,3.3334517045454546,19.708333333333332,1564.4333333333334,164,200,162,198,156,144
7,453.25342465753425,3.455184801802351,7.305555555555556,1666.673640167364,253,281,231,287,210,231
8,282.375,2.854391395428822,21.166666666666668,1438.4964028776978,270,314,250,223,226,240
9,230.63709677419354,2.5030721966205833,22.61111111111111,1546.9056603773586,256,300,250,219,228,235
10,229.0744680851064,2.5003355704697987,23.375,1758.0975609756097,246,286,156,206,221,226
11,221.08333333333334,2.4645646867371847,27.708333333333332,1514.9666666666667,232,264,139,186,199,209
0,211.81443298969072,15.398095238095237,21.944444444444443,1524.0240963855422,202,162,167,178,178,184
1,206.73170731707316,13.2074251497006,26.111111111111114,1451.4109589041095,193,159,155,168,159,168
2,217.80769230769232,11.121428571428572,23.236111111111114,1557.2651515151515,126,153,125,151,141,144
3,218.04268292682926,7.7328431372549025,36.34722222222222,1535.8620689655172,133,141,130,144,131,137
4,221.85507246376812,6.129528985507245,43.69444444444445,1515.528,139,149,131,143,122,84
5,213.74157303370785,4.2916910816828775,44.958333333333336,1559.3058035714287,145,132,134,137,112,82
6,283.66149068322983,3.210949271722752,35.875,1560.8922800718133,203,194,183,223,139,144
7,822.315625,2.0744989834446708,17.23611111111111,1999.7531380753137,282,281,286,294,214,208
8,370.69182389937106,1.2153445876444606,17.48611111111111,1670.96992481203,287,295,308,231,235,218
9,223.09,1.2794122167911708,21.291666666666668,1601.7228915662652,278,296,297,231,224,223
10,265.29347826086956,1.6444933920704845,27.305555555555557,1490.8271604938273,245,270,199,217,217,214
11,187.7377049180328,2.028847671665351,9.638888888888888,1508.72,235,256,183,198,187,208
0,221.3932584269663,14.163985239852398,10.61111111111111,1481.1298701298701,222,175,176,175,169,167
1,223.80769230769232,12.18871794871795,18.01388888888889,1699.796875,212,147,154,161,147,154
2,231.96428571428572,10.378844555278471,17.22222222222222,1466.28,141,133,125,144,128,131
3,214.3879781420765,8.067800167926112,21.541666666666668,1462.723926380368,136,146,134,142,118,118
4,234.5808383233533,4.7808798646362085,32.81944444444444,1476.2773722627737,138,144,135,128,126,117
5,213.9344262295082,3.8244306418219463,33.61111111111111,1564.6904761904761,138,150,129,121,125,72
6,255.24,3.461791831357048,47.47222222222222,1528.4220665499124,210,210,173,184,145,113
7,457.5125786163522,1.8662473296938045,13.472222222222223,1692.3266129032259,278,293,294,282,205,180
8,247.33986928104576,1.4822844893584441,21.88888888888889,1460.8592592592593,282,293,305,239,227,209
9,226.76315789473685,1.0725294080644143,15.208333333333336,1510.9375,278,277,305,228,218,208
10,241.6986301369863,0.8715133531157269,26.430555555555557,1469.7166666666667,260,259,203,222,208,196
11,213.83333333333334,0.9594507269789985,26.472222222222225,1401.8108108108108,244,236,188,201,195,174
0,240.92380952380952,14.519442096365173,16.38888888888889,1540.3478260869565,227,260,183,170,158,185
1,207.70652173913044,11.688644400785856,9.625,1485.8214285714287,206,165,164,154,153,176
2,238.31756756756758,8.809125138427463,14.722222222222223,1613.5407407407408,178,134,156,139,136,160
3,204.48235294117646,6.964696223316913,33.98611111111111,1613.6666666666667,132,138,146,124,125,147
4,221.1049723756906,4.953144078144078,25.569444444444446,1567.7302631578948,150,142,141,127,122,137
5,206.77189781021897,3.435960729312763,42.25,1500.9549356223176,144,147,134,142,127,81
6,372.0272596843615,2.641719921687414,23.055555555555554,1672.7206132879046,211,212,200,229,197,128
7,1064.1949685534591,1.2419158023184869,8.541666666666668,2124.434210526316,281,289,297,319,224,229
8,250.76510067114094,0.4842436974789918,11.722222222222221,1387.8267716535433,293,311,311,240,237,240
9,221.52173913043478,0.6724790361153998,4.888888888888889,1477.295918367347,287,315,303,227,215,226
10,220.04347826086956,0.7562770562770563,16.26388888888889,1413.6875,262,301,205,206,195,217
11,219.0632911392405,0.7183767228177641,9.375,1394.1969696969697,246,289,193,192,184,202
0,206.74025974025975,14.89381555153707,14.166666666666666,1405.611111111111,226,186,178,177,178,161
1,211.9247311827957,12.417246963562752,18.13888888888889,1385.0963855421687,191,174,154,156,173,140
2,229.68333333333334,9.673062568605928,22.541666666666668,1578.86,168,163,145,141,160,134
3,217.45222929936307,6.470559845559846,16.125,1501.3507462686566,107,145,124,132,138,131
4,204.19209039548022,3.8966666666666665,25.222222222222218,1564.472972972973,120,128,124,129,116,133
5,218.9271402550091,1.9921284053871229,38.01388888888889,1527.7218683651804,120,122,141,115,117,92
6,252.6556886227545,1.9449849043944982,32.55555555555556,1518.1103565365026,183,185,229,181,157,149
7,680.7169230769231,1.5077807654900168,10.847222222222223,1829.7833333333333,260,298,307,276,217,231
8,305.7549668874172,1.09960490746517,15.79166666666667,1616.5658914728683,284,317,320,218,224,240
9,216.74528301886792,0.7696020037264425,12.305555555555555,1352.2247191011236,279,308,308,219,216,229
10,224.87912087912088,0.8399055918663763,17.90277777777778,1455.2962962962963,264,287,219,204,206,197
11,193.8684210526316,0.9604247104247104,15.055555555555555,1497.467741935484,249,277,204,192,194,179
0,219.61176470588236,14.989671361502346,17.666666666666668,1492.2,228,153,163,168,167,186
1,200.46835443037975,11.680670859538786,22.430555555555554,1518.8088235294117,215,131,154,150,146,158
2,228.05925925925925,8.497623574144487,18.52777777777778,1521.0413223140497,137,119,134,140,129,130
3,206.34078212290504,6.412739965095986,36.361111111111114,1485.5864197530864,126,125,129,134,132,118
4,215.81578947368422,4.750648254236264,22.902777777777782,1555.1897810218977,123,128,125,129,123,93
5,221.69387755102042,3.866511968734734,57.13888888888889,1514.6780487804879,125,123,114,130,119,101
6,284.37893081761007,2.4655483405483403,39.875,1560.6617915904935,183,198,177,178,129,143
7,388.26645768025077,1.7940680009645522,13.319444444444443,1552.438202247191,268,304,264,265,195,212
8,246.7248322147651,1.1454958271968585,10.222222222222223,1438.8740157480315,277,309,300,218,217,231
9,222.44554455445544,1.6073505912432087,27.472222222222218,1462.2179487179487,261,299,287,212,207,224
10,236.55223880597015,1.4364317841079457,21.180555555555557,1549.4827586206898,247,269,199,202,202,215
11,210.0,1.4223801787164905,16.055555555555554,1549.6,240,249,178,185,183,196
0,225.6,14.63238095238095,6.902777777777779,1506.9846153846154,211,151,172,164,175,177
1,222.08235294117648,12.348058455114824,34.263888888888886,1619.24,199,140,150,144,166,159
2,206.4765100671141,9.808514931396289,27.097222222222225,1519.3358778625955,130,138,134,137,143,144
3,216.06875,7.271666666666666,20.01388888888889,1426.5985401459855,142,134,117,132,127,148
4,224.92546583850933,4.94667760459393,30.055555555555557,1534.5972222222222,135,126,116,121,123,121
5,230.26970954356847,2.7157743442328424,47.541666666666664,1601.044009779951,138,116,104,125,128,115
6,237.10243902439024,2.5303937579386684,29.36111111111111,1569.0559845559847,188,177,174,171,126,166
7,586.4944444444444,1.9061264822134385,19.01388888888889,1814.1038062283737,255,262,287,233,206,229
8,254.13333333333333,1.2719029604275502,14.486111111111109,1541.0720720720722,296,290,320,211,229,240
9,210.981981981982,1.238281857484993,14.708333333333334,1558.9120879120878,278,278,311,214,225,225
10,241.64406779661016,1.459661139149243,23.847222222222218,1443.94,270,260,216,207,216,218
11,230.6875,1.5149878147847278,23.76388888888889,1553.4776119402984,236,239,186,188,185,197
0,208.04444444444445,14.499962756052142,23.527777777777775,1646.8701298701299,231,175,189,158,155,166
1,234.2967032967033,12.625269687162891,15.041666666666666,1544.15,144,160,182,137,145,159
2,216.3835616438356,9.720657276995304,27.680555555555554,1538.3100775193798,127,144,172,124,134,151
3,207.27906976744185,6.974671184883118,38.94444444444445,1519.3947368421052,113,130,161,119,136,98
4,224.5430463576159,4.640387977217617,58.069444444444436,1558.090909090909,119,134,159,121,134,104
5,224.90022172949003,3.0400327827512292,71.23611111111111,1522.7696202531645,131,131,133,123,99,104
6,252.39904610492846,2.428323390615261,34.68055555555556,1536.8239700374531,200,189,195,174,128,135
7,322.5328947368421,1.5705052103944073,19.72222222222222,1669.5725806451612,268,295,291,205,193,192
8,228.79113924050634,1.068471434668618,21.73611111111111,1419.8432835820895,284,319,309,215,213,222
9,211.08333333333334,1.1259069130732375,19.38888888888889,1374.4756097560976,275,308,235,214,211,218
10,228.45263157894738,1.0272189349112428,26.833333333333332,1589.6708860759493,257,277,231,199,193,195
11,221.65333333333334,0.8947368421052633,18.375,1549.7777777777778,241,196,203,177,185,178
0,234.49484536082474,15.166660666066607,29.555555555555557,1560.1363636363637,220,188,184,172,171,176
1,226.92592592592592,11.676640759930914,25.069444444444446,1638.8732394366198,147,168,173,152,156,169
2,209.5680473372781,9.171413502109704,34.09722222222222,1610.3835616438357,138,151,158,136,142,144
3,209.45408163265307,6.12786436970194,39.69444444444445,1557.5174418604652,140,143,152,125,135,100
4,233.13812154696132,4.434677206851118,25.86111111111111,1575.132450331126,139,157,148,139,133,109
5,231.67813765182186,3.151361329026303,52.208333333333336,1613.5651162790698,139,161,137,144,101,106
6,297.93692307692305,2.5708769106999196,34.13888888888889,1593.4567669172932,195,236,207,208,150,134
7,1072.3321917808219,1.616398694018358,13.111111111111109,2298.7894736842104,272,314,309,225,223,203
8,299.80124223602485,1.364407282215501,16.944444444444446,1537.1007194244605,275,317,320,237,220,237
9,226.7979797979798,1.4190217391304352,20.98611111111111,1427.6707317073171,266,302,234,234,217,219
10,245.96153846153845,1.379136690647482,32.93055555555556,1620.875,253,288,218,221,204,206
11,262.03389830508473,1.324884693305746,39.666666666666664,1750.061224489796,235,208,200,201,184,193
0,206.1881188118812,14.651939163498099,14.916666666666666,1510.9058823529413,227,160,174,153,181,157
1,207.3577981651376,11.279254658385092,24.527777777777775,1546.7555555555555,206,153,157,139,168,143
2,217.83098591549296,8.455929487179487,24.930555555555554,1612.049180327869,143,142,141,128,148,130
3,231.12727272727273,5.323934837092732,23.194444444444443,1463.6906474820144,133,128,135,130,143,129
4,222.0103626943005,4.350461133069828,40.80555555555555,1424.8159509202453,130,127,137,131,136,98
5,217.21691973969632,3.0951531553696636,45.958333333333336,1621.225,128,134,145,137,97,98
6,338.8076358296623,2.4146162479495814,35.94444444444444,1660.2096219931273,184,211,192,170,155,141
7,838.54,2.0861857614332857,30.194444444444446,1880.5539906103286,284,320,292,195,222,202
8,237.36423841059602,1.0662720832212358,16.86111111111111,1525.3208955223881,290,320,312,225,237,209
9,212.4757281553398,1.0565452091767882,14.861111111111109,1214.655172413793,283,308,226,228,230,207
10,222.5,1.0283106657122407,33.291666666666664,1525.9473684210527,276,292,214,201,222,192
11,218.51724137931035,1.0607084851411268,29.75,1510.6666666666667,251,197,203,170,199,179
0,233.9814814814815,14.863345724907063,23.0,1548.438202247191,212,164,158,178,182,182
1,213.44155844155844,12.510891089108911,29.5,1558.4714285714285,198,149,150,178,167,168
2,225.93788819875778,9.258878127522197,15.5,1466.8979591836735,124,129,129,156,144,144
3,220.71779141104295,5.461711711711713,37.15277777777778,1508.8195488721803,120,135,130,151,136,142
4,226.8238993710692,3.822755729136752,29.513888888888886,1527.5579710144928,116,130,125,149,131,106
5,225.27788279773156,2.6256656328632464,48.09722222222223,1567.6339285714287,110,136,125,127,137,108
6,311.74436090225566,1.9862874555611985,23.069444444444443,1595.0657193605684,190,191,192,191,143,167
7,775.786941580756,1.48545233417532,14.902777777777779,2072.3922413793102,277,282,286,218,231,233
8,296.3151515151515,1.0658498327858175,22.111111111111114,1525.153284671533,280,311,305,233,240,240
9,272.17857142857144,1.1273092369477908,24.472222222222218,1413.2602739726028,276,302,213,228,237,238
10,228.1219512195122,1.2667272727272727,23.11111111111111,1461.0882352941176,264,268,193,195,229,226
11,223.328125,1.3654088050314466,21.180555555555557,1586.5,239,249,172,196,203,213
0,231.77777777777777,16.008166214995484,19.416666666666668,1492.8659793814434,212,208,158,157,179,193
1,237.38095238095238,10.933968253968255,38.05555555555556,1528.164383561644,194,185,142,145,170,172
2,215.8013698630137,8.409519642162584,22.777777777777775,1508.7539682539682,127,165,125,135,153,152
3,221.7361963190184,6.2428057553956835,22.361111111111114,1468.3125,131,165,120,131,149,138
4,217.8516129032258,4.245892477925561,43.15277777777778,1535.4253731343283,139,153,114,118,148,106
5,230.47510373443984,2.800298661765551,42.22222222222222,1566.94,134,140,128,110,148,97
6,230.57387247278382,2.3882889262636104,24.430555555555554,1549.179715302491,202,193,179,164,152,137
7,481.17134831460675,1.8927296921308898,9.805555555555555,1678.6258992805756,271,292,258,258,219,205
8,283.85616438356163,1.2315396521897477,10.26388888888889,1482.9516129032259,277,320,294,210,229,239
9,234.77777777777777,1.2757087270705947,8.833333333333334,1348.3469387755101,270,305,291,206,230,240
10,237.39795918367346,1.3655021834061132,27.819444444444443,1424.5411764705882,254,300,195,196,207,222
11,225.29850746268656,1.60599381283836,26.444444444444443,1511.6181818181817,241,285,179,179,198,211
0,223.56410256410257,14.390115830115832,7.888888888888888,1454.4788732394366,213,164,157,173,174,155
1,193.8877551020408,12.052413793103451,20.02777777777778,1492.6024096385543,201,143,142,154,160,128
2,200.17037037037036,9.785802469135803,16.75,1523.7685950413222,141,128,132,141,150,118
3,228.28176795580112,7.461538461538462,22.25,1509.24,126,126,134,133,146,115
4,214.3397435897436,5.340208601898513,38.44444444444444,1566.8188405797102,127,124,136,128,141,86
5,224.63545816733068,3.3577551649707065,63.02777777777778,1579.8150684931506,131,110,134,108,130,92
6,270.9082426127527,3.3039355355711875,33.44444444444445,1557.409420289855,177,166,194,178,159,147
7,668.2867132867133,2.563272249746314,9.88888888888889,1799.1336405529953,271,276,284,266,208,218
8,307.8395061728395,2.0670401493930903,25.083333333333332,1444.8169014084508,276,298,303,215,216,222
9,201.19130434782608,1.8752515090543258,10.708333333333334,1490.7291666666667,263,296,291,213,220,208
10,236.75,1.7855805243445693,23.13888888888889,1280.6610169491526,248,277,206,206,201,197
11,211.33846153846153,1.6698547215496367,27.541666666666668,1414.9298245614036,238,247,184,192,193,185
0,214.87058823529412,14.38958174904943,17.65277777777778,1582.0,220,169,151,173,166,173
1,271.39506172839504,11.098244111349036,26.291666666666668,1558.138888888889,203,150,140,144,146,151
2,237.13571428571427,8.334137709137709,29.138888888888886,1498.1583333333333,126,130,119,130,133,139
3,233.0406976744186,7.233832663500183,36.5,1612.012987012987,126,117,118,120,127,106
4,236.49019607843138,4.264644988430155,45.041666666666664,1458.6953125,120,114,113,123,132,112
5,235.60216998191683,3.4447399344424516,50.93055555555555,1511.5507559395248,124,114,113,115,127,110
6,334.3932411674347,3.917479883581578,31.194444444444446,1643.3297682709447,221,166,178,161,156,180
7,687.0374639769452,1.7091825343667275,12.013888888888888,1812.7627737226278,283,288,267,207,216,232
8,302.7692307692308,0.9539971865553261,25.458333333333332,1440.0380952380951,291,297,304,221,238,240
9,225.31313131313132,1.1205962988348181,23.069444444444443,1402.159090909091,273,291,221,214,229,231
10,239.6027397260274,1.2168378576669112,26.763888888888886,1589.9107142857142,258,275,200,212,212,206
11,252.49180327868854,1.3344279755036834,21.527777777777775,1375.3703703703704,246,182,179,197,190,192
0,211.98863636363637,14.211148775894538,33.833333333333336,1549.75,203,170,176,178,159,176
1,214.29885057471265,11.462628811777076,32.958333333333336,1457.0125,189,155,157,161,136,153
2,219.84722222222223,8.243021346469623,24.25,1506.3358778625955,119,133,140,148,133,139
3,214.2958579881657,5.912944582299421,12.819444444444443,1488.4662162162163,119,131,139,150,132,135
4,220.9671052631579,4.263266004792879,42.77777777777777,1495.030534351145,115,137,130,155,132,93
5,217.44489795918366,2.628086233891364,50.0,1545.7230392156862,119,122,123,143,120,95
6,239.5960591133005,2.163159787788868,32.59722222222222,1511.2551594746717,195,174,179,195,126,142
7,344.17699115044246,1.6488943488943488,12.069444444444445,1650.1683848797252,257,281,277,270,185,210
8,259.4206896551724,1.1567808409913674,19.666666666666668,1433.984251968504,288,297,310,224,198,222
9,232.55102040816325,1.2444993976285583,31.555555555555557,1387.392405063291,278,293,300,214,191,226
10,231.54651162790697,1.0798440979955457,24.083333333333332,1394.092105263158,263,270,208,204,182,220
11,240.46268656716418,0.9762360446570971,12.291666666666666,1696.6190476190477,236,251,186,198,173,210
0,231.02727272727273,15.539016393442623,27.347222222222225,1634.2164948453608,192,184,190,192,178,162
1,218.5,12.96443736730361,25.513888888888886,1509.625,110,170,177,171,162,152
2,219.81159420289856,9.856060606060607,41.15277777777778,1591.8761061946902,97,163,159,149,152,138
3,199.98675496688742,6.688367857955839,38.541666666666664,1635.611111111111,103,158,154,143,133,73
4,215.73714285714286,4.345005875440658,51.05555555555555,1499.2777777777778,103,148,151,136,134,68
5,230.11875,2.6049343363508863,68.31944444444444,1554.2248803827752,115,161,143,126,87,81
6,323.46320346320346,1.7491325468424708,53.319444444444436,1596.2053872053873,188,224,195,169,129,143
7,616.825,1.634703196347032,8.722222222222221,1869.1628787878788,273,306,307,216,216,215
8,273.4965034965035,0.8846794703148296,7.027777777777778,1457.8086956521738,283,320,320,240,240,226
9,229.56,1.1815440689198142,18.0,1488.9024390243903,271,313,231,238,235,221
10,243.2469135802469,1.417111735769501,24.75,1454.1029411764705,254,299,224,228,225,193
11,244.3661971830986,1.7017259056732743,23.972222222222225,1377.360655737705,229,201,213,209,204,176
0,227.12871287128712,15.066941066417211,18.625,1600.388888888889,200,168,166,194,168,173
1,207.94252873563218,13.384872579001021,24.875,1611.5972222222222,194,151,138,180,155,163
2,221.2027027027027,10.224682917162111,35.833333333333336,1508.25,126,138,124,158,150,145
3,216.74698795180723,7.161835748792271,30.125,1547.3586206896553,138,134,123,152,143,138
4,230.79679144385025,4.214575354809641,63.70833333333334,1636.389534883721,131,140,131,133,143,94
5,219.69480519480518,2.7387104421002726,59.55555555555555,1591.1182266009853,139,154,129,138,105,102
6,272.040625,2.2477628167600567,48.875,1544.014869888476,192,203,187,205,140,160
7,994.0392156862745,1.896063786202767,18.041666666666668,2098.082608695652,272,270,293,229,217,230
8,264.76027397260276,1.3859461387551277,9.055555555555555,1456.3474576271187,276,298,320,237,231,240
9,211.77173913043478,1.1633693450371374,24.73611111111111,1448.4683544303798,270,288,236,231,224,232
10,219.52439024390245,1.3159074210139603,28.375,1566.8333333333333,251,267,213,219,205,206
11,237.9278350515464,1.4732304900181488,25.541666666666668,1663.75,219,177,190,208,180,186
0,244.60227272727272,14.954482758620692,34.375,1474.111111111111,204,182,173,174,185,184
1,215.19101123595505,13.063417190775683,25.63888888888889,1568.8987341772151,140,163,154,156,168,173
2,221.86666666666667,10.155062671367018,34.125,1553.3931623931624,136,142,131,143,146,153
3,233.05649717514123,7.580507732710827,39.51388888888889,1627.216560509554,135,137,122,119,131,101
4,231.51829268292684,5.566458016128124,77.88888888888889,1576.2428571428572,133,151,119,128,139,101
5,233.4214711729622,3.9370969781261858,79.27777777777779,1584.933638443936,112,159,117,125,95,111
6,290.84798807749627,2.631917631917631,35.541666666666664,1576.9166666666667,191,209,182,158,135,161
7,1266.7031700288185,1.5490615790290052,17.972222222222225,2464.1293103448274,251,300,313,230,225,216
8,351.7453416149068,0.8308578745198466,12.375,1663.6617647058824,283,320,240,240,240,239
9,234.44444444444446,0.8731572080887147,26.708333333333332,1431.516129032258,278,317,234,234,236,234
10,229.12328767123287,1.0842183642277698,30.152777777777782,1596.016129032258,253,220,218,222,218,212
11,233.0253164556962,1.2151385835596364,15.500000000000002,1535.3030303030303,232,201,195,197,204,192
0,205.61764705882354,14.646445497630332,32.40277777777778,1363.4848484848485,206,192,153,156,180,168
1,224.77173913043478,11.848980432543769,23.097222222222218,1507.8589743589744,187,179,141,149,154,161
2,228.0909090909091,9.097619047619048,24.972222222222225,1505.758865248227,130,153,133,132,144,148
3,227.14619883040936,6.4279482551143206,35.15277777777778,1559.2972972972973,122,155,124,128,153,149
4,234.0297619047619,4.674942791762013,63.388888888888886,1587.0413793103448,114,138,120,125,148,115
5,226.8391472868217,3.7008741060279267,53.27777777777778,1495.2986425339366,117,148,122,120,151,108
6,317.071104387292,2.903274450667815,30.166666666666668,1618.0902527075812,161,188,192,209,151,154
7,539.9070512820513,2.117319508448541,7.75,1609.135593220339,262,289,276,223,218,220
8,285.78620689655173,1.4147749718904794,8.041666666666666,1572.9421487603306,271,306,290,229,232,239
9,225.26923076923077,1.339372208592816,32.15277777777778,1425.0493827160494,263,299,283,224,221,224
10,215.6,1.2419342793129202,21.916666666666668,1418.0344827586207,243,285,198,203,204,206
11,243.73846153846154,1.1141252006420546,15.708333333333334,1574.4237288135594,232,276,180,179,192,187
0,236.53684210526316,14.919431279620852,24.791666666666668,1775.7692307692307,189,188,167,155,176,180
1,260.9222222222222,12.405447025695178,34.01388888888889,1594.9259259259259,135,176,156,145,167,168
2,236.40666666666667,9.309334511189634,31.847222222222225,1533.2325581395348,127,161,126,130,147,158
3,214.23870967741937,6.542518351214005,47.291666666666664,1505.4130434782608,131,149,137,120,135,98
4,251.44390243902438,4.594107926377572,53.02777777777777,1550.3179190751446,136,147,138,109,131,102
5,221.22718052738335,3.283115167527321,77.5,1566.2919540229884,143,157,143,110,92,112
6,308.8647416413374,1.9988771521250939,48.861111111111114,1579.4660714285715,199,238,192,186,128,150
7,831.0584415584416,1.6899883548925185,8.38888888888889,2137.082608695652,287,314,289,218,195,210
8,238.9191176470588,1.063640409434802,10.208333333333334,1466.3644859813085,285,320,295,230,235,240
9,232.0,1.4141445126107703,31.0,1557.741573033708,274,312,207,213,222,239
10,229.95454545454547,1.4459854014598539,34.87499999999999,1411.9178082191781,247,299,201,193,207,223
11,258.80281690140845,1.9331662489557226,26.5,1607.0714285714287,212,224,190,175,195,201
0,225.92307692307693,14.413055028462999,25.472222222222225,1442.0632911392406,207,150,179,171,175,172
1,220.64835164835165,12.946165191740414,32.76388888888889,1690.25,137,133,159,161,168,146
2,218.53521126760563,9.562984496124031,33.208333333333336,1527.7083333333333,122,123,138,147,145,142
3,217.76623376623377,7.453283996299721,37.88888888888889,1486.891304347826,121,122,144,138,126,101
4,215.5297619047619,4.0974931974758295,70.99999999999999,1594.4779411764705,132,119,138,129,133,100
5,229.39672801635993,2.5246107483676545,78.88888888888889,1560.0353773584907,131,113,146,121,112,101
6,251.06,2.7818866632425956,36.77777777777778,1553.9181636726546,180,158,215,199,152,158
7,526.6372239747634,2.2806039488966325,4.166666666666667,1695.336,270,242,287,222,202,212
8,239.6734693877551,1.6802896416298483,0.0,1544.8467741935483,281,264,309,240,232,226
9,241.35227272727272,1.3685314685314685,30.097222222222225,1549.2236842105262,269,260,219,234,219,229
10,237.7792207792208,1.482934131736527,33.56944444444445,1447.1515151515152,261,239,209,200,211,216
11,263.96774193548384,1.0586801480545274,24.402777777777775,1546.9464285714287,235,161,190,184,189,207
0,220.52564102564102,14.926067415730335,40.125,1580.1884057971015,201,186,165,170,164,182
1,219.26956521739132,12.503838327783942,30.847222222222225,1497.5428571428572,118,176,155,154,148,150
2,219.25174825174824,8.327510040160643,23.680555555555554,1662.496,114,160,138,146,131,141
3,222.4247311827957,6.170533904032438,51.90277777777778,1631.1025641025642,119,150,135,149,120,99
4,232.00595238095238,3.4843924191750277,65.90277777777779,1588.5208333333333,127,136,132,155,129,101
5,228.50718685831623,1.883935242839352,55.68055555555555,1530.3004807692307,131,130,137,142,91,99
6,297.50488599348535,2.4283393050579116,40.125,1592.316733067729,187,187,192,226,140,159
7,344.5762711864407,2.474820613176778,19.166666666666668,1545.356846473029,247,295,275,240,194,209
8,270.77564102564105,1.8756374807987706,11.861111111111109,1480.7424242424242,265,315,295,238,218,219
9,235.6893203883495,1.5526878015161958,29.166666666666668,1442.1764705882354,275,313,215,224,212,212
10,205.14814814814815,1.4705882352941178,29.194444444444443,1303.7391304347825,251,293,198,209,204,205
11,222.04109589041096,1.46786076675343,10.680555555555557,1578.3559322033898,226,205,185,193,188,196
0,214.73529411764707,15.484261021249603,33.11111111111111,1506.6559139784947,160,162,169,187,180,193
1,240.63095238095238,12.985573659198913,38.27777777777778,1596.4,138,155,162,182,163,182
2,222.07432432432432,10.253623188405797,44.291666666666664,1529.6742424242425,125,144,138,167,146,108
3,239.10055865921788,7.390990802675585,39.52777777777778,1512.0544217687075,132,136,143,167,148,106
4,210.40645161290323,5.129159136813012,68.65277777777777,1580.0375939849623,127,140,145,156,131,119
5,226.49397590361446,2.620426640208359,89.0138888888889,1631.170616113744,121,131,143,136,87,115
6,236.88127090301003,2.199309868875086,42.90277777777778,1552.8658777120315,179,207,207,143,140,159
7,495.67791411042947,1.4363894811656008,13.819444444444445,1865.855072463768,257,280,294,210,218,215
8,260.0642857142857,0.9789005924950624,11.874999999999998,1582.3464566929133,280,301,225,234,240,239
9,237.44565217391303,0.8155495978552281,38.041666666666664,1431.3098591549297,273,292,225,233,237,232
10,221.0597014925373,0.8741763912042548,35.958333333333336,1505.290909090909,254,202,208,220,220,222
11,217.73684210526315,0.9709935687098045,30.513888888888886,1543.327868852459,232,180,185,199,200,207
0,218.0841121495327,15.343718778908418,30.569444444444443,1589.6063829787233,195,172,173,171,180,190
1,203.26190476190476,11.786524822695036,37.97222222222222,1655.8082191780823,118,152,163,157,176,174
2,224.69938650306747,9.17994611239415,27.0,1595.36690647482,116,142,142,141,165,160
3,221.30434782608697,6.941544097839556,57.22222222222223,1556.9135802469136,112,141,139,140,154,121
4,217.97916666666666,5.110465423424376,44.666666666666664,1513.7951807228915,123,159,142,143,136,120
5,229.21444201312912,3.9353638688677046,80.25,1567.9170854271356,136,153,139,134,90,130
6,276.2798690671031,2.8836363636363638,26.958333333333332,1594.2738336713996,194,217,182,194,136,177
7,358.84013605442175,2.0697176116920915,18.25,1548.8512396694214,271,293,279,209,213,224
8,295.47712418300654,1.6825503355704696,11.319444444444445,1573.2727272727273,276,304,213,231,229,237
9,242.48760330578511,1.736488340192044,38.72222222222222,1674.436170212766,270,295,213,223,223,234
10,242.2439024390244,1.7819241982507288,24.361111111111114,1398.0714285714287,242,283,199,210,208,230
11,239.3111111111111,1.7927883538633815,26.402777777777775,1719.986111111111,224,184,183,190,188,206
0,208.87654320987653,15.388362487852282,47.0,1562.1714285714286,157,175,176,183,165,173
1,225.37362637362637,11.486172363101801,39.583333333333336,1801.1153846153845,127,156,150,168,148,158
2,222.21527777777777,8.541000225275962,44.13888888888889,1686.625,108,140,138,145,140,101
3,224.3372093023256,5.377976952624841,69.1111111111111,1622.3783783783783,120,127,129,145,92,97
4,218.03614457831324,4.066780404582015,79.76388888888889,1660.5890410958905,126,133,133,151,99,104
5,230.44583333333333,2.0501253132832087,92.98611111111113,1651.9658536585366,131,140,135,92,99,106
6,323.2218798151002,1.9192143783583475,32.05555555555555,1693.3276515151515,209,193,194,137,140,155
7,961.8733766233767,1.2515731874145009,12.041666666666666,2013.7713004484306,280,306,218,212,215,231
8,410.69642857142856,0.691237113402062,12.652777777777779,1604.3857142857144,287,313,240,233,239,240
9,253.6705882352941,0.6911282270717443,55.01388888888889,1614.2602739726028,285,235,240,240,240,236
10,239.31884057971016,0.8902081668379189,32.041666666666664,1459.4237288135594,271,223,231,231,217,210
11,229.03571428571428,0.8954248366013071,20.61111111111111,1338.936170212766,173,199,212,197,189,186
0,214.53521126760563,16.519066480273377,41.00000000000001,1679.084745762712,159,188,164,190,189,183
1,215.0212765957447,13.80295613782513,39.736111111111114,1516.4044943820224,141,167,147,179,166,106
2,233.73006134969324,9.762465337728246,26.73611111111111,1569.3,121,161,141,156,162,90
3,241.32716049382717,7.331599750364052,61.513888888888886,1646.7851851851851,142,151,147,146,160,90
4,234.44242424242424,3.986749851455733,69.44444444444444,1588.354609929078,135,141,139,148,111,91
5,231.01632653061225,2.750148544266191,87.86111111111113,1619.1515151515152,144,148,123,148,103,99
6,287.61549925484354,2.7101310322786833,48.40277777777778,1649.6318493150684,199,198,177,144,163,162
7,949.1578947368421,1.0980176547848133,16.88888888888889,2016.6904761904761,279,306,290,218,229,237
8,298.8451612903226,1.0064568462037642,18.36111111111111,1626.102189781022,280,314,232,235,240,240
9,239.23584905660377,1.0263140385894878,56.66666666666666,1436.5894736842106,268,305,222,232,236,240
10,247.37078651685394,1.2320876540794363,21.305555555555554,1710.6153846153845,253,223,207,219,218,225
11,256.1044776119403,1.5127735512350897,39.166666666666664,1517.6,175,209,178,208,205,208
0,274.3058823529412,16.106350330500472,43.555555555555564,1428.48,160,172,167,175,177,208
1,255.15686274509804,12.8924077904171,50.166666666666664,1552.2168674698796,151,170,151,161,156,178
2,251.66666666666666,10.712390283731374,36.208333333333336,1632.1052631578948,135,150,154,151,149,113
3,242.23214285714286,8.092892870884407,58.513888888888886,1681.3777777777777,129,136,148,131,141,106
4,231.03225806451613,5.971155065297323,74.93055555555554,1610.2575757575758,135,128,144,122,91,97
5,244.21900826446281,4.000881834215168,85.81944444444444,1699.5023255813953,126,125,143,77,90,87
6,348.8917682926829,3.0213367246008196,41.72222222222222,1784.7700534759358,214,176,191,126,152,152
7,1652.5507692307692,1.8406896551724137,22.680555555555557,2570.6214689265535,281,283,205,218,229,234
8,264.79617834394907,1.1132625994694958,16.76388888888889,1543.2734375,292,295,220,223,238,240
9,246.5632183908046,0.9883585126021929,62.59722222222222,1624.513888888889,288,208,218,219,230,234
10,300.14102564102564,1.025563909774436,40.55555555555555,1634.593220338983,275,205,200,207,213,230
11,241.66666666666666,1.4250645994832043,31.166666666666668,1562.621212121212,173,192,190,187,192,227
0,242.79381443298968,16.651840244294437,43.333333333333336,1598.9878048780488,153,156,158,185,185,200
1,254.47692307692307,13.768373305023406,38.27777777777778,1613.7540983606557,141,152,140,170,174,124
2,260.0617283950617,10.216568890838312,53.68055555555555,1622.087591240876,122,136,119,143,156,117
3,235.47530864197532,6.892793481028774,70.375,1707.5714285714287,129,125,112,129,119,100
4,236.82967032967034,4.418732782369146,95.09722222222221,1678.36301369863,125,124,136,139,113,89
5,249.91075050709938,3.334922842572355,73.36111111111113,1596.6252983293557,130,130,140,103,119,97
6,325.7672131147541,3.1266633565044684,19.944444444444443,1653.7308411214954,186,190,163,145,167,156
7,1945.0579268292684,1.646826468602296,16.666666666666668,3038.5652173913045,275,289,222,225,236,234
8,278.4166666666667,1.4588757396449703,15.916666666666666,1595.0703125,279,293,229,240,240,240
9,226.0392156862745,1.5426262931359964,59.87500000000001,1702.258426966292,269,208,216,236,240,225
10,220.1123595505618,1.8814370286270374,44.72222222222223,1469.057142857143,251,188,203,230,214,212
11,246.53623188405797,2.2244171300360938,55.05555555555555,1583.2241379310344,173,170,182,203,201,210
0,294.1111111111111,16.953313634444914,53.861111111111114,1646.9864864864865,173,179,188,192,185,113
1,213.0731707317073,14.95333869670153,48.77777777777778,1813.4545454545455,163,173,183,165,120,100
2,243.5430463576159,11.223330241187387,84.5,1746.3636363636363,142,149,163,145,99,86
3,248.52201257861634,9.228174603174603,75.22222222222221,1796.3576642335765,152,142,159,85,90,92
4,251.64743589743588,5.657456398197139,108.83333333333333,1731.0902255639098,139,151,155,83,98,103
5,245.74639175257732,3.7154302670623145,108.27777777777777,1675.2658536585366,136,155,102,80,93,108
6,653.0014577259475,2.9855468750000003,23.833333333333332,2001.5407969639468,203,228,142,137,149,165
7,1704.8396226415093,2.014710230632762,10.444444444444443,2721.25,269,220,223,232,240,240
8,403.325,0.993808049535604,54.47222222222222,1835.4475524475524,283,225,234,240,240,240
9,272.3137254901961,0.937305104217955,83.94444444444444,1530.965909090909,205,219,232,234,233,231
10,247.47058823529412,0.9783688854621778,49.0,1574.1044776119404,205,206,229,225,222,210
11,263.1095890410959,1.0687742938585125,61.38888888888889,1709.516129032258,188,191,214,204,209,129
0,218.9506172839506,16.862686303906873,62.25,1495.1714285714286,153,171,169,186,181,126
1,259.1264367816092,13.022769761756386,55.041666666666664,1656.4594594594594,141,148,155,178,165,120
2,244.05673758865248,10.95926352128884,77.50000000000001,1640.0578512396694,135,134,140,168,110,103
3,249.54268292682926,7.802139037433155,56.34722222222222,1673.020134228188,130,130,130,170,88,100
4,256.470297029703,5.206625258799173,77.88888888888889,1595.6179775280898,130,125,133,103,93,106
5,244.84759916492692,3.235355512067841,93.25,1733.695,135,126,134,114,94,127
6,576.7353846153846,2.542460317460318,56.59722222222223,1948.0722891566265,187,194,161,149,144,173
7,1766.343023255814,1.7117666891436274,33.97222222222222,2646.553672316384,289,284,217,220,239,234
8,294.03164556962025,1.075385286420471,47.25,1594.7388059701493,289,212,233,234,240,240
9,235.25242718446603,1.1287856512790357,75.5,1500.047619047619,283,214,234,237,228,236
10,234.6867469879518,1.0013888888888889,51.611111111111114,1784.642857142857,194,206,216,223,218,223
11,283.6896551724138,1.2100915699046544,53.111111111111114,1457.6296296296296,179,188,193,213,204,200
0,245.12857142857143,16.707923195762522,57.916666666666664,1777.5254237288136,144,174,165,202,185,115
1,234.76190476190476,14.130280911302808,61.055555555555564,1755.8,130,141,153,180,115,103
2,240.77707006369425,11.133450661488041,80.94444444444444,1723.3846153846155,113,136,142,159,102,97
3,248.13684210526316,8.066378066378066,71.3888888888889,1792.5988023952095,116,135,146,114,94,88
4,232.87012987012986,5.821128981393883,96.8888888888889,1773.5725806451612,124,150,154,118,106,103
5,250.82809224318657,3.5020684736091297,85.16666666666667,1696.3002421307506,123,154,103,120,99,102
6,869.627043090639,2.7416905444126067,42.819444444444436,2040.9978540772531,202,223,136,181,161,144
7,1339.5723684210527,1.6319910095523502,47.77777777777778,2399.541899441341,276,222,215,222,230,240
8,335.1142857142857,0.842322449866068,66.0,1573.6936936936936,286,232,228,231,237,240
9,240.35398230088495,0.9414615958240119,52.22222222222223,1616.4653465346535,202,226,227,234,216,236
10,259.34567901234567,0.9690963908841005,67.44444444444444,1787.6323529411766,185,207,202,227,209,223
11,267.6666666666667,0.9959358288770053,68.08333333333333,1553.5217391304348,172,191,188,217,198,134
0,224.69662921348313,16.219120062235284,38.638888888888886,1503.3846153846155,162,176,174,187,190,117
1,225.0561797752809,13.323578595317722,50.73611111111111,1624.5641025641025,149,162,161,179,173,112
2,239.0,10.191204915234954,67.22222222222221,1867.0555555555557,133,147,145,160,105,109
3,227.53179190751445,8.307513914656772,79.95833333333333,1697.06993006993,129,143,141,155,96,120
4,246.8388888888889,6.137127049990121,67.72222222222221,1711.2789115646258,128,143,129,105,106,112
5,240.7076612903226,4.288872047492737,91.94444444444444,1673.5203836930455,145,144,135,103,111,116
6,906.8628048780488,3.2693638914873713,61.09722222222223,2129.600418410042,202,201,158,167,157,184
7,1343.1556886227545,1.3223905723905724,37.54166666666667,2376.262376237624,289,293,212,229,225,237
8,323.3312101910828,0.4111505758260681,58.01388888888889,1657.0075187969924,301,226,228,239,233,240
9,265.4756097560976,0.4817302723850299,55.958333333333336,1625.2380952380952,289,215,222,229,233,238
10,239.06315789473683,0.8189170182841068,50.05555555555555,1589.2,189,209,206,207,227,226
11,234.54320987654322,0.6458036308335711,55.388888888888886,1687.6,174,195,194,198,205,203
0,270.5952380952381,17.40576840292725,71.75,1731.7464788732395,150,181,194,188,162,135
1,257.0379746835443,14.64727479573896,65.5,1763.7384615384615,133,162,184,170,107,123
2,264.50314465408803,11.530915986668198,81.61111111111111,1749.5223880597016,118,147,165,159,92,110
3,241.72727272727272,9.08097140320842,85.16666666666667,1638.8181818181818,126,143,160,106,96,120
4,251.82530120481928,6.416758951642674,90.2361111111111,1695.6785714285713,121,139,170,111,106,127
5,241.60990099009902,3.964606741573034,111.44444444444444,1723.5897435897436,122,141,121,99,112,117
6,746.7348148148149,2.0555607917059375,58.541666666666664,2135.0778443113772,192,211,169,155,167,167
7,1751.3987915407854,1.4966533777111295,38.88888888888889,2761.7326203208554,274,227,234,237,227,240
8,386.6060606060606,1.130688697386226,56.458333333333336,1833.0661157024792,278,240,240,240,240,240
9,243.62105263157895,1.3421052631578947,59.833333333333336,1655.2692307692307,187,233,237,240,235,236
10,253.3230769230769,1.2950502706883218,58.77777777777778,1822.9259259259259,173,221,229,224,213,233
11,263.0281690140845,1.494518237402488,70.44444444444444,1711.842105263158,160,204,213,209,188,142
0,241.4,16.940147369328223,81.97222222222221,1649.8533333333332,154,181,196,174,175,129
1,248.63636363636363,13.50506774226911,81.0,1681.6764705882354,151,165,177,158,114,114
2,263.328,10.724066924066923,88.69444444444446,1732.4444444444443,132,152,146,102,105,103
3,268.6524390243902,8.414239482200648,74.22222222222223,1635.2773722627737,124,152,143,99,105,98
4,251.56028368794327,5.89882601239942,79.83333333333333,1711.2242990654206,135,145,132,95,110,105
5,260.3867735470942,3.62357910906298,114.05555555555556,1789.610576923077,122,139,91,85,106,108
6,481.8955954323002,1.9858902575587902,66.38888888888889,1951.6309523809523,193,144,142,147,153,161
7,1415.6483870967743,2.014854471422109,55.77777777777778,2333.8022598870057,275,215,216,226,226,238
8,349.5448275862069,1.5262746067045547,62.38888888888889,1840.688,197,220,229,233,230,240
9,284.1559633027523,1.8699551569506725,84.5,1676.148148148148,190,224,235,225,227,237
10,248.65671641791045,1.7155399473222126,63.22222222222222,1583.063492063492,185,222,221,210,220,148
11,248.24285714285713,1.3859863151753036,55.944444444444436,1598.9642857142858,166,201,202,201,202,137
0,246.96703296703296,17.24366935092655,69.8888888888889,1652.9473684210527,156,170,195,168,118,130
1,258.6923076923077,13.211353162966068,79.16666666666667,1804.4366197183099,146,161,177,155,115,114
2,274.05,10.829821509117856,89.44444444444446,1731.0695652173913,128,147,162,97,104,101
3,257.48295454545456,9.074147764955564,77.94444444444444,1724.8689655172413,120,143,153,96,110,96
4,258.4117647058824,6.520503597122302,85.88888888888887,1868.3661971830986,130,148,104,102,110,101
5,246.2774193548387,4.293881856540085,94.8888888888889,1780.706940874036,127,142,106,105,120,111
6,660.455326460481,3.271591758300416,69.05555555555556,2050.846666666667,199,139,161,151,170,166
7,1445.5,2.487934638039141,71.00000000000001,2399.3491124260354,277,203,229,211,225,240
8,466.50625,1.6752041573867853,79.77777777777779,1768.4503816793892,202,212,240,218,235,240
9,268.92045454545456,1.7419623521572545,70.44444444444444,1697.4109589041095,203,205,237,217,232,240
10,254.32558139534885,1.6142504906154076,62.861111111111114,1636.4202898550725,185,200,217,204,212,151
11,235.125,1.4838465284918014,69.97222222222221,1477.5084745762713,176,185,197,185,194,150
0,252.87640449438203,16.408480366920955,64.97222222222223,1715.3866666666668,142,158,175,161,180,113
1,246.7792207792208,14.248544558889392,71.38888888888889,1679.2686567164178,128,157,163,142,112,110
2,256.19375,11.523715415019764,76.66666666666667,1693.7328244274809,122,136,155,124,96,103
3,264.3692307692308,9.060095653982117,86.11111111111113,1743.9884393063585,123,125,163,75,101,100
4,235.32926829268294,6.206736353077814,89.77777777777777,1740.9857142857143,139,129,172,94,110,94
5,246.80672268907563,5.211527581329562,88.77777777777779,1666.1985294117646,139,129,135,95,110,99
6,705.8927444794953,2.7440227703984816,57.694444444444436,1943.4111349036402,194,198,167,160,176,159
7,1316.7339743589744,1.9396262934564137,43.333333333333336,2282.5860215053763,277,218,206,240,239,234
8,296.46666666666664,1.4253810060742733,61.65277777777778,1871.396551724138,277,233,219,238,240,240
9,271.8809523809524,1.1606992771894435,72.94444444444444,1732.958904109589,191,230,228,224,228,221
10,269.7375,1.4861452921338074,57.11111111111111,1699.3384615384616,174,215,199,213,216,202
11,245.8030303030303,2.1144223284777044,65.88888888888889,1660.7592592592594,160,197,197,184,199,121
0,251.3846153846154,17.4849892109954,77.25,1776.872340425532,163,191,186,183,130,116
1,272.27272727272725,13.84567652103723,72.11111111111111,1805.4875,158,174,172,169,116,112
2,255.12413793103448,11.732298951048952,88.6111111111111,1889.8632478632478,146,161,152,156,116,101
3,232.82926829268294,9.087557603686635,75.6111111111111,1810.344827586207,143,150,158,78,117,98
4,226.08982035928145,6.481914893617022,107.22222222222223,1745.0675675675675,140,144,106,89,120,106
5,262.84909456740445,3.0638888888888887,94.44444444444446,1821.4234449760766,149,146,103,105,112,105
6,1118.7626339969372,3.04918697127805,54.27777777777778,2372.2108843537417,228,178,142,158,178,155
7,1870.1293103448277,1.1550359184870251,60.111111111111114,2811.016759776536,282,236,222,226,235,235
8,418.7986577181208,0.6251788268955651,69.72222222222223,1661.6,210,240,234,234,240,240
9,249.64705882352942,0.5575953923686104,71.49999999999999,1864.0869565217392,212,240,234,232,240,231
10,243.85,0.7875816993464052,62.22222222222223,1564.1060606060605,201,228,223,215,220,137
11,247.41558441558442,0.7988101953946358,69.33333333333333,1538.6190476190477,180,197,209,209,219,133
0,263.25531914893617,16.869824273563317,66.41666666666667,1548.974358974359,155,160,204,175,189,124
1,259.2962962962963,13.971662665692511,73.5,1983.2933333333333,144,154,183,156,111,123
2,259.73972602739724,11.356945085371482,80.55555555555556,1910.6440677966102,140,134,168,143,99,104
3,257.7307692307692,8.544372294372295,67.50000000000001,1874.218309859155,142,128,140,96,101,97
4,243.4203821656051,6.045810729355034,87.375,1723.5234375,155,125,144,103,98,86
5,253.54065934065935,4.585302593659942,82.11111111111111,1722.7371134020618,149,132,112,117,91,93
6,779.4732824427481,2.9579766536964986,74.04166666666667,2102.056155507559,203,206,147,160,150,162
7,1660.8639455782313,2.1723456038941285,61.611111111111114,2662.4876543209875,279,215,221,212,217,240
8,393.55172413793105,1.3653010437172677,75.02777777777779,1740.8529411764705,284,223,230,218,222,240
9,254.68571428571428,1.10762331838565,81.1111111111111,1700.103448275862,198,221,238,217,229,235
10,297.2040816326531,1.139886494635098,67.0,1884.25,180,207,225,198,220,223
11,257.2916666666667,1.7122994652406416,71.77777777777779,1664.0,162,183,223,181,212,139
0,249.0,16.808441558441558,85.66666666666667,1625.7073170731708,154,173,156,158,122,133
1,267.03614457831327,13.98068995443697,89.33333333333333,1658.4923076923078,139,157,147,151,114,130
2,242.87234042553192,12.300366300366303,74.52777777777779,1775.2,126,149,144,87,103,119
3,254.00641025641025,8.496185214417258,82.83333333333333,1616.531914893617,133,156,135,80,103,117
4,245.95,5.990058479532163,92.86111111111113,1792.9253731343283,139,150,99,87,101,108
5,241.7625754527163,3.4517441860465112,93.05555555555556,1777.0246305418718,138,152,102,91,101,104
6,661.6345514950166,3.062277206961627,82.72222222222221,1998.592511013216,200,181,151,160,156,156
7,1122.9026845637584,2.060740295818004,65.22222222222223,2250.822222222222,273,237,211,225,233,223
8,363.7261146496815,1.4180381560632116,71.6111111111111,1725.5853658536585,199,240,220,228,239,231
9,268.24271844660194,1.7854063018242121,75.61111111111111,1884.2530120481927,195,236,216,224,240,229
10,282.54545454545456,1.708692865243331,78.1111111111111,1638.7441860465117,184,217,200,210,234,148
11,232.35294117647058,1.810579455662862,58.916666666666664,1668.8823529411766,165,198,179,186,201,143
0,268.7142857142857,17.750361515472864,78.74999999999999,1816.5569620253164,144,172,190,202,110,125
1,260.29787234042556,13.181183932346723,68.11111111111111,1734.7402597402597,122,154,183,176,106,119
2,263.16326530612247,11.137566137566138,91.25,1700.6030534351146,118,150,160,108,103,117
3,249.59537572254337,7.912155388471179,79.55555555555556,1604.979865771812,128,154,143,115,97,123
4,267.60377358490564,5.427388963660834,93.75,1781.5454545454545,144,152,105,119,109,114
5,242.6949152542373,4.413661202185793,99.61111111111113,1820.5012594458437,136,153,105,111,110,117
6,669.6045296167248,3.4277783708764815,87.77777777777777,2031.6940639269405,186,151,166,160,160,163
7,1322.1498371335506,2.7137318131214245,67.83333333333333,2430.0898876404494,270,202,228,224,224,223
8,471.6707317073171,2.2905886293226154,83.94444444444444,1882.4296296296295,189,211,233,232,227,235
9,255.53488372093022,2.301801801801802,72.8888888888889,1651.0,186,215,236,227,228,240
10,234.37362637362637,2.25567551205731,67.02777777777779,1658.2948717948718,174,194,227,215,213,143
11,257.6835443037975,1.9550549802498127,75.24999999999999,1812.344262295082,163,194,208,211,191,135
0,247.05504587155963,17.174512153372135,70.77777777777779,1581.5227272727273,148,188,192,179,185,124
1,222.9784946236559,13.309787059787059,78.38888888888889,1872.1772151898733,137,179,176,167,109,120
2,252.52272727272728,10.491835847768051,96.25,1715.0336134453783,124,161,173,96,94,119
3,239.98843930635837,6.47891156462585,73.16666666666667,1634.948051948052,122,148,162,100,90,113
4,245.6,4.259420289855072,80.05555555555556,1762.5073529411766,144,142,103,103,90,108
5,248.03191489361703,3.1685714285714286,93.5,1776.5494791666667,151,142,101,96,95,115
6,875.6661654135338,2.8466543242528433,87.88888888888887,2236.312749003984,215,167,135,145,170,163
7,1718.503048780488,1.7166955176604914,61.111111111111114,2495.4502923976606,274,233,216,228,238,240
8,323.92105263157896,1.3591571992587221,66.83333333333334,1722.5348837209303,199,240,220,240,240,240
9,267.1777777777778,1.3952380952380952,77.55555555555556,1549.4358974358975,193,237,226,236,237,236
10,255.01123595505618,1.500788022064618,64.55555555555556,1673.9,186,218,215,223,216,211
11,264.52941176470586,1.4707473611626796,75.72222222222223,1700.9830508474577,166,202,210,192,199,140
0,257.73972602739724,16.80709244576109,57.333333333333336,1691.9516129032259,156,171,168,192,187,124
1,246.73684210526315,14.703058623619372,77.27777777777779,1701.2911392405063,146,157,151,177,111,114
2,287.4339622641509,11.041175109877399,81.27777777777779,1800.4045801526718,134,144,143,157,108,100
3,252.37179487179486,8.095641077305393,65.33333333333333,1755.8425196850394,138,138,136,94,101,102
4,256.484375,4.673033558827431,89.61111111111113,1690.5345911949685,141,144,124,96,103,110
5,257.9171483622351,2.6593220338983055,91.16666666666667,1692.8454746136865,137,156,100,102,94,119
6,913.158371040724,2.8713188798554654,74.36111111111111,2240.605603448276,217,232,164,151,160,183
7,1580.967637540453,1.750344058024921,68.16666666666667,2663.037634408602,278,214,222,223,238,240
8,624.4642857142857,0.8057376752272974,79.33333333333333,1805.7890625,289,229,230,225,240,240
9,236.72881355932202,0.761829396964532,67.38888888888889,1776.5894736842106,211,223,228,230,240,237
10,258.8987341772152,1.1363636363636365,66.27777777777779,1708.015873015873,206,201,211,220,227,222
11,251.82692307692307,1.4736786018755328,73.33333333333333,1361.195652173913,179,188,187,209,205,136
0,237.27835051546393,16.28907890789079,85.36111111111113,1645.719512195122,148,180,176,171,125,109
1,248.82978723404256,13.447469982847341,88.55555555555554,1729.6753246753246,146,163,172,154,117,96
2,256.8809523809524,11.348866819455052,78.13888888888889,1686.0280373831777,153,143,161,88,106,97
3,257.16201117318434,8.796190476190477,84.6111111111111,1772.724358974359,152,136,151,86,103,97
4,262.718085106383,5.570689655172416,89.1388888888889,1835.5329341317365,155,141,102,87,110,101
5,254.54280155642024,3.4478723404255316,88.94444444444446,1785.4050925925926,175,155,110,95,112,105
6,991.6060606060606,3.0833782129742957,79.44444444444444,2335.8384798099764,251,185,158,154,162,165
7,1890.6654676258993,2.05549158711882,77.27777777777777,3123.1677419354837,271,224,213,231,240,238
8,281.0921052631579,1.6662987490802061,80.66666666666666,1721.9268292682927,194,232,220,233,240,240
9,253.8256880733945,1.5570684148596399,79.77777777777779,1719.5,178,222,225,232,231,234
10,244.0281690140845,1.0435729847494555,84.80555555555556,1663.5964912280701,174,221,211,217,219,146
11,226.42424242424244,0.8690282742931426,75.1388888888889,1741.6666666666667,173,197,194,186,199,137
0,247.91397849462365,16.44789437741862,70.55555555555556,1719.077922077922,130,150,194,171,191,119
1,253.0722891566265,14.353434462130119,69.22222222222221,1447.9705882352941,123,143,174,171,129,111
2,245.1627906976744,10.787105751391469,80.0,1676.6454545454546,121,135,152,156,119,101
3,248.2712765957447,7.904761904761904,77.44444444444444,1726.9870967741936,123,132,142,89,103,97
4,250.83660130718954,6.347775175644029,85.1111111111111,1767.450819672131,137,138,162,89,102,104
5,251.1206896551724,5.73768115942029,82.00000000000001,1706.178391959799,151,146,106,98,87,102
6,482.6875,4.194466403162055,76.97222222222221,1833.7060041407867,202,199,152,152,154,153
7,1294.364238410596,2.4713196033562164,77.61111111111111,2461.0804020100504,264,208,220,225,223,240
8,291.3835616438356,1.5921511094810197,70.26388888888889,1731.639344262295,278,212,231,234,240,240
9,254.53658536585365,1.4037991744587652,68.16666666666666,1617.943661971831,197,205,227,223,229,238
10,258.42105263157896,1.255009107468124,71.05555555555556,1792.4285714285713,173,181,212,212,219,223
11,251.77586206896552,1.8835692171605485,79.75000000000001,1634.2291666666667,152,158,212,197,207,138
0,239.6144578313253,16.667072058376405,76.69444444444444,1696.2173913043478,165,161,179,197,170,129
1,245.55,13.493293591654249,61.388888888888886,1741.1216216216217,150,138,162,174,110,120
2,235.64383561643837,9.704754509616533,73.44444444444444,1691.6290322580646,139,117,152,150,94,109
3,243.07909604519773,7.1363728470111445,71.33333333333333,1675.6225165562914,139,117,136,106,97,110
4,246.60555555555555,5.39264008548721,81.0,1876.012658227848,149,128,138,104,93,101
5,249.97698744769875,3.511267605633803,82.94444444444444,1713.436274509804,159,126,110,102,97,116
6,701.8681318681319,2.969811320754717,88.02777777777777,2052.191721132898,215,187,162,169,149,178
7,1587.0679611650485,1.7972346758090652,72.83333333333333,2570.777777777778,279,216,216,233,221,232
8,303.9640287769784,0.9540842397255278,70.72222222222223,1788.7241379310344,286,225,227,235,229,240
9,256.8481012658228,1.3761452607029814,72.66666666666667,1653.3529411764705,198,223,222,234,225,232
10,246.9512195121951,1.1459376372419854,63.611111111111114,1652.323076923077,186,208,209,228,214,220
11,257.11392405063293,1.2331758188039759,69.66666666666667,1521.7391304347825,174,184,197,204,191,133
0,240.3125,17.356877008966332,77.16666666666667,1819.4285714285713,149,195,177,182,188,137
1,214.76344086021504,14.683299820086779,72.83333333333333,1719.4810126582279,126,174,164,163,111,121
2,232.3581081081081,11.322377622377623,78.88888888888889,1767.7540983606557,114,166,151,144,96,109
3,235.18617021276594,7.961507936507935,67.0,1613.3575757575757,121,153,141,105,95,105
4,255.6219512195122,6.032068736007745,81.77777777777777,1707.7878787878788,136,162,148,115,117,109
5,245.3203125,5.036727989487517,90.33333333333333,1649.630733944954,141,169,100,116,129,106
6,570.2544283413848,3.0304170444242975,68.94444444444446,1975.0376569037658,209,244,144,173,176,157
7,1246.0306748466257,1.5737837937520744,70.22222222222221,2317.062176165803,276,229,218,228,240,236
8,522.9152542372881,1.3318422856318313,74.02777777777777,1955.8456375838925,277,239,223,240,240,240
9,232.20560747663552,1.1201888162672475,70.6111111111111,1646.5842696629213,201,232,227,237,240,240
10,254.21176470588236,1.2376048817696415,62.55555555555555,1746.1014492753623,187,226,218,222,232,226
11,267.27868852459017,1.6627793475468788,74.1388888888889,1600.408163265306,170,213,199,206,207,150
0,254.63513513513513,17.6525391187482,79.44444444444444,1656.578125,143,189,192,183,119,121
1,273.54651162790697,14.67760242135986,78.22222222222221,1825.1973684210527,130,168,174,163,105,101
2,266.1736111111111,10.593959499619876,77.61111111111111,1752.5409836065573,115,146,151,90,91,96
3,257.55151515151516,7.347193632496227,82.8888888888889,1657.934306569343,124,137,157,91,89,96
4,269.20238095238096,5.124316109422492,89.0,1790.2535211267605,121,142,116,83,98,98
5,261.6840148698885,3.086281859070465,85.66666666666667,1774.0316742081448,117,137,119,80,101,113
6,1261.6483050847457,3.959404324765402,79.0,2320.1447963800906,203,155,185,134,154,201
7,1847.870786516854,2.052668827057027,78.44444444444444,2699.630303030303,271,218,239,224,221,240
8,258.4225352112676,1.411368946901942,80.44444444444444,1689.4881889763778,195,232,240,240,232,240
9,281.1777777777778,1.259356070035682,81.83333333333333,1629.28,187,227,236,230,233,226
10,234.14285714285714,1.698026121967986,76.80555555555556,1608.72131147541,172,221,227,215,222,141
11,252.43373493975903,1.674993284985227,75.05555555555556,1683.089552238806,155,201,211,198,202,128
0,242.14457831325302,18.18092507285889,78.30555555555556,1684.2916666666667,167,172,183,186,130,129
1,234.65555555555557,15.070454545454547,84.1111111111111,1701.1898734177216,163,145,171,167,123,111
2,257.74666666666667,12.42424242424243,83.08333333333333,1666.0601503759399,147,138,156,123,113,93
3,272.9146341463415,9.501422879908937,79.44444444444446,1593.5492957746478,149,128,145,121,111,99
4,259.7916666666667,6.383146067415731,87.52777777777777,1745.8333333333333,156,133,91,109,109,114
5,255.30368763557485,3.1348837209302327,87.77777777777779,1765.787234042553,139,134,100,103,109,103
6,812.9575163398692,3.010829542993285,79.27777777777779,2223.456475583864,205,156,145,143,158,165
7,1743.9831460674156,2.209771199879182,77.94444444444444,2713.849162011173,271,221,225,217,220,240
8,502.31724137931036,1.6530537159676233,73.33333333333333,2225.378151260504,193,239,234,226,227,240
9,259.8659793814433,2.0603318250377067,87.22222222222221,1752.7012987012988,184,230,230,224,218,240
10,261.6521739130435,2.051741097776903,83.44444444444444,1790.8974358974358,176,216,223,216,206,159
11,277.2409638554217,1.9701197293076527,72.77777777777779,1796.2142857142858,178,191,210,202,207,142
0,195.125,17.762731044888717,77.69444444444444,1618.3815789473683,162,188,178,182,136,118
1,252.23655913978496,14.284168920324527,83.05555555555556,1741.6233766233765,146,168,164,179,121,96
2,216.13533834586465,11.610070257611241,85.1388888888889,1750.2393162393162,141,152,143,105,108,83
3,244.17365269461078,8.40516774891775,91.33333333333333,1787.0070422535211,128,155,134,107,99,81
4,262.3176470588235,6.96374269005848,81.97222222222223,1766.4013157894738,124,159,95,116,100,90
5,243.4203821656051,4.656497175141244,96.11111111111113,1765.9408740359897,127,177,92,109,110,93
6,652.4557377049181,3.054655870445344,78.94444444444444,2046.8592132505175,191,172,140,162,168,155
7,1696.589970501475,1.6447646993277123,80.16666666666667,2620.945054945055,283,229,205,238,233,229
8,577.25,1.2845656565656565,76.83333333333333,1951.504347826087,211,238,206,240,240,240
9,250.67592592592592,1.5643015521064298,73.83333333333333,1636.1046511627908,200,233,205,240,240,235
10,253.8875,1.3758493496408466,82.19444444444444,1770.4769230769232,184,226,203,226,231,142
11,256.77464788732397,1.3228734848087318,84.80555555555556,1925.5689655172414,174,211,195,202,213,126
0,274.61176470588236,17.45578197645662,83.05555555555556,1781.171052631579,147,171,191,168,123,119
1,258.0,13.100233100233101,82.66666666666667,1854.873417721519,141,157,172,166,120,102
2,290.2992700729927,9.331324090817763,78.44444444444444,1862.0260869565218,117,135,149,111,106,93
3,258.4526315789474,6.578533852565414,95.27777777777779,1695.216560509554,128,133,141,101,97,97
4,247.5388888888889,5.190248962655603,92.55555555555554,1750.63698630137,161,143,101,117,104,97
5,264.1614349775785,4.1238566501724385,96.16666666666667,1796.278947368421,156,119,109,112,106,100
6,878.2114197530864,2.553330228225431,82.72222222222221,2207.775330396476,221,180,149,141,164,162
7,1631.641638225256,2.1899924755455227,78.63888888888889,2526.7888198757764,193,222,232,209,234,239
8,356.72027972027973,1.9955752212389384,84.72222222222223,1764.4,190,232,239,217,238,240
9,272.875,2.3941035181086048,80.66666666666666,1826.83908045977,188,222,240,202,237,160
10,265.5232558139535,2.3711390910879397,82.5,1593.328947368421,176,211,228,202,228,151
11,249.48076923076923,2.3157383943494905,82.83333333333333,1662.8536585365853,163,195,213,188,196,136
0,253.7560975609756,17.683390363451398,96.52777777777779,1861.5396825396826,168,196,188,185,123,123
1,227.34939759036143,14.570854155896376,88.16666666666667,1782.1571428571428,153,175,170,112,108,111
2,273.6713286713287,11.673649116185445,95.6111111111111,1757.2564102564102,143,157,158,96,100,103
3,255.02285714285713,9.308059914407991,99.69444444444444,1936.2810457516339,144,153,113,84,107,100
4,269.79411764705884,5.078913963328631,103.27777777777777,1791.2554744525548,143,156,112,87,109,102
5,260.2456140350877,3.7729434697855755,94.94444444444446,1832.4292343387472,141,111,116,88,109,110
6,1225.5125925925927,3.170534215463612,93.66666666666667,2506.025882352941,240,150,166,165,178,167
7,1905.4537037037037,1.3450807635829665,86.25,2894.256684491979,199,227,240,224,232,240
8,392.1700680272109,0.5629183400267738,82.5,1838.7983870967741,211,240,240,240,240,240
9,276.65833333333336,0.7088664827960391,85.27777777777779,1831.712962962963,205,240,236,239,232,149
10,292.65822784810126,1.037596113024199,94.05555555555554,1762.7794117647059,192,231,227,233,220,144
11,275.46031746031747,1.1670662100456621,91.97222222222221,1695.4528301886792,179,209,214,222,140,131
0,284.1734693877551,17.687571921749132,90.33333333333333,1881.4025974025974,145,176,178,205,131,113
1,279.6019417475728,14.43711243711244,87.94444444444446,1733.4777777777779,139,165,161,123,115,111
2,265.5,10.872810264001973,103.30555555555556,1786.8467741935483,140,158,151,112,104,107
3,234.78231292517006,9.518654646324551,91.47222222222223,1831.5338983050847,140,165,104,104,99,109
4,264.65555555555557,6.723239817605686,94.58333333333333,1811.7798742138364,139,119,112,102,100,109
5,263.8473895582329,4.957044421639057,112.69444444444446,1779.9586374695864,164,122,118,92,110,112
6,1194.6196213425128,3.9394286337367794,95.72222222222223,2503.365535248042,167,179,170,152,174,177
7,2020.4826498422713,2.4675716440422315,92.8611111111111,3028.098765432099,196,205,212,233,240,240
8,305.02777777777777,1.5882352941176472,99.11111111111113,1749.486956521739,200,215,227,240,240,160
9,254.8131868131868,1.5349119045399457,96.16666666666667,1924.112676056338,194,215,220,239,240,154
10,272.41747572815535,1.8441279069767442,96.19444444444446,1685.962962962963,168,194,207,224,148,134
11,261.6478873239437,1.465953307392996,88.94444444444446,1739.1785714285713,163,187,195,220,136,127
0,280.8333333333333,18.941188892408405,105.30555555555556,2024.439024390244,144,184,188,143,111,132
1,250.0,15.006265664160402,97.97222222222223,1816.4756097560976,127,170,181,127,108,123
2,248.43589743589743,11.64690576652602,109.19444444444446,1911.0434782608695,123,140,114,122,98,114
3,286.1666666666667,7.703278688524589,107.25,1929.5285714285715,138,142,116,129,107,100
4,260.05,6.639811820052927,110.3888888888889,1770.0,144,107,117,126,117,105
5,255.74573055028463,4.71578947368421,108.19444444444444,1809.9929411764706,136,122,121,127,113,116
6,1413.3153724247227,3.132016850974196,101.52777777777779,2832.5077720207255,157,169,172,176,194,187
7,2027.7227722772277,2.0393331702942854,102.1388888888889,3414.963768115942,193,210,240,240,240,240
8,540.0993377483444,1.581063907044299,106.41666666666667,2189.342105263158,197,219,240,240,240,160
9,330.0943396226415,1.7774915895710681,98.27777777777777,1859.7,196,219,233,234,147,160
10,295.7848101265823,1.687941306266549,93.80555555555554,1989.0735294117646,180,208,222,228,142,153
11,293.0,1.3998479887745556,102.55555555555556,1960.5106382978724,169,200,206,224,131,139
0,221.69791666666666,17.67195767195767,110.22222222222223,1788.8846153846155,152,180,184,116,119,113
1,252.08333333333334,14.219021739130435,102.19444444444444,1952.1166666666666,144,166,109,100,108,109
2,249.44776119402985,10.777611940298508,111.58333333333333,1877.2966101694915,143,143,97,88,98,101
3,267.6363636363636,8.760916486800596,104.94444444444444,1962.725352112676,135,127,98,86,85,103
4,276.5187165775401,5.383228713986803,113.1388888888889,1904.7328767123288,133,126,107,95,90,103
5,289.0974576271187,4.3446382428940575,115.55555555555556,1842.4285714285713,106,128,123,105,107,119
6,1432.644694533762,5.102119460500964,112.25000000000001,2603.0138504155125,172,188,182,146,168,182
7,1597.017667844523,2.5678606638186006,100.22222222222221,2615.0062893081763,189,225,234,208,238,159
8,329.3333333333333,1.7898441427853198,108.6111111111111,1882.9435483870968,195,236,240,216,240,160
9,308.20388349514565,1.3030541561712847,111.44444444444444,1870.578313253012,194,230,236,221,159,151
10,253.21875,1.2287567084078712,107.80555555555554,1917.6625,180,212,229,207,150,140
11,297.06779661016947,1.1911744738628651,115.05555555555556,1949.1836734693877,172,198,211,131,139,131
0,248.90526315789472,18.532778133674995,110.47222222222223,1652.7674418604652,146,196,184,136,115,115
1,271.258064516129,14.49387755102041,101.83333333333333,2107.8545454545456,139,180,113,126,115,111
2,299.41843971631204,11.476203966005667,109.75,1822.2844827586207,129,158,106,115,108,90
3,269.8863636363636,7.878787878787879,106.47222222222223,1916.4244604316548,124,98,104,107,102,92
4,264.0115606936416,5.829239766081872,108.44444444444446,1837.4930555555557,145,94,107,114,105,110
5,281.14008620689657,4.56140350877193,109.0,1855.335978835979,113,103,125,114,111,118
6,1415.7710144927537,4.254271411470236,105.44444444444446,2657.9598997493736,163,151,171,175,174,187
7,2189.04181184669,1.5624885468205971,108.94444444444444,3341.25,200,215,229,240,240,160
8,589.1644736842105,1.1362300492833568,112.05555555555554,2211.8617886178863,203,223,235,240,240,160
9,285.56,1.4925165152766309,100.66666666666667,1821.358024691358,200,216,236,239,160,160
10,261.9886363636364,1.4334251101321587,100.94444444444446,1778.0,189,211,223,232,146,134
11,278.8709677419355,1.8824651004426287,94.25,1851.433962264151,165,209,216,150,122,117
0,278.9255319148936,19.21132229715921,107.19444444444446,1695.5945945945946,156,193,187,121,131,144
1,255.0125,16.03,96.94444444444446,1774.7910447761194,146,177,109,112,124,132
2,274.9477124183006,12.273961218836565,105.91666666666667,1909.2622950819673,126,145,105,100,109,137
3,268.9542483660131,8.062750019609382,103.72222222222223,1944.2348484848485,132,96,104,98,112,129
4,285.2023121387283,4.8159064327485375,105.44444444444444,1980.7132867132866,132,105,105,107,108,118
5,260.8989247311828,2.771604938271605,116.16666666666667,1849.8492462311558,102,102,110,117,109,108
6,1264.1430817610062,2.6031746031746033,111.69444444444444,2681.116049382716,159,151,154,196,166,182
7,2068.1133333333332,1.5320730476277875,112.52777777777777,3179.301282051282,207,207,228,240,240,160
8,943.6011560693642,0.8953399541634836,111.5,2460.5384615384614,211,218,240,240,240,160
9,396.35643564356434,0.9263120423108218,101.44444444444444,1930.0240963855422,210,220,239,240,160,160
10,282.12048192771084,1.0395886615515773,103.05555555555554,1962.3283582089553,200,212,231,223,149,158
11,253.91803278688525,1.284527314360484,108.58333333333333,1678.1914893617022,184,201,202,140,138,154
0,264.8455284552846,18.72247497725205,101.86111111111113,1812.4615384615386,181,185,199,138,119,120
1,275.0,16.69441833137485,116.08333333333331,2054.6969696969695,177,183,126,128,122,115
2,273.2631578947368,13.04029374201788,113.1111111111111,1878.6893203883494,162,174,117,118,107,105
3,286.34355828220856,10.75774327906096,114.33333333333333,1859.8235294117646,154,110,119,103,98,111
4,279.78205128205127,7.786786786786786,117.55555555555554,1984.2374100719423,110,115,120,98,108,115
5,286.85573122529644,5.193475452196382,120.0,1936.611650485437,112,119,129,97,116,115
6,1704.0477759472817,5.032731973908444,119.97222222222223,2794.9450867052024,174,188,174,152,198,115
7,1745.8788819875776,1.5670625792216328,118.91666666666667,2713.662721893491,200,224,220,236,226,147
8,314.09375,0.8339636140637776,119.55555555555554,2120.2685185185187,208,230,231,240,157,157
9,256.7019230769231,0.8703781512605042,109.94444444444444,1865.7738095238096,208,220,224,237,147,154
10,275.6222222222222,0.9624012638230648,107.19444444444444,1895.5072463768115,197,213,213,149,130,153
11,295.65168539325845,1.0464442197505892,103.55555555555554,1987.9594594594594,181,190,207,148,126,137
0,259.8314606741573,18.707841852337264,95.38888888888887,2075.897435897436,143,202,174,117,104,132
1,280.4029850746269,14.20055175722682,95.22222222222223,1872.509090909091,127,192,160,106,95,114
2,290.83941605839414,11.179074889867842,112.5,2022.6,120,173,110,96,87,95
3,260.47701149425285,8.518148148148148,108.91666666666667,1793.3419354838709,118,176,101,101,80,99
4,272.14044943820227,5.331752805437016,99.52777777777777,1741.5686274509803,133,123,111,106,94,99
5,270.00562851782365,3.7095838770479923,105.08333333333333,1879.7631578947369,133,133,114,109,119,118
6,1608.6604361370717,3.2541436464088394,106.1388888888889,2712.6580459770116,170,187,173,185,194,177
7,1723.3828382838283,1.406057661159702,107.0,2869.396103896104,197,224,231,240,240,240
8,478.8627450980392,1.5808879873788595,97.41666666666667,1937.3790322580646,193,236,236,240,240,160
9,266.74257425742576,1.8661225986887353,103.77777777777777,1962.2560975609756,189,234,234,240,231,155
10,267.7529411764706,1.9638215859030836,97.33333333333333,1867.5230769230768,181,232,213,222,141,146
11,267.61538461538464,1.9888500482160076,98.72222222222221,1983.5576923076924,163,216,199,197,121,141
0,282.8494623655914,18.502688619103054,101.22222222222221,1810.328947368421,151,182,160,113,123,130
1,285.20454545454544,15.791191709844561,110.44444444444444,2034.2567567567567,147,178,101,111,115,120
2,270.8854961832061,12.9237658674189,109.8611111111111,1861.3495145631068,137,162,91,96,110,113
3,305.60625,8.850215160542868,112.77777777777777,1793.2517985611512,130,106,97,92,101,110
4,274.55882352941177,6.614062119860514,112.08333333333333,1781.2388059701493,142,101,100,80,102,124
5,277.5079365079365,5.0787623066104075,117.91666666666667,1925.9297297297298,101,109,114,86,102,120
6,1295.3600583090379,5.475935521013241,116.55555555555556,2549.255583126551,156,157,169,128,155,200
7,1831.4920634920634,1.756793670230302,115.0,2846.1341463414633,200,225,218,227,219,160
8,418.7151515151515,1.675234407799599,113.11111111111113,2019.2753623188405,197,226,220,228,230,160
9,294.1980198019802,1.3342529711375213,104.30555555555554,1776.6904761904761,195,225,222,226,152,158
10,311.70512820512823,1.5779185022026432,110.25,1859.295081967213,184,224,201,224,148,154
11,328.640625,1.9612273361227333,110.47222222222223,1798.6346153846155,164,200,187,123,137,145
0,267.98571428571427,19.53728323699422,110.13888888888887,1780.3333333333333,162,198,127,131,126,121
1,220.75,15.92609511889862,103.13888888888887,1751.7012987012988,149,185,126,117,108,114
2,279.7309941520468,11.638811188811188,110.77777777777779,1750.9788732394366,137,165,112,97,107,97
3,273.30674846625766,8.267858518918088,122.6388888888889,1849.5401459854015,139,109,120,105,106,104
4,274.52830188679246,5.427698418760981,118.91666666666667,2012.4516129032259,144,101,116,117,115,96
5,285.4017094017094,3.307906652734239,116.99999999999999,1895.2706766917292,105,101,112,109,121,90
6,1205.9337641357029,3.041548452178299,121.55555555555554,2539.009828009828,153,158,181,180,169,92
7,1617.5974440894568,1.8415649278579356,118.94444444444446,2779.0662650602408,199,214,240,240,240,139
8,621.0748299319728,1.0241085899513775,112.19444444444444,2233.1101694915255,204,230,240,240,160,160
9,289.6144578313253,1.105319365337673,111.13888888888887,1888.8461538461538,204,225,240,240,160,160
10,287.4714285714286,1.20257116620753,109.22222222222221,1960.25,189,218,235,145,152,150
11,316.48571428571427,0.8680514342235409,112.38888888888887,1838.396551724138,182,206,201,142,141,139
0,288.1518987341772,21.70909090909091,120.86111111111113,1884.4307692307693,156,219,127,120,136,122
1,305.46078431372547,17.95356265356265,116.36111111111113,1990.9506172839506,138,186,125,109,137,119
2,286.8721804511278,15.856969513119974,112.08333333333333,1990.8440366972477,120,119,113,95,141,106
3,301.7883597883598,11.244207565326821,115.8888888888889,1924.9133333333334,135,118,110,93,136,119
4,282.14814814814815,7.903133903133903,120.94444444444444,1869.8521126760563,103,129,116,93,134,127
5,312.88270377733596,5.657976412166357,121.44444444444446,2022.9625935162094,115,139,113,98,127,124
6,1941.4072900158478,4.1715541673896706,113.83333333333333,2999.6635802469136,177,195,189,173,181,102
7,1418.6761565836298,1.7441036636524656,116.91666666666667,2643.4575163398695,197,223,217,237,231,157
8,722.8924050632911,1.303066037735849,112.19444444444444,2231.3385826771655,200,230,229,240,160,160
9,358.265306122449,1.4950657894736843,108.83333333333333,2148.1111111111113,196,233,232,235,160,160
10,312.23809523809524,2.0479750778816204,113.77777777777779,2120.1492537313434,189,228,218,144,145,146
11,273.8493150684931,2.1869047619047617,109.75,1817.8103448275863,172,223,212,131,137,133
0,270.65686274509807,20.54943117178612,118.30555555555554,1741.7619047619048,162,190,129,131,134,133
1,274.81609195402297,15.381372549019613,105.94444444444444,1796.04,148,174,116,120,115,143
2,298.08620689655174,13.290834845735027,115.66666666666664,1859.9527027027027,129,111,100,107,112,137
3,264.975,9.05785740948115,116.69444444444444,1815.96992481203,148,117,95,100,114,131
4,273.0308641975309,6.6466666666666665,121.6388888888889,1985.6174496644296,102,122,110,93,123,125
5,297.916142557652,3.7096069868995647,112.77777777777777,2062.452442159383,113,126,122,93,112,121
6,1568.6345514950167,3.993725490196079,123.66666666666667,2690.720588235294,176,179,178,156,169,117
7,1819.0242424242424,1.8417882352941175,115.6388888888889,2882.0,202,205,232,230,231,150
8,354.59558823529414,2.013059701492537,108.08333333333333,1945.654867256637,199,207,240,240,160,160
9,320.26262626262627,2.074505054759899,115.97222222222223,1884.95,199,205,234,235,160,154
10,295.67676767676767,2.0134831460674163,125.97222222222223,1891.129411764706,195,193,221,159,149,151
11,278.53731343283584,1.658941901979877,112.27777777777777,1739.1153846153845,184,201,205,154,141,142
0,314.7191011235955,18.835647433919572,108.69444444444444,1895.5897435897436,161,191,193,132,130,119
1,310.752688172043,16.231956797966966,110.08333333333333,1879.2375,149,175,117,124,109,113
2,278.8285714285714,12.553296703296702,107.16666666666667,1867.3130434782609,136,166,106,107,103,110
3,280.26451612903224,10.036419515943145,116.49999999999999,1904.1666666666667,136,114,117,106,97,115
4,281.7704918032787,6.672179813401189,114.5,1822.932098765432,90,117,124,103,102,119
5,287.8348017621145,4.678661616161616,116.94444444444444,1933.159891598916,113,116,132,108,107,128
6,1236.838550247117,5.292262015216181,124.83333333333333,2507.437172774869,167,164,173,144,191,112
7,1447.8225806451612,2.51153356290391,113.27777777777777,2590.2471264367814,191,209,240,219,232,156
8,335.51633986928107,1.095842174168209,112.27777777777779,2083.375,203,225,240,235,240,160
9,352.3333333333333,1.104515050167224,108.11111111111113,2005.301204819277,202,217,238,229,155,155
10,292.29333333333335,1.1117747440273038,114.22222222222221,2030.767857142857,202,215,235,218,148,154
11,305.5151515151515,1.189459815546772,102.75,1949.1666666666667,179,201,215,138,142,137
0,253.125,18.911182450508292,110.75,1861.0697674418604,150,181,194,122,118,125
1,286.95,15.522499999999999,98.38888888888887,1857.376811594203,142,173,130,115,115,125
2,274.8768115942029,12.528882833787463,113.08333333333333,1751.2272727272727,135,151,125,117,95,111
3,260.7455621301775,9.047200702819264,103.3611111111111,1876.0902777777778,136,101,114,113,90,105
4,265.07142857142856,6.046951912154486,113.5,1900.043795620438,141,115,113,109,114,103
5,274.0811881188119,4.747474747474748,115.3611111111111,1821.427570093458,118,122,112,110,119,101
6,1503.9921875,4.682357930449534,104.69444444444446,2652.0115606936415,166,189,169,165,166,193
7,1745.4225806451614,2.3708317721993257,112.80555555555556,2818.786982248521,191,240,210,240,228,147
8,346.9503105590062,1.5643707829552145,108.02777777777777,1854.453125,195,240,225,240,239,160
9,320.9313725490196,1.803682572614108,105.19444444444446,2050.9418604651164,192,238,223,237,158,157
10,278.98809523809524,1.7253521126760563,102.16666666666667,2023.27868852459,187,220,210,233,141,145
11,298.72857142857146,1.9233231188287367,102.88888888888887,1868.516129032258,167,204,205,133,132,138
0,251.68686868686868,18.3020683020683,113.8611111111111,1742.0357142857142,148,181,186,121,131,124
1,297.2962962962963,15.308492975734358,105.97222222222223,1826.09375,148,173,113,112,124,113
2,266.78767123287673,11.882959326788221,108.08333333333333,1959.7863247863247,128,156,106,109,117,97
3,297.6770186335404,9.068981625661785,108.58333333333333,2000.6946564885495,133,120,92,114,112,105
4,297.4311377245509,7.352180451127819,111.3888888888889,1889.6691729323309,130,121,101,113,124,111
5,289.77171717171717,5.157462195923734,104.5,1799.686224489796,105,124,101,109,120,117
6,1349.1553719008264,5.276831703984023,106.5,2580.1606648199445,142,181,167,176,209,182
7,1832.6452702702702,2.190763715269588,112.13888888888887,2912.217391304348,195,208,223,237,234,150
8,426.4751773049645,1.492840857273142,105.88888888888887,1839.0462962962963,199,218,233,240,240,160
9,277.252427184466,1.4778830141548709,104.05555555555554,1741.784946236559,199,210,237,239,157,159
10,277.0108695652174,1.6939674397859055,106.16666666666667,2017.0277777777778,174,193,225,216,156,157
11,271.15384615384613,1.9076923076923078,90.66666666666667,2133.0,155,182,206,139,144,149
0,285.85714285714283,19.14355449292688,110.83333333333333,1865.710843373494,183,179,191,134,130,139
1,275.5111111111111,15.823150357995228,104.86111111111113,2026.4027777777778,170,162,124,121,129,132
2,280.0287769784173,12.459791122715403,106.72222222222223,1767.495575221239,171,138,111,111,116,119
3,286.26451612903224,9.539282990083903,107.27777777777779,1964.5777777777778,165,94,107,100,106,118
4,277.29375,6.269867302817953,116.50000000000001,2048.168,165,99,114,114,103,111
5,295.07098121085596,4.309264754368612,118.83333333333333,1960.5086419753086,117,109,107,108,114,119
6,1578.4758418740848,4.289017341040463,112.16666666666669,2877.470914127424,178,176,155,180,179,170
7,1283.3795379537953,1.111070229499149,114.19444444444446,2557.6648648648647,206,223,224,231,240,155
8,386.2105263157895,0.7397382643262317,109.77777777777779,2233.638655462185,209,229,239,240,240,160
9,328.3272727272727,0.9194364161849711,119.33333333333333,1761.0978260869565,201,224,230,240,160,156
10,262.88421052631577,0.8220166809238666,98.13888888888887,1919.6842105263158,205,210,220,230,152,152
11,294.3692307692308,0.8229529335912312,108.27777777777779,1948.6274509803923,205,201,205,146,140,137
0,291.3666666666667,19.656626506024097,122.91666666666667,2121.2876712328766,153,183,121,126,118,129
1,290.3125,15.730657395701645,115.97222222222221,1884.1538461538462,142,169,117,120,113,130
2,252.66887417218544,12.737006066568288,106.16666666666667,1915.9538461538461,119,98,101,115,102,107
3,291.95151515151514,8.299903722721439,115.86111111111113,1983.7537313432836,133,92,111,113,108,99
4,277.2865853658537,6.395061728395062,120.94444444444446,2099.9014084507044,106,102,100,113,113,114
5,292.750499001996,5.241379310344827,110.05555555555556,1907.8076923076924,123,107,105,118,121,122
6,1706.136655948553,5.1885761297526,112.19444444444446,2665.7046153846154,165,180,162,181,194,119
7,2406.1253731343286,2.17957632225467,122.75,3436.8169014084506,188,226,223,240,240,152
8,634.2222222222222,1.9181827473426,120.77777777777777,2241.217741935484,190,240,233,240,160,160
9,281.7383177570093,1.7091543513957308,107.02777777777779,1898.9,193,240,240,232,160,153
10,287.82191780821915,1.631460674157303,115.25,1985.3389830508474,192,219,222,145,151,139
11,300.28915662650604,1.6098159509202454,121.22222222222221,1946.4,172,205,203,138,125,135
0,266.06666666666666,20.36510957324106,116.36111111111113,1897.2857142857142,151,182,139,123,140,132
1,273.60493827160496,15.589146800501883,115.52777777777777,2050.774647887324,140,164,129,114,127,123
2,289.5806451612903,12.910297482837528,118.02777777777779,1914.8992805755395,127,112,118,103,113,117
3,302.859649122807,9.300175184705612,123.38888888888887,1920.1666666666667,136,113,120,104,105,113
4,278.4557823129252,8.620689655172415,122.69444444444446,2050.8888888888887,121,119,121,98,110,127
5,297.325,5.600740740740741,127.1111111111111,1966.3453608247423,116,125,116,91,119,108
6,1871.9368723098996,5.690135746606335,127.8611111111111,2907.6104972375692,169,191,193,147,163,112
7,1722.98125,1.8990795682848196,122.11111111111113,2828.167701863354,193,221,234,235,234,142
8,904.0384615384615,1.106427125506073,114.88888888888887,2440.8727272727274,202,233,240,240,160,160
9,396.2564102564103,1.3648469387755102,107.30555555555556,2029.4943820224719,198,231,240,240,156,160
10,322.2261904761905,1.8084023305734436,125.86111111111113,2022.3484848484848,178,215,238,145,153,158
11,327.1818181818182,1.6415430267062314,124.72222222222223,1869.5797101449275,158,200,226,139,145,143
0,325.03061224489795,19.922360616844603,120.55555555555554,1972.3902439024391,156,179,131,129,128,120
1,267.89156626506025,15.878297055057617,125.72222222222223,1880.9375,154,167,121,121,114,104
2,265.2739726027397,11.983941093969143,107.80555555555554,1815.7105263157894,145,152,118,108,96,94
3,278.76795580110496,9.25628611588318,117.19444444444444,1788.751724137931,145,113,119,102,96,99
4,285.34415584415586,6.256637168141593,117.1111111111111,2029.984126984127,108,120,114,112,114,110
5,291.25691699604744,3.671228413163897,119.97222222222223,1900.1028708133972,103,112,114,114,120,119
6,1842.4484375,3.7625293544876572,98.8888888888889,2929.5857142857144,162,170,191,174,191,139
7,1897.4437086092714,2.32286460960066,118.97222222222223,3294.7032258064514,188,215,240,240,240,160
8,399.9714285714286,1.6080012325390305,117.83333333333333,2099.371900826446,198,219,240,240,160,160
9,346.84615384615387,1.4052856547122603,119.69444444444444,2006.3,192,221,240,232,158,156
10,268.04,1.6359963269054174,112.52777777777777,1972.377049180328,185,216,233,149,148,158
11,283.19718309859155,1.8926147704590817,95.91666666666667,1835.603448275862,171,192,222,137,138,142
0,246.0842105263158,19.437880415324024,103.75,1757.8,153,194,189,128,141,126
1,317.2842105263158,16.18994974874372,115.30555555555554,1817.3108108108108,141,188,111,120,128,108
2,273.2482269503546,13.31164199192463,112.72222222222223,1726.8543689320388,137,173,98,115,120,100
3,305.4144736842105,11.444892984995048,116.33333333333333,1905.032,141,129,99,107,115,100
4,270.5222929936306,8.29197336137399,106.22222222222221,1852.921875,92,131,105,92,111,103
5,291.7706611570248,5.70048309178744,111.5,1935.470297029703,91,129,112,87,110,115
6,1222.6204620462047,2.9245720169906044,112.22222222222223,2445.0025773195875,137,172,175,169,164,97
7,1726.2046204620463,2.052464228934817,114.97222222222223,2794.4969325153374,192,225,217,240,234,150
8,472.2758620689655,1.6974012426867433,115.27777777777777,2269.9345794392525,193,239,225,240,240,160
9,302.12389380530976,1.8395242070116862,111.83333333333333,1834.0,192,240,224,234,155,153
10,315.77777777777777,2.093695652173913,111.66666666666667,2029.5737704918033,180,223,213,226,160,148
11,251.76829268292684,1.9167325428194995,114.05555555555554,1623.4615384615386,162,205,213,142,150,140
0,280.1714285714286,19.599232585596216,122.02777777777779,1817.0645161290322,148,205,128,114,132,120
1,354.3152173913044,14.815577889447239,113.02777777777777,2112.493670886076,140,190,133,106,117,110
2,296.0387596899225,13.229360530037964,116.3888888888889,2098.824074074074,141,130,121,102,113,100
3,289.458064516129,9.97577751196172,124.6388888888889,1921.8507462686566,152,125,122,108,105,92
4,296.5870967741935,7.2342342342342345,125.75000000000001,1993.6451612903227,110,122,123,121,98,92
5,318.4266409266409,5.272147706573936,99.3888888888889,1942.0334128878283,113,133,126,112,99,88
6,1975.6875981161695,4.848321377331421,117.80555555555554,3101.6437125748503,169,206,220,180,155,95
7,1987.1002865329513,1.7479514763103683,119.8611111111111,2915.6273291925468,194,230,240,240,240,141
8,399.8608695652174,1.2719430992736078,107.83333333333333,1935.5057471264367,199,240,240,240,160,160
9,338.651376146789,1.3934248554913296,112.94444444444446,2306.690476190476,197,236,234,240,156,148
10,313.231884057971,1.8692260816575257,132.13888888888889,1999.0363636363636,176,233,239,148,159,139
11,277.2894736842105,1.7971247074557006,108.5,1929.5892857142858,163,217,224,128,139,126
0,305.5809523809524,18.467901234567904,111.30555555555554,1969.835294117647,157,167,131,124,106,125
1,259.87368421052633,14.312073490813647,124.22222222222221,1796.658536585366,140,163,127,118,99,115
2,297.8445945945946,10.85337778836231,105.5,1933.3174603174602,134,99,119,105,87,119
3,304.5939393939394,7.088671906009369,119.83333333333333,1998.978102189781,139,102,116,110,87,109
4,289.6375,6.301587301587301,121.66666666666667,1854.8947368421052,103,115,107,117,95,121
5,325.7418655097614,3.7632331902718157,116.44444444444444,2019.0868421052633,123,124,102,118,107,125
6,1433.055829228243,4.3990246875952455,127.1111111111111,2711.462603878116,182,201,165,163,147,107
7,1789.2907348242811,1.674898261191269,122.55555555555556,2745.2138364779876,194,226,235,226,233,158
8,535.2091503267974,0.9208937198067633,125.80555555555556,1906.398148148148,205,237,240,240,160,160
9,282.32911392405066,0.9721544715447155,128.0,1800.8909090909092,204,234,239,233,160,160
10,293.3953488372093,0.9133717210492645,121.3888888888889,2090.536231884058,191,204,221,144,133,149
11,243.9672131147541,1.119395811877789,104.27777777777777,1743.6444444444444,174,189,210,141,119,138
0,309.89156626506025,21.760348706411698,122.52777777777777,1934.150684931507,155,202,134,126,137,135
1,321.84615384615387,17.841463414634145,119.38888888888887,1939.142857142857,161,179,125,113,125,117
2,308.48936170212767,15.319966583124474,107.72222222222223,1946.3050847457628,152,112,110,95,116,108
3,297.7526315789474,12.234491126952829,125.08333333333333,1992.2038216560509,152,115,113,92,121,101
4,290.538961038961,9.396296296296295,110.86111111111113,1873.0672268907563,111,109,129,92,121,113
5,295.6625,6.03925925925926,126.91666666666667,1946.155844155844,108,110,129,85,122,121
6,1597.5088,6.036031678858593,129.05555555555557,2766.75,166,182,200,139,184,102
7,1486.5610561056105,2.7147223397752382,114.16666666666667,2634.73125,183,218,240,231,235,144
8,643.9197080291971,2.254934210526316,109.97222222222221,2145.245283018868,186,231,240,239,160,160
9,310.3577235772358,2.312808896210873,117.1111111111111,2061.9901960784314,184,233,239,238,160,160
10,324.22222222222223,2.3734055354993986,108.08333333333333,1818.375,184,230,236,149,157,152
11,290.3414634146341,2.170539556438265,125.02777777777777,1902.5757575757575,172,211,209,133,143,139
0,281.6835443037975,20.025358851674646,116.91666666666667,1925.8666666666666,147,193,126,132,121,117
1,298.64044943820227,15.824834437086094,113.58333333333333,1971.942857142857,143,170,117,115,99,111
2,310.9178082191781,13.88654970760234,116.8611111111111,1890.3739837398373,132,100,109,109,87,93
3,301.2074468085106,11.369674185463657,112.58333333333333,1961.862745098039,140,105,111,125,95,96
4,309.6291390728477,8.419908091252257,105.25,2014.953125,122,111,118,118,99,109
5,363.62869198312234,7.1766381766381775,117.8611111111111,1989.4883116883118,138,113,110,128,104,109
6,1694.9715189873418,6.329107981220657,111.11111111111113,2729.8489425981875,181,197,186,187,165,149
7,1620.00625,2.1086044560454926,124.80555555555554,2801.852760736196,192,225,229,240,240,136
8,349.5503355704698,1.6145057899090156,117.63888888888887,2130.2457627118642,195,228,233,240,160,153
9,331.319587628866,1.5627090301003344,101.02777777777779,1908.1081081081081,191,228,231,232,158,156
10,252.1818181818182,2.0999369880277254,121.1111111111111,1823.7222222222222,173,222,226,146,147,144
11,275.0897435897436,2.1624091381100725,118.11111111111113,1944.672131147541,156,202,206,141,133,125
0,286.53333333333336,20.37996555683123,128.11111111111111,1965.2894736842106,174,181,120,132,126,138
1,276.49411764705883,14.814143920595534,121.47222222222221,2013.4615384615386,151,168,112,133,126,116
2,283.99242424242425,12.851441909494769,116.27777777777777,1857.3423423423424,150,109,108,124,106,102
3,287.7808988764045,9.9025900475723,125.02777777777777,1873.5205479452054,149,107,112,114,108,107
4,294.04597701149424,6.382195448460508,103.41666666666667,2015.2808219178082,96,113,108,115,116,116
5,320.78528827037775,4.511544011544012,124.6111111111111,2055.0177215189874,98,115,119,122,118,121
6,2118.4720229555237,5.328117087004963,126.19444444444444,2999.7021276595747,158,185,182,190,199,183
7,1749.1401273885351,3.062206352189439,111.77777777777777,2899.0696202531644,184,210,218,240,240,160
8,566.3026315789474,2.107358451290591,121.5,2294.575221238938,190,225,226,240,160,160
9,318.4622641509434,1.989105504587156,107.38888888888887,2065.681818181818,193,221,225,240,160,160
10,297.18390804597703,1.8372986369268896,116.19444444444446,1959.7042253521126,192,202,221,151,156,154
11,287.85714285714283,1.7633896060906984,119.69444444444446,2210.1875,177,195,206,140,141,148
0,267.34090909090907,20.168912848158133,114.91666666666667,1860.5866666666666,164,195,201,131,134,129
1,277.2647058823529,16.55391676866585,106.30555555555556,1970.357142857143,150,182,122,121,122,120
2,259.85185185185185,12.077777777777778,125.08333333333333,1892.3628318584072,128,162,106,106,118,100
3,283.28476821192055,8.1640773620799,118.6111111111111,1987.5,133,98,111,112,112,98
4,307.71830985915494,5.73968253968254,103.22222222222221,1914.3333333333333,92,100,104,119,111,104
5,302.52652259332024,3.3285365428222575,105.05555555555556,1922.5916870415647,96,110,99,108,109,115
6,1818.5218068535826,3.887861908551141,117.8888888888889,2958.6766304347825,171,185,177,165,154,109
7,1824.289552238806,2.0823064403627063,106.08333333333333,3002.8630952380954,192,238,224,235,216,160
8,509.4267515923567,1.3819715529232288,121.44444444444446,2254.4146341463415,196,239,240,240,236,160
9,286.9891304347826,1.5189409578860447,104.5,1894.2777777777778,192,240,235,235,156,153
10,300.3068181818182,1.4405355594102343,118.19444444444446,1903.7941176470588,187,220,229,228,147,142
11,255.90804597701148,1.701806239737274,101.75,1716.7428571428572,174,212,210,141,144,134
0,286.14,19.32966751918159,123.8888888888889,1878.918918918919,138,187,112,122,107,116
1,297.1530612244898,16.02086092715232,133.00000000000003,1896.9767441860465,135,179,101,117,108,115
2,289.4888888888889,12.150512026673017,106.1111111111111,1838.6756756756756,135,112,102,115,98,101
3,284.6530612244898,9.48012568735271,117.47222222222223,1923.6463414634147,151,120,102,110,89,98
4,305.2905405405405,6.5384024577572974,100.0,2083.015625,121,124,103,113,94,96
5,316.4222222222222,6.109144542772862,117.41666666666667,1991.8118556701031,133,128,106,109,101,101
6,1836.998480243161,4.614604462474644,104.80555555555556,2946.5821325648417,190,195,167,164,159,111
7,2290.3256578947367,1.7483865019361975,139.91666666666666,3483.3309352517986,201,210,225,240,240,160
8,353.63398692810455,1.7621542807673032,130.05555555555557,2070.094827586207,195,217,239,240,240,160
9,307.7435897435897,1.5533898305084746,117.47222222222221,2013.6101694915253,192,212,230,233,154,159
10,296.3333333333333,1.7818064930890387,110.52777777777777,1872.3260869565217,176,200,222,146,144,149
11,312.5,2.135443037974683,98.94444444444446,1947.2790697674418,156,195,202,135,122,138
0,303.1067961165049,19.85242494226328,127.16666666666667,1806.1777777777777,177,199,125,125,121,119
1,290.8695652173913,16.587604782190464,129.83333333333334,1845.2682926829268,168,126,128,127,106,111
2,307.1333333333333,13.662232504337766,113.66666666666667,1870.2162162162163,158,120,128,122,103,97
3,287.35483870967744,10.23418095801301,112.75,1997.0081967213114,158,126,125,110,93,100
4,274.95512820512823,7.79054520358868,113.8888888888889,2017.7209302325582,103,129,133,108,83,88
5,368.9159836065574,5.508649367930805,124.69444444444446,2066.1683937823836,111,142,130,111,78,96
6,1594.2660256410256,5.657378740970072,118.25,2926.801724137931,165,198,205,169,133,99
7,1919.785046728972,2.0594201359388276,123.86111111111113,2799.1290322580644,195,230,240,213,152,147
8,417.3586206896552,1.145425835370823,125.8611111111111,2065.8,202,240,240,236,160,149
9,284.0326086956522,1.2124444444444444,139.97222222222223,2180.364864864865,200,235,234,149,160,147
10,332.3301886792453,1.0083802376485302,128.27777777777777,2030.4761904761904,191,226,216,148,146,139
11,311.17808219178085,1.5168427499617212,114.69444444444446,1846.593220338983,184,219,141,134,130,125
0,256.367816091954,20.63943661971831,101.55555555555554,1667.5394736842106,157,182,121,133,116,143
1,297.1010101010101,16.454893350062733,114.25,1945.658536585366,148,178,114,115,114,128
2,280.8476821192053,12.79917355371901,113.8888888888889,2089.766129032258,136,159,109,103,112,107
3,309.49112426035504,8.940060639042215,110.0,1995.5744680851064,139,106,114,100,104,114
4,299.7878787878788,7.126097035933102,132.05555555555554,2013.2089552238806,113,115,113,114,101,115
5,286.6388888888889,5.763524457402008,129.9722222222222,1961.1966019417475,114,121,116,114,93,128
6,1924.5987261146497,4.212223816355811,105.3888888888889,2907.9006024096384,173,185,173,179,183,132
7,2130.8957654723126,1.7366990649039569,115.1388888888889,3076.7872340425533,198,213,237,229,240,160
8,509.8344827586207,1.8853135313531353,106.8611111111111,2290.3716814159293,193,221,240,238,160,160
9,319.0421052631579,1.7732558139534884,124.58333333333333,2022.012987012987,191,222,237,237,157,160
10,276.43589743589746,1.8332383665717003,123.16666666666667,2035.1129032258063,177,206,218,149,143,160
11,293.2567567567568,1.726471577531114,107.72222222222223,1700.5573770491803,169,201,202,141,125,153
0,328.27272727272725,20.242725173210165,126.30555555555556,1930.527027027027,160,198,109,122,142,135
1,307.53409090909093,17.56697645600991,107.83333333333333,1862.972602739726,154,176,114,105,136,122
2,287.81954887218046,14.33759939416887,113.19444444444444,1914.3893805309735,136,118,111,94,127,109
3,278.09090909090907,10.490107707585363,96.5,1882.5503355704698,137,113,109,101,126,103
4,302.4860335195531,6.838537020517394,128.0,1949.4066666666668,154,113,95,106,122,118
5,298.827868852459,6.251054852320675,108.16666666666664,1881.0721393034826,129,98,109,107,142,126
6,1323.3333333333333,4.6403013182674195,119.97222222222223,2578.765306122449,187,178,167,157,205,168
7,1391.9470198675497,0.9051379811183732,120.41666666666667,2665.3313953488373,208,223,240,232,239,154
8,821.5783132530121,0.6789308036703754,99.41666666666667,2227.1065573770493,209,238,240,240,240,160
9,345.1979166666667,0.9023785425101215,99.72222222222221,1942.4024390243903,206,240,231,238,160,160
10,344.90410958904107,0.9999464438731791,97.08333333333333,2054.5,186,229,218,230,153,151
11,312.5402298850575,1.244130507904474,104.22222222222223,2034.1690140845071,169,211,188,136,141,146
0,276.33720930232556,19.499063231850112,116.72222222222223,1934.6764705882354,171,191,119,121,123,129
1,268.6363636363636,15.616883116883116,110.75,1825.3488372093022,159,168,101,112,114,116
2,277.0970149253731,11.857613499397349,128.5277777777778,1939.5636363636363,138,102,94,105,101,115
3,308.76262626262627,9.259643798418658,126.16666666666664,1888.525,135,108,91,104,99,122
4,285.20805369127515,7.05954757152362,130.05555555555557,1965.1574803149606,99,111,111,99,107,141
5,327.68508287292815,5.2098855023383335,130.16666666666666,2024.888888888889,96,122,123,96,114,138
6,1967.9545454545455,4.306445257528849,137.5,2776.2604166666665,180,176,205,181,180,123
7,1746.030864197531,1.6700165959800848,107.61111111111113,2818.098039215686,198,215,240,240,234,149
8,528.0620689655173,1.4858374384236452,90.52777777777777,2076.3660714285716,201,217,240,240,160,160
9,336.45535714285717,1.285780861640431,115.52777777777779,1921.6913580246915,202,217,238,240,156,154
10,340.2432432432432,1.2534073388837497,116.08333333333333,1924.6666666666667,200,212,225,154,146,144
11,283.94202898550725,1.3375830013280212,101.77777777777777,1895.5185185185185,190,195,202,141,140,136
0,264.67676767676767,19.371740827478536,136.94444444444446,1945.2272727272727,167,200,185,119,123,121
1,247.22916666666666,15.703089533417401,104.16666666666667,1960.0246913580247,161,181,116,107,116,112
2,267.125,12.141858887381273,119.66666666666669,1979.8306451612902,150,168,104,95,109,111
3,280.5597826086956,8.682892799007828,124.3888888888889,2013.5632911392406,157,108,98,97,99,120
4,285.9657142857143,7.094848675473545,95.91666666666667,1923.8014184397164,171,118,115,104,109,136
5,381.734496124031,5.876785445797624,109.52777777777777,1995.1168539325843,133,133,120,100,120,133
6,2088.3993710691825,4.483549783549783,99.58333333333333,2934.6630036630036,189,192,199,183,192,200
7,1214.6953642384105,1.8507888553205774,90.5,2368.853107344633,201,209,222,226,240,226
8,370.85806451612905,0.9702475584828526,81.30555555555556,1993.4754098360656,208,220,232,236,240,159
9,323.3125,1.0239350703060381,83.97222222222223,1873.8831168831168,206,221,230,233,159,160
10,312.4756097560976,1.2358657243816253,97.61111111111113,2068.016666666667,198,213,220,204,146,151
11,306.5584415584416,1.4190860215053762,106.19444444444444,1999.7384615384615,186,203,210,128,128,137
0,258.4736842105263,17.645067698259187,79.94444444444444,1775.1627906976744,140,196,187,171,116,130
1,265.54117647058825,15.144576242049165,90.38888888888887,1850.1486486486488,139,173,175,110,111,123
2,257.0126582278481,11.84622105723023,98.52777777777777,1754.3435114503816,128,154,159,104,106,112
3,260.167701863354,8.495604395604396,82.41666666666667,1819.8088235294117,132,156,110,113,106,111
4,259.2147651006711,5.433582089552238,89.27777777777777,1662.9831932773109,135,150,109,120,114,109
5,261.5615866388309,3.9951533510034083,85.66666666666667,1783.6446078431372,132,112,106,112,117,116
6,1018.3098591549295,3.0381617160034646,83.72222222222223,2402.3028846153848,206,160,164,168,166,169
7,1227.1611842105262,1.7375681341719074,78.58333333333334,2473.7170731707315,196,222,227,220,232,228
8,325.1158536585366,0.9393100681909345,100.66666666666667,1728.7674418604652,204,238,235,228,240,240
9,260.91752577319585,1.1512864805891445,73.86111111111111,1921.1764705882354,200,236,231,227,240,160
10,270.6025641025641,1.3190611803987038,93.19444444444444,1681.9375,187,222,221,208,205,155
11,275.8360655737705,1.6999525616698292,69.86111111111111,1697.391304347826,161,212,209,195,127,150
0,295.76666666666665,17.762230176808764,85.19444444444444,1650.939024390244,150,171,193,125,124,115
1,268.52941176470586,13.95703102007181,70.94444444444444,1817.4383561643835,153,150,172,118,115,101
2,272.1020408163265,11.468115942028986,87.55555555555556,1743.2016806722688,144,139,106,110,103,88
3,279.9006211180124,8.207246376811593,100.52777777777777,1912.2797202797203,146,134,102,99,109,100
4,274.43975903614455,6.068607574405968,91.83333333333333,1775.912162162162,142,93,98,112,109,95
5,282.8899803536346,4.019124847001225,108.05555555555556,1861.9458823529412,145,103,103,122,105,110
6,1233.22,4.610669756151385,89.77777777777777,2476.064814814815,148,156,191,183,156,173
7,1954.5577557755776,1.171772428884026,80.86111111111113,2941.6170212765956,201,223,234,236,237,240
8,431.63703703703703,0.9842333288668542,84.94444444444444,1919.504424778761,203,234,240,240,240,160
9,268.1818181818182,1.121776635771313,108.91666666666667,1778.5230769230768,200,230,235,236,227,154
10,236.3846153846154,1.3085972346119537,89.22222222222221,1681.59375,187,205,221,231,146,131
11,265.5342465753425,1.0677184466019418,113.22222222222223,1878.377049180328,159,190,203,208,138,132
0,257.90697674418607,18.117481203007515,89.38888888888887,1766.6216216216217,169,177,185,127,119,135
1,262.75280898876406,14.342857142857142,86.55555555555554,1723.6103896103896,157,160,164,123,112,124
2,268.7132867132867,11.480811554332874,72.08333333333333,1884.0344827586207,155,152,99,108,102,111
3,289.7011494252874,10.297275204359671,107.44444444444444,1858.5684931506848,162,154,88,119,99,112
4,270.1548387096774,8.786334768961238,103.6111111111111,1871.488,179,119,92,115,104,112
5,259.28913043478263,6.15155010814708,115.52777777777777,1954.5474254742549,176,115,100,108,109,122
6,1183.5582089552238,3.9196897102441253,89.83333333333333,2558.3250564334085,173,167,144,157,158,175
7,2204.510324483776,1.72,79.77777777777779,3250.3037974683543,204,216,210,240,240,240
8,332.40140845070425,0.8357278395229059,96.1388888888889,2026.0084745762713,211,229,222,240,240,160
9,271.1777777777778,0.8185931715343481,108.30555555555556,1736.2083333333333,212,220,226,237,233,159
10,280.75,0.7669951284322409,91.91666666666667,1685.875,192,204,216,225,143,149
11,256.6875,1.0393518518518519,82.27777777777777,1816.641791044776,181,193,205,198,130,146
0,251.71052631578948,18.621000108471634,96.8888888888889,1878.8548387096773,139,173,183,124,132,127
1,250.1237113402062,15.158592132505172,98.33333333333333,1746.0337078651685,129,158,166,110,131,111
2,267.23308270676694,11.1996328928047,112.72222222222223,1728.7614678899083,118,139,105,98,114,107
3,251.64705882352942,8.744484760522496,101.58333333333333,1855.9354838709678,131,131,113,104,108,102
4,278.07236842105266,6.56340250927168,93.3888888888889,1904.9147286821706,147,80,126,103,104,107
5,276.47036328871894,4.28249194414608,112.25000000000001,1906.8168316831684,161,89,113,114,104,105
6,1503.3298507462687,3.945773789741885,68.19444444444444,2583.8315789473686,166,150,162,169,192,164
7,1653.0422960725075,2.0264390896921016,85.58333333333333,2531.5028901734104,193,216,221,229,240,229
8,329.2191780821918,1.673374613003096,99.38888888888887,1835.3983050847457,195,220,237,240,240,160
9,282.23,1.723885777757208,100.77777777777777,1801.8902439024391,196,209,237,231,238,160
10,300.5,1.4940610859728507,83.69444444444444,2009.936507936508,181,198,211,223,152,140
11,329.13235294117646,1.5797833495618305,92.83333333333333,1750.6101694915253,160,186,195,205,146,135
0,277.93684210526317,18.649165190315138,86.72222222222221,1862.92,136,183,187,129,129,123
1,267.39325842696627,14.08893557422969,89.27777777777777,1695.6842105263158,124,177,166,117,119,113
2,256.19847328244276,10.914492753623188,76.8611111111111,1804.0181818181818,123,145,112,102,112,96
3,266.36507936507934,7.9581481481481475,118.69444444444446,1888.079754601227,113,145,106,97,118,96
4,267.67664670658684,5.812865497076023,104.3611111111111,1728.7857142857142,135,122,116,99,114,98
5,269.7695390781563,3.7667902149740553,108.11111111111113,1798.2904761904763,139,109,116,100,132,114
6,1328.3296703296703,4.005001087192867,91.6388888888889,2487.1580310880827,156,184,147,153,200,182
7,1784.6875,1.644511077794436,84.75,2765.8859060402683,202,220,222,215,235,240
8,304.3766233766234,1.491511425162889,76.5,1825.4418604651162,198,224,235,225,240,160
9,288.39252336448595,1.4996943621573329,84.11111111111113,1833.3614457831325,193,223,224,221,232,158
10,244.88732394366198,1.7271368467670505,91.1111111111111,1875.5084745762713,178,219,215,219,147,151
11,288.7258064516129,1.5873328557784145,90.80555555555554,1674.2,168,198,198,217,133,133
0,260.35714285714283,17.694004914004914,91.27777777777779,1796.2985074626865,152,169,173,187,129,115
1,280.8426966292135,14.483070794857866,84.19444444444444,1698.7105263157894,139,154,159,114,117,106
2,267.69127516778525,11.256880131362891,97.08333333333333,1941.2586206896551,120,141,148,106,110,100
3,272.23463687150837,8.93939393939394,94.72222222222221,1783.9060402684563,118,140,90,102,104,106
4,258.2631578947368,6.545714285714285,83.91666666666667,1800.7304347826087,132,149,105,103,101,110
5,264.0232558139535,5.238334642576591,91.19444444444444,1713.6944444444443,150,88,102,98,104,128
6,861.9741100323624,4.469587762509723,74.77777777777779,2213.470319634703,209,150,160,159,156,181
7,1992.3938461538462,2.6834094368340944,66.27777777777777,2945.046511627907,187,215,211,236,234,231
8,290.9736842105263,1.9368296077949725,76.11111111111111,1779.9354838709678,191,227,219,240,240,240
9,310.14444444444445,1.728311468472281,65.58333333333333,1941.7246376811595,192,219,210,240,235,155
10,275.1219512195122,1.8082123434615576,81.97222222222223,1901.958904109589,173,211,199,230,222,144
11,302.44117647058823,1.5887964774951076,84.75,1552.7272727272727,167,195,186,200,143,131
0,277.06410256410254,17.097737026921575,67.97222222222223,1669.53125,151,169,194,190,111,117
1,280.2105263157895,14.595238095238097,76.91666666666667,1938.3625,129,154,179,119,102,113
2,272.02919708029196,12.486215538847114,81.55555555555556,1951.4245283018868,116,142,170,110,98,105
3,272.7848101265823,11.650709219858156,98.08333333333333,1824.7737226277372,129,136,127,109,96,108
4,274.8695652173913,7.24252468265162,88.22222222222223,1750.423076923077,128,141,126,110,109,95
5,259.36322869955154,5.927017543859649,97.22222222222223,1718.0419947506562,136,107,116,111,116,89
6,697.5591216216217,3.2992601143936615,73.94444444444444,2101.0344036697247,194,155,145,186,167,156
7,1187.2458471760797,1.8935926773455378,67.83333333333333,2295.547263681592,199,211,226,226,222,227
8,307.71337579617835,0.8757309941520468,93.44444444444444,1875.7377049180327,208,224,235,239,228,234
9,301.43333333333334,0.9182927408251437,101.0,1946.3142857142857,201,212,226,229,228,143
10,278.6547619047619,0.9341075485988388,98.80555555555556,1845.0746268656717,192,192,221,218,207,135
11,259.7402597402597,0.9242705242334323,73.52777777777777,1798.6,179,183,202,200,123,124
0,277.39772727272725,17.825986188629273,76.1111111111111,1954.5068493150684,160,183,186,178,130,124
1,274.53921568627453,14.438166311300638,108.77777777777777,1916.164705882353,146,163,179,96,108,112
2,270.6439393939394,10.821364221364222,97.16666666666667,1947.2376237623762,131,147,161,100,100,101
3,273.22527472527474,8.679680365296804,96.69444444444444,1784.3677419354838,138,144,100,96,86,93
4,257.9808917197452,6.304058809728631,90.5,1872.4776119402984,148,119,103,103,99,101
5,282.88470066518846,3.8645973909131803,79.30555555555556,1754.8707124010555,146,126,95,117,102,116
6,1161.4377880184331,4.301992816591356,88.83333333333333,2491.015250544662,134,176,153,160,169,167
7,1793.6085626911315,1.7705456936226165,73.11111111111111,2786.782857142857,198,216,218,240,240,240
8,588.0909090909091,1.015873015873016,85.5,1846.96,202,230,235,239,240,240
9,275.55434782608694,1.107098438435672,75.94444444444444,1875.2222222222222,200,228,228,228,233,160
10,248.2469135802469,1.6984437701869437,95.8611111111111,1655.6129032258063,176,214,212,214,231,155
11,284.9142857142857,1.5611842105263158,77.30555555555556,1721.2280701754387,167,198,204,196,138,142
0,254.66666666666666,17.04167474316728,87.6111111111111,1736.8666666666666,153,189,192,169,106,129
1,284.65909090909093,14.781657848324517,80.36111111111111,1856.1688311688313,145,171,177,106,96,115
2,244.979020979021,12.037073426344403,83.63888888888889,1754.232142857143,120,151,162,98,86,110
3,293.09941520467834,8.790625,91.86111111111113,1821.2536231884058,117,148,94,83,94,104
4,269.73988439306356,6.926564774381368,91.6388888888889,1793.3986486486488,126,150,97,88,109,117
5,263.22529644268775,4.878173374613002,97.8888888888889,1802.5957943925234,139,121,110,95,102,113
6,1145.5052790346908,3.418687167356594,65.0,2308.115662650602,213,170,163,170,166,186
7,1928.1147058823528,2.0060331825037707,103.91666666666667,2738.740963855422,194,224,220,217,231,240
8,254.48387096774192,1.0285656565656565,87.3888888888889,1750.4615384615386,203,234,228,230,240,240
9,267.25471698113205,0.8518277973650026,64.05555555555556,1634.4725274725274,205,228,224,225,227,159
10,263.80281690140845,0.8037756045346176,83.16666666666666,1852.357142857143,198,221,220,210,211,149
11,271.04285714285714,0.958870582617001,70.05555555555556,1907.7857142857142,179,211,209,191,127,130
0,229.26136363636363,18.132996632996633,99.80555555555556,1765.1948051948052,154,185,206,186,115,126
1,233.82608695652175,13.891295271892286,106.3888888888889,1640.3214285714287,143,169,180,165,101,113
2,255.7972027972028,11.505847386444403,76.77777777777777,1833.1016949152543,132,155,168,93,97,92
3,254.87037037037038,8.24070464767616,84.99999999999999,1828.6,125,141,107,96,101,97
4,279.3815028901734,4.968518518518518,96.55555555555556,1758.296551724138,136,137,102,95,102,103
5,265.2691552062868,4.414869773552824,122.83333333333333,1859.4166666666667,147,109,106,115,110,94
6,987.2300319488818,2.721449083278109,62.72222222222223,2155.3812949640287,156,160,164,184,174,168
7,1918.688622754491,1.3704930095658574,78.61111111111111,2857.068181818182,199,221,228,240,236,235
8,544.4393063583815,0.9742489270386264,77.72222222222221,2042.6564885496184,202,236,240,240,240,240
9,273.9270833333333,1.2500112516314867,88.30555555555554,1725.0987654320988,198,237,237,239,236,160
10,280.41333333333336,1.6877092300334768,80.47222222222223,1943.9814814814815,183,225,226,221,219,156
11,256.7741935483871,1.4915065604498594,71.66666666666667,1819.6666666666667,168,209,218,199,134,139
0,276.88421052631577,16.592006785749923,103.83333333333333,1744.2948717948718,148,175,182,172,111,123
1,248.1159420289855,13.282783882783882,93.19444444444446,1582.8214285714287,142,148,169,107,97,117
2,268.5032679738562,11.149552503928403,77.41666666666667,1875.6969696969697,121,131,156,97,96,96
3,261.06060606060606,7.8366771159874595,87.5,1806.4296296296295,121,128,98,96,99,96
4,283.09150326797385,5.259516616314199,71.88888888888889,1827.3053435114505,129,126,85,105,107,110
5,280.7552182163188,2.9083326382517307,108.1388888888889,1831.0576923076924,135,91,91,100,98,116
6,1163.4051446945339,3.2788822675146476,87.22222222222221,2426.0125,196,188,133,192,165,177
7,1761.2612612612613,1.2742925898265705,77.0,2799.2444444444445,208,214,224,235,224,234
8,350.2682926829268,0.5964134515536385,94.0,1906.445652173913,215,223,233,240,240,240
9,282.4470588235294,0.6914344685242518,54.22222222222222,1832.86301369863,202,218,224,221,237,152
10,289.2238805970149,0.7030080777045443,71.3888888888889,1679.92,191,209,216,206,220,145
11,285.8550724637681,0.8800373134328359,84.72222222222223,1812.6206896551723,173,191,200,178,131,132
0,272.59223300970876,17.830283574103795,90.61111111111113,1722.8,160,192,170,126,129,113
1,268.7979797979798,14.430085815244826,82.80555555555556,1672.448275862069,154,173,164,119,121,118
2,260.3407407407407,11.931134564643799,96.8611111111111,1794.0,152,153,109,120,109,115
3,273.8134715025907,8.366643741403026,139.13888888888889,1882.6158940397352,151,150,102,112,105,107
4,282.76785714285717,7.583945898265216,124.08333333333336,1792.855172413793,153,122,104,129,101,107
5,275.3212121212121,4.867446393762184,107.86111111111113,1869.629353233831,149,125,105,123,97,103
6,1167.1335403726707,3.8313667649950838,83.0,2366.0647482014388,158,192,185,164,136,182
7,1809.9969135802469,1.1207478340173278,79.69444444444444,2859.6722222222224,204,223,240,230,233,160
8,373.0617283950617,0.6748897893752505,85.30555555555556,1870.6363636363637,210,231,240,240,240,160
9,281.13483146067415,0.8974920200638395,84.97222222222221,1899.7162162162163,202,236,232,237,233,150
10,263.7956989247312,0.9892395182872435,86.3888888888889,1552.7763157894738,191,216,210,217,146,141
11,281.21666666666664,1.1667457305502846,95.5,1634.5192307692307,169,210,196,215,142,122
0,254.75,18.079907353792702,87.36111111111113,1730.8709677419354,158,172,190,195,107,120
1,264.96629213483146,16.093113825455834,95.1388888888889,1656.2465753424658,147,158,177,123,98,104
2,262.0220588235294,11.946801608926949,88.16666666666667,1797.9444444444443,134,142,159,112,95,92
3,312.87581699346407,8.774777448071216,82.27777777777777,1706.5546218487395,145,131,103,109,90,96
4,270.9881656804734,5.899423631123918,100.33333333333333,1801.623188405797,150,129,104,103,96,112
5,270.60132158590307,4.708119857165037,111.02777777777777,1751.2964959568733,158,94,110,105,100,111
6,741.4879614767256,4.07541241162608,75.72222222222223,2145.846846846847,234,139,148,159,168,157
7,1760.44375,2.347855454238433,74.75,2776.168367346939,196,214,206,236,224,240
8,276.57042253521126,1.2457078069322969,64.44444444444444,1804.3947368421052,202,231,219,240,240,240
9,263.2111111111111,1.5561840120663655,75.38888888888889,1806.8,195,215,217,240,230,151
10,302.3414634146341,1.9372727272727273,84.88888888888889,1794.3472222222222,180,198,204,236,135,147
11,260.7093023255814,1.8616863905325445,95.0,1685.2602739726028,167,186,193,213,118,137
0,243.38888888888889,17.49894291754757,90.41666666666667,1774.9117647058824,163,178,161,177,140,127
1,228.2340425531915,14.95790200138026,75.63888888888889,1668.0229885057472,152,170,164,106,123,113
2,251.2394366197183,11.068629301125998,92.77777777777779,1629.405172413793,148,158,152,90,102,107
3,273.75135135135133,9.10231213872832,88.16666666666667,1788.8910256410256,144,147,98,83,110,110
4,249.6968085106383,5.97202216066482,90.66666666666667,1799.546052631579,153,150,117,92,101,109
5,272.330376940133,4.488159750575309,89.16666666666667,1788.6901041666667,152,98,122,110,96,131
6,1024.0320610687022,3.717098918946353,83.33333333333333,2336.7972972972975,222,154,170,164,153,174
7,2243.7955271565497,1.481917853051874,74.52777777777777,3080.5935483870967,205,229,208,236,240,240
8,435.0,1.0570090439276485,90.27777777777777,1968.929203539823,207,232,217,240,240,240
9,267.8695652173913,1.1242036735642875,94.08333333333333,1991.8133333333333,196,231,208,232,240,158
10,254.9777777777778,1.4333631929929334,82.63888888888889,1723.5,190,207,191,203,234,157
11,305.6111111111111,1.3970729366602688,81.77777777777777,1858.7333333333333,172,196,181,203,143,147
0,279.468085106383,19.29930512977723,110.77777777777779,1795.35,169,201,190,124,112,136
1,305.3333333333333,16.265681444991788,98.69444444444446,1663.3275862068965,155,176,172,120,111,136
2,279.76153846153846,13.406521739130437,110.47222222222223,1807.2636363636364,138,153,106,110,110,119
3,274.975,10.001422475106686,120.30555555555556,1900.6444444444444,140,107,97,109,100,113
4,280.70414201183434,7.536996904024767,90.16666666666667,1857.4666666666667,147,106,104,109,107,107
5,289.4742857142857,5.715037593984961,94.27777777777779,1926.323113207547,141,95,115,111,121,117
6,1355.081818181818,5.316904453091222,74.58333333333334,2525.9588688946014,183,152,162,167,181,183
7,1431.467741935484,1.9044943820224718,86.41666666666667,2690.2514285714287,195,214,222,233,240,231
8,625.6645161290322,1.4820438221656513,91.25,2227.048387096774,197,223,234,240,240,160
9,310.33653846153845,1.6685998342999175,108.47222222222223,1984.5529411764705,193,233,230,228,234,160
10,325.16,1.6290035587188612,98.6111111111111,2073.3548387096776,174,213,221,221,141,154
11,266.7,1.812266573295985,88.47222222222223,2026.6140350877192,178,211,204,207,123,148
0,252.10344827586206,19.863056333644565,106.22222222222221,1772.527027027027,164,175,195,134,123,127
1,292.1222222222222,17.305102040816323,102.44444444444444,1774.337837837838,159,165,107,125,106,122
2,273.50657894736844,13.812605042016804,119.47222222222221,1776.1333333333334,146,147,89,124,102,106
3,283.7843137254902,9.770421528935461,100.19444444444444,1986.7388059701493,141,90,90,128,98,116
4,264.26993865030676,6.184092518291244,131.86111111111111,1870.9197080291972,144,87,90,129,106,113
5,278.3909465020576,4.21424323520666,121.75,1844.8779840848806,148,100,97,130,105,128
6,1027.7908496732025,3.9719393527947493,93.3611111111111,2303.1294416243654,134,163,155,178,152,200
7,1914.9373134328357,2.2275516948352374,86.1111111111111,2790.564705882353,192,215,221,227,231,160
8,406.6496815286624,1.5874145006839948,89.72222222222223,1745.232142857143,195,223,237,237,238,160
9,447.4166666666667,1.7917554423344142,98.27777777777779,2123.6428571428573,190,221,234,231,237,157
10,260.6179775280899,2.2019572953736657,87.83333333333333,1937.4411764705883,182,212,214,227,142,147
11,264.98571428571427,2.1588477366255145,89.6111111111111,1650.6,160,188,211,139,135,139
0,271.7733333333333,19.254074784276128,88.3888888888889,1786.590909090909,168,184,162,108,142,130
1,287.3495145631068,15.60166754741354,122.02777777777777,1656.2528735632184,147,181,143,100,125,115
2,276.037037037037,12.534710743801655,98.72222222222223,1840.6581196581196,140,168,97,94,118,109
3,277.6686390532544,9.356584362139918,96.02777777777779,1819.3971631205675,150,154,102,95,117,111
4,280.50931677018633,6.690397983347337,94.22222222222221,1881.1777777777777,146,121,106,101,104,111
5,274.23929961089493,4.3690174444610115,95.97222222222221,1775.944578313253,162,128,105,106,95,110
6,926.5548060708263,3.24228855721393,97.94444444444444,2202.384428223844,150,174,162,149,188,182
7,1299.212837837838,2.4733637747336377,95.91666666666667,2305.5333333333333,191,223,206,226,231,237
8,288.71830985915494,1.8612391665130004,88.33333333333333,1980.3728813559321,194,233,216,233,240,160
9,276.8018867924528,1.4776583710407245,71.63888888888889,1909.3095238095239,190,227,218,219,239,155
10,273.1686746987952,1.3593189964157706,80.8611111111111,1747.138888888889,191,219,203,210,152,141
11,252.72368421052633,1.9371404602109301,80.25,1760.8793103448277,176,210,181,193,150,133
0,249.92857142857142,17.798480007745184,57.5,1631.1351351351352,150,188,170,188,119,124
1,289.7826086956522,15.413756613756615,82.77777777777777,1901.6753246753246,127,171,158,121,119,114
2,259.16265060240966,12.351898899094522,83.36111111111111,1903.4785714285715,117,145,156,110,112,91
3,250.9878048780488,10.634072022160666,95.08333333333333,1806.14,123,156,116,98,124,105
4,282.33742331288346,7.4170682730923705,91.22222222222221,1863.9424460431655,149,156,118,92,130,102
5,289.04498977505114,6.002969341548512,92.66666666666667,1772.3811764705883,146,114,120,101,134,94
6,1436.6953748006379,5.540291406482309,56.388888888888886,2612.3360433604335,227,172,189,154,190,130
7,1520.8193146417445,3.4337899543378994,74.41666666666667,2708.7760416666665,196,217,237,240,238,186
8,498.55725190839695,1.1701338493791325,80.1111111111111,2111.5377358490564,201,233,240,240,240,224
9,296.1727272727273,1.668693996935791,69.69444444444444,1792.0625,193,229,235,230,234,146
10,269.60227272727275,1.9886710239651413,75.80555555555556,1761.7733333333333,183,218,223,221,221,149
11,260.2950819672131,1.7614320413982467,112.19444444444444,1798.2549019607843,168,208,204,205,190,139
0,224.1341463414634,16.903878008379614,85.25,1789.5633802816901,159,192,165,188,107,122
1,283.2247191011236,14.041242028726385,74.22222222222221,1742.0240963855422,147,166,161,119,97,109
2,252.0943396226415,11.582181259600612,87.30555555555554,1722.824427480916,141,150,157,108,89,99
3,257.2516129032258,8.803268224179753,79.49999999999999,1705.2480620155038,147,140,155,112,87,105
4,244.0632911392405,5.844560669456067,81.72222222222223,1735.8257575757575,140,135,130,104,105,103
5,259.65019011406844,3.274789915966386,78.94444444444444,1767.3301886792453,133,144,121,101,104,111
6,1318.9563253012047,2.939720237496226,114.0,2501.144927536232,210,169,176,162,154,175
7,1674.1577464788732,1.4391157598011943,63.66666666666668,2741.0960451977403,281,218,227,231,222,240
8,291.8466666666667,1.0741283805799935,49.833333333333336,1713.190082644628,205,226,226,240,227,240
9,271.9479166666667,1.1804172148092464,110.69444444444444,1897.953488372093,197,221,215,233,228,158
10,240.36046511627907,1.1195895801165512,70.99999999999999,1741.7432432432433,186,220,196,222,214,143
11,257.44871794871796,0.9661286897430453,76.02777777777777,1767.4098360655737,177,204,186,211,198,132
0,263.8,16.44802471860516,57.22222222222223,1607.375,149,170,194,171,186,115
1,267.2823529411765,13.216946987438792,56.27777777777778,1699.6486486486488,139,149,178,156,116,116
2,255.83006535947712,9.980972515856239,54.5,1609.96992481203,125,133,162,141,109,104
3,248.9225806451613,6.918246368314768,59.944444444444436,1533.014598540146,125,126,161,104,106,109
4,240.37951807228916,4.895395297045916,101.77777777777777,1866.25,125,127,155,107,110,103
5,246.70974576271186,2.9029850746268657,73.83333333333333,1720.0767326732673,134,122,94,100,114,106
6,596.8614649681529,2.2316306483300594,72.80555555555556,1994.7930327868853,212,185,142,154,161,164
7,1448.684365781711,2.1780507101684066,55.88888888888889,2333.66028708134,271,219,217,222,228,240
8,367.4567901234568,1.4855898366606166,73.16666666666666,1642.392,275,221,235,239,240,240
9,264.6111111111111,1.4631268436578173,62.11111111111111,1777.3333333333333,192,226,238,229,231,240
10,265.75,1.3336917562724013,74.05555555555556,1685.4310344827586,176,207,220,206,211,220
11,269.6811594202899,1.412641850775725,78.44444444444444,1568.061224489796,161,187,212,189,192,132
0,239.75,17.27101593195458,42.49999999999999,1479.5479452054794,171,186,158,186,189,117
1,247.98876404494382,14.897989107666525,55.833333333333336,1663.2823529411764,163,165,150,163,125,102
2,239.51612903225808,11.609896432681241,63.33333333333332,1741.3779527559054,150,129,153,149,117,92
3,260.88757396449705,9.531939605110336,72.94444444444444,1657.6953642384105,147,142,145,93,117,94
4,247.0897435897436,6.851525596833909,65.66666666666667,1797.1615384615384,161,141,140,94,119,91
5,254.0752688172043,4.93716119828816,80.5,1630.9382716049383,166,130,105,100,114,86
6,755.2876712328767,3.5557956777996074,83.13888888888889,2226.378698224852,225,194,151,150,166,132
7,1273.6656050955414,1.750520368718406,68.44444444444444,2403.4702702702702,277,223,214,240,225,237
8,314.10714285714283,1.3769855793865746,57.98611111111111,1897.2086330935251,284,221,214,240,239,240
9,249.7159090909091,0.9850427350427349,58.944444444444436,1823.922077922078,210,216,212,238,237,239
10,255.3953488372093,1.0922720517527755,79.88888888888889,1759.7671232876712,199,208,200,218,229,217
11,234.1044776119403,1.500052614963696,82.63888888888889,1613.9310344827586,178,201,187,214,210,128
0,233.7283950617284,16.467908902691512,64.94444444444444,1848.463768115942,133,179,171,168,194,121
1,264.012987012987,13.136787770498314,49.72222222222223,1614.014705882353,119,161,157,161,169,109
2,261.8363636363636,10.473276388041485,71.44444444444444,1712.0821917808219,99,146,143,139,112,106
3,241.94193548387096,6.061758893280634,75.80555555555556,1684.6850393700788,106,129,141,143,112,105
4,227.5253164556962,4.3001443001443,84.77777777777779,1874.1353383458647,113,133,136,100,105,106
5,242.00433839479393,2.4144067796610167,95.33333333333331,1711.356968215159,113,128,97,102,106,103
6,355.72240802675583,2.040442655935614,48.43055555555555,1753.6156862745097,185,190,136,163,160,160
7,1264.2459016393443,1.7576454668470904,48.77777777777778,2262.0,268,287,221,240,231,231
8,302.1923076923077,1.3883258871817226,33.041666666666664,1639.5925925925926,276,228,226,240,240,239
9,260.625,1.4482088827462551,41.81944444444444,1493.1549295774648,265,221,225,231,235,232
10,250.52857142857144,1.619678714859438,50.27777777777777,1825.9322033898304,167,205,202,216,235,220
11,238.87878787878788,1.6336652997461434,68.94444444444444,1844.4705882352941,150,194,180,201,211,202
0,237.95238095238096,16.601537645811245,49.138888888888886,1635.2948717948718,144,189,195,174,174,108
1,256.6796116504854,13.902903333811645,65.31944444444444,1747.4431818181818,131,180,186,169,150,93
2,249.23239436619718,10.713256157076382,70.22222222222221,1747.8333333333333,113,166,172,160,99,91
3,249.38372093023256,8.26354276354276,84.29166666666667,1732.7972027972028,114,168,169,152,93,81
4,262.3658536585366,6.150424005218526,91.66666666666667,1739.6418918918919,122,166,164,91,99,88
5,258.64503816793894,4.617101336447386,82.2361111111111,1737.3905882352942,120,174,154,86,102,98
6,965.6373626373627,3.902874646559849,45.583333333333336,2271.4134831460674,223,238,171,146,137,146
7,1522.1617161716172,2.630890952872377,28.888888888888886,2367.050561797753,270,227,227,231,218,204
8,279.2133333333333,1.658320079890521,65.70833333333333,1859.6147540983607,276,233,236,237,227,214
9,273.0,1.6863636363636365,45.888888888888886,1589.4942528735633,188,237,218,236,233,208
10,256.0897435897436,1.6913921826965308,51.94444444444445,1551.6031746031747,175,219,220,227,220,204
11,235.7910447761194,1.742369205746815,50.583333333333336,1687.084745762712,159,204,208,203,192,119
0,231.32222222222222,16.805891172061028,48.833333333333336,1619.2368421052631,150,189,163,192,174,118
1,261.69879518072287,14.47427336055729,53.125,1656.3698630136987,137,173,145,183,161,106
2,223.01481481481483,10.90601325757576,49.61111111111111,1765.104,129,147,130,164,105,93
3,256.86470588235295,7.319044099531905,66.5,1749.909090909091,126,135,133,155,98,91
4,254.95705521472394,4.294701542588867,68.22222222222221,1726.5886524822695,129,130,138,111,100,102
5,245.1642105263158,2.717398503212133,57.458333333333336,1756.4407216494844,126,136,148,102,102,105
6,691.8832236842105,3.089763779527559,51.47222222222223,2046.8834745762713,197,209,156,145,136,173
7,1041.0574324324325,2.4321428571428574,60.55555555555555,2261.582089552239,260,289,210,227,230,240
8,406.1677419354839,1.758109257683915,56.40277777777778,1858.473282442748,275,225,215,229,239,240
9,260.1530612244898,1.7168155044651343,78.34722222222221,1509.6708860759493,264,227,213,215,239,227
10,254.23529411764707,1.7589928057553956,50.5,1660.6666666666667,179,213,203,204,223,229
11,225.74324324324326,1.547632850241546,55.333333333333336,1639.3898305084747,167,200,181,198,194,210
0,259.4166666666667,16.445739130434784,54.22222222222222,1564.0416666666667,172,173,160,187,180,128
1,278.75308641975306,12.578612209046991,68.05555555555556,1722.8591549295775,147,143,145,163,118,112
2,239.562874251497,10.229600588091154,54.05555555555555,1601.6849315068494,132,130,126,143,113,98
3,241.64071856287424,7.136609336609339,58.875,1657.1897810218977,148,132,115,135,113,97
4,246.7906976744186,4.480999131770521,92.72222222222221,1623.3172413793104,131,136,118,96,124,108
5,247.5240174672489,3.822047832585949,67.11111111111111,1695.803664921466,132,121,79,94,119,124
6,455.8046153846154,2.190180360721443,70.33333333333333,1818.1293436293436,196,203,132,132,156,179
7,1559.4177631578948,1.9502652270418726,42.11111111111111,2650.437158469945,281,218,209,218,233,240
8,257.32142857142856,1.229004536569173,48.430555555555564,1746.5964912280701,286,226,215,226,234,240
9,240.94117647058823,1.3121551650963414,61.61111111111111,1674.752688172043,198,221,206,224,226,234
10,261.9759036144578,1.3485010230406547,63.44444444444445,1685.1969696969697,185,205,203,213,214,229
11,221.546875,1.0383162439287639,77.38888888888889,1428.5263157894738,173,191,187,206,194,139
0,262.8541666666667,16.61773913043478,56.72222222222222,1623.3733333333332,168,171,188,184,159,130
1,254.86363636363637,14.242778249787595,72.72222222222221,1634.876712328767,154,163,169,158,93,119
2,232.20454545454547,11.322377622377623,74.22222222222221,1748.8938053097345,151,148,141,148,86,106
3,256.68823529411765,7.658424242424242,45.138888888888886,1689.2761194029852,144,137,137,142,80,110
4,237.0193548387097,5.126050420168067,75.0,1675.08,137,141,140,92,89,115
5,240.8658536585366,3.6299128101945004,69.95833333333334,1683.6610576923076,129,142,136,93,88,122
6,631.2448979591836,3.0078017664376837,61.47222222222223,1940.8954372623575,210,203,132,141,149,184
7,1281.1979522184301,1.544,51.84722222222222,2516.0342857142855,282,318,222,228,210,240
8,279.3333333333333,0.937891119551456,35.34722222222222,1673.1404958677685,289,240,235,235,216,240
9,269.68674698795184,0.9840023269342644,79.77777777777779,1668.1,199,226,232,227,217,236
10,243.2207792207792,1.2222222222222223,40.27777777777777,1703.3382352941176,180,212,219,221,205,223
11,254.2394366197183,1.4755169827493837,73.58333333333333,1627.3809523809523,167,191,205,200,186,149
0,225.12087912087912,16.7140145663209,47.083333333333336,1587.1084337349398,136,181,194,174,182,118
1,242.9318181818182,13.151695077571343,53.30555555555555,1586.361111111111,127,172,178,152,169,110
2,248.03418803418805,10.901901669758814,45.666666666666664,1608.7196261682243,116,166,168,138,103,93
3,244.79032258064515,7.43931203931204,55.94444444444445,1710.6883116883116,119,159,158,123,89,92
4,264.9166666666667,5.858323494687132,66.3888888888889,1716.7666666666667,114,176,145,100,100,91
5,239.26543209876544,4.474085766903447,78.95833333333333,1749.4950495049504,118,170,130,108,96,102
6,860.5904173106646,3.255337361530715,56.291666666666664,2282.8927125506075,180,235,127,152,137,162
7,1848.6498516320476,2.243414799728445,50.166666666666664,2689.3975155279504,269,294,223,223,224,240
8,509.55882352941177,1.749612460323318,45.416666666666664,1902.2620689655173,271,223,233,229,230,240
9,264.95652173913044,1.571002979145978,58.638888888888886,1632.837837837838,274,216,234,231,236,240
10,210.66265060240963,1.5870443566095742,64.33333333333333,1691.765625,174,213,224,210,224,220
11,236.58823529411765,1.499518165172979,55.94444444444445,1558.3958333333333,156,200,206,195,202,194
0,235.8987341772152,15.255975296759704,41.38888888888889,1646.1969696969697,163,178,166,176,167,189
1,219.46067415730337,12.476095793566632,31.319444444444446,1446.2266666666667,147,153,145,164,152,182
2,217.43262411347519,8.891304347826088,50.13888888888889,1566.4308943089432,138,130,141,144,133,110
3,231.4367088607595,6.0008051529790665,51.38888888888889,1506.248120300752,135,122,135,135,131,98
4,229.54658385093168,3.3728781591852126,39.375,1697.0227272727273,134,136,138,127,89,99
5,242.148,2.1663649295228242,69.83333333333333,1536.4254807692307,121,126,135,130,95,96
6,311.86775631500745,2.5854847963281693,42.819444444444436,1689.6612903225807,172,204,219,125,143,133
7,972.2131661442006,1.8310847446815297,35.01388888888889,2048.268292682927,238,286,284,226,219,240
8,231.10759493670886,1.1774798927613943,38.52777777777778,1525.7535211267605,282,291,212,234,233,240
9,238.0842105263158,0.7559023066485753,40.041666666666664,1498.1948051948052,284,296,213,223,229,229
10,244.9078947368421,0.7954807654055774,51.708333333333336,1529.3650793650793,256,208,203,210,214,232
11,248.88732394366198,1.0163519818602016,34.166666666666664,1483.0,234,190,188,192,185,218
0,248.49532710280374,16.840554525795493,51.77777777777777,1534.9368421052632,150,186,168,188,183,204
1,267.2608695652174,13.138254274812759,63.90277777777778,1606.077922077922,144,180,152,174,159,114
2,240.41509433962264,9.6161007087697,48.791666666666664,1750.03007518797,142,160,134,162,129,95
3,258.47402597402595,7.1092355919942145,64.41666666666667,1673.2748091603053,142,152,127,143,92,98
4,225.52980132450332,5.635128458498024,86.29166666666667,1609.4308943089432,149,147,118,142,86,94
5,251.43067226890756,4.501758658008658,53.958333333333336,1692.4570024570025,139,137,128,112,92,96
6,382.9224683544304,4.018494516450648,56.30555555555555,1743.5158286778399,208,203,131,153,141,167
7,1481.8650306748466,2.18236914600551,43.34722222222223,2595.3626943005183,275,314,205,227,211,220
8,429.21854304635764,1.432395958711748,47.888888888888886,1771.388888888889,277,240,220,237,229,240
9,263.85714285714283,1.4207581891792425,48.34722222222223,1812.7558139534883,278,237,214,236,227,238
10,236.41176470588235,1.167549050140143,39.37499999999999,1618.7894736842106,268,216,204,224,216,224
11,218.48,1.6193486590038315,55.72222222222222,1514.910447761194,173,203,181,201,188,214
0,235.61165048543688,15.490112994350282,57.27777777777778,1669.25,158,190,173,177,176,188
1,239.3734939759036,13.271470601970767,49.486111111111114,1645.2025316455697,148,169,170,173,160,111
2,232.34375,10.861566858080394,43.25,1609.1293103448277,133,158,157,161,148,91
3,221.3764705882353,7.879299156391953,57.73611111111111,1528.105633802817,117,152,150,148,141,96
4,244.4111111111111,5.438869386272848,25.736111111111114,1552.13125,123,141,144,155,95,93
5,237.97333333333333,3.666826577116815,73.59722222222221,1658.9107611548557,140,139,136,146,97,100
6,356.2531847133758,3.032795620791551,44.861111111111114,1831.724907063197,204,200,170,133,138,138
7,745.7702702702703,1.9438963804116391,49.611111111111114,2065.0675675675675,280,284,193,216,225,211
8,301.03636363636366,1.2019369665134603,44.041666666666664,1630.911111111111,282,320,215,235,240,231
9,254.3684210526316,1.01297361049683,54.13888888888889,1485.6489361702127,277,236,216,233,237,229
10,264.49333333333334,1.0116959064327484,27.916666666666668,1419.4754098360656,267,234,206,219,229,213
11,225.28787878787878,1.169539431007321,54.11111111111111,1589.811320754717,174,218,201,197,202,207
0,242.44086021505376,15.63135593220339,46.38888888888889,1595.7875,156,179,180,175,178,194
1,234.43956043956044,12.674301919720767,52.958333333333336,1614.4594594594594,141,154,170,155,159,176
2,246.98076923076923,10.463046185500028,31.458333333333332,1615.5454545454545,127,145,149,139,145,98
3,248.27272727272728,8.900628626692457,33.416666666666664,1618.751552795031,133,143,132,141,91,112
4,246.2621951219512,6.853702206307034,73.6388888888889,1572.2608695652175,130,153,150,141,94,119
5,232.49134199134198,4.694569987554857,74.59722222222221,1598.5201005025126,132,151,159,83,86,116
6,327.8006279434851,2.7496782496782495,50.916666666666664,1719.988679245283,183,228,207,137,139,142
7,1158.842105263158,1.6421414257085598,43.75,2306.683982683983,254,300,302,215,207,219
8,240.19565217391303,1.2955321944809464,51.72222222222222,1532.7345132743362,280,314,232,216,240,240
9,249.16806722689077,1.0168478260869565,32.65277777777778,1589.8039215686274,271,304,232,214,221,230
10,233.5875,1.079913266311847,24.847222222222225,1568.3181818181818,251,219,226,208,216,215
11,245.88732394366198,1.2000168826235595,47.47222222222222,1597.967213114754,233,203,209,190,203,209
0,230.27835051546393,15.528683868873742,40.61111111111111,1495.9770114942528,155,167,182,172,173,178
1,235.14545454545456,11.550575953923683,35.86111111111111,1485.4489795918366,137,158,160,148,161,162
2,239.33576642335765,8.745263388456907,68.11111111111111,1643.5853658536585,123,140,154,137,142,98
3,239.3684210526316,6.795254882211403,57.541666666666664,1604.9703703703703,112,140,149,141,140,95
4,236.33116883116884,4.021848317428428,63.125,1615.3923076923077,118,140,138,141,97,90
5,245.24524312896406,2.9984593837535014,76.41666666666666,1591.8004587155963,109,133,131,114,102,91
6,481.1362962962963,3.195354239256677,46.06944444444445,1779.3958333333333,168,193,181,173,162,148
7,842.4984025559105,1.7264624913971098,25.13888888888889,1860.1148325358852,261,299,212,224,229,228
8,271.5131578947368,0.9968503937007874,25.069444444444443,1529.0530303030303,270,317,228,234,239,236
9,273.96875,0.952356137869426,45.75,1593.2222222222222,262,229,229,229,231,234
10,236.74074074074073,1.0816170861937453,42.763888888888886,1658.984126984127,253,207,219,220,207,205
11,223.48717948717947,1.0827316224445414,30.5,1304.7931034482758,238,196,199,200,191,186
0,254.1315789473684,15.680823680823686,46.77777777777778,1717.4310344827586,151,164,167,186,172,196
1,220.975,13.013328008785505,40.541666666666664,1525.9583333333333,144,145,150,167,150,115
2,223.02189781021897,10.733960929422649,52.98611111111111,1650.6186440677966,135,131,143,148,135,107
3,234.46470588235294,8.533906633906636,69.95833333333333,1644.1438356164383,122,118,144,147,97,112
4,239.06451612903226,6.439843175692232,57.333333333333336,1615.0377358490566,124,120,155,136,92,115
5,239.86180422264874,3.687406194569518,91.23611111111113,1626.524017467249,130,131,135,102,91,109
6,405.06382978723406,2.3209908963585435,59.88888888888888,1715.5808823529412,198,191,190,176,166,167
7,1453.8389261744967,1.3380825565912118,42.05555555555555,2612.907514450867,282,305,212,231,232,240
8,283.88535031847135,1.17061317677756,30.805555555555554,1501.857142857143,285,319,212,237,240,240
9,268.5135135135135,1.1814677538917717,52.055555555555564,1505.4673913043478,276,230,209,231,239,235
10,223.625,1.2916202893941802,43.31944444444445,1526.4166666666667,264,208,186,215,216,235
11,249.43243243243242,1.3600174978127735,32.5,1630.7285714285715,160,192,178,201,193,219
0,237.2608695652174,15.541909620991254,49.38888888888889,1527.7701149425288,141,176,185,184,174,169
1,235.77777777777777,12.569532908704884,41.97222222222222,1594.8170731707316,134,160,171,171,159,147
2,257.5851851851852,10.66410061802017,63.77777777777778,1753.8214285714287,104,148,158,138,148,106
3,232.06369426751593,8.197552447552447,38.70833333333333,1750.1780821917807,112,134,153,126,104,99
4,246.79470198675497,4.524816061853099,49.25,1588.0846153846153,117,135,142,123,108,104
5,237.71145374449338,3.720589242891401,80.55555555555556,1648.4307692307693,126,142,127,94,106,100
6,404.05680119581467,2.889819857561793,60.5,1805.1768953068593,179,225,187,138,150,144
7,1169.906976744186,1.605882352941177,28.458333333333332,2035.8130841121495,277,293,225,213,224,230
8,242.35714285714286,0.7332899869960986,44.31944444444445,1653.942857142857,285,312,236,235,233,237
9,234.58878504672896,0.6685531031880778,51.77777777777777,1518.9130434782608,274,227,221,217,226,230
10,247.75257731958763,0.889397406559878,46.49999999999999,1666.0,252,217,210,207,218,207
11,203.01492537313433,1.077484092021537,44.111111111111114,1438.672131147541,156,197,198,185,206,193
0,244.46913580246914,16.00378787878788,58.94444444444445,1492.5,158,181,162,166,190,188
1,241.90666666666667,12.820676328502415,53.48611111111111,1471.6470588235295,140,170,147,163,168,112
2,239.95454545454547,10.06904412962058,61.15277777777778,1560.9055118110236,126,157,122,149,152,95
3,238.84967320261438,8.61862970584675,56.263888888888886,1678.107142857143,121,163,130,148,91,98
4,245.44827586206895,5.1751318856582005,48.29166666666668,1637.1463414634147,143,150,137,131,90,90
5,248.37328094302555,2.7226890756302518,65.27777777777777,1645.1774580335732,132,132,135,80,88,96
6,413.67487684729065,3.522931562819204,58.083333333333336,1832.953667953668,195,213,155,112,165,139
7,1235.8617647058823,3.008093903293623,31.38888888888889,2285.4508928571427,279,291,194,209,239,215
8,410.32530120481925,1.5389072540207258,43.069444444444436,1807.3450704225352,288,221,207,224,240,237
9,254.24489795918367,1.4400751879699247,55.77777777777777,1616.0348837209303,287,219,200,224,239,231
10,252.8095238095238,1.3459104381959464,50.88888888888889,1455.3484848484848,265,206,198,205,229,211
11,223.38571428571427,1.204313498940882,45.72222222222223,1629.4310344827586,174,193,182,184,220,201
0,248.5888888888889,16.837872434341204,45.361111111111114,1736.5802469135801,160,184,177,172,176,116
1,257.0246913580247,12.812546161800185,56.66666666666668,1819.0461538461539,142,164,170,152,148,107
2,226.71621621621622,10.202849389416555,56.5,1720.420634920635,126,141,146,139,93,92
3,239.88541666666666,8.859177859177858,75.55555555555556,1739.5722891566265,112,147,157,104,88,94
4,249.51829268292684,6.412400127836369,80.5,1596.948905109489,115,153,160,113,99,105
5,252.69264069264068,4.150421940928271,86.5,1759.8101265822784,118,153,107,112,108,113
6,600.420814479638,3.2450143815915626,58.791666666666664,1848.3988326848248,194,220,167,158,145,159
7,1556.125,1.3223128243143072,35.5,2555.6176470588234,273,221,228,227,231,240
8,327.2432432432432,1.0532858389066586,52.375,1553.54,282,227,231,230,238,240
9,272.7142857142857,1.2351218798038208,56.54166666666668,1795.183908045977,282,227,233,218,238,240
10,242.24705882352941,1.248792270531401,71.22222222222223,1669.2898550724638,201,206,225,220,219,217
11,257.6818181818182,1.4483204134366925,61.166666666666664,1728.5384615384614,185,202,207,200,206,204
0,256.31111111111113,15.332374367778755,49.138888888888886,1626.1688311688313,139,176,173,173,164,112
1,253.14606741573033,12.82795971048236,58.208333333333336,1754.8,133,151,155,154,157,109
2,222.94776119402985,10.733064719214303,44.94444444444445,1723.8305084745762,128,146,136,135,78,99
3,238.93023255813952,7.743410055291245,73.27777777777779,1561.0748299319728,127,135,130,131,86,98
4,248.36969696969697,5.56015037593985,65.27777777777779,1672.4191176470588,137,145,128,94,89,91
5,238.2110655737705,3.87057387057387,105.75,1673.669099756691,154,141,129,97,86,95
6,484.4349919743178,2.6217741935483874,61.76388888888889,1824.8895463510848,198,196,132,147,164,155
7,1419.1858108108108,2.266951469583049,50.319444444444436,2527.969696969697,280,290,212,232,209,240
8,299.68918918918916,1.8961593172119489,32.59722222222222,1615.8916666666667,280,216,219,238,213,240
9,242.9561403508772,1.2905520451019712,81.90277777777779,1643.12,275,210,220,230,219,237
10,255.97368421052633,0.9174246477617263,54.22222222222222,1604.2295081967213,185,207,215,218,204,217
11,244.51724137931035,1.1210018698946953,38.88888888888889,1538.3529411764705,159,186,198,207,186,193
0,229.28155339805826,15.532221310728284,64.41666666666667,1620.2758620689656,149,177,162,165,178,123
1,238.4375,12.967880924402664,53.694444444444436,1559.857142857143,141,167,153,151,156,120
2,251.76351351351352,9.944366444366445,66.3888888888889,1657.373015873016,131,148,147,147,98,106
3,238.1264367816092,7.564901892488096,66.47222222222221,1703.1223021582734,134,154,140,131,105,119
4,230.3932584269663,5.378278584160938,75.93055555555556,1601.5290322580645,141,145,134,104,108,116
5,242.66176470588235,3.3978372225384184,68.02777777777779,1591.651851851852,152,145,129,106,110,111
6,371.44736842105266,2.643236714975845,68.05555555555556,1777.002028397566,203,204,131,159,171,167
7,1400.6835443037974,1.8646258503401363,27.208333333333332,2390.3455497382197,271,296,222,240,211,230
8,313.6865671641791,1.1266458830001833,26.833333333333332,1688.5619834710744,287,217,231,237,223,240
9,247.47619047619048,1.114542135686036,64.5138888888889,1723.75,276,216,221,215,216,240
10,232.95454545454547,1.1299555555555554,51.944444444444436,1630.448717948718,190,207,205,215,205,228
11,252.06153846153848,1.441688424717145,41.05555555555555,1659.5,170,203,186,190,191,209
0,220.74468085106383,15.995821394460364,51.888888888888886,1599.5714285714287,148,181,159,183,192,184
1,245.30107526881721,12.460792782416734,48.93055555555555,1657.358024691358,132,171,145,170,178,110
2,244.3661971830986,9.807712851191114,56.763888888888886,1718.6554621848738,118,151,130,154,158,103
3,238.4258064516129,7.478455790784558,56.708333333333336,1566.390625,121,142,127,154,92,94
4,237.1629213483146,5.472562903021874,69.95833333333334,1682.8169934640523,120,143,119,141,98,98
5,237.3991769547325,3.49607683982684,58.916666666666664,1617.1247002398081,131,147,119,100,101,106
6,391.67410714285717,2.648276474769012,48.40277777777777,1745.5054744525548,192,216,187,155,155,167
7,1639.003194888179,2.216894197952218,32.333333333333336,2501.038043478261,275,300,206,225,219,240
8,441.2,1.410935441370224,25.597222222222218,1782.6616541353383,281,310,211,240,236,240
9,275.0625,1.7205435300150167,45.12499999999999,1753.2622950819673,279,232,207,240,240,239
10,274.0617283950617,1.5037708600770219,50.791666666666664,1576.6268656716418,257,209,189,214,225,218
11,245.07894736842104,1.702620003824823,36.388888888888886,1595.968253968254,178,196,170,196,212,210
0,229.51,16.94773913043478,41.638888888888886,1570.284090909091,167,163,178,170,194,128
1,248.44827586206895,12.706733026575268,66.84722222222223,1607.142857142857,155,147,168,165,177,114
2,231.53246753246754,10.37035972876681,56.055555555555564,1691.8666666666666,140,134,166,140,101,110
3,244.0738255033557,7.768032974582091,57.5,1623.2903225806451,147,131,154,143,104,115
4,228.06586826347305,5.979535615899252,94.16666666666667,1610.1527777777778,140,127,152,93,97,117
5,236.19774011299435,3.4732266350523613,100.0,1613.1015452538632,134,130,153,87,97,122
6,710.8723098995696,3.1069715656046593,33.43055555555555,2051.457760314342,206,214,211,139,165,177
7,1412.003003003003,1.288031914893617,24.958333333333332,2371.9842931937173,282,303,218,230,231,240
8,248.16,0.7222258273848153,30.277777777777782,1647.031007751938,289,309,226,237,240,240
9,253.9433962264151,0.7597641037053522,41.69444444444445,1575.1538461538462,280,227,217,231,231,233
10,250.76470588235293,0.8792718529967369,60.11111111111111,1588.3050847457628,204,221,209,216,226,218
11,263.38461538461536,1.246385083713851,34.55555555555555,1617.6065573770493,192,191,192,194,212,187
0,232.82978723404256,15.726282051282052,64.94444444444444,1575.3125,160,175,163,173,179,190
1,289.58620689655174,13.022076544876123,44.47222222222222,1614.1948051948052,154,155,147,156,168,122
2,235.82706766917292,10.431115767417497,45.708333333333336,1638.2051282051282,154,135,133,148,153,107
3,228.42073170731706,7.34799805281733,55.31944444444445,1528.6716417910447,135,140,133,134,107,98
4,259.50314465408803,4.826424242424241,62.069444444444436,1666.6470588235295,132,134,133,147,105,99
5,234.0468431771894,2.7261555648652425,81.7361111111111,1673.9105882352942,127,134,135,93,100,93
6,361.87851851851855,1.845076908906696,49.166666666666664,1758.3327305605787,201,193,205,139,139,157
7,1581.6350877192983,1.680514208389716,31.16666666666666,2492.2958579881656,266,320,222,223,213,234
8,315.94444444444446,1.0920948616600787,30.166666666666668,1693.1923076923076,285,320,222,229,222,240
9,269.2842105263158,1.0186326182169105,53.09722222222222,1409.092105263158,290,229,220,226,216,237
10,245.59036144578315,1.120880837107606,40.54166666666667,1665.6285714285714,277,208,212,219,209,223
11,242.42424242424244,1.2120338331410991,39.111111111111114,1598.732142857143,179,194,192,191,192,208
0,219.46153846153845,16.019586894586894,51.88888888888889,1707.5128205128206,155,168,183,170,190,187
1,244.58426966292134,13.616874730951354,47.416666666666664,1564.2597402597403,153,151,162,168,160,115
2,248.96026490066225,11.184653516472165,44.305555555555564,1626.7480916030534,147,140,154,152,148,101
3,262.60869565217394,9.082950123806153,73.09722222222221,1632.1475409836066,148,132,155,144,88,104
4,238.98684210526315,6.951831750339212,77.59722222222221,1663.4779411764705,145,119,134,134,83,122
5,233.57894736842104,4.827581398591647,81.30555555555556,1647.513002364066,141,110,130,94,90,118
6,337.6923076923077,3.1974244950898654,55.77777777777778,1670.874074074074,188,190,179,154,143,174
7,954.8354838709678,2.256016597510373,24.847222222222225,1910.2248803827752,268,294,200,219,229,236
8,296.19736842105266,1.5533222591362126,36.38888888888889,1691.1015625,273,307,221,224,240,240
9,254.1290322580645,1.6856524873828407,45.65277777777778,1546.7974683544303,257,224,205,227,237,237
10,230.0888888888889,1.2959608323133418,49.013888888888886,1526.4155844155844,241,198,203,203,230,215
11,230.52238805970148,1.4393319700068168,30.888888888888886,1745.311475409836,159,181,196,190,208,207
0,242.0,15.938802083333336,32.94444444444444,1426.2643678160919,135,178,184,169,174,184
1,235.2340425531915,12.423804425410424,33.06944444444444,1608.148148148148,131,157,158,155,163,170
2,252.47402597402598,8.734472049689439,45.55555555555555,1549.6119402985075,115,141,140,145,142,101
3,224.13812154696132,6.07497031718211,42.97222222222222,1449.7044025157234,112,151,140,135,134,97
4,242.05194805194805,3.9169321244792945,59.87499999999999,1675.6384615384616,119,153,149,134,91,96
5,223.4021052631579,2.5503496503496503,72.5,1660.172932330827,114,136,141,124,95,105
6,272.98032786885244,2.1465571092210847,37.083333333333336,1574.2235294117647,175,197,196,131,144,148
7,448.7832167832168,2.1618982073214696,36.23611111111111,1761.4510638297872,262,288,295,177,205,226
8,265.3493150684931,1.6572207084468662,23.01388888888889,1455.388429752066,259,306,226,223,219,235
9,214.873786407767,1.8071823204419888,36.68055555555555,1406.5384615384614,260,298,218,218,218,236
10,230.50632911392404,2.001621928472954,37.02777777777778,1691.2121212121212,238,214,220,208,197,221
11,249.24,1.9772909430937753,28.527777777777782,1311.6065573770493,217,198,197,187,182,201
0,218.95555555555555,15.790697674418604,49.00000000000001,1614.7162162162163,137,178,181,183,173,180
1,218.0989010989011,11.92519974511053,56.430555555555564,1627.0365853658536,124,171,163,169,153,107
2,226.42384105960264,7.877890841813136,50.833333333333336,1546.3622047244094,115,149,149,151,140,95
3,232.2710843373494,5.618119975262832,67.11111111111111,1600.1818181818182,110,140,142,156,96,91
4,224.03488372093022,3.901145127366207,72.7361111111111,1471.7837837837837,134,145,138,157,106,98
5,235.20669291338584,2.918246368314768,69.73611111111111,1592.892601431981,142,144,137,104,98,106
6,339.6990740740741,2.7859099804305285,47.666666666666664,1661.391544117647,212,204,229,154,144,152
7,1279.359133126935,1.7488340192043892,28.166666666666668,2301.306603773585,275,293,225,227,211,227
8,287.1046511627907,1.1136542239685658,29.986111111111114,1844.8214285714287,281,309,234,240,223,240
9,246.1238095238095,1.0703616791447834,47.486111111111114,1532.5862068965516,274,228,222,232,217,240
10,244.2888888888889,1.229171583667689,62.62499999999999,1565.7534246575342,257,217,213,219,206,226
11,285.83116883116884,1.7346427883689581,25.222222222222225,1596.6857142857143,152,201,200,207,188,206
0,251.864406779661,15.451811594202898,49.77777777777777,1823.42,150,188,174,175,169,179
1,262.4065934065934,12.542948038176034,58.77777777777778,1795.9166666666667,142,192,162,166,159,122
2,251.406015037594,9.859508680642417,41.666666666666664,1605.1965811965813,126,187,144,149,149,114
3,234.30588235294118,6.975550536420102,63.375,1695.7218543046358,127,178,146,135,101,118
4,243.76646706586826,5.169348350764279,73.05555555555556,1753.731543624161,118,176,142,133,103,119
5,233.14314516129033,3.5130712687759664,82.98611111111111,1668.5265700483092,126,174,133,97,101,114
6,788.7511450381679,3.5922201138519925,51.86111111111111,2113.676470588235,190,237,147,159,143,178
7,1352.1176470588234,2.4,35.27777777777778,2408.891304347826,265,313,221,240,213,240
8,629.2823529411764,1.6154924983692105,40.63888888888889,2032.946153846154,270,318,239,240,226,240
9,237.65555555555557,1.638921198022681,48.54166666666668,1702.08,272,239,240,236,222,239
10,235.17333333333335,1.581761006289308,38.88888888888889,1516.0149253731342,182,224,214,215,216,221
11,242.55421686746988,1.483634797588286,50.11111111111111,1782.4328358208954,166,206,191,192,199,207
0,252.30232558139534,16.10372872872873,49.666666666666664,1715.7066666666667,155,187,179,158,160,160
1,244.68539325842696,13.573892631149215,56.65277777777778,1815.7721518987341,136,164,159,143,154,96
2,254.41104294478527,9.376249859566341,63.833333333333336,1620.1205673758866,119,149,143,132,134,97
3,233.45637583892616,7.2301935012778396,46.72222222222222,1531.1015625,125,159,138,136,90,99
4,238.87150837988827,5.041480377545951,76.81944444444444,1677.6973684210527,131,134,115,141,102,109
5,233.4967320261438,4.598580979669805,75.55555555555556,1587.3409669211196,141,128,106,108,95,120
6,353.39403973509934,4.280469289164942,35.56944444444445,1721.8322851153039,213,186,172,167,125,172
7,785.1841155234657,3.060115606936417,28.097222222222218,2119.6529680365297,270,282,188,211,207,226
8,310.496062992126,2.575271739130435,40.02777777777778,1658.862745098039,272,301,203,216,240,240
9,247.23300970873785,2.784971277751902,65.83333333333333,1653.4886363636363,262,224,205,208,218,239
10,230.88888888888889,2.2494492044063645,40.11111111111111,1658.179487179487,260,214,199,195,195,227
11,277.94642857142856,2.4700967458223397,31.055555555555557,1897.530612244898,177,209,190,177,184,200
0,283.64285714285717,16.904212616723708,66.88888888888889,1528.876712328767,163,188,187,180,175,136
1,255.1219512195122,13.268553223388304,72.29166666666667,1653.111111111111,150,166,164,159,164,125
2,273.1156462585034,10.769285544742464,48.77777777777778,1634.2926829268292,141,143,140,133,97,112
3,267.8705882352941,7.449686308279002,71.99999999999999,1736.3986013986014,152,130,127,132,93,105
4,246.6627906976744,5.223123310459555,89.16666666666667,1661.1721854304635,155,129,123,87,94,99
5,240.9340425531915,4.070642891302863,80.54166666666667,1694.1910669975186,167,125,118,89,100,98
6,486.05891472868217,3.4768292682926827,42.513888888888886,1898.3302919708028,224,200,117,152,152,139
7,1471.791095890411,1.5750790403570767,27.055555555555557,2464.5842696629215,276,230,219,234,224,232
8,403.79333333333335,0.9722553807198405,44.833333333333336,1695.763779527559,284,233,224,240,234,240
9,252.95604395604394,0.9524298551256187,56.194444444444436,1619.7564102564102,282,228,223,237,230,235
10,258.3720930232558,0.9632573750220808,56.388888888888886,1627.5,188,216,217,217,203,217
11,239.25333333333333,0.7850120571322574,48.55555555555555,1338.9122807017543,177,206,209,198,193,215
0,250.51282051282053,16.22713556174559,56.44444444444445,1667.5074626865671,147,176,198,176,188,192
1,220.69072164948454,13.108210403726707,56.45833333333332,1726.894117647059,135,165,176,148,160,112
2,242.6315789473684,9.819455585860206,57.05555555555555,1697.6148148148147,120,144,170,132,154,93
3,233.47802197802199,6.639312039312041,53.708333333333336,1696.4844720496894,129,139,154,124,100,94
4,222.25153374233128,4.348051948051948,65.19444444444444,1628.0729927007299,134,135,153,148,104,96
5,227.69650655021834,3.026571954748751,79.05555555555556,1707.25,128,138,151,116,97,94
6,455.397341211226,1.835696110505271,50.291666666666664,1830.2916666666667,188,194,219,155,143,149
7,1676.691131498471,1.668,20.388888888888886,2596.6065573770493,274,301,230,220,235,240
8,297.24342105263156,0.8817675588288125,33.958333333333336,1601.2903225806451,284,229,237,235,240,240
9,237.50467289719626,1.0676588021778581,70.66666666666667,1596.1025641025642,277,230,233,232,238,240
10,226.8987341772152,1.3256172839506173,49.111111111111114,1593.6969696969697,186,220,224,216,221,229
11,245.13432835820896,1.289272030651341,32.38888888888889,1455.155172413793,173,198,207,188,207,216
0,249.28,15.641232722597234,67.44444444444444,1676.0,153,166,191,190,169,168
1,254.4102564102564,13.055409726530804,57.48611111111111,1772.3382352941176,135,157,176,182,146,115
2,239.3846153846154,9.971414543669193,52.77777777777777,1669.56,122,138,151,163,125,98
3,229.67741935483872,6.683195592286501,78.25,1636.8625954198474,122,137,148,137,86,96
4,251.06748466257667,4.021070375052676,84.41666666666667,1656.5466666666666,120,130,145,94,90,99
5,229.7109375,2.6227106227106227,78.59722222222223,1636.159090909091,112,130,141,101,102,116
6,407.9403669724771,2.0805825242718448,44.44444444444445,1742.4866785079928,187,205,133,172,163,170
7,2081.274447949527,1.551628664495114,21.23611111111111,3052.518292682927,272,303,240,240,240,240
8,318.40645161290325,1.1572485100883179,33.44444444444444,1768.3407407407408,279,227,240,240,240,240
9,233.9777777777778,1.165774606006542,61.84722222222222,1603.3472222222222,259,217,240,234,239,227
10,245.36363636363637,1.2543339620946736,34.77777777777778,1699.7014925373135,176,190,230,223,211,207
11,262.3015873015873,1.2536955457660306,42.22222222222222,1563.6346153846155,160,184,210,207,187,187
0,229.90721649484536,16.075800376647834,46.99999999999999,1613.0941176470587,154,189,165,178,189,187
1,224.79166666666666,13.133023344997843,44.208333333333336,1527.857142857143,142,176,157,149,175,108
2,242.0211267605634,10.441949934123846,47.666666666666664,1615.4833333333333,135,156,147,131,157,99
3,221.33333333333334,7.782555282555282,62.791666666666664,1711.8461538461538,131,158,134,127,101,89
4,234.8846153846154,5.503138959314257,74.72222222222223,1656.134328358209,132,162,131,131,107,90
5,238.21021611001964,3.9945934705760036,89.65277777777777,1651.1467889908256,132,149,136,73,94,103
6,710.52416918429,2.7516014872552974,42.59722222222222,1968.8309859154929,190,208,216,144,149,156
7,1071.1522388059702,1.9083046175051688,35.65277777777778,1939.1563981042655,272,284,221,215,230,229
8,314.875,1.4200594844679448,24.75,1536.7226277372263,276,305,227,226,240,239
9,260.9230769230769,1.221710993902667,58.87499999999999,1553.0229885057472,273,224,220,223,237,230
10,241.6,1.1854484466096957,36.16666666666667,1538.9315068493152,256,217,197,208,226,214
11,233.48,1.2389755440015404,51.27777777777778,1556.4444444444443,166,198,185,195,207,203
0,227.60714285714286,15.941058759323267,51.916666666666664,1528.8970588235295,151,163,175,167,172,128
1,232.31683168316832,12.96526824307145,52.861111111111114,1817.3563218390805,136,151,152,150,141,125
2,228.34782608695653,10.270309477756287,62.333333333333336,1673.2704918032787,124,144,145,135,90,114
3,226.76923076923077,5.8882131661442,62.08333333333332,1713.6549295774648,123,139,134,135,88,106
4,221.59302325581396,4.883809523809523,71.16666666666667,1656.1946308724832,131,133,148,89,94,105
5,231.41580041580042,3.901968608672519,92.44444444444444,1609.2464114832535,140,137,137,95,98,109
6,535.1392405063291,2.987128712871287,43.513888888888886,1800.1029702970297,214,208,140,147,141,160
7,1167.8154362416108,1.90494205862304,20.680555555555554,2179.8655913978496,272,313,218,216,212,236
8,313.8625954198473,1.6610861874019773,35.27777777777778,1711.4736842105262,273,240,220,230,240,240
9,237.15625,1.5154865581219232,55.59722222222222,1631.7432432432433,264,227,215,214,233,237
10,266.641975308642,1.5178603482319155,46.444444444444436,1622.1538461538462,175,205,208,208,214,228
11,246.59649122807016,1.4210526315789473,45.0,1504.5348837209303,170,186,189,189,197,209
0,223.4842105263158,16.95021037868163,52.25,1811.8988764044943,133,178,184,197,180,120
1,254.58163265306123,13.116948033575406,65.02777777777777,1646.1125,128,170,176,171,157,120
2,218.49137931034483,11.20131489458173,66.33333333333334,1599.1764705882354,119,152,155,162,107,107
3,241.64417177914112,7.328029302269726,74.69444444444444,1709.5746268656717,121,139,151,146,101,99
4,222.39378238341968,5.230069555912252,86.44444444444446,1573.9240506329113,126,131,159,92,102,102
5,232.72564612326045,3.794546850998465,73.47222222222221,1691.4853658536585,132,134,168,94,96,120
6,353.07755775577556,2.594921874999999,42.625,1777.4475247524751,173,208,174,147,152,170
7,1270.5,1.5663934426229507,27.51388888888889,2431.120603015075,270,303,219,224,214,234
8,293.0375939849624,0.9021325482874992,28.777777777777782,1556.027027027027,284,234,228,240,240,240
9,238.54807692307693,1.0010056989607778,71.83333333333333,1461.7411764705882,281,230,214,231,229,228
10,230.6986301369863,1.028169014084507,38.0,1610.0,191,225,212,217,222,211
11,216.8030303030303,1.648019992310649,37.666666666666664,1652.4150943396226,160,198,192,217,196,193
0,220.0608695652174,16.578168044077135,80.05555555555556,1678.51,157,168,193,170,198,203
1,255.78378378378378,13.292119565217389,49.111111111111114,1389.2166666666667,150,169,179,150,185,127
2,233.55395683453239,10.323863636363637,61.666666666666664,1677.0666666666666,137,152,149,143,107,112
3,235.97267759562843,8.87126176575718,82.02777777777779,1652.6688311688313,137,157,145,123,90,111
4,240.93023255813952,6.548199767711963,75.5,1671.7083333333333,140,164,148,85,95,106
5,250.07472527472527,4.048979591836735,88.16666666666667,1679.5079787234042,141,159,142,84,96,113
6,447.3173374613003,3.718255578093307,39.90277777777778,1771.1622641509434,199,209,139,131,149,159
7,1576.7202572347267,2.0351137146795315,8.180555555555555,2447.0872093023254,271,296,216,211,229,228
8,388.0175438596491,1.6700618541427463,37.44444444444445,1705.273381294964,276,225,220,222,238,240
9,214.3265306122449,1.615301523447685,69.66666666666667,1685.3066666666666,271,224,219,223,240,236
10,247.4875,1.435133208589504,26.38888888888889,1401.3125,175,212,202,206,230,222
11,251.73626373626374,1.3679065331425846,42.72222222222222,1617.1267605633802,167,192,196,191,209,210
0,265.96153846153845,16.16767001114827,65.94444444444444,1541.3529411764705,155,156,178,190,176,120
1,228.75,13.692727627217781,47.291666666666664,1640.6760563380283,137,144,156,192,168,95
2,247.0731707317073,10.96148451828676,49.47222222222222,1752.6573426573427,130,134,139,174,142,87
3,254.41463414634146,7.44799951058363,71.3611111111111,1655.2043795620439,142,134,128,159,94,86
4,235.9299363057325,5.646814218645205,93.61111111111113,1693.0,156,134,131,105,92,92
5,242.8141414141414,3.0439973172367534,97.31944444444444,1613.4745762711864,143,133,127,108,103,96
6,476.2146050670641,2.6941176470588237,49.416666666666664,1782.974358974359,200,217,140,162,147,154
7,1306.0365448504983,1.375133689839572,18.333333333333332,2388.220994475138,282,297,220,230,238,229
8,530.2111801242236,1.1113123483174558,24.680555555555557,1890.3283582089553,283,221,229,240,240,240
9,243.0120481927711,1.1957718564192907,67.33333333333333,1783.265625,273,211,233,237,240,240
10,253.43661971830986,1.1666666666666667,32.88888888888889,1664.8225806451612,185,193,224,223,216,219
11,239.73972602739727,1.161498708010336,33.22222222222222,1600.7966101694915,171,176,202,208,202,202
0,226.6,14.664650537634406,62.22222222222222,1671.5974025974026,143,172,155,177,170,175
1,246.5568181818182,11.675616108996195,59.16666666666668,1749.3552631578948,133,157,145,158,163,112
2,231.35,8.924409622599867,48.875,1671.1416666666667,123,140,127,144,149,105
3,243.4093567251462,6.7227018791264594,69.06944444444444,1662.0855263157894,116,143,135,125,104,93
4,227.22222222222223,4.1925921203621055,75.86111111111111,1629.978417266187,124,128,135,125,107,94
5,239.30019880715705,3.0933611400764685,95.9861111111111,1626.343891402715,130,126,129,86,113,101
6,327.6333333333333,2.6671104602139084,21.652777777777782,1651.3251879699249,175,212,207,137,169,173
7,938.6644951140065,2.0336065573770483,12.5,1924.7908163265306,264,284,226,229,228,233
8,355.56774193548387,1.202216427640156,10.51388888888889,1654.8968253968253,279,301,236,240,238,240
9,214.2173913043478,1.051008741194261,70.30555555555556,1506.0405405405406,275,217,230,234,239,232
10,251.83333333333334,0.7739378566899177,32.80555555555555,1787.8297872340424,247,213,216,219,220,213
11,273.75,0.6430004011231449,23.055555555555557,1547.0377358490566,163,189,177,192,192,195
0,250.2970297029703,15.914761904761905,55.5,1671.5232558139535,153,197,167,174,181,178
1,243.63736263736263,12.965104215787983,55.76388888888889,1647.0657894736842,150,193,159,155,159,106
2,244.30769230769232,10.458554895214261,40.22222222222222,1640.9380530973451,146,174,134,145,140,95
3,220.08163265306123,8.543612596553773,58.666666666666664,1730.655737704918,149,164,129,140,101,82
4,244.11320754716982,5.903010234798313,78.09722222222223,1584.7829457364342,141,157,127,130,106,94
5,251.5494252873563,4.004599567099567,88.25,1702.2825484764544,143,145,121,97,98,100
6,294.77182235834607,2.8232544551562957,40.69444444444445,1673.867889908257,199,178,169,147,151,134
7,1055.2322580645161,2.5776640790402268,15.597222222222223,2112.2146341463413,265,288,192,223,217,232
8,300.68674698795184,2.0038718291054733,21.430555555555557,1643.0652173913043,277,316,204,221,240,240
9,242.88888888888889,1.9523237480291313,53.555555555555564,1632.7215189873418,270,240,203,217,234,238
10,224.18055555555554,1.603145795523291,39.27777777777778,1634.5454545454545,255,227,186,204,219,214
11,254.3896103896104,1.4667541557305337,30.555555555555557,1558.6615384615384,166,214,179,186,197,201
0,233.3644859813084,15.852201257861639,63.05555555555555,1626.723404255319,146,187,174,182,182,189
1,223.39285714285714,12.988965387154577,29.611111111111114,1688.1571428571428,130,177,153,169,173,120
2,238.7394366197183,10.289080247239685,52.81944444444445,1644.2288135593221,117,155,133,144,157,117
3,223.64556962025316,7.649732620320854,73.33333333333333,1656.9208633093526,130,153,121,127,96,121
4,248.66272189349112,5.6397395707740525,81.30555555555556,1635.6274509803923,131,147,129,120,96,131
5,240.34765625,4.0936853002070395,92.65277777777777,1655.716894977169,140,150,132,86,104,124
6,767.3064516129032,2.8099567099567095,31.611111111111104,2024.918326693227,203,204,201,136,188,168
7,1205.0522875816994,1.8789952798381653,20.416666666666668,2052.3650793650795,276,297,213,231,226,240
8,270.88,1.0796005239030777,20.666666666666668,1596.782258064516,282,311,221,238,235,240
9,241.18627450980392,1.1593012066030053,62.20833333333332,1567.0697674418604,268,227,229,233,232,233
10,231.35714285714286,1.2941362415046627,29.75,1809.36,253,208,214,224,215,218
11,244.3116883116883,1.1288659793814433,39.94444444444444,1524.2173913043478,166,195,200,204,194,205
0,242.54651162790697,16.4548417132216,74.38888888888889,1695.8815789473683,153,183,175,189,188,186
1,209.87209302325581,14.06145173959248,44.791666666666664,1497.25,146,170,163,171,173,118
2,233.70138888888889,11.794597375868278,48.02777777777777,1582.532786885246,131,144,149,151,153,117
3,223.7718120805369,8.477954249140689,87.09722222222221,1619.25,133,149,132,147,102,104
4,236.32369942196533,4.98571076619857,91.88888888888887,1610.6293706293707,124,145,126,144,97,102
5,237.58964143426294,3.538095238095237,91.55555555555556,1691.8119266055046,124,146,126,102,98,104
6,497.9587628865979,1.9492180636092071,23.208333333333332,1775.634765625,185,229,214,155,142,159
7,971.1547987616099,1.1714859437751002,16.40277777777778,1892.213953488372,273,307,226,225,232,231
8,345.9079754601227,0.9694174757281554,17.61111111111111,1747.2919708029196,281,312,232,240,240,240
9,258.51612903225805,1.0442105263157895,59.833333333333336,1767.2105263157894,270,230,228,227,237,233
10,303.4842105263158,1.261648460774578,28.472222222222225,1654.5316455696202,254,221,208,222,218,202
11,240.5921052631579,1.6734859322842157,24.611111111111114,1620.546875,162,199,194,203,209,198
0,250.59036144578315,16.387600494743356,80.6111111111111,1685.1333333333334,157,182,191,193,184,171
1,237.95505617977528,14.167391304347825,38.97222222222222,1637.9736842105262,142,164,177,175,154,108
2,225.03472222222223,11.229813664596275,63.59722222222222,1539.4098360655737,127,144,156,161,138,100
3,230.01156069364163,8.385097660959731,86.125,1624.621794871795,123,138,147,155,88,103
4,238.9945054945055,5.311721869861405,87.2361111111111,1789.9565217391305,130,148,145,153,91,107
5,234.3289224952741,2.7771009366607715,87.55555555555556,1653.2657657657658,131,143,139,104,103,107
6,587.6226708074535,2.0998599439775916,11.111111111111112,1797.6175908221796,192,234,148,175,163,159
7,1594.3419354838709,1.3805812417437247,10.11111111111111,2674.379120879121,275,311,216,239,238,235
8,383.38926174496646,1.1319207108680793,17.15277777777778,1860.7716535433071,279,235,229,240,240,240
9,280.2110091743119,1.1593536856694755,76.66666666666667,1723.945652173913,273,233,226,237,236,238
10,242.6067415730337,1.2095785440613027,22.222222222222225,1538.3417721518988,186,220,225,231,228,215
11,238.77611940298507,1.541516078213326,30.944444444444443,1627.0185185185185,170,196,211,209,210,203
0,253.5728155339806,15.768589743589745,62.888888888888886,1675.607142857143,148,186,167,174,185,180
1,252.85542168674698,13.320078163165602,50.55555555555555,1658.027027027027,141,166,156,156,169,102
2,217.51533742331287,9.995802841153683,61.569444444444436,1570.2553191489362,132,149,135,143,159,90
3,235.49425287356323,6.789610389610389,62.944444444444436,1633.0268456375838,142,152,137,140,110,89
4,242.95731707317074,3.636421393092295,89.3888888888889,1604.9855072463768,129,142,145,143,123,105
5,243.52342158859472,2.4608588319365943,83.95833333333333,1668.0230946882218,131,129,157,104,113,99
6,301.8290322580645,2.1690743713215626,19.11111111111111,1652.936448598131,196,213,206,158,145,150
7,1351.6754385964912,1.372334682860999,10.972222222222223,2490.807511737089,280,310,220,237,220,215
8,329.1552795031056,0.8344772289929447,23.222222222222218,1569.0,283,320,236,240,240,240
9,246.97727272727272,1.148060462575123,57.416666666666664,1612.9342105263158,266,240,240,229,237,233
10,276.93243243243245,1.415038717031563,30.999999999999996,1700.3103448275863,241,225,226,209,223,215
11,236.9655172413793,1.5035017982207077,39.50000000000001,1840.204081632653,164,209,198,195,213,195
0,234.99,17.67872032672509,75.16666666666667,1889.3666666666666,130,188,206,190,191,117
1,255.94791666666666,14.895326764891982,40.94444444444444,1772.3164556962026,120,170,197,184,177,114
2,235.56666666666666,11.94838957898208,66.77777777777777,1735.3428571428572,118,154,184,163,107,101
3,259.9457831325301,8.232107062846362,87.94444444444444,1653.2797202797203,129,130,171,140,104,97
4,231.65625,5.4738788719371225,79.94444444444444,1595.0,133,136,152,104,100,96
5,241.205078125,3.16925978312117,91.31944444444444,1744.394366197183,142,152,124,105,90,94
6,507.453560371517,2.704214559386973,42.13888888888889,1819.6332703213611,211,225,140,147,155,166
7,1612.7,1.15455432661028,19.722222222222225,2702.75138121547,279,314,224,240,240,240
8,332.7142857142857,1.130688697386226,29.930555555555557,1750.094890510949,278,240,240,240,240,240
9,261.3203883495146,1.3097319453008813,71.26388888888889,1536.2179487179487,265,240,240,234,238,234
10,235.5268817204301,1.7931167826759473,25.277777777777782,1708.8846153846155,165,226,236,220,233,213
11,253.43283582089552,1.7360764754779718,54.94444444444445,1514.2545454545455,154,205,230,215,201,198
0,228.7078651685393,16.370125348189415,70.22222222222221,1737.7945205479452,150,176,184,193,192,182
1,224.5185185185185,14.11359101665816,44.125,1516.695652173913,142,161,172,182,165,115
2,213.03243243243244,10.829550741870444,50.77777777777778,1545.76875,117,158,145,172,148,101
3,228.12777777777777,7.534621116588329,71.95833333333333,1721.7974683544303,124,157,148,175,94,95
4,251.14044943820224,4.414057987755573,81.34722222222223,1635.2,126,161,139,159,106,96
5,243.58541666666667,3.1147869674185467,99.09722222222223,1683.0889423076924,127,163,151,109,114,96
6,513.4259818731118,2.357919254658385,37.02777777777778,1863.2172284644196,182,232,219,152,163,156
7,1404.9179810725552,1.614398943196829,12.5,2473.650717703349,274,317,220,223,240,240
8,341.86394557823127,1.0243425272610651,21.26388888888889,1574.8264462809918,279,320,240,240,240,240
9,250.38709677419354,1.0013850415512466,61.958333333333336,1563.3896103896104,268,232,240,232,238,234
10,234.02857142857144,1.4381459691524885,23.055555555555554,1708.7,230,213,228,215,226,212
11,233.53488372093022,1.2182741116751266,37.61111111111111,1552.3918918918919,166,191,203,211,207,204
0,232.29347826086956,15.938993710691825,66.94444444444444,1749.4,151,190,168,184,188,179
1,242.93478260869566,11.754140786749483,38.76388888888889,1627.7,144,173,153,163,173,160
2,240.21383647798743,8.641719830590255,39.69444444444444,1555.2366412213742,137,141,141,152,148,92
3,230.21176470588236,6.318181818181818,78.33333333333334,1638.2105263157894,130,143,140,147,99,93
4,234.71875,3.95968223629196,82.79166666666667,1614.4666666666667,125,155,128,147,106,100
5,236.2701030927835,3.0162748643761303,85.91666666666667,1620.462829736211,126,153,127,98,104,103
6,300.504,1.8010964614199627,31.027777777777775,1658.7243346007604,179,210,199,149,169,145
7,547.08,1.5074380165289258,13.0,1776.3710407239819,269,287,218,223,225,230
8,307.527397260274,1.0491541964866626,6.0,1546.3583333333333,280,319,227,236,235,240
9,231.39361702127658,1.069228783240512,59.805555555555564,1728.4788732394366,269,229,224,231,237,237
10,217.94594594594594,1.0384600244065663,33.36111111111111,1511.7936507936508,249,217,208,212,226,225
11,258.47222222222223,0.9539108816217249,13.722222222222223,1507.640625,171,199,189,200,209,194
0,221.04761904761904,16.182181701855406,60.55555555555555,1671.371794871795,152,191,169,181,171,178
1,217.82926829268294,12.23069755058573,25.277777777777782,1533.6486486486488,142,167,148,168,155,159
2,248.02739726027397,10.608695652173912,47.666666666666664,1661.283464566929,138,154,140,145,138,99
3,228.37254901960785,7.533872598584429,69.8611111111111,1589.9469696969697,123,134,140,136,141,100
4,208.8012048192771,5.0828877005347595,80.34722222222221,1603.248275862069,123,126,142,111,94,101
5,229.12266112266113,2.995649981086874,87.1388888888889,1663.9774436090227,128,126,141,125,91,110
6,283.06969205834685,2.2953228769252507,24.777777777777775,1594.6379310344828,167,196,202,159,135,152
7,979.5445859872611,2.919122807017544,7.111111111111112,2026.7981651376147,257,313,214,232,212,197
8,261.9935897435897,2.1165997322623835,10.055555555555555,1525.280303030303,268,319,225,240,227,215
9,230.6161616161616,1.9461748633879778,59.875,1602.6136363636363,259,311,227,233,226,208
10,239.05797101449275,1.7003679411294195,24.51388888888889,1700.3076923076924,242,224,210,227,212,201
11,267.943661971831,1.6228142850913532,21.75,1693.4333333333334,230,210,196,205,183,183
0,224.91666666666666,15.852941176470589,66.66666666666667,1652.3333333333333,146,185,184,160,170,175
1,234.4814814814815,11.864988558352403,50.666666666666664,1751.6382978723404,129,174,157,154,147,113
2,237.33986928104576,8.811310726055064,49.22222222222222,1607.0,123,152,151,145,137,110
3,245.67741935483872,7.284178546389344,88.0138888888889,1667.7173913043478,132,151,143,158,91,103
4,254.98930481283423,4.859118751234934,94.0,1644.7215189873418,132,149,136,94,99,113
5,229.17791411042944,3.1800417378106633,100.25,1561.3947368421052,141,159,144,83,100,126
6,464.02287581699346,2.1562801932367153,34.44444444444444,1785.8529411764705,199,221,151,124,170,170
7,1260.078431372549,1.834146341463415,9.0,2274.422459893048,273,309,223,222,216,233
8,305.6322580645161,1.2691078708634806,20.777777777777775,1769.2868217054263,279,234,229,231,223,237
9,247.0340909090909,1.337487799384338,64.52777777777779,1670.9411764705883,278,233,223,223,219,226
10,223.62121212121212,1.2775056689342401,33.27777777777778,1551.377049180328,189,210,203,200,207,216
11,232.58666666666667,1.5681003584229392,29.444444444444443,1417.95,161,202,195,179,189,190
0,227.96,15.111295539666326,72.27777777777779,1678.566265060241,155,159,172,156,175,162
1,249.29347826086956,12.659461152882205,26.944444444444446,1592.2222222222222,143,153,163,144,168,160
2,233.39705882352942,10.384468143286846,54.05555555555555,1608.0254237288136,124,148,142,129,155,97
3,230.32,8.363171355498721,76.69444444444444,1798.375,117,146,143,126,153,97
4,237.00689655172414,5.525900756507244,78.20833333333333,1576.142857142857,108,144,135,122,100,100
5,228.34897959183672,4.002037178507767,88.70833333333333,1507.3242574257426,108,150,132,120,103,101
6,297.9310344827586,3.246830092983939,21.625,1636.8232044198894,184,204,192,133,154,147
7,1043.6363636363637,2.594654088050315,12.611111111111109,2036.5,275,280,217,221,210,228
8,215.64028776978418,2.023037542662116,13.208333333333334,1488.7479674796748,278,285,221,224,227,230
9,246.8448275862069,1.6910526315789474,66.30555555555556,1678.3052631578948,260,284,219,218,218,226
10,228.29166666666666,1.6842105263157894,24.319444444444443,1578.017857142857,253,199,210,201,219,210
11,221.0144927536232,1.3528904227782572,26.416666666666668,1655.1818181818182,241,173,184,184,190,187
0,249.56976744186048,16.826007751937986,69.38888888888889,1716.68,141,198,186,190,173,187
1,252.15555555555557,13.86255565027943,59.22222222222222,1623.551282051282,138,178,170,170,158,104
2,246.74172185430464,10.751374909204113,40.0,1625.59375,124,168,150,154,140,102
3,229.8469387755102,8.17925652329322,80.56944444444444,1616.653409090909,135,159,138,144,101,86
4,231.3,5.506098964326813,88.27777777777777,1676.9679487179487,142,143,152,139,111,103
5,232.11764705882354,3.9876735435318547,100.5,1607.8459657701712,145,126,150,86,117,110
6,679.478199718706,2.786379356211759,34.916666666666664,2039.8280141843973,215,194,205,134,157,169
7,1824.7905405405406,1.1456094364351246,19.40277777777778,2855.1242603550295,282,307,220,237,240,240
8,270.1468531468532,1.0988429032609086,12.666666666666666,1698.984251968504,284,225,222,240,240,240
9,281.85046728971963,1.0022396416573345,71.81944444444444,1608.561797752809,269,224,221,226,235,235
10,265.6849315068493,1.2246108228317272,30.930555555555557,1807.9322033898304,245,220,215,220,227,222
11,242.3972602739726,1.5805484147386462,39.61111111111111,1381.1864406779662,150,213,200,199,201,204
0,226.12121212121212,16.3876404494382,65.83333333333333,1732.2368421052631,157,196,163,175,208,169
1,246.05208333333334,14.063425970756272,48.56944444444445,1595.113924050633,145,179,142,163,179,90
2,223.1439393939394,11.343615117380779,70.59722222222221,1676.732142857143,137,164,122,152,170,81
3,248.3846153846154,8.28444362654889,72.80555555555556,1758.5983606557377,131,157,122,135,108,88
4,245.31034482758622,5.385081905714642,87.47222222222223,1608.7307692307693,114,148,126,133,102,104
5,239.86641929499072,3.246849714816289,96.375,1599.578125,117,145,130,93,107,126
6,312.4965635738832,2.568871415356152,28.5,1634.0102669404519,192,223,153,153,168,192
7,1429.8402366863904,1.6283025325119787,21.819444444444443,2544.4439252336447,274,293,214,219,221,240
8,403.95757575757574,1.2411311427740621,37.611111111111114,1778.1726618705036,281,225,222,240,240,240
9,243.73563218390805,1.2537978679939084,58.22222222222222,1746.9733333333334,279,228,211,234,240,225
10,264.15294117647056,1.2312026765275574,34.61111111111111,1589.736111111111,187,218,201,212,229,215
11,234.18823529411765,1.353846153846154,45.333333333333336,1583.5230769230768,171,212,179,195,217,196
0,243.44791666666666,16.509605662285136,71.94444444444444,1706.611111111111,145,177,186,173,188,120
1,218.0909090909091,13.356041316358397,43.52777777777777,1727.3174603174602,131,159,171,164,168,112
2,234.8854961832061,10.363696728238562,87.72222222222223,1713.7037037037037,118,142,151,146,95,101
3,244.63742690058479,6.959424756034928,67.1388888888889,1614.9657534246576,120,144,135,121,90,98
4,233.90588235294118,4.411085769576337,92.61111111111113,1573.2137931034483,128,146,137,80,90,108
5,247.07386363636363,3.32229715920703,93.79166666666667,1646.5370786516853,135,138,142,83,93,108
6,442.8486739469579,2.785436893203883,54.486111111111114,1827.6502835538752,208,201,137,139,158,187
7,1852.9301587301588,1.8517252820172527,25.888888888888886,2671.754491017964,269,310,220,239,229,240
8,366.96078431372547,1.46884369468627,49.041666666666664,1668.2148760330579,275,240,222,240,240,240
9,233.9673913043478,1.6378472608582768,76.66666666666667,1620.48,267,231,213,231,240,237
10,239.21917808219177,1.4428341384863124,29.722222222222225,1659.126984126984,172,199,208,217,230,216
11,231.32911392405063,1.1217514955379033,59.944444444444436,1472.3692307692309,162,186,184,194,208,199
0,248.4842105263158,15.863984674329503,66.33333333333333,1590.9146341463415,142,176,184,178,187,177
1,249.0,13.726507713884992,47.625,1593.857142857143,135,165,172,168,176,114
2,238.80672268907563,9.792665944607766,50.13888888888889,1698.09900990099,131,143,153,148,164,104
3,240.50279329608938,6.720160791589364,88.05555555555556,1698.9125,117,142,137,137,106,96
4,245.75,4.855614973262032,86.18055555555556,1657.6474820143885,131,134,136,141,108,98
5,235.8523489932886,3.9648700995124564,89.83333333333333,1614.710875331565,129,128,147,95,116,98
6,327.63213213213214,3.9049490130040234,34.81944444444444,1667.0545112781954,187,207,193,125,163,143
7,989.5736677115988,2.3013850415512467,16.430555555555554,2192.4418604651164,263,320,208,210,229,214
8,256.1678832116788,1.6411140583554373,14.638888888888888,1625.5213675213674,273,320,222,226,240,227
9,245.61061946902655,1.4715084218029033,72.90277777777779,1701.0526315789473,267,232,224,228,238,214
10,249.76315789473685,1.4094450628080772,22.833333333333332,1869.4126984126983,245,218,220,220,220,201
11,256.109375,1.3143350604490505,33.11111111111111,1607.9272727272728,165,196,209,198,195,195
0,246.36708860759492,16.625613604488077,71.83333333333333,1813.0857142857142,141,179,175,191,182,124
1,270.88421052631577,13.952335648368377,55.06944444444445,1563.6363636363637,126,166,160,161,179,122
2,231.53846153846155,11.521799628942485,59.333333333333336,1636.7985074626865,112,143,140,162,113,114
3,245.37869822485206,7.610479007850723,69.68055555555556,1615.4571428571428,126,147,138,158,113,117
4,242.5328947368421,5.341125541125541,79.61111111111111,1707.1954887218046,130,155,135,110,113,127
5,238.67806841046277,3.397124887690925,92.02777777777777,1673.8433734939758,123,142,123,105,119,130
6,327.22847682119203,3.1378286270691333,20.63888888888889,1704.236994219653,155,217,138,183,163,171
7,1216.4470198675497,1.7354237288135592,19.569444444444446,2384.0544554455446,252,303,221,225,236,238
8,380.97005988023955,1.1973684210526314,43.69444444444445,1838.644927536232,277,236,238,233,240,240
9,253.42268041237114,1.143517682332117,59.236111111111114,1643.73417721519,278,230,234,238,240,237
10,237.9879518072289,0.991506326919743,39.27777777777778,1485.765625,183,210,222,230,216,221
11,226.32530120481928,1.0180779760219014,32.55555555555556,1770.3333333333333,166,194,199,210,201,207
0,282.2307692307692,16.36135648726677,58.52777777777777,1544.9242424242425,160,174,175,186,189,125
1,208.9,13.099823025780838,39.833333333333336,1623.2025316455697,145,156,161,166,167,114
2,240.32558139534885,11.463544070143051,48.166666666666664,1616.1607142857142,136,133,146,145,112,116
3,243.57647058823528,8.718814652549595,94.43055555555556,1662.2056737588653,133,128,133,135,112,106
4,244.41772151898735,5.3861509669369925,96.5,1799.5072463768115,140,116,131,93,107,100
5,237.33611691022963,3.3409523809523813,107.95833333333336,1639.7113924050632,131,123,140,90,105,111
6,455.8086330935252,2.594604316546763,42.513888888888886,1768.894827586207,176,191,131,147,171,157
7,1610.220238095238,1.8890227576974565,24.375,2425.806629834254,266,311,210,228,240,239
8,298.719298245614,1.3081464845872424,24.527777777777782,1717.5579710144928,278,233,222,240,240,240
9,241.9908256880734,1.1550359184870251,71.44444444444444,1533.7555555555555,266,239,217,235,240,239
10,230.54929577464787,1.1801790171271196,27.833333333333332,1466.6271186440679,172,236,214,217,222,230
11,224.50602409638554,0.870525337052534,26.611111111111114,1522.3,172,208,193,208,206,208
0,240.0581395348837,16.74656035021889,63.888888888888886,1773.9868421052631,156,192,164,188,184,182
1,258.56363636363636,14.26343269413328,42.98611111111111,1494.989247311828,151,169,147,165,172,112
2,223.16,10.230345623328263,43.86111111111111,1695.9621212121212,141,148,134,150,145,111
3,239.65243902439025,7.017316017316015,66.19444444444446,1703.5906040268455,134,149,135,145,85,108
4,220.89617486338798,4.119845671569808,79.6111111111111,1733.3950617283951,130,138,138,144,88,116
5,238.5168776371308,3.10646535036779,93.95833333333333,1628.6722090261283,133,145,142,105,95,118
6,477.0122887864823,2.890409121395037,28.847222222222225,1862.890410958904,168,202,211,158,155,171
7,1243.2508361204013,1.8915531335149862,13.430555555555555,2125.717277486911,264,304,226,229,220,225
8,251.0,1.550329163923634,25.000000000000004,1522.34375,271,315,229,240,230,234
9,242.67619047619047,1.3515639632890055,76.06944444444444,1639.4782608695652,267,235,218,233,225,227
10,253.68421052631578,1.5472586085183153,30.888888888888886,1543.7846153846153,261,223,211,220,214,213
11,252.31147540983608,1.8737115839243506,29.333333333333332,1496.8076923076924,172,212,188,207,193,203
0,258.21649484536084,17.169453734671123,72.61111111111111,1634.0365853658536,164,171,175,186,202,116
1,225.35632183908046,13.910355057013074,46.958333333333336,1610.6,145,162,169,169,187,106
2,236.68711656441718,10.322571329559892,53.61111111111111,1598.2695035460993,139,151,145,141,110,101
3,241.61904761904762,7.288793596340767,84.47222222222223,1673.7388535031846,146,156,156,132,110,95
4,235.42207792207793,4.223457476375764,97.18055555555554,1554.686567164179,158,158,162,82,107,104
5,250.53021442495125,2.718693735642888,97.97222222222223,1670.5368171021378,148,159,164,92,102,102
6,640.0951638065523,2.771294559099437,34.736111111111114,2019.6974459724952,197,245,161,146,165,152
7,1275.76254180602,1.1800330033003301,21.11111111111111,2334.108108108108,281,313,227,221,233,240
8,291.6466165413534,1.1004784688995217,38.513888888888886,1761.4351851851852,281,240,238,224,240,240
9,302.34313725490193,1.1631578947368417,59.458333333333336,1754.3111111111111,278,232,235,216,234,225
10,248.0888888888889,1.4594272076372319,38.49999999999999,1602.2676056338028,193,213,210,202,228,211
11,259.82666666666665,1.4905850527767461,54.47222222222223,1616.7936507936508,180,189,196,192,217,135
0,245.42857142857142,17.03705290212037,72.19444444444444,1616.2323232323233,141,188,197,184,193,112
1,243.77,12.565263302878657,50.47222222222222,1610.4155844155844,129,168,195,161,182,112
2,239.7076923076923,9.802736098852604,72.83333333333333,1711.1052631578948,125,151,174,149,116,109
3,243.33870967741936,7.242804933759709,87.94444444444444,1663.6518987341772,121,149,164,145,107,110
4,240.62264150943398,5.233970753655792,68.49999999999999,1592.1843971631206,126,148,171,98,110,109
5,258.71399594320485,2.7289952630266767,86.02777777777777,1715.4788029925187,143,153,161,108,97,102
6,402.1008902077151,2.071256038647343,56.08333333333332,1838.3065953654188,198,236,148,153,157,143
7,2133.9068322981366,1.1854307047896557,41.166666666666664,2958.3395061728397,282,236,222,240,240,225
8,293.5973154362416,0.8271082838764704,35.66666666666667,1688.3688524590164,284,240,237,240,240,240
9,212.97938144329896,1.0480129764801296,76.55555555555556,1663.5595238095239,191,236,237,232,238,236
10,265.42857142857144,0.9837060149072627,30.444444444444446,1541.1960784313726,184,221,224,215,230,208
11,243.1829268292683,0.97921967769296,44.11111111111111,1613.8235294117646,168,199,205,205,205,197
0,219.42857142857142,16.382843957833778,89.16666666666667,1701.1764705882354,150,175,186,174,149,127
1,250.27058823529413,13.626582278481013,64.72222222222223,1744.7848101265822,143,165,176,165,98,122
2,282.8345323741007,10.164041690793283,65.1111111111111,1741.6818181818182,131,155,158,142,91,108
3,255.28402366863907,7.70680834317198,105.05555555555556,1781.063829787234,134,146,145,104,90,107
4,241.5297619047619,4.99903605166763,102.33333333333333,1656.963503649635,134,149,148,107,91,112
5,255.89148936170213,3.5775510204081638,94.05555555555554,1679.2686567164178,136,146,106,96,98,104
6,421.25413533834586,2.8838899803536355,43.51388888888889,1785.8742857142856,221,207,156,132,141,161
7,1321.040404040404,1.9821689454954106,24.388888888888886,2408.810810810811,278,212,240,220,217,238
8,363.83458646616543,1.336937068556193,39.236111111111114,1855.6756756756756,281,219,240,238,223,240
9,279.2474226804124,1.5732609975607705,72.27777777777779,1640.2409638554218,197,212,230,230,215,237
10,258.7638888888889,1.598415271024671,51.166666666666664,1601.1076923076923,188,203,216,215,191,221
11,265.8,2.0102253985706433,39.69444444444445,1445.0980392156862,175,186,207,193,171,138
0,239.125,17.68181818181818,87.72222222222221,1537.144578313253,151,184,183,175,139,132
1,271.1898734177215,13.288380493678508,66.27777777777777,1755.2941176470588,145,167,180,162,137,115
2,239.936,10.228721409823773,69.41666666666667,1771.2454545454545,138,143,156,102,116,107
3,271.7098765432099,7.362921867776235,90.77777777777777,1706.890625,131,133,143,105,108,101
4,240.88826815642457,5.082035928143712,111.8888888888889,1754.3355263157894,121,142,101,99,108,97
5,267.20553359683794,3.2321480406386067,96.66666666666667,1713.24480369515,138,145,101,97,106,102
6,922.6327433628319,2.5176050794983467,28.88888888888889,2214.7639751552797,189,170,149,161,164,170
7,1446.953560371517,1.247714441813877,27.444444444444446,2423.159509202454,279,238,223,230,235,240
8,494.7364864864865,1.0733911785972525,71.3888888888889,1721.5677966101696,202,240,226,235,240,240
9,257.84313725490193,1.207363381211821,68.0,1566.9887640449438,192,235,218,230,234,237
10,258.01234567901236,1.156299763547749,48.555555555555564,1734.164383561644,187,229,212,214,223,154
11,245.66666666666666,0.9517479589700648,71.52777777777779,1734.7368421052631,168,202,204,194,213,143
0,245.9777777777778,17.657657234182572,73.13888888888889,1685.2911392405063,160,169,192,194,128,124
1,234.29268292682926,14.660539460539463,71.77777777777779,1736.8219178082193,148,160,181,179,121,121
2,270.8321167883212,11.328768813224777,88.08333333333333,1579.198347107438,137,150,159,109,109,108
3,262.2738853503185,8.053602592869609,80.0,1797.3306451612902,130,145,168,108,110,103
4,258.05625,5.273404255319148,93.33333333333333,1585.568345323741,144,147,116,101,105,92
5,261.0301204819277,3.4050641940085593,93.05555555555554,1717.2822384428223,144,145,114,101,104,93
6,512.5540983606558,2.853989813242784,36.0,1962.6526315789474,190,150,149,179,165,159
7,1777.5075987841944,1.7208593517692536,49.72222222222223,2580.6511627906975,278,214,221,237,226,240
8,248.7655172413793,1.3384508310816345,65.16666666666667,1751.0655737704917,201,221,229,240,226,240
9,271.9012345679012,0.8810003356831153,65.72222222222221,1872.304347826087,198,217,227,230,220,232
10,268.9347826086956,0.9054444112670451,46.861111111111114,1624.925,183,203,214,218,216,148
11,266.1375,0.8987602215774202,84.75,1837.0,175,189,200,215,205,131
0,223.07692307692307,17.171350474075343,76.52777777777777,1642.20202020202,156,165,195,185,187,130
1,261.0,13.790398365679264,70.55555555555556,1763.063492063492,147,146,188,179,103,127
2,249.11363636363637,11.252787035972874,80.49999999999999,1718.5221238938052,131,126,178,160,90,106
3,261.6457142857143,8.640692640692642,95.8888888888889,1601.3103448275863,122,124,169,122,88,101
4,243.62420382165604,5.412698412698412,90.75,1698.6917293233082,124,132,169,114,83,116
5,248.09780439121755,3.181395348837209,85.94444444444446,1729.93006993007,126,132,117,108,84,121
6,570.2879746835443,1.9291885302379816,23.555555555555557,1880.8215010141987,180,160,152,171,162,168
7,1696.5347432024168,1.4296239559397452,32.94444444444445,2572.9418604651164,275,227,230,231,240,240
8,292.0124223602484,0.8814982240878267,68.98611111111111,1564.9457364341085,284,231,232,240,240,240
9,230.21904761904761,0.9953977646285338,66.11111111111111,1837.8314606741574,198,227,236,228,230,233
10,259.8192771084337,0.9864938405976353,62.861111111111114,1746.75,181,209,224,213,217,145
11,264.6901408450704,1.4031796502384737,57.083333333333336,1668.8,168,183,214,198,206,141
0,221.41052631578947,16.49923989054424,66.25,1699.4166666666667,146,162,186,194,191,122
1,254.6060606060606,14.041769041769042,55.22222222222223,1853.4285714285713,138,155,180,183,124,108
2,253.93965517241378,11.26006692693809,89.33333333333333,1669.3092783505156,143,141,159,158,114,100
3,256.6631016042781,8.772204387372925,95.83333333333333,1684.301204819277,131,128,145,105,110,93
4,240.79679144385025,5.212587322950714,95.3888888888889,1703.575,135,143,151,102,107,105
5,246.94703389830508,4.1490424076607395,88.22222222222223,1718.3324873096446,143,162,117,102,93,114
6,889.0538827258321,3.766702892925529,26.61111111111111,2158.6773504273506,192,183,182,156,158,146
7,1599.0928143712574,1.4006861814731006,24.333333333333332,2676.994708994709,280,218,224,240,240,240
8,300.55900621118013,1.0184552289815447,55.45833333333334,1772.7480916030534,284,221,238,240,240,240
9,244.80645161290323,1.0441383304376604,79.05555555555556,1549.3456790123457,200,209,236,236,230,232
10,247.93975903614458,1.1551329459411865,31.055555555555557,1665.3623188405797,183,193,216,232,219,219
11,221.07692307692307,1.744740231859167,69.11111111111111,1615.3384615384616,161,173,198,218,215,131
0,215.52747252747253,16.791104946031464,64.77777777777779,1603.379746835443,141,204,187,182,165,124
1,267.8131868131868,14.089823146137142,63.888888888888886,1762.7088607594937,131,186,176,159,109,118
2,228.69032258064516,11.623417360556632,73.16666666666667,1721.6569343065694,121,174,157,153,95,97
3,244.175,7.816177429876061,72.55555555555556,1587.1279069767443,127,169,144,92,103,95
4,257.4502923976608,5.100176818486678,94.6111111111111,1763.029197080292,142,163,140,106,116,114
5,256.4007936507937,4.008698539176627,91.55555555555556,1640.5656108597284,135,158,102,113,122,123
6,722.0940438871473,2.964653641207816,42.958333333333336,2086.7252747252746,181,225,168,167,186,199
7,2053.5115511551153,1.4618503232404396,23.61111111111111,3011.4267515923566,275,225,229,232,240,240
8,294.34831460674155,1.0936272920494254,72.75,1630.3533333333332,280,231,230,240,240,240
9,256.56976744186045,0.8898678414096916,59.666666666666664,1682.578947368421,199,235,229,235,233,231
10,264.8809523809524,0.8507436570428697,57.944444444444436,1871.4117647058824,183,224,218,215,214,216
11,254.08450704225353,1.231436837029894,70.08333333333333,1712.0169491525423,160,215,201,202,186,134
0,231.2921348314607,16.29674360350689,71.91666666666667,1800.4,138,160,167,184,201,122
1,271.8426966292135,13.230037602300376,73.77777777777779,1745.0131578947369,130,150,143,161,128,110
2,222.19607843137254,10.618577075098813,80.94444444444444,1710.984126984127,125,151,129,151,113,90
3,265.24852071005915,8.513220113220111,83.88888888888889,1675.2123287671234,127,141,138,97,103,109
4,235.4909090909091,5.656185300207039,113.3888888888889,1818.5882352941176,122,151,146,95,104,118
5,258.8403846153846,3.3117852161785213,82.49999999999999,1672.3683035714287,131,154,108,102,104,118
6,763.5186385737439,2.8100735970561175,10.930555555555555,2051.7853982300885,197,216,153,178,168,175
7,1732.4542682926829,1.737748244355509,10.0,2607.724719101124,280,216,206,235,231,226
8,337.4074074074074,1.0740324277267945,57.72222222222223,1747.7368421052631,287,228,216,240,240,240
9,240.10638297872342,1.1129781760849724,66.22222222222223,1612.8333333333333,195,215,212,240,240,237
10,295.32911392405066,1.2315626383355465,35.05555555555556,1583.640625,178,192,209,224,232,220
11,231.78688524590163,1.1924446842957366,70.72222222222221,1668.7254901960785,162,180,197,197,217,137
0,268.6024096385542,16.519918505353502,78.44444444444444,1759.394366197183,157,187,184,179,173,123
1,232.1909090909091,13.053714174302984,49.75,1657.8241758241759,144,165,158,157,163,105
2,259.3856209150327,9.65909090909091,72.44444444444444,1752.436090225564,127,169,142,145,109,100
3,228.21290322580646,7.969447107702144,82.16666666666667,1828.9338235294117,130,150,139,109,115,102
4,254.52727272727273,4.705472068987382,93.77777777777777,1733.0375939849623,130,150,142,107,111,111
5,232.75560081466395,3.8115384615384613,95.22222222222223,1726.8864734299516,137,150,106,102,121,112
6,726.4928229665072,2.7778597785977857,27.875000000000004,2040.178947368421,211,225,157,164,177,150
7,1701.4537313432836,1.5092671693347695,25.500000000000004,2664.9274611398964,266,221,219,234,240,237
8,320.7133333333333,1.0510508352793246,57.90277777777778,1815.563025210084,281,237,227,240,240,240
9,260.32,1.0668716687166873,65.22222222222223,1789.9125,203,230,216,234,237,235
10,240.06024096385542,1.3224299065420564,32.0,1732.8529411764705,193,218,214,219,220,220
11,244.04,1.1867793187735796,65.16666666666667,1668.774193548387,177,206,197,199,191,137
0,262.00970873786406,17.999668104878857,73.5,1544.6813186813188,154,187,193,178,199,137
1,231.9390243902439,16.269979755133516,62.666666666666664,1611.2,150,177,189,166,131,130
2,225.7923076923077,11.723587223587225,64.94444444444444,1534.5862068965516,143,156,168,154,117,113
3,242.44444444444446,9.105361829771278,76.83333333333333,1632.6821705426357,136,150,156,94,122,104
4,249.56969696969696,6.006838244436156,89.94444444444444,1712.5342465753424,132,144,164,104,114,108
5,259.30830039525694,3.5323529411764705,82.77777777777779,1736.4071428571428,132,135,97,102,105,109
6,753.108024691358,3.489655172413793,41.69444444444444,2082.1773504273506,193,211,149,173,147,171
7,1319.0033444816054,2.1942454139625607,22.11111111111111,2398.733333333333,260,226,213,236,231,237
8,594.1801242236024,1.8080023343181244,64.72222222222223,2096.969465648855,271,234,218,240,240,240
9,310.43589743589746,1.7797867978679789,77.49999999999999,1923.5686274509803,193,237,217,233,235,240
10,263.3333333333333,2.366752466752467,39.5,1643.605633802817,174,223,214,219,232,233
11,243.4375,2.200303808077104,65.77777777777777,1583.1967213114754,165,198,204,197,211,148
0,253.7037037037037,16.005006587615284,72.80555555555556,1796.8333333333333,160,176,175,172,190,117
1,203.6043956043956,12.913309428390637,68.22222222222221,1648.1518987341772,152,149,165,160,131,105
2,263.9140625,10.332885984362235,81.16666666666667,1805.2233009708739,143,132,157,134,113,100
3,238.69540229885058,8.087784679089026,92.88888888888887,1696.2709677419355,131,129,143,83,115,89
4,255.23121387283237,5.350071363695342,88.3611111111111,1715.0791366906474,136,132,157,93,121,95
5,262.142566191446,3.79039270687237,87.05555555555554,1704.5714285714287,126,130,118,102,130,107
6,858.2466765140325,2.1839534883720932,39.31944444444444,2134.5958333333333,180,210,160,169,179,177
7,1771.473520249221,1.3077906424632015,41.11111111111111,2776.871951219512,280,218,230,235,238,240
8,277.44117647058823,0.8880682633013052,54.0,1728.6293103448277,286,223,239,240,240,240
9,251.87234042553192,0.7320841551610782,75.94444444444444,1761.1772151898733,211,218,227,231,236,229
10,276.53333333333336,0.5333422009399662,48.5,1687.8552631578948,197,197,213,207,227,212
11,218.66153846153847,0.7648679306433316,60.44444444444445,1558.0363636363636,178,188,200,178,210,135
0,245.09803921568627,17.15868504772004,60.61111111111111,1696.215053763441,145,190,177,190,192,131
1,275.6,13.456499164747841,61.34722222222222,1576.1081081081081,139,170,171,178,184,121
2,253.57692307692307,11.114311431143117,68.27777777777777,1656.0610687022902,129,145,146,165,111,112
3,247.4319526627219,8.682394058540845,65.94444444444446,1663.489932885906,127,155,136,123,113,109
4,250.02547770700636,5.77725003044696,93.22222222222221,1596.0902255639098,130,159,140,121,118,114
5,239.56107660455487,3.9426694329183958,99.83333333333333,1776.5260663507108,143,156,102,111,102,109
6,530.2061538461538,2.4166979362101313,48.98611111111111,1893.9428007889546,202,220,155,162,178,149
7,1151.3180327868852,1.81527057079318,40.05555555555556,2277.839024390244,271,231,233,227,238,220
8,344.3986013986014,1.0735844350212023,43.208333333333336,1639.2622950819673,279,240,240,239,240,239
9,250.56730769230768,1.2251543663628346,70.93055555555556,1716.5903614457832,272,230,220,234,238,238
10,243.2469135802469,1.1618507051943585,53.111111111111114,1735.515625,180,227,213,221,230,221
11,247.84722222222223,1.4474026989006405,73.80555555555556,1723.6923076923076,162,214,196,205,212,140
0,216.78,17.18372525799357,64.52777777777779,1704.3139534883721,149,174,176,204,190,135
1,228.1891891891892,13.070880526123494,69.22222222222223,1581.010752688172,145,162,164,186,172,123
2,240.7153846153846,9.994459386767078,56.833333333333336,1610.875,147,151,154,170,109,114
3,233.73232323232324,6.986363636363637,84.36111111111111,1636.970760233918,148,148,145,151,102,106
4,247.36075949367088,4.769509324642405,95.75,1580.671875,148,151,159,104,106,121
5,255.40845070422534,3.5533661740558293,88.8611111111111,1665.3545232273839,136,153,159,105,102,128
6,772.4740157480315,3.067195004803074,34.15277777777778,2166.034205231388,194,203,149,154,154,187
7,1406.5173501577287,2.184360902255639,26.5,2253.15625,274,216,222,212,236,240
8,328.5357142857143,1.6572742535951532,40.84722222222222,1822.112676056338,273,220,239,230,240,240
9,259.7433628318584,1.346346160968925,67.19444444444444,1494.7391304347825,275,212,235,231,234,234
10,249.85227272727272,1.1697892271662764,58.444444444444436,1708.876712328767,188,204,211,230,222,226
11,241.63636363636363,1.2148900169204735,50.5,1778.753846153846,167,186,195,219,208,207
0,252.83516483516485,17.217563837129056,80.44444444444444,1708.581081081081,168,159,196,175,184,126
1,241.58695652173913,14.514959723820484,62.5,1573.9285714285713,155,144,180,163,112,115
2,232.65986394557822,11.244529663884503,82.83333333333333,1814.5078125,145,133,166,156,104,102
3,228.32804232804233,7.915826911677535,74.66666666666667,1647.9693251533743,154,131,161,86,92,99
4,242.2469135802469,5.536915683704675,102.72222222222223,1693.2290076335878,149,141,164,98,112,99
5,248.55654101995566,3.052840909090909,92.72222222222223,1715.0126262626263,133,135,115,101,116,104
6,307.00652528548125,3.0953567937438904,31.04166666666666,1708.0526315789473,184,191,156,170,173,149
7,1977.7744807121662,1.9951474430757739,32.83333333333333,3047.0738636363635,259,209,224,240,240,238
8,292.51006711409394,1.6140593195696422,41.59722222222223,1846.1186440677966,275,216,237,240,240,240
9,267.967032967033,1.5919282511210766,79.05555555555556,1817.7733333333333,188,209,238,227,240,236
10,265.14084507042253,1.3734961075725407,44.555555555555564,1651.2105263157894,187,188,225,209,225,222
11,230.27142857142857,1.3526179702650292,44.833333333333336,1397.9473684210527,175,169,208,200,205,135
0,241.175,15.900452898550723,82.5,1725.553846153846,145,180,176,162,178,119
1,253.20652173913044,12.948566050271285,57.88888888888889,1606.4444444444443,124,160,161,155,110,111
2,244.57926829268294,10.176061405612858,73.05555555555556,1681.0217391304348,119,157,145,141,98,98
3,218.89385474860336,7.026565927370217,73.63888888888887,1614.3581081081081,120,158,138,141,101,88
4,225.38650306748465,5.194758012196705,88.84722222222223,1696.9926470588234,130,158,149,112,95,90
5,247.376,4.117248908296943,97.05555555555556,1662.109048723898,132,146,119,113,95,82
6,461.3306836248013,3.0363849765258215,20.305555555555557,1810.0513347022588,201,225,169,173,160,137
7,1548.3280757097791,1.6186428149024246,26.888888888888886,2378.6023391812864,275,222,224,227,236,240
8,272.2554744525547,1.1565248738284066,70.19444444444444,1594.732142857143,278,233,233,236,240,240
9,266.2970297029703,1.0463101782442112,62.05555555555555,1557.057471264368,190,229,225,227,231,232
10,245.37894736842105,1.1948470209339774,37.111111111111114,1553.8024691358025,175,217,210,207,219,214
11,258.61333333333334,1.4854989349500245,59.02777777777778,1597.274193548387,163,199,195,183,204,133
0,233.70652173913044,18.20827820827821,75.8888888888889,1840.452380952381,140,184,188,185,128,137
1,241.9659090909091,14.310163490575864,77.38888888888889,1543.3783783783783,129,177,176,170,107,114
2,245.0,10.375261567077425,69.0,1783.391304347826,116,161,160,150,89,106
3,254.74074074074073,8.194228778467908,96.44444444444444,1758.1782945736434,116,161,158,106,94,101
4,248.67977528089887,4.713230444532383,91.77777777777777,1602.9727891156463,124,157,150,107,92,92
5,255.38947368421051,2.7431034482758627,99.44444444444444,1750.0669975186104,125,161,112,103,95,100
6,458.71967213114755,1.7564499484004128,53.944444444444436,1844.9138276553106,188,167,157,160,139,158
7,1488.1622516556292,1.5500980138328964,41.77777777777778,2546.191616766467,275,233,220,231,229,235
8,588.5307262569833,1.3772715731437482,59.41666666666666,2060.442953020134,276,228,227,240,240,240
9,290.3235294117647,1.4323031640912436,68.66666666666667,1696.4941176470588,195,230,230,230,240,234
10,253.88059701492537,1.595321296835566,57.72222222222223,1748.2666666666667,181,212,218,215,231,155
11,289.3292682926829,1.6699989477007258,67.08333333333333,1680.3188405797102,156,208,194,207,214,139
0,253.7922077922078,15.946169772256729,64.8888888888889,1855.1142857142856,138,159,178,179,186,126
1,250.70238095238096,13.179137949896072,78.11111111111113,1736.2702702702702,135,145,152,172,112,115
2,246.6159420289855,10.953126847145054,70.22222222222221,1719.6637168141592,134,137,140,155,102,101
3,213.3918918918919,8.671742469778936,77.94444444444444,1559.8048780487804,138,148,133,97,93,104
4,268.74233128834356,5.956043956043957,93.6111111111111,1824.7391304347825,130,143,132,94,97,106
5,256.4489402697495,4.408887171561051,86.5,1652.6726457399104,131,140,84,92,101,99
6,377.80546075085323,2.85106075216972,51.625,1843.9382978723404,206,209,139,148,170,165
7,1492.8374233128834,1.9633048261311836,40.333333333333336,2385.5079365079364,278,229,207,225,236,222
8,309.32026143790847,1.4506058961837582,65.20833333333333,1791.824,277,240,218,240,240,240
9,260.06060606060606,1.920427158647054,73.38888888888889,1505.8433734939758,183,229,210,237,240,238
10,260.8550724637681,1.5342645330440288,51.72222222222223,1650.867924528302,174,197,205,223,209,221
11,256.1232876712329,1.501163177135261,64.55555555555556,1759.5081967213114,155,176,192,201,200,138
0,263.7755102040816,15.904761904761905,55.361111111111114,1706.2906976744187,151,155,193,160,190,117
1,251.41836734693877,13.086716840036432,72.1388888888889,1622.7439024390244,137,148,178,152,178,114
2,255.64705882352942,10.659720632012824,81.27777777777779,1757.7463768115942,130,140,155,158,116,95
3,255.03529411764706,8.515873015873016,68.77777777777779,1679.1258741258741,140,154,162,98,118,84
4,240.36627906976744,5.566109755334458,94.8888888888889,1757.7194244604316,149,141,160,101,116,94
5,244.9496981891348,3.5587797619047628,96.54166666666664,1630.7051597051598,160,140,146,108,110,104
6,641.1426356589147,2.3114285714285714,43.02777777777777,2007.641975308642,226,200,129,155,171,169
7,1552.7517730496454,1.2833320926077574,37.66666666666667,2401.092715231788,290,220,216,227,221,240
8,483.5764705882353,0.9690380871928598,49.263888888888886,1742.4496124031007,290,221,222,231,229,240
9,267.0344827586207,1.341198501872659,68.94444444444444,1832.7333333333333,197,215,227,232,224,240
10,249.78021978021977,1.2282366568653658,45.888888888888886,1693.923076923077,187,197,218,210,213,222
11,246.62121212121212,0.9924446842957365,55.27777777777777,1696.9636363636364,171,180,211,188,207,133
0,261.3488372093023,17.299237664404792,70.58333333333333,1691.442857142857,161,165,186,186,204,136
1,231.8068181818182,14.487850858818604,67.0,1695.7972972972973,152,146,166,162,114,128
2,234.2642857142857,11.534813786722184,86.05555555555554,1751.3392857142858,156,137,144,146,94,109
3,271.4861111111111,8.50868815492771,71.66666666666666,1864.125,151,136,144,86,96,105
4,241.17964071856287,5.901912901912901,107.77777777777777,1699.0833333333333,128,132,142,94,106,100
5,246.14444444444445,4.676315789473684,97.77777777777777,1755.6051948051947,133,126,108,100,110,88
6,331.653312788906,1.789161554192229,52.31944444444445,1707.3780260707636,199,195,159,149,142,134
7,1658.5176470588235,1.6039633801755646,43.44444444444445,2509.9039548022597,274,222,222,226,225,228
8,712.3885350318471,0.7701366676359405,51.77777777777778,2042.4122807017543,289,229,231,231,228,240
9,318.9655172413793,0.5753336549284451,82.27777777777777,1820.121212121212,214,229,230,231,238,240
10,263.8395061728395,0.9545454545454548,60.77777777777778,1573.6774193548388,204,216,217,218,235,230
11,268.55882352941177,1.0919767200166284,54.583333333333336,1616.5166666666667,178,191,199,199,216,149
0,250.54117647058823,17.457614115841963,94.83333333333333,1693.3783783783783,159,193,171,198,106,121
1,252.51190476190476,13.631744698719297,71.3888888888889,1749.2857142857142,140,179,152,184,98,113
2,241.3453237410072,11.160498739885925,79.30555555555556,1773.103448275862,133,161,128,117,80,99
3,251.75147928994082,6.725687458081824,103.44444444444444,1711.3503649635036,129,148,142,114,85,92
4,251.61271676300578,3.881441048034934,106.94444444444444,1764.301282051282,140,154,109,97,96,91
5,249.21072796934865,1.3033426183844012,93.44444444444446,1709.075117370892,143,147,113,113,105,97
6,554.1880064829821,1.2477732793522267,61.77777777777778,1969.317813765182,215,165,179,174,143,164
7,2270.369696969697,0.7417496443812236,40.72222222222222,3256.661870503597,286,235,240,240,239,240
8,337.731884057971,0.23993275471107983,62.166666666666664,1798.3391304347826,221,240,240,240,240,240
9,276.32173913043476,0.38281945456016836,91.27777777777779,1691.3478260869565,208,235,229,232,238,231
10,275.6375,0.6522589571108248,46.13888888888889,1615.3636363636363,203,231,208,221,224,146
11,270.14925373134326,0.9410715222752796,64.30555555555556,1762.7450980392157,178,215,189,208,198,133
0,245.21176470588236,17.613047574187465,85.66666666666667,1610.5333333333333,156,174,172,200,128,135
1,291.561797752809,14.60252751732572,58.555555555555564,1693.3055555555557,149,165,156,199,110,113
2,252.40880503144655,12.098093996399077,105.55555555555556,1735.1716417910447,150,155,142,119,98,103
3,243.44242424242424,8.334138336739118,94.88888888888887,1729.985294117647,151,156,144,108,100,110
4,235.125,5.3056022408963575,103.6388888888889,1748.8376623376623,154,141,91,106,110,112
5,248.503984063745,3.7342696629213488,109.77777777777777,1706.7696078431372,154,140,103,91,122,102
6,667.0795454545455,2.7499221426346936,66.66666666666667,2037.9200863930885,223,146,147,152,179,167
7,1310.9804560260586,1.3394334236146694,61.55555555555555,2402.208092485549,278,237,216,227,240,240
8,1118.6529411764707,0.9064516129032258,66.16666666666667,2548.344262295082,204,240,231,240,240,240
9,259.0,0.8024112793399022,89.33333333333333,1763.4285714285713,208,233,226,240,240,240
10,271.013698630137,1.0196078431372548,45.05555555555555,1895.551724137931,192,218,213,217,227,157
11,235.47272727272727,1.008937850758678,76.6388888888889,1597.2325581395348,177,198,195,211,210,141
0,256.5773195876289,17.48714998082087,56.63888888888889,1743.0625,155,171,182,198,123,119
1,266.6941176470588,14.335556934533045,86.0,1651.3150684931506,139,162,168,180,114,116
2,241.35256410256412,11.286031323314946,72.3611111111111,1730.6814814814816,129,140,154,110,103,115
3,247.72375690607734,8.242541400863459,76.33333333333333,1719.3885350318471,130,144,154,101,103,107
4,243.95541401273886,4.9785932721712545,94.27777777777779,1657.175572519084,148,152,149,100,104,110
5,242.79417475728155,3.840495867768596,91.16666666666667,1782.3967517401393,154,164,94,94,108,112
6,752.1038525963149,2.78453151271208,62.666666666666664,2078.6969696969695,226,159,151,165,165,167
7,1529.482200647249,1.5956066637181188,62.83333333333332,2643.251461988304,275,218,229,231,238,237
8,325.90604026845637,1.4785206718346253,73.66666666666667,1866.2170542635658,196,222,240,239,239,240
9,256.3838383838384,1.2959150326797384,74.0,1607.2261904761904,198,226,236,240,236,224
10,249.67816091954023,1.2457827831214656,74.61111111111111,1759.1142857142856,185,210,224,228,226,144
11,232.54098360655738,1.3688108336859925,79.61111111111111,1543.14,180,186,197,210,211,128
0,250.0,17.116960504284446,83.47222222222221,1798.4516129032259,137,189,180,183,116,118
1,230.55208333333334,14.369711434150574,78.27777777777779,1770.7738095238096,116,181,154,175,102,110
2,241.17964071856287,11.130707427003724,87.3611111111111,1757.832167832168,108,166,149,110,91,105
3,247.14450867052022,8.144185164105483,102.72222222222221,1785.3945578231292,116,154,156,115,92,120
4,275.8855421686747,5.842413793103448,83.83333333333333,1681.290780141844,123,164,109,113,93,123
5,243.248987854251,4.163568521031208,94.8888888888889,1667.0222222222221,133,153,105,117,101,128
6,991.9449541284404,3.3235867446393765,76.61111111111113,2298.112087912088,200,148,146,178,170,184
7,1701.1142857142856,1.8972519140437185,38.888888888888886,2827.934065934066,272,213,232,233,233,240
8,679.7152317880794,1.5041898316009992,71.83333333333333,1991.104761904762,195,224,240,240,240,240
9,269.10185185185185,1.4825643556213501,75.44444444444444,1684.4117647058824,189,225,237,234,234,232
10,248.27397260273972,1.4297208458028747,67.97222222222223,1804.9354838709678,175,215,220,219,227,143
11,262.640625,1.3589349175197583,80.86111111111111,1951.5740740740741,156,206,205,199,210,133
0,254.07766990291262,17.853502874403194,79.25,1726.2666666666667,143,174,190,167,131,128
1,223.2340425531915,15.043725849094981,73.16666666666666,1631.7088607594937,134,171,176,167,123,123
2,250.72727272727272,11.989390574882805,84.72222222222221,1823.552,116,166,160,108,112,110
3,232.05369127516778,8.899879525711748,87.72222222222223,1720.904761904762,122,169,152,98,105,105
4,268.8954248366013,6.119119769119769,93.8611111111111,1766.203007518797,122,164,91,99,106,111
5,239.60509554140128,4.0620567375886525,103.83333333333331,1734.2820512820513,130,169,94,102,100,110
6,385.7795138888889,2.9860213915069362,80.5,1762.4659574468085,200,152,139,169,169,165
7,1609.232786885246,2.2007378962427526,57.27777777777778,2587.798780487805,272,222,208,224,232,240
8,299.2631578947368,1.7256637168141593,70.66666666666667,1699.5984251968505,192,231,225,229,239,240
9,292.25274725274727,1.6196132366424938,68.83333333333333,1801.7887323943662,191,229,232,213,228,240
10,287.51612903225805,1.713651498335183,62.58333333333334,1715.4864864864865,176,217,211,197,215,150
11,258.3076923076923,1.7422614615466439,69.36111111111111,1682.6176470588234,156,201,203,187,216,143
0,248.23,17.755505364201017,71.22222222222223,1655.341463414634,157,199,186,181,122,121
1,273.05494505494505,14.026055102672583,83.16666666666666,1783.2083333333333,154,174,156,178,108,111
2,255.24427480916032,10.847391084093209,72.52777777777779,1848.8207547169811,142,154,148,110,97,101
3,247.76923076923077,7.776942355889726,79.83333333333333,1688.673076923077,150,143,135,109,85,100
4,259.3988764044944,5.447860199714693,117.41666666666667,1695.1756756756756,146,138,94,104,101,118
5,256.1913696060038,4.185904628330996,87.83333333333333,1745.6076233183855,145,138,95,106,103,126
6,747.714527027027,3.648386934925494,63.27777777777777,2024.030444964871,220,162,153,156,165,193
7,1756.0987654320988,1.9835596057281013,53.166666666666664,2846.244318181818,268,226,229,213,239,240
8,358.84662576687117,1.9839434810533074,77.94444444444444,1741.4503816793892,186,238,240,240,240,240
9,301.1333333333333,1.476219462705949,57.05555555555555,1865.7037037037037,192,236,231,237,240,233
10,277.32307692307694,1.56587659533634,74.55555555555556,1833.1132075471698,184,229,229,218,225,141
11,307.77027027027026,1.2492190395510139,86.97222222222221,1809.6935483870968,169,201,203,203,205,130
0,243.6987951807229,16.47531612679716,73.55555555555556,1552.8333333333333,160,180,177,177,192,118
1,253.7128712871287,14.259143155694877,79.44444444444444,1629.607142857143,138,161,171,162,130,108
2,259.8805970149254,10.42722766700462,68.8888888888889,1768.5438596491229,123,155,158,158,117,96
3,251.07514450867052,9.373752684097512,80.33333333333333,1803.051948051948,131,151,165,111,106,90
4,244.04790419161677,6.022453484705141,81.0138888888889,1760.2676056338028,140,143,155,109,110,98
5,262.6885593220339,4.162857142857143,83.22222222222221,1725.1904761904761,151,136,107,99,101,106
6,593.2429906542056,3.242270531400966,52.0,1988.329831932773,220,178,158,157,151,171
7,1650.6666666666667,1.9081012087994593,55.833333333333336,2580.3405405405406,281,206,223,221,231,240
8,458.5466666666667,1.1007622504537202,55.47222222222223,2038.1016949152543,283,220,233,234,240,240
9,250.65346534653466,1.2076797385620917,67.66666666666667,1703.8837209302326,200,227,226,232,239,236
10,231.2375,1.1388888888888888,72.22222222222223,1736.516129032258,193,211,219,217,223,217
11,246.328125,1.221630176734371,82.75,1609.6938775510205,177,192,198,198,216,134
0,267.16190476190474,16.762204046491608,94.6388888888889,1646.4705882352941,156,186,188,189,180,111
1,245.2875,14.524186822351961,74.33333333333334,1721.2985074626865,160,168,161,171,113,99
2,276.7388535031847,11.666233766233766,71.0,1789.8968253968253,153,144,153,157,104,94
3,254.66467065868264,8.161904761904761,63.44444444444445,1655.9383561643835,147,140,144,107,107,95
4,268.0295857988166,5.652554932663188,92.72222222222221,1751.2567567567567,145,137,145,112,96,104
5,250.90103092783505,4.014922206506364,83.05555555555554,1716.8644859813085,139,138,107,109,101,113
6,952.1561561561562,3.1087017873941676,68.29166666666667,2301.983086680761,197,191,183,150,166,176
7,1536.0602409638554,1.3265079834417504,48.72222222222222,2539.592391304348,282,219,230,223,230,240
8,509.51612903225805,0.9633741888968996,65.65277777777779,1874.5,283,227,240,233,237,240
9,263.41509433962267,1.1077245605547494,74.8888888888889,1656.891304347826,199,226,236,237,240,240
10,252.78082191780823,1.075968992248062,63.05555555555555,1769.8225806451612,182,217,220,220,222,229
11,236.83823529411765,0.796511009467078,60.22222222222222,1872.7407407407406,174,199,205,198,201,129
0,263.5348837209302,17.594007164294702,70.94444444444444,1621.6493506493507,160,183,171,187,111,127
1,252.71794871794873,13.694715319282794,77.49999999999999,1677.0294117647059,151,175,147,171,107,116
2,258.9929078014184,10.97734627831715,84.66666666666667,1851.5343511450383,142,154,127,103,95,100
3,240.61333333333334,8.47216633132126,85.5,1602.688524590164,148,134,116,98,101,113
4,243.44078947368422,6.610324483775812,82.30555555555556,1750.641791044776,137,144,80,101,105,111
5,249.76829268292684,4.180734632683658,79.0,1774.1035294117646,147,135,82,93,115,95
6,895.3647798742138,2.1450749175096018,59.61111111111111,2203.0881720430107,205,147,142,163,157,159
7,1713.7546012269938,1.9992507960292185,64.61111111111111,2623.4540229885056,282,207,211,237,229,239
8,286.5466666666667,1.2912087912087913,67.66666666666667,1833.4545454545455,205,215,225,240,240,240
9,228.38709677419354,1.2167414050822123,81.05555555555556,1697.5384615384614,200,212,221,236,236,233
10,256.6296296296296,1.1473093496342317,70.58333333333333,1659.8333333333333,188,200,200,224,211,151
11,257.8607594936709,1.7193994764118181,70.02777777777779,1611.078431372549,173,184,187,213,195,149
0,273.34444444444443,17.85805341025403,77.47222222222221,1599.64,155,173,204,196,130,119
1,258.2448979591837,14.953139126067306,87.83333333333333,1638.0365853658536,136,156,195,182,124,112
2,238.4,12.545749189728248,58.138888888888886,1671.0873786407767,125,149,184,104,106,96
3,253.98773006134968,9.133988818199345,95.77777777777777,1797.8088235294117,126,147,165,97,112,94
4,240.22758620689655,6.4934907010014316,99.16666666666667,1850.4416666666666,137,156,98,94,115,99
5,246.765873015873,4.601114413075781,95.16666666666667,1761.8910891089108,129,150,93,99,115,87
6,466.6477093206951,2.983041545469513,55.72222222222222,1797.3777335984096,181,147,146,154,177,154
7,1267.9398734177216,1.5585979875060785,46.611111111111114,2247.9894736842107,279,213,224,226,233,232
8,422.078313253012,0.9836601307189542,50.61111111111111,1883.9411764705883,205,225,238,229,240,240
9,265.52100840336135,1.0547457078069322,89.83333333333333,1802.3775510204082,201,223,240,235,233,240
10,248.72857142857143,0.9599923976052456,64.25,1694.0545454545454,203,210,219,228,224,154
11,234.88709677419354,1.0142372194355778,79.52777777777779,1596.063829787234,185,194,219,215,208,140
0,278.26732673267327,16.706117586999063,73.02777777777777,1688.2906976744187,158,189,180,203,180,112
1,272.3529411764706,13.632446918161204,72.55555555555556,2028.1733333333334,151,183,157,180,114,97
2,243.55395683453239,10.81080617495712,86.6111111111111,1700.7981651376147,141,158,145,161,107,83
3,262.58181818181816,7.991268721875208,77.83333333333333,1692.751724137931,133,155,140,96,101,84
4,238.62777777777777,6.104644326866547,106.77777777777777,1649.2272727272727,140,155,134,97,102,101
5,248.81010101010102,3.4625528913963324,83.38888888888889,1697.323113207547,130,161,105,91,112,110
6,728.5855855855856,3.053419593345656,43.63888888888889,2074.0758483033933,208,223,165,146,188,152
7,1604.2237762237762,1.030455556771346,41.72222222222222,2494.012987012987,287,219,227,230,240,240
8,341.7375,0.6470060632152977,63.944444444444436,1655.7692307692307,290,228,239,234,236,240
9,270.7096774193548,0.5780693229672823,76.22222222222223,1659.7439024390244,200,228,231,237,240,236
10,233.54545454545453,0.7150647580095433,47.94444444444445,1844.7808219178082,189,213,223,231,225,223
11,249.25,0.8343102365501359,66.44444444444444,1764.8064516129032,175,196,210,215,199,129
0,263.7435897435897,16.31063229447223,66.25000000000001,1808.8676470588234,169,165,176,203,182,122
1,246.4268292682927,14.148870204939568,74.33333333333333,1574.8714285714286,154,145,163,183,111,109
2,257.8843537414966,10.901367763235468,58.555555555555564,1821.618320610687,142,130,139,163,97,100
3,250.60509554140128,8.988958883695727,89.22222222222221,1778.0152671755725,149,118,122,109,104,101
4,237.3986928104575,5.579499596448749,109.72222222222223,1721.939393939394,143,130,128,105,96,106
5,247.6875,2.8242603550295864,93.16666666666667,1677.3672456575682,142,130,94,102,101,107
6,637.0922619047619,1.9062189054726366,51.01388888888889,2019.1580952380953,204,218,145,131,152,155
7,1507.0320699708454,1.162896759719004,27.666666666666668,2292.979487179487,282,232,227,222,232,236
8,284.17605633802816,0.4286620164870006,70.93055555555556,1585.3211009174313,294,240,240,240,240,240
9,263.1208791208791,0.6238938053097345,66.94444444444444,1741.2261904761904,201,233,230,237,234,221
10,248.32222222222222,0.7223984492025729,42.666666666666664,1678.7534246575342,195,207,201,228,231,199
11,268.3421052631579,0.8332279148218428,78.55555555555556,1807.159420289855,179,182,186,214,219,136
0,255.83333333333334,16.945895687594085,74.1111111111111,1735.4868421052631,151,167,175,189,187,113
1,245.79775280898878,14.813519813519815,72.66666666666667,1634.0675675675675,140,147,163,189,113,106
2,236.66906474820144,10.477756286266926,78.44444444444444,1613.3247863247864,124,139,137,165,99,88
3,229.38235294117646,7.68634737131847,78.33333333333333,1668.6711409395973,129,128,136,109,103,87
4,249.36559139784947,5.035546613011402,91.66666666666667,1642.251572327044,145,129,132,102,109,93
5,238.26175869120655,3.4624128312412834,83.22222222222221,1688.6004842615012,149,123,93,110,138,104
6,1139.1959942775393,2.965348837209302,48.236111111111114,2398.616033755274,222,173,134,184,191,171
7,1983.8695652173913,1.600102126417916,32.44444444444444,3047.1693989071036,274,221,228,240,240,240
8,278.037037037037,1.1192003152878796,64.3611111111111,1644.015037593985,279,230,240,240,240,240
9,252.93548387096774,1.3466400532268794,65.0,1673.3292682926829,192,213,233,237,235,226
10,246.29577464788733,1.4577352472089313,58.333333333333336,1667.5166666666667,176,199,222,227,216,214
11,276.15714285714284,1.619485294117647,65.11111111111111,1711.8181818181818,165,188,200,209,193,133
