,stw,sto,sth,att,Bus0_AOD,Bus1_AOD,Bus2_AOD,Bus3_AOD,Bus4_AOD,Bus5_AOD
0,404.8775510204082,19.72353509173146,84.19444444444444,450.2375,177,222,185,131,110,112
1,277.8205128205128,16.39444923784872,85.30555555555556,476.2054794520548,170,134,112,121,103,92
2,360.71014492753625,12.981618224666144,98.16666666666667,550.8547008547008,152,133,100,110,89,86
3,315.76704545454544,11.077140612725845,96.58333333333333,588.7464788732394,177,132,91,102,90,78
4,346.4311377245509,9.688946604537469,100.16666666666667,620.1319444444445,180,148,93,116,80,72
5,582.4171539961013,10.49932905919189,75.27777777777777,594.9312977099237,196,155,86,129,69,71
6,1357.0541795665636,7.721897018970189,99.75,656.6812652068127,177,209,207,187,124,121
7,1677.7245901639344,1.612584950462622,100.97222222222223,529.2603550295858,196,240,235,240,227,219
8,877.6369863013699,0.8701442841287459,104.55555555555556,557.7735849056604,205,240,240,240,240,160
9,505.31325301204816,0.9170208007157234,114.02777777777777,553.1617647058823,204,240,238,240,237,156
10,375.44871794871796,0.9977697998259356,79.08333333333333,559.7368421052631,203,227,224,219,143,133
11,378.67088607594934,1.2706827309236945,62.083333333333336,615.2631578947369,185,219,201,140,131,120
0,430.11578947368423,18.26791334937975,76.72222222222221,576.8395061728395,190,184,176,162,129,141
1,392.0344827586207,16.136363636363637,84.8888888888889,583.0945945945946,196,168,154,137,118,126
2,432.09090909090907,14.804093567251462,126.77777777777777,638.6347826086957,186,99,101,88,107,103
3,322.83870967741933,11.432989690721651,78.47222222222221,524.75,132,82,94,81,90,103
4,318.24844720496895,8.324458643947462,97.41666666666667,622.4238410596026,152,95,96,84,101,98
5,372.3987603305785,6.953718285214348,70.58333333333334,583.5571776155717,155,89,89,90,105,107
6,1573.5876923076924,6.154797230464887,88.72222222222221,544.6373937677054,189,187,151,124,166,194
7,1526.0498442367602,1.7486651411136538,96.69444444444444,515.4819277108434,205,210,231,221,223,221
8,452.5109489051095,1.0908756438557763,97.0,531.2897196261682,208,215,240,230,233,233
9,378.8469387755102,0.9615151373792976,63.94444444444445,548.5394736842105,209,219,232,212,235,154
10,399.86206896551727,1.1118781125191066,89.97222222222221,573.6911764705883,205,213,210,191,227,147
11,364.06849315068496,1.4358736059479553,92.91666666666667,548.3148148148148,201,200,198,175,146,156
0,358.38775510204084,21.552787456445998,81.5,586.9866666666667,171,217,100,121,129,123
1,455.675,17.036437246963562,101.30555555555554,573.1714285714286,164,139,98,110,117,113
2,369.0451127819549,14.789088387146487,87.88888888888887,515.3565217391305,176,132,86,95,104,90
3,374.10674157303373,12.605765515109358,76.44444444444444,578.93006993007,208,131,83,88,91,80
4,361.830303030303,10.923665807876336,86.11111111111113,566.0909090909091,221,138,79,91,106,80
5,584.2434210526316,9.410729762523834,99.08333333333333,615.8740359897172,150,145,66,89,106,85
6,1336.6201413427561,8.50103519668737,108.97222222222223,605.4698162729659,178,197,198,129,151,113
7,1840.1486068111456,1.9677002583979328,68.25,603.6038961038961,191,227,219,236,226,234
8,557.3846153846154,1.4976480129764798,82.44444444444444,623.0603448275862,196,232,222,240,240,240
9,450.4891304347826,1.888681592039801,99.63888888888887,567.7012987012987,194,240,218,240,158,156
10,411.27941176470586,2.2206521739130434,110.1111111111111,728.3207547169811,193,239,197,224,148,149
11,359.9855072463768,2.3100467289719626,82.08333333333333,518.375,181,234,175,208,138,134
0,369.2236842105263,19.067771818625065,87.88888888888887,558.8983050847457,174,177,175,110,124,119
1,384.84090909090907,15.916045272969374,116.75,617.4626865671642,155,165,121,105,102,103
2,343.1951219512195,14.523875376230373,133.66666666666666,537.5377358490566,150,101,119,92,92,93
3,354.31875,10.795880301678698,86.0,637.5196850393701,166,106,112,80,95,90
4,333.4429530201342,7.2056398725875965,82.6111111111111,609.9148936170212,118,105,114,72,97,87
5,437.7142857142857,8.000448752468138,106.75,607.1791443850267,145,116,122,71,86,79
6,1138.2179700499169,6.867872614447957,107.63888888888887,540.5114678899082,182,173,200,146,147,101
7,2351.983974358974,1.3725299643666988,104.05555555555556,532.1392405063291,199,219,237,237,240,240
8,375.1156462585034,0.978448275862069,71.61111111111111,541.5384615384615,203,229,240,240,240,240
9,426.1875,1.028673835125448,92.33333333333333,553.734375,201,230,238,228,230,237
10,453.9166666666667,1.632075471698113,78.3888888888889,584.6086956521739,193,228,214,199,214,224
11,338.03333333333336,2.2613636363636362,53.25,633.6170212765958,185,214,197,183,144,133
0,495.71264367816093,20.232862956503357,91.33333333333333,533.056338028169,197,194,144,136,107,123
1,606.1702127659574,20.243164959378312,71.1111111111111,551.1780821917808,203,123,84,138,93,104
2,465.6241134751773,15.794590643274852,97.5,588.5185185185185,127,105,79,122,78,97
3,493.4382716049383,13.334820647419074,93.08333333333333,647.2517482517483,141,122,69,122,75,106
4,489.5204678362573,12.585343837190216,80.58333333333333,623.6912751677852,168,134,71,110,70,124
5,559.0343249427917,10.761328367473617,95.77777777777779,632.7929155313351,180,139,81,113,71,132
6,1456.0597014925372,6.785729636793467,96.27777777777777,567.4211956521739,192,190,180,191,106,175
7,1835.5551839464883,1.390368178829717,103.5,607.418918918919,212,206,223,240,231,240
8,636.6078431372549,1.160421735604217,75.11111111111111,663.7739130434783,210,211,229,240,240,240
9,585.5714285714286,0.956776080597985,103.72222222222221,660.1282051282051,209,222,213,233,235,155
10,571.1234567901234,1.3894965021184353,90.25,673.2903225806451,209,214,190,221,207,153
11,540.2368421052631,2.5081838021338507,115.16666666666667,666.4814814814815,198,195,162,208,124,144
0,392.3863636363636,18.452961505231833,76.3888888888889,637.7042253521126,177,174,151,182,152,111
1,404.27906976744185,16.929202524383246,97.83333333333333,565.796875,181,146,128,122,151,102
2,487.3333333333333,16.947672210830106,97.27777777777779,561.4926470588235,178,81,69,121,154,90
3,399.09655172413795,13.596796182685754,109.44444444444446,590.236641221374,125,78,67,109,170,103
4,428.8095238095238,12.774961597542243,87.22222222222221,608.7950819672132,147,71,60,105,178,90
5,529.9790697674418,11.811209439528023,110.22222222222221,617.251497005988,158,75,60,104,186,95
6,1007.0357723577235,9.25564776394652,104.44444444444444,582.1073985680191,183,169,82,139,225,166
7,1442.059347181009,2.2555049354593772,48.638888888888886,610.6807228915662,191,228,205,230,240,223
8,506.3388429752066,1.5314834024896267,74.47222222222221,586.6435643564356,199,239,219,235,160,153
9,530.7722772277227,1.6331106870229009,145.38888888888889,640.046511627907,201,235,199,233,159,152
10,440.0625,1.732078853046595,92.38888888888887,633.7301587301587,197,214,184,222,156,143
11,410.71875,1.9459123222748815,88.38888888888887,587.0833333333334,192,206,166,205,152,134
0,427.56310679611653,19.49094681252357,111.25,536.0987654320987,187,191,149,155,151,131
1,450.1020408163265,17.684356920338235,132.11111111111111,564.1369863013699,187,171,121,102,147,128
2,506.7586206896552,17.891402058866177,125.94444444444444,595.2882882882883,188,108,67,91,154,118
3,491.23333333333335,16.41104078762306,102.58333333333333,559.0165289256198,123,82,57,90,169,111
4,497.7401129943503,14.594339622641508,70.1388888888889,624.581081081081,137,68,49,83,180,119
5,620.915611814346,16.2106135986733,61.583333333333336,632.1303191489362,163,67,47,83,186,124
6,1298.5694444444443,9.086102719033235,98.8888888888889,559.0462724935733,189,174,87,124,229,190
7,2368.7528957528957,2.204394781864842,73.38888888888889,633.4594594594595,199,216,213,221,160,160
8,750.1,1.8564189189189189,68.02777777777777,630.21,200,229,213,222,160,160
9,500.0752688172043,2.0364270386266092,89.6111111111111,642.5342465753424,195,232,210,213,158,157
10,504.1518987341772,2.6145367054610564,66.83333333333334,651.3492063492064,188,225,183,207,157,157
11,534.7462686567164,2.435952380952381,99.30555555555556,694.1860465116279,189,217,170,175,153,146
0,363.1927710843373,20.56417239735821,94.19444444444446,554.8395061728395,159,143,117,123,113,118
1,350.8831168831169,15.984490557909096,99.19444444444446,605.4166666666666,159,138,112,106,110,108
2,347.6640625,12.917293233082708,101.58333333333333,592.1304347826087,140,138,104,89,101,93
3,434.9425287356322,10.98019411346958,116.05555555555556,623.3286713286714,138,147,109,79,110,84
4,472.6624203821656,9.773429299745088,97.22222222222221,594.9767441860465,137,169,112,78,110,96
5,588.3591397849463,10.302831768217223,58.916666666666664,572.3119777158774,140,184,119,75,97,108
6,1118.7123287671234,5.690950540192288,106.72222222222221,602.9379652605459,228,202,180,164,151,137
7,2232.1208053691275,1.6289152654137815,64.3611111111111,578.6153846153846,192,224,214,240,240,238
8,715.81875,1.3537117903930134,75.55555555555556,642.8141592920354,203,238,213,240,240,240
9,731.7019230769231,1.2310198761811668,86.0,689.030303030303,198,240,223,239,237,227
10,643.7558139534884,1.722936473638721,62.27777777777778,615.1186440677966,189,235,216,235,142,140
11,487.3529411764706,2.041991381681489,84.69444444444444,772.1176470588235,176,150,122,135,125,131
0,384.0,17.487872214553345,69.97222222222221,492.3466666666667,166,201,158,168,104,125
1,414.9651162790698,15.752377807133422,87.47222222222223,458.1756756756757,157,204,86,102,98,110
2,333.05194805194805,13.336976626870692,66.63888888888889,498.3956834532374,148,121,72,88,90,107
3,333.35971223021585,11.691033138401558,90.8888888888889,465.0,161,141,78,80,92,96
4,329.9874213836478,10.165809873521011,57.138888888888886,478.7037037037037,169,147,73,74,91,91
5,457.77777777777777,9.596491228070176,74.41666666666667,483.34957020057305,176,156,82,68,83,95
6,640.7060606060606,6.3736448913104535,79.33333333333333,451.41902834008096,221,193,152,109,117,145
7,1361.4006622516556,1.2503099289980837,78.16666666666667,423.5232558139535,286,222,227,216,223,227
8,512.5030674846626,1.0346260387811634,38.65277777777778,411.61290322580646,285,220,234,236,229,240
9,385.47727272727275,1.1562266964951529,63.94444444444445,430.32876712328766,202,223,229,231,222,234
10,392.64285714285717,1.1288695957204244,58.111111111111114,420.5357142857143,192,223,211,213,209,219
11,435.0769230769231,1.2891175910043837,71.0,497.4468085106383,178,220,186,194,190,198
0,306.5402298850575,16.571120012566762,66.72222222222221,391.7878787878788,182,155,172,166,185,201
1,329.6511627906977,14.738262797647742,55.62499999999999,416.1111111111111,182,135,150,140,175,120
2,356.0567375886525,12.202361782071929,58.27777777777777,399.77142857142854,173,122,122,126,154,113
3,468.8789808917197,10.346869820221855,70.01388888888889,477.5258620689655,180,107,109,118,96,103
4,417.69101123595505,9.976497581545328,68.875,411.71223021582733,205,114,108,112,92,102
5,451.1147227533461,10.47094972067039,52.66666666666668,439.23940149625935,213,135,76,84,90,118
6,573.0515267175573,6.468235889648191,59.77777777777778,399.07847533632287,175,159,103,126,143,172
7,733.6946564885496,2.3185425685425685,44.138888888888886,330.859649122807,194,216,212,191,206,213
8,550.7169811320755,1.3952784001327692,48.27777777777778,353.3095238095238,200,229,220,236,222,232
9,297.13483146067415,1.372549019607843,38.72222222222222,432.1830985915493,201,218,213,231,223,240
10,345.3835616438356,1.2658409621252917,85.77777777777777,398.03333333333336,201,197,191,212,209,228
11,258.85555555555555,1.3442082472197616,42.888888888888886,406.7464788732394,189,174,179,186,193,208
0,306.0,15.630250552689755,45.055555555555564,475.0,179,151,171,147,179,117
1,374.75531914893617,13.174653308986827,69.36111111111111,445.58666666666664,201,126,147,136,154,117
2,446.1048951048951,10.503677265844688,77.33333333333333,502.43243243243245,191,111,130,124,142,106
3,460.9244186046512,10.997245179063361,50.30555555555555,461.1818181818182,212,102,100,101,99,112
4,421.3832335329341,12.363694721825965,76.69444444444444,497.50757575757575,242,110,66,71,97,115
5,431.97772828507794,10.02359963269054,87.38888888888887,498.1914893617021,170,69,70,66,97,133
6,1125.7318718381114,7.50935797204454,52.55555555555555,457.5170068027211,193,180,97,108,163,197
7,1472.7444444444445,2.008009543285617,61.083333333333336,423.4632768361582,208,214,226,207,234,215
8,403.8541666666667,1.2397464578672632,51.388888888888886,415.8333333333333,222,216,233,213,240,217
9,403.0652173913044,1.1493397257969553,85.94444444444444,494.3972602739726,221,214,222,202,240,222
10,340.0,0.9629480647179761,50.61111111111111,475.969696969697,216,191,204,198,221,213
11,329.51020408163265,1.2137679154446348,71.22222222222223,492.95,199,171,187,177,199,130
0,261.63013698630135,19.520506468483347,82.44444444444444,378.56060606060606,145,168,180,156,98,118
1,375.7464788732394,16.490529963553804,67.05555555555556,473.6923076923077,135,146,169,148,87,112
2,390.2063492063492,13.2719193526993,71.25000000000001,448.79245283018867,114,126,159,143,76,100
3,437.2774193548387,12.360188261351052,72.44444444444444,472.7068965517241,115,104,151,165,71,82
4,441.55555555555554,11.035238095238094,72.94444444444444,496.55555555555554,110,112,142,173,84,79
5,537.2421052631579,10.669969969969973,100.61111111111113,505.64343163538877,97,114,104,179,94,78
6,1102.1023738872404,10.90952380952381,78.50000000000001,555.8004385964912,170,156,157,205,175,145
7,1683.5087719298247,2.606851674641149,63.111111111111114,468.7325581395349,279,228,209,236,200,223
8,582.577380952381,1.5958198288041219,52.77777777777778,570.6115702479339,205,238,213,240,219,222
9,481.9021739130435,1.59594907955137,90.02777777777779,538.1641791044776,202,224,207,240,223,147
10,410.8,2.179351032448378,73.75,533.5074626865671,183,199,203,160,135,137
11,471.56363636363636,2.5407252440725245,68.05555555555556,526.3877551020408,181,179,194,160,113,129
0,314.73737373737373,18.24240817506989,84.55555555555556,441.28735632183907,165,175,176,174,120,133
1,277.6588235294118,13.503748828491096,70.44444444444444,385.5147058823529,162,168,161,152,102,128
2,292.62295081967216,11.614354671876798,70.16666666666667,448.3030303030303,157,151,140,132,91,120
3,308.38235294117646,10.560224089635854,80.22222222222223,516.3310344827586,167,133,132,76,83,123
4,315.84276729559747,9.403746397694524,85.97222222222221,523.796992481203,194,134,87,75,85,119
5,365.7737843551797,8.798843930635838,81.16666666666667,490.10133333333334,206,122,83,85,79,117
6,858.5530434782609,6.232258064516129,90.16666666666667,480.359649122807,178,166,129,139,145,173
7,1277.2172413793103,2.9234654234654234,91.25,471.6318407960199,190,217,212,237,211,220
8,400.4852941176471,1.853112274578243,62.666666666666664,396.0892857142857,195,229,214,240,226,233
9,314.6528925619835,2.0007281761329567,90.27777777777777,490.41052631578947,191,227,203,232,216,228
10,343.28915662650604,1.8309760607726526,66.55555555555556,485.22727272727275,190,213,201,215,211,147
11,260.05454545454546,2.243088103638949,62.444444444444436,375.7692307692308,180,202,190,201,203,141
0,244.78313253012047,16.826912218216563,71.61111111111111,430.04411764705884,140,192,180,182,187,120
1,238.70238095238096,13.968696397941684,53.22222222222223,443.1818181818182,132,167,169,169,108,103
2,261.48295454545456,11.096489188560799,73.16666666666667,397.2091503267974,132,150,156,149,94,101
3,238.79329608938548,7.836596567561034,46.72222222222222,412.3205128205128,139,155,159,114,108,113
4,261.24873096446703,5.546365914786968,69.1111111111111,390.7628205128205,147,156,156,105,115,119
5,267.26236559139784,3.8038961038961037,62.77777777777778,453.4257425742574,155,151,125,105,111,123
6,661.9704433497537,3.7734917733089577,74.0138888888889,434.4398249452954,221,226,161,155,167,164
7,1426.4731543624162,1.8381309660884748,71.1111111111111,386.56140350877195,272,219,225,233,240,228
8,414.536312849162,1.5774197068344664,65.9861111111111,368.78472222222223,272,227,231,237,240,240
9,253.2967032967033,1.4509900180003272,50.22222222222222,466.3,188,228,230,237,239,236
10,293.02298850574715,1.1222222222222222,73.22222222222223,445.0,189,212,205,220,222,212
11,229.63636363636363,1.319762782497195,64.30555555555556,439.9019607843137,164,207,199,196,200,135
0,288.68932038834953,17.371131808232114,88.22222222222221,363.0625,161,173,200,179,190,110
1,264.90140845070425,14.727120365667853,54.05555555555555,356.40983606557376,158,154,202,161,123,97
2,279.29801324503313,11.518273761636594,59.72222222222223,410.6585365853659,132,143,175,147,105,89
3,273.97752808988764,8.4373993169663,70.22222222222223,458.15,139,138,170,108,90,94
4,253.11797752808988,5.665955934612652,68.19444444444444,448.1619718309859,156,136,158,106,85,96
5,321.855421686747,5.0458041958041955,73.77777777777777,465.8469135802469,181,152,114,85,85,98
6,1089.2969004893964,5.993726741095161,59.0,425.609756097561,254,170,170,110,140,146
7,1355.0264900662253,2.8043679580182124,60.61111111111111,387.53409090909093,284,192,220,228,229,211
8,296.91946308724835,1.7186379928315412,47.444444444444436,395.875,207,212,222,239,240,213
9,255.0,1.4032501889644746,72.27777777777779,452.2988505747126,199,214,225,236,236,213
10,253.48958333333334,1.5069775658010953,76.27777777777777,454.962962962963,191,208,206,225,223,205
11,274.62295081967216,1.5930845456462157,78.72222222222223,447.6181818181818,185,189,199,208,214,121
0,245.93333333333334,17.548928950159063,65.8611111111111,404.23728813559325,161,207,175,181,183,118
1,270.69565217391306,13.984368418589415,87.06944444444444,403.56944444444446,141,200,163,160,159,106
2,263.6578947368421,12.96755833807627,84.3611111111111,368.27131782945736,133,187,154,89,100,90
3,252.09677419354838,9.72304761904762,49.27777777777777,426.95569620253167,142,182,143,91,89,103
4,288.5571428571429,6.819337016574586,73.22222222222223,423.3032786885246,142,194,84,96,96,112
5,290.7905138339921,5.389745403111739,83.77777777777777,469.5563063063063,137,199,79,89,97,106
6,612.6914556962025,3.658090310442145,61.40277777777777,473.42323651452284,189,273,124,153,138,186
7,1407.0969899665552,1.913197453189165,66.77777777777779,426.8820224719101,277,221,217,223,219,240
8,359.29931972789115,1.092470760233918,69.83333333333334,389.6341463414634,283,236,224,230,227,240
9,299.9270833333333,1.2876011226679873,56.166666666666664,409.35897435897436,198,233,215,233,231,236
10,258.5609756097561,1.319256905833554,62.77777777777777,423.265625,182,221,213,209,215,219
11,282.10169491525426,1.6925726812464112,45.11111111111111,425.3,176,216,198,203,201,133
0,281.1111111111111,17.760514133753574,77.86111111111111,396.0769230769231,145,169,172,190,115,132
1,262.4047619047619,14.92384658143413,70.22222222222223,462.038961038961,126,161,154,118,101,111
2,268.031007751938,11.43281945871874,77.13888888888889,439.6637168141593,122,148,135,107,90,93
3,294.96590909090907,7.795878174017019,57.72222222222223,424.98692810457516,114,141,139,101,82,100
4,296.0,5.0682877406281674,63.388888888888886,450.9583333333333,119,138,155,105,90,98
5,301.4013157894737,5.492330383480827,67.44444444444444,453.18090452261305,101,148,134,113,92,90
6,828.6953846153846,6.782019704433497,47.94444444444445,424.10677618069815,149,226,189,186,161,104
7,1813.3086419753085,2.654085733422639,66.04166666666667,374.8484848484849,263,302,209,239,240,240
8,384.69135802469134,1.9101501150516815,60.01388888888889,385.61417322834643,268,229,224,240,240,240
9,294.54,1.8583255291253042,50.361111111111114,395.9634146341463,263,216,217,240,238,231
10,319.42528735632186,1.9734338538861966,50.166666666666664,396.7402597402597,170,200,199,224,227,218
11,259.22857142857146,2.03125,78.05555555555556,452.75,166,192,184,208,206,196
0,233.0326086956522,18.624199843871978,83.3611111111111,488.59302325581393,155,204,191,124,116,125
1,279.52702702702703,15.914188200877623,77.25,579.8688524590164,156,196,178,111,112,126
2,335.61224489795916,13.219241192411927,95.52777777777777,502.3893805309734,151,185,95,98,99,110
3,294.96491228070175,10.99456087026076,72.75,549.9305555555555,150,136,89,84,98,101
4,322.0511363636364,10.090529353687248,117.75000000000001,586.066225165563,166,147,86,80,114,100
5,352.4608501118568,10.145558069932111,101.44444444444444,545.04,195,163,73,80,122,88
6,1514.3004694835681,7.574193548387098,77.02777777777777,532.2417840375587,182,197,180,91,172,108
7,1304.1904761904761,2.0515425131677953,79.1111111111111,452.7386363636364,198,221,239,222,240,209
8,541.275641025641,1.126086956521739,70.66666666666667,457.8448275862069,200,231,240,232,240,237
9,299.144578313253,1.334593398487922,64.33333333333334,550.4133333333333,199,227,238,222,230,160
10,300.41237113402065,1.2991596638655463,71.52777777777777,523.1066666666667,181,216,229,206,206,152
11,333.9294117647059,1.3900093808630394,97.47222222222221,509.6060606060606,161,222,221,191,129,142
0,275.64285714285717,16.963170847545445,76.8888888888889,438.6142857142857,147,192,188,166,190,124
1,285.9887640449438,13.914391262447799,65.16666666666667,468.6233766233766,137,168,162,159,109,114
2,275.33870967741933,10.094211600816621,85.83333333333333,417.8041237113402,122,138,147,143,108,99
3,267.9056603773585,7.710288746468197,73.22222222222221,414.88652482269504,134,126,133,87,111,100
4,253.816091954023,4.458874458874459,73.44444444444444,470.4255319148936,139,124,123,88,115,104
5,273.4437869822485,4.583576642335767,68.6111111111111,450.3878504672897,151,142,65,97,121,109
6,1188.17199391172,5.071641791044775,70.125,461.12442396313367,244,212,115,162,184,155
7,1899.3018292682927,2.3366768097975137,51.05555555555555,451.07975460122697,277,240,203,216,225,240
8,371.4689265536723,1.334030340303403,65.5,435.6111111111111,203,240,224,218,230,240
9,337.80434782608694,1.0886948529411764,56.25,465.4189189189189,195,237,228,228,234,158
10,267.19736842105266,1.3253811745466788,82.63888888888889,474.97014925373134,180,231,220,209,230,153
11,232.17910447761193,1.379965367056725,74.38888888888889,527.7586206896551,169,209,201,186,217,139
0,257.7586206896552,17.87781036168133,76.69444444444444,419.8695652173913,162,175,172,171,131,119
1,297.56435643564356,15.535545769109783,62.833333333333336,386.3855421686747,159,165,155,162,108,118
2,251.0076923076923,12.491208309867968,68.50000000000001,403.625,162,152,144,100,102,101
3,270.3609467455621,8.915446511014379,55.72222222222223,487.87412587412587,157,149,133,94,95,94
4,249.3875,7.097101449275362,73.66666666666667,512.4172661870504,164,141,96,105,93,91
5,310.8776371308017,5.2661881977671445,65.80555555555556,497.59375,168,91,92,114,102,93
6,488.0741885625966,4.49190488912637,90.16666666666667,482.748502994012,245,132,135,175,160,138
7,1419.7372549019608,1.8324060023604787,73.52777777777779,488.9451219512195,197,216,216,220,240,229
8,398.8545454545455,1.6987005510321576,67.22222222222223,464.1461538461538,195,219,230,227,240,240
9,295.14285714285717,1.884041759880686,79.16666666666667,515.1325301204819,191,221,228,227,238,236
10,276.9512195121951,1.720125786163522,100.77777777777779,462.578125,191,215,208,215,230,213
11,229.04761904761904,2.320184124605256,91.55555555555556,388.06,178,198,181,200,211,131
0,267.7638888888889,17.50378787878788,76.63888888888889,439.0923076923077,155,161,183,188,118,107
1,254.39473684210526,13.961412688031395,73.66666666666667,422.031746031746,139,145,166,174,112,98
2,319.18367346938777,11.530602540588276,67.80555555555556,429.5263157894737,114,142,147,100,104,94
3,260.3954802259887,9.416531385281383,58.27777777777778,443.2647058823529,136,124,150,92,112,90
4,258.7030303030303,7.57093023255814,54.666666666666664,480.55474452554745,147,126,112,92,122,89
5,304.11154598825834,6.226760563380282,121.72222222222223,529.89448441247,160,129,108,84,137,92
6,1202.4909365558913,6.600962523039116,72.38888888888889,460.90022675736964,252,162,145,128,199,142
7,1725.4309764309764,1.981537940379404,101.41666666666667,489.21714285714285,202,213,217,222,240,218
8,284.26277372262774,1.0245421245421247,50.5,427.6810344827586,208,217,230,233,240,237
9,255.32631578947368,0.9832277144064215,81.22222222222221,437.0487804878049,195,206,223,227,229,235
10,303.5487804878049,1.1664816870144286,68.52777777777779,410.95652173913044,185,192,208,221,218,142
11,260.4920634920635,1.7050251794706954,69.3888888888889,352.4222222222222,179,184,200,205,201,129
0,250.20430107526883,17.579428784767593,48.52777777777777,410.425,142,196,193,181,131,131
1,299.25555555555553,14.670430567436554,83.97222222222223,458.32530120481925,133,175,172,102,119,134
2,238.5874125874126,12.01624215577704,80.99999999999999,479.59322033898303,120,165,157,91,110,131
3,252.09375,8.413540482505999,57.33333333333334,482.0127388535032,110,160,161,93,103,127
4,265.1294117647059,5.212806539509536,90.27777777777779,486.2720588235294,123,175,104,101,105,126
5,243.95137420718817,4.008310991957105,84.16666666666667,507.4973958333333,145,169,106,97,105,124
6,909.87171561051,3.68421052631579,82.88888888888889,471.8092105263158,216,169,171,151,155,170
7,1686.68501529052,1.736620342992312,87.8888888888889,496.97058823529414,277,232,232,236,209,238
8,390.4114285714286,1.0589080459770113,70.44444444444444,441.38775510204084,201,240,240,240,231,240
9,312.1041666666667,0.841115122342559,73.22222222222221,399.06666666666666,198,236,239,240,239,233
10,233.6315789473684,0.907386255473063,73.08333333333333,467.30379746835445,186,219,235,221,230,145
11,243.06944444444446,1.0345811051693405,72.25,458.9491525423729,161,214,222,202,220,136
0,243.8375,17.921799143265115,72.61111111111111,497.530303030303,162,202,169,191,111,120
1,290.3469387755102,14.486168303241476,83.66666666666667,492.6835443037975,142,187,164,172,93,103
2,268.5833333333333,11.945286033876638,66.1111111111111,479.23478260869564,144,165,145,108,88,95
3,266.75757575757575,8.82091242091242,90.66666666666667,530.4671532846716,141,167,134,98,87,88
4,273.43715846994536,6.158273894436521,79.3888888888889,542.8819875776397,147,158,112,97,101,86
5,259.21991701244815,5.517888823181549,119.0,548.725768321513,152,115,130,111,122,82
6,1037.6552795031057,4.552827965435977,56.05555555555555,513.0222222222222,251,167,171,174,187,122
7,1912.8969072164948,1.9834768347683478,69.66666666666667,475.83673469387753,190,228,219,238,240,240
8,448.38709677419354,1.568636950904393,79.00000000000001,479.198347107438,195,240,221,240,240,240
9,270.3085106382979,1.5123839009287925,80.8611111111111,459.9240506329114,193,240,224,240,240,155
10,268.5,1.6044402596759006,64.88888888888889,480.05479452054794,185,218,193,227,222,142
11,258.40983606557376,1.6664258188824663,86.33333333333333,479.53061224489795,180,214,182,211,123,128
0,277.6043956043956,18.956250671826293,130.4722222222222,550.5890410958904,153,175,195,104,133,126
1,279.980198019802,15.114323607427053,85.72222222222223,505.62025316455697,141,174,120,84,120,115
2,286.40816326530614,12.557366984993179,67.77777777777779,543.512,148,171,113,83,114,104
3,257.6644736842105,10.379223167088027,77.33333333333333,619.7352941176471,147,110,120,88,120,102
4,295.3,7.3663097572010265,127.55555555555559,604.6136363636364,146,109,125,88,128,102
5,280.1516314779271,5.205375139977603,98.6111111111111,620.0987951807228,138,105,134,99,138,91
6,1627.8689547581903,5.7117544433540495,86.5,583.6208955223881,164,167,201,151,193,143
7,1113.7508896797153,2.204832021663705,106.72222222222221,590.564705882353,190,226,229,222,229,217
8,280.8,1.558294623557007,111.83333333333333,623.0229007633587,195,231,238,232,237,146
9,296.81720430107526,1.343137254901961,77.80555555555556,562.2162162162163,191,231,238,222,233,157
10,273.1940298507463,1.677304964539007,98.83333333333333,606.0727272727273,179,223,230,210,145,141
11,286.484375,1.8013774104683196,107.3888888888889,565.3275862068965,165,200,210,124,137,132
0,280.4177215189873,19.886915887850463,105.19444444444444,486.1044776119403,157,187,125,129,138,120
1,334.25,15.843138500635323,127.8611111111111,629.2131147540983,143,175,114,115,129,111
2,280.7515923566879,13.079344887899506,99.97222222222223,619.015037593985,132,96,102,102,127,103
3,297.3241758241758,10.382496940024481,126.75,629.8933333333333,134,98,113,98,135,110
4,289.4310344827586,7.440568475452196,91.25,622.9295774647887,104,106,114,110,137,117
5,303.99203187251,5.650826765569464,101.66666666666667,673.5311720698254,103,118,122,121,151,104
6,1743.242928452579,5.078102316938622,132.16666666666666,691.9512195121952,158,183,182,161,216,113
7,1639.7120743034056,1.8578005115089515,124.30555555555556,676.0552147239264,196,216,240,225,240,148
8,362.1111111111111,1.3603181076672104,113.97222222222223,597.4603174603175,199,227,240,240,160,160
9,259.4831460674157,1.2616769547325102,89.83333333333333,606.5890410958904,189,234,238,240,160,154
10,295.5492957746479,1.515264797507788,92.5,674.6229508196722,179,221,225,146,151,148
11,292.59722222222223,1.3778669341357408,111.5,790.8076923076923,169,208,205,137,142,136
0,303.92134831460675,18.787804878048778,132.0,596.4383561643835,152,187,121,117,127,116
1,286.70212765957444,14.84737876802097,118.22222222222223,632.6142857142858,125,180,109,117,120,112
2,305.0134228187919,13.06649472072217,125.19444444444446,600.8549618320611,118,102,105,115,119,94
3,293.20304568527916,9.641691217453618,107.3888888888889,578.9263803680982,140,88,103,118,118,94
4,292.93959731543623,7.682202700504311,99.8888888888889,657.6746031746031,123,94,103,125,130,108
5,319.125,6.923701559736292,108.91666666666667,651.3984771573604,121,90,110,119,135,116
6,1630.3595679012346,5.5056022408963585,87.75,624.7032640949554,167,172,175,188,186,183
7,1353.9676258992806,1.5677648907166957,96.8611111111111,623.3566878980891,200,216,240,228,229,160
8,573.7591240875912,1.3620884773662552,91.8888888888889,605.7232142857143,201,221,239,234,160,160
9,294.15294117647056,1.7263471177944862,115.88888888888887,681.4714285714285,199,213,239,234,159,153
10,292.03370786516854,1.5264631043257004,113.30555555555556,643.8695652173913,192,197,219,144,157,139
11,309.88461538461536,1.0513457556935815,110.6111111111111,632.7868852459017,178,202,192,128,136,130
0,278.6542056074766,19.907389162561575,110.27777777777779,650.4468085106383,150,190,124,116,117,115
1,306.5151515151515,15.256410256410257,102.38888888888887,587.685393258427,156,179,126,109,108,102
2,311.16279069767444,11.436996904024767,115.80555555555556,565.7064220183486,151,105,111,105,108,100
3,297.7037037037037,9.043357291908181,89.69444444444446,645.1627906976744,148,110,108,105,118,92
4,309.13291139240505,8.004771642808452,126.6111111111111,645.6976744186046,103,119,111,107,122,90
5,355.3399602385686,6.9493392070484585,144.77777777777777,630.2118226600985,109,125,120,115,117,95
6,1548.1790017211704,6.990176352231034,88.0,705.1341107871721,174,186,195,171,173,95
7,1769.5743944636679,1.7461641867148754,138.80555555555557,708.1059602649007,197,225,216,233,240,158
8,334.1,1.5596991701244813,104.61111111111113,631.91,198,231,221,235,160,160
9,320.4886363636364,1.4579037800687284,123.8888888888889,572.9166666666666,186,230,220,223,153,152
10,316.08235294117645,2.0091056910569107,149.88888888888889,518.1666666666666,175,220,213,137,146,134
11,306.17808219178085,2.392827004219409,70.11111111111111,588.3962264150944,157,203,211,125,130,122
0,297.9,16.800248840628893,84.27777777777779,520.5375,155,162,181,127,109,108
1,288.5204081632653,14.668681318681317,115.27777777777779,684.6913580246913,144,141,120,131,97,95
2,278.3134328358209,12.506988259723665,100.8611111111111,517.2695652173913,144,92,108,127,94,94
3,290.8051948051948,8.584690425615609,100.58333333333333,579.2857142857143,144,97,112,121,97,98
4,295.03508771929825,6.932859399684045,87.58333333333333,639.1503759398496,105,115,112,114,91,96
5,346.744769874477,5.3733696549446925,121.8611111111111,636.9194805194805,122,120,117,110,96,108
6,1752.950819672131,5.562745098039216,124.05555555555556,686.5122615803815,179,179,186,160,140,116
7,1794.6990595611285,1.590576995129262,107.66666666666667,631.189349112426,211,205,230,232,220,158
8,317.73770491803276,0.6784257748776509,121.5,628.7924528301887,217,223,240,240,146,160
9,280.5529411764706,0.7449494949494949,110.0,608.8513513513514,209,222,228,240,142,147
10,255.98701298701297,0.7646925858951176,113.38888888888887,607.7777777777778,197,201,216,227,129,136
11,300.33898305084745,0.8111493123772102,122.11111111111113,628.1136363636364,177,176,207,217,122,119
0,336.64102564102564,17.683552853765622,105.27777777777779,481.9047619047619,156,171,193,104,117,105
1,292.19354838709677,15.356022408963582,78.1388888888889,515.6588235294117,147,159,128,93,94,93
2,322.6969696969697,11.311514683153012,119.52777777777779,547.3571428571429,135,150,112,87,86,77
3,292.95454545454544,9.454608514696957,102.05555555555556,598.9875,133,111,115,88,85,75
4,288.09375,7.532398021247264,101.1388888888889,540.4705882352941,144,122,115,96,93,79
5,314.9238095238095,5.88540775868771,111.25,594.8591885441527,156,121,114,103,103,80
6,1841.2057142857143,5.707748394819894,112.55555555555554,587.021563342318,181,191,176,170,156,147
7,1233.5536332179931,1.6775426493893912,90.86111111111113,572.2134831460675,202,238,221,228,240,133
8,361.4236111111111,1.0323708751793403,80.61111111111111,497.7027027027027,203,240,240,240,240,149
9,307.41975308641975,0.9406354515050167,71.72222222222221,512.765625,203,232,229,230,159,143
10,310.2741935483871,1.198905109489051,98.19444444444446,569.9245283018868,176,218,217,209,147,129
11,287.2835820895522,1.1130952380952381,101.11111111111113,560.2978723404256,168,194,205,185,137,119
0,250.4,18.903654485049834,102.8611111111111,453.92957746478874,161,193,190,114,123,122
1,270.2837837837838,14.978571428571428,107.3611111111111,536.0645161290323,147,185,167,105,117,119
2,287.4782608695652,12.161203319502077,107.52777777777777,502.6666666666667,139,161,113,100,103,107
3,273.2215568862275,9.552421652421653,76.16666666666667,536.6136363636364,137,155,113,102,95,100
4,262.9183673469388,7.1068484464172474,103.19444444444444,528.9224137931035,146,111,104,95,101,107
5,264.0085836909871,4.168452568547117,96.1111111111111,559.4869791666666,146,97,109,109,94,113
6,759.4897959183673,2.965591397849462,74.33333333333333,508.9975845410628,138,145,152,161,146,188
7,929.7898305084746,2.1180715688786407,80.97222222222221,516.1875,184,214,218,217,231,237
8,348.2972972972973,1.4662394140535586,50.638888888888886,449.4793388429752,195,231,227,232,240,160
9,282.2258064516129,1.6463153981971939,70.44444444444444,476.253164556962,192,235,222,227,234,156
10,239.86363636363637,1.808303886925795,107.83333333333333,575.1754385964912,184,227,217,211,147,146
11,274.5903614457831,1.64913012392755,83.41666666666667,533.7777777777778,173,215,199,192,142,128
0,238.80898876404495,18.336262067469356,60.333333333333336,477.7375,144,172,177,133,121,131
1,260.27472527472526,14.469926338379446,81.22222222222221,588.0666666666667,127,167,166,125,117,119
2,273.5448275862069,13.380499325236167,85.55555555555556,526.6902654867257,119,159,120,117,111,115
3,257.4488636363636,10.17344827586207,112.69444444444444,585.6071428571429,121,151,115,116,105,117
4,272.20710059171597,7.386096256684494,121.5,555.1958041958042,142,151,117,106,114,118
5,283.3703703703704,4.628335544744212,76.72222222222223,562.40625,147,110,112,114,123,108
6,1702.9098228663447,5.139366900361164,80.55555555555556,533.25,162,172,165,180,184,183
7,1221.6508474576272,2.5038051750380514,86.8611111111111,543.7942857142857,193,212,237,219,240,213
8,390.05298013245033,1.4041240909509345,109.19444444444446,513.0975609756098,201,220,240,227,240,150
9,269.82474226804123,1.6537708585811504,89.55555555555556,523.5769230769231,197,217,236,223,240,149
10,285.8313253012048,1.8392457475380484,76.16666666666667,517.9444444444445,186,204,224,214,147,142
11,308.3333333333333,1.371517941454202,82.30555555555556,550.4,178,197,204,204,140,136
0,273.5104166666667,18.034992784992784,53.22222222222223,463.7471264367816,165,191,186,212,134,120
1,258.8333333333333,15.53447619047619,86.47222222222223,500.04411764705884,161,178,170,132,125,109
2,264.6142857142857,11.596873864049435,89.47222222222221,549.591304347826,141,159,164,113,106,103
3,255.0310559006211,9.247486033519554,76.72222222222223,507.00704225352115,141,149,114,110,104,98
4,242.75263157894736,6.96027397260274,95.66666666666667,550.3086419753087,147,141,108,120,118,96
5,260.22685185185185,5.774027459954234,115.58333333333333,531.4589235127479,145,120,106,129,129,107
6,1051.4907407407406,4.089918674236612,96.16666666666667,505.1387024608501,210,175,143,164,173,164
7,1703.049853372434,1.904684504459448,79.91666666666667,450.31382978723406,201,217,210,225,240,240
8,591.685393258427,0.9907743131093387,101.3888888888889,508.4896551724138,204,236,225,234,240,240
9,295.8901098901099,1.145878721859114,55.69444444444445,461.56410256410254,202,240,223,238,233,160
10,233.22105263157894,0.9790256459147676,81.0,438.2307692307692,190,228,210,234,224,148
11,274.74074074074076,0.9465846366145354,76.77777777777777,484.55555555555554,178,211,206,218,138,136
0,254.97752808988764,17.273491214667686,68.58333333333333,448.7857142857143,154,198,170,189,122,119
1,285.59574468085106,13.387670909948138,71.16666666666667,455.71084337349396,146,185,150,115,106,106
2,276.25454545454545,10.156353450471098,74.47222222222223,489.5931034482759,143,160,139,106,102,98
3,241.325,8.424309392265194,105.08333333333333,470.97972972972974,154,160,97,98,104,111
4,242.8131868131868,5.976514131897712,65.66666666666667,480.32026143790847,170,154,100,102,108,109
5,267.8701030927835,4.3991367861885795,89.5,496.29473684210524,168,155,99,108,107,116
6,846.8196457326892,3.429255617261935,90.33333333333333,500.8778280542986,238,167,155,165,142,166
7,1172.0099667774086,1.2879615830435502,69.30555555555556,480.1507537688442,204,224,225,238,220,231
8,311.4256756756757,0.667342718523821,90.66666666666667,444.40157480314963,209,235,233,240,240,240
9,279.7142857142857,0.8039674886347982,82.94444444444444,491.27472527472526,195,231,235,230,237,153
10,274.2352941176471,0.8714632960622266,75.72222222222221,413.67241379310343,179,228,222,224,218,139
11,240.08064516129033,0.9980487228003785,66.94444444444444,452.921568627451,165,217,199,209,143,124
0,265.39506172839504,18.245173383317713,70.83333333333333,428.7464788732394,167,188,183,192,125,115
1,324.86516853932585,16.39621781727045,110.33333333333333,537.4027777777778,153,176,173,111,120,103
2,269.75,12.218121869253697,105.5,512.1260504201681,142,160,151,97,106,95
3,265.94444444444446,8.131671554252202,86.52777777777779,524.6940298507462,137,150,105,91,102,97
4,279.4047619047619,6.098270893371757,86.5,521.6541353383459,146,152,102,87,100,107
5,275.3405639913232,4.073901568079491,94.5,545.4878706199461,152,119,101,88,100,118
6,692.3270868824532,4.191903259726603,61.111111111111114,542.2748267898384,145,182,161,151,133,179
7,1640.9770491803279,2.255150287065181,90.63888888888887,522.3076923076923,192,230,213,226,218,237
8,447.4155844155844,1.9306871216672061,92.11111111111113,541.0081300813008,193,240,222,237,221,160
9,284.6195652173913,1.8289863115057343,85.1388888888889,454.2,192,230,224,240,227,159
10,282.21176470588233,1.788410301953819,46.02777777777777,479.86486486486484,177,215,216,230,135,153
11,271.9375,1.7537593984962405,97.47222222222223,545.4897959183673,172,206,199,222,131,134
0,274.73148148148147,18.423686047135877,63.361111111111114,552.8247422680413,157,188,171,118,124,129
1,249.37209302325581,14.992687280474462,121.8611111111111,535.072463768116,146,180,151,109,120,121
2,260.9527027027027,11.706010928961746,112.61111111111113,514.3984375,126,161,116,103,120,106
3,264.9884393063584,8.73879781420765,86.8888888888889,507.9103448275862,137,161,114,101,112,107
4,274.34517766497464,6.774666666666667,104.94444444444444,550.8157894736842,137,174,120,100,121,98
5,303.5080971659919,5.679406570116567,94.25,520.1156626506024,132,142,130,104,128,109
6,1062.5244299674266,3.87461572244181,95.94444444444446,537.9057971014493,140,177,190,163,184,158
7,1916.4473684210527,1.613717823395243,73.3888888888889,491.50331125827813,193,234,231,226,240,240
8,364.44520547945206,1.1949091563230798,54.944444444444436,514.9830508474577,199,237,236,236,240,160
9,291.16,1.3748807631160571,58.694444444444436,497.6296296296296,196,235,233,235,237,159
10,273.57971014492756,1.408508028545941,101.33333333333333,501.7457627118644,173,222,216,210,145,155
11,261.9756097560976,1.292549261083744,91.02777777777779,497.3174603174603,162,206,188,197,130,132
0,242.03092783505156,18.4062802868773,75.08333333333333,421.48809523809524,141,173,188,187,136,113
1,225.42045454545453,14.180191173479765,86.05555555555556,461.9605263157895,136,165,182,181,123,107
2,255.12213740458014,11.238477720405431,88.8888888888889,481.1636363636364,123,149,162,108,112,93
3,251.683908045977,8.173231432490692,73.38888888888889,457.0863309352518,127,136,161,106,107,92
4,273.1585365853659,5.428488372093024,81.16666666666667,512.1666666666666,130,128,103,118,105,104
5,259.39039665970773,4.276068376068376,86.77777777777779,458.1105769230769,137,136,91,116,106,116
6,1086.2930513595165,3.998955722639932,48.55555555555555,435.13800904977376,207,158,140,154,164,185
7,907.8888888888889,2.1994857834240773,68.77777777777777,472.2880434782609,277,207,223,216,229,240
8,357.6991869918699,1.81954763084035,65.38888888888889,507.33663366336634,196,215,237,221,237,240
9,278.7950819672131,2.0426556587547298,88.33333333333333,495.76666666666665,181,202,231,222,229,227
10,251.8,2.1322906808786173,79.66666666666667,388.5833333333333,171,197,227,218,225,143
11,274.96153846153845,2.3523017902813295,54.11111111111111,452.5483870967742,158,188,213,207,214,124
0,254.58,17.69853709508882,96.77777777777779,516.1325301204819,156,181,170,199,124,127
1,271.375,14.886162464985997,110.19444444444444,515.4705882352941,159,173,151,132,114,121
2,249.03100775193798,12.14263301500682,95.61111111111113,531.9029126213592,148,154,93,120,106,112
3,304.61309523809524,8.175280898876405,103.44444444444444,472.22758620689655,148,143,99,112,107,103
4,292.11042944785277,6.0824137931034485,83.13888888888889,505.5149253731343,156,152,104,104,104,105
5,256.3104925053533,4.908842711967239,102.8888888888889,524.1921052631579,153,97,116,107,114,107
6,946.1505847953216,4.29422084623323,70.44444444444444,524.8995726495726,218,135,165,160,197,145
7,981.7735849056604,1.6233292332923328,59.69444444444445,493.9015544041451,199,230,212,234,240,240
8,456.2151162790698,0.9772708987046422,85.0,520.2867132867133,205,235,223,238,240,240
9,273.0111111111111,1.2770515613652869,100.55555555555554,512.4444444444445,201,237,221,238,239,160
10,295.5813953488372,1.4280973451327434,53.52777777777778,459.73972602739724,193,223,196,222,146,150
11,281.6666666666667,1.7215800762631077,78.69444444444444,571.1470588235294,181,200,173,213,140,142
0,273.4059405940594,16.168279625244516,105.30555555555556,523.9879518072289,149,157,175,171,111,120
1,231.9099099099099,13.652733915412721,78.02777777777779,470.89690721649487,133,143,170,105,107,111
2,265.7132867132867,10.356462585034015,92.30555555555554,491.4086956521739,130,141,165,104,91,104
3,266.84864864864863,7.468262150220912,78.5,523.5131578947369,142,139,110,103,86,99
4,270.7,6.076457519344213,102.69444444444446,509.4496124031008,155,117,119,94,98,104
5,293.9240506329114,4.402903811252268,78.33333333333333,512.1037974683544,157,121,122,86,101,109
6,988.6712962962963,3.9423534775340654,47.72222222222222,521.628701594533,218,176,170,113,182,180
7,2203.106918238994,1.6724623282000335,78.41666666666667,531.6351351351351,199,223,222,218,240,240
8,413.7655172413793,1.064239915591267,92.16666666666667,486.72727272727275,204,233,226,226,240,240
9,262.6326530612245,1.445793297398641,90.36111111111113,477.37179487179486,191,226,223,223,237,155
10,289.890243902439,1.6687673450508789,86.08333333333333,517.3768115942029,185,202,211,199,141,143
11,288.4516129032258,1.4528443113772456,75.94444444444444,524.1372549019608,169,183,195,196,130,129
0,258.83,17.773784355179703,89.8611111111111,580.0379746835443,160,180,171,193,120,122
1,251.39795918367346,14.479177436957896,104.05555555555554,575.8658536585366,154,175,165,119,107,109
2,295.3642857142857,11.56341463414634,109.25,546.4166666666666,145,162,101,115,109,106
3,278.7823529411765,8.859902370990236,97.05555555555556,546.6857142857143,144,153,92,118,104,106
4,276.92857142857144,6.298195914715968,91.25,565.3648648648649,147,122,95,125,110,107
5,274.2468619246862,4.405589445311391,99.6388888888889,564.4086294416244,150,125,106,137,109,115
6,1302.166409861325,3.4130434782608696,96.52777777777777,543.8740920096852,135,198,168,178,183,173
7,1599.358064516129,1.3892955913453717,73.22222222222223,500.39354838709676,197,226,234,229,240,240
8,537.4662576687117,0.934545943282111,85.86111111111113,543.3308270676691,204,235,240,234,240,160
9,270.35714285714283,1.0779346060113728,89.94444444444444,562.0126582278481,201,235,240,239,158,158
10,344.025,1.1396804835924006,66.30555555555556,495.1470588235294,192,209,232,232,141,152
11,237.55072463768116,1.2534559512652297,101.8611111111111,462.46153846153845,184,195,206,218,129,135
0,300.02803738317755,17.29367903745128,72.8888888888889,492.4761904761905,143,173,176,118,120,113
1,282.8837209302326,13.697722567287787,86.44444444444444,524.5846153846154,145,173,164,110,103,110
2,286.4533333333333,11.02797619047619,88.19444444444446,620.728,145,155,95,95,93,89
3,284.9888268156425,7.860186513629842,101.77777777777777,571.513698630137,140,161,105,94,103,94
4,270.5766871165644,5.803793129712848,100.52777777777777,548.7810218978102,144,120,117,102,105,103
5,310.2097087378641,4.537913822212435,87.27777777777779,541.4075,136,124,137,104,113,103
6,1391.4091627172195,4.344187787402417,103.66666666666667,576.6276041666666,133,171,200,181,179,175
7,1985.7910863509749,2.014947683109118,103.5,524.422619047619,190,221,224,229,234,240
8,371.5,1.389261442909222,99.94444444444446,506.8582677165354,196,237,240,234,240,160
9,252.5,1.5576470588235294,110.61111111111113,497.28985507246375,194,231,231,226,237,156
10,284.24242424242425,1.7426739926739927,65.16666666666667,522.4107142857143,176,209,213,213,141,140
11,269.5466666666667,1.4747650036153293,113.1388888888889,573.1935483870968,163,187,186,132,128,126
0,295.2289156626506,19.375152625152626,85.94444444444446,558.6712328767123,168,208,169,125,135,131
1,283.5348837209302,15.982633053221287,87.25,532.1538461538462,151,190,148,118,122,121
2,292.541935483871,13.382967032967034,99.8611111111111,562.7835820895523,142,163,89,113,105,116
3,273.3641975308642,10.539026063100136,79.25,598.4931506849315,130,157,95,114,115,118
4,291.1142857142857,8.423279637740329,112.05555555555556,580.577922077922,134,123,97,108,118,129
5,283.1521739130435,5.135317402140449,133.30555555555554,587.1754807692307,128,133,113,96,120,128
6,1621.1953010279,4.466869074251625,96.94444444444446,587.8275862068965,149,191,177,152,178,196
7,1982.4512195121952,1.1143790849673203,69.55555555555556,510.3963414634146,204,237,219,237,240,240
8,578.9425287356322,0.880518899575039,100.27777777777779,477.5531914893617,206,240,229,240,240,160
9,316.54954954954957,0.8437232364210051,95.47222222222221,564.8888888888889,198,240,230,240,240,157
10,269.6829268292683,1.0800495262704566,87.27777777777779,566.0,183,232,211,224,156,155
11,256.13698630136986,1.3623831775700934,101.52777777777777,524.1525423728814,180,221,183,203,146,137
0,263.02941176470586,18.96370598069352,66.55555555555556,544.1,165,171,166,107,128,146
1,264.4673913043478,16.25775125775126,92.1388888888889,506.30555555555554,154,157,158,97,111,137
2,282.54477611940297,14.170112517580872,97.05555555555556,539.1206896551724,152,143,97,92,101,126
3,285.7396449704142,10.137769784172663,77.97222222222223,518.6712328767123,153,140,95,83,101,123
4,275.630303030303,7.462729221243155,98.58333333333333,540.8880597014926,154,86,102,85,119,117
5,287.6724470134875,5.166118421052631,115.91666666666664,554.0216346153846,151,92,110,102,130,119
6,1622.7640791476408,4.160921409214091,86.05555555555554,560.6106870229007,164,157,162,180,192,170
7,1852.2477611940299,1.8069568084404881,75.16666666666667,559.6107784431138,195,233,224,216,240,240
8,333.63870967741934,1.1562146764931953,94.22222222222221,549.1869918699186,203,240,236,222,240,160
9,304.0495049504951,1.2943986511802177,105.38888888888887,578.3924050632911,188,230,229,218,237,154
10,261.04285714285714,1.42921146953405,95.52777777777777,506.64912280701753,187,222,203,209,140,155
11,298.2985074626866,1.732074569789675,92.58333333333333,545.6041666666666,178,201,191,192,135,149
0,289.1222222222222,17.670694284618335,74.47222222222223,462.56944444444446,174,183,167,196,108,120
1,289.4415584415584,15.468708311582853,69.38888888888889,486.203125,160,177,156,122,95,111
2,261.5064935064935,12.369740139823246,84.77777777777777,461.4186046511628,149,154,139,104,80,96
3,283.33986928104576,10.663888888888888,93.52777777777777,502.8421052631579,176,159,102,100,89,94
4,257.4124293785311,6.832183908045978,69.83333333333333,475.54794520547944,167,137,99,107,89,97
5,258.3442265795207,5.478136428685004,87.77777777777779,519.7049608355092,189,99,85,102,93,94
6,544.0049668874173,3.468138537197865,86.0,487.8888888888889,245,157,122,166,155,161
7,1634.945945945946,1.4155161078237997,54.166666666666664,476.5325443786982,203,232,211,234,237,235
8,309.1768292682927,1.0128452151573537,79.77777777777777,498.70866141732284,210,240,214,240,240,240
9,298.1,0.836456637991165,109.25,461.7733333333333,208,230,216,231,222,158
10,307.6666666666667,0.9324983975149155,76.27777777777777,432.42105263157896,206,214,208,220,205,140
11,249.5,1.2690839694656488,78.00000000000001,486.42105263157896,195,202,190,212,118,131
0,297.0879120879121,17.599312600476747,50.38888888888889,485.8,145,184,174,120,124,112
1,245.97727272727272,14.906351168403082,99.41666666666667,431.8169014084507,140,166,161,119,116,107
2,260.48387096774195,11.363400576368877,79.08333333333333,509.3274336283186,131,156,103,103,105,96
3,291.65562913907286,8.288130563798221,112.52777777777779,541.0901639344262,129,147,93,106,102,97
4,265.99397590361446,6.123839009287926,95.75,550.056338028169,132,94,104,108,98,110
5,271.7291242362526,4.484979572218215,84.19444444444444,572.1021377672209,130,100,104,117,89,117
6,790.299173553719,3.636164669098489,84.0,540.3592017738359,206,173,152,167,128,184
7,1556.3754385964912,1.6417033773861966,77.55555555555556,538.9798657718121,195,222,240,240,225,240
8,309.89130434782606,1.7236954278278815,89.13888888888887,591.1651376146789,191,240,240,240,240,160
9,261.0,1.5136139763962457,97.22222222222223,511.86301369863014,187,232,237,233,230,147
10,264.1511627906977,1.2896788990825687,109.58333333333333,451.6666666666667,184,213,206,210,144,133
11,275.2741935483871,1.2924710424710424,81.24999999999999,439.9047619047619,166,202,194,209,137,128
0,255.96629213483146,16.573122529644266,90.6111111111111,415.7866666666667,160,170,175,169,122,124
1,269.0879120879121,13.490430622009569,72.61111111111111,475.73972602739724,149,159,163,152,107,106
2,268.25,11.87527395895597,77.41666666666667,461.58196721311475,133,137,146,100,106,95
3,274.8050314465409,8.509293924466336,74.33333333333333,500.56390977443607,143,134,141,102,105,100
4,265.3170731707317,6.318075801749271,108.02777777777779,486.09090909090907,135,138,100,106,104,103
5,255.8201581027668,4.939842632331902,76.94444444444444,459.6094527363184,135,136,100,106,104,118
6,1079.86,5.070915239906997,58.66666666666668,475.03097345132744,209,157,161,157,148,164
7,1543.0762195121952,2.0113675116517,71.94444444444444,415.49732620320856,277,213,214,225,227,233
8,338.3712121212121,1.164459161147903,54.77777777777777,437.67543859649123,203,227,222,233,234,240
9,277.57,1.2853363567649283,63.61111111111111,412.1666666666667,199,229,217,219,234,225
10,259.93617021276594,1.0377645033917182,71.69444444444444,480.0506329113924,188,208,204,198,226,138
11,246.83076923076922,1.074837194405893,77.05555555555556,470.9387755102041,183,203,191,183,204,138
0,236.9247311827957,17.335291023842924,76.13888888888889,429.3974358974359,161,153,188,182,181,127
1,263.03921568627453,14.754916091835685,83.94444444444444,403.9759036144578,155,143,175,163,125,122
2,239.74096385542168,11.448988664147588,86.0,426.037037037037,139,146,157,153,120,103
3,236.61016949152543,7.190728811418464,70.05555555555556,444.6645962732919,136,144,148,101,117,108
4,265.27152317880797,5.038881607688947,51.5,430.04918032786884,141,143,151,100,112,116
5,254.9323467230444,3.154895104895105,59.166666666666664,468.79611650485435,140,144,105,104,110,112
6,620.6,2.215876777251185,90.83333333333333,467.3792415169661,202,226,145,153,170,159
7,1426.875,1.1425192193968068,48.611111111111114,401.1864406779661,290,218,218,228,240,230
8,366.6,0.5348001150417026,70.31944444444444,457.28688524590166,297,231,223,233,240,240
9,286.2608695652174,0.7309941520467836,64.33333333333333,416.0,209,227,228,228,236,240
10,287.65277777777777,0.7571028936095814,53.444444444444436,377.35483870967744,196,213,215,207,212,228
11,272.125,1.687069666576308,63.5,425.0740740740741,175,176,198,197,202,137
0,260.4387755102041,16.180004414036635,49.25,383.0561797752809,152,173,175,186,173,126
1,276.90588235294115,13.301527614571093,54.77777777777778,420.9,147,158,163,174,162,121
2,249.4640522875817,11.043743583894148,62.22222222222222,413.1085271317829,143,144,145,155,104,106
3,231.44171779141104,8.008876444656261,64.16666666666667,406.7142857142857,134,133,144,152,104,96
4,253.96296296296296,5.912653825575172,82.6111111111111,388.58522727272725,132,132,143,104,108,93
5,255.67142857142858,4.456615847920195,75.80555555555556,415.3595238095238,138,138,147,95,133,108
6,688.4276827371696,3.8349482596425206,57.26388888888889,391.0695296523517,206,215,147,131,207,157
7,1195.6077170418007,1.6143192488262912,55.291666666666664,352.2291666666667,280,308,219,208,236,240
8,231.89473684210526,1.0754107874786898,40.72222222222222,353.56716417910445,285,240,225,221,240,240
9,236.10377358490567,0.9950504401707788,76.09722222222221,435.1666666666667,267,228,215,210,236,237
10,227.94174757281553,0.9239482200647249,49.888888888888886,390.0,177,211,202,213,214,219
11,251.95454545454547,0.9589619508492268,62.22222222222223,363.1132075471698,166,193,200,203,203,206
0,250.07,17.088835739301274,49.5,363.4942528735632,157,176,187,181,189,128
1,244.14893617021278,13.143368189323061,53.125,410.8783783783784,157,152,172,165,177,125
2,269.34453781512605,10.125715594229447,65.11111111111111,380.6732673267327,150,126,158,142,107,111
3,261.23118279569894,7.6514328063241095,42.916666666666664,391.27814569536423,143,121,140,134,96,102
4,269.74342105263156,5.120550323916382,92.7638888888889,411.6363636363636,139,120,143,97,110,104
5,237.934,3.1590678824721374,59.125,405.1322505800464,133,125,133,93,107,114
6,508.9657228017884,2.7842315369261477,60.94444444444445,384.78849721706865,201,174,150,154,175,148
7,1178.7435158501441,1.3270207080828327,41.31944444444444,334.1714285714286,282,304,227,222,240,222
8,314.9760479041916,0.7055069553993978,40.30555555555556,352.5174825174825,288,232,237,240,240,231
9,220.64285714285714,0.8739155581260842,56.48611111111111,368.23943661971833,283,234,235,231,240,233
10,236.5595238095238,1.0030888366831985,57.0,378.6056338028169,191,211,220,212,221,222
11,254.31428571428572,1.2422748191978963,46.61111111111111,344.31666666666666,175,194,199,201,204,210
0,242.40404040404042,16.064500941619585,55.444444444444436,264.42857142857144,165,157,189,182,192,177
1,241.86046511627907,13.675880809595203,34.263888888888886,306.57894736842104,152,144,176,163,179,114
2,233.51234567901236,11.00589801137847,47.75,384.71942446043164,133,139,156,140,160,105
3,263.5919540229885,8.579009995240362,58.23611111111112,385.6887417218543,132,141,140,141,109,101
4,238.64417177914112,7.083916083916084,43.833333333333336,347.515625,125,152,133,149,107,114
5,232.94142259414227,4.655500821018062,63.86111111111112,368.24528301886795,135,152,121,110,96,111
6,406.1276923076923,2.7245190339746217,58.40277777777777,336.43155893536124,193,193,178,154,154,175
7,1410.3510971786834,1.7202702702702701,16.38888888888889,279.6307692307692,270,286,227,226,237,234
8,373.37106918238993,1.1231770833333334,37.72222222222222,302.06060606060606,284,295,240,237,240,240
9,237.48598130841123,1.3304130579613593,27.555555555555557,315.0344827586207,276,288,236,228,240,233
10,257.5176470588235,1.3418497700562084,50.375,385.8805970149254,254,198,228,218,225,216
11,252.58333333333334,1.3664212215614087,56.5,277.7647058823529,179,176,211,201,216,194
0,240.5681818181818,17.241933348046786,45.5,353.2837837837838,152,190,164,195,163,121
1,259.2470588235294,14.198030266634635,54.61111111111111,384.375,130,173,153,185,152,112
2,231.26,11.527154197991692,75.31944444444444,381.83870967741933,119,167,140,168,140,93
3,282.48447204968943,9.335309617918313,70.08333333333333,385.05,112,163,141,146,90,107
4,245.16867469879517,6.655480033984705,68.36111111111111,375.8776978417266,115,160,140,130,97,107
5,244.01006036217305,4.707770837531063,88.66666666666667,399.34498834498834,126,167,131,87,88,110
6,392.23064250411863,4.178156312625251,34.0,347.508,199,243,122,148,113,173
7,1321.6158940397352,2.8818276580959,25.61111111111111,316.8826815642458,264,311,189,232,205,238
8,338.50967741935483,2.189473684210526,30.416666666666668,330.6585365853659,279,237,204,237,213,240
9,246.21428571428572,2.3030280148002715,47.805555555555564,369.1604938271605,274,239,204,238,208,231
10,218.0483870967742,2.4638933909598415,27.0,341.98214285714283,189,220,196,226,193,210
11,283.2191780821918,2.275440646606291,38.77777777777778,379.36206896551727,167,205,181,213,178,197
0,281.9220779220779,17.213724463069667,37.63888888888889,358.53731343283584,136,182,186,177,201,114
1,249.74074074074073,14.226797197427775,78.29166666666667,341.31868131868134,138,155,171,159,184,99
2,252.62937062937064,11.89397643920871,50.22222222222222,333.7317073170732,133,167,149,147,129,93
3,247.16042780748663,8.251734681876984,64.5,391.25342465753425,135,160,141,138,105,94
4,248.36756756756756,6.64620228256592,64.16666666666667,370.1111111111111,136,154,143,100,107,86
5,249.78854625550662,4.3676866278705955,41.319444444444436,388.8267716535433,144,162,151,97,113,94
6,388.75333333333333,3.4221774193548384,66.04166666666667,391.7352941176471,194,223,143,144,143,145
7,1258.2091503267975,2.0199232379623164,38.791666666666664,331.5602094240838,247,291,227,216,218,234
8,242.44516129032257,1.2866068803293147,40.11111111111111,337.0751879699248,282,218,236,225,231,240
9,229.31521739130434,1.1179802678470945,54.65277777777778,389.4029850746269,274,211,235,222,229,232
10,245.15584415584416,1.2590059890944847,37.0,395.89230769230767,168,203,223,215,218,216
11,231.1818181818182,1.6293719806763287,75.61111111111111,358.4193548387097,147,194,202,199,211,197
0,241.10638297872342,15.785968660968662,36.27777777777778,329.7142857142857,140,164,187,183,191,188
1,255.9718309859155,13.185924914032695,61.208333333333336,363.609375,122,161,165,175,175,125
2,230.84459459459458,10.592091958916502,49.77777777777778,350.14516129032256,110,137,149,148,157,116
3,242.76756756756757,7.297727272727274,59.375,394.55974842767296,118,133,142,134,90,103
4,229.1658031088083,4.54895104895105,72.19444444444444,366.62893081761007,137,135,136,139,98,96
5,237.35849056603774,4.00348432055749,71.65277777777779,376.9890590809628,150,151,137,99,95,106
6,828.286350148368,4.391469471224071,43.05555555555555,339.7557894736842,225,221,210,137,156,192
7,1290.9701986754967,1.7588650100738745,41.27777777777778,330.5491329479769,284,285,227,236,217,240
8,284.6335403726708,1.2196369636963698,38.52777777777778,337.78512396694214,292,286,230,240,227,240
9,260.56481481481484,0.8977607655502391,36.55555555555556,344.1111111111111,283,204,226,220,213,229
10,248.28378378378378,1.140032284100081,47.44444444444445,350.64516129032256,181,205,222,204,212,215
11,215.0810810810811,1.0948051948051947,54.72222222222222,349.0625,161,190,206,192,201,205
0,239.6326530612245,16.74001956077176,54.416666666666664,365.78823529411767,146,180,179,161,178,134
1,238.61290322580646,13.84001921691088,50.34722222222223,382.8452380952381,134,161,168,149,155,138
2,263.9310344827586,12.76010101010101,61.0,387.9763779527559,122,157,156,125,101,131
3,246.79661016949152,9.704076850984068,59.5,431.44444444444446,125,152,152,126,100,121
4,252.14375,6.273041474654377,68.55555555555556,448.2536231884058,141,137,141,98,106,121
5,249.13636363636363,4.629005489595302,99.8611111111111,445.1041214750542,138,141,137,98,112,120
6,839.0284360189573,2.7753199268738573,51.23611111111111,388.262156448203,232,215,153,151,167,176
7,1574.0344827586207,1.3530831099195713,43.34722222222223,334.14207650273227,288,298,237,216,218,235
8,328.50359712230215,0.7368421052631579,49.833333333333336,360.09090909090907,295,224,240,226,224,240
9,234.25742574257427,0.8500980244307043,62.888888888888886,421.0352941176471,274,218,238,224,224,218
10,254.55555555555554,1.056885696550501,69.44444444444444,362.21875,186,209,228,209,206,215
11,250.41558441558442,1.5077720207253889,50.55555555555555,321.0833333333333,164,200,205,189,190,210
0,245.54545454545453,16.313204508856682,63.083333333333336,424.45454545454544,141,187,180,176,166,122
1,267.6588235294118,13.290543604211798,52.875,379.9264705882353,126,160,161,144,160,112
2,242.51408450704224,10.990784557907846,75.6111111111111,401.024,117,143,148,129,96,97
3,229.29239766081872,8.418418107200598,68.33333333333333,406.8525641025641,122,146,154,128,90,91
4,240.7683615819209,5.66404728322923,71.05555555555556,387.78767123287673,124,143,154,92,93,103
5,244.48927875243666,4.4143374741200825,56.69444444444445,383.420814479638,137,137,150,103,95,114
6,565.6910299003322,4.34962859795729,34.666666666666664,374.9094922737307,228,194,171,160,160,164
7,1347.676923076923,2.0676389842141383,55.80555555555555,367.60714285714283,281,270,208,221,240,237
8,469.4817073170732,1.5589184377434073,63.0,347.99236641221376,284,213,222,220,240,240
9,261.21276595744683,1.2749693570553056,46.625,339.93506493506493,283,215,232,215,234,238
10,272.72151898734177,1.2432238377311078,44.22222222222223,395.3888888888889,178,211,215,200,211,223
11,250.93243243243242,1.368232990699951,35.27777777777778,389.1090909090909,153,202,201,187,187,205
0,252.06578947368422,16.3764164305949,53.5,356.81538461538463,163,177,153,199,176,191
1,222.6888888888889,13.371614192903548,42.12499999999999,340.0246913580247,152,148,136,178,156,100
2,237.63870967741934,10.002430804927904,35.59722222222222,347.4632352941176,148,134,123,158,131,93
3,262.7861635220126,8.530057661636611,49.59722222222222,412.1118881118881,161,149,124,143,75,89
4,256.30434782608694,5.18361075544174,59.15277777777778,364.4492753623188,153,132,121,134,82,88
5,249.3360655737705,3.8290455274349857,57.819444444444436,405.09285714285716,148,128,123,93,94,97
6,467.2714508580343,4.235487855084396,59.361111111111114,365.87164750957857,220,199,204,147,129,142
7,1158.4681647940074,1.9921736158578265,24.194444444444446,330.06060606060606,274,302,220,233,222,212
8,391.7,1.3980026631158458,54.40277777777778,329.7826086956522,280,320,223,235,225,219
9,274.1711711711712,1.829004493868535,52.34722222222223,332.5104166666667,279,234,212,225,222,210
10,225.8641975308642,2.0095549008679034,44.833333333333336,320.13432835820896,253,219,201,221,218,210
11,246.03896103896105,1.7215476534643925,60.88888888888889,356.7230769230769,179,196,180,197,201,200
0,228.76344086021504,15.869592875318068,49.55555555555555,325.1645569620253,162,182,179,176,159,190
1,267.7156862745098,12.835132769185877,43.5,322.4193548387097,151,162,163,158,141,119
2,246.0379746835443,9.949902028279404,45.625,364.3533834586466,146,155,143,147,132,98
3,235.10471204188482,7.754662756598241,38.36111111111111,377.99378881987576,143,155,156,148,79,94
4,258.2049689440994,5.721450962830274,69.05555555555556,396.4758620689655,137,154,153,154,93,121
5,249.56746031746033,3.9495264045672758,76.43055555555556,374.4118993135011,129,144,152,83,95,131
6,813.8608169440242,5.00208170699974,51.77777777777777,346.9614604462475,200,203,198,118,177,202
7,1422.330909090909,2.474812542603953,36.84722222222222,320.7239263803681,271,302,231,205,218,240
8,344.13125,1.5854111405835543,31.319444444444443,315.7925925925926,279,312,240,210,227,240
9,222.9351851851852,1.3752291175700444,44.5,342.8426966292135,277,228,237,209,225,231
10,282.35227272727275,1.4132524424834543,53.88888888888889,298.9736842105263,268,221,222,208,198,219
11,233.5064935064935,1.422077922077922,45.5,392.0,177,207,201,192,169,209
0,254.74444444444444,16.52913602545908,65.72222222222221,371.73333333333335,160,179,186,176,173,137
1,267.2450980392157,12.89170824423854,54.333333333333336,359.0659340659341,140,163,170,154,163,125
2,249.1769230769231,10.84358454432804,41.388888888888886,393.97169811320754,133,146,165,135,111,117
3,239.26060606060605,7.503183586841173,53.263888888888886,420.5507246376812,125,134,154,143,101,114
4,252.24,5.7257664709719505,86.27777777777779,435.0067567567568,129,136,154,94,100,117
5,247.27655310621242,4.237707039337474,67.41666666666667,419.32608695652175,128,140,155,96,109,108
6,469.3562091503268,2.63595450049456,55.52777777777777,383.73359073359075,190,199,140,162,164,156
7,1520.883495145631,1.4894861392832996,29.680555555555557,368.747311827957,285,300,214,233,219,228
8,319.0509554140127,0.7097496658599141,47.916666666666664,380.14179104477614,289,231,232,236,229,240
9,267.4183673469388,0.9815973500184028,67.80555555555556,357.6125,283,228,222,235,223,239
10,254.34939759036143,1.0224325271643884,41.5,436.43055555555554,186,215,214,222,208,223
11,233.1891891891892,1.2312771175249952,68.77777777777777,375.811320754717,175,201,199,202,188,213
0,245.35955056179776,16.30275715800637,64.66666666666667,356.63291139240505,163,179,169,166,171,136
1,258.1170212765957,12.104668142635076,60.083333333333336,433.06756756756755,155,162,156,162,163,125
2,227.83216783216784,10.398964614859484,58.22222222222222,393.4146341463415,134,153,141,152,102,117
3,229.34969325153375,6.683492822966507,58.18055555555555,460.6934306569343,146,143,132,149,95,95
4,236.86363636363637,5.255952380952381,65.22222222222223,458.2834645669291,157,151,124,97,87,104
5,242.2998171846435,3.259818531028545,87.44444444444444,452.2689804772234,139,142,133,106,86,113
6,512.6041308089501,2.7908201304753026,44.291666666666664,402.601677148847,233,220,133,152,152,183
7,1804.398773006135,1.5738708473310932,52.111111111111114,371.43646408839777,283,223,214,219,231,240
8,425.05806451612904,0.6280412966572809,61.166666666666664,389.39694656488547,293,228,230,228,239,240
9,273.9647058823529,0.7383922639698827,62.27777777777778,407.69117647058823,290,223,225,223,235,230
10,245.0344827586207,0.927536231884058,69.16666666666667,356.7763157894737,201,200,212,199,207,223
11,252.796875,1.0858419317093926,42.55555555555556,323.6181818181818,187,198,193,180,200,148
0,271.3628318584071,16.89715142428786,17.88888888888889,381.0816326530612,167,170,202,172,188,116
1,249.33333333333334,14.365136001654776,77.44444444444444,427.2857142857143,162,163,188,157,112,97
2,262.0503597122302,11.356594110115237,76.44444444444444,448.1932773109244,145,134,160,154,101,87
3,247.53846153846155,9.05042409670741,66.0,470.1307189542484,146,131,159,96,99,82
4,274.56626506024094,5.567903608280459,75.5,427.7608695652174,159,132,156,111,101,84
5,258.90697674418607,4.25042735042735,60.0,443.89269406392697,149,143,115,114,99,82
6,1280.576980568012,4.214814814814814,90.45833333333333,417.5192307692308,215,225,172,171,137,160
7,1719.857142857143,2.2892838155996054,42.55555555555555,403.7817258883249,275,210,225,218,218,240
8,306.1794871794872,1.6881338367014582,50.861111111111114,441.4609375,277,213,234,224,234,240
9,289.247619047619,1.425288789163135,72.05555555555556,424.7,194,219,236,224,235,229
10,268.735632183908,1.5779513888888888,80.05555555555557,444.95522388059703,191,220,234,207,226,202
11,260.6923076923077,1.68270944741533,60.888888888888886,436.33962264150944,177,201,226,195,202,121
0,228.79310344827587,16.04869211735596,62.27777777777777,401.02564102564105,171,163,174,184,182,110
1,242.01136363636363,12.784825990552395,78.56944444444444,433.73770491803276,146,150,157,175,156,118
2,258.0662251655629,10.722692924204258,50.333333333333336,396.2835820895522,139,135,150,159,103,108
3,245.23636363636365,7.514652014652014,43.666666666666664,397.5135135135135,147,135,144,97,100,105
4,252.59602649006624,5.131652661064424,79.83333333333333,454.72,137,144,134,94,106,116
5,234.04609218436875,3.8982507288629735,97.0,426.90866510538643,134,149,95,95,103,110
6,466.22152886115447,2.963727359389895,35.583333333333336,409.72352941176473,220,219,126,166,152,166
7,1336.3807947019868,0.936140350877193,54.66666666666666,382.14130434782606,291,233,219,224,234,224
8,331.3265306122449,0.4657642738858088,46.27777777777777,353.2809917355372,296,237,230,229,236,234
9,249.00900900900902,0.5030059381108692,60.48611111111111,341.31868131868134,296,227,216,221,232,235
10,287.0281690140845,0.596565019277953,32.72222222222222,372.76190476190476,207,211,203,218,218,211
11,278.9684210526316,0.6774504140188715,61.22222222222222,394.7,189,179,187,195,209,195
0,256.7894736842105,17.14184032244233,46.916666666666664,368.7971014492754,173,161,190,187,193,110
1,221.41975308641975,13.761653599429795,81.58333333333333,356.81081081081084,150,141,169,173,182,100
2,266.0888888888889,10.465071770334927,61.5,396.46610169491527,126,130,154,152,111,87
3,228.66477272727272,7.411351079859368,70.90277777777777,398.00704225352115,114,125,145,131,109,100
4,245.79310344827587,5.015827140104598,70.55555555555556,397.1788079470199,108,127,144,86,108,119
5,241.84679089026915,3.306996541633414,57.02777777777777,384.81310679611653,114,140,141,79,112,130
6,355.52704791344667,2.8774647887323948,43.291666666666664,385.19585687382295,163,191,144,153,158,185
7,1219.5033783783783,1.630763528539659,34.88888888888889,335.9458128078818,267,219,232,238,230,234
8,367.58015267175574,1.3015850298758453,48.0,371.8807339449541,275,236,240,240,240,240
9,285.5052631578947,1.5824135393671819,45.44444444444445,298.38461538461536,191,234,236,234,234,230
10,259.17045454545456,1.6124307205067296,28.0,377.8051948051948,184,202,229,216,222,210
11,256.2142857142857,1.7936651583710408,74.0,426.7118644067797,176,171,207,202,221,128
0,254.90243902439025,15.717244701348749,46.888888888888886,300.31944444444446,147,171,173,184,179,184
1,241.76829268292684,12.725036107375868,49.11111111111111,398.42857142857144,124,159,153,168,157,112
2,251.95973154362417,9.261315496098105,55.888888888888886,350.7063492063492,111,155,128,146,139,101
3,254.2111111111111,7.951160541586075,48.541666666666664,343.171974522293,113,145,137,151,92,114
4,209.24539877300614,4.427513546056592,39.166666666666664,391.7985611510791,117,149,129,148,92,120
5,236.9498861047836,3.046814218645205,54.458333333333336,407.6807387862797,119,147,131,98,91,124
6,392.74418604651163,3.019860741156129,57.875,367.8852772466539,179,204,183,158,122,173
7,1256.4522292993631,2.3947938504542283,49.013888888888886,335.5118483412322,256,288,200,238,209,240
8,282.03821656050957,1.8189839572192514,32.40277777777778,358.2910447761194,274,297,221,240,224,240
9,278.7888888888889,1.6995298043379343,54.944444444444436,352.05194805194805,269,215,218,235,220,231
10,243.37179487179486,1.7131960335621663,54.52777777777778,349.8688524590164,259,204,209,225,209,205
11,218.0126582278481,1.4947885939036378,58.333333333333336,368.57142857142856,166,181,196,201,192,194
0,282.7142857142857,16.82823085498671,84.11111111111111,379.26190476190476,155,191,193,180,175,120
1,263.55172413793105,13.396715805187535,63.90277777777777,356.1095890410959,149,174,175,166,152,116
2,229.06293706293707,11.631200897867563,54.77777777777777,388.5806451612903,139,146,163,153,100,109
3,256.82065217391306,7.119576782125546,72.93055555555556,388.84,129,133,143,145,107,112
4,241.20114942528735,5.135429102002919,62.23611111111111,444.0486111111111,143,130,135,93,99,118
5,240.33064516129033,3.621018062397372,61.90277777777777,408.69718309859155,144,127,137,98,99,120
6,519.5930047694753,3.0455252918287936,58.18055555555555,382.715667311412,194,196,143,148,164,183
7,2201.1023391812864,2.2204863424383747,30.083333333333332,345.22641509433964,267,298,240,239,217,240
8,320.9256756756757,1.4113060428849902,35.51388888888889,372.5169491525424,276,222,240,240,240,240
9,255.45299145299145,1.3700473092844472,70.16666666666667,384.7956989247312,271,220,236,226,231,240
10,238.83823529411765,1.2732638888888888,47.833333333333336,367.6,188,204,231,219,216,222
11,265.46153846153845,1.3283173734610125,39.83333333333333,448.5660377358491,168,200,216,206,194,134
0,272.9186046511628,16.384584575675312,36.111111111111114,348.4805194805195,157,192,198,153,172,105
1,233.8080808080808,13.04004199875913,38.375,376.3333333333333,155,182,178,147,152,97
2,228.03355704697987,9.766356107660455,55.638888888888886,362.056,154,158,156,140,145,87
3,248.78343949044586,6.991992463495054,59.80555555555555,388.62406015037595,151,153,153,139,96,80
4,252.3,5.203531376759723,73.625,391.808,146,153,138,146,93,86
5,239.08016032064128,3.796567154210914,72.40277777777777,397.8632075471698,140,153,132,98,92,98
6,365.24464831804283,3.1868948136357607,88.125,353.7584905660377,199,228,208,143,141,158
7,1337.7747440273038,1.1745169886742173,56.708333333333336,317.2470588235294,279,311,231,225,222,233
8,332.7763157894737,0.9773921808625532,34.375,284.97014925373134,282,236,240,229,235,240
9,239.525,0.8659649122807017,43.52777777777777,321.9207920792079,282,234,234,215,231,229
10,253.67948717948718,1.093476531424026,38.88888888888889,345.24242424242425,186,220,232,191,213,215
11,240.96103896103895,1.2697594501718215,61.5,369.43548387096774,175,216,217,176,194,186
0,233.83333333333334,15.810255799173818,61.27777777777777,306.9102564102564,153,178,163,178,181,196
1,215.48214285714286,12.567124332570556,34.94444444444445,292.36,144,167,149,169,162,121
2,250.30281690140845,8.837860167303523,45.15277777777777,349.7723577235772,135,156,133,159,149,110
3,235.27118644067798,6.8070549242424265,55.666666666666664,342.93243243243245,137,143,125,156,87,120
4,235.0268456375839,4.3896103896103895,59.47222222222222,365.504,135,148,127,150,98,112
5,241.6029106029106,2.6908455907045474,72.11111111111111,389.28985507246375,127,156,128,91,98,109
6,306.92998477929984,2.3355408388520975,27.708333333333332,331.0310786106033,192,189,192,156,155,173
7,940.7176870748299,1.5917397167902896,28.819444444444443,303.81463414634146,280,310,197,220,236,240
8,272.951724137931,0.9374918988982501,25.25,282.2105263157895,282,320,222,239,240,240
9,286.9611650485437,0.9919600982654659,38.18055555555556,340.38823529411764,273,229,216,229,230,237
10,255.54444444444445,1.302552314521243,36.291666666666664,368.38666666666666,255,213,201,210,217,232
11,228.25,1.2333778026423377,67.09722222222223,383.0,234,204,176,192,196,221
0,245.51190476190476,16.100476839237057,41.22222222222222,288.12,163,184,194,194,182,184
1,225.9438202247191,13.066489361702128,47.59722222222222,355.8395061728395,149,158,172,189,151,168
2,211.3231707317073,10.31960426972143,36.77777777777778,337.1830065359477,132,142,149,164,142,106
3,226.99447513812154,7.137991591719442,39.77777777777778,368.94594594594594,143,157,139,154,127,97
4,221.4156626506024,5.763764404609475,49.833333333333336,356.18,139,156,132,157,91,106
5,228.63306451612902,3.8850200114351057,106.61111111111113,348.27803738317755,139,160,141,151,95,109
6,358.8801916932907,2.655880031570639,40.666666666666664,316.4465648854962,193,224,209,156,154,150
7,576.977207977208,1.8457659701868834,26.45833333333334,284.77734375,256,297,287,226,216,229
8,401.4,0.9591145833333333,21.48611111111111,301.8310810810811,277,307,234,238,240,240
9,221.06451612903226,0.8971316818774442,34.5,308.5365853658537,284,299,234,237,240,240
10,205.13253012048193,0.9133485888634629,50.22222222222222,310.94444444444446,268,210,229,231,221,221
11,227.71794871794873,0.9149220118441906,28.26388888888889,257.3076923076923,248,198,215,208,203,190
0,244.42352941176472,14.901333333333332,25.555555555555557,260.94736842105266,156,170,157,162,175,180
1,223.17,11.511904761904765,42.5,289.47058823529414,141,155,151,151,162,150
2,229.96875,9.371203845313525,29.194444444444443,318.84615384615387,126,136,147,135,154,98
3,253.90857142857143,6.9289927900371415,31.5,325.74149659863946,127,139,142,133,144,111
4,210.2875,4.555935515388372,53.55555555555555,323.84375,125,145,136,131,158,106
5,233.47433264887064,2.40495867768595,49.708333333333336,317.799511002445,129,140,128,121,109,99
6,365.8727272727273,2.4369531178041814,39.68055555555555,302.7981981981982,201,192,176,152,156,157
7,925.5551948051948,1.568431136244244,14.194444444444443,233.83700440528634,279,301,276,230,226,229
8,328.5822784810127,0.9078328981723234,30.541666666666668,251.84126984126985,284,314,225,240,233,236
9,238.44444444444446,1.0199258260283208,40.5,301.65,279,309,218,222,223,232
10,248.92857142857142,1.0666181582989733,28.458333333333332,253.52,262,221,198,199,204,218
11,268.84722222222223,1.1356635864470332,34.84722222222222,301.2258064516129,236,192,177,179,199,196
0,237.8988764044944,15.213980582524275,32.208333333333336,277.49295774647885,231,168,192,188,171,183
1,215.57575757575756,12.841666666666665,21.75,309.48192771084337,148,156,173,167,151,165
2,213.40322580645162,9.995232646834475,40.40277777777778,267.54464285714283,137,149,150,154,136,148
3,217.85142857142858,7.325431648526982,25.652777777777775,317.6013986013986,135,147,133,144,118,86
4,228.7111111111111,5.181828316610925,47.84722222222222,308.2012195121951,130,156,135,145,120,94
5,219.30478087649402,3.9776119402985075,53.75,324.71106094808124,123,157,132,144,84,97
6,347.616191904048,2.539080845353908,45.97222222222222,292.13143872113676,182,235,176,208,129,154
7,972.76875,1.7342338117124725,26.027777777777782,229.4125,280,315,291,225,189,223
8,230.76829268292684,0.8072421252259457,31.097222222222225,242.36764705882354,290,320,307,231,220,239
9,232.22549019607843,0.7979209270620313,28.791666666666668,255.875,274,285,224,224,220,240
10,263.8169014084507,0.8987382840663303,26.83333333333334,276.15625,269,254,219,218,205,222
11,226.36904761904762,1.1053064760667104,35.458333333333336,247.43661971830986,250,178,194,205,191,197
0,226.0120481927711,15.250202856215514,16.944444444444443,296.64935064935065,160,178,182,180,157,170
1,223.9795918367347,12.287878787878787,24.680555555555554,336.22093023255815,145,159,156,156,152,156
2,215.43262411347519,8.59869976359338,31.916666666666668,317.1788617886179,135,147,147,145,134,138
3,220.66666666666666,5.784914361001318,42.625,335.61240310077517,134,146,154,137,121,100
4,207.9078947368421,3.818655723158829,65.33333333333333,350.5590551181102,135,151,141,141,124,92
5,229.93984962406014,2.4003718425439162,61.263888888888886,343.3193832599119,134,140,131,132,83,89
6,291.4608,1.6658409028351226,31.694444444444446,290.9678638941399,199,196,201,146,135,161
7,1120.753048780488,2.2440123978585516,38.69444444444444,235.73953488372092,278,288,308,228,188,231
8,267.1518987341772,1.3211360634081903,28.472222222222225,246.08943089430895,282,302,239,235,216,240
9,237.5463917525773,1.3718813905930471,39.041666666666664,317.82278481012656,272,295,229,225,212,234
10,219.17391304347825,1.4403399803857468,20.333333333333332,237.9016393442623,248,193,220,218,188,221
11,255.48101265822785,1.196494179097871,35.166666666666664,270.8125,234,182,200,198,174,201
0,238.72941176470587,16.096701217505757,37.72222222222222,272.32,133,183,147,171,184,195
1,235.9891304347826,12.530701754385966,31.527777777777782,346.15384615384613,117,164,132,148,170,181
2,231.13095238095238,10.581479390175042,50.59722222222222,344.1041666666667,104,147,120,124,154,121
3,249.688622754491,7.158567774936062,41.416666666666664,371.2608695652174,111,151,127,124,151,118
4,240.2865168539326,4.994435413279979,56.791666666666664,353.741935483871,128,154,122,129,89,105
5,231.5049115913556,3.5071770334928227,87.45833333333333,347.9691943127962,123,150,134,142,96,115
6,469.8694316436252,2.9013099663657282,39.68055555555555,312.4764595103578,193,233,207,153,129,161
7,1665.7232142857142,2.4422700587084147,33.11111111111111,263.1734693877551,274,304,286,209,220,240
8,253.73611111111111,1.7387172599059766,44.02777777777778,274.9685039370079,276,310,214,222,227,240
9,257.5045871559633,1.3745283018867924,56.23611111111111,327.70454545454544,270,295,198,208,226,234
10,241.93333333333334,1.4825042245394218,38.94444444444444,320.4230769230769,240,217,180,202,213,225
11,238.75,1.2242543487009794,44.31944444444445,362.7936507936508,220,203,167,186,199,202
0,217.8762886597938,14.44364305427783,29.625000000000004,274.6265060240964,203,181,164,170,191,178
1,229.9245283018868,12.53893587033122,29.25,311.1546391752577,140,169,138,154,183,162
2,224.13636363636363,9.94269055745165,43.513888888888886,323.1121495327103,135,151,131,146,163,153
3,221.90804597701148,7.652623882108108,26.458333333333332,302.76,129,144,125,136,145,94
4,217.58169934640523,4.558541374474054,59.94444444444445,334.92857142857144,134,140,118,142,141,100
5,224.86847599164926,3.5218181818181815,53.708333333333336,314.2289156626506,125,132,112,137,93,101
6,305.3482142857143,2.65011170304176,33.09722222222222,276.02363636363634,187,190,170,202,140,169
7,483.9335443037975,2.0777810105712344,28.027777777777782,234.41632653061225,259,306,278,207,212,211
8,246.1055900621118,1.5425538368213532,19.333333333333332,242.3913043478261,277,316,305,216,238,218
9,274.9056603773585,1.3073397656788421,32.944444444444436,226.75,261,307,216,212,235,220
10,230.48809523809524,1.3318840579710145,25.76388888888889,247.9857142857143,250,286,198,201,235,210
11,233.72368421052633,1.034019577718274,30.98611111111111,258.05970149253733,231,196,183,184,208,197
0,230.367816091954,15.030449954086317,22.194444444444443,301.45569620253167,201,151,196,177,185,179
1,221.62337662337663,12.362942122186496,31.736111111111114,318.4,125,137,184,157,165,165
2,220.09036144578315,9.597756410256409,41.43055555555556,276.4632352941176,117,126,169,133,152,135
3,237.77401129943502,7.348498431196774,40.44444444444445,316.5923566878981,119,123,149,129,152,104
4,222.41772151898735,4.715161649944259,55.75,326.84615384615387,129,136,148,123,142,102
5,222.96194503171247,3.3752961715924688,43.81944444444445,316.40047961630694,122,140,143,116,112,96
6,272.7826086956522,2.437691521961186,36.458333333333336,291.6787658802178,176,217,190,194,151,140
7,592.6430976430977,1.7133872416891278,16.76388888888889,239.72289156626505,247,310,258,234,212,223
8,349.90604026845637,0.8667556742323099,25.680555555555557,211.1818181818182,271,320,300,240,234,240
9,263.6701030927835,1.1365449628127113,28.277777777777775,257.7,259,306,212,233,232,237
10,233.0,1.377114967462039,34.111111111111114,287.57971014492756,244,270,200,220,227,222
11,238.55384615384617,1.093479968578162,30.055555555555554,268.8333333333333,224,177,193,205,209,198
0,205.64864864864865,15.987816901408452,36.33333333333333,231.33870967741936,223,177,174,190,177,195
1,226.8227848101266,13.346381350034795,31.611111111111114,256.5571428571429,141,162,161,172,151,171
2,226.53284671532847,10.25786440015631,34.02777777777778,258.546218487395,123,139,152,165,126,148
3,222.9078014184397,7.007842232729788,27.73611111111111,299.5748031496063,122,135,140,165,115,77
4,227.66666666666666,4.641394178943586,57.62500000000001,314.1782945736434,113,129,133,157,119,75
5,220.216091954023,2.187065558130026,50.43055555555555,306.7843665768194,117,117,120,144,84,85
6,254.34834834834834,1.9315558523323477,43.166666666666664,279.47802197802196,157,178,180,186,124,128
7,321.72136222910217,2.260362650398238,16.48611111111111,226.4064748201439,226,281,272,212,207,207
8,297.84,1.3346203346203347,14.791666666666666,220.5,273,309,283,225,228,236
9,199.01041666666666,1.2776450511945394,32.11111111111111,248.32558139534885,279,298,210,216,222,240
10,244.8,1.4089298626174982,41.15277777777778,205.86486486486487,273,281,201,199,210,219
11,213.56626506024097,1.7458634400786694,18.0,241.40540540540542,252,189,191,196,191,212
0,237.6829268292683,14.953959341723134,26.416666666666668,207.22535211267606,210,166,157,158,170,172
1,228.36633663366337,11.176248660235798,22.527777777777782,275.3369565217391,201,152,140,129,158,153
2,221.8397435897436,8.614117647058823,18.444444444444446,245.0708661417323,185,132,129,123,144,137
3,223.9950495049505,6.4103053435114505,17.34722222222222,274.22222222222223,139,126,125,125,137,134
4,217.40449438202248,3.970149253731343,29.13888888888889,268.43333333333334,131,135,141,124,135,138
5,214.01906779661016,3.1404297851074467,34.208333333333336,284.95886889460155,125,130,143,137,150,98
6,230.52166934189407,2.4464675574185657,35.86111111111112,256.5724770642202,179,197,173,192,145,155
7,494.9571865443425,2.5337233723372345,27.180555555555554,203.74015748031496,259,276,272,259,225,224
8,242.45390070921985,1.903656627060882,6.291666666666667,175.86507936507937,281,299,292,206,237,236
9,243.91764705882352,1.8002461421944516,20.98611111111111,234.05555555555554,275,292,288,204,221,229
10,197.6987951807229,2.1069811320754717,20.97222222222222,198.7972972972973,262,271,191,185,210,206
11,226.0327868852459,1.8512195121951218,15.333333333333334,223.48,234,256,176,174,195,195
0,244.98717948717947,15.343778801843317,13.402777777777779,221.91549295774647,210,162,181,179,178,175
1,205.0632911392405,12.638383838383838,30.666666666666668,235.07142857142858,194,157,155,156,169,159
2,219.24113475177305,9.79657142857143,11.583333333333334,241.52459016393442,168,140,138,138,151,140
3,223.84864864864866,6.894444444444445,16.86111111111111,265.6871165644172,135,137,133,133,134,138
4,233.95333333333335,4.741749174917492,21.416666666666668,291.21804511278197,133,134,129,140,132,140
5,213.44624746450305,3.331342570473004,37.041666666666664,285.7517730496454,126,133,122,136,118,93
6,280.5055467511886,2.5843282669817857,28.222222222222225,255.82954545454547,182,181,177,200,181,146
7,496.20958083832335,3.1016933440454864,12.402777777777779,216.70138888888889,248,253,267,276,222,205
8,233.6887417218543,1.969671752196024,16.13888888888889,190.06015037593986,278,291,282,218,240,236
9,221.6,1.6775545960828484,25.61111111111111,204.11881188118812,275,284,286,211,232,234
10,209.92592592592592,1.8674486803519064,14.847222222222221,263.80555555555554,252,265,200,209,222,216
11,228.2054794520548,1.6524720893141946,22.652777777777782,258.515625,225,239,196,190,203,201
0,223.65686274509804,15.372972972972972,24.263888888888886,299.4823529411765,219,205,166,165,169,186
1,265.77777777777777,12.543726398901477,23.75,278.5753424657534,159,176,151,150,161,174
2,213.08,9.763418079096045,28.152777777777782,323.8909090909091,148,159,139,137,150,152
3,235.46913580246914,6.115380720939653,42.09722222222222,298.2340425531915,132,150,132,123,131,155
4,207.51633986928104,4.048424200598113,31.555555555555557,320.05839416058393,138,140,116,123,123,116
5,232.38235294117646,2.5847321905213834,71.09722222222223,320.8985148514852,129,126,124,130,115,109
6,299.10087719298247,3.0048298275706427,21.625,276.9928057553957,199,186,171,164,121,166
7,634.5510835913312,1.9832008787232664,20.569444444444443,219.50204081632654,283,305,264,189,201,232
8,321.31073446327684,1.3527449196239005,25.01388888888889,223.92028985507247,284,320,294,218,214,240
9,237.71,1.232157394843962,22.694444444444446,212.54444444444445,285,317,212,213,209,238
10,223.42352941176472,1.2232758620689654,23.805555555555557,229.04225352112675,270,304,204,200,192,222
11,227.22972972972974,1.1841236755254472,21.541666666666668,280.5692307692308,251,218,184,187,181,191
0,232.77272727272728,16.172972972972975,26.319444444444443,267.1489361702128,194,189,159,193,194,181
1,222.390243902439,12.991683902102725,37.111111111111114,272.67605633802816,134,170,145,173,183,162
2,236.90666666666667,10.434684684684685,21.736111111111114,278.63432835820896,128,151,135,150,177,147
3,241.5174825174825,7.440856777493606,31.625,326.4609375,129,140,128,146,171,102
4,225.86309523809524,5.338927686415859,28.722222222222218,327.3241379310345,133,129,129,128,151,102
5,221.62615101289134,3.227634873662645,96.83333333333333,342.05960264900665,118,134,126,133,138,115
6,300.1533923303835,2.395169406239517,22.555555555555554,280.36672629695886,189,217,184,202,141,151
7,887.6687898089172,1.9308368007397132,9.680555555555555,227.55203619909503,270,291,287,234,223,240
8,377.06976744186045,1.3357738095238092,19.972222222222225,228.58695652173913,279,300,301,240,240,240
9,210.86666666666667,1.1969374167776299,20.01388888888889,235.3370786516854,280,302,209,238,236,237
10,225.61797752808988,1.4641367137355585,45.13888888888889,262.72093023255815,263,214,185,220,209,221
11,222.28571428571428,1.8977841626398502,21.916666666666668,299.16923076923075,222,202,165,205,208,207
0,217.59550561797752,15.790626999360208,13.611111111111112,290.7894736842105,164,187,175,179,163,174
1,224.1590909090909,12.559626436781612,46.90277777777778,307.56962025316454,145,161,160,164,145,153
2,232.78,10.609974424552432,40.513888888888886,322.5496183206107,129,151,149,149,133,105
3,241.05442176870747,7.2723339822626,30.888888888888886,303.7857142857143,130,152,143,137,140,102
4,227.07386363636363,5.173635404519962,54.43055555555555,345.5629139072848,121,157,136,129,139,101
5,238.83501006036218,3.69611988558637,71.7361111111111,359.2649769585253,106,164,122,137,100,102
6,313.48979591836735,3.3310013525488538,61.02777777777778,336.4460694698355,173,241,173,152,125,157
7,1235.1389728096676,2.1672690381079196,41.47222222222222,277.6714285714286,264,310,291,212,200,225
8,322.4207317073171,1.7900402414486918,35.86111111111111,280.08029197080293,272,313,227,217,226,236
9,251.12037037037038,1.454180714767363,36.93055555555556,288.12631578947367,272,312,229,221,216,233
10,276.9342105263158,1.4457878931563142,36.06944444444444,279.6461538461538,260,223,221,211,195,222
11,190.8,1.4021799058484246,25.583333333333332,259.6923076923077,251,213,196,205,176,200
0,219.35955056179776,15.62572463768116,42.333333333333336,291.8333333333333,155,186,166,168,173,187
1,252.09411764705882,12.672619047619047,37.791666666666664,335.3066666666667,152,175,138,154,145,181
2,234.25,10.68356888553242,39.44444444444444,357.95104895104896,132,159,127,136,129,123
3,238.8987341772152,7.544570679484377,56.59722222222223,388.84558823529414,129,153,115,145,120,134
4,219.16778523489933,4.916586073500968,44.84722222222223,342.7846153846154,126,156,111,143,86,130
5,232.646,3.92898868200073,32.06944444444444,361.67726161369194,124,161,117,142,81,122
6,343.51510333863274,3.7693101745882145,52.25,330.1203703703704,198,228,181,136,150,168
7,987.1022364217253,2.040683229813665,29.138888888888886,283.0940170940171,273,301,217,206,219,233
8,267.63461538461536,1.1235294117647059,30.902777777777782,279.6031746031746,282,320,222,226,240,240
9,217.9784946236559,1.266532797858099,29.98611111111111,304.8101265822785,272,319,216,215,234,238
10,208.23529411764707,1.2809977397481433,39.541666666666664,307.24050632911394,243,222,207,198,218,216
11,235.67142857142858,1.1738198363739771,46.97222222222222,317.6031746031746,224,209,186,181,199,204
0,225.84158415841586,14.705093632958802,38.43055555555556,311.01176470588234,218,158,180,185,159,168
1,240.8021978021978,12.67356687898089,33.05555555555556,298.2048192771084,148,155,154,188,143,154
2,228.64935064935065,9.788669760247487,28.75,327.15909090909093,130,136,146,173,133,144
3,230.15483870967742,7.201767146166693,38.97222222222223,314.76978417266184,145,136,152,149,134,91
4,217.80239520958085,4.24883108507551,58.44444444444445,346.78169014084506,141,126,156,157,125,104
5,231.61473684210526,2.6324811850436025,76.15277777777779,322.7266009852217,143,123,141,143,95,116
6,275.178125,2.523809523809524,38.5,292.34082397003743,210,174,204,142,128,174
7,804.8489932885906,1.7572474099420206,19.36111111111111,236.59227467811158,275,287,284,210,208,239
8,243.67883211678833,1.5074369189907042,20.86111111111111,239.99193548387098,274,311,225,229,227,240
9,226.60526315789474,1.3249307479224375,16.90277777777778,270.76344086021504,265,297,224,221,218,219
10,213.17777777777778,1.4670334181788325,13.416666666666666,264.02702702702703,254,205,209,215,206,193
11,230.07142857142858,1.4941031508537228,36.111111111111114,305.2962962962963,234,184,201,213,180,184
0,230.14444444444445,15.289785247432306,30.5,243.74074074074073,229,165,155,173,173,176
1,229.3695652173913,12.837841530054645,37.52777777777778,257.8941176470588,151,143,148,156,154,163
2,228.76153846153846,9.734884645982499,30.111111111111114,313.3211009174312,142,133,137,147,129,150
3,222.60493827160494,6.855656629025511,18.36111111111111,277.93939393939394,136,129,127,130,124,151
4,216.08333333333334,4.832885791007256,32.43055555555555,301.25581395348837,139,128,127,127,132,108
5,217.8747553816047,3.639330741133499,38.76388888888889,329.7030878859857,125,123,127,124,135,104
6,278.77453987730064,3.0701286201767433,27.375,280.725,192,179,190,180,151,147
7,1491.6561514195585,2.81208467049175,20.819444444444443,229.86574074074073,262,288,260,206,237,216
8,297.04938271604937,2.2482796586842837,25.86111111111111,257.2706766917293,272,299,290,216,240,240
9,222.25842696629215,2.0242539902845245,31.375,249.27027027027026,273,293,207,200,235,233
10,245.98019801980197,1.9259493670886076,25.805555555555557,297.1411764705882,270,273,180,192,216,212
11,217.37974683544303,1.8769686364248217,16.125,264.0821917808219,256,184,169,180,189,195
0,197.36708860759492,16.30319404418828,35.94444444444444,273.8857142857143,148,187,176,181,162,187
1,231.3068181818182,12.936021505376344,31.23611111111111,300.5,134,168,161,161,143,163
2,241.4469696969697,10.507321468799278,31.499999999999996,331.2845528455285,132,147,142,141,118,92
3,234.73793103448276,8.042252699153778,23.777777777777782,305.6991869918699,127,143,138,140,116,81
4,211.78481012658227,5.922257414339189,46.05555555555555,360.44444444444446,130,136,136,144,120,89
5,226.9765458422175,4.355963894261767,65.11111111111111,364.57487922705315,132,136,138,134,74,91
6,347.8249258160237,2.7777728600513405,42.291666666666664,313.8777969018933,195,201,199,178,123,131
7,1147.2727272727273,2.4234285714285715,28.805555555555557,280.1306306306306,259,316,287,208,211,219
8,244.30573248407643,1.1172131147540985,23.819444444444443,257.8015873015873,281,320,240,228,224,232
9,252.64423076923077,0.9616621983914209,28.375,308.3375,277,307,228,227,218,235
10,228.18421052631578,1.3605915615484996,34.90277777777778,280.3728813559322,266,217,215,215,193,225
11,274.60869565217394,1.617629439452289,46.361111111111114,279.94642857142856,243,203,189,202,183,210
0,248.0281690140845,15.512153987167737,11.194444444444443,279.01666666666665,218,174,184,175,155,185
1,226.94059405940595,12.967927927927928,32.486111111111114,300.5054945054945,196,160,171,159,138,175
2,212.61870503597123,9.539783987316689,38.09722222222222,276.5344827586207,125,143,146,141,130,156
3,196.83139534883722,6.65133209417596,27.583333333333332,335.71812080536915,119,141,139,132,128,148
4,224.56741573033707,5.367790000582037,37.875,333.63398692810455,125,121,130,127,141,103
5,226.32627118644066,3.6736326429368713,49.69444444444445,318.155,128,122,135,120,102,126
6,285.6686656671664,3.241626794258373,44.125,285.54787234042556,185,186,177,182,140,175
7,676.7880794701987,2.3794356495086433,25.98611111111111,218.5909090909091,257,305,284,210,224,227
8,354.9878048780488,1.7723899654499025,23.98611111111111,219.7463768115942,271,320,294,236,229,235
9,223.22115384615384,1.657085020242915,24.819444444444443,242.72222222222223,268,315,218,234,221,226
10,226.96341463414635,1.8,17.5,264.47058823529414,262,292,217,228,198,207
11,208.82894736842104,1.7373209699185932,30.13888888888889,243.9857142857143,246,204,196,192,170,201
0,250.58441558441558,14.834449760765553,28.86111111111111,289.2352941176471,200,169,165,172,160,179
1,220.7032967032967,12.287295705055113,29.48611111111111,307.08641975308643,122,157,154,155,147,142
2,210.05982905982907,9.77479674796748,28.902777777777782,328.47474747474746,112,144,145,150,133,136
3,218.3027027027027,7.374176548089591,58.791666666666664,345.2307692307692,109,145,137,128,118,89
4,231.92045454545453,5.548637681159419,48.416666666666664,346.6849315068493,122,133,142,134,134,85
5,223.79454926624737,3.7796143250688705,77.90277777777777,322.36919315403424,131,136,135,136,96,92
6,286.39820359281435,2.996032430567535,51.083333333333336,281.91528545119706,202,180,194,198,143,137
7,1082.2435064935064,2.9442232365413874,18.444444444444446,232.1304347826087,264,257,286,212,229,223
8,246.97931034482758,2.146323663565043,15.833333333333334,231.88235294117646,269,295,305,217,240,240
9,195.61290322580646,1.9989951489951492,30.930555555555557,256.5529411764706,260,290,219,208,232,234
10,215.64,1.853690036900369,20.09722222222222,261.10169491525426,246,267,203,200,212,227
11,232.83823529411765,1.829752953813104,21.194444444444446,256.10169491525426,230,179,177,185,197,208
0,207.02325581395348,14.854076137418756,14.333333333333334,234.02898550724638,200,176,169,180,173,179
1,251.42391304347825,11.919021406727827,17.38888888888889,234.6875,184,171,151,167,153,155
2,228.97575757575757,9.23258115597783,29.083333333333332,305.1048951048951,127,151,144,144,133,143
3,218.07103825136613,7.186070998796631,36.34722222222222,291.2191780821918,113,155,142,139,142,140
4,234.28930817610063,4.808373590982286,36.083333333333336,315.79285714285714,115,150,143,143,141,91
5,220.97987927565393,3.323621109914404,43.083333333333336,298.50118764845604,112,150,139,136,149,81
6,257.21690590111643,2.9089621426731918,30.472222222222218,270.1663652802893,161,205,198,194,167,134
7,355.05555555555554,2.400697666765393,11.722222222222223,220.88301886792453,239,287,273,199,221,228
8,335.53409090909093,1.4614939905674735,19.319444444444446,205.96178343949043,275,307,292,225,226,240
9,235.5054945054945,1.415309647174932,24.61111111111111,229.6164383561644,271,295,297,230,216,235
10,242.1290322580645,1.307278020378457,16.51388888888889,193.96296296296296,254,278,213,213,199,217
11,236.5441176470588,1.0960581369742348,25.666666666666668,222.55172413793105,224,199,189,198,189,196
0,220.11363636363637,15.50134529147982,14.388888888888888,270.4756097560976,206,188,191,177,176,177
1,230.2375,11.734,16.76388888888889,245.70833333333334,180,174,171,156,165,154
2,225.45911949685535,9.311585835257892,14.166666666666666,300.79411764705884,134,153,163,146,139,131
3,233.99418604651163,7.210852713178293,33.63888888888889,312.0208333333333,148,148,162,142,130,130
4,215.8187134502924,5.54727222376073,32.48611111111111,310.4109589041096,140,137,152,156,115,85
5,226.3096153846154,3.823529411764706,66.45833333333333,313.75,139,136,156,149,117,85
6,328.08469539375926,2.5327272727272727,29.861111111111114,262.54774774774774,194,187,223,213,151,132
7,830.7058823529412,1.995313667989189,15.680555555555557,204.4695652173913,271,279,301,289,218,223
8,386.8424242424242,1.4658279393442122,27.347222222222218,206.19117647058823,278,299,314,228,222,226
9,247.51960784313727,1.5256018046413888,20.874999999999996,253.68539325842696,271,293,308,225,218,226
10,233.1904761904762,1.4288420300214437,17.430555555555557,220.14102564102564,262,275,222,219,207,214
11,215.44155844155844,1.3833333333333335,24.486111111111114,215.98387096774192,235,266,201,201,198,198
0,229.56626506024097,15.16691136974038,13.625,286.1232876712329,209,178,184,186,181,179
1,223.5948275862069,12.44388888888889,24.972222222222218,306.3980582524272,181,164,164,177,160,162
2,212.48,8.747701149425287,31.097222222222225,303.87619047619046,125,158,143,164,144,136
3,225.89247311827958,5.863787878787879,34.97222222222222,305.1446540880503,120,144,135,144,133,149
4,227.9100529100529,4.662743816061893,63.69444444444445,307.35625,113,161,148,138,129,109
5,223.09110169491527,3.932406971267075,48.25,285.48899755501225,110,161,159,141,90,111
6,298.8673780487805,3.01678577364135,22.569444444444443,257.1735985533454,169,227,221,194,137,146
7,921.4012345679013,1.2276322838864202,11.472222222222223,194.2560975609756,258,299,302,228,212,212
8,272.94805194805195,0.9358178053830227,13.180555555555555,213.15873015873015,268,312,319,240,240,231
9,200.89795918367346,1.011882510013351,12.277777777777779,234.85,263,308,234,232,239,222
10,226.94252873563218,1.2455169920462763,20.152777777777775,241.97368421052633,239,281,212,218,223,210
11,244.83529411764707,1.1232732995278893,7.888888888888889,267.5769230769231,214,197,195,198,206,194
0,224.76543209876544,15.20665474060823,8.625,207.33333333333334,220,175,173,181,189,180
1,222.97701149425288,12.271231231231232,25.486111111111114,270.43835616438355,205,149,155,165,160,165
2,221.2741935483871,10.508001561280249,10.333333333333334,261.94594594594594,136,135,146,151,145,141
3,208.15060240963857,8.537054120541205,10.305555555555555,282.97857142857146,131,129,139,135,141,138
4,212.5872093023256,6.104879740980572,37.69444444444445,293.76,137,117,130,126,150,92
5,215.53076923076924,4.007979815760136,28.902777777777782,292.6305309734513,128,106,129,127,161,90
6,223.04606240713224,2.1829710144927534,13.041666666666666,246.21317157712306,189,172,181,208,211,143
7,827.1516034985423,1.5058027079303675,18.680555555555554,177.65878378378378,260,268,277,311,214,221
8,389.0375,0.7743277848911653,5.958333333333333,178.04065040650406,284,309,311,320,240,240
9,217.7843137254902,0.8992836072482089,8.388888888888888,209.11111111111111,281,299,309,233,232,228
10,223.19753086419752,0.9279184583532412,8.138888888888888,188.34328358208955,271,277,283,221,227,216
11,218.0,1.0558466211085802,11.305555555555555,258.1967213114754,247,263,200,197,212,198
0,219.66666666666666,13.978561842198205,7.722222222222222,207.40243902439025,216,224,167,139,161,182
1,241.19753086419752,11.487830687830689,23.61111111111111,246.8732394366197,212,135,157,132,152,157
2,214.9591836734694,9.54491017964072,17.347222222222225,235.53174603174602,206,126,129,115,124,135
3,218.36305732484075,7.375766535260623,8.73611111111111,256.2340425531915,148,117,129,115,114,138
4,227.64968152866243,5.258603238866397,22.0,282.69924812030075,142,126,130,97,109,137
5,216.4527162977867,4.365491074205386,52.361111111111114,277.8374717832957,140,126,138,94,111,90
6,285.39050535987747,2.913084534220143,24.222222222222225,234.04015296367112,201,183,182,149,189,155
7,353.00305810397555,2.667985502869224,12.652777777777777,188.58241758241758,271,285,270,245,201,233
8,258.041958041958,1.6402667907553896,5.583333333333333,199.75423728813558,285,305,304,196,207,238
9,232.78021978021977,1.7498706004140787,17.51388888888889,228.32911392405063,272,300,289,180,202,229
10,214.390243902439,1.7882897088195107,11.833333333333334,232.45454545454547,241,267,280,156,196,219
11,217.47142857142856,1.5195945945945946,27.222222222222225,221.14754098360655,224,245,186,149,177,203
0,214.39361702127658,13.384471603163192,26.541666666666668,213.08333333333334,201,218,169,170,173,139
1,205.8846153846154,11.252173913043482,7.4444444444444455,243.94202898550725,176,139,155,158,169,123
2,234.28205128205127,7.914711538461537,16.041666666666668,267.0751879699248,158,129,143,142,146,114
3,215.15584415584416,5.581401766004416,11.597222222222223,259.2,118,127,134,132,137,107
4,207.51075268817203,4.400032938076416,31.916666666666668,282.3333333333333,132,125,129,134,136,103
5,213.48490945674044,3.594242227597192,34.13888888888889,273.88443396226415,138,119,125,141,136,78
6,227.38388625592418,2.5958516154766653,18.88888888888889,247.36294896030245,188,181,188,222,186,125
7,365.1204379562044,2.1400288409541557,14.944444444444445,173.0255319148936,270,273,290,308,190,182
8,224.93243243243242,1.508670699550178,13.541666666666666,178.5681818181818,279,289,301,240,229,197
9,242.96875,1.3887445887445893,16.944444444444443,193.28048780487805,265,268,297,233,236,186
10,225.4516129032258,1.3633398564905412,10.819444444444445,181.94594594594594,258,255,278,211,217,168
11,217.35,1.4577112387202624,14.138888888888888,193.14583333333334,237,246,188,200,197,151
0,212.33673469387756,13.999897617910039,17.902777777777775,231.5,191,247,155,170,180,184
1,195.47706422018348,11.288264462809916,10.625,230.58762886597938,185,169,137,156,158,163
2,223.57803468208093,8.241809954751131,5.9305555555555545,255.70921985815602,168,158,122,141,152,143
3,215.5,6.147835112692764,19.5,281.85,122,162,125,145,145,144
4,219.66860465116278,4.442927170868347,49.638888888888886,295.78472222222223,129,164,133,142,130,135
5,222.69721115537848,3.1559713813979076,34.18055555555556,266.7904328018223,128,159,132,136,138,97
6,288.8664596273292,2.4018421668878305,19.930555555555557,244.37132352941177,199,219,191,182,175,148
7,751.3324022346369,2.0048031865042177,3.944444444444444,187.99610894941634,264,312,296,268,185,227
8,310.5394736842105,1.3794316724811397,13.972222222222223,193.3658536585366,275,320,311,227,224,240
9,213.17924528301887,1.056393382688968,18.11111111111111,187.23333333333332,268,311,310,212,225,237
10,227.2125,1.2154848046309696,5.986111111111112,200.38666666666666,239,298,202,199,217,227
11,230.33333333333334,1.0280584056827151,14.902777777777777,233.03225806451613,219,268,183,183,206,208
0,217.96629213483146,13.902382756008542,8.152777777777777,224.325,191,230,175,162,172,187
1,221.76712328767124,11.056405919661733,9.708333333333334,208.8030303030303,176,156,158,136,158,162
2,207.03968253968253,8.11219512195122,3.0,233.16822429906543,161,134,145,118,126,136
3,208.90540540540542,5.698985408116736,13.791666666666666,273.8837209302326,115,128,138,111,112,127
4,222.91477272727272,2.938981615868409,26.73611111111111,260.62,118,123,123,92,112,121
5,219.52989690721648,1.6960426972142668,46.73611111111111,264.3899521531101,121,122,110,101,121,93
6,225.8898944193062,1.6076786168319352,33.18055555555556,235.41093474426808,161,186,160,169,208,142
7,312.9569536423841,1.6483253588516746,9.319444444444445,164.37109375,229,289,240,268,217,220
8,227.06164383561645,1.549638172772501,3.8472222222222228,142.0077519379845,256,310,279,301,228,234
9,219.74311926605503,1.2194700460829495,7.25,157.84782608695653,240,303,273,214,230,228
10,226.7972972972973,1.3952281122092445,14.361111111111109,178.57142857142858,224,291,279,201,227,209
11,216.5810810810811,1.254417670682731,7.958333333333333,171.671875,208,266,186,187,201,197
0,215.20454545454547,14.471491539883408,8.861111111111112,225.52,214,237,160,178,145,148
1,220.27906976744185,12.10768577494692,10.75,227.11688311688312,180,172,144,172,143,131
2,217.24698795180723,9.268639053254438,13.055555555555555,255.41549295774647,153,150,133,155,128,126
3,209.75151515151515,7.0056390977443606,22.98611111111111,247.47916666666666,118,147,120,151,121,141
4,223.05369127516778,4.236356932153392,29.930555555555554,262.1503759398496,126,148,133,142,117,125
5,212.55084745762713,2.858978171652887,48.583333333333336,278.8030303030303,125,138,129,135,109,95
6,271.63708399366084,2.2601263470828687,24.708333333333332,230.21121495327102,198,188,208,173,161,125
7,442.3888888888889,2.272727272727273,11.166666666666666,182.37307692307692,282,281,299,255,162,195
8,312.01875,1.979083222073877,7.333333333333333,171.74285714285713,285,301,320,209,180,203
9,236.3047619047619,1.8829501539267706,12.541666666666666,183.60638297872342,272,286,305,211,177,203
10,221.34782608695653,1.8988708885616103,5.861111111111111,172.28205128205127,250,276,279,207,160,186
11,200.26027397260273,1.9518440905280807,10.611111111111112,224.5873015873016,236,262,187,197,147,164
0,204.9278350515464,14.212307692307691,5.472222222222222,229.30588235294118,212,240,172,157,175,144
1,227.47191011235955,11.476884735202491,18.416666666666668,232.0843373493976,195,167,151,146,170,134
2,218.01388888888889,8.875922989807474,12.222222222222221,230.6535433070866,178,150,145,121,159,130
3,214.125786163522,6.416231884057972,17.208333333333332,236.06338028169014,163,140,122,116,161,126
4,222.16770186335404,4.6934599156118155,20.791666666666668,238.2340425531915,128,133,125,121,156,127
5,215.87152034261243,4.509450171821306,30.875,263.29219143576825,126,139,121,112,153,125
6,245.61424332344214,2.6563975155279507,33.11111111111111,231.15662650602408,183,212,156,163,198,138
7,292.3460076045627,1.5015121272606304,14.027777777777779,174.70484581497797,271,302,265,252,211,202
8,229.27272727272728,1.3085008878959725,3.125,156.8272727272727,280,310,277,276,226,218
9,223.64948453608247,1.2982763657610283,9.0,175.66666666666666,271,312,272,193,211,208
10,205.67469879518072,1.2618022818883652,6.722222222222222,205.66176470588235,267,292,259,183,199,194
11,217.68421052631578,1.16568144499179,6.888888888888888,209.078125,245,265,178,176,186,168
0,204.35294117647058,13.792279016416947,12.541666666666666,179.09859154929578,212,205,170,180,167,139
1,210.41573033707866,10.813118416852856,13.388888888888891,202.7594936708861,198,181,157,154,152,122
2,220.3108108108108,8.347619047619048,6.5,232.79527559055117,198,112,141,138,134,117
3,214.63473053892216,6.109441624365483,6.875,234.04285714285714,180,109,137,119,117,126
4,201.5796178343949,5.153368794326241,13.597222222222223,260.8848920863309,142,116,127,109,126,132
5,209.07370517928288,2.9215686274509802,35.916666666666664,245.94145199063232,141,111,131,112,125,128
6,232.27659574468086,2.5362318840579716,17.88888888888889,210.5213358070501,213,150,211,161,196,107
7,278.27702702702703,1.866412103329573,3.4583333333333335,155.98818897637796,286,219,301,249,279,169
8,244.171875,1.388278281204326,5.25,166.76785714285714,287,265,317,284,222,180
9,209.1122448979592,1.453843335978997,7.847222222222222,147.3827160493827,278,258,301,268,208,176
10,230.25510204081633,1.245887445887446,2.2222222222222223,177.7375,252,245,272,192,191,168
11,222.35064935064935,1.6201414117738975,1.9583333333333333,190.03030303030303,235,225,249,186,178,146
0,216.75324675324674,14.197492719653384,5.277777777777779,187.03076923076924,205,243,138,157,152,188
1,197.1530612244898,11.946810344827586,20.52777777777778,215.38095238095238,185,166,128,147,133,169
2,237.99166666666667,9.192242990654206,6.236111111111111,228.05555555555554,172,154,125,127,128,150
3,226.13475177304966,7.097922192749779,6.375,257.3615384615385,117,145,113,110,128,141
4,210.5548780487805,4.846203573107663,6.208333333333333,224.07746478873239,106,132,99,113,122,137
5,210.42540322580646,3.443139317438055,44.65277777777777,275.0140515222482,108,135,97,119,124,130
6,267.3967551622419,3.2730020292733486,17.055555555555557,223.63489208633092,181,197,138,174,175,142
7,362.3557046979866,2.267437569196703,12.069444444444443,171.51383399209487,272,304,228,258,200,216
8,267.38709677419354,1.5051639995460222,2.0,161.13432835820896,280,309,290,279,204,240
9,221.67391304347825,1.5605929069804834,7.361111111111112,192.13333333333333,276,300,270,191,206,238
10,209.6172839506173,1.6663567813242435,21.513888888888886,166.1076923076923,244,283,246,183,199,228
11,217.11764705882354,1.6271476230191826,6.944444444444444,202.0483870967742,227,266,159,173,172,202
0,221.8265306122449,14.345180136319376,10.263888888888888,183.6067415730337,167,193,162,190,172,143
1,206.6888888888889,10.811363080185988,18.166666666666668,219.92,152,180,153,166,149,143
2,216.015873015873,8.452939729397293,11.333333333333334,216.75221238938053,142,129,132,149,136,125
3,208.78142076502732,5.594805194805194,15.486111111111109,223.688622754491,141,114,137,143,122,113
4,209.0261437908497,3.865176151761518,21.0,254.18840579710144,113,113,140,147,112,113
5,213.6435185185185,2.2911706664969125,37.111111111111114,268.28418230563005,109,113,121,137,112,91
6,217.01669195751137,2.295542679866782,12.944444444444445,228.76265270506107,149,148,168,188,170,130
7,268.11746987951807,2.502911679068263,8.375,162.26712328767124,225,214,271,293,200,202
8,232.39166666666668,1.6957422324510938,10.347222222222221,156.13725490196077,258,258,297,318,231,218
9,229.03157894736842,1.5992812219227313,8.333333333333332,142.2289156626506,233,246,287,226,222,217
10,261.3243243243243,1.6725657427149965,3.722222222222222,178.05,211,232,269,218,207,203
11,198.63013698630138,1.7377268798617114,10.736111111111112,171.26153846153846,186,211,185,200,192,183
0,222.09345794392524,14.442816442816445,8.833333333333334,241.5054945054945,205,237,179,159,162,192
1,229.14285714285714,11.51467758444217,11.416666666666666,257.536231884058,185,159,162,142,153,176
2,212.8235294117647,8.665909090909091,13.666666666666666,236.50833333333333,167,141,147,130,136,159
3,210.72727272727272,6.567561807331628,28.263888888888886,264.3741496598639,123,123,143,113,132,148
4,225.35260115606937,4.228522336769759,36.63888888888889,275.8079470198675,128,121,140,120,129,138
5,213.67261904761904,2.239190322194275,35.708333333333336,268.0657596371882,119,125,129,117,127,109
6,267.84444444444443,1.9501961726319155,14.291666666666666,229.25919439579684,179,190,184,172,170,191
7,392.6568047337278,1.4349376114081993,5.722222222222221,174.55714285714285,275,295,272,265,188,235
8,252.87719298245614,1.0442576573635818,0.0,165.31034482758622,283,320,314,296,218,240
9,231.6421052631579,0.932011416554003,5.097222222222222,186.08235294117648,283,317,317,216,215,237
10,239.83333333333334,0.8512880562060892,4.75,190.26388888888889,257,298,277,202,197,233
11,238.640625,1.3097026604068858,4.055555555555556,180.68,235,271,196,178,180,218
0,209.91860465116278,15.004510263513033,16.944444444444446,232.09859154929578,191,255,167,147,161,162
1,207.16304347826087,12.017337733773378,16.055555555555557,227.9047619047619,175,173,143,136,147,135
2,205.42567567567568,8.919850560398507,13.388888888888891,238.89763779527559,163,156,115,117,138,114
3,221.31210191082803,6.092810677433827,24.666666666666668,247.80141843971631,104,163,111,110,135,120
4,233.65,4.21505376344086,20.15277777777778,255.6058394160584,104,159,109,106,134,132
5,224.86904761904762,2.2336088849624534,32.90277777777778,273.2279909706546,106,147,109,111,125,91
6,277.76197836166926,2.4193798133735385,18.875,225.1090909090909,178,206,162,171,179,171
7,369.5644599303136,2.6115785622827876,7.958333333333333,181.92307692307693,264,308,268,231,189,231
8,223.04861111111111,2.241276256617522,8.48611111111111,156.16239316239316,268,317,306,270,201,235
9,239.72527472527472,2.01129613399552,18.777777777777775,171.26506024096386,249,305,293,195,203,222
10,223.6346153846154,2.2595814554728717,17.38888888888889,169.8068181818182,241,293,262,177,187,203
11,189.75675675675674,2.3658978583196046,6.777777777777779,194.5,219,286,181,167,175,186
0,236.54347826086956,14.367636266595504,2.888888888888889,213.8148148148148,201,249,166,185,184,168
1,214.58762886597938,12.646313686313686,3.9583333333333335,230.92857142857142,178,168,154,164,173,164
2,212.472049689441,10.364610318331504,14.819444444444445,245.91240875912408,158,148,154,151,146,154
3,224.6225165562914,7.684044233807268,14.319444444444445,262.04411764705884,123,140,148,143,136,154
4,225.4153005464481,5.22718011409943,29.01388888888889,275.90625,122,143,135,148,123,147
5,206.04098360655738,3.574678981752646,47.61111111111111,279.4884792626728,121,141,127,145,131,107
6,284.75,2.9873188405797104,20.375,247.03377110694183,163,212,186,198,190,155
7,444.29801324503313,1.9566171094321227,16.88888888888889,192.468,245,292,258,266,202,229
8,253.4969696969697,1.2028676021964613,3.0833333333333335,161.6875,279,305,297,305,220,233
9,199.97196261682242,1.274385189278806,20.0,196.7979797979798,272,307,294,225,219,234
10,251.33783783783784,1.3500064876086677,11.097222222222223,206.63492063492063,264,296,264,221,202,221
11,209.37974683544303,1.0914885193982582,10.791666666666666,196.95890410958904,225,268,193,195,194,188
0,215.39361702127658,14.14777693001318,9.430555555555555,200.0595238095238,207,221,162,162,169,188
1,189.35955056179776,11.672727272727272,12.361111111111112,244.53333333333333,191,136,146,143,149,170
2,201.79577464788733,8.715151515151517,10.083333333333334,240.3464566929134,176,115,125,120,145,144
3,213.75301204819277,5.664666666666667,9.722222222222223,240.1448275862069,130,111,118,112,140,139
4,205.4746835443038,3.812169312169312,30.944444444444446,279.53237410071944,143,113,107,109,137,147
5,215.08333333333334,1.9597471294026576,36.73611111111111,270.76190476190476,135,117,100,110,119,93
6,226.9339774557166,2.0241921840636103,30.055555555555554,223.3803339517625,185,176,148,166,197,156
7,338.46440677966103,2.1460055096418733,8.277777777777779,164.04263565891472,260,275,231,253,208,225
8,268.9448275862069,1.5718400737412144,8.416666666666666,151.09016393442624,279,295,277,281,213,233
9,207.07142857142858,1.5808878127522195,7.625,163.4578313253012,261,285,261,222,218,228
10,224.575,1.498531119764979,12.875,180.78787878787878,247,266,249,211,210,211
11,207.8,1.3172077922077923,5.069444444444444,196.28787878787878,217,252,183,192,191,197
0,229.51898734177215,14.872912346842602,11.625,204.3835616438356,203,170,162,185,170,171
1,246.41176470588235,11.564199363732769,9.680555555555555,235.8709677419355,182,146,147,169,150,149
2,234.9083969465649,8.194579439252337,28.277777777777782,285.0265486725664,167,133,122,153,142,139
3,212.8423913043478,6.845607235142119,16.75,277.70059880239523,133,132,109,143,131,126
4,229.57368421052632,4.174549549549549,35.90277777777778,298.2654320987654,136,133,114,149,117,128
5,213.40246406570841,2.759153318077804,45.30555555555555,280.3857142857143,138,132,120,138,124,108
6,270.6963190184049,2.7076461769115445,20.291666666666668,247.4244741873805,197,195,184,188,168,170
7,521.1942675159236,2.0297088532382643,15.611111111111109,189.26666666666668,266,307,268,281,182,226
8,273.34640522875816,1.524543064979522,12.597222222222221,158.5177304964539,279,311,287,230,216,235
9,220.60416666666666,1.5245589383294307,14.722222222222223,176.92207792207793,267,308,272,239,214,225
10,220.45333333333335,1.750516986706056,12.625,222.09230769230768,247,286,193,219,206,203
11,212.0625,1.8024,11.611111111111109,227.65714285714284,229,273,175,203,185,185
0,196.48314606741573,13.560938154404578,13.444444444444443,181.875,206,221,174,150,179,172
1,233.12987012987014,10.45813504823151,13.375,257.27536231884056,193,149,153,135,149,154
2,213.6751592356688,8.66501216545012,5.597222222222222,250.9640287769784,163,128,142,115,134,140
3,222.24747474747474,5.774509803921568,19.63888888888889,267.4335260115607,116,134,126,114,126,132
4,210.23899371069183,3.9688982319965502,10.875,256.6642857142857,114,137,135,130,119,138
5,210.17484008528785,3.2206815511163347,38.833333333333336,265.9781553398058,124,134,127,123,123,109
6,252.22585669781932,2.87070938215103,18.902777777777775,230.44484629294755,181,184,182,181,182,154
7,670.5481049562683,2.5794458407405134,12.180555555555557,158.38148148148147,267,285,269,258,200,204
8,231.54225352112675,1.4786619248721942,3.5,168.31578947368422,278,300,318,295,223,222
9,225.0,1.31221198156682,7.9305555555555545,171.4891304347826,256,283,300,205,220,224
10,215.38947368421051,1.241567105755812,10.680555555555555,188.39506172839506,245,270,287,173,214,210
11,201.40322580645162,1.1935483870967742,14.486111111111112,191.64814814814815,225,252,200,163,204,196
0,198.77551020408163,14.17972907595549,9.277777777777779,202.75581395348837,187,231,159,170,183,183
1,223.77083333333334,11.931253822629968,13.111111111111109,252.95454545454547,169,162,152,168,168,162
2,234.78523489932886,7.703053960964409,11.583333333333334,255.68421052631578,157,149,132,150,143,140
3,216.7826086956522,6.021439106616098,20.569444444444443,254.23741007194243,114,151,130,139,132,125
4,229.73170731707316,5.021548072850487,23.26388888888889,279.3,118,153,110,136,132,138
5,206.77777777777777,3.018666978758265,24.777777777777775,259.6172043010753,123,147,115,142,121,95
6,257.4462209302326,1.9100878898654428,15.402777777777779,233.83788706739526,208,213,179,190,180,148
7,735.3333333333334,1.3247374833207637,6.25,182.33079847908746,274,301,284,282,219,207
8,254.6474820143885,1.1085694317509815,10.763888888888891,158.72268907563026,279,309,303,320,240,240
9,194.23300970873785,1.2464116306289654,10.416666666666666,174.74736842105264,266,302,292,232,230,224
10,211.6153846153846,1.1221532091097308,7.791666666666667,195.92424242424244,255,274,277,219,215,209
11,231.1904761904762,1.3721783741120757,6.4444444444444455,195.0,228,264,184,198,195,198
0,218.86813186813185,14.125470558988567,9.847222222222223,205.94520547945206,197,234,175,164,153,160
1,217.7674418604651,11.345263157894736,4.625,232.28571428571428,184,164,163,145,147,147
2,198.67073170731706,8.450516431924884,7.777777777777778,252.8939393939394,161,143,146,133,131,138
3,213.68508287292818,6.7303182579564504,18.555555555555557,281.825,121,134,139,148,125,129
4,220.47826086956522,4.814009661835749,40.236111111111114,296.50735294117646,123,145,136,152,137,135
5,213.11405295315683,2.755852842809365,55.06944444444445,277.0724299065421,120,139,129,140,131,95
6,230.50306748466258,2.180389369348023,11.5,230.2087114337568,182,191,194,183,210,141
7,599.3194888178914,1.907775119617225,18.555555555555554,187.08270676691728,266,270,268,288,204,224
8,250.31428571428572,1.4399267399267395,9.027777777777777,172.22131147540983,278,300,303,234,215,230
9,222.6236559139785,1.2627958603007847,7.361111111111112,173.42105263157896,276,297,302,221,204,223
10,191.02564102564102,1.3154264491311844,6.875,221.4,251,288,288,205,190,214
11,209.13333333333333,1.5718521527213651,6.472222222222222,247.39622641509433,223,260,194,191,174,189
0,220.39772727272728,15.28479262672811,16.833333333333332,245.4578313253012,213,176,176,163,172,185
1,230.38372093023256,12.15959595959596,16.22222222222222,254.6,195,171,154,143,148,179
2,225.7605633802817,8.76747967479675,22.041666666666668,237.40944881889763,121,144,138,125,135,157
3,226.90419161676647,5.792282430213463,14.875,255.56028368794327,127,140,136,128,130,151
4,205.62564102564102,4.08283752860412,26.027777777777775,281.1511627906977,123,135,141,124,134,103
5,210.3426124197002,3.146224553093102,52.236111111111114,294.45,126,147,142,121,128,107
6,327.14862914862914,2.4517155995755218,30.930555555555557,260.1845140032949,187,212,183,167,131,148
7,1265.5956112852664,2.4754890678941317,14.027777777777777,206.1734693877551,276,304,288,287,201,224
8,265.9929078014184,1.6237007493352669,7.916666666666667,203.16814159292036,278,320,301,222,215,240
9,190.83823529411765,1.48020804135912,17.22222222222222,194.7280701754386,272,305,293,208,212,239
10,206.98019801980197,1.3186174103877106,17.208333333333332,229.72619047619048,263,291,203,199,194,217
11,206.70833333333334,1.5022082018927447,21.375,244.53968253968253,229,269,196,184,188,202
0,240.75581395348837,15.398148148148149,21.916666666666668,252.60526315789474,222,159,177,162,170,190
1,193.94666666666666,12.456233635448138,18.972222222222225,277.06666666666666,208,145,164,150,155,171
2,226.09774436090225,9.359848484848486,25.88888888888889,278.99122807017545,139,120,138,126,134,146
3,231.57988165680473,6.598757497857755,23.694444444444446,284.13235294117646,126,116,128,130,141,137
4,227.76878612716763,4.648422606235779,28.055555555555557,284.3424657534247,118,107,127,125,140,90
5,215.4449244060475,2.9957254518808014,40.05555555555555,286.93564356435644,110,104,129,138,140,91
6,233.81831831831832,2.1050505050505053,15.111111111111109,267.1199294532628,167,170,181,179,143,150
7,358.62300319488816,2.102430660008423,18.916666666666668,207.4,247,276,290,283,205,210
8,248.5506329113924,1.5413581939493648,18.583333333333332,190.8421052631579,275,294,318,231,215,230
9,213.24324324324326,1.6429193087156535,20.416666666666668,202.2087912087912,258,289,310,223,213,239
10,225.1139240506329,2.0808705193855164,15.638888888888891,202.5151515151515,255,269,217,207,199,220
11,217.0,2.0825119236883944,25.5,202.5441176470588,241,245,195,185,182,210
0,208.10752688172042,14.535238095238096,32.833333333333336,263.0731707317073,209,163,148,170,175,185
1,217.2,12.033445378151264,18.01388888888889,304.1111111111111,182,155,142,147,157,169
2,206.54545454545453,8.858585858585858,44.708333333333336,268.576,121,140,124,132,129,146
3,232.0,6.806986093003042,19.23611111111111,270.5,115,131,119,124,127,151
4,230.2530864197531,4.509870740305524,28.222222222222225,293.0144927536232,110,132,120,131,131,116
5,228.99619771863118,3.0629943992147353,47.083333333333336,303.5241379310345,107,134,118,136,139,119
6,301.4047976011994,1.9887937547217327,14.902777777777779,274.0608695652174,168,196,168,222,155,174
7,641.643598615917,1.900568633056959,14.055555555555555,224.57142857142858,270,283,252,236,218,240
8,285.83216783216784,1.0400671281728553,30.291666666666668,211.184,286,307,283,240,233,240
9,211.8021978021978,1.116098226466576,13.75,258.5833333333333,284,305,191,224,226,236
10,236.35714285714286,1.4314623338257015,29.319444444444443,238.51470588235293,252,292,173,207,210,220
11,215.54545454545453,1.3745374094931617,27.986111111111114,248.96875,231,257,164,191,200,200
0,249.5,15.084140480591497,32.86111111111111,257.4871794871795,199,176,175,185,177,170
1,227.816091954023,12.054373716632446,31.555555555555554,289.7887323943662,186,150,158,176,162,142
2,228.28378378378378,9.627149277061354,24.597222222222218,290.4736842105263,136,129,141,163,141,143
3,233.23626373626374,6.266786570743405,30.111111111111114,305.73825503355704,119,136,137,149,147,146
4,216.84831460674158,4.98082978840948,29.097222222222225,323.68387096774194,122,145,141,147,146,86
5,227.54226804123712,2.8599398414000543,57.055555555555564,316.012285012285,119,155,141,133,153,94
6,263.5148669796557,1.7650460032075632,30.527777777777775,270.3446327683616,190,205,194,200,150,138
7,567.2334384858044,1.744252596379538,17.055555555555554,253.1782945736434,269,299,292,211,213,197
8,253.83229813664596,1.0346047738994841,36.416666666666664,214.645390070922,277,310,308,232,236,225
9,213.6067415730337,1.2825375170532063,26.25,208.19718309859155,268,294,232,224,228,220
10,247.89285714285714,1.253521643433602,20.444444444444443,263.0735294117647,249,275,216,210,210,203
11,198.67567567567568,1.4371917263325376,18.5,283.7704918032787,229,260,191,197,190,190
0,217.12121212121212,15.521499531396438,17.5,242.59302325581396,223,157,163,169,175,180
1,209.8048780487805,12.534693877551021,23.38888888888889,240.42253521126761,202,153,146,157,153,169
2,233.0,8.455180748213536,27.25,284.664,116,133,128,137,132,147
3,209.91176470588235,6.082037996545769,30.638888888888886,295.12738853503186,113,139,119,127,127,147
4,222.75496688741723,4.4272263868065975,30.777777777777775,292.2519083969466,113,139,130,121,110,112
5,227.04826254826256,3.160595925813316,62.486111111111114,303.619589977221,117,139,122,114,113,110
6,249.46808510638297,1.7243233865371275,13.097222222222221,248.37279151943463,192,202,180,176,138,160
7,623.083870967742,1.994212761007387,16.01388888888889,199.6196581196581,275,288,302,240,219,239
8,324.24117647058824,1.1742827099293973,17.34722222222222,182.92957746478874,279,310,306,217,233,240
9,217.25242718446603,1.1753953020747647,14.152777777777779,198.1547619047619,277,299,298,225,234,230
10,198.93506493506493,1.2729106628242075,15.638888888888888,179.28787878787878,262,275,201,205,226,219
11,220.078125,1.333657587548638,7.833333333333333,195.4,251,245,189,190,208,202
0,207.125,14.588680618744313,17.499999999999996,220.67123287671234,223,177,165,180,166,188
1,223.59139784946237,11.772953156822812,29.555555555555557,267.08,196,165,151,164,142,164
2,226.42957746478874,10.038273453093813,22.888888888888886,278.48837209302326,127,157,133,145,128,145
3,215.79012345679013,6.719924812030075,25.694444444444446,301.9078014184397,125,142,125,139,126,141
4,217.91351351351352,4.274985883681536,32.19444444444444,299.37820512820514,131,141,134,132,129,103
5,223.4375,3.438954765041723,46.59722222222223,299.9396984924623,135,144,146,129,137,101
6,261.638198757764,2.72282980177717,24.027777777777782,273.9257246376812,204,195,177,187,135,166
7,544.0830564784053,1.7805763823805065,18.65277777777778,222.3405172413793,279,283,276,281,193,240
8,253.17543859649123,1.1945334187486651,23.48611111111111,224.0506329113924,286,298,303,223,216,235
9,206.61290322580646,1.1241094863142105,24.708333333333332,221.40740740740742,276,296,299,222,201,230
10,246.85714285714286,0.7767687819110137,29.958333333333332,228.88888888888889,266,276,213,207,192,217
11,238.71621621621622,0.6002820306204675,25.01388888888889,289.11290322580646,242,251,177,192,178,201
0,196.8846153846154,15.986083824492468,38.388888888888886,282.12857142857143,148,177,167,162,176,188
1,221.42,12.52728013029316,26.61111111111111,299.74444444444447,144,150,153,145,155,174
2,244.11464968152868,9.347322503008424,30.027777777777775,305.45522388059703,139,141,139,129,135,148
3,246.98170731707316,6.608807709547286,39.916666666666664,361.34586466165416,139,148,129,123,133,104
4,239.81935483870967,4.65762936022483,36.416666666666664,353.8030303030303,137,145,133,122,142,110
5,230.77634011090572,2.9056987788331075,54.888888888888886,360.88840262582056,133,147,127,118,97,115
6,586.1467473524962,2.9094217370079445,41.97222222222222,316.0018796992481,203,219,191,132,168,160
7,1279.7590759075908,2.612547043637835,27.51388888888889,285.109375,276,310,282,204,235,224
8,235.48275862068965,2.188559892328399,58.90277777777778,271.72093023255815,277,320,210,207,240,232
9,243.3448275862069,1.9151877133105801,29.527777777777775,262.4,273,315,212,206,237,222
10,244.46052631578948,1.6807619673207983,27.708333333333332,279.5074626865672,247,214,197,194,220,210
11,253.05405405405406,1.4681487433596716,37.0,348.4761904761905,232,193,180,176,199,199
0,211.4,15.283342415985471,26.347222222222225,277.08,209,173,191,174,189,165
1,250.2325581395349,13.01660596600763,24.944444444444446,272.9,148,153,168,149,190,153
2,231.72,9.99231950844854,47.986111111111114,320.7962962962963,135,141,150,132,171,139
3,241.1813186813187,7.542518351214004,41.65277777777778,315.7266666666667,133,140,140,124,153,80
4,251.67045454545453,5.8410912190963336,29.194444444444446,302.8357142857143,140,137,142,119,151,76
5,223.5615866388309,3.7898440471662225,60.305555555555564,341.82100238663486,134,146,144,119,92,82
6,323.16483516483515,3.1588563854965446,24.930555555555557,306.98032200357784,196,200,208,129,129,144
7,557.8082191780821,1.844813782944247,27.73611111111111,264.94323144104806,264,290,299,204,207,223
8,263.6756756756757,1.374468085106383,53.65277777777778,258.97037037037035,282,293,231,225,240,233
9,255.6695652173913,1.3510803511141118,36.19444444444444,267.0,277,285,230,220,240,229
10,255.75324675324674,1.3546494992846925,32.041666666666664,221.44444444444446,264,270,214,205,235,210
11,187.04054054054055,1.295393656555181,27.222222222222225,268.0,239,189,202,188,207,193
0,245.4418604651163,16.23641484426773,52.55555555555555,302.55128205128204,162,182,160,158,157,187
1,228.66265060240963,12.279866447127699,51.180555555555564,287.4366197183099,151,169,142,142,138,169
2,243.96644295302013,9.587424242424241,28.055555555555557,326.8130081300813,128,160,124,122,127,164
3,237.27218934911244,7.561891185554763,37.06944444444445,277.40287769784175,128,148,116,113,124,103
4,213.65030674846625,4.719311761684643,29.916666666666668,345.8943661971831,123,153,131,117,86,98
5,230.5668103448276,2.775822050290135,46.18055555555555,349.2462311557789,118,147,131,120,89,100
6,345.6619937694704,3.2430014430014427,42.861111111111114,325.69962686567163,182,214,189,125,133,147
7,1240.978787878788,2.759221998658618,30.166666666666668,256.35849056603774,269,303,279,203,207,230
8,261.36601307189545,1.7780619111709293,30.027777777777782,266.1666666666667,279,311,215,229,212,240
9,255.45283018867926,1.7880952380952382,43.375,287.67816091954023,272,310,205,222,207,233
10,239.375,2.0889695503125627,32.00000000000001,305.1290322580645,267,222,193,205,193,225
11,244.2405063291139,2.4769985416942863,31.791666666666668,287.0769230769231,254,201,175,179,180,202
0,225.71028037383178,14.13543859649123,38.125,281.44897959183675,195,158,180,164,170,159
1,241.92307692307693,12.25077583059511,28.541666666666668,261.0487804878049,118,145,183,155,161,151
2,245.4421768707483,8.928549939831528,25.597222222222225,266.53225806451616,110,135,166,153,138,129
3,236.50595238095238,7.050668464217503,33.68055555555555,317.1006711409396,109,128,174,150,132,81
4,245.4021164021164,4.0703052728954665,35.958333333333336,344.84615384615387,111,128,149,144,133,87
5,232.0888888888889,3.7893939393939395,71.02777777777777,320.94172494172494,120,126,159,133,82,100
6,400.7363770250368,3.5224101479915433,20.944444444444446,296.781914893617,179,198,220,200,132,146
7,1159.109271523179,2.519047619047619,16.25,264.72680412371136,251,293,310,223,218,225
8,251.25179856115108,1.918548387096775,36.61111111111111,253.58870967741936,270,296,232,231,225,234
9,216.48863636363637,1.3236842105263156,31.805555555555557,275.04,258,299,223,230,225,228
10,230.11111111111111,1.2317155756207674,30.958333333333332,283.0144927536232,236,261,215,216,199,202
11,230.0,1.1616574129307575,35.59722222222223,260.64285714285717,220,170,195,192,185,185
0,217.0857142857143,15.40819012797075,17.5,230.39344262295083,212,183,177,169,165,188
1,211.70833333333334,12.034356333676621,20.23611111111111,261.6923076923077,202,165,152,152,136,164
2,237.24503311258277,8.843109577582602,37.125,293.81060606060606,123,152,138,122,121,141
3,209.95698924731184,6.601754385964911,38.65277777777778,305.6190476190476,123,153,149,108,103,124
4,240.40963855421685,3.860123557524186,37.84722222222222,285.6666666666667,141,141,143,119,111,91
5,220.44,3.7144334041697777,41.94444444444445,285.11467889908255,149,145,128,129,118,88
6,292.4264487369985,2.9606060606060614,24.972222222222225,253.27513227513228,218,224,188,185,143,137
7,1039.4006024096386,2.4691569242467453,23.319444444444443,216.59734513274336,274,308,300,202,200,219
8,315.33734939759034,2.075910900416325,19.791666666666668,210.14864864864865,276,316,312,201,222,240
9,232.64423076923077,2.218918336565395,17.47222222222222,226.02247191011236,273,318,305,197,221,233
10,229.075,2.1515228426395936,23.666666666666668,229.72131147540983,250,298,219,188,210,214
11,245.71764705882353,2.0134185303514376,16.90277777777778,282.2112676056338,225,274,189,174,187,203
0,225.2685185185185,14.560750469043152,17.48611111111111,251.02083333333334,213,188,163,165,156,181
1,213.45833333333334,11.543682604272634,22.458333333333332,217.0235294117647,184,179,159,153,142,166
2,218.71333333333334,8.324012494961709,14.708333333333334,243.51127819548873,116,157,142,136,129,147
3,214.04545454545453,5.136815920398011,18.75,263.36842105263156,114,149,140,139,122,140
4,212.96470588235294,2.928085667884693,26.513888888888886,267.13793103448273,122,151,135,132,137,144
5,227.28964059196616,1.7943747198565667,22.694444444444443,272.0247524752475,135,139,127,129,134,112
6,266.6455505279035,2.1013683102582785,31.972222222222225,251.9499105545617,177,194,168,176,182,177
7,431.1869158878505,2.159090909090909,18.333333333333332,194.10236220472441,261,287,256,274,190,228
8,285.33529411764704,1.2906339923883783,11.069444444444443,189.04137931034484,275,306,290,220,215,233
9,227.2450980392157,1.5102930642498984,9.805555555555555,166.35294117647058,273,313,286,224,208,225
10,202.825,1.4734503360716953,16.15277777777778,203.46666666666667,246,289,189,209,194,212
11,221.3846153846154,1.5337266069975592,16.86111111111111,201.27941176470588,228,260,170,186,177,208
0,233.20833333333334,14.355743359779233,22.416666666666668,212.75,195,239,147,185,185,164
1,212.51111111111112,12.387711598746082,22.527777777777775,258.5679012345679,181,168,117,182,163,146
2,218.69677419354838,8.81077100115075,8.875,229.13768115942028,161,156,108,157,156,131
3,228.84516129032258,6.206339210747272,19.51388888888889,265.390977443609,120,149,112,140,146,127
4,233.17088607594937,5.001692047377326,24.583333333333332,284.1102941176471,124,136,119,140,142,127
5,221.33264033264032,3.108695652173913,37.68055555555556,282.0023923444976,128,142,124,129,137,76
6,241.0737951807229,2.2479014109662447,5.652777777777778,245.1321739130435,182,182,190,202,132,130
7,448.1661237785016,1.751715833835039,10.694444444444445,190.2153846153846,258,265,271,298,224,194
8,213.00763358778627,1.079101710882183,16.59722222222222,194.2,279,289,298,222,240,239
9,242.19811320754718,0.9828042328042328,15.888888888888891,199.72527472527472,256,288,284,225,230,229
10,219.31578947368422,1.3309017223910842,13.194444444444443,230.94594594594594,244,270,245,222,222,207
11,187.8450704225352,1.696774193548387,17.98611111111111,205.57894736842104,211,265,160,205,210,189
0,228.23529411764707,13.927544325003494,19.041666666666668,216.98214285714286,191,235,181,171,163,161
1,189.95,12.420712788259959,17.208333333333332,240.4935064935065,181,158,169,149,149,148
2,187.84166666666667,9.227906976744189,13.875,261.25742574257424,163,144,154,128,137,134
3,226.91860465116278,6.771077156480278,20.069444444444446,240.38311688311688,119,129,147,115,127,132
4,212.74675324675326,4.5138520971302425,25.875,269.33076923076925,115,137,135,113,118,137
5,214.614931237721,2.9029235382308842,26.138888888888886,282.675799086758,109,139,126,121,103,98
6,223.83703703703705,1.7897790856716542,25.527777777777775,246.4878048780488,173,180,203,175,168,150
7,322.13707165109037,1.7119014801941632,13.069444444444443,183.69961977186313,267,288,293,264,191,214
8,307.73026315789474,1.0749604189501882,10.055555555555555,171.09923664122138,278,309,320,220,215,222
9,198.64772727272728,1.1022517534145442,14.916666666666666,199.55696202531647,276,318,310,220,208,216
10,208.47560975609755,1.1084524654432388,15.25,216.53846153846155,245,293,286,200,201,184
11,202.03389830508473,1.1671052631578949,11.0,211.1764705882353,210,263,196,185,182,180
0,222.11881188118812,15.173486150907353,20.333333333333332,189.8235294117647,233,158,169,127,168,192
1,240.5185185185185,11.557881619937692,24.625,236.5,216,141,159,122,151,174
2,226.83018867924528,9.658901745838406,23.111111111111114,265.98581560283685,139,129,135,114,137,167
3,230.46067415730337,6.712991718426502,17.5,268.4267515923567,137,126,130,111,144,157
4,220.03658536585365,5.028245942571785,31.805555555555557,275.7293233082707,145,106,127,104,150,169
5,219.70309278350516,3.4692772818888566,40.34722222222222,275.6328502415459,146,97,135,115,151,111
6,251.17160686427457,2.5466869886090167,21.319444444444446,242.26315789473685,197,170,178,158,220,161
7,431.6528662420382,1.8284711294032203,4.083333333333333,193.56972111553785,281,266,268,236,212,239
8,257.2042253521127,1.2559985234403839,2.0416666666666665,197.58474576271186,285,315,298,187,223,240
9,220.97916666666666,1.424761904761905,12.805555555555557,216.4,270,301,298,175,225,231
10,228.95890410958904,1.4034873049862344,20.833333333333332,216.82258064516128,268,273,281,158,205,216
11,208.64383561643837,1.7717607973421927,14.583333333333334,181.33333333333334,242,246,198,139,182,197
0,244.1530612244898,15.494545454545454,14.430555555555555,205.88505747126436,219,195,187,175,146,178
1,204.03896103896105,11.720885311871228,18.26388888888889,254.5737704918033,196,177,157,166,145,153
2,228.04237288135593,10.0515706282513,20.347222222222225,253.89795918367346,133,154,147,146,120,133
3,214.58659217877096,8.379539559014267,23.944444444444446,302.0592105263158,133,143,140,128,105,122
4,223.6703910614525,5.771111759556463,28.027777777777775,317.64516129032256,132,168,119,131,113,82
5,226.16299559471366,3.532837528604119,50.069444444444436,312.5628272251309,139,159,115,132,111,104
6,258.3835616438356,2.739320920043811,31.250000000000004,282.96996466431096,193,213,181,176,97,136
7,613.4102564102565,2.1788225838858755,11.694444444444445,232.6798418972332,283,301,271,194,169,204
8,352.8934911242604,1.5337019969278032,26.027777777777775,217.02597402597402,282,320,306,218,205,219
9,246.17708333333334,1.507654738423969,30.722222222222225,221.2289156626506,273,313,297,220,197,221
10,212.03846153846155,1.7170266378689703,36.111111111111114,242.96923076923076,259,305,221,209,184,211
11,223.0144927536232,1.8959224069675378,16.63888888888889,210.82142857142858,233,285,190,193,170,192
0,216.28571428571428,15.340146520146522,19.38888888888889,274.6666666666667,206,201,170,171,164,180
1,229.44086021505376,11.645412004069176,20.76388888888889,262.4230769230769,197,166,152,157,150,161
2,213.66666666666666,9.127459661550573,11.847222222222223,294.6511627906977,119,157,145,140,140,146
3,225.57575757575756,6.033484848484848,50.555555555555564,319.7517730496454,119,153,148,137,138,130
4,241.27272727272728,3.9658547689506034,30.944444444444443,320.6293706293706,114,153,133,137,140,87
5,226.04627766599597,2.0605209397344226,63.90277777777778,308.86301369863014,119,147,131,135,94,86
6,271.83963691376704,2.2547846889952154,22.708333333333332,250.87456445993033,187,214,202,183,148,130
7,579.9468438538206,1.8883938445982242,13.347222222222221,202.60593220338984,266,317,280,217,240,187
8,247.390243902439,1.4978845980736333,18.61111111111111,202.11971830985917,272,320,304,213,240,238
9,229.6697247706422,1.6556810403832996,14.041666666666666,210.81914893617022,266,316,208,207,234,230
10,238.5,1.5895604395604395,13.263888888888888,220.9512195121951,244,297,199,191,215,219
11,241.59259259259258,1.4034716679968076,15.916666666666666,247.6,224,276,183,178,185,207
0,232.0,15.51562443026436,26.333333333333332,231.06493506493507,206,186,170,176,165,194
1,226.15116279069767,11.873240056318197,28.263888888888886,245.7530864197531,140,178,151,157,149,172
2,234.8,9.504694835680752,25.805555555555554,289.5267175572519,134,160,128,130,144,156
3,227.60109289617486,6.234304703476483,25.166666666666668,306.1756756756757,136,148,124,127,129,151
4,229.60233918128654,3.585488784270285,34.52777777777778,272.6620689655172,135,141,127,149,120,113
5,219.51632653061225,2.497820498491114,67.91666666666666,311.66829268292685,139,142,123,145,117,112
6,329.67610062893084,2.940637720488467,23.916666666666668,266.4351145038168,186,194,174,207,138,173
7,629.0205278592375,2.1507394096506216,16.583333333333332,230.02247191011236,263,292,287,269,205,227
8,305.81756756756755,1.709650231774126,15.75,215.672,270,314,301,229,228,240
9,215.95876288659792,2.1530779753761973,26.930555555555557,217.5888888888889,259,301,223,226,214,239
10,231.2674418604651,2.141860465116279,15.083333333333334,233.34285714285716,232,287,210,211,203,233
11,235.32394366197184,1.8853742835892722,31.986111111111114,261.1818181818182,222,211,188,196,181,205
0,220.67045454545453,14.105658914728682,34.916666666666664,226.17808219178082,201,164,157,186,158,166
1,224.18823529411765,11.38787878787879,31.666666666666668,222.69620253164558,123,145,147,166,149,150
2,196.6917808219178,8.11641852770885,21.208333333333332,277.0787401574803,118,127,137,152,145,127
3,212.09146341463415,5.372729961549837,14.222222222222223,270.1276595744681,123,117,126,140,139,90
4,221.17948717948718,3.2309258593843575,51.81944444444445,279.2700729927007,116,125,133,138,130,84
5,226.48535564853557,2.593299667446729,36.06944444444444,301.8743842364532,120,128,118,143,116,81
6,225.77455716586152,1.5093332136767477,24.027777777777775,265.834879406308,194,193,170,194,131,131
7,278.69607843137254,1.0776200543642407,17.777777777777775,221.47104247104247,263,285,279,192,197,203
8,255.64705882352942,0.7242153155645732,23.805555555555557,215.31297709923663,289,308,291,226,216,219
9,241.5686274509804,0.8128720238095236,17.708333333333332,205.02564102564102,281,311,288,220,222,214
10,212.2,1.2089837997054491,31.555555555555557,230.43076923076924,265,285,200,210,192,206
11,254.41558441558442,1.0136734693877552,40.138888888888886,294.45,233,256,183,189,178,186
0,206.2560975609756,15.196068052930057,16.375,221.78571428571428,207,181,168,175,161,166
1,246.88311688311688,12.339086294416244,10.125,253.67164179104478,185,165,157,170,154,154
2,226.8905109489051,9.670666261644392,22.291666666666668,267.87068965517244,119,144,135,162,133,130
3,231.13372093023256,6.823326980093182,41.68055555555555,289.126582278481,114,137,133,157,117,129
4,225.61666666666667,4.488965970934753,51.5,293.06451612903226,121,115,134,144,134,79
5,226.27524752475247,3.1677860256863433,37.36111111111111,291.38588235294117,123,127,144,140,125,79
6,255.82018927444796,2.261888111888112,27.458333333333332,250.65745856353593,177,189,214,196,133,131
7,477.68501529051986,2.048476946782032,6.625,216.60363636363635,265,280,292,291,194,212
8,238.75187969924812,1.512773611365161,27.347222222222218,188.91379310344828,280,302,298,223,219,240
9,259.1340206185567,1.384447356924421,18.59722222222222,225.41463414634146,274,302,291,218,219,222
10,222.06944444444446,1.7919689119170983,20.805555555555554,260.3076923076923,251,288,202,199,202,209
11,231.546875,1.7722311396468702,16.02777777777778,257.72727272727275,230,266,194,187,182,187
0,242.35227272727272,15.138888888888888,19.069444444444446,201.78481012658227,203,177,165,178,180,177
1,215.61176470588236,11.993658536585365,29.430555555555554,242.94666666666666,188,153,155,166,162,160
2,235.64739884393063,9.582113821138211,20.069444444444446,254.77070063694268,127,136,124,141,148,144
3,229.63855421686748,6.434730848861285,27.972222222222218,270.1700680272109,124,143,130,119,145,144
4,202.15555555555557,4.431407840710952,21.777777777777775,284.94375,134,131,128,128,139,113
5,226.33265306122448,3.0664093540697013,26.277777777777775,287.4698795180723,139,131,126,127,129,114
6,288.287812041116,2.1498959056210962,13.861111111111112,258.91680814940577,184,167,186,198,144,169
7,819.0338461538462,1.5537371207377473,11.416666666666666,178.63948497854076,272,294,299,289,216,227
8,282.4765100671141,1.0916161976012349,6.291666666666667,195.03649635036496,279,313,314,226,232,240
9,240.09302325581396,1.2088386877758228,20.805555555555557,219.41584158415841,266,294,297,219,232,235
10,228.90123456790124,1.3946298984034833,17.36111111111111,223.14492753623188,249,283,209,204,211,222
11,232.5909090909091,1.6108867775138558,30.04166666666666,261.7090909090909,221,273,189,182,197,201
0,203.59615384615384,13.972947123924031,11.444444444444445,219.11111111111111,200,227,177,175,166,181
1,213.82142857142858,11.266707193515707,13.555555555555557,228.82051282051282,186,150,163,170,159,159
2,204.44827586206895,8.478735891647856,24.930555555555554,265.8130081300813,160,135,159,159,140,133
3,212.2962962962963,5.133954909397387,13.861111111111112,263.41333333333336,117,126,144,149,127,128
4,235.58620689655172,2.9107142857142856,28.23611111111111,282.00680272108843,123,126,134,137,129,128
5,227.30497925311204,2.0787821348181494,32.77777777777778,281.33098591549293,122,132,122,138,135,85
6,251.2286931818182,1.8372102464174072,44.111111111111114,256.92537313432837,171,185,175,200,215,125
7,886.1750741839762,1.7195107609079154,13.902777777777777,190.55510204081634,257,292,264,280,232,221
8,319.0394736842105,0.8718764733616217,9.88888888888889,169.49242424242425,270,314,314,240,240,238
9,220.4891304347826,0.8471177944862155,12.833333333333334,176.0810810810811,267,314,312,240,229,234
10,229.08641975308643,0.9154949784791966,26.180555555555557,195.28169014084506,239,293,210,224,210,218
11,226.60294117647058,1.1985512920908377,13.708333333333334,223.66666666666666,222,271,193,204,181,206
0,195.0,13.694740181907921,7.6805555555555545,232.14492753623188,223,217,149,149,178,175
1,226.28235294117647,11.48735042735043,13.833333333333334,239.1216216216216,201,141,135,136,165,158
2,221.0121951219512,9.040379596678529,13.0,250.70714285714286,183,118,128,120,146,148
3,219.66071428571428,6.436712299000434,19.916666666666668,266.12025316455697,133,111,122,120,139,142
4,197.91216216216216,3.122501086484137,23.11111111111111,256.031007751938,145,115,116,126,129,136
5,210.67070707070707,1.8475577026301666,21.902777777777775,263.67194570135746,146,118,119,131,121,94
6,235.38167938931298,2.0180275715800633,10.0,229.22735346358792,202,179,196,164,192,133
7,311.24381625441697,1.3915151515151516,5.958333333333333,187.20491803278688,270,282,270,256,219,203
8,236.36111111111111,1.063319764812302,8.819444444444445,180.61157024793388,284,291,286,288,234,225
9,203.12087912087912,0.8155947638019353,10.986111111111112,177.44444444444446,274,280,278,214,234,226
10,197.56962025316454,1.0109626584446727,12.097222222222223,193.9016393442623,261,262,249,188,215,215
11,214.66666666666666,1.2322314049586776,24.61111111111111,210.0392156862745,244,243,159,170,195,199
0,197.56701030927834,15.131029272898964,17.944444444444443,236.59259259259258,210,156,191,162,155,185
1,198.71604938271605,11.484407826982489,27.027777777777782,251.5068493150685,196,146,162,163,146,158
2,209.94160583941607,9.611847389558232,12.027777777777779,257.7118644067797,142,125,147,147,125,144
3,236.77777777777777,7.070565363598151,25.916666666666668,275.8776978417266,141,128,130,133,124,137
4,219.76282051282053,5.598639455782314,39.166666666666664,275.912,151,126,124,125,120,138
5,227.24950099800398,3.33698766662514,51.87500000000001,286.0477272727273,137,124,123,109,121,84
6,237.66134185303514,2.5280958396153377,11.722222222222221,239.38476190476192,207,184,187,176,168,145
7,317.2044728434505,1.8821232458816355,11.763888888888891,196.64814814814815,265,284,280,261,182,218
8,220.40151515151516,1.1723166436992802,8.875,180.08620689655172,266,306,316,229,218,220
9,197.90526315789472,1.133390514311128,17.15277777777778,230.40740740740742,262,283,306,221,212,215
10,232.24137931034483,1.1204142011834322,14.388888888888891,195.56363636363636,250,276,219,207,190,210
11,217.75324675324674,1.3682119205298013,13.875,267.66153846153844,227,237,202,183,167,192
0,200.08823529411765,15.079500746167414,17.98611111111111,213.05434782608697,209,230,157,181,170,187
1,209.4536082474227,13.858542510121458,12.333333333333334,234.8953488372093,193,162,143,166,158,166
2,216.140625,11.028248587570621,9.041666666666666,245.29090909090908,182,141,134,135,146,147
3,209.7482993197279,7.438384813384814,12.736111111111109,267.4148148148148,111,132,123,117,157,137
4,213.76646706586826,5.007130124777184,21.166666666666668,270.1276595744681,107,135,119,115,144,128
5,212.59803921568627,3.151373321837665,40.34722222222222,277.84381778741863,118,135,115,114,126,98
6,257.74183514774495,2.691991702932443,23.958333333333332,231.47491039426524,164,218,178,164,182,163
7,385.0315457413249,2.1689226266691057,12.708333333333334,189.8671586715867,241,302,271,247,196,234
8,313.4968944099379,1.5951426024955435,13.291666666666666,159.43478260869566,271,312,299,289,221,240
9,216.19,1.561380515508956,13.152777777777777,164.13793103448276,266,313,281,218,215,233
10,217.12987012987014,1.793142326568511,10.277777777777779,183.0,242,286,268,213,213,214
11,202.4814814814815,1.639490445859873,13.902777777777777,236.81159420289856,229,267,180,191,187,202
0,220.3235294117647,13.721019499462612,11.222222222222221,213.15384615384616,197,214,137,129,174,151
1,241.61904761904762,10.936119402985074,10.180555555555555,195.23287671232876,174,154,132,114,164,133
2,194.9025974025974,8.245588615782664,14.708333333333334,238.53030303030303,148,136,112,99,150,128
3,215.3121387283237,5.133879781420766,16.069444444444446,256.0986842105263,110,138,111,118,129,126
4,210.70621468926555,3.3783068783068786,15.458333333333334,240.9,114,140,107,113,137,145
5,231.6440329218107,3.2401866151866154,33.11111111111111,251.468671679198,115,147,112,118,138,147
6,251.52801358234296,3.0967923240595776,23.597222222222225,217.72154471544715,181,197,168,176,211,150
7,388.82,2.94244970715559,13.513888888888888,190.61328125,260,276,236,241,218,197
8,208.64705882352942,2.883639935702804,11.180555555555555,167.76271186440678,274,281,253,270,236,213
9,226.75,2.801904761904762,12.027777777777779,173.91764705882352,263,273,251,179,232,202
10,222.27272727272728,2.651858304297328,14.333333333333334,169.71875,242,248,249,169,218,186
11,202.28378378378378,2.7661204605845877,10.583333333333334,187.5625,214,238,167,146,205,159
0,222.86,14.652721740855878,14.638888888888888,250.5287356321839,222,260,178,181,156,166
1,222.34146341463415,12.744560710760119,14.013888888888888,247.77631578947367,199,177,173,166,149,149
2,213.25954198473283,9.9431693989071,7.25,253.1090909090909,189,151,152,151,134,138
3,223.27918781725887,7.242184265010353,15.805555555555557,285.6936416184971,134,140,146,138,123,124
4,218.12972972972972,5.27877358490566,30.98611111111111,289.53548387096777,120,137,144,134,131,129
5,226.3673870333988,4.518106482007039,43.916666666666664,287.91609977324265,129,133,149,125,138,92
6,340.6800618238022,4.95484510155089,7.611111111111111,239.2992565055762,178,211,219,210,185,138
7,964.3610223642172,2.2529078178346156,0.0,186.14655172413794,274,300,273,284,216,224
8,240.05479452054794,1.1399656636848288,8.791666666666666,180.0074074074074,286,308,306,218,223,240
9,232.86868686868686,1.1021831885141236,17.277777777777775,175.11764705882354,275,304,302,217,203,228
10,227.07142857142858,1.1577380952380953,8.5,202.65384615384616,249,301,283,209,186,212
11,231.46052631578948,1.3450039032006247,13.722222222222221,243.25757575757575,234,289,195,203,168,192
0,203.77528089887642,15.14286785379569,4.666666666666667,236.26190476190476,198,176,164,169,181,179
1,218.05208333333334,11.963768996960486,11.736111111111109,267.6551724137931,179,165,154,156,170,163
2,219.79166666666666,9.2374213836478,13.472222222222221,281.4959349593496,124,150,135,137,152,150
3,218.91237113402062,6.025308641975308,11.611111111111109,296.79640718562877,126,132,127,136,143,146
4,203.09467455621302,3.371571906354515,37.97222222222223,294.79194630872485,127,141,128,146,141,97
5,213.61603375527426,1.9417033056505455,59.861111111111114,297.0958230958231,133,143,136,149,144,96
6,242.58620689655172,1.6953393806693773,20.791666666666668,240.11819887429644,179,192,191,201,211,138
7,311.2733333333333,1.7371462974111982,19.680555555555557,196.35271317829458,260,274,272,283,215,206
8,303.85350318471336,1.5256588072122055,9.98611111111111,182.36690647482015,270,297,285,225,240,228
9,225.24,1.7132077864434723,9.555555555555555,207.7764705882353,271,287,277,214,235,218
10,219.8695652173913,1.629360024264483,16.208333333333332,177.58823529411765,253,275,260,192,220,213
11,222.5,1.828706624605678,14.513888888888888,197.15,224,261,191,181,208,203
0,229.8641975308642,14.89811320754717,21.722222222222218,241.57534246575344,209,162,164,185,151,189
1,207.71764705882353,12.378234683281413,24.541666666666668,232.27631578947367,186,152,160,161,134,170
2,224.26490066225165,9.532963185274108,19.38888888888889,293.82307692307694,115,149,146,145,116,162
3,208.68926553672316,7.242105813467169,46.111111111111114,319.875,111,144,141,142,104,155
4,218.42780748663102,5.225169791606199,58.63888888888889,314.78125,120,133,149,135,109,103
5,223.48030018761727,3.4678847346754633,51.44444444444445,301.7318681318681,114,133,150,137,122,115
6,391.9028213166144,2.551526091237282,21.930555555555557,247.8635477582846,190,202,195,224,133,164
7,823.6159420289855,2.710015091673891,18.63888888888889,210.22058823529412,273,288,278,227,186,231
8,255.125,2.1083850260778325,11.083333333333334,244.8045112781955,274,291,298,237,203,240
9,230.29807692307693,1.8140845070422538,21.416666666666668,271.3225806451613,266,287,211,227,198,231
10,220.49367088607596,1.5831096196868009,17.874999999999996,241.6231884057971,255,269,206,213,176,222
11,227.15277777777777,1.5395300590808643,18.944444444444446,284.6779661016949,238,178,182,200,167,202
0,250.13131313131314,15.211483253588518,19.666666666666668,285.32183908045977,213,169,144,142,179,198
1,212.1573033707865,13.112864077669903,52.861111111111114,303.14102564102564,150,154,137,131,171,184
2,231.6216216216216,10.807135728542915,41.31944444444445,305.95384615384614,129,141,120,124,156,165
3,235.1042944785276,7.827620789333962,18.597222222222225,325.14285714285717,136,126,111,107,158,99
4,227.97687861271677,5.791257909096186,25.916666666666668,328.82068965517243,139,149,111,104,146,100
5,243.34095634095635,4.585395736339134,51.37499999999999,339.6077481840194,141,149,121,108,116,107
6,445.1674491392801,5.558582057641324,39.65277777777778,333.6164948453608,226,200,151,148,177,161
7,476.31612903225806,2.793628717133584,58.22222222222222,294.5,280,281,258,167,234,218
8,275.85074626865674,1.7952856159669648,34.916666666666664,253.86725663716814,283,295,197,202,236,240
9,238.88541666666666,1.6014492753623188,25.430555555555554,279.4078947368421,282,294,168,192,221,223
10,238.88888888888889,1.672981313217898,33.94444444444444,258.52,265,201,158,176,210,218
11,252.23076923076923,1.8700929870367824,55.458333333333336,278.58181818181816,239,190,153,158,194,215
0,191.35643564356437,13.906359077231695,26.527777777777775,293.75,192,167,166,148,151,173
1,213.66666666666666,11.037746478873238,29.194444444444446,283.32608695652175,179,162,150,125,147,160
2,210.93630573248407,9.613821138211383,28.416666666666668,239.46808510638297,118,146,147,121,136,152
3,217.8978494623656,6.50555209630552,23.333333333333332,271.0875,111,146,157,111,135,143
4,232.63736263736263,4.759434728463914,36.22222222222222,306.7792207792208,127,148,158,130,138,102
5,228.82868525896416,3.7841711114702865,41.90277777777778,293.3924349881797,132,153,149,139,132,102
6,298.76740506329116,3.2563439270756347,23.819444444444443,261.56190476190477,184,215,205,216,131,156
7,653.3333333333334,1.9142727743271222,17.930555555555557,223.54117647058823,266,295,274,212,192,233
8,271.52866242038215,1.1483843537414964,29.625,201.19402985074626,280,311,299,221,217,240
9,245.09259259259258,1.2194001195984012,20.694444444444446,227.4022988505747,276,312,273,210,210,232
10,264.0416666666667,1.4026706231454003,28.847222222222225,238.8,249,282,190,199,205,223
11,213.92537313432837,1.3674813587406793,21.51388888888889,304.8474576271187,219,254,185,174,181,194
0,210.50515463917526,14.562616822429908,15.680555555555555,215.79518072289156,209,178,161,164,174,184
1,236.90588235294118,11.553572159672466,28.152777777777782,257.8051948051948,196,161,140,151,156,173
2,221.87755102040816,9.312450278440732,18.26388888888889,263.6740740740741,127,136,138,131,139,167
3,208.27272727272728,5.947644250726442,16.375,278.2974683544304,121,132,131,132,129,158
4,225.81176470588235,3.932256094175136,32.708333333333336,293.70394736842104,127,139,137,135,131,114
5,220.3864077669903,2.5569464625013967,26.402777777777782,296.3692660550459,127,153,132,139,124,103
6,344.12996941896023,3.302920310179838,28.625,263.66358595194083,196,239,168,174,148,177
7,959.398891966759,2.398636941203651,25.347222222222225,231.79841897233203,271,309,284,265,205,240
8,208.39583333333334,1.6240824992417353,26.277777777777775,206.4,278,315,301,216,220,240
9,213.44859813084113,1.4683639792550682,25.0,225.56989247311827,275,300,287,206,212,235
10,229.15217391304347,1.1386651752423564,13.444444444444445,230.92207792207793,259,267,196,199,198,222
11,226.16901408450704,0.8887590652699436,13.75,232.69811320754718,244,254,180,179,186,198
0,220.8108108108108,14.6880303030303,34.18055555555555,219.48888888888888,212,179,175,168,154,168
1,223.76470588235293,11.702269386255054,32.513888888888886,255.83783783783784,144,167,160,155,143,138
2,223.43421052631578,8.554819153308673,20.22222222222222,290.02255639097746,134,146,145,134,137,115
3,231.84242424242424,5.682843713278496,16.458333333333332,292.8611111111111,131,137,126,127,149,70
4,218.8265306122449,3.5866346772777815,26.541666666666668,322.04117647058825,135,136,118,126,150,78
5,224.29317269076304,2.614793047392772,77.98611111111111,321.33098591549293,137,141,119,130,104,96
6,322.1107644305772,2.7655743158945354,51.319444444444436,279.9851851851852,199,196,211,192,151,144
7,877.1747572815534,2.018894932722587,18.166666666666668,226.3755868544601,264,318,297,201,190,227
8,330.85,1.5452606279104708,16.26388888888889,224.73381294964028,275,320,320,221,215,234
9,236.11340206185568,1.6065217391304345,31.819444444444443,238.3896103896104,269,314,233,220,223,213
10,273.0120481927711,1.5557329462989842,12.166666666666666,256.0153846153846,254,298,216,209,204,197
11,210.83636363636364,1.7142983191423655,41.63888888888889,263.1041666666667,245,200,205,189,179,175
0,221.46835443037975,14.978588899341485,36.55555555555556,243.51388888888889,224,171,159,158,170,181
1,190.93693693693695,11.859550102249491,10.25,245.37755102040816,198,154,150,146,166,164
2,224.00680272108843,8.255571992110454,32.63888888888889,276.0615384615385,129,140,147,131,145,153
3,222.26857142857142,5.769967400162998,27.0,291.19745222929936,125,146,138,130,136,143
4,228.045197740113,4.17279678517609,34.40277777777778,306.5838926174497,121,157,130,138,133,100
5,219.66173361522198,3.3652742256322816,64.04166666666667,302.0792079207921,127,141,116,147,132,102
6,250.78267716535433,2.612620015569588,12.652777777777779,274.4685185185185,185,201,171,190,161,143
7,513.0205479452055,1.629237429237429,18.694444444444446,219.70472440944883,261,290,280,185,204,210
8,312.4121621621622,1.5712150330984418,25.541666666666668,195.15447154471545,278,314,301,215,220,233
9,211.6195652173913,1.6900546821599456,14.41666666666667,211.3375,275,311,217,212,219,229
10,231.62637362637363,1.5887143900657417,20.930555555555557,251.4935064935065,263,291,194,200,208,213
11,193.44285714285715,1.58370607028754,18.02777777777778,240.4915254237288,247,263,173,179,185,205
0,228.28395061728395,15.406692015209124,14.555555555555557,246.44776119402985,204,148,179,177,158,186
1,208.59183673469389,12.083186582809226,17.222222222222225,289.7105263157895,179,133,159,164,150,169
2,214.1259259259259,9.23570110701107,41.93055555555556,284.87068965517244,120,122,143,145,125,158
3,221.32919254658384,5.914041994750656,20.63888888888889,291.8897637795276,120,112,130,135,122,143
4,211.6321243523316,3.804961925816752,46.18055555555555,310.5549132947977,122,116,131,128,120,91
5,219.90380761523045,2.697971014492754,42.56944444444445,300.1129411764706,133,112,141,143,123,98
6,250.46849757673667,2.0592312271451654,42.13888888888889,271.34750462107206,187,190,197,194,157,144
7,947.1802325581396,1.6370674486803516,10.111111111111112,232.70682730923696,274,274,294,278,220,210
8,402.85632183908046,1.4160782183595875,15.305555555555555,232.67153284671534,281,292,310,225,230,240
9,203.63513513513513,1.6772048846675718,32.833333333333336,233.7246376811594,271,287,230,226,220,240
10,227.4,1.9118343195266274,32.86111111111111,244.45454545454547,249,252,220,212,204,215
11,204.71212121212122,2.0369266361169194,17.916666666666668,215.90740740740742,239,167,193,201,181,202
0,242.4431818181818,14.595746268656715,18.458333333333332,273.2564102564103,211,174,172,158,170,187
1,239.58241758241758,11.623914223669923,37.55555555555556,294.5975609756098,136,158,154,146,156,171
2,220.9391891891892,8.930820421136273,29.416666666666668,271.77777777777777,116,143,140,125,154,161
3,219.25641025641025,6.5652742256322805,29.277777777777775,315.618320610687,114,144,125,128,136,118
4,219.76331360946745,5.889390390218819,42.291666666666664,315.9013157894737,113,146,109,132,131,130
5,222.22947368421052,3.339712918660286,50.763888888888886,307.9761904761905,122,129,109,136,98,128
6,286.61620795107035,2.7801899592944372,43.263888888888886,269.99092558983665,172,194,186,189,132,199
7,1048.7161716171618,1.6987818383167221,24.347222222222225,214.99561403508773,275,292,281,209,208,240
8,279.39263803680984,1.2801967134460837,16.805555555555557,232.8796992481203,281,299,315,220,233,240
9,196.80582524271844,1.1186234817813767,24.944444444444443,260.35227272727275,274,293,225,219,235,236
10,232.7608695652174,0.909251259899208,20.430555555555554,260.28205128205127,259,279,210,195,223,223
11,254.50666666666666,0.9158074060790818,25.166666666666668,244.85245901639345,236,187,179,183,188,201
0,206.02597402597402,15.04657534246576,23.583333333333332,300.48387096774195,204,179,168,192,166,186
1,217.65,12.704802259887003,57.944444444444436,327.7638888888889,138,161,139,183,148,175
2,231.8993288590604,9.646270396270397,42.47222222222222,292.6106870229008,124,148,127,164,135,160
3,232.61290322580646,6.762473724969576,28.29166666666667,298.40287769784175,127,133,130,162,124,110
4,229.05847953216374,4.316818335018538,34.63888888888889,320.81944444444446,122,135,137,153,129,98
5,218.6442105263158,2.3644605046278677,38.94444444444444,317.8645320197044,123,132,130,145,93,94
6,266.1703470031546,1.9365710335292086,40.69444444444445,279.393115942029,181,201,185,203,136,146
7,477.7047619047619,1.9953204811336294,15.111111111111112,220.2948717948718,252,268,262,225,217,221
8,339.6463414634146,1.1180915961030684,21.416666666666668,246.8972602739726,279,309,296,234,228,223
9,232.78571428571428,1.3161875427789187,18.77777777777778,222.57303370786516,275,306,202,226,227,225
10,241.1639344262295,1.1882671480144404,17.569444444444446,297.14814814814815,260,290,191,220,208,216
11,221.05128205128204,1.0560300496355586,12.930555555555555,263.3,219,190,181,206,182,199
0,247.1818181818182,14.427234042553193,27.152777777777775,283.8732394366197,202,172,161,149,169,181
1,251.21212121212122,12.040215814290898,44.01388888888889,278.8103448275862,139,162,153,139,155,171
2,225.41666666666666,9.102764177886579,31.319444444444446,276.74264705882354,126,139,135,119,141,157
3,235.13142857142856,7.124906420961705,20.875,279.8344370860927,119,139,131,109,148,109
4,231.82954545454547,5.112597547380156,36.12499999999999,312.99310344827586,117,135,138,108,160,122
5,223.91528925619835,2.708251307722594,51.125,304.7277227722772,109,134,134,128,157,111
6,276.41131498470946,1.952767902488573,14.208333333333334,281.89026548672564,173,184,191,205,158,163
7,646.1558935361217,2.017437961099933,17.777777777777782,225.80188679245282,273,275,286,205,213,239
8,238.87591240875912,2.0957882511155943,24.902777777777775,233.98275862068965,268,297,303,224,226,240
9,229.11827956989248,1.893502824858757,29.805555555555554,266.5769230769231,254,293,207,216,218,228
10,256.6219512195122,1.8915466262319938,24.98611111111111,287.35714285714283,246,270,188,191,210,214
11,209.88,1.6339110155928482,19.916666666666668,266.70588235294116,227,189,172,167,200,196
0,233.65882352941176,14.418597502401537,29.986111111111114,259.3918918918919,211,182,159,160,163,166
1,219.11702127659575,11.439914255091105,31.416666666666668,285.7261904761905,192,167,141,141,149,143
2,220.59876543209876,9.213659147869675,36.583333333333336,287.4513888888889,132,150,125,124,143,124
3,235.18232044198896,5.9145966029723995,27.722222222222225,306.60759493670884,127,148,124,118,146,122
4,224.85555555555555,4.797953964194373,33.52777777777778,284.9483870967742,133,155,120,124,142,108
5,226.35270541082164,4.133259484907229,14.402777777777777,300.5091743119266,133,168,119,126,124,115
6,399.7554858934169,3.406270736562707,24.75,272.31009174311924,192,226,168,199,132,179
7,1491.7329192546583,2.468761904761905,27.305555555555557,206.20975609756098,254,297,286,217,212,234
8,455.7457627118644,1.8838978890525289,16.23611111111111,224.63924050632912,279,298,289,223,223,240
9,266.16,1.8220028559011605,27.569444444444443,216.61111111111111,269,296,288,225,221,235
10,225.2207792207792,1.7384164222873901,12.791666666666666,240.8125,256,291,199,207,202,209
11,242.08450704225353,1.704584040747029,19.166666666666668,256.23809523809524,243,190,184,189,192,180
0,195.61,14.989386213408878,20.40277777777778,221.6206896551724,194,162,180,166,185,172
1,210.11363636363637,11.82649033570702,20.180555555555557,243.78947368421052,182,150,156,161,176,158
2,217.43939393939394,8.416666666666668,20.430555555555557,278.8782608695652,114,131,135,139,156,141
3,232.19277108433735,6.325948684777921,27.416666666666668,277.57246376811594,115,129,125,127,143,134
4,212.98666666666668,3.68054007184442,16.055555555555554,287.10687022900765,103,122,140,110,133,94
5,223.81453154875717,2.5437879350922827,50.52777777777778,293.5462365591398,98,115,134,120,133,102
6,253.14803625377644,2.1169772256728776,17.902777777777775,241.8373831775701,164,204,180,185,194,165
7,612.2699386503067,2.0997869318181817,24.0,211.6770428015564,241,280,274,290,216,235
8,232.48091603053436,1.7988412094875972,19.583333333333332,189.0353982300885,270,300,304,227,237,240
9,229.7155172413793,1.4368034447821683,15.708333333333334,179.16161616161617,254,274,303,221,225,227
10,219.96296296296296,1.5274741506646972,19.583333333333336,202.9142857142857,250,266,216,210,206,206
11,237.8235294117647,1.4649350649350645,16.76388888888889,190.38095238095238,225,243,201,179,195,189
0,195.39240506329114,14.547319884726223,21.11111111111111,247.6,208,192,167,159,163,152
1,223.9277108433735,11.175889243876465,12.819444444444443,224.78666666666666,190,165,151,146,149,138
2,206.98089171974522,8.091764705882353,36.541666666666664,262.69767441860466,172,146,145,119,137,131
3,234.66863905325442,5.903685092127303,15.402777777777777,291.7793103448276,129,142,152,113,136,124
4,218.29310344827587,4.428341635533417,25.11111111111111,272.2193548387097,132,134,160,120,137,120
5,220.89112903225808,2.8775832862789383,44.875,289.8422273781903,134,134,163,117,126,96
6,263.36304700162077,1.7961279461279458,36.166666666666664,248.7811320754717,178,187,226,188,146,155
7,402.9035087719298,1.6894336030461683,14.722222222222223,221.1719298245614,248,273,304,277,214,212
8,238.1275167785235,0.906203086530955,13.805555555555555,193.953125,270,306,314,230,228,238
9,267.06779661016947,0.7398646551188925,15.083333333333334,217.97142857142856,275,303,299,215,221,221
10,195.95384615384614,1.0122448979591838,34.09722222222222,207.35714285714286,258,291,212,203,209,199
11,229.76119402985074,1.115909090909091,8.777777777777777,220.61016949152543,231,275,190,179,184,173
0,205.98717948717947,14.395604395604394,16.125,237.91044776119404,210,227,160,156,137,188
1,235.94505494505495,11.348947368421053,17.51388888888889,217.35802469135803,186,146,156,142,120,162
2,211.30263157894737,8.488711943793913,14.416666666666666,258.76377952755905,174,139,140,138,116,147
3,212.55974842767296,6.853616352201257,14.819444444444445,257.02777777777777,126,143,131,131,121,143
4,224.3212121212121,3.9464906562364193,17.819444444444443,252.25531914893617,127,144,110,120,117,149
5,224.21946902654867,3.2608695652173916,39.15277777777778,295.8617886178862,124,143,102,127,117,117
6,274.5838607594937,2.7133032780621993,29.38888888888889,243.80343511450383,193,218,168,186,208,165
7,438.63461538461536,2.4497982435319248,2.1666666666666665,192.97769516728624,264,314,272,274,200,208
8,292.958904109589,1.6056509560345877,9.930555555555555,178.12213740458014,277,320,294,233,214,226
9,240.24545454545455,1.7989905639675225,32.22222222222222,196.21052631578948,273,304,281,223,215,223
10,253.4,1.9636904761904763,20.916666666666668,190.16666666666666,259,291,189,206,185,214
11,223.69230769230768,2.3575144508670522,7.555555555555556,230.69642857142858,230,263,172,182,154,210
0,222.76404494382024,15.101605839416058,13.888888888888888,265.961038961039,218,176,177,172,181,172
1,223.74157303370785,12.300507614213197,16.23611111111111,237.24,195,161,165,141,171,152
2,250.66666666666666,9.041359163591636,27.694444444444446,262.4016393442623,115,149,143,121,152,133
3,222.23391812865498,6.584445150360018,19.40277777777778,254.81632653061226,118,138,126,123,144,138
4,205.11656441717793,4.978346121057118,10.944444444444443,275.03401360544217,122,138,126,129,147,103
5,215.2600422832981,3.584528366565731,49.125,311.18407960199005,123,128,135,130,142,103
6,228.76959247648904,1.8811993811993808,18.722222222222225,269.1968085106383,181,178,184,179,134,143
7,417.71847507331375,2.0425714636240957,20.194444444444446,202.8933823529412,267,267,279,268,190,211
8,347.6162790697674,1.8059600614439322,17.958333333333332,213.76470588235293,277,302,299,227,212,233
9,266.0373831775701,1.830735651265025,9.5,194.40425531914894,271,301,297,227,214,239
10,224.23333333333332,1.4779053084648495,36.26388888888889,206.19718309859155,252,280,213,218,211,220
11,228.01408450704224,1.4472027972027972,17.51388888888889,223.41935483870967,237,254,195,210,198,193
0,226.46666666666667,13.86273690078038,25.555555555555554,217.73333333333332,202,221,185,160,163,173
1,237.97402597402598,11.701183800623053,18.38888888888889,227.75,188,153,161,149,148,164
2,227.13924050632912,8.943908260689083,23.527777777777782,273.44525547445255,130,133,142,126,129,143
3,223.44973544973544,6.289059240717565,18.819444444444446,277.76687116564415,138,134,139,126,122,140
4,230.14207650273224,4.272311212814645,27.444444444444443,292.41614906832297,130,129,140,132,125,104
5,222.27789473684211,3.68449108778944,33.84722222222222,288.72,154,130,142,128,121,108
6,267.5373376623377,4.102540990642973,20.166666666666668,249.81589147286823,202,182,182,202,130,161
7,354.12203389830506,2.6019778624569043,12.819444444444445,210.52263374485597,273,264,287,252,203,224
8,303.51875,2.2087888131053592,18.97222222222222,212.0751879699248,278,288,310,204,214,235
9,226.5505617977528,2.2965769862321594,18.77777777777778,206.17333333333335,272,288,315,201,208,224
10,193.69230769230768,1.9380475129918335,10.51388888888889,236.76470588235293,245,280,219,185,202,216
11,235.8955223880597,1.4739837398373985,28.277777777777775,249.98245614035088,218,247,205,177,194,189
0,210.86516853932585,14.335009823182707,12.972222222222223,200.76190476190476,204,166,149,159,159,181
1,242.33684210526314,11.6226399155227,11.194444444444445,229.109756097561,188,151,134,151,151,172
2,225.8972602739726,9.443682393555811,15.125,260.04651162790697,177,131,121,143,147,150
3,233.96753246753246,6.240663679043962,27.472222222222225,274.1666666666667,121,133,111,136,146,134
4,215.2235294117647,4.27202154626109,20.73611111111111,283.0962962962963,114,137,115,140,155,128
5,211.5899581589958,3.1263385803733392,52.0,303.03389830508473,138,124,108,136,144,93
6,227.42022116903632,2.2635634175253023,35.73611111111111,252.45989304812835,197,172,171,191,138,128
7,299.990099009901,1.4736504248945401,16.958333333333332,196.50996015936255,254,268,266,288,203,208
8,224.15189873417722,1.4546910614180983,15.541666666666666,177.76642335766422,265,292,291,233,230,235
9,212.0888888888889,1.3980801806888765,14.777777777777779,207.4264705882353,258,283,290,229,226,232
10,221.82558139534885,1.634855403348554,14.208333333333334,194.37333333333333,231,268,185,199,212,219
11,265.8840579710145,1.5372322899505768,20.708333333333332,210.33962264150944,221,253,172,176,196,196
0,217.48275862068965,13.857102751263335,12.861111111111112,228.37974683544303,210,223,174,172,141,176
1,219.93939393939394,11.239571734475374,10.888888888888891,238.35555555555555,188,151,158,156,128,153
2,221.15217391304347,8.453736903376019,9.958333333333334,246.1138211382114,167,143,146,131,121,151
3,223.30057803468208,5.719022687609076,27.958333333333332,279.1948051948052,124,130,136,112,115,147
4,207.4203821656051,3.9179586563307494,25.222222222222225,268.0416666666667,126,138,146,103,119,142
5,223.35390946502056,2.810525065336184,14.472222222222221,263.4216589861751,124,143,134,94,125,112
6,241.87587412587413,2.8119967793880836,10.444444444444445,227.7076612903226,195,208,195,147,171,164
7,283.6254180602007,2.5132900730018095,14.930555555555555,194.7310606060606,251,289,292,226,186,213
8,223.09202453987731,1.6278929535404585,19.583333333333336,160.3021582733813,266,311,301,274,201,230
9,199.1290322580645,1.3555852247441034,13.555555555555555,190.2875,262,307,300,202,193,234
10,233.41463414634146,1.2502052545155993,7.013888888888889,183.52777777777777,248,283,277,196,172,216
11,230.3013698630137,1.1551386623164759,18.416666666666668,225.34848484848484,233,254,197,191,158,193
0,242.02469135802468,14.955201573254675,6.611111111111112,191.88235294117646,213,184,168,146,145,161
1,234.2577319587629,11.109677419354837,18.152777777777775,254.93023255813952,186,171,152,134,139,148
2,216.51388888888889,8.555215311004785,12.25,251.86666666666667,170,147,140,119,128,132
3,221.24848484848485,6.571559139784948,14.138888888888888,257.39716312056737,113,148,132,116,121,145
4,226.51572327044025,4.847079037800686,33.27777777777778,288.5496183206107,117,144,134,115,125,141
5,230.13513513513513,3.0766459627329192,36.083333333333336,281.79432624113474,104,148,121,109,117,101
6,275.8421900161031,2.860911171208654,29.916666666666668,237.45224171539962,194,201,158,160,175,157
7,319.791095890411,2.3507263845714648,22.430555555555557,194.10852713178295,266,287,252,254,170,204
8,264.60897435897436,1.6840426154656676,10.736111111111112,177.70289855072463,279,297,297,278,193,209
9,242.7948717948718,1.8999671592775038,19.402777777777775,195.6504854368932,269,288,283,201,193,216
10,237.42666666666668,1.6684506655688214,17.02777777777778,197.1904761904762,273,285,268,186,173,203
11,248.5194805194805,1.6554817275747506,10.777777777777779,218.109375,245,256,187,170,160,186
0,211.74698795180723,14.363162315391616,13.388888888888891,226.59154929577466,186,235,173,145,173,187
1,194.21686746987953,10.87445628997868,8.930555555555555,212.1081081081081,176,158,159,129,152,164
2,220.82876712328766,8.75226107226107,17.999999999999996,248.82258064516128,154,146,140,133,144,141
3,235.97619047619048,6.097329472329472,17.86111111111111,269.2972972972973,112,140,129,138,130,128
4,224.90116279069767,4.015209940017138,35.26388888888889,281.0810810810811,112,137,139,124,129,137
5,227.25738396624473,2.7254726546191925,59.208333333333336,277.6447058823529,107,130,136,124,130,102
6,247.00623052959503,1.762770705901802,12.027777777777779,228.80446927374302,161,194,192,176,188,141
7,318.3138686131387,2.3057209502179115,6.597222222222221,186.38888888888889,229,289,289,251,217,206
8,210.72185430463577,1.6259773602520713,11.972222222222221,166.02919708029196,238,305,297,269,224,225
9,226.8235294117647,1.562540547554172,11.555555555555555,188.1888888888889,236,302,288,195,224,223
10,218.90625,1.8404214559386973,14.625,198.21176470588236,223,287,200,180,200,215
11,214.4078947368421,1.9027196652719665,6.458333333333333,215.2173913043478,204,256,191,163,182,199
0,214.28571428571428,13.897284244418005,12.444444444444445,227.56470588235294,203,214,144,169,181,188
1,219.38235294117646,11.294240837696336,17.61111111111111,248.31034482758622,177,156,130,137,183,172
2,220.11510791366908,8.556181606519207,20.09722222222222,240.09016393442624,164,138,118,118,166,155
3,216.51497005988023,6.474914420196833,11.513888888888891,272.6666666666667,103,124,115,129,151,157
4,201.38418079096044,3.6623488773747845,30.430555555555554,245.98675496688742,113,123,123,129,136,148
5,216.16702355460384,2.4494499738082767,31.805555555555557,268.0875912408759,123,118,127,135,136,108
6,225.92660550458714,1.7025599349857778,22.916666666666668,235.07067137809187,175,184,178,198,203,132
7,607.0960451977401,2.2426986159380538,10.11111111111111,190.69611307420496,237,252,270,297,226,209
8,241.08943089430895,1.1654371881102188,9.597222222222221,145.7450980392157,286,302,292,319,240,237
9,195.5463917525773,1.2223800056802043,11.527777777777779,179.51685393258427,273,282,268,225,232,229
10,212.752688172043,1.3284178187403992,7.902777777777779,174.7948717948718,247,270,250,205,216,207
11,240.48611111111111,1.4697068403908795,14.972222222222221,232.26470588235293,227,247,164,192,204,194
0,203.34567901234567,15.363956043956042,18.819444444444446,218.15068493150685,219,165,159,178,192,179
1,218.72222222222223,12.524354018311293,29.375,204.12987012987014,199,148,150,158,165,163
2,225.90184049079755,9.142974828375285,14.402777777777777,251.26119402985074,175,130,136,152,144,137
3,227.9704433497537,7.117740286298569,16.944444444444446,251.57777777777778,138,128,138,143,136,132
4,222.4022988505747,5.049679487179488,34.34722222222222,279.17391304347825,138,134,145,134,143,138
5,206.2753623188406,3.2217671809256663,16.666666666666668,278.4131455399061,130,126,151,135,135,98
6,233.94902548725636,1.7947762672902379,35.84722222222222,256.9663120567376,188,181,194,195,178,161
7,343.4642857142857,1.1273197087150577,11.972222222222221,192.16165413533835,276,270,276,288,209,229
8,274.45859872611464,0.8391199517781797,14.513888888888888,202.14728682170542,283,311,290,223,236,237
9,222.21238938053096,1.0410380579872105,13.569444444444445,189.01020408163265,275,301,290,217,221,230
10,189.9873417721519,1.2115942028985507,15.680555555555555,210.57142857142858,255,284,193,205,220,223
11,203.11940298507463,1.4542056074766352,16.98611111111111,238.26315789473685,239,259,177,199,211,199
0,239.14,15.07314439946019,4.486111111111112,198.8494623655914,210,242,162,185,171,170
1,216.32,12.087046632124352,14.0,207.3111111111111,200,162,141,166,150,146
2,228.3877551020408,8.031676040494938,2.5416666666666665,254.36363636363637,182,153,127,154,139,134
3,214.0709219858156,6.170539033457249,8.847222222222223,273.15625,138,149,123,139,130,128
4,207.4659090909091,4.4921875,29.652777777777782,277.3006993006993,140,140,111,134,125,118
5,217.70576540755468,3.3153217629868195,53.79166666666666,271.25694444444446,130,150,108,131,125,85
6,286.73899848254933,3.5798433503836313,10.333333333333334,233.646408839779,191,218,145,199,207,128
7,869.9413580246913,2.271251280197602,4.75,173.41106719367588,257,281,258,299,214,200
8,283.50306748466255,1.363967343336276,11.513888888888891,169.4468085106383,279,308,298,312,222,229
9,221.14285714285714,1.594774874930517,2.0,173.828125,272,300,292,229,217,232
10,212.37373737373738,1.6292588514032105,10.194444444444445,209.59493670886076,253,278,271,217,193,215
11,249.49122807017545,2.047941409342835,8.805555555555555,226.5744680851064,235,265,176,208,182,197
0,200.89320388349515,14.799862637362638,5.888888888888888,194.74725274725276,219,235,168,164,156,178
1,209.51764705882354,11.791740890688258,8.625,222.11111111111111,201,173,159,150,146,159
2,219.9375,9.030550458715597,14.375,243.66666666666666,188,152,140,135,130,127
3,203.89304812834226,6.367836072482089,19.805555555555557,265.8719512195122,132,144,138,128,117,132
4,222.4931506849315,4.401172529313233,23.208333333333332,264.92248062015506,145,143,130,131,120,127
5,222.97249508840864,3.1876901347240327,28.125,267.21218961625283,137,139,121,123,118,129
6,263.8076923076923,2.1389379111182416,20.5,231.59929078014184,203,201,171,183,169,157
7,403.7328990228013,2.0327695560253702,8.11111111111111,181.6769230769231,267,298,246,261,207,226
8,241.36423841059602,1.7667935512763098,4.222222222222222,169.54545454545453,273,301,305,295,221,229
9,233.6153846153846,1.918722509083955,6.611111111111112,177.63953488372093,264,290,302,211,215,212
10,222.98876404494382,1.9502900310265752,16.88888888888889,206.6103896103896,246,282,284,198,196,206
11,200.95,2.1881685575364664,14.541666666666666,223.28301886792454,231,259,186,181,181,196
0,205.67816091954023,14.877920357068135,5.388888888888888,226.55405405405406,214,247,165,151,150,176
1,210.05263157894737,11.464731861198738,11.75,231.91139240506328,197,163,151,138,138,164
2,206.96875,8.761581920903955,19.805555555555557,235.20863309352518,174,154,145,128,128,156
3,204.33333333333334,5.384803921568627,3.9583333333333335,240.3483870967742,113,147,144,133,125,154
4,195.98026315789474,3.732843137254902,9.875,247.81679389312978,114,149,137,130,129,157
5,223.598,1.912510390689942,45.194444444444436,271.63615023474176,130,148,123,134,122,145
6,243.92380952380952,2.297427129132063,11.291666666666666,223.16374269005848,195,206,160,171,185,151
7,387.72607260726073,1.7512463839478059,4.472222222222222,177.12546125461256,270,305,251,256,191,204
8,293.40579710144925,1.4263744385695603,3.4027777777777772,178.89166666666668,278,308,303,280,206,224
9,210.12121212121212,2.01312953164805,6.666666666666667,188.5375,262,292,293,207,194,210
10,238.09278350515464,2.354694175263103,14.888888888888888,162.52380952380952,249,280,281,188,173,200
11,218.85185185185185,2.58970223325062,19.180555555555554,229.43939393939394,241,264,195,167,158,184
0,224.41176470588235,14.648035417819592,0.0,196.70454545454547,192,244,163,189,153,171
1,219.2156862745098,11.850526315789473,17.944444444444446,234.2087912087912,172,167,146,180,130,155
2,210.986301369863,9.17355140186916,18.166666666666668,216.4090909090909,144,154,132,159,117,150
3,214.7810650887574,6.2153846153846155,6.305555555555556,235.93055555555554,103,153,124,142,111,147
4,216.0,3.715187119234116,20.708333333333332,280.1503267973856,107,146,121,141,108,143
5,216.56473214285714,1.536191904047976,41.51388888888889,288.8040712468193,114,136,132,134,113,96
6,223.32991202346042,1.8115660616293794,24.069444444444443,237.4627383015598,161,185,161,194,185,144
7,680.6355421686746,2.4209617830537216,13.333333333333334,176.8,257,289,253,293,190,219
8,309.24375,1.6541236541236537,3.5,168.6590909090909,282,302,294,319,211,230
9,203.07608695652175,1.6502538229156933,9.277777777777779,193.5974025974026,270,307,287,229,214,222
10,200.5185185185185,1.6610343061955963,13.194444444444445,168.2058823529412,236,290,256,214,189,210
11,203.05797101449275,1.7297872340425529,16.40277777777778,210.13793103448276,213,264,179,203,168,195
0,204.58415841584159,14.023331447963802,16.88888888888889,243.6987951807229,192,228,180,162,169,157
1,225.4811320754717,11.655430393198724,13.305555555555557,212.07692307692307,183,152,162,146,154,144
2,223.8153846153846,9.183496503496505,12.763888888888888,266.4741379310345,169,142,137,128,139,143
3,199.30232558139534,7.002526881720431,21.972222222222225,253.03947368421052,117,135,130,119,135,139
4,237.89880952380952,4.897631133671742,20.25,275.0486111111111,125,132,133,109,143,146
5,221.55028462998104,3.020681551116334,42.875,286.34497816593887,132,134,132,104,131,107
6,325.3382570162482,2.3585499475463334,25.0,240.86678507992895,219,199,194,163,193,151
7,628.1063829787234,2.173608329995995,3.625,186.4625550660793,277,320,287,248,231,226
8,358.20338983050846,1.327040067128173,9.722222222222223,188.0,279,320,315,213,236,226
9,213.87209302325581,1.2620256224317137,11.083333333333334,219.94594594594594,274,313,313,218,236,222
10,240.0,1.1452554744525547,13.152777777777779,233.23333333333332,245,291,216,200,220,198
11,215.71830985915494,1.2447154471544715,23.527777777777775,248.33333333333334,212,264,199,178,197,180
0,237.12871287128712,15.373076923076924,15.097222222222221,253.85555555555555,211,165,182,149,163,170
1,232.8953488372093,12.140206185567012,14.069444444444445,248.24358974358975,201,151,172,138,159,149
2,235.51724137931035,9.410285714285715,16.583333333333332,268.4596774193548,175,144,149,130,137,140
3,201.59195402298852,7.748367045933418,37.94444444444444,301.4155844155844,112,145,130,128,129,147
4,213.44692737430168,5.222026101839965,30.930555555555557,285.35483870967744,124,135,132,124,127,137
5,218.49193548387098,3.1897751911445855,32.90277777777778,283.3977011494253,129,145,131,125,135,97
6,337.40929535232385,2.604989879433249,37.5,270.0068728522337,195,199,174,174,156,135
7,602.4055944055945,2.2306158357771255,10.583333333333334,186.3409090909091,266,296,289,283,210,206
8,309.9712643678161,2.0007411524921257,18.041666666666668,188.31612903225806,270,311,306,216,226,213
9,243.72727272727272,2.011655447519322,16.333333333333332,216.1139240506329,262,307,303,217,230,209
10,234.60256410256412,2.274068554396424,15.013888888888888,223.04545454545453,246,293,203,197,210,193
11,250.43859649122808,1.9623794212218646,15.097222222222221,218.18367346938774,236,260,194,180,188,186
0,203.90588235294118,14.585913370998117,5.277777777777778,226.225,219,180,157,165,176,165
1,219.5744680851064,10.924352331606217,21.180555555555554,213.20238095238096,194,156,147,160,161,147
2,231.30597014925374,8.758795986622074,15.444444444444443,264.8666666666667,177,143,133,159,145,140
3,214.1,6.427669111654442,12.083333333333334,274.1830065359477,131,143,128,137,142,137
4,207.9441340782123,4.3341666666666665,18.48611111111111,275.0828025477707,137,135,129,129,136,134
5,218.32285115303984,2.82754988589151,44.111111111111114,274.1418604651163,134,145,136,114,134,80
6,283.5329341317365,2.286070853462158,25.86111111111111,234.03169014084506,201,204,186,174,185,130
7,401.15015974440894,1.7909797456429577,8.958333333333334,187.48837209302326,276,300,280,275,202,211
8,242.85632183908046,1.0072407907053575,16.73611111111111,179.38028169014083,286,312,289,310,228,226
9,242.90833333333333,0.8089964324492009,14.402777777777777,188.70833333333334,277,301,278,228,228,223
10,211.1578947368421,1.0822333039992178,10.916666666666666,192.3230769230769,269,287,272,201,216,216
11,210.986301369863,1.5279353821907011,16.694444444444443,205.25423728813558,240,275,179,190,199,186
0,207.8227848101266,14.91230235506038,12.555555555555555,231.9206349206349,212,209,194,192,178,168
1,203.73958333333334,12.222471443406022,13.888888888888888,217.6341463414634,180,131,169,171,160,152
2,231.98529411764707,8.977601862630967,17.430555555555554,262.1707317073171,165,116,149,143,162,124
3,206.45555555555555,6.32223991507431,24.152777777777782,268.7908496732026,122,111,134,132,158,128
4,213.55483870967743,4.991920152091255,27.152777777777775,277.4888888888889,124,118,131,130,159,127
5,210.48827292110875,3.350008849035456,38.94444444444444,279.01869158878503,120,124,131,117,145,100
6,258.75555555555553,1.9824925323597737,24.680555555555557,235.1574394463668,191,177,204,158,187,131
7,522.435736677116,2.147742323901264,11.208333333333334,175.90944881889763,275,259,290,267,205,214
8,233.13888888888889,1.9165280601244377,3.5972222222222228,169.0076923076923,274,276,320,234,222,220
9,255.68965517241378,1.4420598153225554,3.9027777777777772,205.05714285714285,268,276,311,226,208,222
10,240.95555555555555,1.5234175974916713,6.513888888888888,220.0,252,272,293,228,209,204
11,227.93846153846152,1.7408736349453977,10.680555555555555,192.9322033898305,235,246,209,211,191,190
0,217.76288659793815,14.271030949248768,7.736111111111112,230.17073170731706,230,210,159,179,175,158
1,225.06896551724137,11.979695431472082,5.291666666666667,218.86486486486487,213,151,143,167,170,141
2,228.7872340425532,9.065142857142856,14.486111111111112,238.2258064516129,183,142,119,140,160,131
3,227.32044198895028,7.063131313131313,6.527777777777779,244.69230769230768,134,138,111,123,152,134
4,224.3423913043478,5.408710217755445,15.458333333333334,266.3414634146341,118,147,111,123,152,145
5,215.68085106382978,2.760390689941812,44.319444444444436,254.3820512820513,120,144,115,124,157,142
6,276.25,3.2890794039599918,17.569444444444446,233.62303664921467,177,198,173,164,207,146
7,354.2345276872964,2.1752464403066814,13.819444444444445,162.98872180451127,268,280,267,260,210,209
8,279.5424836601307,1.1945274192639352,7.1944444444444455,162.93939393939394,284,295,299,303,212,220
9,212.7,1.273736488460415,14.430555555555555,150.63829787234042,279,278,277,218,206,209
10,219.7787610619469,1.3631433469787622,12.277777777777779,186.06382978723406,257,249,255,212,195,193
11,231.43333333333334,1.3275526742301458,1.6666666666666667,199.10638297872342,243,241,187,198,192,173
0,223.4144144144144,15.19913478437204,24.805555555555557,245.57142857142858,225,219,164,186,165,179
1,208.0,12.84811188811189,14.666666666666666,237.7530864197531,216,157,151,163,148,166
2,215.71341463414635,9.591230425055928,16.75,265.5238095238095,195,130,133,159,125,152
3,219.61818181818182,6.993918375552877,21.416666666666668,265.13235294117646,139,129,139,161,116,145
4,242.95104895104896,4.7516380016380015,14.444444444444443,255.216,140,132,132,156,117,137
5,221.61155378486055,3.3731256874891455,26.055555555555554,280.6864988558352,131,132,132,143,121,92
6,260.5369774919614,2.347012987012987,24.027777777777775,247.38918918918918,187,196,176,216,141,134
7,437.80664652567975,2.127719821162444,13.652777777777777,199.58273381294964,262,267,274,313,214,195
8,227.94202898550725,1.2912376779846657,18.833333333333332,170.4406779661017,278,297,314,320,217,234
9,228.7710843373494,1.1057367829021372,9.611111111111112,191.38571428571427,276,292,284,233,214,225
10,207.75581395348837,1.171231714353596,23.652777777777775,222.46376811594203,256,265,262,210,199,211
11,180.625,1.4551546391752577,11.75,212.02985074626866,243,247,187,205,184,195
0,223.11267605633802,13.578507634687409,9.319444444444445,203.859375,193,221,158,164,146,186
1,215.45263157894738,11.252273730684326,11.041666666666666,207.8395061728395,174,147,144,140,132,169
2,221.98136645962734,8.484200244200245,7.069444444444444,253.6950354609929,153,125,144,121,122,154
3,219.8343949044586,5.598655913978495,22.597222222222225,247.53571428571428,116,130,140,121,117,151
4,205.0782122905028,4.3984375,15.305555555555557,267.64102564102564,126,134,122,122,112,152
5,221.9410480349345,2.646118444955795,49.458333333333336,278.63349514563106,125,128,120,123,116,106
6,247.57977883096368,2.510279743849006,21.222222222222225,236.6497277676951,184,190,165,166,169,158
7,305.3174603174603,1.3725654906353055,11.986111111111112,184.364312267658,274,293,237,253,193,211
8,236.71518987341773,1.0605019590028961,7.583333333333333,171.45864661654136,286,313,288,276,216,222
9,232.1818181818182,1.0743648665900676,10.48611111111111,183.3827160493827,279,299,280,209,204,221
10,219.22666666666666,1.2473516404401934,20.375,165.47619047619048,253,276,260,199,180,221
11,232.11475409836066,1.1264462809917357,13.833333333333336,195.48076923076923,223,250,175,183,175,204
0,251.8375,13.684428293876374,14.291666666666666,201.36111111111111,202,236,174,141,149,167
1,210.83333333333334,11.428571428571429,11.652777777777777,238.63888888888889,188,159,151,131,131,150
2,218.0738255033557,8.63388471177945,6.152777777777778,226.32,167,139,137,117,110,128
3,235.77631578947367,6.199236298292903,15.791666666666666,229.67910447761193,106,142,139,114,104,137
4,219.01863354037266,4.424731182795699,21.486111111111114,257.75539568345323,105,148,133,120,103,135
5,224.4561797752809,3.465632329063683,24.444444444444443,267.5623409669211,113,153,129,123,101,104
6,229.4147465437788,2.9023577763357125,25.13888888888889,236.19748653500898,160,216,158,181,140,150
7,366.79813664596276,1.932474678004251,16.055555555555554,175.78277153558054,243,290,268,265,176,212
8,263.37579617834393,1.6254866040760252,3.0416666666666665,167.0569105691057,278,316,292,280,197,225
9,206.92307692307693,1.89263713699032,11.694444444444445,185.65116279069767,255,314,290,185,188,229
10,205.14814814814815,1.6278011204481795,13.527777777777779,184.86111111111111,242,285,283,168,175,207
11,221.21333333333334,1.45335852225021,20.805555555555557,207.24615384615385,225,262,192,160,157,195
0,205.93939393939394,14.55144018976618,6.9305555555555545,224.64044943820224,220,225,176,165,174,175
1,204.11494252873564,12.011951219512198,8.25,223.47435897435898,197,142,168,150,161,166
2,204.07333333333332,8.79520184544406,12.277777777777777,241.03053435114504,178,139,141,122,140,147
3,216.7797619047619,5.174358974358974,21.444444444444446,265.06756756756755,118,135,144,115,134,134
4,204.58988764044943,3.221602972399151,11.958333333333334,243.04516129032257,123,126,139,123,134,140
5,215.33831775700935,1.8998708010335918,36.56944444444444,274.79333333333335,135,114,122,125,145,133
6,262.6069802731411,2.1253610178752638,19.749999999999996,222.78442028985506,197,161,190,188,210,168
7,582.3620689655172,1.7451984635083226,1.9444444444444444,166.19480519480518,284,265,276,277,226,234
8,258.3695652173913,1.0448524984948826,8.36111111111111,148.38333333333333,297,288,301,297,239,239
9,219.69026548672565,0.9787140662716701,9.76388888888889,171.09278350515464,288,286,282,207,230,226
10,219.83561643835617,1.285515873015873,9.583333333333332,191.61016949152543,267,267,275,193,220,218
11,216.4102564102564,1.5048,8.555555555555555,217.46969696969697,248,242,190,171,202,197
0,224.0340909090909,14.32588952897323,9.555555555555555,195.6315789473684,218,220,169,168,170,190
1,229.14285714285714,12.210769230769229,20.125,247.88,203,153,153,144,150,185
2,217.57432432432432,9.424419134396357,11.375,222.8515625,179,145,133,119,135,167
3,209.62983425414365,7.577704918032787,8.48611111111111,253.46540880503144,194,146,124,109,127,154
4,203.61764705882354,5.453887510339122,15.555555555555557,243.5810810810811,145,146,120,103,129,163
5,218.79591836734693,3.5201310861423223,27.555555555555554,265.9443099273608,146,155,115,110,125,150
6,292.7808417997097,2.814881219184222,16.333333333333332,229.5880341880342,208,194,170,148,189,158
7,689.5264797507788,2.0972597906621187,1.7777777777777777,170.308,267,294,285,250,221,229
8,217.7514450867052,1.1278061791509228,4.513888888888889,156.01398601398603,284,303,295,290,231,233
9,211.85858585858585,0.8312486284836514,7.333333333333333,172.63636363636363,283,291,293,206,218,228
10,232.175,0.8084626608303489,14.361111111111112,205.1304347826087,274,278,264,198,204,218
11,236.4875,1.2321972734562952,3.5,218.65753424657535,251,252,175,178,184,207
0,226.76923076923077,14.57869142351901,9.041666666666666,179.1578947368421,227,253,156,148,161,186
1,209.79545454545453,11.981436004162331,7.694444444444444,211.5679012345679,202,175,143,129,144,168
2,210.6853146853147,9.701205915813423,14.069444444444445,224.85826771653544,172,159,130,120,128,170
3,206.52439024390245,7.696969696969697,11.652777777777777,256.4,146,151,117,106,116,156
4,227.87150837988827,6.3315591397849476,22.458333333333332,265.22,158,136,113,99,120,149
5,215.42244897959185,4.630769230769231,20.166666666666668,258.8080568720379,159,140,119,90,124,148
6,266.2355623100304,3.128690668992152,46.375,236.87301587301587,209,203,176,134,180,145
7,400.71835443037975,2.23485859934458,1.3333333333333333,158.1056603773585,283,308,269,216,207,215
8,268.6385542168675,1.5149262138109716,7.375,154.37692307692308,288,320,298,268,214,226
9,248.79090909090908,1.5349345680203212,6.75,181.4795918367347,283,308,290,180,199,221
10,212.75294117647059,1.605558379935604,7.236111111111111,224.01315789473685,258,299,269,171,189,219
11,216.1578947368421,1.671167883211679,4.5,193.86885245901638,242,279,179,153,183,197
0,221.47674418604652,15.193236074270558,7.472222222222221,248.28358208955223,217,249,188,176,188,142
1,221.27659574468086,12.612347652347655,5.125,218.3975903614458,192,174,162,166,172,135
2,209.27027027027026,9.603835005574137,12.277777777777779,233.96825396825398,177,161,146,137,155,121
3,216.1030303030303,7.310563816604709,15.194444444444443,263.4965034965035,125,149,142,124,155,112
4,209.37575757575758,4.262065637065637,31.625,267.6530612244898,118,149,131,120,144,115
5,212.91007194244605,2.580786529812017,19.194444444444446,261.0020449897751,135,140,126,121,154,78
6,275.8615863141524,1.912140815405446,19.430555555555557,223.93122676579927,202,231,186,179,226,132
7,437.7679180887372,1.6737741763766487,9.055555555555555,182.27755102040817,273,313,292,255,215,189
8,255.04022988505747,1.3658113540003296,6.694444444444444,166.6241610738255,276,320,315,308,228,204
9,239.08080808080808,1.4386446886446882,6.416666666666667,139.0595238095238,273,319,314,226,234,194
10,236.34782608695653,1.5659863945578232,1.7777777777777777,164.67105263157896,258,308,302,216,216,170
11,232.23529411764707,2.0029185867895554,13.708333333333334,236.63333333333333,240,288,211,200,208,155
0,217.43119266055047,14.356223028974586,4.541666666666667,220.76288659793815,215,222,174,186,158,168
1,200.94791666666666,12.227304170905395,5.916666666666667,216.46511627906978,202,144,165,160,141,171
2,218.68115942028984,9.09720823798627,11.944444444444443,238.05645161290323,184,130,138,134,136,152
3,197.44654088050314,6.797619047619048,12.083333333333334,248.0068493150685,127,131,137,112,137,154
4,212.67241379310346,4.9488895807388955,17.375,258.06666666666666,131,135,134,107,134,162
5,215.64536082474226,3.4311691339316943,25.180555555555557,256.22877358490564,142,122,132,104,135,111
6,252.67207792207793,2.8271297930370602,19.02777777777778,233.6829268292683,219,176,180,162,191,156
7,494.8782608695652,1.9162118075161558,18.98611111111111,199.33554817275748,278,268,254,238,194,217
8,274.97777777777776,1.3391565251528235,6.513888888888889,161.9561403508772,284,304,290,285,226,232
9,231.0373831775701,1.1294682329165089,16.541666666666668,181.41304347826087,273,294,280,218,217,226
10,210.1139240506329,1.3490950377345894,13.361111111111109,197.13235294117646,260,273,258,217,200,218
11,216.0344827586207,1.282456140350877,10.722222222222221,211.0,237,248,183,203,185,198
0,199.72727272727272,13.423748414534058,8.75,204.60919540229884,209,217,143,129,173,160
1,214.55454545454546,10.476275303643726,20.375,201.76344086021504,206,193,123,123,160,145
2,204.55263157894737,8.500425531914892,10.277777777777777,219.7925925925926,192,138,121,108,146,141
3,234.6564417177914,6.1791411042944775,1.8333333333333333,236.02272727272728,187,124,124,111,138,131
4,207.21019108280254,3.870486569793042,11.861111111111109,229.41843971631207,128,121,125,115,137,131
5,221.373417721519,2.4798534798534795,32.15277777777778,256.6375,116,117,121,105,144,125
6,234.05863708399366,2.458728424732357,17.583333333333332,217.12570356472796,169,171,158,150,209,138
7,275.2326388888889,2.5998958061995303,11.652777777777779,158.18,270,250,228,237,216,195
8,236.07534246575344,1.7290405705039842,7.875,162.53719008264463,277,282,250,262,228,218
9,189.05769230769232,1.9585872403929867,12.486111111111112,149.65882352941176,270,269,229,257,225,212
10,208.34177215189874,1.8479262672811059,9.23611111111111,162.97014925373134,255,252,214,165,215,201
11,198.72368421052633,1.7743890041071937,9.513888888888888,139.1,232,230,196,144,189,180
0,239.54430379746836,13.915213833345192,8.333333333333334,199.68115942028984,195,219,170,176,177,144
1,211.9156626506024,11.153638344226579,18.77777777777778,245.2207792207792,177,151,147,148,156,139
2,224.63793103448276,8.782583025830258,15.347222222222223,255.1081081081081,156,138,135,132,135,117
3,217.76331360946745,5.68312690134724,20.48611111111111,250.7394366197183,121,133,130,143,119,121
4,217.3575129533679,3.8877154266498533,4.333333333333333,261.7125,127,132,130,141,134,129
5,224.182,3.2741701128870004,42.416666666666664,273.07209302325583,138,124,130,151,142,93
6,306.3318250377074,3.199068595640722,22.680555555555557,231.92267135325133,197,177,184,222,198,161
7,913.8168168168169,1.7582579120308985,9.0,187.05020920502093,283,287,276,298,215,218
8,252.91034482758621,1.2879152097902093,6.486111111111111,169.55084745762713,282,299,308,297,238,240
9,241.11494252873564,1.2500937382827144,6.694444444444444,205.60759493670886,269,299,298,213,225,220
10,233.0215053763441,1.3375557119399484,11.319444444444445,211.54545454545453,253,281,286,205,206,190
11,226.94117647058823,1.4564648117839605,13.305555555555555,222.41379310344828,232,254,185,194,190,167
0,186.9,14.149633536543599,7.763888888888889,201.21212121212122,214,239,161,157,190,162
1,193.22916666666666,11.53982856720609,12.666666666666666,240.30263157894737,185,221,154,148,184,149
2,206.26277372262774,9.922777155655098,2.625,226.22413793103448,170,158,137,136,163,129
3,195.22666666666666,6.802352941176471,6.680555555555556,253.904,165,153,129,120,149,134
4,215.70114942528735,4.571559139784947,10.375,259.8918918918919,107,145,130,116,137,140
5,211.5242718446602,2.9660173160173153,51.375,266.8095238095238,107,145,141,130,127,120
6,221.71132376395533,2.4155120242076764,15.805555555555557,218.53962264150942,169,222,194,183,185,139
7,347.2356495468278,1.742363270532285,2.875,178.74125874125875,239,295,275,277,191,214
8,249.6,1.2394752898108603,8.222222222222221,165.53968253968253,270,306,307,290,227,239
9,186.22549019607843,1.1393133997785159,3.4166666666666665,159.34883720930233,275,287,288,200,226,229
10,212.05714285714285,1.193194402496728,6.375,198.68235294117648,256,278,269,186,217,213
11,233.3230769230769,1.4977346278317152,7.833333333333333,199.11666666666667,235,257,177,173,212,182
0,220.76923076923077,14.199128111376737,8.402777777777777,231.7864077669903,216,233,173,167,141,164
1,210.2058823529412,11.617740585774056,16.208333333333332,224.0,204,159,159,152,132,150
2,209.6081081081081,9.386516853932585,15.486111111111112,225.368,193,141,148,137,129,142
3,226.19767441860466,7.03701406120761,15.680555555555557,249.9934210526316,124,147,137,138,125,135
4,219.78285714285715,6.0259303246239115,22.583333333333332,258.4026845637584,132,153,140,144,134,139
5,211.54133858267716,3.7482541112863257,39.26388888888889,274.75231481481484,143,145,133,134,127,90
6,274.05087440381556,2.916190698216575,17.166666666666668,239.5736137667304,221,204,189,185,195,125
7,497.7492625368732,2.3175102265095546,29.555555555555554,207.08076923076922,271,287,300,286,173,172
8,256.3550724637681,1.4466791979949876,24.805555555555557,192.01694915254237,276,297,304,230,206,207
9,218.56190476190477,1.4595431668602399,6.666666666666667,154.37234042553192,282,285,301,213,197,198
10,219.93827160493828,1.4004391381912997,12.958333333333334,172.88059701492537,264,279,280,202,174,189
11,237.2058823529412,1.6784518828451882,7.180555555555556,216.9298245614035,237,248,190,190,158,172
0,215.20909090909092,15.010446758481693,8.444444444444445,193.3,248,233,177,158,156,173
1,199.61797752808988,11.636739562624252,16.166666666666668,217.11688311688312,228,151,169,151,147,160
2,219.2391304347826,9.248776371308018,8.888888888888888,211.69026548672565,214,141,159,145,138,151
3,230.65697674418604,6.741487455197133,13.291666666666666,253.44805194805195,140,126,145,139,137,150
4,203.3314917127072,5.011382113821139,9.055555555555555,244.6832298136646,144,130,142,138,123,143
5,217.6673640167364,3.0343137254901964,29.041666666666668,278.0024630541872,145,133,129,130,137,142
6,297.91198786039456,2.414709467696059,12.638888888888888,238.70659722222223,211,187,173,158,192,149
7,506.13588850174216,1.8481650275845531,10.958333333333334,189.60493827160494,276,304,287,236,196,217
8,293.11678832116786,1.2397405792239742,13.513888888888888,181.52586206896552,284,307,302,285,221,227
9,219.76699029126215,1.353796136928667,16.583333333333332,181.8314606741573,276,304,296,203,202,213
10,212.67,1.4151378446115288,10.055555555555555,182.8658536585366,271,293,279,191,192,199
11,210.74025974025975,1.5025276461295416,9.861111111111109,223.38181818181818,263,264,196,181,177,185
0,219.93478260869566,15.546291208791207,7.375,229.83333333333334,201,267,175,137,172,168
1,199.77173913043478,13.732531120331949,10.930555555555557,230.9873417721519,171,196,164,122,152,159
2,214.5179856115108,10.739838523644753,15.361111111111109,260.42857142857144,150,179,148,111,135,144
3,221.07453416149067,7.487562189054727,14.069444444444445,272.57342657342656,105,168,148,117,134,132
4,235.89333333333335,4.572916666666667,21.638888888888886,265.015873015873,106,153,144,108,124,133
5,212.05465587044534,3.0938150642988367,34.38888888888889,282.4932735426009,113,141,131,103,128,94
6,215.227868852459,2.470300061236987,34.791666666666664,238.54474708171207,179,212,202,135,194,143
7,341.3809523809524,2.299924452279023,9.111111111111112,183.42268041237114,252,302,284,194,206,206
8,257.1030303030303,1.489691305579156,5.347222222222222,144.49285714285713,269,319,313,254,228,222
9,232.61165048543688,1.5466791979949877,17.569444444444446,184.3780487804878,265,316,305,191,225,218
10,194.27058823529413,1.9488897113249446,1.888888888888889,159.7948717948718,240,308,222,176,200,205
11,240.92537313432837,2.2714285714285714,8.388888888888888,193.40350877192984,231,293,202,157,190,187
0,197.1868131868132,14.187521993102964,9.0,220.65384615384616,186,231,175,162,157,182
1,214.7311827956989,11.546752966558792,8.291666666666666,233.85365853658536,166,149,155,147,149,161
2,205.54285714285714,9.078339264531436,17.51388888888889,253.73553719008265,159,131,148,142,125,138
3,199.34228187919464,6.0887562189054725,13.402777777777777,253.144,161,125,136,130,123,129
4,218.15469613259668,4.043885929871283,24.152777777777775,254.12025316455697,120,122,128,135,120,126
5,210.33996023856858,2.72273526824978,44.56944444444445,266.78688524590166,120,116,127,148,122,125
6,243.808,2.657344971662598,25.33333333333333,222.3924528301887,154,167,202,208,186,134
7,268.7060931899642,1.917524494604985,11.444444444444443,164.9469387755102,234,272,280,283,194,203
8,244.71974522292993,1.5408044640781215,10.180555555555555,166.21969696969697,254,296,304,290,196,224
9,192.29807692307693,1.5382235824530224,4.555555555555555,159.4578313253012,258,282,289,209,188,221
10,229.09302325581396,1.4461538461538461,7.902777777777778,165.24324324324326,239,270,277,195,176,208
11,208.06849315068493,1.4640379851362513,10.26388888888889,184.18840579710144,213,260,200,180,166,192
0,238.84375,13.770032777739033,4.736111111111112,234.8953488372093,195,250,173,148,175,162
1,235.80898876404495,11.264282744282747,17.569444444444443,247.275,175,183,169,137,155,143
2,227.77611940298507,8.039721577726217,10.861111111111112,244.46902654867256,163,158,148,122,136,135
3,198.94444444444446,5.838661551577153,7.166666666666667,255.93103448275863,116,149,141,118,136,122
4,215.5859872611465,4.223753280839895,26.625,275.15555555555557,114,138,147,110,129,124
5,219.49247311827958,3.3574677096598142,37.76388888888889,270.25935162094765,115,123,142,108,135,94
6,234.51829268292684,2.523260235771327,16.90277777777778,233.76156583629893,173,201,185,161,174,135
7,355.6391437308869,1.4901818181818183,8.888888888888888,177.578125,270,302,258,261,206,203
8,270.5442176870748,0.8614973262032084,12.958333333333334,160.1578947368421,287,307,286,295,224,216
9,227.97916666666666,1.4655122655122657,10.13888888888889,177.96470588235294,262,295,284,201,232,211
10,206.25555555555556,1.2696153194373836,15.277777777777779,183.83333333333334,239,290,269,191,219,197
11,222.86153846153846,1.0128194558944768,7.888888888888888,203.36363636363637,223,263,186,164,195,182
0,240.1123595505618,13.869468099958118,12.805555555555555,239.16666666666666,213,209,177,148,169,186
1,231.34883720930233,11.21361875637105,6.944444444444444,218.78082191780823,195,153,165,146,151,171
2,211.38345864661653,8.841030235162375,9.152777777777779,234.52892561983472,187,139,138,135,138,156
3,221.9189189189189,6.046255736337089,12.875,276.7452229299363,135,141,132,123,125,143
4,211.6022099447514,3.561591946865919,25.111111111111114,245.2111801242236,130,134,138,123,128,150
5,213.62909836065575,2.431304347826087,41.65277777777778,260.6737588652482,126,137,134,113,125,115
6,296.08670520231215,2.030896639592292,16.48611111111111,232.21008403361344,198,181,188,161,199,165
7,674.1089108910891,1.3653812030519903,6.166666666666667,162.6695278969957,277,276,281,263,214,226
8,242.1741935483871,1.0545013239187997,3.1666666666666665,162.33587786259542,289,302,317,279,224,237
9,203.83157894736843,1.0792396009787313,8.5,167.2,281,284,313,187,222,231
10,212.37362637362637,1.0783234834590045,9.527777777777779,197.8421052631579,259,257,285,170,210,221
11,199.265625,1.0161016949152544,5.444444444444444,220.28333333333333,238,246,199,164,190,202
0,246.38947368421051,12.944727954971858,10.25,211.66666666666666,192,214,164,145,157,153
1,228.03571428571428,10.451228861330328,16.166666666666668,234.94805194805195,174,152,151,136,135,139
2,215.7112676056338,7.703707440100884,17.666666666666668,243.6178861788618,156,142,131,119,129,116
3,222.80503144654088,5.069021237303786,17.75,269.42105263157896,107,130,131,114,120,120
4,194.9,3.2255985267034992,24.305555555555557,259.5735294117647,112,129,118,119,121,125
5,216.39705882352942,2.0528264006524877,32.73611111111111,257.55121951219513,120,140,104,118,122,89
6,261.2803889789303,2.0911451788556596,14.666666666666666,233.88781431334624,188,210,160,169,167,144
7,361.9009584664537,1.7303485987696514,8.833333333333334,173.5890909090909,282,273,269,246,183,210
8,243.9375,1.3636363636363635,18.72222222222222,175.87603305785123,282,292,307,276,215,226
9,226.34939759036143,1.1169539390398286,16.09722222222222,195.67105263157896,256,280,304,196,214,217
10,217.55405405405406,0.8264797507788162,8.166666666666666,185.46153846153845,228,262,210,187,205,192
11,213.2941176470588,1.0808556611927396,20.833333333333332,208.65,218,239,184,163,180,173
0,208.68965517241378,15.65662100456621,24.76388888888889,189.125,206,178,177,157,178,199
1,230.52173913043478,12.145179119754351,20.333333333333332,256.3333333333333,188,156,151,136,163,183
2,224.14465408805032,10.024744195198739,14.944444444444443,278.6978417266187,138,136,141,128,146,158
3,226.12994350282486,7.6383534136546185,19.63888888888889,263.22727272727275,133,137,130,126,162,142
4,220.1867469879518,5.234938086512299,22.375,271.72727272727275,122,126,141,133,166,95
5,222.82056451612902,3.4652907009530267,46.09722222222222,291.33653846153845,130,114,128,129,168,102
6,250.2359375,2.561507590298378,24.625,253.82014388489208,185,184,177,190,152,154
7,562.3018867924528,1.7700464672941734,20.61111111111111,206.748031496063,270,274,277,268,219,218
8,442.2098765432099,1.4221857325305605,13.236111111111109,203.7357142857143,287,290,300,213,236,240
9,189.4673913043478,1.515050579817419,18.972222222222225,217.43037974683546,284,288,289,211,234,238
10,241.74725274725276,1.5841269841269843,17.847222222222225,202.56164383561645,256,267,283,198,208,228
11,230.43243243243242,1.9360172820109975,11.638888888888891,240.20634920634922,233,256,197,179,190,218
0,222.69230769230768,13.43792300414817,26.458333333333332,212.7659574468085,210,221,166,157,152,151
1,218.32673267326732,10.575780590717299,13.722222222222221,217.50574712643677,195,166,150,154,134,149
2,215.80555555555554,8.05549132947977,11.208333333333334,231.93103448275863,182,153,129,132,126,143
3,217.56493506493507,6.533458021612636,16.52777777777778,260.92198581560285,141,141,120,133,125,142
4,208.90740740740742,4.065245478036175,13.388888888888891,263.9577464788732,134,131,122,127,121,139
5,219.870636550308,3.0918410420309947,58.84722222222222,286.8538283062645,126,134,114,125,119,103
6,225.66519174041298,1.965873666940115,17.666666666666668,237.33041958041957,189,186,173,177,190,145
7,318.0034965034965,1.593301435406699,19.38888888888889,184.43951612903226,280,287,266,273,207,207
8,240.57738095238096,1.102258680750646,10.11111111111111,186.29655172413794,286,306,290,283,224,229
9,224.0340909090909,1.0649871170913252,14.361111111111112,199.64556962025316,268,292,296,204,223,214
10,226.3452380952381,1.509880239520958,16.722222222222225,180.0,255,283,208,185,209,196
11,217.6338028169014,1.3986169321039397,17.249999999999996,203.89655172413794,230,251,191,170,179,172
0,192.78823529411764,15.04976525821596,21.333333333333332,250.74358974358975,214,156,168,167,164,196
1,230.82075471698113,11.982505133470227,23.027777777777775,277.13483146067415,196,138,165,146,146,183
2,220.98561151079136,8.075039494470774,16.51388888888889,270.575,131,133,141,136,144,159
3,226.36363636363637,5.417764533667921,24.347222222222218,311.9662162162162,130,135,127,117,140,148
4,208.45180722891567,4.132837528604119,41.458333333333336,308.4066666666667,145,129,139,107,145,95
5,227.91129032258064,2.4700476710125785,64.51388888888889,299.9578454332553,138,137,140,104,144,94
6,271.7085889570552,2.0208333333333335,23.291666666666668,248.0051993067591,198,190,188,183,155,142
7,1196.6484149855908,1.6457107914507016,13.625,183.52173913043478,262,288,300,267,235,209
8,253.69620253164558,0.9905118824544182,7.083333333333333,204.93333333333334,287,297,308,229,240,240
9,217.89285714285714,1.014117286786097,20.65277777777778,221.76119402985074,281,289,292,216,237,240
10,237.27631578947367,0.8911242603550298,12.777777777777779,249.58461538461538,255,270,201,200,209,217
11,217.22727272727272,1.5041800643086816,16.555555555555554,259.7068965517241,241,238,191,184,189,201
0,205.13924050632912,13.68034497148421,13.472222222222221,239.84285714285716,214,213,172,155,172,180
1,224.70652173913044,11.697030114226374,16.48611111111111,222.48,200,152,155,140,156,160
2,222.3846153846154,9.660230946882217,19.38888888888889,249.28148148148148,178,133,148,131,140,136
3,211.29834254143645,6.5858585858585865,9.86111111111111,256.4871794871795,126,130,134,136,136,130
4,221.8988764044944,4.159966499162478,22.972222222222225,300.1503267973856,127,126,140,136,132,135
5,229.5082304526749,2.7505478030215658,49.013888888888886,283.247572815534,122,135,146,139,121,91
6,247.00311041990668,3.034820883814173,12.902777777777777,238.4725663716814,148,196,219,206,135,139
7,407.0625,1.886975467080523,19.48611111111111,193.5547703180212,217,272,303,287,214,230
8,287.0625,1.3056111616621173,19.041666666666668,182.5985401459854,268,300,307,222,233,240
9,235.21052631578948,1.4120245093465216,16.86111111111111,185.96341463414635,263,291,297,217,230,233
10,222.1012658227848,0.9258922252552827,11.986111111111109,185.3768115942029,251,258,282,200,208,214
11,204.26666666666668,0.8633819951338201,12.291666666666666,224.96825396825398,239,232,192,188,185,197
0,216.27173913043478,14.533976624082632,21.486111111111114,223.24705882352941,217,231,156,165,178,185
1,208.47252747252747,12.215166994106092,13.375,238.24358974358975,198,175,149,156,165,175
2,235.52325581395348,9.396713615023474,17.48611111111111,250.29299363057325,120,155,145,134,150,148
3,211.03370786516854,6.146505376344086,17.25,264.2484076433121,119,158,142,135,145,138
4,213.2319587628866,4.807322631787556,23.152777777777775,280.72352941176473,119,172,140,132,153,125
5,214.53125,3.4370314842578704,38.75000000000001,278.8568019093079,118,184,136,133,144,97
6,229.32826747720364,2.116253701106436,11.263888888888888,253.11754068716095,182,226,182,179,183,164
7,435.8829431438127,1.6725226541946796,12.958333333333334,191.9471544715447,252,317,269,269,218,230
8,273.6787878787879,1.2542982697061247,11.833333333333334,180.32592592592593,273,320,298,292,233,239
9,235.4950495049505,1.220942473218156,13.930555555555557,186.8395061728395,270,309,287,209,232,231
10,208.578125,1.2880952380952382,17.791666666666668,222.54237288135593,256,288,187,188,212,213
11,208.40277777777777,1.489887187751813,17.01388888888889,218.56521739130434,237,262,171,176,201,194
0,209.2183908045977,14.410887679911854,15.652777777777777,226.0759493670886,227,235,145,179,165,166
1,207.93023255813952,11.459685863874345,28.027777777777775,192.18421052631578,202,161,129,158,147,158
2,222.0068493150685,7.374511189634863,12.208333333333334,238.43076923076924,170,137,136,132,130,144
3,214.96794871794873,6.33226768968457,7.277777777777778,215.93283582089552,124,137,124,140,134,123
4,209.54597701149424,3.85300173385349,20.72222222222222,249.71140939597316,119,132,121,127,139,131
5,207.46469248291572,3.2137870855148343,23.027777777777775,254.36193029490616,127,132,107,141,124,133
6,215.1525679758308,1.6762461296934277,28.069444444444443,240.12343470483006,155,170,153,193,175,151
7,296.3010033444816,1.5440656565656565,9.875,178.8918918918919,253,260,237,279,195,216
8,242.63120567375887,1.540909090909091,10.722222222222221,179.5132743362832,269,294,270,297,206,224
9,216.31313131313132,1.5702430349733254,8.25,176.0705882352941,262,288,263,209,211,213
10,211.87301587301587,1.9098412698412697,10.736111111111112,178.9126213592233,260,271,237,201,190,191
11,202.68333333333334,1.808984689766317,8.958333333333334,230.62745098039215,246,265,160,196,188,186
0,244.82926829268294,13.01206059714664,14.152777777777777,210.68852459016392,199,231,149,150,165,152
1,197.2325581395349,11.195714285714285,6.875,248.0375,173,150,145,141,154,133
2,235.00625,8.813103448275863,11.236111111111109,269.3809523809524,165,139,127,131,131,119
3,203.3125,6.243810786914236,20.152777777777775,253.5,117,136,129,129,113,130
4,209.82456140350877,4.316985909291062,23.263888888888886,255.36601307189542,129,149,125,126,109,119
5,207.39361702127658,3.5126586084551095,28.333333333333332,279.79318734793185,133,157,114,137,97,85
6,222.95866454689985,2.9259829415435825,27.722222222222225,243.64074074074074,188,210,161,193,148,145
7,390.396449704142,2.376751218910078,11.763888888888891,185.03092783505156,245,287,244,287,192,218
8,215.5327868852459,1.7027027027027026,11.916666666666666,168.71153846153845,267,310,301,303,210,237
9,219.51136363636363,1.11909591422776,16.333333333333332,170.82432432432432,259,297,283,212,206,222
10,228.52173913043478,1.0914731924980827,13.833333333333334,184.3125,240,272,257,199,199,199
11,198.0,1.00469146238377,15.291666666666666,212.6315789473684,218,253,170,175,187,180
0,215.72173913043477,13.858789725126359,22.958333333333332,222.875,210,234,152,167,166,182
1,216.95575221238937,12.066502057613167,27.708333333333332,236.60204081632654,207,150,143,156,157,159
2,218.42857142857142,9.860022050716648,24.208333333333332,228.96581196581195,181,151,127,142,149,157
3,228.65625,6.81094527363184,19.72222222222222,274.4366197183099,127,153,113,121,147,143
4,207.13636363636363,4.734221223791185,23.305555555555557,262.06711409395973,136,142,106,113,142,140
5,217.28659793814433,3.4366376811594206,47.69444444444445,287.59904534606204,141,137,104,119,149,100
6,276.1551459293395,2.806370794559771,31.708333333333332,253.55555555555554,195,179,180,180,136,146
7,512.588785046729,2.5361583967161656,9.291666666666666,191.20883534136547,274,280,284,257,207,204
8,243.1744966442953,1.649765605724155,12.0,193.03787878787878,284,291,300,209,229,231
9,213.93939393939394,1.3261621689626972,16.833333333333332,208.4512195121951,285,278,290,203,224,234
10,254.44285714285715,1.325,12.638888888888891,220.5438596491228,262,263,193,195,221,226
11,228.27142857142857,1.0903551251008876,24.73611111111111,254.88135593220338,238,249,169,178,197,208
0,189.50485436893203,15.356748582230624,18.069444444444446,258.4255319148936,219,166,175,164,149,185
1,233.77272727272728,11.504460431654676,17.416666666666668,260.97402597402595,203,152,159,156,138,165
2,189.42666666666668,9.638605442176868,53.611111111111114,247.64661654135338,133,138,135,146,132,149
3,210.30434782608697,5.922648261758691,17.48611111111111,247.8732394366197,138,138,137,139,127,136
4,219.8612716763006,4.377326565143823,25.083333333333332,265.8857142857143,125,130,139,145,117,132
5,226.41071428571428,3.2744565217391304,29.861111111111114,280.2837528604119,114,122,126,158,123,93
6,240.82714054927303,2.4033492822966505,27.736111111111114,251.73170731707316,175,192,174,223,131,150
7,321.0255591054313,2.7581526689743123,16.01388888888889,199.52964426877472,240,269,268,299,202,219
8,241.81528662420382,2.586783538480667,9.75,172.07299270072994,263,283,299,237,210,240
9,228.43809523809523,1.8928029246832112,13.430555555555557,211.25,270,283,299,236,213,236
10,244.43478260869566,1.576470588235294,11.597222222222221,230.3,263,277,211,211,187,211
11,224.61428571428573,1.6321862348178138,11.777777777777777,223.40322580645162,237,256,188,183,168,203
0,196.35555555555555,15.433463324048283,28.319444444444443,235.1184210526316,190,182,145,183,181,196
1,225.0120481927711,13.410919540229886,23.916666666666668,281.3611111111111,121,164,127,175,165,176
2,233.76223776223776,11.03694968553459,30.902777777777775,282.8189655172414,124,149,126,157,141,151
3,246.46012269938652,8.607098025790256,21.194444444444443,308.3453237410072,129,138,119,149,131,96
4,210.9806451612903,5.351098644226273,56.805555555555564,303.9076923076923,135,125,112,145,124,103
5,218.12786259541986,3.6308563169938575,58.59722222222223,307.9529147982063,133,127,104,140,119,99
6,266.6404320987654,2.9945804195804193,37.30555555555556,270.1542649727768,187,183,158,199,154,159
7,527.397476340694,2.0166587339362203,9.166666666666666,209.24789915966386,267,261,255,280,240,225
8,228.34027777777777,1.0340823632042835,17.375,214.9090909090909,285,311,289,218,240,240
9,220.14285714285714,1.1833333333333333,26.055555555555557,219.04761904761904,273,302,194,199,236,236
10,231.9764705882353,1.3278270509977823,20.916666666666664,264.6969696969697,253,287,177,199,217,220
11,235.828125,1.4609035235643917,14.694444444444445,275.01960784313724,211,202,168,199,200,206
0,248.3764705882353,14.057692307692307,31.083333333333332,262.2236842105263,207,167,167,141,185,173
1,205.7816091954023,10.882539682539685,37.88888888888889,311.5217391304348,189,157,147,126,172,154
2,230.24404761904762,8.437049978822532,16.73611111111111,272.86486486486484,129,132,136,114,146,130
3,230.26666666666668,6.681071871127633,20.125,287.3758865248227,139,136,138,123,136,135
4,243.68156424581005,4.0558756766195225,42.38888888888889,295.20512820512823,131,133,131,127,121,104
5,230.93487394957984,3.960619166856363,36.73611111111111,296.93198992443325,130,151,127,129,122,105
6,342.3817619783617,4.142814139502881,31.847222222222225,272.89686924493554,161,231,195,191,145,134
7,494.6712802768166,1.7133237133237138,14.666666666666664,236.01769911504425,246,285,297,215,226,216
8,229.35658914728683,1.3193401489791607,15.291666666666666,223.15740740740742,270,301,315,213,240,240
9,199.26415094339623,1.2529186935371786,23.583333333333332,219.3932584269663,260,296,227,212,223,221
10,235.2987012987013,1.1114537444933923,20.722222222222225,256.8333333333333,244,282,210,197,218,211
11,216.3013698630137,1.037991104521868,36.5,280.3484848484849,215,177,183,167,199,195
0,213.9787234042553,15.388934646374215,22.222222222222225,236.56410256410257,220,189,164,186,183,175
1,226.9784946236559,12.375731225296445,24.48611111111111,263.1,194,176,157,165,163,157
2,236.79032258064515,9.371317829457363,36.27777777777778,290.7962962962963,135,157,135,155,144,134
3,219.28323699421966,6.881457564575646,39.013888888888886,326.05442176870747,137,149,131,134,134,128
4,213.02424242424243,4.512341485507247,39.15277777777778,316.3255813953488,146,147,135,136,123,81
5,226.06576402321082,3.2419062419062414,61.666666666666664,316.1206140350877,146,147,116,118,91,84
6,332.5672333848532,2.832544778641433,24.944444444444443,263.6348623853211,228,214,191,170,143,130
7,571.7947882736156,1.4421225937183384,33.513888888888886,216.128,287,317,286,212,212,190
8,301.2760736196319,0.8284164729721676,17.23611111111111,220.9848484848485,290,317,298,233,231,229
9,253.4257425742574,0.8533444816053511,11.597222222222221,216.04705882352943,281,312,211,227,233,231
10,215.3421052631579,1.037891737891738,17.40277777777778,257.1694915254237,256,297,205,213,219,214
11,228.05263157894737,0.9620603232218478,17.944444444444446,260.82089552238807,236,201,190,197,198,196
0,213.28155339805826,15.121109057301293,22.472222222222218,241.40449438202248,223,175,153,172,172,187
1,209.48235294117646,12.046494992846924,41.625,296.4691358024691,143,159,137,164,160,169
2,239.8,9.386435958631663,25.305555555555554,302.625,125,146,125,146,149,147
3,235.81382978723406,6.256475485661425,33.583333333333336,311.36526946107784,130,139,112,138,140,93
4,225.06770833333334,4.515949451650614,17.069444444444446,303.58682634730536,134,146,122,148,146,85
5,229.92122538293216,3.900157019871136,86.29166666666667,348.6078947368421,126,152,126,162,148,89
6,288.012012012012,3.009124862066039,46.51388888888889,289.1333333333333,173,231,183,206,149,129
7,941.2185430463576,1.885892182089647,33.083333333333336,224.8311111111111,256,302,297,223,225,196
8,316.9157303370786,1.285533224696723,21.083333333333336,241.09859154929578,280,304,299,229,231,235
9,248.35454545454544,1.2158620689655173,32.763888888888886,231.22,273,301,209,218,215,234
10,230.1818181818182,1.312445730824892,23.166666666666668,249.50819672131146,266,290,191,210,203,222
11,213.14864864864865,1.6790929545153745,21.333333333333332,267.76190476190476,239,197,168,204,177,208
0,226.8125,15.591410373066422,29.5,264.5125,231,160,167,175,185,181
1,233.23376623376623,12.520700636942674,22.527777777777782,241.22388059701493,144,152,156,155,170,165
2,233.32075471698113,9.804487179487179,56.09722222222223,321.27659574468083,137,130,136,137,154,138
3,229.90506329113924,7.878045867176301,31.291666666666668,307.1044776119403,121,120,129,123,138,97
4,242.34782608695653,5.2804704205274415,30.41666666666667,317.8857142857143,117,124,124,129,135,103
5,224.3658536585366,3.7820339897491224,55.76388888888889,338.40047393364927,115,122,117,127,91,102
6,293.3676680972818,3.759893048128342,35.12500000000001,305.71772805507743,178,177,157,184,139,185
7,1060.9407894736842,3.0770111651875185,27.375,249.57657657657657,262,285,299,202,210,239
8,251.126582278481,1.927844420210832,29.402777777777775,244.97037037037038,270,294,305,227,236,240
9,222.67,1.5240437158469944,36.56944444444444,244.67441860465115,271,299,218,218,224,234
10,238.74725274725276,1.5136429608127722,27.638888888888886,265.875,263,274,197,201,219,224
11,225.46575342465752,1.7240539364941276,35.47222222222222,278.51666666666665,254,184,185,190,197,200
0,225.71,16.270376202974628,31.25,240.09638554216866,236,162,173,185,192,195
1,213.96,12.891887304820095,25.708333333333332,295.41269841269843,167,139,155,167,175,179
2,215.74172185430464,10.526390520955738,40.65277777777778,326.3671875,138,111,147,146,159,150
3,223.27564102564102,8.071991383708406,30.305555555555554,308.5074626865672,134,121,130,129,148,105
4,213.61016949152543,5.95880406253566,36.708333333333336,326.8611111111111,137,125,128,128,135,109
5,224.9090909090909,4.051719728934918,48.263888888888886,342.85135135135135,127,133,133,122,92,104
6,310.17472698907955,2.245184183845894,47.694444444444436,305.224043715847,181,210,200,194,147,144
7,945.6612903225806,1.4976333428634963,44.75000000000001,264.7511520737327,265,285,292,210,231,216
8,316.7516339869281,1.0350359304648593,38.15277777777778,241.64406779661016,288,298,299,232,240,240
9,256.1904761904762,1.0649732620320855,36.083333333333336,234.04651162790697,281,299,220,232,228,236
10,233.6595744680851,1.1746478873239437,31.055555555555557,228.88888888888889,266,280,205,228,220,221
11,248.05882352941177,1.323743442206803,13.194444444444445,245.06849315068493,256,185,188,203,208,204
0,187.6625,14.196277032575964,15.944444444444445,216.2089552238806,217,237,169,152,171,178
1,212.0609756097561,11.933360655737705,18.541666666666668,257.8529411764706,193,156,157,147,163,160
2,254.86923076923077,9.854846835953245,26.930555555555557,268.5431034482759,127,130,144,131,150,145
3,226.8109756097561,7.3365467009425895,19.875,262.0,116,128,125,128,142,139
4,211.5888888888889,5.465632329063685,14.041666666666666,275.2360248447205,120,128,118,115,141,101
5,217.1851851851852,3.2022216913521264,50.90277777777777,292.75961538461536,125,125,124,112,140,102
6,280.44202898550725,2.5390001628399284,19.805555555555557,252.05045045045046,186,186,180,168,190,158
7,504.08895705521473,2.4989177489177496,14.722222222222221,200.54151624548737,264,291,287,243,208,219
8,234.90140845070422,1.6101190476190474,20.15277777777778,197.1900826446281,276,306,318,205,223,240
9,220.37864077669903,1.7239411893789776,15.152777777777777,190.13953488372093,261,294,318,204,214,228
10,235.54794520547946,1.7798574643660916,15.888888888888886,269.4561403508772,243,280,211,183,201,215
11,212.18666666666667,1.5951140065146585,31.097222222222225,260.97058823529414,229,267,194,168,182,188
0,218.1358024691358,13.515076081621205,9.583333333333334,217.38235294117646,220,216,166,164,162,169
1,225.83132530120483,10.807982832618023,15.194444444444445,244.16438356164383,200,140,152,143,140,157
2,224.8048780487805,8.80318257956449,9.805555555555555,267.02721088435374,134,123,143,128,135,133
3,223.02702702702703,4.818396226415095,20.916666666666668,277.69620253164555,130,133,131,126,131,144
4,218.39877300613497,3.3654311266100456,22.861111111111114,282.463768115942,124,139,134,124,139,113
5,218.12701612903226,2.9682575164859726,57.875,301.9018691588785,130,136,137,125,146,104
6,261.70561456752654,2.321071991592223,22.847222222222225,253.77133105802048,170,188,184,185,151,160
7,544.685975609756,1.94158357771261,14.402777777777779,186.97701149425288,260,271,275,283,226,235
8,268.66013071895424,1.2672607795481146,21.416666666666668,183.97841726618705,280,298,304,230,235,240
9,199.68539325842696,1.0730610484814886,16.88888888888889,184.51898734177215,279,292,289,231,225,230
10,213.64102564102564,0.8418248418248419,18.0,162.52307692307693,258,270,282,203,204,213
11,202.18309859154928,0.7066478646253024,11.916666666666666,248.64406779661016,232,245,197,182,186,199
0,202.84146341463415,15.182388591800358,8.027777777777779,195.40277777777777,227,158,176,189,180,192
1,221.25882352941176,11.942343750000003,25.041666666666668,265.4594594594595,203,147,155,186,159,174
2,219.5578231292517,8.957235228539574,21.097222222222225,264.6328125,177,125,132,167,146,150
3,228.9593023255814,6.274497991967872,8.611111111111112,280.83892617449663,141,117,126,165,133,148
4,223.05714285714285,4.187219502243983,42.0,289.38732394366195,135,115,133,167,133,134
5,219.59420289855072,2.5428194993412387,54.833333333333336,299.541567695962,138,125,123,152,128,93
6,232.15987460815046,1.55250554323725,19.041666666666668,242.82415630550622,192,189,187,201,120,136
7,501.76075268817203,1.429372464805536,11.25,193.006600660066,271,254,271,284,227,217
8,258.4567901234568,0.8509173625452695,16.416666666666668,181.8368794326241,277,307,309,227,234,237
9,237.98305084745763,0.9040178571428572,12.708333333333334,194.24074074074073,272,285,306,219,228,226
10,213.43820224719101,1.0782813633067438,10.26388888888889,215.6315789473684,256,265,212,211,217,218
11,225.97014925373134,0.8890625,12.319444444444445,213.125,240,236,195,199,205,205
0,207.7325581395349,14.768995221751128,13.611111111111109,253.53333333333333,208,232,182,164,154,203
1,227.05479452054794,12.454587251828631,16.555555555555554,254.0151515151515,193,142,156,146,135,185
2,216.42384105960264,9.651286894923258,25.111111111111114,254.74015748031496,178,122,142,134,117,154
3,221.4111111111111,7.140387949718249,16.458333333333332,276.97484276729557,133,116,144,127,111,138
4,226.9578313253012,5.031956892872386,42.208333333333336,282.70992366412213,143,128,138,117,116,139
5,223.76148796498907,3.6116180592831153,41.15277777777778,284.520987654321,136,125,137,117,114,100
6,240.85289747399702,2.9603024574669186,36.94444444444444,244.5306859205776,185,179,201,169,169,155
7,417.56040268456377,2.628458498023716,9.208333333333334,169.67460317460316,269,271,279,271,204,224
8,234.44520547945206,1.6836690691800649,21.847222222222225,191.10236220472441,279,294,302,212,219,240
9,197.8640776699029,1.7753568270809654,5.319444444444444,190.35294117647058,270,292,293,207,213,233
10,220.75903614457832,1.7172862453531599,3.4166666666666665,232.63888888888889,258,270,206,195,198,218
11,238.6883116883117,1.3841914722445696,9.763888888888891,233.46774193548387,234,254,196,176,170,213
0,227.46753246753246,14.266465792272243,7.361111111111112,218.8709677419355,211,247,156,139,144,188
1,212.3298969072165,11.627807486631017,5.472222222222222,206.183908045977,198,169,135,123,141,169
2,217.67164179104478,8.767456037514656,13.486111111111112,241.66666666666666,182,153,130,118,127,143
3,222.9939024390244,5.982996523250762,23.680555555555554,258.3445945945946,134,152,117,112,122,130
4,231.51282051282053,4.752262693156733,24.319444444444443,297.35971223021585,143,133,105,126,117,131
5,216.90086206896552,4.011020951919583,32.22222222222222,278.91990291262135,139,143,98,130,119,89
6,247.17628705148206,3.4237099739215937,29.569444444444446,246.2644927536232,186,204,144,169,164,150
7,454.13793103448273,3.2964629227427853,16.01388888888889,204.72619047619048,264,304,248,216,197,236
8,276.4146341463415,2.048235160594712,14.0,180.4822695035461,271,309,287,283,212,240
9,214.2173913043478,1.9954125476513533,18.88888888888889,203.0875,272,298,287,191,191,235
10,238.85227272727272,1.8830070099105631,22.63888888888889,205.35897435897436,246,288,267,176,175,227
11,241.66666666666666,1.9672158154859969,18.86111111111111,247.58333333333334,233,272,179,159,161,210
0,201.97058823529412,14.059640491958373,8.777777777777779,227.45977011494253,202,176,171,185,167,156
1,227.42857142857142,10.808425357873213,9.5,230.52439024390245,178,154,161,166,172,147
2,202.10236220472441,7.8930232558139535,21.875,296.76190476190476,173,129,143,146,148,121
3,227.03246753246754,6.182367953839326,15.222222222222221,284.7348484848485,117,116,130,135,138,115
4,194.8546511627907,4.0899840836743975,39.40277777777778,280.2328767123288,118,115,128,133,127,112
5,226.6421052631579,3.097410311237824,58.65277777777778,284.7255369928401,123,114,145,135,134,81
6,246.6031007751938,2.0641209728080407,14.041666666666666,229.82971014492753,189,190,202,187,136,109
7,274.73801916932905,1.6375693272244993,12.486111111111112,174.56716417910448,277,301,295,284,184,167
8,247.92957746478874,0.9856926547387287,8.902777777777777,169.58823529411765,278,317,304,240,214,188
9,215.46067415730337,0.9036051667630615,11.902777777777777,188.86486486486487,267,299,296,226,211,183
10,211.08641975308643,0.9059514783927219,5.388888888888889,179.18840579710144,240,289,203,211,200,176
11,225.08955223880596,1.0852748154224778,10.847222222222221,208.9591836734694,212,262,186,205,183,171
0,233.00980392156862,14.490934065934065,13.277777777777779,240.38636363636363,200,235,158,164,182,181
1,217.58823529411765,11.546335403726706,18.180555555555554,248.8421052631579,187,158,140,158,153,170
2,216.83673469387756,9.478264840182646,13.097222222222221,251.40769230769232,173,140,128,139,133,163
3,216.5151515151515,7.095838522208385,11.041666666666666,274.8181818181818,110,138,125,136,130,164
4,229.15463917525773,4.861666666666666,45.34722222222223,302.2455089820359,121,132,132,130,124,161
5,216.75506072874495,3.6790081521739135,46.416666666666664,278.2651162790698,122,142,142,123,126,113
6,290.35185185185185,3.351472471190781,13.0,222.52867383512546,182,201,196,188,154,144
7,603.5646258503401,1.9829257037378865,1.7916666666666667,166.09722222222223,268,299,286,276,217,230
8,231.59731543624162,1.3588144935393507,5.041666666666667,181.29323308270676,277,316,309,215,224,240
9,202.81060606060606,1.0704216624841216,15.958333333333334,195.46296296296296,266,303,297,215,217,239
10,222.4111111111111,1.507037217617423,7.805555555555556,194.58227848101265,253,289,279,203,218,223
11,213.57534246575344,1.4002779984114377,9.527777777777779,239.9848484848485,228,265,177,193,192,204
0,213.58823529411765,13.612637362637365,6.875,219.125,228,231,134,161,157,153
1,226.10843373493975,11.40347266881029,13.472222222222223,201.15942028985506,208,160,123,149,146,147
2,213.75,9.015204678362574,14.916666666666666,261.99212598425197,191,146,113,140,129,136
3,224.41142857142856,5.705933682373474,8.319444444444445,254.7378048780488,127,135,116,134,120,132
4,216.3046357615894,3.4879372102823427,24.23611111111111,248.5909090909091,139,136,126,138,113,139
5,215.0752688172043,2.2998687664041992,46.916666666666664,253.9618320610687,129,139,121,132,107,134
6,229.89036544850498,2.2924901185770747,26.875,224.0953307392996,214,179,157,163,157,142
7,288.2953020134228,1.703185703185703,11.708333333333334,182.4108527131783,283,264,246,229,186,196
8,231.0952380952381,1.6374693682385992,14.236111111111112,162.04929577464787,287,291,270,263,208,202
9,221.41509433962264,1.450163078930202,15.611111111111109,164.83529411764707,280,291,271,206,204,208
10,230.79012345679013,1.3587301587301586,4.416666666666667,180.75,266,272,244,190,187,191
11,240.9811320754717,1.5987701441899913,6.444444444444444,234.9795918367347,246,251,152,183,173,174
0,219.37179487179486,13.875350926445819,15.486111111111109,203.58823529411765,218,214,157,158,165,184
1,210.35051546391753,11.442997858672378,15.361111111111112,227.48837209302326,190,147,152,143,147,155
2,214.21714285714285,8.40018691588785,9.930555555555555,267.6907894736842,179,126,138,132,143,138
3,226.28048780487805,4.553838951310861,4.958333333333333,261.7891156462585,134,126,129,115,150,147
4,211.9047619047619,2.8256410256410254,26.763888888888886,279.2901234567901,135,127,122,114,131,151
5,221.45238095238096,2.17585556761698,55.47222222222222,269.1771844660194,133,124,115,126,140,123
6,279.7891373801917,2.433892821031345,20.625,224.3053435114504,190,172,149,177,211,176
7,461.12974683544303,2.628198878869121,11.902777777777779,173.40697674418604,276,271,251,231,234,229
8,232.3312101910828,1.673881227132001,5.652777777777778,166.93478260869566,280,285,297,273,240,240
9,230.56363636363636,1.8783682756379,15.125,179.89690721649484,259,282,288,191,219,226
10,204.53333333333333,1.7758687258687258,7.055555555555556,179.28048780487805,239,261,197,184,199,215
11,208.83561643835617,1.4806808859721083,8.0,194.05454545454546,226,246,178,176,186,207
0,211.3119266055046,14.19364365068204,7.208333333333333,207.6060606060606,218,233,153,152,153,185
1,233.14473684210526,11.952179226069244,9.152777777777777,206.71830985915494,209,176,141,150,135,171
2,231.81578947368422,8.95256880733945,14.583333333333334,246.4206349206349,187,156,125,125,126,153
3,216.12727272727273,6.722100542344598,26.416666666666668,269.6887417218543,140,159,116,113,131,140
4,204.63253012048193,4.128825475599668,19.23611111111111,259.021897810219,139,155,121,118,134,139
5,222.89265536723164,2.6753893359578527,33.93055555555556,268.86147186147184,139,151,126,116,123,96
6,258.58620689655174,2.0985404278322655,16.875,236.33459357277883,212,214,167,172,204,157
7,346.7278911564626,1.849617953191745,6.083333333333333,180.58536585365854,279,293,256,258,200,225
8,222.82738095238096,1.5106555997981044,9.23611111111111,170.65034965034965,292,303,282,286,221,237
9,228.43333333333334,1.6986978424104175,13.458333333333334,196.66666666666666,286,296,272,209,210,230
10,220.9493670886076,1.8404761904761904,14.194444444444445,219.95,260,276,255,196,192,221
11,233.66666666666666,1.6500810372771475,12.458333333333334,220.91525423728814,238,254,174,186,174,208
0,229.5686274509804,14.72106305711456,13.249999999999998,217.67032967032966,232,234,152,180,189,178
1,200.65217391304347,12.146482213438734,13.708333333333334,238.24705882352941,210,163,144,169,163,163
2,213.76510067114094,9.393318872017353,13.055555555555557,241.46511627906978,186,152,126,149,153,156
3,216.8556701030928,7.063868613138686,15.166666666666666,277.9141104294479,124,146,122,131,147,152
4,213.68354430379748,4.7370550161812295,20.583333333333332,256.95454545454544,125,149,114,138,148,150
5,199.859126984127,2.5316049099460822,29.95833333333333,255.238202247191,126,143,125,127,139,98
6,257.6490963855422,1.9440111205498491,27.680555555555554,236.04395604395606,174,181,214,196,206,155
7,416.9907692307692,1.9228079612695,4.583333333333333,176.3014705882353,259,258,275,296,222,211
8,307.3212121212121,1.1793939393939394,6.875,163.83582089552237,281,300,291,304,240,234
9,213.13978494623655,1.1881585859522266,7.902777777777779,167.24358974358975,279,303,281,214,231,233
10,216.15116279069767,1.1364336512306228,6.652777777777778,190.7536231884058,266,274,266,210,220,217
11,212.65060240963857,1.2782334384858045,5.055555555555555,195.31884057971016,252,254,172,194,206,190
0,233.45454545454547,14.891727661925147,8.0,221.62962962962962,208,225,166,165,164,186
1,202.9247311827957,12.91756813417191,10.236111111111112,219.83544303797467,193,152,145,148,148,168
2,216.10666666666665,9.15506462984724,27.027777777777775,261.76691729323306,176,134,125,140,133,143
3,229.140243902439,5.774779249448123,24.569444444444446,281.2638888888889,122,127,128,129,121,128
4,223.1590909090909,3.7147435897435894,28.958333333333332,277.4513888888889,124,128,114,123,123,129
5,225.20833333333334,2.726793627979399,24.08333333333334,265.77272727272725,114,139,109,120,143,101
6,248.9030303030303,2.083943983064647,12.347222222222223,231.37781629116117,188,179,178,190,195,138
7,903.2941176470588,2.2765528043858065,8.402777777777777,172.27710843373495,241,273,290,268,205,232
8,235.4087591240876,1.727272727272727,6.972222222222221,164.00877192982455,273,316,310,296,215,240
9,237.09278350515464,2.1429204660587637,14.819444444444445,174.52439024390245,256,301,296,214,210,227
10,235.9418604651163,2.1110435663627154,6.944444444444444,181.2112676056338,241,273,273,206,191,226
11,212.21428571428572,2.2712439418416803,14.805555555555555,185.93103448275863,238,257,182,185,173,203
0,211.8469387755102,13.77627106887702,11.069444444444443,256.01149425287355,184,237,171,176,169,172
1,230.05434782608697,10.762476390346274,19.916666666666668,239.76923076923077,173,157,149,154,156,164
2,207.91411042944785,8.836587030716725,17.555555555555554,233.84827586206896,160,149,136,132,147,155
3,213.09333333333333,5.88923487544484,15.305555555555555,273.93283582089555,121,142,142,135,147,156
4,231.08938547486034,3.487942612942613,27.277777777777782,287.503355704698,126,139,135,125,145,149
5,217.0729366602687,2.068850190289471,44.06944444444445,274.8406113537118,129,131,129,121,145,99
6,251.13541666666666,1.9135118257747248,14.875,230.9310954063604,202,202,180,178,205,147
7,408.95652173913044,1.1163033395176256,5.736111111111111,186.78656126482213,273,294,269,286,217,229
8,234.56050955414014,0.7549359947927965,13.694444444444443,161.56589147286823,290,307,297,320,226,236
9,231.43434343434345,0.9806363664528919,16.5,203.48837209302326,272,302,298,230,205,230
10,228.6,0.952185123535363,12.305555555555557,177.56756756756758,243,289,285,229,203,210
11,201.93548387096774,0.7652260111022997,3.8333333333333335,231.12727272727273,224,271,192,202,186,186
0,197.54444444444445,14.18565415167357,6.944444444444444,213.5375,231,239,165,154,176,168
1,217.46913580246914,11.367346938775512,11.861111111111109,227.13513513513513,208,160,153,146,159,154
2,238.2077922077922,8.51377162629758,8.444444444444445,226.02307692307693,180,149,139,125,136,138
3,206.47142857142856,6.197654941373536,8.26388888888889,238.1788617886179,133,149,119,122,141,132
4,199.83333333333334,4.819333333333333,25.777777777777782,254.04697986577182,128,134,115,109,128,136
5,209.018,3.087779973649539,43.5,255.54196642685852,121,146,127,103,126,136
6,242.2215477996965,2.5086338347413966,17.15277777777778,225.0936936936937,199,208,176,147,180,145
7,344.4,2.0829308552913126,6.541666666666667,166.72549019607843,277,284,271,236,202,217
8,296.72222222222223,1.2588126159554731,2.5833333333333335,153.02142857142857,286,304,299,269,226,233
9,247.36697247706422,1.135009574033964,7.5,167.375,284,302,293,186,219,233
10,205.16,1.270576441102757,11.5,169.6818181818182,272,292,272,169,208,212
11,207.42168674698794,1.0998787388843978,0.0,200.76712328767124,248,258,184,163,201,183
0,230.5,14.195088044485635,9.055555555555555,211.05263157894737,207,249,142,141,160,180
1,215.69811320754718,11.498874458874461,6.125,219.81052631578947,191,172,120,120,153,168
2,216.15827338129498,9.08604651162791,21.597222222222225,224.48333333333332,173,154,105,111,152,165
3,218.91194968553458,6.1222276029055696,12.625,257.7720588235294,177,147,105,110,134,153
4,199.03870967741935,4.917387927208167,18.01388888888889,250.5648854961832,121,143,101,104,127,155
5,221.04627766599597,3.2984509271822704,31.708333333333332,260.2925659472422,123,139,99,99,129,148
6,231.0299003322259,2.9087641218760703,19.791666666666668,218.5943925233645,193,209,137,144,184,149
7,285.9906542056075,2.1332549941245595,16.444444444444446,171.41353383458647,263,299,219,226,269,204
8,236.8791946308725,1.4442361761949394,2.7083333333333335,144.5625,275,315,264,256,219,223
9,202.25,1.3231088145166139,6.111111111111111,185.74683544303798,269,298,259,260,212,215
10,238.19444444444446,1.2071602363573164,3.6111111111111107,191.49180327868854,255,277,246,183,199,210
11,219.3,1.403030303030303,15.777777777777777,205.9016393442623,237,257,158,164,178,194
0,239.64044943820224,15.432018292266743,13.027777777777777,205.4805194805195,199,245,181,142,175,185
1,229.6195652173913,13.285289928789418,11.5,236.0375,186,175,177,137,151,157
2,218.1086956521739,10.084631101021568,12.652777777777779,254.52845528455285,169,155,159,121,135,142
3,205.62576687116564,7.575234441602729,13.277777777777777,243.0758620689655,124,143,167,108,114,126
4,217.2087912087912,5.315616797900263,23.694444444444446,271.78846153846155,129,135,153,109,112,124
5,224.33271028037385,4.074667911996678,34.47222222222222,265.4192139737991,136,159,160,113,121,114
6,326.52798789712557,3.5632428327321053,26.097222222222218,231.7859778597786,203,229,220,177,185,131
7,343.02826855123675,2.5992164025216518,5.75,188.96326530612245,271,292,306,280,194,200
8,349.8766233766234,2.0560568463794273,10.597222222222223,175.13846153846154,272,303,315,286,215,221
9,213.94495412844037,2.199174309035328,5.861111111111111,199.68421052631578,263,305,308,195,217,223
10,214.64044943820224,2.04683951872564,16.875,207.95833333333334,233,279,298,175,208,212
11,209.96385542168676,2.031418092909535,14.736111111111112,235.06849315068493,217,262,203,151,193,201
0,204.79310344827587,14.38447160316319,18.680555555555557,178.61428571428573,203,223,139,151,172,182
1,212.7173913043478,12.44301075268817,12.041666666666666,242.41666666666666,195,164,123,139,152,157
2,212.6793893129771,10.024958481613284,12.888888888888891,259.6434782608696,175,161,119,122,129,137
3,231.36477987421384,7.264550264550265,17.444444444444446,252.05479452054794,126,158,113,119,123,117
4,220.36363636363637,4.589743589743589,16.51388888888889,254.87333333333333,128,144,114,106,116,120
5,208.3347022587269,3.814599802371541,56.02777777777778,270.5625,128,153,115,100,124,84
6,261.8995215311005,2.5048423655470846,20.25,220.68773946360153,187,220,159,157,189,143
7,413.3754266211604,3.2893356643356637,4.208333333333333,176.3923076923077,267,306,247,212,225,199
8,231.15432098765433,2.2297359225525573,4.125,165.86713286713288,277,320,258,263,240,229
9,224.42156862745097,1.8158559595765775,7.097222222222221,176.9111111111111,268,309,260,197,227,228
10,227.41666666666666,1.6159621515993008,7.861111111111111,194.2941176470588,253,284,244,183,205,220
11,211.40298507462686,2.042851135407906,10.611111111111112,185.85454545454544,223,252,159,167,189,199
0,208.86046511627907,14.265063219608674,13.027777777777779,204.07692307692307,205,232,156,140,165,191
1,223.49295774647888,12.749884575026234,3.9861111111111107,233.23333333333332,187,166,141,134,155,170
2,224.38167938931298,10.238095238095237,15.430555555555555,235.06422018348624,165,159,119,116,124,157
3,212.13333333333333,7.669113607990013,16.527777777777775,237.6122448979592,154,158,120,115,117,137
4,224.94871794871796,5.7228260869565215,23.152777777777782,263.75,126,158,116,108,122,129
5,222.67065868263472,4.434672206832872,27.958333333333332,263.46713615023475,123,141,106,107,110,135
6,272.5854037267081,3.9435075532493626,27.875,251.92883211678833,189,218,153,157,156,166
7,431.1,3.0762342992165155,16.166666666666668,206.98431372549018,264,286,258,232,186,236
8,231.56,2.6572465872785362,12.819444444444445,165.66666666666666,278,292,297,249,209,240
9,228.14893617021278,2.556668670273158,22.583333333333332,170.46511627906978,271,281,271,164,204,235
10,208.95698924731184,2.389233954451346,9.513888888888888,189.575,248,259,249,154,198,226
11,237.14473684210526,1.8805673158340388,16.944444444444446,218.28787878787878,224,256,172,143,181,205
0,208.2340425531915,14.695079695079695,10.833333333333334,221.7710843373494,235,256,158,160,129,172
1,208.79545454545453,12.466903023983313,6.777777777777778,217.4794520547945,208,183,139,150,118,161
2,215.80434782608697,9.905530921820304,3.0,229.0084745762712,192,163,116,140,102,144
3,205.61290322580646,8.115023923444975,19.208333333333332,279.9590163934426,192,163,111,133,98,139
4,207.81132075471697,5.878070175438597,10.51388888888889,262.9852941176471,131,156,113,124,97,139
5,215.42887029288704,3.9936594202898545,38.333333333333336,266.28132387706853,117,144,114,127,97,137
6,221.96634615384616,3.8756437315322922,15.0,220.89852398523985,179,222,162,195,144,128
7,295.2625,2.4935893783121554,6.166666666666667,172.5183823529412,262,295,250,293,228,198
8,222.49655172413793,1.661660079051383,9.527777777777777,171.71774193548387,278,313,282,315,201,221
9,209.1315789473684,1.4873284907183215,5.666666666666667,177.02803738317758,260,308,275,224,193,215
10,212.72222222222223,1.3347763347763348,4.722222222222222,182.8987341772152,256,291,252,196,181,210
11,214.11666666666667,1.5516273393002442,14.41666666666667,229.6530612244898,248,273,177,184,156,191
0,202.11494252873564,14.79510617353396,3.0555555555555554,232.41558441558442,195,251,154,163,156,175
1,201.8,12.416931216931218,7.263888888888889,208.63013698630138,189,167,143,154,141,151
2,214.5886524822695,9.406533490011752,7.583333333333333,215.260162601626,172,155,125,131,126,142
3,223.1464968152866,6.648029375764994,4.458333333333333,263.5820895522388,175,139,118,128,122,135
4,221.7987421383648,5.94089644843817,17.583333333333332,265.35971223021585,150,125,133,112,132,127
5,211.5079051383399,3.9986129604971152,31.51388888888889,271.900462962963,146,123,128,115,126,113
6,311.02272727272725,3.2083125104114605,20.47222222222222,231.8127147766323,197,187,179,171,172,138
7,505.40983606557376,3.1791044776119404,0.0,171.94814814814814,276,277,266,239,203,213
8,292.6167664670659,1.885763293310463,5.291666666666667,184.23809523809524,283,305,273,277,212,240
9,213.59223300970874,2.046978145228482,10.444444444444445,163.14893617021278,281,296,262,207,211,229
10,210.23529411764707,2.0002070393374742,5.416666666666667,205.4,248,272,253,203,181,223
11,235.65,1.7461321514907335,13.986111111111109,164.8653846153846,226,263,188,183,179,202
0,202.126213592233,13.742290444981029,2.055555555555556,177.54545454545453,213,221,182,156,179,164
1,209.78666666666666,11.418012170385396,11.611111111111109,187.4927536231884,210,151,163,138,163,161
2,213.85,8.66849187935035,7.916666666666667,223.25,180,138,139,119,142,144
3,217.89944134078212,6.3767521367521365,11.888888888888888,230.50331125827816,173,128,124,115,141,138
4,216.5581395348837,4.2428087986463625,18.98611111111111,266.9527027027027,135,128,139,118,135,133
5,223.35238095238094,2.769009725906277,47.09722222222222,267.7855477855478,128,115,130,124,133,124
6,231.7444279346211,2.784741591468417,16.875,219.89649122807018,198,186,189,161,192,134
7,260.7674418604651,1.6461916461916466,7.583333333333333,171.73234200743494,261,279,276,254,210,200
8,205.99386503067484,1.1501827318410234,1.4583333333333333,161.82442748091603,272,301,306,271,224,218
9,216.17977528089887,1.0554285714285712,7.972222222222222,155.3116883116883,262,285,293,207,222,231
10,208.703125,0.9976426214049976,7.583333333333333,192.1818181818182,261,268,276,190,208,211
11,237.47692307692307,0.9679591836734694,6.388888888888888,212.01785714285714,240,245,192,172,190,186
0,209.82716049382717,14.88468181214295,8.763888888888888,223.17808219178082,199,220,181,175,196,187
1,217.06741573033707,12.272820512820513,18.972222222222225,244.69230769230768,178,145,158,155,174,165
2,216.4817518248175,8.988932261768083,15.138888888888891,238.13114754098362,153,136,135,144,152,151
3,209.92441860465115,6.13533674339301,2.875,245.92207792207793,114,127,133,132,138,138
4,228.9090909090909,3.9222116603295314,27.416666666666668,255.84892086330936,118,129,140,131,129,142
5,219.27754237288136,2.607392489041583,60.69444444444445,264.4196642685851,117,108,134,136,132,107
6,223.71189024390245,2.1066633821899257,31.041666666666668,233.4399293286219,170,158,193,177,193,168
7,371.55485893416926,2.200441068365597,5.083333333333333,174.36559139784947,241,246,277,260,228,232
8,285.29813664596276,1.8532133102948547,0.0,160.58695652173913,275,277,312,287,240,240
9,237.03370786516854,1.7047062822533292,1.6666666666666667,172.320987654321,266,278,308,211,240,238
10,214.74468085106383,1.59025006650705,8.805555555555555,189.81012658227849,240,258,290,203,226,215
11,218.4835164835165,1.7311605723370431,9.180555555555555,213.6315789473684,221,232,207,185,206,207
0,225.0,15.918227146814404,10.152777777777777,222.14705882352942,228,206,175,149,144,181
1,220.05154639175257,13.22844262295082,17.11111111111111,268.3614457831325,204,186,152,134,134,166
2,237.73643410852713,10.698441247002398,22.236111111111114,283.92105263157896,140,178,126,118,121,151
3,223.35164835164835,8.17437106918239,30.777777777777775,304.8709677419355,134,177,122,106,111,145
4,252.30322580645162,6.038813705729917,16.01388888888889,294.7226277372263,131,183,129,113,104,95
5,226.25571725571726,4.396615115261162,60.708333333333336,307.487922705314,126,178,125,117,101,98
6,298.6306306306306,4.229384845551351,23.402777777777775,288.1051724137931,191,241,176,164,114,147
7,546.5559440559441,2.8688311688311687,34.666666666666664,216.75982532751092,274,311,286,263,184,222
8,302.08620689655174,2.224155674057442,21.847222222222225,232.30718954248366,281,320,297,194,201,234
9,258.63793103448273,1.7433862433862433,19.86111111111111,238.94897959183675,273,313,301,199,197,229
10,202.15662650602408,2.222593681116826,20.694444444444443,242.57746478873239,256,303,218,182,179,223
11,252.07142857142858,2.299404289118348,31.430555555555554,249.28205128205127,244,291,194,171,158,201
0,213.82242990654206,14.152191894127377,9.875,222.93939393939394,203,227,176,177,163,170
1,225.46153846153845,11.244670050761423,13.958333333333334,230.55555555555554,193,159,166,166,150,151
2,217.81379310344826,8.908507795100222,7.0,261.3931623931624,166,153,145,153,138,143
3,210.6206896551724,6.281666666666667,18.65277777777778,259.4807692307692,116,130,140,141,131,142
4,224.47674418604652,3.916247906197655,20.444444444444446,270.6845637583893,123,131,130,131,141,140
5,216.7479674796748,3.2835838017666634,51.47222222222222,278.75821596244134,127,144,132,114,146,95
6,253.03157894736842,2.5632375069295956,7.458333333333333,230.9926605504587,177,216,185,163,212,145
7,325.3139931740614,1.655710355324006,17.75,178.46502057613168,268,303,283,267,215,217
8,251.5,1.5653679653679653,12.541666666666666,198.21008403361344,275,320,297,209,218,221
9,213.45054945054946,1.6306186025812197,11.625,182.0,268,310,289,209,210,212
10,220.45263157894738,1.8891390367035061,5.111111111111111,194.675,251,294,272,193,186,200
11,215.9294117647059,1.3772727272727272,7.3055555555555545,213.7972972972973,233,262,187,187,168,195
0,223.28571428571428,13.316433566433568,5.5694444444444455,224.60714285714286,208,200,152,172,171,153
1,223.43548387096774,10.911610169491528,16.09722222222222,289.6734693877551,201,145,137,167,157,137
2,216.44137931034481,8.542808302808304,15.361111111111112,241.2578125,178,121,120,146,132,122
3,201.75324675324674,5.770635459068297,19.680555555555557,258.82089552238807,118,130,111,133,131,114
4,229.43575418994413,3.4497245179063363,41.375,283.4935064935065,106,131,115,121,139,114
5,215.35108481262327,2.01030232415527,45.40277777777778,265.38651685393256,105,127,127,126,131,93
6,231.82875605815832,0.8879833747606047,33.833333333333336,237.2976653696498,171,183,184,205,203,121
7,254.2945205479452,1.3918075747176637,10.25,171.592,244,253,238,301,216,205
8,228.1768292682927,1.236734693877551,10.319444444444445,160.3840579710145,266,271,260,227,227,219
9,219.9047619047619,1.3610725843735554,12.333333333333334,204.38571428571427,264,264,256,219,226,213
10,233.78947368421052,1.1630914826498422,6.111111111111112,210.57971014492753,245,252,173,205,203,190
11,208.19642857142858,1.0263698630136986,15.499999999999998,197.15384615384616,230,231,165,185,185,172
0,209.57142857142858,15.845928705440903,16.569444444444446,245.87692307692308,197,167,180,185,167,170
1,239.86666666666667,11.703731656184486,27.847222222222225,248.8426966292135,174,142,161,168,160,149
2,222.46,9.657852564102564,20.36111111111111,268.80152671755724,116,121,153,153,149,140
3,224.7439024390244,6.386666666666667,20.208333333333332,291.0496453900709,121,118,140,147,150,124
4,228.3395061728395,5.322528556904492,31.5,307.18243243243245,117,123,128,132,141,86
5,226.21532091097308,3.828934100480455,52.05555555555555,303.7203791469194,122,125,124,124,143,95
6,261.18100890207717,3.1740774077407736,34.87499999999999,260.8873949579832,168,199,192,176,137,138
7,1053.2625,2.3126147468167013,18.791666666666668,206.68636363636364,254,298,269,280,206,228
8,241.013698630137,2.1477559713981447,16.47222222222222,217.2846153846154,275,312,285,239,214,240
9,209.48192771084337,1.603613777526821,32.75,209.14492753623188,272,299,279,232,205,231
10,242.6888888888889,1.6748312078019505,20.583333333333336,227.85333333333332,250,270,198,212,185,218
11,225.6056338028169,2.0203252032520327,22.763888888888886,223.78125,227,250,187,203,173,190
0,221.9047619047619,14.50809980806142,47.75,253.90277777777777,212,177,162,134,181,176
1,226.84536082474227,12.16891891891892,19.61111111111111,291.1363636363636,150,160,144,115,166,153
2,224.4367816091954,9.42977067977068,27.166666666666668,294.8811188811189,135,150,139,103,151,136
3,234.83333333333334,6.943507157464213,22.61111111111111,281.6363636363636,141,151,129,106,145,143
4,202.242774566474,4.304841274192665,34.59722222222222,311.50967741935483,144,147,133,109,156,104
5,221.89529914529913,2.406228112709445,42.90277777777778,293.38759689922483,135,151,136,110,160,115
6,260.76616915422886,2.097012377294068,29.569444444444443,267.92842942345925,182,218,170,183,152,160
7,487.95498392282957,2.279796642801275,22.652777777777775,239.95473251028807,258,290,261,265,208,229
8,238.97076023391813,1.5687366564559544,31.486111111111114,216.41379310344828,279,301,298,207,228,226
9,214.59223300970874,1.1426829268292682,25.166666666666668,206.98863636363637,278,300,216,196,227,218
10,226.4189189189189,1.2423954372623573,24.63888888888889,277.53333333333336,248,279,197,177,210,204
11,221.64102564102564,1.4958545188035366,21.708333333333332,256.859375,236,200,176,156,193,188
0,198.5212765957447,15.891836007130124,32.69444444444444,263.4878048780488,225,172,186,178,166,195
1,208.82978723404256,12.622695035460994,28.305555555555554,289.6951219512195,136,143,169,159,155,178
2,237.41216216216216,9.136045364891519,23.736111111111114,314.8709677419355,125,131,148,150,133,158
3,245.06338028169014,6.051071488835143,36.513888888888886,355.8582677165354,132,127,147,144,124,99
4,236.63636363636363,3.6216607368992335,45.666666666666664,311.6142857142857,114,121,133,124,126,103
5,224.39643652561247,2.088204248581607,37.666666666666664,325.6625310173697,112,125,134,128,97,93
6,242.00314960629922,1.8484848484848486,51.375,287.4836363636364,170,200,200,163,135,140
7,611.891373801917,1.9320010552697535,17.72222222222222,242.52380952380952,256,291,292,184,200,221
8,303.22289156626505,1.344672637896197,17.0,223.05839416058393,281,318,307,221,212,240
9,234.14423076923077,1.7467213114754097,31.305555555555557,255.84883720930233,274,315,225,204,209,237
10,242.34666666666666,1.7760619150467962,40.25000000000001,257.57142857142856,266,284,211,188,211,229
11,221.3170731707317,1.8495133086398485,19.791666666666668,233.3943661971831,251,194,189,186,186,216
0,237.56,15.036697247706423,18.63888888888889,226.84615384615384,213,175,167,193,170,172
1,210.9255319148936,11.187564766839376,24.694444444444446,257.1645569620253,187,157,150,172,144,155
2,225.95714285714286,8.359932349323493,32.56944444444444,263.616,120,143,142,149,128,131
3,231.0,6.088541666666667,33.30555555555556,313.63309352517985,110,137,132,143,120,126
4,214.48765432098764,4.692934782608695,28.36111111111111,290.2695035460993,106,139,123,140,131,97
5,213.22334004024145,2.964979154258488,35.666666666666664,299.79350348027845,110,138,111,134,139,98
6,233.4232633279483,1.800310421286031,34.59722222222222,282.35489833641407,169,195,172,196,138,155
7,364.7752442996743,1.8306117475018278,20.833333333333332,248.7421875,251,274,250,262,219,236
8,257.74675324675326,1.4495089864739672,20.791666666666668,216.16788321167883,272,306,274,213,237,240
9,214.5888888888889,1.1870748299319729,33.0,224.66265060240963,269,300,210,226,229,236
10,207.24137931034483,1.2089837997054491,31.541666666666668,213.57746478873239,238,271,209,220,206,214
11,239.955223880597,1.312140575079872,20.263888888888886,286.3898305084746,230,256,180,208,183,195
0,200.10752688172042,15.109453860640302,13.888888888888888,270.04761904761904,194,196,157,162,182,171
1,220.44086021505376,11.62073145245559,35.11111111111111,258.53846153846155,184,175,149,141,155,153
2,222.16666666666666,8.49174917491749,19.930555555555557,287.1311475409836,118,160,129,126,142,133
3,205.77272727272728,6.048584905660378,21.194444444444446,299.3445945945946,116,160,120,131,141,127
4,223.98901098901098,4.784109937063341,37.30555555555556,288.9874213836478,108,159,124,122,147,93
5,218.00984251968504,3.586351128233351,41.25,292.1666666666667,120,160,118,121,162,109
6,355.95262267343486,3.168896044917843,24.208333333333332,241.176,181,209,172,177,195,167
7,893.6687697160884,2.6070314798470138,16.666666666666668,198.27667984189722,260,288,258,259,240,240
8,217.94482758620688,1.7257142857142855,8.722222222222223,208.88095238095238,277,307,292,219,240,240
9,211.02803738317758,1.5752946723243753,17.541666666666668,204.28235294117647,266,296,275,215,233,230
10,234.08219178082192,1.3032792925571115,18.152777777777775,208.91935483870967,246,296,187,202,221,205
11,206.3,1.3813253012048192,24.5,258.45098039215685,227,276,167,184,202,189
0,206.80733944954127,14.311634980988595,23.666666666666668,291.6,190,173,166,184,169,170
1,207.66666666666666,10.853609100310237,24.569444444444443,253.0506329113924,172,151,168,162,162,152
2,223.3065693430657,8.721958925750396,14.138888888888888,261.2368421052632,124,138,149,156,144,133
3,226.54545454545453,5.5600811485642945,17.097222222222225,286.89142857142855,114,143,140,139,130,135
4,239.37423312883436,3.5951331138025333,32.541666666666664,305.9791666666667,116,154,154,129,128,98
5,223.75686274509803,2.2857305028947676,60.38888888888889,295.463133640553,111,152,147,129,125,102
6,313.8408736349454,2.5294518215866533,27.819444444444443,259.2854609929078,168,203,227,193,131,146
7,944.5124223602485,1.6376773515501841,18.708333333333332,188.26938775510203,256,285,282,284,222,228
8,288.5869565217391,0.9968531053319083,12.347222222222221,203.4453125,269,313,306,240,240,236
9,225.77450980392157,1.0857019411782856,21.76388888888889,213.20689655172413,253,305,296,232,232,225
10,249.96774193548387,1.2472754050073636,21.069444444444446,216.41071428571428,227,297,199,220,202,213
11,231.22058823529412,1.0834971334971337,25.944444444444443,158.43636363636364,216,255,177,204,180,189
0,217.27173913043478,15.51263565891473,29.069444444444446,250.62962962962962,203,168,167,168,153,173
1,193.4950495049505,13.09655314757482,29.611111111111114,258.5056179775281,202,162,160,140,140,165
2,232.2089552238806,9.705929487179487,21.75,239.41129032258064,134,142,141,134,131,150
3,226.7398843930636,6.641791044776119,19.375,252.48993288590603,142,126,131,123,136,146
4,215.97590361445782,4.788557213930348,29.541666666666668,274.8863636363636,128,133,135,125,139,144
5,216.55650319829425,2.907608695652174,23.791666666666668,274.67493796526054,120,123,130,137,121,105
6,252.45454545454547,2.09551231952614,24.041666666666668,254.93501805054152,175,183,175,198,175,151
7,590.344512195122,2.154872074033751,14.152777777777779,211.66538461538462,264,305,269,268,178,219
8,271.8546511627907,1.9187892211148028,11.597222222222221,194.1006711409396,283,303,302,207,213,240
9,193.86170212765958,2.1276984652232835,15.819444444444443,212.40845070422534,279,299,293,207,201,232
10,202.14606741573033,2.0097441685477806,13.819444444444445,230.90666666666667,256,277,202,194,186,214
11,221.46153846153845,2.3463815789473683,23.41666666666667,248.0909090909091,225,258,183,180,171,199
0,212.8659793814433,15.328133086876155,23.611111111111114,257.11764705882354,212,171,154,190,164,191
1,210.82051282051282,12.242717282717285,22.916666666666668,239.94285714285715,201,163,142,175,137,183
2,227.38028169014083,9.782374100719425,11.375,238.68032786885246,133,143,128,157,117,156
3,212.54705882352943,7.154228855721393,28.777777777777775,267.6845637583893,123,144,130,147,105,155
4,210.74054054054054,5.042592592592593,32.27777777777778,292.0844155844156,121,155,130,143,110,151
5,230.01532567049807,3.342124964008062,39.43055555555556,282.80405405405406,114,163,130,132,112,104
6,307.8443396226415,2.92695866225278,29.666666666666668,253.3667883211679,178,223,181,190,134,165
7,441.0389221556886,1.8590178310435543,18.597222222222225,204.90977443609023,263,288,287,289,203,225
8,247.32467532467533,1.1800114599354623,16.11111111111111,179.18382352941177,280,306,295,234,232,232
9,253.22826086956522,1.3076636904761907,20.902777777777775,196.3972602739726,279,288,278,237,220,234
10,214.93333333333334,1.8097335307179865,18.25,185.04054054054055,262,267,181,215,203,223
11,222.63636363636363,1.6378068091844815,15.861111111111112,191.4794520547945,239,254,165,205,187,213
0,241.41836734693877,14.712837022132797,19.73611111111111,226.96428571428572,198,178,157,142,153,166
1,233.69072164948454,12.028415300546447,19.27777777777778,236.0722891566265,187,152,166,124,132,154
2,214.3921568627451,9.399699045246988,21.01388888888889,245.77205882352942,134,135,156,114,123,141
3,234.39583333333334,6.610159817351598,19.5,254.584,127,150,154,112,115,145
4,226.59756097560975,5.447086546700944,18.125,285.80281690140845,124,165,139,101,112,137
5,224.86695278969958,4.053236166007905,47.194444444444436,296.96626506024097,128,158,130,92,116,80
6,337.44242424242424,4.5484490335793835,30.805555555555557,260.3232142857143,194,221,187,131,159,127
7,575.8906752411575,2.5778871431191535,14.875,201.72064777327935,266,272,293,246,195,215
8,219.28695652173914,1.8967162503508277,25.305555555555557,188.05,277,304,293,205,221,227
9,202.92079207920793,1.8918348502836035,17.680555555555557,211.04705882352943,265,294,270,189,210,216
10,252.28,1.944535519125683,23.972222222222225,238.88333333333333,240,280,193,178,189,201
11,239.9264705882353,1.7454072790294628,26.583333333333332,238.84745762711864,219,253,178,153,172,179
0,215.7391304347826,14.283468208092483,27.458333333333332,262.6144578313253,201,170,151,175,185,156
1,229.83870967741936,10.725985247629083,36.80555555555556,245.65,195,149,134,161,169,141
2,224.08,9.235632183908045,16.777777777777775,261.7014925373134,133,141,121,147,142,128
3,210.42441860465115,7.4229766374634965,21.458333333333332,286.7687074829932,138,143,121,142,136,119
4,236.93333333333334,5.642011663490964,32.51388888888889,287.34328358208955,132,140,124,136,139,82
5,224.16500994035786,4.452785785726894,45.444444444444436,299.4777517564403,134,139,117,116,139,94
6,286.16747181964575,3.3838918540554728,16.90277777777778,262.4465290806754,216,191,179,167,141,145
7,501.97196261682245,2.0871735102504334,21.458333333333332,220.71003717472118,275,291,289,237,210,219
8,325.26060606060605,1.0102448550398073,11.125,218.36153846153846,286,296,306,231,235,231
9,232.32183908045977,0.9692307692307693,27.652777777777782,223.12345679012347,282,295,220,214,227,218
10,231.65432098765433,1.0334189288334557,22.652777777777775,226.95238095238096,256,277,205,203,225,197
11,217.66101694915255,1.3224686080683945,12.749999999999998,244.62962962962962,225,192,185,194,207,179
0,239.9240506329114,15.04186219739292,19.22222222222222,225.955223880597,231,172,154,152,183,182
1,222.70103092783506,12.456227608008431,33.05555555555556,249.58536585365854,196,151,141,135,152,174
2,219.40458015267177,9.121969696969696,19.805555555555554,237.60683760683762,134,143,129,123,142,154
3,222.8426966292135,7.328609341825903,20.97222222222222,264.67333333333335,133,137,114,120,132,149
4,235.01796407185628,5.110709074992705,25.652777777777775,294.6066666666667,139,142,104,116,138,106
5,225.76100628930817,3.6335659330828416,41.013888888888886,288.0456730769231,142,127,104,116,135,105
6,272.0113636363636,3.2972594271584588,29.291666666666668,268.6193548387097,206,182,149,163,196,159
7,871.3862928348909,2.634459781056639,5.888888888888888,209.50697674418603,273,302,244,248,221,240
8,250.39007092198582,1.8102620893318566,30.555555555555554,209.00819672131146,277,314,295,202,222,238
9,255.89380530973452,1.8398702166237242,16.916666666666668,204.05769230769232,266,306,282,197,214,232
10,243.08139534883722,1.6973412112259965,30.38888888888889,222.95890410958904,266,284,197,183,211,213
11,234.4578313253012,1.9719319081551863,25.208333333333332,210.1095890410959,254,267,173,163,203,203
0,229.17117117117118,14.825013477088945,15.194444444444445,236.56565656565655,229,177,182,181,172,172
1,225.73417721518987,10.605491723466407,17.472222222222225,252.5,211,166,157,174,153,166
2,248.7391304347826,8.765738614619213,31.86111111111111,279.1732283464567,129,146,141,162,143,150
3,204.24193548387098,6.251666666666666,27.388888888888886,286.0169491525424,122,138,136,154,136,139
4,235.2107843137255,3.377450980392157,26.097222222222225,280.62857142857143,131,142,126,142,138,137
5,222.77,2.9609470074123254,29.055555555555557,292.0640732265446,160,145,134,134,118,95
6,275.3179012345679,2.4644657667913474,33.5,263.23132969034606,214,212,196,208,138,150
7,983.7845303867404,1.219424054206663,15.972222222222221,207.0546875,284,301,296,299,222,208
8,316.2848101265823,0.6368281218066625,12.694444444444445,194.31578947368422,288,320,315,240,238,230
9,237.0681818181818,0.5320910973084886,15.472222222222221,225.9142857142857,289,308,310,234,240,229
10,202.94520547945206,0.6618644067796612,19.458333333333332,201.85245901639345,274,295,213,219,213,202
11,231.63636363636363,0.7482972136222912,19.541666666666668,237.3968253968254,248,266,190,203,195,190
0,252.46666666666667,15.02743271221532,44.77777777777778,302.3544303797468,150,168,150,134,175,189
1,265.9012345679012,11.536593385945132,58.041666666666664,294.27941176470586,143,163,130,127,157,167
2,267.4121621621622,8.329909397387274,59.375,319.224,130,144,116,115,142,144
3,230.390243902439,8.631511553460218,33.31944444444444,322.7551020408163,137,148,107,115,132,108
4,256.2674418604651,6.787262527094225,55.444444444444436,353.63576158940396,142,142,116,108,100,105
5,266.9511201629328,6.430502875321181,42.86111111111111,342.8519417475728,147,166,111,105,101,113
6,549.7819314641745,5.931607542345798,36.97222222222222,347.65225933202356,242,206,176,114,143,162
7,945.7879746835443,2.2537938439513243,36.27777777777777,285.81042654028437,278,292,197,189,217,224
8,346.6506849315069,1.2153719994036085,45.236111111111114,286.81102362204723,287,230,211,206,238,240
9,247.41052631578947,1.4442508036094648,44.34722222222222,290.12345679012344,285,220,201,188,230,235
10,257.4117647058824,1.408203607610576,31.083333333333332,310.49056603773585,268,201,190,179,217,223
11,238.9102564102564,1.6125081798635132,48.319444444444436,377.4852941176471,228,175,167,164,190,202
0,250.2289156626506,14.951196172248805,16.416666666666668,261.42028985507244,211,186,169,173,143,163
1,222.79787234042553,11.972631578947368,44.09722222222223,296.05882352941177,178,173,158,165,127,149
2,235.62091503267973,9.385036496350365,30.930555555555557,266.624,127,159,135,149,113,139
3,242.38095238095238,7.082551105548602,27.097222222222218,290.4503816793893,139,153,114,144,114,135
4,247.82051282051282,5.638733052828423,40.05555555555555,309.81481481481484,150,158,111,124,116,85
5,259.5462365591398,4.314482029598309,56.833333333333336,307.0077720207254,152,156,90,110,93,87
6,361.66028708133973,6.091264204545454,49.22222222222222,296.15238095238095,229,252,135,154,127,127
7,448.16722408026754,2.8355528652138826,22.583333333333332,245.28853754940712,275,285,287,175,188,206
8,237.22784810126583,1.8350709119939883,25.333333333333332,240.64661654135338,276,287,306,220,207,225
9,209.59459459459458,1.8984784147204523,23.666666666666668,243.69387755102042,261,298,208,214,201,231
10,267.95652173913044,1.8281844404498138,30.763888888888886,255.24590163934425,255,205,197,199,186,217
11,206.54545454545453,1.5499631947000367,32.458333333333336,273.2931034482759,229,199,182,182,171,181
0,223.67948717948718,14.047878787878787,30.76388888888889,248.68055555555554,207,163,168,183,168,167
1,249.77777777777777,12.334025470653376,30.694444444444443,283.36619718309856,134,138,152,170,159,150
2,239.08943089430895,10.007462686567164,38.083333333333336,330.15841584158414,118,123,135,145,147,136
3,228.05228758169935,8.294386499472637,33.86111111111111,318.58677685950414,122,116,131,143,139,91
4,240.5563909774436,6.629872818692693,46.0,345.929203539823,124,116,129,151,137,78
5,230.8423236514523,4.903016953677747,61.88888888888889,340.96078431372547,120,105,131,143,106,76
6,279.8449848024316,4.463636363636364,32.51388888888889,297.1597096188748,165,163,185,204,171,127
7,501.2079207920792,1.9733228460000658,40.34722222222222,249.65714285714284,260,259,283,212,222,217
8,276.741935483871,1.3975034674063798,11.25,274.3240740740741,274,282,300,221,230,238
9,223.02970297029702,1.4111790079079798,44.01388888888889,301.75555555555553,253,266,211,218,223,220
10,272.2857142857143,1.230439727065959,47.333333333333336,262.87012987012986,245,248,198,213,211,204
11,206.30434782608697,1.3735144312393888,30.291666666666668,300.0175438596491,229,171,187,205,195,191
0,236.08235294117648,16.281094527363184,36.77777777777778,290.6376811594203,145,190,199,163,186,189
1,201.44210526315788,13.656688934566633,46.166666666666664,325.6363636363636,141,165,171,149,169,178
2,218.83673469387756,10.512444490343903,42.51388888888889,333.9448818897638,136,141,164,135,153,113
3,242.69480519480518,6.812422360248448,42.11111111111111,339.7251908396947,134,145,145,126,148,107
4,247.27710843373495,5.1734369264651905,39.51388888888889,339.3333333333333,132,148,133,120,103,107
5,231.20392156862746,4.761593050287533,63.083333333333336,338.9816513761468,138,156,123,112,112,102
6,471.17261904761904,3.842731829573934,47.15277777777778,321.9834558823529,188,230,189,120,182,155
7,978.1287425149701,1.5298188108895574,32.68055555555555,263.3805309734513,277,307,314,197,235,239
8,322.1925925925926,0.9087855297157622,34.05555555555555,280.9,283,318,240,227,240,240
9,242.35537190082644,0.9264550264550268,41.48611111111111,262.16161616161617,275,312,235,222,234,234
10,239.9764705882353,1.0295537501471796,32.77777777777778,295.9113924050633,260,225,226,199,214,217
11,236.2,1.2503292128626646,36.80555555555555,281.375,235,210,214,176,199,205
0,234.375,14.884411764705881,18.708333333333332,238.89411764705883,209,197,172,183,158,169
1,222.3404255319149,11.474358974358974,20.51388888888889,277.0,141,178,159,159,136,163
2,240.375,8.675155219247188,30.666666666666668,290.1727272727273,132,163,145,144,129,146
3,221.8780487804878,7.062951149907672,21.11111111111111,311.7236842105263,135,158,140,139,119,86
4,231.73,4.8173251777153245,33.43055555555555,323.6969696969697,139,155,127,146,128,94
5,221.2116935483871,4.478076968902657,58.375,326.7243735763098,155,161,119,148,89,91
6,290.39130434782606,3.546786546786547,38.44444444444444,295.87642585551333,221,227,163,196,141,144
7,1044.888888888889,2.0237609659771456,28.0,255.15648854961833,265,313,276,208,198,211
8,264.12578616352204,1.327040067128173,36.083333333333336,239.9640287769784,281,320,299,240,219,230
9,244.8256880733945,1.2166666666666666,31.680555555555554,247.02061855670104,270,316,214,227,209,228
10,252.0609756097561,1.2157494569152791,23.777777777777782,220.8421052631579,258,292,211,217,188,215
11,201.0327868852459,1.3538448110325567,15.666666666666666,233.83673469387756,230,217,187,198,172,202
0,225.21621621621622,16.118212290502797,32.93055555555555,303.015873015873,192,160,166,176,174,206
1,221.37078651685394,12.86844262295082,24.305555555555557,311.1333333333333,133,144,141,153,161,183
2,217.05442176870747,9.228169734151328,18.63888888888889,314.11538461538464,120,138,136,126,140,155
3,209.6797385620915,6.248496762257168,30.777777777777782,287.9083969465649,120,139,129,125,141,98
4,215.32167832167832,4.8601988899167425,57.27777777777778,329.8376068376068,120,147,117,139,140,89
5,225.82456140350877,3.826280041797283,33.166666666666664,326.50881057268725,116,144,118,132,94,92
6,281.43247344461304,2.9339348328059516,42.72222222222223,291.3497164461248,172,208,194,196,152,141
7,561.8509933774834,2.1632653061224487,31.0,256.112,261,275,279,207,221,227
8,333.06293706293707,1.9280368978893674,20.847222222222225,243.96774193548387,272,292,303,226,229,237
9,218.1888888888889,1.938834951456311,30.791666666666668,245.6024096385542,261,288,218,219,225,231
10,224.9506172839506,2.161895910780669,48.5,274.45588235294116,240,264,207,200,210,224
11,219.35443037974684,2.2964059765782747,21.958333333333332,276.59420289855075,216,176,183,189,187,222
0,219.01162790697674,15.04874835309618,29.555555555555557,276.75,154,164,161,162,182,189
1,234.7840909090909,12.022695035460993,21.930555555555557,289.63013698630135,147,147,156,148,165,177
2,223.75757575757575,9.585749506903353,44.638888888888886,324.73873873873873,146,122,139,135,146,157
3,235.2969696969697,6.837986881058802,32.84722222222222,310.8156028368794,135,107,138,130,139,100
4,230.08064516129033,4.806604582071645,29.36111111111111,341.21290322580643,130,115,136,139,132,109
5,219.39166666666668,3.1224730249286865,35.0,331.57560975609755,138,118,132,138,90,117
6,276.41122913505313,2.289518317503392,58.09722222222222,327.24528301886795,203,169,197,190,141,172
7,814.079754601227,1.4463735295967792,34.19444444444445,289.3948497854077,283,290,296,218,215,212
8,296.2151898734177,0.9086366644606222,49.791666666666664,262.09923664122135,287,310,233,223,229,229
9,242.25454545454545,0.9489130434782608,33.416666666666664,253.88297872340425,271,304,228,219,224,226
10,220.76470588235293,0.7233468286099863,33.88888888888889,264.41509433962267,265,206,212,212,214,217
11,213.16438356164383,0.7976919041790523,43.833333333333336,271.60655737704917,244,183,184,198,193,202
0,246.45652173913044,14.762264150943397,42.65277777777778,277.06493506493507,205,172,169,175,169,170
1,224.47524752475246,11.549523007856342,29.916666666666668,275.2043010752688,130,151,149,155,145,161
2,237.75816993464053,8.861510791366907,28.23611111111111,332.0151515151515,115,147,136,128,147,161
3,215.28494623655914,6.085041676053164,17.63888888888889,289.9056603773585,113,144,126,136,139,114
4,212.4120879120879,4.512089761570827,51.583333333333336,333.140127388535,109,140,133,141,154,98
5,231.26984126984127,2.685207601985232,58.20833333333334,320.0477272727273,128,138,138,137,105,105
6,378.72463768115944,3.380065226253567,57.15277777777778,285.23984526112184,201,208,207,186,161,152
7,1079.742946708464,1.9062766259585338,21.930555555555557,233.73394495412845,281,297,270,216,217,228
8,342.0822784810127,1.012997828737991,31.95833333333334,264.088,282,306,305,235,235,238
9,219.1346153846154,1.3085995921142077,28.958333333333332,261.9438202247191,278,306,220,221,221,225
10,236.2027027027027,1.1646288209606985,9.833333333333334,223.94915254237287,257,279,211,215,202,210
11,246.46153846153845,1.3782420427659476,27.847222222222225,244.16071428571428,231,195,197,193,181,182
0,238.34567901234567,15.566666666666665,44.61111111111111,276.68055555555554,150,176,167,170,194,183
1,219.9,12.278413028413027,44.05555555555555,314.327868852459,140,159,157,158,173,175
2,242.84375,10.123840669061277,41.84722222222222,287.8070175438597,117,145,139,146,157,107
3,245.73214285714286,7.080182944479823,41.94444444444444,310.7985611510791,123,130,123,133,141,101
4,232.5195530726257,5.243586370214445,30.944444444444446,349.9078947368421,121,134,119,129,90,98
5,237.462890625,3.837131882202304,86.88888888888887,370.4056603773585,119,148,119,136,96,92
6,327.56463595839523,2.636325326590813,42.55555555555555,346.67736486486484,191,224,179,130,150,143
7,1469.0213414634147,1.48525783370343,35.76388888888889,279.7282608695652,283,295,293,225,225,223
8,322.21019108280257,0.796825396825397,26.26388888888889,278.9925925925926,292,303,223,230,231,233
9,252.69230769230768,0.8817662860980524,49.40277777777779,299.04615384615386,287,291,221,227,231,232
10,244.68041237113403,0.9197308339341503,39.541666666666664,297.7471264367816,260,201,201,210,217,225
11,263.64,1.0734791524265206,43.43055555555555,306.25373134328356,233,201,193,204,198,203
0,232.63736263736263,16.648592450415872,32.77777777777778,347.8607594936709,136,184,204,174,173,171
1,223.4431818181818,14.461138899576762,54.736111111111114,373.8607594936709,131,158,197,159,151,108
2,248.4360902255639,11.351935972312349,40.90277777777778,350.2522522522523,116,145,173,144,121,105
3,248.58,8.588712629652226,75.05555555555556,371.17910447761193,111,140,173,137,86,98
4,236.19875776397515,5.542905111304563,44.333333333333336,355.45205479452056,111,128,163,128,103,98
5,251.39877300613497,3.947371675943104,80.34722222222221,367.2554744525547,110,121,146,141,119,98
6,472.16923076923075,2.9445291210567643,46.541666666666664,342.3305954825462,166,178,196,170,168,153
7,834.7816455696203,1.9622159090909088,49.36111111111111,318.9864864864865,255,274,211,232,221,215
8,275.1194029850746,1.5315137307434696,39.59722222222222,279.8611111111111,257,298,232,240,240,226
9,259.8829787234043,1.3711063372717505,34.5,288.4823529411765,255,211,236,219,233,218
10,254.84146341463415,1.6019302335091807,18.416666666666668,326.32835820895525,235,205,230,206,206,205
11,212.94736842105263,2.3189007512850925,44.611111111111114,341.23943661971833,151,192,219,188,187,187
0,227.97701149425288,16.95857211079274,39.833333333333336,289.144578313253,131,204,209,169,168,166
1,212.3855421686747,13.039855072463768,45.11111111111111,335.3424657534247,125,190,194,148,154,155
2,238.140625,9.650156606678344,47.90277777777778,368.5378151260504,122,164,161,139,148,85
3,226.43103448275863,6.800067582788917,35.27777777777778,342.7516339869281,122,149,146,137,144,74
4,233.23021582733813,5.193286898042513,53.458333333333336,343.936,121,148,151,145,111,81
5,233.29310344827587,3.8529339402140477,63.291666666666664,358.2117117117117,123,130,141,146,118,81
6,322.793427230047,3.078288942695723,39.19444444444445,315.91911764705884,198,193,226,135,182,128
7,1136.0443686006827,2.414563106796117,20.916666666666668,297.66,275,284,225,185,240,233
8,291.8451612903226,1.5801061007957558,31.416666666666668,278.368,283,304,235,206,240,240
9,256.54545454545456,1.3200202565833898,30.319444444444446,280.5113636363636,279,309,227,209,222,235
10,224.5568181818182,1.323648487735175,39.583333333333336,302.14925373134326,253,220,226,191,209,227
11,215.20481927710844,1.7190687265998195,40.86111111111112,322.4492753623188,226,210,220,185,188,194
0,247.1216216216216,15.43491393578285,38.05555555555555,297.9848484848485,159,184,161,168,160,175
1,247.85714285714286,11.634208103130755,40.80555555555556,327.53932584269666,143,162,148,148,148,156
2,226.49624060150376,9.619111776447108,25.444444444444446,293.03809523809525,136,149,130,135,139,146
3,246.63589743589745,7.21432363872338,36.833333333333336,347.8682634730539,125,150,118,120,129,95
4,242.53254437869822,4.852310137359519,68.69444444444444,361.49342105263156,137,151,115,125,134,104
5,227.58646616541353,3.4973594869860425,28.26388888888889,306.40222222222224,132,152,110,123,87,119
6,471.44202898550725,1.8878733474783744,36.625,304.3396551724138,196,202,198,204,137,177
7,1701.5,1.6367451195037406,20.791666666666668,215.01111111111112,278,304,308,223,213,240
8,240.70149253731344,1.0767503302509909,20.319444444444443,257.1818181818182,285,309,229,233,218,240
9,263.8775510204082,1.0878839590443685,46.15277777777778,262.26506024096386,278,301,213,223,215,235
10,206.91919191919192,1.3535885167464117,21.569444444444443,234.41860465116278,274,213,208,209,196,220
11,260.453125,1.3538746363395926,20.763888888888893,247.13793103448276,255,200,178,193,177,191
0,230.7663551401869,14.988571428571428,41.06944444444444,287.1,183,170,191,193,156,157
1,222.8625,13.587535014005601,14.819444444444445,294.84285714285716,126,165,183,175,147,156
2,231.62589928057554,10.389597834493427,30.51388888888889,320.7416666666667,123,148,163,152,139,137
3,212.62424242424242,8.413514261977292,49.125,326.45454545454544,120,142,153,151,134,85
4,237.82022471910113,5.7066315327184896,46.52777777777777,307.3037037037037,128,144,152,152,129,87
5,233.00845665961944,5.297739297739297,48.416666666666664,308.4963325183374,140,149,159,136,83,89
6,371.20679886685554,3.993725992317541,42.80555555555555,294.1405109489051,194,219,215,192,125,120
7,640.087542087542,3.0696121747668137,16.555555555555557,258.24657534246575,255,300,310,219,188,183
8,273.4782608695652,2.3197679857797735,23.305555555555554,243.9090909090909,268,307,317,225,215,195
9,220.94791666666666,2.2367403314917125,38.708333333333336,267.8390804597701,264,299,233,237,215,200
10,261.76190476190476,1.8333333333333333,24.416666666666668,246.52941176470588,244,274,220,224,195,193
11,205.65384615384616,1.7880304875298787,33.86111111111111,256.8695652173913,209,185,207,207,182,177
0,233.4318181818182,14.805939177101969,41.541666666666664,262.0833333333333,223,188,181,176,178,172
1,222.96052631578948,12.555740361651312,44.555555555555564,294.72727272727275,148,174,156,167,171,161
2,214.2097902097902,10.00873424971363,26.305555555555557,293.76190476190476,131,148,145,157,158,134
3,242.73333333333332,6.866443701226309,35.88888888888889,307.34027777777777,128,137,136,144,143,92
4,233.63030303030303,4.266388826312231,32.72222222222222,345.6357142857143,125,135,136,139,138,99
5,228.43495145631067,2.9796282149223323,53.65277777777777,342.9640449438202,124,138,127,128,97,100
6,280.93977812995246,2.1920656518411428,50.861111111111114,317.235632183908,173,208,194,189,151,154
7,605.1629392971246,1.682880808468451,28.26388888888889,285.1939655172414,259,300,274,215,220,221
8,291.49152542372883,1.2156018186168942,40.56944444444445,249.78709677419354,281,313,295,232,237,234
9,235.90588235294118,1.0373333333333332,40.43055555555555,277.42028985507244,287,310,210,230,236,227
10,231.6547619047619,0.9872309899569581,17.180555555555554,262.7638888888889,277,294,198,212,208,205
11,204.08219178082192,0.8583591331269351,29.749999999999996,274.8135593220339,243,202,191,202,191,195
0,229.9418604651163,16.056553245116575,29.000000000000004,358.1081081081081,150,190,162,193,171,192
1,243.55696202531647,12.740403446925184,69.7638888888889,358.71232876712327,142,173,137,185,144,107
2,247.72784810126583,9.505968678129449,42.583333333333336,394.62595419847327,135,149,128,154,132,96
3,254.87272727272727,7.043953982743527,66.98611111111111,367.0486111111111,135,136,126,143,88,99
4,246.05714285714285,5.056056543992202,45.458333333333336,334.92105263157896,137,131,147,139,87,105
5,235.96296296296296,4.30692082111437,42.72222222222222,359.625,142,144,153,143,92,101
6,502.14748784440843,3.1689679589307835,39.75,339.12175648702595,199,206,196,149,154,172
7,1280.2341137123747,2.3065601631543164,37.44444444444444,305.3731343283582,274,316,211,216,214,240
8,362.58579881656806,1.3317643186306782,37.0,324.5833333333333,281,320,215,237,226,240
9,255.35537190082644,1.371462482845592,51.15277777777778,319.4141414141414,268,231,214,239,233,234
10,257.1168831168831,1.3100450240645864,48.736111111111114,305.04477611940297,269,218,197,229,218,225
11,212.55882352941177,1.170940170940171,35.77777777777778,329.26785714285717,170,201,176,217,195,211
0,236.925,15.57154602323503,33.875,265.2142857142857,219,172,176,178,183,191
1,231.83333333333334,13.281073446327683,39.38888888888889,285.2352941176471,141,158,159,153,157,176
2,224.01470588235293,9.697652156388553,38.54166666666667,352.37931034482756,129,137,150,129,140,142
3,216.79041916167665,7.963485282930542,35.708333333333336,361.48936170212767,113,129,135,135,133,98
4,237.04320987654322,5.483908925104431,66.47222222222221,348.8071428571429,103,126,137,137,134,102
5,232.824295010846,3.527272727272728,63.06944444444445,354.84,111,113,140,150,96,100
6,275.93152866242036,2.465986394557824,40.40277777777778,306.83895131086143,152,167,217,161,132,151
7,766.60625,1.8095238095238098,21.527777777777775,252.2,232,258,294,222,222,225
8,289.4366197183099,1.4058062375580622,23.0,268.6,271,295,230,231,240,240
9,264.8979591836735,1.3418604651162793,28.916666666666668,283.5375,262,285,228,231,229,227
10,244.44594594594594,1.5050153858450228,37.44444444444445,290.61764705882354,259,191,213,213,221,220
11,245.67142857142858,1.3331604874254603,37.37500000000001,329.09090909090907,247,179,200,191,202,199
0,240.12765957446808,16.71303377947737,31.944444444444443,331.5308641975309,134,162,208,155,189,198
1,233.51401869158877,13.46344421344421,43.055555555555564,356.7604166666667,131,144,188,151,170,178
2,226.74324324324326,10.481849876948319,40.45833333333333,342.6821705426357,137,140,172,149,154,96
3,226.53513513513514,6.9319928413517236,39.19444444444444,337.0426829268293,146,128,172,139,151,90
4,217.86075949367088,5.5152826160242725,69.31944444444444,365.34013605442175,160,136,159,137,119,98
5,237.63374485596708,3.2861095426312805,60.541666666666664,322.7007481296758,153,138,160,142,108,104
6,469.2453703703704,2.9880617035546613,36.416666666666664,295.4366729678639,212,206,212,167,133,135
7,1179.6459627329193,1.6356929455521005,17.541666666666668,272.7277227722772,280,290,304,223,238,227
8,277.030487804878,1.3295499669093316,21.944444444444443,258.4109589041096,283,293,231,225,240,239
9,250.59405940594058,1.443963782696177,23.930555555555557,293.51162790697674,275,293,235,212,240,236
10,251.82105263157894,1.5444976076555028,44.111111111111114,300.8170731707317,241,196,230,202,222,229
11,246.63636363636363,1.5607270843227838,30.555555555555557,335.6666666666667,227,176,217,183,206,210
0,224.92,16.042387511478424,40.69444444444444,279.3174603174603,210,169,175,182,179,174
1,212.2,13.38526052819415,36.13888888888889,290.3611111111111,139,154,163,174,158,146
2,214.992700729927,10.551418439716311,31.63888888888889,320.864,132,139,154,150,143,128
3,235.63793103448276,7.979296066252589,35.083333333333336,343.9612903225806,124,135,143,136,142,97
4,212.32369942196533,5.534526854219949,52.52777777777778,335.06802721088434,129,135,149,135,137,97
5,232.11410788381744,3.3511730205278587,49.819444444444436,334.3690476190476,128,144,141,141,85,105
6,562.9904632152588,2.6078104993597946,30.694444444444443,301.65597147950086,168,201,200,191,141,164
7,1172.162162162162,2.5677318295739346,20.13888888888889,270.96444444444444,255,267,298,228,234,238
8,305.31325301204816,2.11781914893617,18.13888888888889,266.25174825174827,267,295,226,236,240,240
9,226.02702702702703,2.2114093959731544,37.638888888888886,283.6039603960396,266,292,218,239,238,237
10,219.17910447761193,2.478113879003559,27.930555555555557,280.140625,258,279,210,223,213,222
11,223.05797101449275,2.2691890484661776,28.263888888888886,253.6,226,191,193,204,197,202
0,196.02,15.57002700985065,39.22222222222222,280.5,171,170,164,169,184,191
1,245.66666666666666,12.796388597411683,26.416666666666668,315.97222222222223,155,155,159,151,168,165
2,232.2330827067669,10.187959041441054,42.52777777777778,308.24590163934425,140,141,142,144,150,94
3,235.74301675977654,6.653002596541628,51.55555555555555,324.86538461538464,134,139,134,134,146,100
4,220.7077922077922,5.037666256845869,45.916666666666664,316.0075187969925,151,134,126,134,139,94
5,227.2748538011696,3.3760567043828855,60.55555555555555,342.498861047836,145,119,127,118,88,102
6,290.347687400319,2.737954353338969,37.361111111111114,292.1191335740072,224,178,183,125,140,164
7,1268.107594936709,1.1574222305929622,21.777777777777782,238.55072463768116,291,288,300,194,214,230
8,323.9240506329114,0.7961588969139857,24.527777777777775,262.978102189781,298,300,240,220,225,240
9,242.50485436893203,0.712322754895341,18.01388888888889,300.6136363636364,295,299,231,215,211,230
10,186.70833333333334,1.0676804879014694,29.5,279.5230769230769,279,206,210,201,206,227
11,221.0,0.9223966010578342,46.458333333333336,262.6101694915254,262,185,191,182,191,203
0,210.85882352941175,15.28727272727273,30.819444444444443,285.2676056338028,218,175,195,156,179,188
1,197.37777777777777,12.83125,40.625,266.7,144,161,171,143,169,172
2,236.4140127388535,10.54540659762179,41.708333333333336,332.0534351145038,135,147,145,122,156,164
3,252.76646706586826,7.729468599033817,27.805555555555557,336.73793103448276,141,149,131,119,155,106
4,237.8372093023256,5.367388549071473,61.75,338.8695652173913,137,145,121,131,147,108
5,228.2406311637081,4.150194895008172,40.63888888888889,339.46547884187083,136,149,115,131,104,88
6,312.93720565149135,3.1134692513368973,38.97222222222222,283.60934579439254,201,188,186,199,156,158
7,917.8360128617363,1.7116402116402116,19.48611111111111,273.8122270742358,274,273,288,220,222,235
8,292.5886075949367,0.990760483297797,22.458333333333332,253.77037037037036,282,309,305,233,239,240
9,236.58928571428572,1.0393949694085656,43.708333333333336,245.25742574257427,273,302,224,214,223,235
10,203.67441860465115,1.2784263959390862,27.027777777777775,282.9855072463768,263,267,213,190,214,232
11,243.78571428571428,1.2175667553876535,35.50000000000001,277.8888888888889,241,196,211,171,199,208
0,252.04166666666666,16.225648323845665,25.222222222222225,318.4634146341463,158,210,186,153,159,188
1,237.3956043956044,12.230716253443527,40.68055555555556,334.70666666666665,143,186,165,152,146,176
2,229.1953125,10.024002526581747,58.97222222222222,359.5175438596491,132,166,147,133,135,113
3,238.33695652173913,7.221363937320681,39.36111111111111,341.0263157894737,127,163,142,133,119,104
4,232.83040935672514,5.248353096179183,60.333333333333336,365.1324503311258,131,156,144,141,79,108
5,239.65510597302506,3.668015230842456,54.5,349.72685185185185,126,157,146,137,89,109
6,280.3665008291874,1.5644218324630697,29.83333333333333,326.7490272373541,194,219,196,133,163,162
7,770.9907692307693,1.5654761904761911,23.13888888888889,286.7402597402597,273,320,296,203,219,225
8,271.24342105263156,1.039889825016202,47.18055555555555,272.66153846153844,279,320,235,235,234,240
9,235.88888888888889,1.063404114134041,32.375,309.13793103448273,278,320,234,229,221,225
10,255.27586206896552,0.9639153233637601,32.01388888888889,242.50980392156862,271,225,221,208,206,224
11,251.4125,1.255205438453974,47.930555555555564,357.9076923076923,249,216,202,179,183,202
0,223.41346153846155,15.614370334307043,23.5,304.92045454545456,144,175,170,182,161,195
1,247.1909090909091,11.259554140127388,40.166666666666664,329.3333333333333,124,157,165,176,155,165
2,246.56849315068493,8.612068965517242,48.180555555555564,321.408,122,147,149,163,142,147
3,233.72192513368984,6.144891304347826,40.875,321.832298136646,122,139,145,153,137,104
4,225.0878048780488,3.5934336812293486,42.06944444444444,345.06779661016947,119,155,145,154,146,110
5,230.5521472392638,2.667649059170256,43.11111111111111,337.66985645933016,130,151,148,154,104,115
6,532.4157650695518,2.7539536915683707,56.166666666666664,295.20292504570386,189,222,195,161,142,181
7,1167.830303030303,1.6939033189033181,26.305555555555554,251.04225352112675,273,320,304,231,216,240
8,262.46451612903223,1.3820337881741387,19.77777777777778,253.74045801526717,274,320,240,239,226,240
9,217.25471698113208,1.189544235924933,35.22222222222222,270.87368421052633,267,308,229,226,224,238
10,249.01176470588234,1.24801675190271,40.97222222222222,246.43421052631578,249,216,204,213,197,228
11,233.16666666666666,1.3364445596750494,29.861111111111114,328.719298245614,219,193,195,216,179,216
0,231.9090909090909,16.537878787878793,51.22222222222222,291.84444444444443,151,197,176,194,175,185
1,245.73626373626374,12.966530054644808,48.34722222222223,284.7368421052632,137,192,154,178,154,161
2,224.31060606060606,10.709590180986062,36.569444444444436,339.3070175438597,122,188,144,153,132,97
3,248.4127906976744,7.389231356718129,49.166666666666664,361.0810810810811,122,189,140,129,130,87
4,226.62048192771084,5.734247234247232,36.763888888888886,309.5945945945946,122,193,137,111,95,98
5,229.97058823529412,3.2482704211676174,43.444444444444436,354.4289156626506,136,173,130,109,98,103
6,371.2572347266881,2.244739756367663,39.47222222222222,326.93518518518516,177,231,180,140,148,156
7,1135.420245398773,2.305154508611955,20.90277777777778,270.02777777777777,249,320,293,211,198,233
8,354.2247191011236,1.8099605522682445,17.944444444444443,310.626582278481,269,320,240,232,220,240
9,265.68468468468467,1.4863091272485012,32.30555555555556,326.8720930232558,266,315,229,233,224,234
10,245.47058823529412,1.5295906432748536,52.638888888888886,316.0263157894737,245,230,222,224,216,213
11,197.3728813559322,1.6676953874384854,41.0,274.2448979591837,234,221,213,207,192,195
0,238.01052631578946,15.081596958174906,19.958333333333332,258.3888888888889,208,164,177,176,156,171
1,219.69387755102042,11.932004110996916,27.708333333333332,277.79545454545456,193,149,170,153,148,160
2,206.87878787878788,10.113339364696422,14.916666666666666,243.125,127,135,160,124,130,153
3,209.6098901098901,7.171821305841924,19.805555555555554,274.46753246753246,127,119,150,120,124,136
4,224.2816091954023,4.9,40.06944444444444,319.0466666666667,127,136,132,135,112,138
5,220.43763676148797,3.2944428448027634,35.18055555555555,288.7608142493639,130,139,125,142,113,106
6,221.2411003236246,2.9368288828558695,41.083333333333336,257.234592445328,191,212,164,212,158,136
7,279.64102564102564,1.8929917804832832,22.138888888888886,211.59848484848484,251,283,242,305,190,200
8,242.19354838709677,1.3789120130583545,18.13888888888889,193.30833333333334,271,298,274,239,225,210
9,234.52884615384616,1.4007187780772687,25.875,220.7912087912088,271,294,279,230,208,202
10,244.01111111111112,1.5952830188679246,11.763888888888888,193.5,261,276,184,218,198,188
11,257.55223880597015,1.619814366424536,24.305555555555557,189.61666666666667,239,251,185,210,172,182
0,229.78666666666666,14.972666060054594,34.18055555555556,297.0735294117647,212,167,161,186,195,178
1,236.81333333333333,12.367857142857142,40.30555555555556,300.1470588235294,154,150,156,160,166,159
2,225.04285714285714,8.82116607071911,33.98611111111111,282.32758620689657,136,133,137,143,153,137
3,225.6818181818182,6.054206662902315,22.875,292.64473684210526,132,126,142,133,148,89
4,244.85276073619633,4.222311212814646,50.194444444444436,311.85714285714283,139,122,125,122,140,112
5,237.64300202839758,3.247766684182869,40.97222222222222,321.241610738255,145,115,115,117,92,108
6,304.14285714285717,3.4051611212994497,33.04166666666667,294.01245551601426,214,163,179,179,135,171
7,894.0461538461539,1.8129387213052561,26.611111111111114,250.53333333333333,286,285,290,218,210,217
8,327.6948051948052,0.9279133764058392,18.194444444444446,248.72388059701493,292,299,299,240,234,228
9,247.04444444444445,0.9222110888443555,38.69444444444444,286.52564102564105,277,291,219,239,239,232
10,222.8494623655914,0.995577746077033,30.902777777777775,235.25333333333333,261,274,199,223,225,220
11,212.7012987012987,1.260929195954054,18.583333333333332,301.33870967741933,243,194,182,199,219,191
0,213.73076923076923,15.677911791179119,16.708333333333332,241.7578947368421,217,184,163,187,168,192
1,245.38888888888889,12.844352617079888,21.125,277.3333333333333,154,170,155,165,141,183
2,226.3015873015873,10.560372129849561,34.09722222222222,309.53636363636366,149,151,124,137,116,165
3,228.76436781609195,7.3135704874835294,37.31944444444445,294.4605263157895,138,142,110,136,112,88
4,212.96969696969697,3.9353937489086785,49.5,326.25,144,141,121,142,119,80
5,228.5601750547046,2.436925434116445,63.30555555555555,315.2403100775194,147,133,121,124,94,93
6,260.35046728971963,1.695187165775401,27.5,280.682745825603,199,186,174,208,117,136
7,475.86798679867985,2.193556844623603,23.569444444444446,262.9102564102564,272,278,270,231,180,222
8,240.22297297297297,1.2079527463159172,27.58333333333334,234.6031746031746,283,313,291,240,210,227
9,252.31372549019608,1.1931454418928322,39.388888888888886,236.80645161290323,272,309,210,226,201,219
10,238.7093023255814,1.4672035139092239,15.277777777777779,214.2,250,297,196,226,186,211
11,235.05494505494505,1.5296901704719748,16.708333333333336,231.925,242,208,178,206,166,201
0,233.65853658536585,15.337520071364853,27.347222222222218,282.28,215,183,167,189,192,175
1,224.88095238095238,12.949940119760479,28.069444444444446,292.4788732394366,185,175,146,179,157,160
2,230.1439393939394,10.303333333333335,24.375,283.47008547008545,123,152,131,164,136,144
3,225.33163265306123,7.230781057810578,23.305555555555554,290.0059880239521,125,140,128,167,127,126
4,213.2910052910053,4.3833450647030165,51.69444444444445,303.36601307189545,122,138,140,155,143,105
5,227.02794411177643,3.0793927191598196,48.15277777777777,316.82783018867923,119,128,143,146,155,108
6,285.8660436137072,2.4786641929499074,33.05555555555555,281.9189189189189,179,194,199,195,158,153
7,1013.4024024024025,1.982253378805103,11.125,226.89430894308944,263,297,289,209,235,215
8,240.02142857142857,1.287640382848846,18.01388888888889,220.8595041322314,281,320,292,237,240,237
9,216.86111111111111,1.1263229308005427,30.708333333333332,240.10204081632654,271,311,205,230,234,223
10,226.45348837209303,1.3067164179104476,35.208333333333336,255.11688311688312,251,297,191,228,224,216
11,215.36,1.0468118195956457,21.166666666666668,275.640625,231,271,177,206,204,197
0,230.35802469135803,14.6110843373494,26.402777777777775,265.8157894736842,227,170,156,173,180,173
1,199.67164179104478,11.547829614604463,39.68055555555556,239.09677419354838,212,154,153,160,156,151
2,216.87218045112783,8.945560362587557,31.222222222222218,292.30973451327435,127,132,137,144,144,125
3,223.0969696969697,5.5124288217258,35.72222222222222,283.9583333333333,123,123,129,139,134,113
4,216.05442176870747,4.424467766116941,52.458333333333336,328.1102362204724,126,124,131,141,123,80
5,225.7555110220441,2.597503228583728,55.72222222222222,294.15714285714284,118,113,138,126,118,94
6,243.7211093990755,1.5019762845849802,40.04166666666667,270.1657355679702,170,186,204,198,127,127
7,517.0811688311688,1.9606024730334126,10.513888888888888,211.84169884169884,251,260,299,210,224,204
8,284.71014492753625,1.629251700680272,12.333333333333334,225.55172413793105,273,297,304,221,240,233
9,224.27966101694915,1.6972027972027972,27.444444444444443,245.98,260,284,212,208,236,230
10,211.9764705882353,1.8368421052631576,23.680555555555554,272.0144927536232,253,280,195,199,219,222
11,218.48717948717947,1.1661979375920717,18.277777777777775,234.46478873239437,242,184,179,180,194,200
0,201.5222222222222,15.85268115942029,40.51388888888889,297.39473684210526,203,171,185,177,194,174
1,209.3181818181818,13.699849770236833,34.33333333333333,318.7945205479452,136,162,160,158,175,152
2,213.99264705882354,10.165631163708087,42.61111111111111,320.3709677419355,135,139,138,145,157,131
3,233.89385474860336,7.389169756207168,45.875,320.21656050955414,129,132,140,128,153,92
4,234.83333333333334,5.2355761282856665,59.81944444444445,349.9583333333333,146,135,148,122,144,94
5,232.50687622789783,3.3907845579078457,58.583333333333336,323.85550458715596,149,129,138,116,88,110
6,292.4794952681388,2.4766527970411465,35.47222222222222,294.66117216117215,204,195,190,132,141,168
7,821.4175438596491,2.053393922181198,27.76388888888889,276.4366197183099,274,274,301,209,213,238
8,273.62204724409446,1.5302139037433156,21.125,250.4957264957265,289,288,230,213,236,240
9,261.5242718446602,1.3385144429160933,38.90277777777778,247.7159090909091,276,273,231,214,232,228
10,234.42465753424656,1.4187643020594964,20.583333333333332,283.8253968253968,255,203,215,205,219,214
11,241.775,1.4837719298245615,24.138888888888886,260.04545454545456,230,184,196,191,204,195
0,231.33,14.503650190114067,36.65277777777778,267.67045454545456,209,156,160,165,178,184
1,215.35416666666666,10.810765765765767,23.680555555555557,284.0243902439024,154,133,160,154,160,164
2,219.25324675324674,8.202066196631414,40.861111111111114,313.1526717557252,149,121,147,135,147,152
3,229.625,5.619934158247248,45.694444444444436,345.8641975308642,131,119,128,134,147,107
4,215.75595238095238,3.815626021575677,38.75,342.68345323741005,137,133,135,142,141,110
5,227.56043956043956,2.47825311942959,68.625,317.54102564102567,137,140,138,142,100,108
6,240.2584097859327,1.7942583732057413,45.958333333333336,300.45620437956205,196,184,186,205,142,151
7,501.4948096885813,1.6248548199767714,14.25,255.63453815261045,263,273,277,219,222,222
8,272.9037037037037,1.0334410145967938,20.097222222222218,254.54716981132074,285,294,308,231,235,239
9,215.62222222222223,1.158414464534075,43.63888888888889,258.3076923076923,275,278,218,220,222,225
10,215.7625,1.051498127340824,25.305555555555554,240.1014492753623,247,267,201,199,203,218
11,236.6219512195122,0.9722635637938031,38.09722222222222,276.171875,230,171,193,185,193,195
0,218.85263157894738,15.48397435897436,44.05555555555555,251.73626373626374,175,167,193,156,181,168
1,204.89622641509433,11.436472542847149,32.625,308.65934065934067,166,154,159,140,170,164
2,228.65806451612903,9.445387062566278,27.722222222222218,343.8905109489051,153,137,138,134,153,105
3,233.56363636363636,6.611928236625182,50.68055555555555,349.6811594202899,145,134,143,139,140,106
4,244.69942196531792,4.9813535088764445,61.0,333.7894736842105,153,121,142,130,106,111
5,235.43958333333333,2.986428825411876,51.680555555555564,325.1022443890274,141,136,143,130,107,110
6,273.87458745874585,2.3903597186758048,57.81944444444445,297.0665399239544,192,219,196,146,144,166
7,873.9013157894736,1.5440569928758907,28.430555555555557,247.65753424657535,285,289,306,211,201,232
8,260.7719298245614,0.8667213114754099,18.77777777777778,263.84615384615387,287,306,235,224,234,239
9,212.63106796116506,0.9473421926910298,35.208333333333336,282.3636363636364,283,304,239,218,227,234
10,235.05882352941177,0.8685202078292943,21.5,275.44594594594594,261,217,225,198,215,211
11,210.23684210526315,0.7255547479584419,31.388888888888896,300.25,255,192,210,185,196,193
0,210.13793103448276,15.518867924528303,36.19444444444444,275.1388888888889,214,163,157,167,165,194
1,222.27659574468086,12.157243163340722,40.77777777777778,281.01190476190476,149,148,136,160,135,174
2,209.9102564102564,9.12858422939068,24.625,272.875,139,133,128,137,134,166
3,227.47560975609755,6.3588375525031235,29.569444444444446,320.16312056737587,141,131,132,129,128,105
4,230.05780346820808,3.8940855942785797,52.15277777777777,292.98571428571427,135,123,128,133,137,110
5,231.2876712328767,2.331204266402083,54.56944444444445,304.2943925233645,138,123,135,136,97,104
6,277.25978090766824,2.050004135991397,38.125,281.45787545787545,207,204,205,180,138,165
7,1039.8459016393442,2.4006502199273285,9.472222222222221,221.64186046511628,273,294,269,217,206,235
8,264.81208053691273,2.07530739275749,12.166666666666666,237.0,279,310,281,223,220,240
9,224.06422018348624,2.129166666666667,32.19444444444444,283.9891304347826,271,302,200,223,210,234
10,232.90804597701148,2.277373068432671,26.305555555555557,272.74666666666667,256,283,193,205,197,225
11,236.546875,2.629637799444126,30.944444444444443,257.2307692307692,254,188,177,188,187,199
0,229.04901960784315,15.18552546744036,57.38888888888889,306.65934065934067,159,167,166,189,182,171
1,249.1195652173913,12.382993197278912,30.875,297.91358024691357,157,150,153,180,177,163
2,244.80379746835442,9.632493716241507,49.708333333333336,333.013986013986,136,133,137,166,153,88
3,245.4,7.1172951607734225,53.74999999999999,383.4203821656051,137,134,131,168,147,97
4,233.32065217391303,5.047643737757805,73.31944444444444,338.9940476190476,139,132,151,158,110,99
5,245.4,3.646514775547033,52.19444444444445,322.5968819599109,132,137,164,157,112,104
6,711.3757396449704,3.3619478560655027,30.777777777777782,301.263671875,188,198,227,181,157,154
7,1432.5187713310581,1.6062925170068025,16.625,268.82758620689657,278,318,291,227,227,227
8,270.4792899408284,1.4572233267064276,21.166666666666668,264.6592592592593,280,319,211,235,235,229
9,252.6422018348624,1.25,44.01388888888889,291.09473684210525,284,313,206,227,232,218
10,236.58695652173913,1.144606764058435,32.43055555555556,333.0128205128205,270,225,186,222,209,203
11,237.7125,0.9042746900199429,32.80555555555555,340.09375,249,194,177,201,205,188
0,216.65384615384616,15.520754716981134,25.847222222222225,278.14942528735634,183,180,166,164,185,182
1,249.73267326732673,12.398067104303426,45.15277777777778,324.4157303370786,113,167,145,160,166,163
2,213.2,9.112676056338028,40.18055555555556,327.69718309859155,116,161,126,150,156,143
3,233.9345238095238,6.367909411387672,42.75,311.95862068965516,116,164,129,145,150,110
4,241.20149253731344,4.768346548879783,52.041666666666664,341.0857142857143,116,167,126,147,154,107
5,222.4,3.3906633906633923,59.02777777777778,322.1617647058824,112,156,121,142,107,102
6,245.9639344262295,2.7150382327952425,44.333333333333336,287.30966469428006,169,210,192,198,152,149
7,899.5275862068966,2.54791138829338,21.930555555555557,242.7487922705314,249,297,286,217,230,187
8,233.94303797468353,2.5757731958762884,27.75,252.1164383561644,259,315,220,221,236,204
9,239.37623762376236,2.5145658263305317,33.93055555555555,277.25581395348837,239,306,217,215,236,215
10,230.1875,2.4948033591086722,42.611111111111114,268.2142857142857,230,227,197,197,217,198
11,219.3846153846154,2.459627894281945,31.291666666666668,267.9240506329114,204,199,180,180,205,189
0,242.50526315789475,15.497460872460872,34.00000000000001,300.90588235294115,153,180,154,173,159,182
1,215.71844660194174,11.157856093979442,39.611111111111114,282.4222222222222,145,156,146,157,141,163
2,231.8450704225352,8.90848964545159,44.25,370.3666666666667,131,162,128,138,136,107
3,227.19463087248323,6.290978541736883,61.944444444444436,339.7480916030534,123,149,136,132,130,104
4,228.3125,4.371415712999872,67.66666666666667,356.268115942029,115,138,140,132,84,98
5,236.80040322580646,2.779622063329928,64.875,349.7074340527578,119,147,142,121,86,97
6,360.7372488408037,2.472276581865623,48.208333333333336,319.24420677361854,183,198,219,130,128,164
7,1337.0029850746268,1.805620101000713,18.11111111111111,256.0507614213198,264,295,312,211,215,240
8,286.4246575342466,1.053757415952538,34.68055555555556,298.448,286,312,240,217,227,235
9,212.4625,1.0686648501362397,49.138888888888886,312.6212121212121,286,300,232,212,218,220
10,249.975,1.1940298507462686,34.68055555555556,311.9855072463768,261,208,201,204,188,211
11,237.8815789473684,1.4029335634167386,45.19444444444445,286.40625,241,197,169,189,170,193
0,238.86363636363637,14.939925373134328,45.83333333333332,289.8082191780822,141,175,172,174,163,180
1,206.04444444444445,12.81760665220535,49.888888888888886,343.42857142857144,130,168,158,165,136,165
2,232.82269503546098,10.515161649944256,46.583333333333336,302.3888888888889,131,152,146,142,116,93
3,229.89071038251367,7.109270761444673,39.708333333333336,299.9108280254777,130,142,138,133,121,92
4,218.68098159509202,4.262179809141136,59.55555555555555,337.65714285714284,136,145,132,136,75,100
5,232.47876447876448,2.9663042103932233,69.66666666666667,350.01612903225805,129,143,125,119,87,116
6,267.24410774410774,2.1992673992673994,44.72222222222223,304.8693069306931,204,207,207,133,132,157
7,666.2549019607843,1.8623704971010364,27.541666666666668,268.32173913043476,261,300,292,222,204,224
8,281.8993710691824,1.4780455153949135,26.277777777777782,278.07142857142856,282,312,219,226,215,240
9,240.34653465346534,1.2996250852079076,42.22222222222222,280.0,271,313,222,214,212,235
10,225.74698795180723,1.2895938476327804,42.90277777777778,255.0,254,214,206,204,204,232
11,257.94827586206895,1.199013157894737,43.27777777777778,313.7608695652174,235,200,184,192,190,215
0,236.66666666666666,16.039243277048158,54.38888888888889,321.2289156626506,164,185,184,179,174,180
1,234.4558823529412,12.313036388602816,54.833333333333336,283.728813559322,167,169,163,162,156,154
2,249.66901408450704,10.661621041331186,54.25,317.4016393442623,154,149,135,150,130,92
3,231.13966480446928,8.107992575510433,40.84722222222222,319.43125,151,137,122,142,130,91
4,234.78181818181818,4.53282140203121,55.388888888888886,348.9310344827586,140,143,111,140,103,97
5,229.03874538745387,2.6711007439162784,65.06944444444444,355.46868250539956,136,135,100,143,96,111
6,425.62111801242236,2.9411764705882355,42.34722222222222,330.1743486973948,205,203,162,158,169,174
7,796.7595307917888,1.6891143044989196,21.61111111111111,285.6900826446281,278,306,278,225,213,221
8,366.0188679245283,1.378740157480315,34.38888888888889,285.7007299270073,275,315,226,240,240,228
9,238.17171717171718,1.249801849405548,45.513888888888886,309.8192771084337,269,313,229,236,236,231
10,210.61764705882354,1.2982192916650217,40.34722222222222,326.01612903225805,251,224,219,218,204,217
11,224.20967741935485,1.2681622088006899,27.722222222222218,280.8,225,202,210,198,183,202
0,227.41237113402062,15.308411214953273,27.51388888888889,268.91358024691357,207,182,153,180,165,183
1,228.67088607594937,12.97856506238859,35.18055555555555,316.36764705882354,130,157,144,174,152,178
2,232.95333333333335,10.049270448006578,26.402777777777775,318.90625,116,142,116,152,138,147
3,219.84393063583815,7.026751290112105,42.111111111111114,306.6862745098039,118,134,122,137,127,95
4,231.97222222222223,5.31453713888728,54.611111111111114,326.820987654321,128,139,124,127,134,99
5,229.923828125,3.419764891163732,43.111111111111114,306.9259259259259,130,152,122,124,136,109
6,429.4206008583691,2.999831023994593,35.52777777777777,290.45376712328766,207,201,177,200,151,140
7,1443.6743421052631,2.3211043172132673,16.36111111111111,218.13333333333333,270,301,277,232,222,240
8,335.76973684210526,1.6838023088023084,18.958333333333332,261.84615384615387,274,313,291,234,232,240
9,235.23809523809524,1.888047138047138,28.888888888888886,257.72222222222223,264,315,209,235,223,239
10,232.43421052631578,2.1186373467916364,30.972222222222225,252.48611111111111,245,292,194,221,208,227
11,231.55072463768116,1.9077290202837063,38.888888888888886,261.73015873015873,227,202,171,192,184,215
0,209.60714285714286,15.649315068493152,38.40277777777778,297.3131313131313,194,182,190,166,181,182
1,206.72916666666666,13.224279835390947,31.694444444444443,263.4166666666667,123,171,177,150,178,173
2,238.43949044585986,9.129351116155881,42.416666666666664,312.25,124,160,159,136,149,153
3,226.2638036809816,6.710991219718607,41.02777777777778,309.40579710144925,125,153,159,140,139,106
4,232.29885057471265,4.581668625146886,53.00000000000001,327.1666666666667,122,155,153,142,138,104
5,226.84549356223175,3.823598681111634,67.41666666666666,315.07542579075425,118,154,148,153,97,102
6,334.11044776119405,2.2403074866310164,49.44444444444445,290.0516934046346,182,209,218,193,135,151
7,712.6384364820847,2.3609256786826887,20.88888888888889,228.44897959183675,255,299,319,212,207,206
8,254.46835443037975,1.7891675754271168,21.694444444444446,268.0827067669173,270,302,320,228,224,228
9,213.17021276595744,1.7275862068965517,28.347222222222225,272.17721518987344,261,301,239,213,218,218
10,232.62376237623764,1.5658671586715869,36.458333333333336,291.05,237,265,224,205,214,210
11,227.41666666666666,1.6610213652944241,32.666666666666664,237.83050847457628,228,191,211,188,191,203
0,219.60194174757282,16.22142857142857,27.888888888888886,271.60869565217394,216,195,156,166,196,191
1,206.0,12.147673956262427,37.125,256.30645161290323,199,180,138,149,169,171
2,213.35294117647058,8.871531906460564,25.833333333333332,284.1478873239437,122,150,124,141,157,147
3,238.2748538011696,6.69521188772702,43.77777777777778,319.9121621621622,112,162,128,136,157,95
4,208.66470588235293,4.0204603580562654,50.333333333333336,316.6917808219178,114,160,127,130,144,107
5,222.36325678496868,2.4047560069358433,55.44444444444445,309.5905882352941,116,145,121,127,122,103
6,242.87755102040816,1.7251813913785745,43.625,279.7600732600733,179,181,191,191,161,162
7,872.5927051671732,2.2172499521897113,10.916666666666666,209.55378486055776,258,272,269,231,228,236
8,241.21621621621622,2.11258674324001,21.694444444444443,218.13709677419354,273,319,281,240,239,240
9,257.52127659574467,2.048901098901099,16.444444444444446,230.1764705882353,260,312,195,226,227,236
10,210.5,2.373391812865497,32.111111111111114,259.23376623376623,236,295,173,214,224,226
11,212.890625,2.362754357345239,22.347222222222225,245.0943396226415,221,205,169,198,217,216
0,210.85981308411215,14.842752120640904,27.944444444444446,226.45833333333334,232,159,148,173,183,166
1,218.25301204819277,10.80655462184874,31.680555555555557,242.82608695652175,211,147,139,145,155,155
2,207.05797101449275,7.97261904761905,22.888888888888886,268.2480620155039,124,133,125,135,149,139
3,213.82722513089004,5.28125,26.0,275.0552147239264,118,124,120,125,146,135
4,226.73295454545453,3.9167585766529283,39.29166666666667,285.48322147651004,116,128,123,127,155,100
5,223.29655172413794,2.6371458070437077,49.52777777777778,293.38860103626945,125,135,124,122,148,104
6,231.70634920634922,2.070214709913202,45.59722222222222,250.6098484848485,173,184,161,174,156,147
7,312.9329268292683,1.5503677152215565,17.916666666666668,218.42962962962963,269,269,261,253,211,208
8,226.98245614035088,1.31216233195125,14.333333333333334,180.56375838926175,282,291,274,204,231,234
9,226.14,1.4906497011760171,13.222222222222221,222.58620689655172,281,273,277,208,218,225
10,222.04545454545453,1.3214723926380367,35.916666666666664,242.24675324675326,267,250,186,193,213,195
11,215.53521126760563,1.3758620689655174,25.680555555555557,241.30357142857142,258,238,167,183,197,175
0,212.64285714285714,14.554301780693535,27.833333333333332,271.6666666666667,222,153,170,168,184,170
1,229.8395061728395,11.222176981541804,31.555555555555554,297.2162162162162,147,150,159,151,162,152
2,228.58,8.846382507053606,37.44444444444445,299.97727272727275,136,131,146,134,141,139
3,219.16981132075472,6.821206743566992,42.51388888888889,287.59027777777777,131,134,147,128,147,97
4,222.9806451612903,4.9923273657289,39.15277777777778,307.9848484848485,133,132,145,129,142,101
5,232.2573673870334,2.881197811690181,55.305555555555564,313.41647597254007,127,130,147,134,122,95
6,252.0347432024169,2.2106346483704966,49.47222222222222,278.0878136200717,185,184,224,172,149,146
7,955.1550151975684,1.5592891558725983,7.416666666666667,238.54583333333332,280,269,305,211,218,239
8,261.2785714285714,0.9852135004592999,27.375,219.52252252252254,293,292,320,222,240,240
9,205.39,0.8743754220121542,21.25,238.66666666666666,280,280,236,221,236,228
10,232.53947368421052,1.0217186366932562,37.5,238.82258064516128,258,263,223,206,220,209
11,228.66666666666666,1.2049063336306869,20.722222222222225,238.96153846153845,241,163,197,192,203,184
0,216.22772277227722,14.833617810760666,31.88888888888889,250.84615384615384,207,179,180,160,186,166
1,218.66666666666666,11.537685774946922,36.31944444444445,264.3066666666667,136,156,173,152,168,157
2,232.97350993377484,8.467136150234742,21.944444444444446,303.06060606060606,125,142,148,136,161,140
3,228.6888888888889,5.773890832361597,41.40277777777778,355.8616352201258,123,134,142,116,165,103
4,243.7840909090909,4.136855147555756,51.958333333333336,309.8169934640523,124,130,142,113,159,104
5,233.73626373626374,2.8957575757575755,59.68055555555555,315.7161125319693,138,126,140,122,116,108
6,325.28833333333336,3.109976166155941,31.45833333333333,292.4266409266409,204,175,195,177,154,163
7,700.640625,2.1460622710622714,18.722222222222225,241.64940239043824,259,294,293,186,215,209
8,345.64864864864865,1.9317642765918634,19.722222222222225,213.2155172413793,272,313,300,211,235,235
9,240.5047619047619,1.8246575342465752,36.36111111111111,255.96703296703296,269,310,221,211,230,219
10,231.08139534883722,1.4406432748538014,34.291666666666664,261.22972972972974,253,285,209,194,219,208
11,246.34146341463415,1.3799982188974975,26.01388888888889,284.45714285714286,220,197,194,172,202,197
0,230.77083333333334,15.233267326732674,14.263888888888891,251.1341463414634,223,162,197,165,182,182
1,227.8804347826087,12.69918265813788,30.75,258.79487179487177,137,140,176,147,170,168
2,230.40522875816993,9.306728101466508,30.48611111111111,277.66153846153844,122,126,157,133,160,143
3,217.81176470588235,6.523351648351649,32.15277777777778,283.51633986928107,115,123,155,130,158,138
4,243.88513513513513,4.848021432159401,51.47222222222222,294.2764227642276,117,133,164,122,150,93
5,222.60233918128654,3.458203218832573,47.236111111111114,318.95348837209303,108,124,146,111,141,94
6,282.21684867394697,3.552201704545454,47.263888888888886,288.0931098696462,175,173,219,181,132,144
7,720.8625,3.0982184250612623,19.26388888888889,251.4297520661157,264,274,309,206,194,191
8,674.25,1.63732748377662,15.013888888888888,213.7751937984496,282,289,320,219,227,226
9,209.88785046728972,1.5398384925975779,35.19444444444445,240.23076923076923,287,290,238,215,224,232
10,250.68367346938774,1.4592872570194384,35.61111111111111,209.5121951219512,250,273,230,207,209,220
11,241.64383561643837,1.1854921394395082,29.722222222222225,256.52542372881356,245,175,216,191,198,207
0,243.77777777777777,15.173082706766916,41.25,286.14285714285717,203,178,182,173,158,170
1,229.89156626506025,12.049792343806425,27.486111111111114,276.4868421052632,127,168,167,153,149,159
2,214.3986013986014,8.855004060089321,40.736111111111114,333.11475409836066,113,155,138,135,128,152
3,253.94610778443115,6.050306390428946,36.48611111111111,333.8979591836735,117,160,124,118,129,97
4,236.22346368715083,3.7711249500085695,46.375,310.5655172413793,129,159,135,121,129,88
5,229.2993492407809,2.2779024816061852,67.59722222222221,346.5175,133,150,139,118,103,86
6,335.34638554216866,2.0515712357817617,42.77777777777777,319.15532286212914,204,190,188,124,146,136
7,822.3431734317343,2.1612984716433,31.916666666666668,282.1340206185567,277,292,293,203,221,222
8,309.9583333333333,1.9411426639621363,38.333333333333336,261.9344262295082,275,307,240,212,220,225
9,233.5252525252525,2.017338429464906,48.73611111111111,283.3690476190476,275,301,232,208,202,221
10,233.97802197802199,1.652673184938631,32.416666666666664,258.42857142857144,257,205,205,186,203,209
11,231.36,1.8928776946571642,37.833333333333336,269.15,241,193,196,185,185,189
0,242.89655172413794,15.395333333333333,47.66666666666668,293.3703703703704,135,144,184,172,180,185
1,232.16470588235293,13.108549083063645,40.72222222222222,280.05,130,128,179,156,166,168
2,207.6818181818182,10.197063805759457,50.0,286.1679389312977,121,110,162,134,143,100
3,223.8684210526316,6.886821180849264,46.65277777777778,340.9207317073171,135,116,159,125,135,101
4,220.0379746835443,4.78315835761007,59.40277777777778,311.65441176470586,126,133,155,134,130,113
5,240.92047713717693,3.227638313429199,62.958333333333336,324.9814385150812,136,130,140,131,99,110
6,402.4740973312402,2.623864049436569,54.013888888888886,292.36059479553904,206,193,209,135,144,161
7,840.2242424242424,1.8692420142452801,24.208333333333332,264.46835443037975,278,287,299,218,219,230
8,257.7042253521127,1.2350993377483444,15.319444444444445,262.39830508474574,280,300,232,231,229,238
9,205.7403846153846,1.2659863945578231,45.22222222222223,319.1123595505618,260,301,225,228,221,235
10,217.71830985915494,1.4418976120118203,22.555555555555557,307.3114754098361,248,209,216,212,211,222
11,222.80263157894737,1.300902005429547,41.73611111111111,370.9830508474576,221,180,204,188,196,213
0,200.2716049382716,15.823446327683616,48.44444444444445,345.8611111111111,153,190,165,192,179,183
1,260.51612903225805,12.057880055788003,47.055555555555564,343.1333333333333,135,163,157,169,163,169
2,223.04666666666665,9.141648154025177,51.09722222222223,370.16923076923075,131,138,143,157,147,106
3,228.28985507246378,7.009891304347826,66.48611111111111,338.65697674418607,123,140,134,143,148,112
4,230.12637362637363,4.544034090909092,75.43055555555556,334.1830985915493,119,133,136,151,106,123
5,232.16597510373444,3.192104355821171,74.94444444444444,354.8688946015424,134,135,141,143,108,130
6,340.79487179487177,1.8962171784601694,44.27777777777778,329.1153081510934,194,206,207,142,143,178
7,539.6959459459459,1.2896648044692738,28.13888888888889,295.6709401709402,284,290,221,200,198,239
8,255.62025316455697,0.7002628120893563,36.02777777777778,298.7089552238806,292,305,230,236,219,240
9,250.0,0.6366021892337682,56.30555555555555,315.93,276,225,223,235,218,227
10,240.3846153846154,0.8271015122201604,44.97222222222222,311.4029850746269,261,224,204,219,211,214
11,225.57746478873239,1.0918859015129612,40.05555555555556,310.0,170,203,174,211,199,196
0,222.6,15.64819669526533,49.83333333333332,281.47777777777776,146,174,177,176,188,188
1,212.85714285714286,11.690554432086282,41.416666666666664,313.1621621621622,143,173,168,160,169,176
2,243.16564417177915,9.028409982734264,40.916666666666664,328.7464788732394,123,159,150,139,153,107
3,228.77777777777777,6.746615703137442,52.11111111111111,331.5541401273885,121,154,155,125,156,108
4,229.3926380368098,5.287105751391466,65.31944444444444,356.7687074829932,122,167,160,121,110,104
5,236.99582463465552,2.5361244019138756,76.26388888888889,343.1383495145631,123,157,140,129,115,96
6,267.5436746987952,1.2748730616165778,47.56944444444445,327.23728813559325,176,215,191,145,157,157
7,1163.092879256966,1.0070117675751478,30.652777777777775,270.14871794871794,278,297,296,235,221,235
8,369.9655172413793,0.5890025575447572,35.34722222222222,260.94354838709677,289,320,240,240,240,235
9,269.1913043478261,0.6114035087719298,44.22222222222223,295.314606741573,289,320,238,233,234,225
10,221.36708860759492,0.7684210526315788,46.986111111111114,292.5652173913044,270,229,224,213,222,222
11,243.47826086956522,0.8270676691729323,31.805555555555557,325.01724137931035,241,201,205,199,215,199
0,225.0581395348837,15.840177713736793,50.61111111111111,279.2894736842105,155,181,153,191,183,178
1,192.97701149425288,13.127172401807437,39.72222222222222,289.0416666666667,135,163,140,184,179,158
2,223.47260273972603,10.663301308147425,34.68055555555556,346.87301587301585,124,134,128,161,160,94
3,234.7579617834395,7.95679587696694,48.125,339.7762237762238,129,116,131,161,163,93
4,220.92397660818713,5.283968719452589,62.63888888888889,356.5878378378378,133,121,133,156,105,96
5,226.8112840466926,3.015429524603837,57.91666666666668,344.5720823798627,137,120,132,153,113,108
6,329.19806763285027,1.9006054034517033,44.40277777777778,325.89772727272725,226,184,186,153,154,151
7,925.4913494809689,1.343134535367545,20.152777777777782,296.175,291,287,282,228,230,227
8,292.290780141844,1.0393939393939393,42.43055555555555,303.65833333333336,292,305,212,240,240,229
9,227.30851063829786,1.1647925033467201,62.013888888888886,334.038961038961,283,305,212,240,229,225
10,233.4090909090909,1.2314434838041357,46.041666666666664,289.0,262,215,188,226,220,210
11,239.13924050632912,1.309415108967181,38.44444444444445,347.56666666666666,233,203,172,219,196,199
0,213.7605633802817,16.447359735973595,42.49999999999999,292.6896551724138,137,172,161,184,185,171
1,250.6375,13.476947937181237,54.68055555555555,326.92,125,159,157,154,162,104
2,235.77631578947367,10.014530010059238,53.80555555555555,341.2109375,123,144,135,145,139,92
3,240.98214285714286,7.1985413744740505,54.930555555555564,354.4888888888889,138,130,141,139,145,82
4,258.5722891566265,5.483757239989927,68.22222222222223,359.3776223776224,144,126,143,123,101,85
5,224.48728813559322,2.906343656343656,64.16666666666667,369.7294429708223,141,133,136,133,102,83
6,321.8901830282862,3.5957457094512932,55.680555555555564,337.0138067061144,199,188,192,127,150,129
7,915.2253086419753,3.388791848617175,41.833333333333336,290.0504201680672,251,305,201,208,197,212
8,263.0914634146341,2.5815254237288134,49.97222222222222,291.993006993007,265,315,211,227,217,240
9,234.35238095238094,2.3372413793103446,45.75,318.36559139784947,256,315,208,226,216,229
10,244.95555555555555,2.4567871291131054,49.90277777777778,288.2837837837838,242,222,196,216,208,218
11,246.3013698630137,2.2843078159533863,45.5,298.3220338983051,157,193,177,199,198,182
0,235.82474226804123,16.811209088020334,56.888888888888886,344.9,148,178,169,184,181,189
1,242.67073170731706,14.185545385202134,53.76388888888889,320.67123287671234,139,166,141,181,162,123
2,230.89506172839506,10.83883702320619,63.930555555555564,353.4822695035461,136,150,124,152,146,107
3,236.6258064516129,7.390791788856306,63.444444444444436,389.03731343283584,149,149,128,133,110,106
4,222.3953488372093,4.9297953355544974,64.54166666666667,366.036231884058,149,148,127,140,106,94
5,238.87746170678338,3.001348981518953,78.97222222222221,363.63316582914575,150,135,130,95,103,93
6,281.7449768160742,2.3589030943116547,58.97222222222222,369.1406844106464,197,209,163,154,166,139
7,1379.2920353982302,2.1728373702422146,37.708333333333336,298.8363636363636,278,302,191,223,231,220
8,412.55944055944053,1.8612732095490712,51.25,338.4310344827586,277,314,204,233,240,240
9,272.41379310344826,2.093197127840699,62.02777777777777,336.94117647058823,274,237,204,230,240,237
10,251.49367088607596,2.445278005704685,53.15277777777778,338.4264705882353,250,231,202,212,225,227
11,230.22535211267606,2.411411411411412,50.666666666666664,363.7118644067797,170,212,188,204,198,212
0,239.39743589743588,17.410012674271226,68.94444444444444,298.46153846153845,164,189,180,156,183,180
1,236.1358024691358,13.805575617506863,51.38888888888889,371.97058823529414,149,178,160,140,159,117
2,254.89655172413794,9.597046759639047,64.625,351.376,136,142,139,117,145,116
3,241.09550561797752,7.185466914038344,52.84722222222223,371.7134146341463,136,131,131,113,105,119
4,236.2111801242236,3.9306415655189495,69.125,360.8321167883212,144,127,135,111,100,117
5,247.21602787456445,3.267494824016563,58.791666666666664,366.8486055776892,154,116,123,86,107,104
6,432.1421232876712,3.043529068068945,46.0,364.1509433962264,238,193,226,140,160,184
7,1472.1891025641025,1.8986394557823132,43.638888888888886,284.1313131313131,274,298,230,218,210,240
8,261.3478260869565,1.258005249343832,54.111111111111114,339.44354838709677,281,301,240,222,240,240
9,239.21052631578948,1.5755590693471875,45.611111111111114,333.8061224489796,261,227,237,208,233,232
10,238.46753246753246,1.6765896642057636,51.81944444444445,295.1475409836066,256,220,220,196,222,212
11,254.46753246753246,1.9774564222416982,55.611111111111114,404.6666666666667,174,201,207,172,204,183
0,225.3913043478261,15.939806128830522,53.77777777777778,380.9072164948454,165,163,196,171,184,187
1,248.75,12.769982912473894,68.93055555555556,365.55405405405406,166,145,166,161,171,107
2,251.02068965517242,9.790151911995812,45.708333333333336,361.56349206349205,141,129,151,147,153,109
3,242.21192052980132,7.039020612415109,60.0,361.5968992248062,135,133,146,134,106,109
4,259.6,5.092683225253885,72.80555555555556,376.6829268292683,137,129,136,131,108,102
5,231.03411513859274,4.137326318629434,76.33333333333333,378.37947494033415,147,126,131,87,112,103
6,429.55,3.102054064079381,64.81944444444444,358.1470588235294,219,201,174,127,147,159
7,1364.4748427672955,2.1317503392130264,46.52777777777777,303.1550802139037,275,301,230,207,221,240
8,369.6740331491713,1.0681997371879106,45.40277777777778,313.8984375,283,311,240,220,232,236
9,219.52325581395348,0.9706777522084481,58.15277777777778,318.68918918918916,277,227,238,223,229,224
10,225.46052631578948,0.8224123783847147,50.98611111111111,326.1929824561403,265,209,234,213,209,217
11,255.02597402597402,0.9493337168056755,45.99999999999999,336.6393442622951,179,181,207,193,201,198
0,214.56410256410257,16.276987353206863,58.61111111111111,384.18461538461537,164,187,177,190,208,181
1,209.65384615384616,14.187214405284355,74.86111111111111,291.44117647058823,152,171,153,175,186,124
2,234.5527950310559,11.462495662089138,63.875,345.0729927007299,141,153,142,160,174,107
3,246.69387755102042,8.45320855614973,63.541666666666664,355.21774193548384,142,143,148,144,125,114
4,245.48765432098764,7.056491811061003,81.27777777777777,389.6746031746032,141,143,127,130,119,106
5,238.36808510638298,4.662894860914664,80.13888888888889,380.84263959390864,136,129,125,97,105,115
6,279.74333333333334,2.670063357972545,62.15277777777778,373.3196881091618,186,185,121,129,157,169
7,664.816091954023,2.116309778729479,45.819444444444436,342.37827715355803,262,271,205,201,228,234
8,273.1920529801325,1.2736408328513589,48.583333333333336,330.27536231884056,278,223,240,239,236,240
9,229.19101123595505,1.073639670403088,64.08333333333334,368.5974025974026,280,214,227,234,227,236
10,240.08928571428572,1.1779116465863453,51.333333333333336,362.4842105263158,184,204,204,221,214,218
11,252.2027027027027,1.2373737373737375,42.77777777777777,381.76666666666665,169,200,199,213,204,203
0,230.85526315789474,16.75645175400227,65.97222222222221,357.0289855072464,148,189,177,164,197,119
1,231.32291666666666,13.578505129457744,64.91666666666667,375.73809523809524,132,171,155,149,171,112
2,234.92361111111111,10.3982252806954,60.555555555555564,354.2170542635659,110,163,145,130,104,101
3,235.84242424242424,6.98701298701299,61.80555555555555,377.7916666666667,113,147,147,125,101,109
4,266.63945578231295,5.532380952380952,63.666666666666664,394.0827067669173,119,141,149,88,95,108
5,241.45,4.201228878648234,82.52777777777779,419.7975,119,142,141,83,98,99
6,333.7837398373984,2.688842975206612,73.69444444444444,395.5722326454034,182,209,143,140,151,143
7,1432.40830449827,1.8779614325068872,49.51388888888889,340.95238095238096,267,291,219,227,225,223
8,307.2887323943662,1.2678755712811436,58.138888888888886,349.6639344262295,281,221,225,238,232,231
9,255.76923076923077,1.2126406403382919,73.05555555555556,377.03409090909093,269,222,226,229,230,218
10,229.57142857142858,1.5375387339530766,65.66666666666667,362.32142857142856,173,219,213,220,224,206
11,239.5205479452055,1.4033226775162257,55.944444444444436,361.3090909090909,156,205,196,192,213,185
0,244.69072164948454,15.128352490421458,57.44444444444445,370.4698795180723,170,170,154,177,181,192
1,240.3068181818182,12.962898550724637,47.29166666666666,372.50602409638554,144,153,143,162,176,122
2,252.22307692307692,10.190856777493604,66.625,412.8240740740741,137,134,135,140,158,112
3,228.6359223300971,7.934041501976286,68.4861111111111,420.7967032967033,133,136,124,137,100,106
4,219.1294964028777,5.293242156074014,70.56944444444444,412.5132743362832,147,154,140,141,111,98
5,235.2186878727634,3.753637121066462,78.77777777777779,390.37219730941706,147,151,141,102,109,93
6,443.28964401294496,2.5518661518661525,59.91666666666666,346.8636363636364,202,223,218,167,163,137
7,595.6109215017065,1.5788124156545207,43.77777777777777,338.88837209302324,275,299,220,231,227,230
8,273.343949044586,0.7861662352602817,55.138888888888886,360.969696969697,287,237,226,239,235,240
9,211.42990654205607,0.7921934725080858,58.43055555555555,334.1860465116279,285,233,218,227,229,240
10,215.4794520547945,0.844824606877484,54.22222222222223,321.8333333333333,200,218,203,224,213,228
11,236.22535211267606,0.663265306122449,55.77777777777778,408.87931034482756,188,191,180,206,198,213
0,249.77894736842106,16.02552986512524,55.111111111111114,350.5875,155,198,168,166,174,177
1,273.89156626506025,13.924600400764243,49.68055555555555,328.64,154,175,161,158,163,122
2,230.94078947368422,10.590584123285494,54.11111111111111,343.744,139,153,145,138,138,108
3,228.17582417582418,6.752207436885961,68.79166666666667,358.96815286624206,127,152,135,134,90,93
4,237.4111111111111,4.493751531487381,79.01388888888889,405.88965517241377,127,153,133,138,93,98
5,231.85222672064776,3.4158383680893905,76.72222222222221,367.9328703703704,132,159,136,105,96,105
6,738.6258890469417,2.2388859602881745,49.09722222222223,331.7594696969697,198,214,209,167,148,148
7,1612.871473354232,1.6362549800796815,38.958333333333336,322.8974358974359,279,303,210,240,240,234
8,348.0387096774194,1.3230542838456507,40.36111111111111,330.936,281,315,213,240,240,240
9,246.80519480519482,1.374318148311956,57.513888888888886,312.4507042253521,275,233,210,233,240,237
10,258.13235294117646,1.505562522755775,49.43055555555555,343.3898305084746,253,227,198,212,201,210
11,207.8227848101266,1.4218397567912133,39.55555555555556,333.98571428571427,164,207,185,192,191,194
0,257.7578947368421,16.276701014066077,59.444444444444436,354.6309523809524,165,181,171,179,164,159
1,243.7594936708861,13.62115318331774,54.75,330.7323943661972,159,163,169,161,148,83
2,250.9940828402367,9.576723088837262,60.61111111111111,393.1063829787234,130,145,156,141,138,76
3,219.9346405228758,8.0195851128737,65.26388888888889,382.5230769230769,143,133,157,139,95,78
4,217.45,4.793388429752066,70.84722222222223,375.2013888888889,130,135,140,144,93,84
5,226.80263157894737,2.5370600414078686,88.02777777777779,373.1190476190476,132,145,136,87,97,93
6,367.8506289308176,2.5348197082301134,41.708333333333336,336.6003898635478,181,211,222,147,143,134
7,1077.0064308681672,2.263921433494142,45.77777777777778,279.58793969849245,267,310,220,226,224,204
8,330.48993288590606,1.4973719228210245,41.84722222222222,315.4017094017094,283,320,234,234,224,208
9,235.1530612244898,1.828747573923964,49.97222222222222,337.2705882352941,281,233,229,222,213,205
10,229.11340206185568,2.2541003671970627,46.583333333333336,330.37142857142857,267,223,206,204,194,196
11,202.64285714285714,2.7517730496453905,55.333333333333336,347.3157894736842,178,207,188,196,179,180
0,242.74736842105264,16.50816389402341,55.05555555555555,325.2692307692308,158,172,167,196,194,195
1,236.37209302325581,14.727492784656919,58.194444444444436,341.2083333333333,135,165,151,182,184,117
2,237.46938775510205,11.00156772575251,57.861111111111114,365.22314049586777,110,164,135,159,158,106
3,251.7030303030303,8.503049853372433,71.56944444444444,388.94405594405595,116,161,125,154,114,105
4,228.5819209039548,5.363636363636363,82.16666666666666,396.19310344827585,118,164,138,141,106,103
5,243.1341719077568,3.950396825396825,95.56944444444444,397.54146341463417,128,159,139,100,99,95
6,408.74316109422494,2.881811373948284,59.90277777777778,350.53515625,207,223,206,148,147,150
7,1218.6854304635763,2.46076817558299,46.31944444444445,327.81632653061223,265,297,210,229,223,234
8,395.9240506329114,2.141114725014784,44.875,339.37410071942446,267,223,220,240,234,240
9,240.74444444444444,2.1246712841216344,54.5,397.8181818181818,266,224,217,240,235,239
10,250.94791666666666,2.1164142512554864,59.18055555555555,360.5875,254,199,207,225,222,224
11,245.6024096385542,1.8616703952274418,49.77777777777777,361.7391304347826,172,190,190,214,208,218
0,214.92222222222222,17.30239174891082,71.1111111111111,433.961038961039,139,205,154,185,184,111
1,226.64367816091954,13.65562532956234,66.66666666666667,399.8805970149254,130,197,142,164,168,106
2,251.4503311258278,10.48069820088169,65.61111111111111,394.6564885496183,119,170,120,151,106,97
3,235.47826086956522,8.371602624179944,73.11111111111111,381.59722222222223,129,171,125,145,103,103
4,235.09375,5.673469387755103,76.5,422.6896551724138,139,166,129,109,95,97
5,249.86542056074765,3.9107227528280157,86.6388888888889,406.68080357142856,132,152,136,101,84,98
6,461.89676425269647,2.1367119301648883,64.56944444444444,401.7779850746269,205,230,144,151,140,161
7,1750.4852071005917,1.8009345794392517,53.736111111111114,388.57062146892656,274,314,211,228,231,240
8,311.5248226950355,1.866399562921144,56.34722222222223,422.3658536585366,273,240,212,240,240,240
9,264.81111111111113,1.8118158644474436,81.59722222222221,369.25925925925924,258,240,212,238,233,223
10,239.39743589743588,1.9089430894308945,59.444444444444436,342.171875,176,230,193,217,209,205
11,271.85185185185185,2.1517471535139383,62.27777777777778,408.3898305084746,151,215,178,206,195,187
0,252.27142857142857,16.964837011809458,71.08333333333334,346.6551724137931,142,176,200,164,181,120
1,246.69892473118279,14.046807453416152,63.319444444444436,363.5,130,152,179,149,158,107
2,239.75,11.374032882011607,71.38888888888889,390.491935483871,124,139,168,132,84,105
3,251.7659574468085,7.480628007090402,68.40277777777779,392.1065088757396,114,132,149,125,93,105
4,247.4156626506024,4.781856876828944,87.75,418.6849315068493,121,141,143,103,96,112
5,250.43912175648703,3.5970695970695976,93.06944444444446,388.9028436018957,144,128,136,108,102,110
6,545.9308755760369,2.819544131910767,61.263888888888886,371.2695473251029,210,191,158,148,164,160
7,1313.4018126888218,2.0170731707317078,46.93055555555555,334.2631578947368,273,310,230,214,215,234
8,319.1528662420382,1.2109606892058205,49.80555555555555,376.90625,279,240,233,224,238,240
9,262.9423076923077,1.3341545352743558,66.84722222222221,421.6931818181818,274,234,234,214,232,222
10,260.52941176470586,1.488774883802508,51.833333333333336,400.0357142857143,187,221,223,208,215,213
11,237.13888888888889,1.602164502164502,60.666666666666664,407.46031746031747,160,194,205,196,201,199
0,254.72164948453607,17.174786769294776,74.30555555555554,328.78409090909093,160,191,174,192,198,130
1,246.13513513513513,13.995670214685187,60.11111111111111,365.8709677419355,146,179,162,170,190,117
2,214.5857142857143,11.143958286102926,62.55555555555555,432.7795275590551,130,161,154,142,112,103
3,264.030487804878,7.604904151475949,75.18055555555556,418.6267605633803,138,163,145,127,103,97
4,249.44654088050314,5.347069597069598,70.66666666666666,377.0507246376812,143,156,140,97,98,94
5,259.1321138211382,5.137069192317811,91.59722222222223,409.31796116504853,156,141,132,97,109,89
6,740.2703533026114,3.6914396887159535,59.20833333333332,379.68282828282827,219,217,132,147,170,143
7,1152.256906077348,1.8293337865397687,51.930555555555564,355.98230088495575,275,300,221,230,219,226
8,249.79432624113474,1.1770663772834145,52.08333333333334,367.44262295081967,279,238,225,240,237,236
9,230.03061224489795,1.014260511614231,65.05555555555556,404.0731707317073,276,230,224,227,239,236
10,236.23469387755102,0.9643449419568823,52.055555555555564,363.5842696629214,192,215,207,219,232,208
11,255.51388888888889,1.4514061779621947,58.111111111111114,394.2741935483871,172,208,198,209,222,196
0,255.61333333333334,16.518567463988372,65.3611111111111,327.5230769230769,150,176,181,179,187,114
1,232.68055555555554,13.784091452623525,62.65277777777778,462.65,143,167,161,164,167,107
2,234.87074829931973,10.708143683109853,76.05555555555556,420.61417322834643,118,152,129,147,87,106
3,253.57575757575756,6.87584803256445,79.26388888888889,388.8085106382979,118,138,133,147,91,110
4,239.04191616766468,4.436966888306804,88.0,409.11267605633805,117,147,135,105,95,110
5,248.38779527559055,2.0927750410509036,90.13888888888887,416.88941176470587,124,136,129,103,94,110
6,512.0873634945398,2.5135486981677913,66.30555555555556,397.259765625,202,194,145,162,157,177
7,1928.2396449704142,1.7506666666666668,47.319444444444436,348.25949367088606,274,311,218,238,219,240
8,628.5961538461538,1.6120112651329501,52.97222222222222,383.2845528455285,274,240,223,238,224,240
9,263.6981132075472,1.5030873272566898,58.791666666666664,367.47058823529414,275,240,222,233,231,231
10,230.76623376623377,1.6865729898516781,60.55555555555555,398.24590163934425,187,221,218,220,222,213
11,279.3157894736842,1.4983910656823773,61.61111111111111,408.73333333333335,165,199,189,203,211,207
0,225.06410256410257,15.455280528052805,61.333333333333336,325.5081967213115,157,184,179,170,152,168
1,252.98684210526315,12.601251098588635,39.93055555555556,332.5692307692308,139,166,155,165,131,85
2,225.2185430463576,10.430271245700109,52.90277777777778,383.41269841269843,127,154,139,149,126,76
3,238.63291139240508,7.090715667311412,71.88888888888889,379.8175182481752,137,140,139,135,71,83
4,226.75531914893617,5.561575420407131,68.47222222222221,401.2098765432099,129,153,141,127,78,91
5,242.37029702970298,3.050480277948089,96.4861111111111,373.28506787330315,133,152,129,100,93,92
6,523.596463022508,2.920035938903864,45.77777777777778,348.1337325349301,221,214,193,163,142,127
7,1578.9601226993866,2.3013850415512467,42.43055555555555,292.2108108108108,285,302,209,230,211,207
8,344.80379746835445,1.3214190093708165,41.375,347.416,291,314,213,239,220,217
9,245.14583333333334,1.29367888267306,57.38888888888889,312.1142857142857,284,233,209,234,211,212
10,251.0,0.9964366168339135,51.458333333333336,332.82089552238807,264,211,199,213,197,201
11,230.80882352941177,1.3802192326856004,44.944444444444436,362.4909090909091,167,207,200,191,162,188
0,223.67532467532467,16.986752378056728,66.5,371.3285714285714,147,178,184,176,192,124
1,236.14444444444445,13.38660658645319,56.875,406.3972602739726,133,165,165,161,167,116
2,247.30252100840337,10.423049853372435,67.61111111111111,380.53921568627453,113,164,145,142,109,102
3,235.16770186335404,7.901464307504575,73.49999999999999,403.28057553956836,118,151,135,144,101,96
4,241.0062893081761,5.38241223496698,78.22222222222221,407.8602941176471,122,145,135,89,95,99
5,231.76876267748477,3.635378070536572,83.20833333333333,416.6682808716707,120,132,141,98,98,105
6,281.25993377483445,1.8749502982107358,58.68055555555555,373.28514851485147,191,210,137,144,158,166
7,1162.5335463258787,1.2839017735334244,44.986111111111114,353.875,281,299,205,226,224,231
8,325.86538461538464,1.2201385614276903,58.0,373.6074074074074,280,226,225,240,240,240
9,235.68571428571428,1.441737210158263,65.76388888888889,380.9247311827957,261,236,223,240,234,236
10,263.75342465753425,1.5857638888888885,48.833333333333336,395.9516129032258,186,221,205,228,219,221
11,229.52542372881356,1.530759038425137,60.388888888888886,372.22,168,203,195,205,204,199
0,239.07608695652175,16.132840284513417,50.55555555555555,347.0,146,202,158,168,171,186
1,197.72043010752688,12.849134460547502,49.11111111111111,336.3690476190476,137,174,152,151,143,107
2,225.93525179856115,8.726070424863615,49.0,376.6068376068376,129,147,135,148,132,98
3,230.27428571428572,7.029463611181062,58.97222222222223,359.8666666666667,120,138,128,149,88,99
4,222.56983240223462,4.650995442552171,76.1388888888889,371.10897435897436,135,138,138,147,94,106
5,237.2591006423983,2.8625850340136054,63.361111111111114,381.69444444444446,134,139,144,111,99,108
6,700.3233532934132,2.637844611528822,63.58333333333334,350.51072124756337,202,204,208,166,139,145
7,1422.9933110367892,2.2857729138166896,33.56944444444444,330.9447513812155,278,315,206,230,225,208
8,290.89677419354837,1.581078365706631,59.72222222222222,341.65671641791045,282,320,211,232,230,218
9,271.2450980392157,1.2814645308924486,65.80555555555556,326.9277108433735,283,238,205,219,223,212
10,238.9294117647059,1.444511972772578,42.40277777777778,306.9142857142857,251,233,195,203,212,205
11,255.92307692307693,1.9328108054816129,47.0,375.67692307692306,164,224,167,190,182,200
