,stw,sto,sth,att,Bus0_AOD,Bus1_AOD,Bus2_AOD,Bus3_AOD,Bus4_AOD,Bus5_AOD
0,324.2560975609756,19.41741440377804,[104.87618],614.2380952380952,160,184,116,127,127,133
1,317.075,16.31462634486769,[120.588806],573.5522388059702,138,115,109,121,128,113
2,315.50314465408803,13.14769785865558,[128.79875],638.0534351145038,120,111,109,106,122,103
3,344.84177215189874,10.413061851709566,[118.74215],660.75,123,125,101,103,144,89
4,300.0,9.324324324324325,76.8029244740804,623.491935483871,94,138,99,99,155,81
5,411.8287937743191,9.282546494992847,[118.316475],663.8635170603675,106,146,103,110,170,64
6,1702.6695501730103,6.080338125665602,[81.67852],714.562326869806,169,194,164,182,141,89
7,2101.069306930693,1.18,[117.087395],700.65,212,214,224,240,160,150
8,838.6486486486486,0.9483606557377049,[128.37512],685.7809523809524,215,214,231,240,160,160
9,388.64772727272725,0.9262848751835535,[134.80212],601.015625,213,217,235,155,160,155
10,311.6818181818182,1.1163398692810453,[140.9583],673.0895522388059,203,207,227,136,143,155
11,301.0987654320988,0.8653039017565677,[103.10428],590.6774193548387,183,194,130,134,137,141
0,356.8137254901961,20.31914016489988,[124.39825],652.0888888888888,169,197,102,147,124,110
1,330.6835443037975,16.92300063752922,152.38431,681.6507936507936,182,110,92,134,126,99
2,329.47058823529414,13.175515882216553,[112.66919],578.8833333333333,172,93,84,114,123,95
3,343.18055555555554,11.647917746673578,100.172295,574.0504201680673,130,105,80,110,128,90
4,380.68823529411765,10.839506172839506,[90.90549],706.31654676259,141,107,75,102,142,81
5,545.5838383838384,11.303405572755418,103.3113,739.0737100737101,165,112,66,98,158,47
6,1953.9507640067911,7.524801587301587,[122.06106],744.2929936305733,184,196,178,164,147,76
7,2253.6156351791533,2.2416950596252128,[128.17792],725.9007092198582,199,217,208,240,160,150
8,1552.2298850574712,1.4773294509151413,[73.87979],639.2075471698113,206,222,214,240,160,160
9,446.659793814433,1.4849854530340814,[122.062256],620.3733333333333,205,224,214,240,160,160
10,309.2409638554217,1.6870370370370371,[141.68779],647.016129032258,196,221,208,160,151,144
11,308.6923076923077,1.8407185628742517,124.820435,736.1777777777778,195,206,182,155,139,125
0,307.24,20.859353348729794,[118.66364],605.4047619047619,172,173,153,122,113,133
1,368.89156626506025,18.21090584028605,[117.35389],576.3134328358209,151,166,161,124,114,123
2,373.8243243243243,14.997160952172958,[120.730316],718.4453781512605,148,110,160,101,98,106
3,393.0308641975309,13.851515151515153,[102.36799],672.3916083916084,95,109,169,82,110,95
4,376.80379746835445,10.353513426595917,[125.230705],680.4201680672269,106,100,179,81,124,101
5,423.16735537190084,9.666666666666666,[116.920235],651.851662404092,119,89,185,92,134,89
6,1691.5568,6.681309765285424,[121.689186],703.76,172,131,211,178,215,108
7,2098.015060240964,2.1247263751106145,[100.86368],679.8684210526316,200,209,240,214,240,160
8,450.46753246753246,1.1454248366013071,[141.97911],726.125,206,219,240,239,160,160
9,545.4766355140187,1.4402144772117962,[78.83927],769.5875,198,211,240,158,152,160
10,364.87179487179486,1.7727699530516432,[120.447914],687.8548387096774,182,198,240,151,140,154
11,377.8024691358025,1.9642471042471046,[112.77343],669.5652173913044,174,189,155,135,126,146
0,307.0897435897436,20.01842105263158,[124.90661],425.2,179,190,107,136,123,120
1,304.38461538461536,16.538819875776397,[96.47318],526.525,178,163,99,126,129,110
2,301.82666666666665,12.53978201634877,[109.30169],545.7235772357724,161,152,90,100,132,99
3,334.4625850340136,11.034678533067362,[84.47114],558.4344262295082,181,104,86,97,128,90
4,318.0921052631579,9.619397839577108,[80.59396],623.6280991735537,198,97,84,91,122,95
5,336.71656686626744,9.0844732977819,111.406624,625.6070528967255,205,97,74,83,136,86
6,1362.0857142857142,7.0703933747412,[99.04541],647.2078947368421,184,175,142,127,202,136
7,2624.619469026549,2.7708385902935486,[70.098526],599.8970588235294,189,207,214,231,240,240
8,749.91875,1.7906966065114571,[117.16532],617.9344262295082,196,215,230,240,240,160
9,447.06666666666666,1.829728612756578,[106.57346],582.7352941176471,193,220,230,239,240,159
10,322.7317073170732,1.878535683202785,[102.28595],534.9090909090909,193,217,215,228,141,155
11,323.83116883116884,1.8677269715043079,[80.87125],564.0666666666667,190,203,198,149,131,135
0,368.41379310344826,19.691885441527447,[93.859344],636.1666666666666,163,196,128,113,115,123
1,403.7931034482759,16.36622306717363,[114.21053],630.3194444444445,174,168,118,104,102,123
2,394.568,13.863721804511277,[93.30978],595.3703703703703,182,96,93,90,97,114
3,393.90909090909093,12.7683125339121,[131.17284],553.3888888888889,207,99,83,95,88,107
4,329.3181818181818,9.750568678915133,[104.85876],553.7785714285715,151,110,85,96,84,109
5,524.5744234800839,9.709160571229537,[79.5804],600.2871794871795,174,99,92,93,75,105
6,1621.966966966967,8.366238449402749,[98.31974],611.9177377892031,184,199,189,134,108,172
7,1549.8513119533527,1.275695485590538,[97.887665],650.367231638418,204,227,226,228,229,220
8,428.0609756097561,1.190034814848307,[122.32101],576.844262295082,200,230,238,240,240,153
9,527.7395833333334,1.0628803245436105,[107.79557],524.2714285714286,201,237,238,237,238,154
10,376.81609195402297,1.1957627118644067,[94.720215],611.0793650793651,200,231,237,220,151,141
11,332.719298245614,1.6074291300097747,[81.62475],613.5128205128206,188,218,220,132,133,132
0,281.125,23.121711020899113,[131.70757],739.2424242424242,108,130,131,109,143,118
1,356.6082474226804,19.447293447293447,[128.31615],710.3373493975904,104,120,129,104,144,101
2,342.29007633587787,14.850152905198772,[146.00108],740.1308411214953,102,113,124,96,134,85
3,306.0658682634731,14.831495405179616,[126.00637],801.3943661971831,107,119,136,88,140,75
4,363.8562874251497,10.317949944205322,151.98143,757.7131147540983,118,114,145,106,148,66
5,480.62745098039215,10.926587301587302,[115.60366],850.2193211488251,135,111,135,107,111,31
6,2270.235576923077,7.41452772073922,141.21275,778.988679245283,184,177,194,198,143,78
7,2225.419254658385,1.4293639053254439,134.54941,739.0522388059702,204,226,225,219,160,149
8,697.8169934640523,0.9251819505094616,[116.67175],821.081081081081,208,235,236,146,160,160
9,494.44827586206895,1.1087719298245613,[154.82875],761.6285714285714,205,230,240,146,160,159
10,360.3380281690141,1.498001998001998,[141.10487],860.4827586206897,196,208,157,137,152,151
11,448.46774193548384,1.6961389961389963,[138.15987],848.6086956521739,189,194,148,121,141,132
0,333.20652173913044,19.740246768507635,151.38399,581.3150684931506,159,179,129,125,135,124
1,377.03921568627453,16.795766590389015,[120.6766],639.7093023255813,154,103,123,117,121,118
2,327.0,13.032039953899348,[84.9993],697.965811965812,153,87,112,104,121,108
3,375.8079470198675,11.473027021753976,153.58763,648.8496240601504,122,83,109,96,124,69
4,279.49640287769785,10.177464534200777,[111.53464],642.9915254237288,129,82,126,103,135,76
5,423.44397463002116,8.142791594016703,[115.555695],728.9894459102902,126,75,132,103,125,80
6,1573.4573170731708,6.38593974175036,[117.75845],683.0315186246419,169,128,173,178,218,118
7,2207.264214046823,1.5637510425354462,[93.949646],650.4791666666666,208,221,210,240,160,160
8,773.9751552795032,0.6298701298701299,[135.23668],682.2777777777778,214,228,230,240,160,160
9,343.60674157303373,0.8693181818181818,[137.84941],759.0694444444445,207,229,230,235,160,160
10,329.70526315789476,0.9943775100401604,[131.4352],665.0128205128206,204,213,214,143,152,153
11,305.88461538461536,1.1903645833333332,[117.42285],677.1025641025641,190,199,205,137,147,146
0,316.44303797468353,21.554799546394506,146.06454,669.0153846153846,167,112,102,145,134,129
1,362.84090909090907,17.30804953560371,163.79564,715.9420289855072,167,112,103,127,118,121
2,321.8333333333333,13.852201257861635,[106.146645],677.5483870967741,102,97,90,122,110,115
3,315.5842696629214,10.675638371290546,[144.21614],765.9703703703703,121,96,81,126,109,111
4,361.1,10.762460672296736,[136.7685],746.294964028777,137,90,79,136,100,129
5,495.7581300813008,9.677749360613811,[118.96091],735.8030690537084,156,90,90,146,101,84
6,1984.1422087745839,5.602437933348244,146.38416,764.1892857142857,183,192,167,223,156,131
7,2144.9837662337663,2.8656462585034013,[120.01169],648.8905109489051,189,218,209,240,160,160
8,719.931506849315,2.314508393285372,[129.61983],735.8672566371681,193,224,215,160,160,160
9,338.3736263736264,2.363963963963964,[90.861725],785.1866666666666,193,225,213,160,159,160
10,295.0853658536585,2.165622032288699,[146.85535],847.047619047619,185,211,200,158,148,151
11,345.46268656716416,2.641420118343195,[108.36837],708.0172413793103,183,122,110,151,141,138
0,416.4025974025974,21.23057644110276,[113.52091],671.2272727272727,181,132,110,117,146,112
1,384.06666666666666,16.755342033558012,[147.96944],724.5211267605633,186,113,110,101,121,103
2,391.50359712230215,13.793952180028127,[102.16848],696.4112903225806,125,104,100,100,113,90
3,460.0566037735849,12.761345852895149,[134.14468],720.3359375,152,101,103,102,109,72
4,433.77027027027026,12.7207319092565,[97.36951],656.3454545454546,169,109,88,114,116,75
5,599.6077586206897,12.557304611985638,[113.11373],743.6256983240223,169,122,80,121,116,31
6,1615.5208655332303,10.029910269192422,[123.8815],819.065527065527,182,197,179,190,198,57
7,2153.439528023599,2.357051282051282,[138.92809],756.5345911949686,200,227,200,240,151,152
8,490.0258064516129,1.0150264873675632,[132.74742],661.0650406504066,206,237,224,240,160,160
9,467.06382978723406,1.271976401179941,129.31273,704.2337662337662,204,236,210,160,160,160
10,408.2,1.2841776110068794,129.07509,757.5,201,219,200,146,156,144
11,334.3975903614458,1.7624257580493903,[143.43013],650.2957746478874,191,197,119,127,149,131
0,318.734693877551,18.21282051282051,[82.009514],598.875,160,172,100,114,123,111
1,318.97196261682245,15.213456464379945,[123.54569],664.2954545454545,159,171,94,113,120,101
2,297.00671140939596,11.82373823120852,[104.044685],602.6343283582089,161,103,92,114,112,100
3,310.6612021857924,10.992977422034283,119.344215,643.9859154929577,167,113,93,107,116,101
4,321.8176100628931,8.647517730496457,[106.26931],622.5801526717557,139,122,97,108,124,115
5,483.5,7.731759006963366,[98.23063],631.4542936288088,157,129,105,99,125,119
6,1514.777397260274,5.638552773451539,[113.467705],676.594674556213,188,198,188,114,189,105
7,1865.724358974359,2.3910969793322736,[131.30092],718.25,200,216,240,202,240,160
8,535.2012195121952,1.2252475247524752,[111.72018],647.5107913669065,205,225,240,222,160,160
9,313.2093023255814,0.6916905151267375,[111.61914],643.8571428571429,211,235,240,228,154,155
10,297.84415584415586,1.0969984202211691,[108.543724],606.5084745762712,189,220,223,143,138,142
11,333.80281690140845,1.5028531663187195,146.3136,568.1636363636363,177,197,196,129,132,127
0,319.4390243902439,19.12225637706951,[96.85557],507.22535211267603,164,209,167,140,96,107
1,332.25531914893617,17.163593539703903,[95.23797],563.9506172839506,149,192,87,138,83,94
2,315.74615384615385,13.633908045977014,[51.92908],599.8620689655172,138,183,81,121,87,86
3,281.0108108108108,10.902840304493738,[88.91318],600.3788819875776,146,137,76,115,85,84
4,309.84137931034485,8.2114363719096,[102.71433],605.3305084745763,164,144,83,116,96,91
5,352.8541226215645,7.50876749283426,117.28031,667.2061855670103,133,141,80,119,88,98
6,1784.076813655761,6.196793002915453,[85.7193],651.1492957746478,187,197,159,185,129,172
7,1685.783870967742,2.0305882352941174,[107.705894],661.0365853658536,205,226,217,238,204,160
8,493.15697674418607,1.1378020975832195,[117.62021],579.4924242424242,206,238,226,240,220,160
9,314.8876404494382,1.3196815154038302,[129.28407],607.05,205,240,219,240,139,158
10,333.2758620689655,1.4768333333333334,[124.34854],568.4615384615385,198,228,207,228,117,147
11,308.11764705882354,2.441896963493688,[118.12192],570.5185185185185,176,229,193,146,106,127
0,313.34722222222223,19.34449404761905,[108.01411],620.8421052631579,145,180,170,129,141,131
1,286.5568181818182,16.2307515513675,[97.58268],703.3521126760563,143,99,91,114,127,113
2,337.72661870503595,13.672039473684212,[123.20313],712.2241379310345,140,97,76,111,118,98
3,326.5755813953488,11.33993399339934,[119.02708],709.6190476190476,107,96,72,115,118,98
4,362.09615384615387,9.3914373088685,[110.503136],674.6796875,116,106,74,125,131,102
5,431.5772727272727,7.123144584936779,[126.11307],655.6043360433605,137,106,86,121,141,51
6,1556.0359477124182,6.881323075059067,146.19313,680.1694915254237,182,175,145,184,221,64
7,1737.5218855218855,2.076868994609796,[129.93808],639.6770186335403,198,221,209,240,240,147
8,773.8353658536586,1.3617768595041322,[118.280525],641.9754098360655,207,231,212,240,160,160
9,706.5087719298245,1.2880971993410215,113.99157206217448,651.9487179487179,210,234,210,240,160,160
10,335.5593220338983,1.567728237791932,[117.812874],565.0,203,220,205,159,160,152
11,318.75,2.1239812959251836,[95.29122],667.0754716981132,172,201,187,146,151,141
0,282.7549019607843,18.537168002514534,[83.037964],487.9125,169,202,166,125,123,124
1,328.50588235294117,15.606596794081382,[85.281044],502.37142857142857,174,198,98,116,120,105
2,270.64285714285717,12.829946524064171,[93.58262],629.4579439252336,153,187,102,96,120,90
3,269.1242603550296,8.933092791591497,[82.2521],648.1,144,123,109,92,110,93
4,296.2631578947368,5.910298759450928,[113.79868],615.4262295081967,150,129,120,102,108,108
5,310.59023354564755,5.231358115568642,[121.18747],640.9947780678851,133,133,132,105,104,108
6,1605.2573529411766,5.514631463146315,[92.32672],694.9179487179487,158,199,181,185,139,148
7,1929.1666666666667,1.966891420599861,125.33218,619.797619047619,203,224,203,240,240,155
8,338.6204379562044,1.1061548943901887,[109.18271],545.3571428571429,208,231,216,240,240,160
9,305.1521739130435,0.8999576988155669,[125.08258],621.7432432432432,203,227,214,232,153,153
10,283.5189873417722,0.9884057971014493,[101.932045],558.1940298507462,202,224,200,139,150,143
11,295.375,1.2889790398918188,[113.04563],507.3692307692308,186,215,185,129,137,134
0,349.8988764044944,19.605596107055955,145.029,553.5584415584416,164,187,101,123,134,113
1,329.7560975609756,17.803485424588086,[124.00207],547.8695652173913,151,187,94,122,137,98
2,303.2792207792208,14.995402663284718,[113.7291],647.6439393939394,144,127,75,113,125,80
3,307.23353293413174,10.440799191479439,[78.02555],591.9632352941177,163,126,82,108,117,81
4,300.32065217391306,7.694704049844236,[127.91721],633.1346153846154,127,119,89,103,120,84
5,390.160469667319,6.866013071895426,[129.65942],648.5923261390888,145,128,100,96,135,93
6,1921.9335347432025,5.433687230989958,[71.04798],644.2611275964392,195,193,167,160,191,119
7,2037.4142394822006,0.9843622147467951,[132.04912],653.4,213,216,225,240,240,160
8,411.1203007518797,0.6928818034118602,[115.724976],604.3653846153846,213,225,233,240,160,160
9,310.1111111111111,0.7069444444444445,[88.15601],609.3544303797469,205,221,233,240,158,158
10,277.3048780487805,0.7360619469026549,[127.47588],591.7368421052631,201,214,208,220,142,145
11,340.0983606557377,1.024703891708968,[81.27415],666.0769230769231,191,213,192,136,125,128
0,298.1470588235294,19.539908256880732,98.704865,521.0,175,200,124,114,124,135
1,291.953125,15.05817369093231,[70.1418],475.4901960784314,167,173,113,102,109,119
2,276.5891472868217,11.791860465116281,[94.056175],643.6019417475728,155,157,92,80,95,109
3,282.65168539325845,8.081622088006903,[109.04764],644.7284768211921,141,95,89,87,98,100
4,306.05988023952096,6.31578947368421,[109.27534],651.9626865671642,170,102,95,87,103,102
5,318.94255319148937,5.485781990521328,[133.42839],698.5852417302799,134,106,99,95,103,96
6,1269.373887240356,4.3985312254737075,[131.73958],628.8776978417267,182,180,155,150,164,160
7,2277.957575757576,1.3582219773155162,[75.84093],588.4342105263158,203,216,240,231,231,160
8,623.077519379845,0.8343623481781377,[129.37654],641.8846153846154,209,226,240,240,160,160
9,357.031914893617,0.930327868852459,[108.54843],580.2739726027397,207,225,233,240,155,160
10,272.9166666666667,0.8834083119108826,[107.94077],543.4423076923077,204,215,220,228,144,156
11,303.875,0.9325325325325327,112.12106196085612,543.2727272727273,191,195,209,131,130,143
0,285.84,17.904979840906616,[70.85667],560.7093023255813,156,193,187,95,119,124
1,281.0919540229885,15.45,[88.12928],577.4594594594595,149,184,117,93,109,123
2,316.8129496402878,11.537142857142857,139.78651,606.6271186440678,138,162,94,92,101,113
3,306.96078431372547,7.711489088575097,[84.57922],509.6031746031746,143,99,97,100,104,113
4,301.2953020134228,5.958871730223764,[102.95932],557.7619047619048,151,112,101,96,102,106
5,306.4391304347826,4.741860465116279,[97.62637],568.0701754385965,120,118,86,102,111,108
6,1349.3482972136223,6.389461626575028,[101.31295],604.1393643031785,165,195,133,136,189,152
7,1633.609375,2.6208317721993257,[91.168396],560.7754010695187,202,228,234,192,240,160
8,438.8029197080292,0.7462900053638476,[84.65076],608.4761904761905,210,240,240,226,240,160
9,307.3076923076923,0.7927631578947368,[130.54997],564.4366197183099,202,240,226,229,159,160
10,299.3013698630137,1.0631538796861377,[99.89362],540.6037735849056,197,226,214,204,154,152
11,314.8636363636364,1.0699286442405709,[114.50829],498.03921568627453,182,200,201,117,132,149
0,313.9021739130435,19.104208314111435,[90.80383],478.01408450704224,152,186,220,119,132,120
1,300.875,16.072009291521486,[95.613525],490.0657894736842,136,176,212,108,116,113
2,313.0,13.17465940054496,[95.91797],582.8167938931298,124,165,139,94,110,102
3,294.44198895027625,11.018624833110811,[69.20568],556.083916083916,133,166,145,105,105,95
4,327.7046979865772,8.662564251067835,107.25083,566.3082706766917,136,126,145,119,107,94
5,376.6045081967213,6.719760566464706,[98.82846],615.3299232736573,133,127,138,119,108,96
6,1323.5557251908397,4.80276134122288,[105.95947],636.6800947867299,131,181,177,174,196,155
7,1736.2821428571428,1.5908569085690858,[80.60645],563.4144736842105,196,226,221,232,240,240
8,508.31410256410254,1.1246877129230068,[100.14098],577.9765625,203,232,224,236,240,160
9,355.5154639175258,1.0674382716049382,[78.19387],639.6410256410256,199,238,226,232,160,160
10,304.1358024691358,1.0474607672188316,[111.90855],634.8550724637681,184,224,224,217,145,153
11,329.2535211267606,1.380145698427382,[85.90048],634.9629629629629,166,209,228,195,148,135
0,294.8809523809524,19.110516091772983,[78.38816],441.09589041095893,159,198,193,108,112,137
1,253.58666666666667,16.38462421113024,[73.99442],441.78688524590166,148,190,174,95,91,132
2,281.0763888888889,12.521114106019764,[72.722595],493.5,144,171,143,90,81,113
3,290.9874213836478,10.076939970717424,[94.945274],536.2868217054264,147,166,93,84,75,118
4,267.7243243243243,8.439235966302444,[71.526955],516.1005917159763,158,103,95,76,75,124
5,332.6286307053942,5.180096258344977,112.96625,551.5792079207921,160,130,102,83,75,128
6,1238.515197568389,6.3140554875560975,[95.96682],574.8482587064676,233,202,161,144,118,174
7,1384.6382978723404,2.2015728824964254,[79.43006],516.1286549707602,194,240,220,215,235,217
8,447.5586206896552,1.2308225319964132,[103.38944],497.66101694915255,202,240,237,219,233,232
9,310.47474747474746,1.1137254901960785,[83.91763],442.46153846153845,202,234,238,221,228,152
10,270.925,1.4013869356481257,[78.09998],542.952380952381,184,239,219,205,219,147
11,293.4074074074074,1.445976599808978,[91.72257],508.6212121212121,172,210,203,183,133,146
0,276.7792207792208,17.73918221516475,[89.66282],411.2307692307692,152,164,165,178,130,127
1,243.65555555555557,13.819183850393214,[67.555046],454.421686746988,145,144,146,111,110,113
2,288.50344827586207,10.181298217611065,[80.79403],467.8333333333333,137,138,140,89,99,113
3,272.68387096774194,8.099775112443776,[98.8374],534.4592592592593,140,130,97,89,101,110
4,264.36898395721926,6.467777777777777,[77.000305],478.1949685534591,134,126,99,89,111,116
5,268.2028112449799,4.600485436893205,[89.979034],503.0073170731707,134,146,97,106,116,122
6,916.7722602739726,3.8055428426137814,[66.89377],486.69444444444446,188,163,170,169,188,157
7,1808.422077922078,2.0711680190575454,[87.84415],504.32236842105266,269,222,225,237,240,221
8,390.44897959183675,1.7007640412907423,[94.307434],434.4590163934426,192,226,229,240,240,240
9,312.970297029703,1.6445832312841866,[62.080647],425.4691358024691,192,227,226,239,240,237
10,269.63529411764705,1.820921472037091,[83.72233],452.9848484848485,182,212,209,221,234,160
11,239.0943396226415,2.4222708122233483,[61.766277],496.1,169,182,188,195,220,149
0,305.9438202247191,18.872886523643217,[87.64738],576.1139240506329,163,161,183,112,116,124
1,273.41975308641975,15.002487109493474,[82.60858],494.94520547945206,154,156,153,112,102,108
2,266.3258426966292,11.449660823426692,102.967476,520.0,146,139,138,99,91,96
3,287.01935483870966,8.339208633093525,[88.181404],507.0234375,145,159,92,91,91,117
4,302.125,7.824999999999999,[96.12406],501.3529411764706,143,175,96,92,99,115
5,297.5121951219512,7.243630816170862,[89.88962],544.9702517162472,157,127,100,93,98,115
6,1702.1134644478063,6.054258538694336,[92.281975],528.9301075268817,183,190,174,154,144,183
7,1695.0268456375838,2.0583041812427125,[78.92797],518.5722543352601,204,213,204,240,233,240
8,390.7835820895522,1.8833735386899235,[75.220894],556.7586206896551,203,211,214,240,240,160
9,359.35714285714283,2.047776413936361,[92.54183],527.6875,200,209,213,229,235,160
10,352.5762711864407,2.153636363636364,[109.89571],494.0833333333333,193,199,204,205,147,152
11,294.0923076923077,2.569164989939638,[85.05767],475.5740740740741,175,180,191,179,127,142
0,259.22727272727275,17.638636363636362,[102.21674],483.48,187,164,184,181,119,125
1,251.7391304347826,14.426777758491003,[97.222694],501.46153846153845,170,149,170,100,114,120
2,295.1384615384615,10.714610537257196,[65.450356],494.74528301886795,141,145,145,85,105,112
3,286.121546961326,9.038673621460507,[97.2512],550.3013698630137,139,142,94,76,103,117
4,263.82,7.551418439716312,[68.08277],514.1451612903226,140,160,93,70,90,152
5,270.3744680851064,5.508975632113667,[86.58022],556.42,146,109,102,80,94,158
6,1151.921850079745,6.440059914260628,[76.82898],504.7578692493947,212,187,157,113,130,220
7,1765.198113207547,2.374733520934595,[82.89976],491.5748502994012,208,210,215,228,202,240
8,424.7671232876712,1.4985966650156843,[73.86618],494.272,209,219,231,239,208,240
9,253.37142857142857,1.3104364326375713,108.69642,507.5869565217391,209,221,233,215,202,160
10,249.90322580645162,1.1650408907281504,[89.70229],472.4342105263158,190,211,231,209,200,153
11,291.14666666666665,1.4299684159378037,[57.018032],491.39344262295083,194,185,197,190,125,138
0,302.9396551724138,18.693040293040294,104.92328,539.1818181818181,159,192,191,126,116,126
1,313.0112359550562,15.866752563483114,[77.76111],552.0128205128206,168,191,176,126,104,122
2,271.04347826086956,13.057905138339919,[118.650154],588.3129770992366,158,176,106,112,95,112
3,277.9166666666667,10.516368286445013,[84.406395],570.0357142857143,157,180,110,113,104,118
4,289.29333333333335,7.287866885667357,[114.04186],556.781954887218,167,134,100,108,104,124
5,295.69155206286837,5.446973504703094,[83.46029],598.8970588235294,170,132,101,102,98,130
6,1432.5286821705427,3.0859738065061264,[63.172604],593.502688172043,174,192,181,160,170,175
7,2216.18,1.323643676584853,[110.97297],529.6714285714286,200,222,240,238,232,155
8,572.5263157894736,1.0999550965424336,[103.316],561.8195488721805,202,228,240,240,240,160
9,355.42105263157896,1.3558046683046683,[76.974335],517.8227848101266,198,232,234,240,160,157
10,289.65,1.547813315926893,[81.47437],571.8507462686567,182,224,222,220,141,160
11,296.14606741573033,1.2534559512652297,110.64795557657878,477.80281690140845,175,204,209,202,132,145
0,293.2352941176471,16.43350535926955,[65.20212],455.5147058823529,145,175,171,183,123,119
1,272.5744680851064,13.076409253828608,[69.31229],493.7260273972603,133,152,158,167,112,115
2,251.06766917293234,10.374542124542126,[88.77481],461.12931034482756,125,139,145,97,112,110
3,257.195530726257,7.585149313962872,[87.190895],462.5810810810811,126,139,129,101,104,109
4,253.54285714285714,5.847835497835498,[68.62914],469.06962025316454,129,135,100,112,104,113
5,248.00836820083683,4.27032967032967,103.96114,476.2109181141439,137,139,99,115,112,126
6,786.187898089172,3.0674763832658565,[79.591675],462.4968017057569,205,145,131,174,171,188
7,1309.208609271523,1.7061064467211606,[49.174686],431.72777777777776,281,228,207,227,240,240
8,252.53383458646616,0.9931617706563083,[56.346607],447.56140350877195,208,228,219,238,240,240
9,269.3707865168539,0.8780284043441938,[98.01804],407.2535211267606,205,220,209,233,233,230
10,256.3478260869565,0.6038681230584227,[72.56736],421.5081967213115,187,216,202,223,204,142
11,245.98666666666668,0.4489885422948304,[60.1472],453.84375,172,189,192,197,196,127
0,232.85148514851485,17.675839817802235,[95.265175],436.0674157303371,158,188,185,186,118,123
1,261.63013698630135,14.53968253968254,[60.761707],500.48387096774195,150,178,174,101,98,118
2,277.6283783783784,11.641321044546851,119.36831,530.4583333333334,132,161,166,86,86,113
3,261.2922077922078,7.325595238095239,[74.53844],491.73943661971833,136,157,107,80,87,105
4,255.26618705035972,4.928654970760234,[78.54934],463.55,131,157,115,81,93,107
5,258.00790513833994,3.788563049853372,[83.410545],503.9095238095238,126,150,115,88,95,108
6,955.3882544861337,2.9901873327386266,[76.17383],507.5197215777262,206,179,170,130,149,169
7,1848.8566978193146,2.226879574184963,[77.990555],430.8474576271187,199,221,237,201,238,240
8,325.8375,1.3083900226757368,[76.55029],493.7674418604651,199,231,240,223,239,240
9,276.88349514563106,1.3272693692861761,[73.5841],508.2,189,234,239,225,232,155
10,291.8829787234043,1.2842735125223184,[98.84443],474.2063492063492,184,223,221,220,222,149
11,287.4583333333333,1.3657473734479466,[42.27646],380.44827586206895,174,214,197,200,128,134
0,235.43,17.409406191845708,[63.668854],408.9764705882353,169,187,173,185,184,130
1,257.2261904761905,14.7215970782746,[65.66761],425.60526315789474,163,178,163,168,129,120
2,253.4140625,10.188995215311005,[83.10466],441.72727272727275,151,157,141,155,120,112
3,263.9655172413793,7.389293924466338,[78.13087],431.576,135,137,135,91,123,104
4,244.09826589595374,5.737859500235738,[56.27663],431.8724832214765,136,134,133,88,113,103
5,259.0509554140127,3.487878787878788,[89.770355],494.97310513447434,121,128,91,90,120,110
6,806.4708392603129,3.575374625374626,[48.562855],456.2072434607646,175,180,132,157,175,182
7,1561.8512658227849,1.7562912924059086,[26.344704],419.3777777777778,276,215,222,228,237,240
8,603.1524390243902,1.4611516626115164,[62.634277],422.6928571428571,199,216,236,239,240,240
9,328.2549019607843,1.3773861967694567,[78.684204],476.0681818181818,200,218,231,233,240,240
10,275.18888888888887,1.5906723371720746,[90.43832],427.18918918918916,197,209,219,217,237,152
11,260.741935483871,1.6813896290223405,[61.01521],451.4035087719298,183,202,203,199,212,149
0,237.46236559139786,17.26665279800291,[69.666466],364.83116883116884,158,184,189,183,198,133
1,291.25773195876286,14.467843057943169,58.10646,499.68674698795184,139,168,172,178,115,127
2,248.96987951807228,12.035745807590471,[85.40655],441.13235294117646,117,146,162,158,115,126
3,258.5,9.429062346588122,[79.370575],417.15646258503403,121,152,169,99,113,122
4,252.95876288659792,7.325747998314368,[68.845116],460.8695652173913,115,170,160,103,117,126
5,260.27272727272725,5.033053040103493,[86.82966],419.3068181818182,129,178,107,97,131,131
6,1075.9796215429403,3.80171821305842,[52.093185],403.47483588621446,203,267,154,170,189,181
7,1423.7120253164558,1.2892167657637816,32.500084,374.82758620689657,283,228,226,217,240,240
8,313.96932515337426,0.9455659697188173,[44.787518],407.7153284671533,288,239,236,217,240,240
9,231.84158415841586,1.067547723935389,[74.55567],435.3258426966292,204,238,238,217,235,230
10,256.11538461538464,1.4155866597546227,[39.43099],380.328125,193,222,231,209,228,203
11,267.0731707317073,1.1832817337461299,50.089886,436.43283582089555,181,213,207,194,206,139
0,244.9418604651163,18.205276964988396,[45.464146],401.49295774647885,139,176,175,155,134,122
1,274.5514018691589,14.570188761119546,[97.36788],510.5730337078652,130,165,159,148,127,109
2,251.05797101449275,11.67984634744023,[88.922035],491.10169491525426,121,157,139,91,117,94
3,265.1317365269461,8.028652138821629,[71.00087],509.8796992481203,123,142,132,92,120,99
4,245.3090909090909,7.645029239766081,[95.88279],524.390977443609,135,139,93,92,128,97
5,292.24007936507934,6.33081232492997,[110.52243],492.6485148514852,146,142,100,94,125,107
6,1060.0048387096774,5.229744273048737,[76.57752],450.05164319248826,229,118,140,163,186,191
7,1576.1410256410256,2.609236537150647,[69.91598],455.0571428571429,200,202,221,209,232,240
8,480.33098591549293,1.747959353656505,[67.1665],488.19354838709677,203,212,227,215,237,240
9,283.65555555555557,2.1621816027756626,[73.1384],490.2564102564103,188,209,229,211,239,237
10,249.07042253521126,2.499038169484661,[93.41616],481.6949152542373,171,199,218,201,226,147
11,268.3255813953488,2.5635245901639343,[54.76771],433.4266666666667,154,179,190,175,141,137
0,263.84090909090907,16.58562730469085,[48.087673],397.64285714285717,149,182,193,180,190,120
1,221.3,14.277243293246995,[73.074066],479.7142857142857,123,174,189,172,170,112
2,238.89261744966444,11.070161957678213,[76.81896],429.21374045801525,104,137,176,149,100,103
3,262.0,7.620140739222517,[66.54667],413.68148148148146,112,119,158,110,96,102
4,232.64197530864197,5.061457061457061,[67.819115],439.54814814814813,125,112,153,118,99,95
5,243.7881188118812,2.5645427286356823,[71.163765],435.45727482678984,127,130,105,115,99,91
6,499.48037676609107,2.276653883029722,[55.873287],405.73809523809524,204,222,172,171,134,140
7,1625.6174496644296,1.0846298135275294,45.50406,374.6685393258427,281,240,227,235,229,219
8,667.2790697674419,0.7814992025518341,[41.00195],337.0916030534351,285,240,240,240,240,240
9,261.87,1.0304043298312637,[64.14933],378.57142857142856,201,235,240,240,240,240
10,231.86301369863014,1.202239121250528,[52.377903],334.8666666666667,186,220,231,223,222,233
11,247.421875,1.061165399927615,[64.33355],474.7173913043478,176,216,216,200,205,215
0,244.2421052631579,16.91628812459442,[68.63794],415.18666666666667,162,182,177,185,191,108
1,255.86666666666667,13.294162863319718,[79.32447],437.8625,157,162,153,171,168,94
2,264.23770491803276,10.389368654452095,[46.02915],374.3301886792453,141,147,138,153,107,93
3,256.5086705202312,8.961215415019762,[59.789154],431.93288590604027,143,132,121,147,105,88
4,234.1317365269461,5.093861822185522,[87.14724],431.5810810810811,150,135,115,91,107,94
5,254.1301775147929,3.955228823100866,[90.84186],402.18095238095236,161,130,113,94,116,105
6,353.2539184952978,2.6151162790697673,[40.392826],374.69532710280373,190,212,133,149,188,160
7,1487.9934426229509,1.7026385224274403,[21.46425],370.35260115606934,273,320,208,237,240,238
8,318.59859154929575,1.2391038989014147,43.03882,365.35483870967744,277,240,229,240,240,240
9,246.6304347826087,1.0727478877875716,[73.22369],348.61038961038963,273,236,232,237,232,229
10,235.34567901234567,1.1724330837421464,[38.465263],388.35820895522386,190,226,218,228,224,205
11,213.74193548387098,1.15969868173258,[29.208933],387.8627450980392,180,197,194,207,209,193
0,252.29245283018867,15.99527508972786,[62.065983],411.65909090909093,150,180,170,171,174,112
1,275.30120481927713,12.490985120017376,[66.513145],467.8030303030303,137,157,166,161,106,110
2,262.54088050314465,10.267649903288204,[80.65449],470.96153846153845,125,128,157,151,92,99
3,250.3025641025641,8.0719395054159,[78.399956],445.7125748502994,124,122,161,94,98,100
4,257.55479452054794,5.444897959183674,[87.11277],474.0165289256198,123,127,171,102,105,107
5,251.93939393939394,3.8781609195402296,[107.090416],426.21596244131456,123,133,128,94,107,111
6,574.1722319859402,4.144325657894737,[50.609207],371.8590308370044,187,150,184,140,166,197
7,863.4555160142348,1.4633598922679834,[34.46131],382.9230769230769,273,224,224,225,221,240
8,309.18954248366015,1.2175657438815333,[54.49226],363.3383458646617,278,240,234,222,229,240
9,280.82978723404256,1.133587161221649,[41.667973],393.4155844155844,194,240,235,221,236,231
10,273.85714285714283,1.3456158755135939,55.061214,367.05797101449275,189,234,219,202,209,218
11,245.17460317460316,1.7778849244615875,[57.775654],391.45283018867923,170,209,194,192,199,134
0,262.6144578313253,16.191268378220407,[77.12077],417.37142857142857,161,186,177,175,159,109
1,221.98863636363637,13.465120772946857,[51.426533],356.3529411764706,150,169,167,161,149,104
2,263.9555555555556,11.703049853372436,47.69013,354.4782608695652,143,152,152,141,95,92
3,252.84868421052633,8.858424242424244,[40.636234],446.54545454545456,153,142,145,135,93,82
4,252.64117647058825,6.810144028667908,[58.99503],385.13286713286715,143,133,150,93,92,80
5,240.25099601593627,4.380554450192333,77.181435,435.5439429928741,146,141,140,95,103,93
6,576.0248447204968,3.037068114511352,[56.96229],424.41078838174275,205,221,135,147,145,160
7,1185.1490066225165,2.3669590643274856,[48.73834],379.29100529100526,271,222,221,224,199,231
8,245.06289308176102,1.3711427415498914,[62.2633],359.0458015267176,276,234,230,230,223,238
9,243.8859649122807,1.1932078590480484,[62.772335],388.79347826086956,275,225,224,232,221,224
10,240.80281690140845,1.247699929228592,[40.108868],377.53225806451616,184,217,212,221,212,210
11,248.5625,1.1927763272410792,[51.795345],417.9807692307692,169,199,200,194,191,196
0,288.2888888888889,15.003927068723705,[94.120705],493.5128205128205,156,152,175,163,172,112
1,264.231884057971,12.965357458075903,[60.8634],377.06779661016947,152,133,169,153,102,115
2,265.0833333333333,10.473040752351098,64.15992,417.5609756097561,127,121,151,135,87,104
3,273.15432098765433,7.5199391803165385,[65.872765],392.9851851851852,134,112,144,104,92,103
4,270.005,4.961741961741962,[86.37665],436.5739644970414,143,123,134,101,87,114
5,258.02904564315355,4.0318953323903814,[59.055374],425.19239904988126,147,137,100,105,100,118
6,932.9760479041917,2.960215557638238,[55.407776],403.67785234899327,221,216,148,152,156,174
7,1631.1324921135647,1.9329323308270672,[45.908756],430.62359550561797,283,203,221,226,227,240
8,378.21527777777777,1.1991197505960025,[44.38855],404.575,289,209,233,231,233,240
9,248.1627906976744,1.314420803782506,[50.967594],403.6142857142857,207,204,227,215,225,238
10,257.463768115942,1.178204778777142,[88.55543],472.64150943396226,196,189,205,195,216,222
11,269.9866666666667,0.8372549019607843,[43.20073],444.0952380952381,181,164,186,178,189,122
0,243.3186813186813,17.469537312003066,[58.494976],442.59493670886076,148,185,196,175,120,125
1,269.247311827957,14.793383781572759,[79.5436],413.70512820512823,134,165,189,171,109,121
2,253.9928057553957,12.118273577311287,[64.944626],406.2173913043478,129,150,174,99,100,117
3,241.41860465116278,9.781971441152416,[60.234814],465.2112676056338,123,150,170,95,101,118
4,266.05056179775283,6.996327254305978,[81.18184],474.73202614379085,126,147,167,102,95,115
5,257.3376623376623,5.094350282485875,[106.944305],469.3936170212766,130,141,120,91,109,117
6,604.7722473604827,3.900779727095517,[67.74279],457.7396449704142,210,184,158,151,161,162
7,1515.416403785489,1.443374393430384,[26.036743],424.51724137931035,288,214,215,237,233,223
8,487.7162162162162,0.9013919236060534,[63.141647],493.992,211,231,217,240,240,234
9,265.8510638297872,1.1114790286975718,[70.150314],469.23376623376623,205,240,218,236,233,227
10,252.0142857142857,1.2228252897168843,[69.15188],413.20754716981133,190,224,213,214,217,145
11,264.06060606060606,1.3706629657307567,[85.226875],445.6521739130435,166,203,203,197,196,137
0,275.9569892473118,17.416178416178415,[53.531326],477.4415584415584,152,186,181,186,126,131
1,247.3846153846154,14.271449023417528,[85.74244],460.6164383561644,149,172,158,175,113,122
2,282.18518518518516,13.07834496266373,[96.21598],473.3125,144,154,150,118,95,117
3,260.0693641618497,9.64938556067588,[85.81671],519.9097222222222,139,147,151,114,82,111
4,248.52542372881356,7.0606648199445985,[84.00852],449.6040268456376,147,140,101,112,103,119
5,277.476386036961,5.12905138339921,[91.071686],492.7,152,149,107,106,124,121
6,495.41623488773746,3.9981424148606806,[72.55935],477.4759825327511,229,152,138,138,197,166
7,1696.40059347181,2.31893837156995,[78.79625],465.80232558139534,267,233,215,209,240,240
8,364.3,1.662280701754386,[60.645493],478.9916666666667,193,240,223,232,240,240
9,273.90425531914894,1.685809868971285,[80.48522],496.59493670886076,194,238,216,233,225,160
10,265.7721518987342,1.4414228002758893,[78.85054],475.77142857142854,181,221,210,216,214,152
11,268.6060606060606,1.230673168411037,[58.679413],494.71666666666664,169,204,202,204,132,140
0,249.87209302325581,18.61088911088911,[90.19596],467.2236842105263,165,186,203,183,126,138
1,265.4888888888889,14.886166007905135,[75.61341],447.9583333333333,147,177,184,167,115,130
2,247.68939393939394,11.682056853159512,[92.200966],530.9532710280374,138,146,165,114,112,114
3,279.54285714285714,8.983029381965553,[95.14533],520.2377622377622,153,132,146,114,105,102
4,272.42857142857144,6.847252747252746,[77.234566],516.4342105263158,160,142,84,115,122,105
5,262.2680608365019,4.684,[130.31227],513.1057471264368,161,141,97,116,123,112
6,1463.4452449567723,3.3437808003153946,[62.70991],462.65365853658534,203,162,150,186,183,184
7,1576.930463576159,1.1106194690265487,[47.58461],449.41358024691357,204,227,232,225,228,240
8,298.8490566037736,0.948705579675189,[66.06538],502.6296296296296,206,237,240,237,222,240
9,298.3068181818182,0.903991271933812,[97.02781],520.3157894736842,205,234,232,235,229,159
10,242.72115384615384,1.0940013567206126,[58.44166],436.8314606741573,182,223,221,223,212,153
11,253.44594594594594,1.180605786618445,[53.89807],488.031746031746,181,216,215,209,142,143
0,267.55172413793105,17.558929588157145,[74.66058],390.3939393939394,165,167,205,193,115,113
1,258.9357798165138,14.291407222914074,[69.9499],420.5652173913044,163,153,185,168,107,100
2,270.9801324503311,11.126646403242148,[47.798035],504.6774193548387,154,137,161,99,106,95
3,261.5187165775401,7.378120978120978,[83.91099],534.1788079470199,132,145,163,98,100,102
4,293.9235294117647,4.93581560283688,[59.194958],484.6788321167883,139,133,123,110,106,94
5,261.5328031809145,3.8755148741418757,[108.568665],557.5954022988506,163,100,114,112,97,104
6,1151.1836393989984,3.74557292951216,[80.64975],507.9832134292566,256,154,172,160,154,171
7,1405.2430555555557,1.2991957984572458,[94.126625],474.4555555555556,202,219,235,232,226,240
8,513.3048780487804,1.2338949057360609,47.61591,412.0735294117647,199,226,240,240,240,240
9,323.1140350877193,0.8691107895159992,[90.15359],458.09638554216866,204,234,237,235,237,235
10,286.640625,0.8358984043055424,105.09921,451.1875,194,222,231,230,219,150
11,276.4078947368421,1.1071175637393769,[65.88383],437.78125,174,193,222,217,124,129
0,249.50617283950618,16.24006344467251,[80.72541],415.3,148,189,161,157,188,89
1,203.9764705882353,14.186352301065517,[55.583954],427.75714285714287,144,172,136,145,117,88
2,255.15483870967742,12.178248760274437,[83.71101],482.8181818181818,133,157,128,93,107,83
3,259.9793103448276,8.726041044032673,[57.93509],455.4032258064516,130,155,134,102,113,83
4,244.59428571428572,6.046153846153846,[77.11971],467.64285714285717,135,159,92,97,114,79
5,262.832,4.398591549295775,[89.76035],459.3308080808081,152,171,94,99,111,83
6,953.9177631578947,4.296574770258981,[71.83168],448.8458049886621,238,177,143,137,163,150
7,1380.8235294117646,2.6199425837320574,[66.71076],378.15384615384613,283,229,209,220,237,197
8,321.79194630872485,2.1787878787878787,[79.13522],385.4651162790698,212,235,213,223,240,197
9,275.94117647058823,2.3042655658754727,[80.62016],414.35897435897436,208,238,209,215,232,190
10,277.72,2.4305185488829677,[49.356445],464.5245901639344,201,227,203,199,218,100
11,217.27868852459017,2.615550266349314,60.20221,505.98,176,215,185,173,202,87
0,256.08641975308643,18.198238933841033,[86.28658],423.75384615384615,146,180,178,188,137,126
1,249.4404761904762,13.952105653972632,[55.691174],449.97222222222223,130,159,166,170,122,110
2,260.2554744525547,11.328504359490275,[65.51731],511.36290322580646,113,142,151,101,104,99
3,266.98830409356725,8.033072595032248,[62.4682],506.5103448275862,118,138,133,108,110,87
4,265.2397660818713,6.06294964028777,[82.24705],495.06081081081084,137,141,100,104,112,101
5,258.33535353535353,5.246169630642956,[66.439156],469.56857855361596,156,138,93,116,117,111
6,670.8382352941177,4.905122000403307,[70.54921],445.61453744493394,236,151,150,169,168,170
7,1259.7127371273714,1.2198142414860682,[78.559135],438.5990566037736,284,224,221,215,229,221
8,506.47333333333336,1.0505014039310068,[69.59268],408.10483870967744,202,227,239,240,240,237
9,254.3181818181818,1.0582241630276565,[83.08315],443.5108695652174,202,224,232,239,240,237
10,295.69620253164555,1.6481301129723411,[58.041275],430.2083333333333,184,202,220,227,230,145
11,251.21052631578948,1.783583646224447,[66.139015],470.8474576271187,169,197,197,209,215,141
0,236.609756097561,18.73552387462162,[93.200775],466.8888888888889,154,191,166,166,127,127
1,257.2110091743119,14.567336025319218,[58.46091],479.21276595744683,140,177,151,141,112,112
2,266.7798742138365,12.143964562569213,[98.012474],478.6099290780142,135,168,137,86,111,94
3,274.8524590163934,9.586140147115756,[75.312996],491.8164556962025,137,168,140,86,108,99
4,269.90410958904107,7.361605937921728,[76.837135],463.0650406504065,149,170,102,90,120,110
5,270.22346368715085,5.40101763907734,[98.983765],505.25279642058166,141,176,96,89,123,112
6,1656.7954887218045,4.218447296845922,[66.474754],457.7275064267352,208,181,155,184,170,205
7,2129.089136490251,2.377298220852059,[63.636707],434.9268292682927,274,231,199,240,233,240
8,542.8150684931506,2.087583148558758,[72.25304],472.8818181818182,195,232,206,240,240,240
9,258.2710280373832,2.332790717088238,71.30965,486.05555555555554,192,228,203,233,235,240
10,264.0243902439024,2.390008058017728,[63.261303],490.1666666666667,180,208,197,208,222,153
11,263.38461538461536,2.5903030962616316,[72.74954],393.8059701492537,166,208,174,183,207,143
0,250.24137931034483,17.346308918114616,[80.36109],474.1081081081081,145,201,171,192,118,120
1,223.19791666666666,14.081987118572489,[100.315895],461.6585365853659,140,174,148,174,109,116
2,234.96598639455783,11.826804915514591,[69.790924],438.1652892561983,142,155,139,106,99,103
3,266.8636363636364,8.28741030658839,[86.61188],456.53793103448277,142,151,131,108,95,103
4,262.5266272189349,5.5541251778093885,[79.8397],502.9931506849315,140,156,88,105,109,105
5,260.32708333333335,3.888555858310627,[86.650826],496.9924623115578,154,157,96,106,112,109
6,966.9821958456973,2.839918788068093,[69.871376],422.4077079107505,204,138,148,168,181,172
7,2034.4469914040114,1.3421052631578945,[53.139805],421.27777777777777,284,225,219,220,240,240
8,350.0314465408805,0.6123179660471476,[51.220596],446.3712121212121,214,229,229,229,240,240
9,280.7070707070707,0.6689276485788114,[90.56321],417.94871794871796,209,233,234,228,238,234
10,217.93589743589743,0.9016077789544623,[61.569866],466.75757575757575,189,223,222,216,220,152
11,262.50847457627117,0.937348026281753,[63.2028],485.7674418604651,172,217,197,210,203,138
0,233.05102040816325,17.653268235195085,[64.80485],385.84615384615387,150,165,189,208,192,129
1,257.97435897435895,15.089935430972638,[68.22947],383.8333333333333,144,142,176,200,105,120
2,254.21656050955414,12.236229287953426,[76.50526],463.8358208955224,137,125,148,193,100,109
3,264.2682926829268,8.424066924066922,[47.372097],415.15972222222223,133,136,144,122,99,106
4,231.80346820809248,6.240424430641823,[100.0514],453.1744966442953,131,144,130,115,103,113
5,251.33333333333334,3.231294964028777,[91.22085],456.9759036144578,132,144,100,100,108,111
6,845.8321167883212,3.1652751423149903,[55.694424],432.6460554371002,196,204,154,153,167,180
7,1746.3387096774193,2.196565882792086,[64.8708],409.73372781065086,271,222,210,237,230,240
8,964.3260869565217,1.8145398412231701,[60.508144],451.78740157480314,274,221,217,240,240,240
9,308.5904761904762,1.9167490933069569,[48.869205],433.1764705882353,197,217,214,240,240,240
10,258.1333333333333,1.605322274062554,[58.76646],435.8032786885246,183,211,210,229,231,222
11,258.7846153846154,1.5086874607494243,[75.56655],498.64406779661016,168,188,200,216,221,131
0,234.91666666666666,17.44558795502191,[71.47027],505.1609195402299,160,190,174,169,139,122
1,266.6222222222222,13.999177293294942,[75.94906],482.1392405063291,151,171,164,149,133,116
2,261.9186991869919,10.85183845690175,[91.88471],486.9724770642202,145,164,159,106,114,102
3,246.26415094339623,9.180578898225956,[78.40649],463.1374045801527,143,146,171,101,104,100
4,262.0828729281768,7.407042253521126,[100.73748],492.86451612903227,143,151,120,104,98,94
5,263.04046242774564,5.481081081081081,[86.63519],457.52134831460677,145,158,123,123,101,90
6,1465.6687022900762,4.807575012297098,[83.22367],445.6,220,182,187,187,153,141
7,1170.361963190184,1.6208716633991862,[44.00522],409.2211055276382,282,216,222,228,230,218
8,363.4611111111111,0.9107128342680646,[58.577454],442.4109589041096,208,226,224,236,240,233
9,272.9911504424779,0.9171769124010122,62.76407,446.1011235955056,208,222,218,239,240,234
10,265.21794871794873,1.0314434984520124,[66.72771],530.4285714285714,199,216,214,219,222,146
11,274.26229508196724,0.983918747355057,[69.97043],564.4629629629629,172,207,196,199,203,135
0,223.9125,17.274084124830395,[48.860672],460.85915492957747,143,179,185,172,127,132
1,294.55555555555554,13.237891429190597,[81.041855],496.359375,129,164,161,156,108,121
2,245.04761904761904,11.838371863268131,[89.65327],460.5725806451613,113,146,153,102,103,106
3,257.0068493150685,8.220114601857338,[91.62058],497.576,121,150,143,96,105,108
4,275.0860927152318,5.575739644970415,[77.758995],465.890625,130,151,107,94,98,96
5,263.3125,4.223976608187134,[88.558655],478.375,141,156,110,92,98,87
6,792.8188976377953,3.2898231277888286,[58.20905],473.4927234927235,219,163,162,137,153,145
7,1416.198051948052,1.3687916975537437,[37.70691],454.859649122807,285,212,226,228,229,240
8,775.3515151515152,1.0032299741602067,[66.325874],440.38759689922483,206,220,236,234,240,240
9,282.3265306122449,1.002885475087377,[82.64823],420.1604938271605,196,228,235,232,240,236
10,263.74285714285713,1.0504479937670432,[72.75066],389.1694915254237,183,208,228,217,224,148
11,247.54929577464787,1.132286877014957,[62.31175],536.578947368421,167,195,200,196,210,145
0,255.85714285714286,17.24715785819665,[47.07993],395.4927536231884,147,176,180,181,185,133
1,250.7608695652174,14.567544604927784,[69.96507],422.86746987951807,140,160,168,161,114,113
2,248.8581081081081,10.128345713948827,[60.293262],444.21367521367523,129,147,155,136,98,106
3,253.3227848101266,7.522583282239935,[103.72022],435.4887218045113,126,135,151,89,85,113
4,241.7891156462585,5.398591647493552,[74.91401],441.3488372093023,136,123,149,88,84,103
5,260.0397489539749,3.255772230889236,[80.54905],420.21078431372547,139,117,108,87,80,110
6,560.1495726495726,2.588314944834503,[61.524258],415.2328767123288,218,189,146,157,136,151
7,1393.9101796407185,2.405895949376682,[47.377598],378.1105527638191,269,228,223,211,221,237
8,274.02962962962965,1.8636313968311786,[39.177963],379.45454545454544,267,240,236,232,230,240
9,310.14814814814815,2.255774742876412,[54.960896],370.8688524590164,177,232,228,222,230,229
10,217.90361445783134,2.1454767726161372,[75.95182],413.8181818181818,164,206,200,210,217,230
11,265.0,1.944193061840121,[55.797565],406.9655172413793,162,185,195,196,204,150
0,225.55421686746988,15.988636363636363,[74.79599],409.14102564102564,143,176,169,170,107,115
1,264.4047619047619,12.622326203208555,67.71885,424.6617647058824,126,158,158,158,103,113
2,276.1818181818182,10.393048128342246,[36.962646],406.81451612903226,127,142,143,151,89,96
3,236.75690607734808,7.479105928085521,[87.339806],426.5822784810127,140,141,137,92,87,89
4,251.57065217391303,4.610927044760606,72.876976,453.1554054054054,148,152,137,90,108,98
5,247.11111111111111,4.191620111731844,[96.77616],458.8602941176471,160,171,105,85,102,93
6,768.890499194847,3.4615384615384617,[75.11324],418.46563192904654,235,243,140,123,148,151
7,1228.046822742475,1.8206067933653232,[62.06036],401.6149732620321,275,225,222,221,225,225
8,273.7806451612903,1.10511634735374,[75.69675],366.72727272727275,281,232,231,230,228,232
9,257.3695652173913,1.2900584795321637,43.508316,360.27272727272725,197,231,220,228,217,237
10,270.55263157894734,1.1317073170731708,[61.541718],381.135593220339,191,206,202,217,202,212
11,269.4507042253521,1.1512765718141942,[54.24028],445.2037037037037,162,190,190,200,181,123
0,244.87755102040816,16.476266453929,[21.150106],437.30864197530866,141,178,173,191,174,124
1,262.6470588235294,14.664772727272725,[75.7685],476.14285714285717,137,161,163,172,112,119
2,262.8943661971831,11.000418110142157,[90.21957],439.1949152542373,117,135,143,164,94,108
3,245.04918032786884,8.767218475372983,[75.65521],489.2670807453416,128,132,129,109,98,103
4,239.81460674157304,5.6498710448512295,[110.40963],461.63013698630135,137,132,142,119,111,116
5,259.4786150712831,4.965753424657534,[91.89142],420.4481132075472,149,126,102,109,120,124
6,1029.3568281938326,3.100738007380074,41.267063,407.95824175824174,208,200,155,174,173,174
7,1274.5551724137931,1.5578947368421052,[42.217136],384.14723926380367,275,223,229,232,226,240
8,420.4021164021164,1.3896782205339857,40.385284,383.5810810810811,277,223,233,240,228,240
9,291.53465346534654,1.390358396603804,[69.666885],457.82758620689657,197,225,229,240,230,240
10,280.61538461538464,1.446143358005454,[68.85172],466.968253968254,191,223,211,225,204,154
11,247.90540540540542,1.739734137021689,[47.452076],442.95238095238096,167,209,186,212,186,133
0,247.3734939759036,16.489497795833692,[83.83907],415.231884057971,156,179,187,180,177,127
1,269.91954022988506,13.943568155174251,[80.855675],413.6666666666667,151,160,166,151,109,116
2,259.2121212121212,10.210337527931317,[71.28855],461.9645390070922,149,139,140,146,91,108
3,233.53886010362694,8.191519895629485,[77.02285],447.48837209302326,149,155,142,111,71,102
4,239.71241830065358,5.573252814996541,[91.26078],450.888,157,152,144,117,87,100
5,270.877094972067,3.8294765840220393,[66.049255],407.1670190274841,151,152,109,125,91,98
6,935.3685064935065,3.2036435469710267,[49.466705],397.3161434977578,222,257,186,181,158,135
7,2213.030959752322,1.1963103635377101,[37.330578],341.171974522293,285,213,240,240,240,237
8,372.09615384615387,1.0512645249487353,[42.90413],396.46031746031747,285,218,240,240,240,240
9,253.69444444444446,1.0533333333333332,[61.26445],449.31182795698925,203,214,229,239,229,236
10,266.5287356321839,1.6176266180175487,[47.96626],381.6029411764706,191,201,228,228,218,213
11,242.45762711864407,1.2884250474383303,[56.710835],504.0,169,191,200,210,204,142
0,260.746835443038,17.15888798701299,[80.43307],438.1363636363636,161,151,174,161,132,117
1,243.48314606741573,13.63061499903605,[77.49435],456.5138888888889,138,139,154,92,116,102
2,271.4113475177305,10.652236652236653,[81.758575],500.495867768595,125,128,139,93,106,102
3,251.88571428571427,7.93039816232772,[72.183716],527.2820512820513,130,139,84,98,101,101
4,227.08609271523179,5.966465256797583,[96.33804],544.9,138,123,93,98,108,102
5,265.5483870967742,3.4548265460030163,[96.26776],520.1005025125628,148,115,89,91,111,109
6,1426.132743362832,4.777499866957585,[84.114555],509.8711217183771,214,135,138,133,167,202
7,1590.4907063197027,2.3270279481935923,[86.74236],481.35185185185185,200,209,216,213,226,240
8,273.32,1.6891891891891893,109.14904,444.8333333333333,202,213,223,220,234,240
9,253.4891304347826,1.7528825483681842,[77.7574],455.8625,192,203,223,205,230,151
10,260.775,1.8798542425819884,[75.75422],498.67692307692306,183,186,213,187,216,145
11,272.5211267605634,1.8765151515151515,[56.1281],502.171875,176,165,192,182,140,135
0,234.5151515151515,16.790263621898244,91.52914,380.55172413793105,149,183,171,194,183,131
1,251.8521739130435,13.354812230658732,[49.001926],427.8529411764706,144,169,168,164,114,127
2,244.69811320754718,9.18,[74.56669],457.53333333333336,136,147,154,156,110,122
3,260.3333333333333,7.674413018675314,[76.6802],471.3712121212121,139,158,147,104,123,122
4,277.73224043715845,5.291316526610643,[83.73643],496.13157894736844,130,158,145,103,124,122
5,257.93859649122805,4.658530183727034,[86.41269],452.74083769633506,144,173,118,96,126,105
6,824.7856049004594,3.1900188323917136,[62.268055],434.80497925311204,213,238,149,135,161,166
7,1232.957654723127,1.9986647379548235,[58.383392],440.9064039408867,272,240,240,226,213,228
8,383.2086330935252,1.2450164921841391,[67.63265],457.675,276,240,240,240,237,235
9,286.2637362637363,1.3818981824163172,[71.30609],418.5189873417722,181,236,237,223,235,239
10,256.4125,1.4852850471407173,[59.65509],408.74242424242425,173,212,212,215,215,234
11,283.2112676056338,1.4384639931922136,[46.254414],423.51666666666665,166,201,189,201,203,146
0,307.6363636363636,17.801136363636363,[98.87183],475.40579710144925,147,169,198,180,144,122
1,279.93589743589746,15.653554175293307,100.30547,475.1014492753623,140,154,175,113,135,111
2,264.0416666666667,11.824837128081134,[81.12198],526.625,121,121,150,101,119,97
3,280.2529411764706,7.741225416036309,[90.36194],592.8129496402878,116,118,106,111,104,106
4,262.319587628866,5.392753623188407,[98.48468],535.4012738853503,132,126,110,118,98,106
5,270.1872427983539,4.41687666498668,110.266846,505.00975609756097,157,100,122,126,111,115
6,1327.6344725111442,3.6036018683488225,[83.30056],500.96192893401013,226,139,199,182,177,170
7,1883.3173076923076,1.7185185185185186,[82.7488],490.2,199,210,227,238,236,240
8,388.3390804597701,1.1339443640456666,[95.5209],484.80575539568343,205,217,240,240,240,240
9,275.9381443298969,1.0365982458557192,[86.6148],523.225,206,217,235,231,234,158
10,250.22666666666666,1.5821199767035525,[79.10432],478.52542372881356,187,198,231,220,228,148
11,258.2837837837838,1.6254725897920606,52.09512,436.5625,163,190,219,200,152,134
0,295.71590909090907,18.985646924711123,115.91886,563.7391304347826,142,200,183,126,134,134
1,300.34444444444443,16.236708860759496,[94.06619],590.4125,132,187,110,112,128,121
2,291.61764705882354,12.929757085020244,[111.71714],605.8,128,173,106,113,111,110
3,300.82208588957053,9.690251453598126,132.80887,646.6350364963504,147,114,104,116,110,106
4,288.66470588235296,7.563578367406118,111.92083,626.1594202898551,160,118,102,130,114,102
5,360.13432835820896,6.014414835592954,111.66086,657.1289473684211,127,119,110,146,114,97
6,1640.2993730407522,5.315167884757971,112.5094,668.1896551724138,169,176,172,193,187,152
7,1620.7777777777778,2.182722364308042,[80.8982],605.1845238095239,205,214,213,240,240,130
8,840.9575757575758,0.8462648863226273,[130.95732],579.2452830188679,210,232,222,240,240,160
9,310.41346153846155,1.027565952184666,[102.032265],676.8227848101266,206,230,222,240,158,157
10,278.27848101265823,1.0760124610591897,[96.80242],554.03125,186,216,212,152,151,153
11,333.8641975308642,1.1800399201596807,[105.395424],610.4677419354839,169,204,198,137,149,145
0,286.4888888888889,18.6843853820598,[83.032394],572.2972972972973,141,194,188,130,124,126
1,276.5806451612903,16.48894472361809,[93.27951],616.9866666666667,140,174,126,121,117,118
2,284.1164383561644,12.891689750692517,[124.86666],677.2276422764228,130,166,121,101,98,106
3,283.6280487804878,9.663467492260063,138.45549,665.6099290780141,147,109,113,96,101,114
4,286.5030303030303,6.836331334665778,[107.2803],620.2846715328467,150,109,118,105,106,123
5,294.7426900584795,5.1218434343434325,[127.1254],616.1746411483253,115,115,123,108,116,127
6,1512.4748858447488,4.559232026143792,[87.00928],651.536443148688,167,165,178,198,178,202
7,1374.443661971831,2.2144889676727155,129.8571,591.0621118012423,189,221,221,234,237,159
8,421.97222222222223,1.538196802970611,[114.014824],565.2882882882883,194,232,234,240,240,159
9,306.7281553398058,1.4438807531380753,[121.12027],608.547619047619,191,224,233,240,158,149
10,323.4431818181818,1.5566202090592334,[77.061226],607.4590163934427,181,218,231,221,156,141
11,299.22352941176473,1.9119649477586789,[103.87554],609.5616438356165,161,208,215,132,144,129
0,246.48837209302326,18.60946059839865,[100.026825],463.46666666666664,159,190,194,125,121,115
1,284.01075268817203,14.557968555593261,[98.00057],568.9864864864865,152,178,185,114,106,107
2,284.45454545454544,11.612250712250713,[113.273254],557.0573770491803,138,155,111,107,102,89
3,282.83233532934133,9.34355300859599,[96.864624],572.8805970149253,148,159,100,100,101,90
4,264.6307692307692,5.687564890983149,[97.96042],598.3712574850299,143,112,97,102,103,102
5,332.78528827037775,4.371345029239766,[92.73071],617.4750593824228,116,118,112,132,110,96
6,1774.755485893417,4.5371402042711235,[102.21644],612.8630573248407,170,183,176,202,172,174
7,1806.8646864686468,2.092884175115638,101.7812,584.0,195,240,213,240,231,140
8,262.34615384615387,0.9957855093256817,[108.48348],558.188679245283,203,240,232,240,240,157
9,326.83505154639175,1.0753475147430498,[104.920105],568.3037974683544,200,228,223,228,160,148
10,319.56470588235294,1.1396017699115044,[76.73848],526.1159420289855,188,213,221,224,148,136
11,320.17105263157896,1.4450084602368864,113.87754,544.2307692307693,169,207,211,140,133,125
0,279.2421052631579,19.43369963369963,[98.69306],608.9230769230769,158,187,198,126,130,111
1,284.48809523809524,16.654198473282445,[96.57953],549.4571428571429,143,175,123,110,126,109
2,276.0551724137931,13.921857923497269,[122.884766],591.0677966101695,130,157,117,104,115,109
3,274.25625,11.071170463472113,[116.253204],587.9071428571428,140,114,114,91,106,105
4,289.32608695652175,6.991456903127382,[105.137695],578.3973509933775,144,116,116,89,113,112
5,315.01720430107525,6.548869786692136,[105.55109],581.8871391076116,121,134,117,95,112,119
6,1262.4899845916796,5.4731688845612885,[102.59357],642.7540540540541,167,201,171,172,143,173
7,2025.2622950819673,1.8765670202507232,[102.90485],600.5269461077844,193,229,240,240,240,139
8,475.68152866242036,1.4812179082965498,[67.806816],606.6864406779661,195,231,240,240,240,160
9,294.5975609756098,1.680921052631579,[114.642296],625.125,189,232,240,239,157,159
10,287.3736263736264,2.0286297440423655,[122.22323],530.7285714285714,173,219,226,227,146,142
11,310.46031746031747,2.065655544320863,[87.05902],645.1538461538462,167,215,210,133,142,122
0,254.0493827160494,18.18072740907386,[75.79203],445.24285714285713,159,176,166,131,131,126
1,282.9047619047619,14.632868757259,[75.40418],519.5466666666666,144,162,150,128,121,115
2,274.3488372093023,12.18469675599436,[83.66122],573.552380952381,145,140,90,116,116,102
3,293.9779005524862,8.635756240822321,[100.993324],605.775641025641,138,130,90,115,114,94
4,267.9759036144578,6.1111282605340325,84.8639,560.8333333333334,160,94,97,113,114,104
5,295.4019801980198,3.937411095305832,[107.72289],583.5532467532468,161,101,103,116,108,114
6,1369.2345679012346,3.915187376725838,[92.6869],565.8656330749354,175,155,153,183,157,191
7,2026.058282208589,1.7797648617320745,[87.61709],544.4645161290323,206,210,211,240,235,240
8,599.5149700598803,1.1982672138622894,[101.80877],562.5275590551181,207,216,227,240,240,160
9,341.47058823529414,0.8596936463337261,[109.24698],481.4835164835165,212,221,226,239,240,160
10,273.2659574468085,1.3535714285714286,[102.65449],477.14285714285717,190,197,207,217,155,154
11,235.7377049180328,0.9881067961165049,[93.24012],580.6938775510204,175,189,190,202,135,139
0,287.13,18.775897602776872,[78.04974],400.8390804597701,154,181,180,109,128,126
1,238.34285714285716,14.689675621182472,[104.95618],574.2459016393443,146,164,162,93,119,119
2,263.96666666666664,11.242203898050974,[84.89388],543.4135338345865,123,140,100,87,107,110
3,241.93333333333334,7.238375558867363,[75.391205],563.4294871794872,126,134,93,96,108,114
4,293.90344827586205,5.820415144212081,[95.835754],537.7704918032787,132,96,108,97,112,132
5,290.04103671706264,4.565290777965322,119.7996,575.2744063324539,142,97,102,104,118,123
6,1316.151001540832,5.150205761316872,[111.82937],562.4630541871921,149,137,149,157,203,177
7,2023.1055555555556,2.527526015441423,[68.606575],508.86875,188,215,219,222,240,240
8,487.16129032258067,1.7703999632639942,[94.4596],524.6953125,193,229,223,236,240,160
9,262.0808080808081,1.952662171588003,[92.36921],569.1898734177215,188,225,222,232,238,160
10,306.65,1.8501666666666667,99.31026840209961,579.0923076923077,188,211,211,208,152,155
11,319.0967741935484,2.4366480038948395,[73.93412],518.52,168,190,200,192,136,141
0,239.78021978021977,18.108177848352526,[87.10192],491.01428571428573,161,195,141,187,111,121
1,249.65217391304347,15.714779175919075,[61.241497],468.61176470588236,152,176,124,102,98,120
2,269.44444444444446,11.465659977481952,[79.98129],519.4,145,159,119,89,97,110
3,266.74857142857144,8.917857142857143,[101.64158],500.7887323943662,154,149,70,87,100,112
4,276.8510638297872,6.036524822695036,[83.42378],503.45454545454544,147,162,86,94,91,125
5,252.59174311926606,4.517162471395881,[85.13152],497.77492877492875,153,124,94,104,93,145
6,663.1529790660226,3.288729139922978,[75.094795],485.50896860986546,219,170,139,164,146,187
7,2198.0736196319017,1.5668151447661467,[52.317932],439.4701986754967,206,225,207,229,240,240
8,962.4882352941177,1.0075794226737622,[69.86548],410.512,208,233,217,240,240,240
9,272.82954545454544,1.6388445215169078,[95.87986],515.6052631578947,202,238,209,240,240,160
10,293.74418604651163,2.1704701947668696,[76.52503],545.8,181,223,185,224,229,154
11,320.8076923076923,2.49098440545809,[98.48472],519.2954545454545,177,211,158,203,136,141
0,281.1515151515151,18.047453593526896,[77.01684],465.75,149,175,183,187,116,145
1,315.2361111111111,14.580396163232875,[103.22046],545.6896551724138,148,165,168,125,102,131
2,285.45323741007195,11.476190476190473,[95.501976],508.17857142857144,132,138,144,115,101,116
3,258.1801242236025,9.101569506726456,[93.81498],527.9923664122138,133,143,78,113,95,107
4,261.32236842105266,7.299563462647228,[108.31208],536.7651515151515,130,106,81,108,111,103
5,261.12396694214874,4.267107278149431,[81.4139],533.0954773869347,135,107,92,97,115,107
6,929.5544871794872,4.695897435897436,[75.01476],535.6416861826698,171,148,156,148,186,166
7,1313.9668874172185,1.8059984813971144,[71.828316],544.75,202,215,230,215,220,235
8,569.0,1.401991517610179,[102.785645],500.41322314049586,205,213,240,227,231,160
9,314.96039603960395,1.2846688281611858,[76.95762],505.1860465116279,207,215,235,225,228,160
10,252.71428571428572,1.417832167832168,[74.0357],486.1666666666667,200,202,220,218,145,159
11,284.5846153846154,1.5346180880974696,[102.77087],636.8275862068965,183,182,207,203,140,152
0,235.56626506024097,18.074380165289256,[70.64361],426.45714285714286,158,186,187,183,122,132
1,233.09756097560975,15.09774280389315,[107.14895],477.4782608695652,145,176,170,162,111,114
2,274.34013605442175,11.751646403242146,[72.1863],458.8196721311475,133,167,148,111,98,95
3,246.93548387096774,7.924466338259441,[71.667046],516.1032258064516,121,162,144,107,93,98
4,235.06629834254144,5.898951048951049,[97.63343],434.9019607843137,127,163,110,112,94,109
5,260.43460764587525,4.158811748998665,[91.080635],458.62406015037595,134,163,119,120,103,110
6,802.3123028391167,3.4437099460059546,[60.372433],459.0483516483516,222,159,165,183,153,161
7,1698.6144578313254,1.4027957068564894,[60.118927],430.82456140350877,278,224,224,240,230,231
8,1135.5666666666666,0.7445083473120857,[53.60602],473.09090909090907,208,232,231,240,240,240
9,266.75961538461536,0.8949820788530466,[60.1044],439.5934065934066,204,239,232,240,240,240
10,288.98850574712645,1.0796955168643285,[95.81368],464.3421052631579,194,214,219,230,230,234
11,278.96491228070175,1.5402746464439434,[47.01697],485.1276595744681,187,193,200,205,211,152
0,252.57303370786516,16.65757575757576,[60.27013],445.6794871794872,156,166,166,174,118,120
1,261.4421052631579,12.62013780840187,[59.576717],493.12345679012344,143,149,155,159,104,108
2,270.86619718309856,10.345036319612591,[97.073875],538.5801526717557,139,132,131,98,112,96
3,256.39285714285717,7.540384109444884,[83.85381],467.90845070422534,145,142,131,94,110,102
4,239.95862068965516,6.0097749648382575,[91.19767],475.0866141732283,160,139,96,95,103,118
5,256.66732673267325,3.5826241134751773,[85.34852],439.58992805755395,149,135,97,99,107,118
6,1100.482594936709,2.6185103884833323,38.420605,445.75409836065575,215,152,144,159,170,191
7,1512.1655844155844,1.774166792339014,[75.336716],432.05649717514126,291,207,218,226,214,240
8,345.74,1.1807407407407409,[88.98096],407.6532258064516,212,217,223,239,219,240
9,358.0263157894737,1.5313498066902,[75.910995],339.43529411764706,205,211,216,237,219,234
10,275.3382352941176,1.5754475703324808,[37.40243],490.6949152542373,187,194,204,229,222,137
11,210.9855072463768,1.3954309678843393,[45.64268],416.0,171,179,186,198,201,131
0,256.91011235955057,17.82989982989983,[79.95553],414.4074074074074,148,190,187,180,126,131
1,236.64864864864865,13.915272727272727,[61.01791],470.3645833333333,140,168,177,155,108,127
2,260.77702702702703,10.597287921791235,[82.4036],478.8130081300813,124,162,160,91,102,116
3,264.24581005586595,7.813328260731724,[76.100334],474.5548387096774,145,156,142,79,113,116
4,282.2173913043478,5.773951285520974,[54.66952],525.141935483871,144,160,113,83,122,117
5,269.6521739130435,4.451844532279314,[94.998604],501.67233009708735,160,148,114,99,121,117
6,758.3617021276596,4.794050343249428,[58.500454],516.9407582938388,230,164,166,169,170,159
7,1622.8333333333333,1.8583255291253038,[71.88578],440.9310344827586,278,218,225,212,239,233
8,403.20958083832335,1.4142414608298688,[64.067444],505.59055118110234,203,230,238,212,240,240
9,316.0769230769231,1.0780948885014225,[93.79055],500.6835443037975,204,230,237,221,236,154
10,248.13698630136986,1.3427425201798056,[101.00995],462.77966101694915,188,220,220,211,227,151
11,279.4492753623188,1.3160377358490567,64.57365,438.1694915254237,175,203,205,199,137,141
0,271.9111111111111,18.560562480025563,[92.376884],508.4864864864865,149,189,183,127,125,121
1,256.83516483516485,15.17133743449533,[113.83533],524.0133333333333,147,172,179,118,114,106
2,273.6478873239437,11.99349533627884,107.69415,501.6725663716814,139,155,171,109,101,101
3,269.3354430379747,10.242649098474343,[103.36392],524.959349593496,151,148,123,100,100,99
4,256.9817073170732,7.6254458161865575,[78.80598],473.5187969924812,144,151,127,100,107,100
5,269.41735537190084,5.7240069871648815,[79.074585],527.97,148,110,121,110,107,97
6,665.8552845528455,3.9601706970128023,[102.731865],552.675,214,169,170,143,169,171
7,1781.6,1.8933866400133266,[90.31338],543.2576687116565,198,218,227,213,240,238
8,842.8024691358024,1.139209671598701,[77.906456],450.015873015873,201,230,240,233,240,160
9,285.6774193548387,1.3211067336865463,[75.57049],557.8985507246376,198,229,239,233,240,160
10,310.51724137931035,1.2621951219512195,[55.164185],488.84415584415586,179,215,226,227,152,149
11,340.27848101265823,1.2454761904761904,[72.99002],530.2686567164179,163,201,214,200,143,129
0,227.42696629213484,18.02239514139305,[76.643684],432.4736842105263,151,187,182,175,139,124
1,245.44,14.88905072827725,[68.26419],384.9431818181818,156,165,165,165,135,119
2,255.5367231638418,10.854578592731691,[100.23055],496.0135135135135,147,148,155,154,113,106
3,274.8047337278106,8.805383022774324,[57.548054],451.1654676258993,146,152,154,103,116,111
4,264.320987654321,5.965746971736204,[72.639046],525.9090909090909,141,156,120,97,115,114
5,254.86821705426357,4.064475431606906,[117.5377],489.7340909090909,138,160,128,94,114,119
6,1122.9704049844236,2.6351952304158726,[72.179375],435.6559633027523,194,176,165,155,196,191
7,1533.1672354948805,1.8516283803431228,[40.210392],416.02777777777777,268,225,235,240,240,240
8,328.202614379085,1.519815483353389,[52.76601],444.3609022556391,193,232,240,240,240,240
9,264.8775510204082,1.1435562135044,[56.535007],501.36708860759495,191,226,226,236,234,238
10,244.29896907216494,1.436415486490405,[50.203808],489.11392405063293,179,213,215,219,231,160
11,282.09722222222223,1.4340028694404592,[105.48083],453.98333333333335,175,205,199,199,221,149
0,229.09473684210528,16.736272302095962,[64.35657],383.4878048780488,156,191,182,189,170,116
1,248.40740740740742,13.567041476609734,[68.39165],456.82894736842104,145,170,171,170,101,100
2,240.59259259259258,10.558441558441558,[48.8929],465.94202898550725,135,156,148,147,91,93
3,238.88636363636363,7.986674505193023,[82.8622],449.00632911392404,134,157,142,107,90,99
4,253.3875,5.80686776702713,[86.021355],458.0422535211268,132,161,164,104,89,103
5,259.13100436681225,4.442079207920791,[95.64316],437.5,128,147,114,123,87,108
6,879.1378299120234,4.90024154589372,[58.93161],424.55648535564853,165,209,172,189,140,160
7,1223.3032258064516,2.564879768916232,[58.966908],393.0913705583756,263,217,211,238,236,238
8,448.6340206185567,1.5432760695918595,[50.661255],376.4834437086093,275,225,223,240,240,240
9,260.8510638297872,1.2107223841917718,[64.76512],387.35526315789474,201,229,222,240,240,240
10,253.126582278481,1.2998270644185044,[29.801119],419.93548387096774,192,216,208,225,217,227
11,295.625,1.1500294385270031,[78.53838],405.6923076923077,172,200,194,208,194,131
0,243.90677966101694,17.486197049024277,[84.203835],465.0792079207921,172,180,178,177,121,127
1,254.51136363636363,14.296725126284128,[95.7948],457.94871794871796,167,169,166,100,116,121
2,287.76687116564415,11.56709956709957,[76.335045],454.71223021582733,144,162,149,92,105,118
3,266.8176470588235,9.273529411764708,[71.32966],464.41333333333336,134,155,116,90,120,116
4,254.8242424242424,7.828465679676985,[82.63114],492.62589928057554,149,154,112,88,127,113
5,286.76892430278883,5.579674796747967,[92.19559],474.3556085918854,139,148,115,91,127,118
6,881.9242658423493,4.457566411302357,[54.532776],474.0221729490022,198,156,168,158,191,187
7,1325.2340425531916,1.4773673161209533,[60.164097],482.60199004975124,267,227,230,234,231,240
8,423.75816993464053,1.2151878497202235,[64.47941],451.8787878787879,198,240,232,240,240,240
9,271.8791208791209,1.0656345750685372,[86.02203],446.65671641791045,200,231,235,236,240,236
10,285.71794871794873,1.3879687797449078,[77.84507],425.3538461538462,189,220,215,225,228,159
11,276.28205128205127,1.499895702962036,[67.96659],538.741935483871,180,202,197,201,208,140
0,248.3409090909091,17.064778849768196,[74.00793],423.94594594594594,159,189,184,185,199,125
1,226.04761904761904,14.09892551117559,[62.387707],392.75,149,170,162,164,198,116
2,235.48760330578511,11.819973130317958,[62.703785],408.1,136,168,133,146,121,108
3,239.13270142180096,8.799282296650716,[83.896675],408.50857142857143,127,156,125,128,117,107
4,244.73655913978496,6.026030911707652,[65.01112],419.52258064516127,141,151,142,100,114,113
5,236.874,2.933839022334599,[64.94353],410.2048192771084,143,147,158,113,115,115
6,503.5322033898305,2.1918583256669737,[46.913074],397.0615711252654,205,207,170,180,157,168
7,1293.5143769968051,1.4994687915006646,[24.96563],346.1375661375661,277,300,231,240,218,240
8,268.4,0.9665331807780322,[47.986176],419.6044776119403,282,230,240,240,240,240
9,268.0978260869565,0.7600953603520999,[52.74699],432.6707317073171,280,227,235,232,225,236
10,271.97849462365593,0.874860574860575,[63.117435],370.6621621621622,200,222,217,221,218,217
11,237.98611111111111,0.873988226637233,[27.102554],426.81666666666666,184,203,197,209,203,212
0,222.5,17.41851581612945,[66.88012],402.9736842105263,143,167,202,167,202,132
1,265.2692307692308,15.125279761270383,[31.92666],413.3370786516854,133,151,192,144,119,114
2,235.61805555555554,11.179990863407948,[79.7655],410.7741935483871,128,143,169,133,108,115
3,265.2960893854749,7.645718397697291,[88.50574],431.3157894736842,139,132,148,130,100,109
4,254.26923076923077,5.4430476190476185,[53.592663],419.82608695652175,155,129,149,91,102,124
5,253.36475409836066,3.480030721966205,[85.83218],423.1200980392157,141,128,130,98,105,142
6,484.65290519877675,3.5876190476190475,44.746338,398.21121495327105,212,186,153,131,162,206
7,1939.1954397394136,1.4840571240731948,[17.560577],352.27950310559004,276,220,240,236,229,240
8,374.91358024691357,1.1949024407804743,[58.564327],405.1294964028777,280,222,240,240,240,240
9,302.13675213675214,1.0972596171578213,[64.948814],385.0978260869565,272,222,235,230,240,228
10,240.25581395348837,1.352775612713259,40.946632,420.8857142857143,190,205,230,216,221,221
11,269.84285714285716,1.541990381058084,[64.92732],314.1694915254237,167,193,212,184,212,145
0,244.57954545454547,17.130258221143233,[39.80374],394.6575342465753,125,178,187,190,189,116
1,247.38947368421051,13.719988457098887,[65.622444],426.96153846153845,120,155,169,174,176,110
2,257.7307692307692,10.963636363636365,[60.60869],396.1623931623932,119,139,162,150,97,103
3,246.43428571428572,7.317074670931233,[68.29607],422.56756756756755,120,137,147,147,91,97
4,232.2,4.404560697518445,[82.94359],396.1,135,136,148,97,92,102
5,253.247582205029,3.168747110494683,[101.19339],385.3161592505855,140,137,148,96,98,102
6,594.5265423242467,2.508812074001947,[44.248108],341.1768953068592,208,203,147,170,141,158
7,1521.2664576802508,1.1829597890573502,[19.423271],317.23463687150837,278,308,229,235,234,233
8,355.67664670658684,1.2387894379533357,27.667366,298.19424460431657,276,239,238,240,240,240
9,254.39583333333334,1.186714218811917,[50.35522],296.9102564102564,270,238,240,239,239,235
10,259.2,1.3930653441225094,[32.69575],329.56944444444446,173,217,217,219,229,222
11,241.7704918032787,1.6907216494845356,[32.88093],420.03846153846155,147,207,202,203,211,194
0,233.96774193548387,16.615344044141516,[44.74396],307.88,142,178,154,171,179,203
1,242.5054945054945,14.357312252964425,[35.499348],379.7142857142857,131,158,135,165,160,131
2,254.4718309859155,11.219134793505502,[48.814285],332.32307692307694,120,142,118,160,138,120
3,235.3546511627907,7.8505775991963835,[71.580894],400.5945945945946,119,125,126,151,90,113
4,241.5578231292517,5.563353426005658,[54.230667],365.130081300813,128,120,134,153,90,114
5,244.39271255060729,4.304955703211517,[98.13843],384.85046728971963,137,111,138,103,89,110
6,459.1369230769231,3.783998902154522,[37.086903],320.3171206225681,186,164,211,154,135,191
7,1467.2317073170732,2.570994475138121,[27.053873],286.0729166666667,268,296,202,222,220,240
8,333.4057142857143,2.249126930826057,[33.59925],292.23703703703706,266,304,214,234,231,240
9,258.04672897196264,2.3715879957774098,[38.839935],324.64044943820227,257,226,207,233,233,240
10,230.83333333333334,2.2587384491763762,42.664528,315.469696969697,242,210,191,219,208,240
11,238.16455696202533,2.382364397701821,[48.267574],335.5970149253731,162,195,170,196,192,226
0,223.0344827586207,16.08202870189172,[28.152903],308.8469387755102,142,192,178,155,183,172
1,240.41666666666666,12.87990599294947,[51.152203],369.4848484848485,146,190,169,143,164,113
2,224.12337662337663,10.182555994729908,41.0044,395.58015267175574,121,168,148,138,146,104
3,238.65562913907286,8.215586172961004,[44.576916],415.30075187969925,119,155,130,148,89,98
4,232.63030303030303,5.288492209544842,[90.58179],402.66901408450707,126,141,128,150,93,103
5,235.88412017167383,2.876535229476406,[81.63114],380.7964824120603,122,137,121,99,85,99
6,344.3556942277691,2.510779902512186,[39.784992],331.49049429657794,177,196,181,158,142,162
7,1239.7247386759582,2.3940467997247072,[22.27643],261.59067357512953,272,309,203,210,219,240
8,281.034965034965,1.6324503311258278,[24.194231],267.92561983471074,278,319,217,216,240,240
9,232.58333333333334,1.4986581183837782,42.6694,314.2,265,236,213,219,240,239
10,226.08,1.232868045395231,[39.413296],340.69354838709677,243,228,208,205,225,222
11,240.61971830985917,1.5542316367559086,[25.623503],325.93220338983053,155,212,183,180,200,203
0,262.34736842105264,16.703939253777367,[64.29299],380.89156626506025,156,203,171,187,202,162
1,253.09375,13.471311860268571,[51.555695],389.1604938271605,140,177,162,169,184,94
2,252.14788732394365,9.724741945573976,[67.110176],357.2892561983471,139,144,148,151,168,84
3,235.62345679012347,6.829044786988711,[55.519527],397.51408450704224,135,154,146,139,91,84
4,237.92727272727274,4.494554924242423,[62.003265],363.57042253521126,133,151,152,139,99,94
5,236.88911704312116,3.1034299034299027,[80.34761],368.44174757281553,118,159,148,96,95,99
6,357.5625,2.9498604734899634,[36.306755],330.5996533795494,185,232,198,153,122,168
7,1792.4189602446484,1.72007926023778,14.845299,311.16577540106954,270,309,223,240,232,240
8,409.95,1.3512878300064393,24.391077,278.8521739130435,273,320,240,240,240,240
9,223.0096153846154,1.3594671325616947,[35.880867],350.04597701149424,271,239,233,239,234,230
10,234.5072463768116,1.0881588643679947,[41.277412],324.135593220339,257,225,212,230,225,208
11,232.79518072289156,1.4920104050538832,[40.954937],386.90909090909093,171,217,198,209,219,182
0,259.31325301204816,15.979159180740206,[55.474148],402.0810810810811,145,173,189,154,187,120
1,266.14406779661016,13.609810479375696,[71.520226],425.21649484536084,137,163,167,149,170,111
2,237.7657142857143,11.098061836640516,[52.024597],412.4012738853503,129,151,151,130,119,108
3,246.88268156424581,8.34079488350845,59.906525,414.70344827586206,149,139,137,135,118,118
4,262.9940119760479,5.948449104412406,[87.31623],405.98591549295776,144,140,140,104,110,125
5,247.7193347193347,3.525589675122385,[76.097664],415.6904176904177,146,142,140,103,90,128
6,354.7,3.0728489483747614,[38.117153],383.80357142857144,221,215,135,144,147,184
7,1424.1463414634147,1.4832886805090422,[48.062176],299.7,280,298,226,215,237,237
8,290.0567375886525,1.001479023123264,[39.31238],331.8031496062992,283,228,240,228,240,240
9,254.57647058823528,0.7505976681746294,50.383366,384.4931506849315,282,223,234,223,237,232
10,241.12,1.0243913235945108,[43.608982],408.66153846153844,193,214,228,198,219,203
11,255.14666666666668,1.0065963060686014,[58.282944],370.8888888888889,176,200,199,171,202,189
0,250.0,15.400506970849175,[47.880817],317.8961038961039,156,183,192,166,170,185
1,230.9240506329114,13.561816856934659,[39.59264],356.40625,137,176,173,153,155,101
2,253.71428571428572,10.78381948266373,[50.204987],371.4318181818182,119,144,160,134,145,88
3,246.44148936170214,8.957064044135285,[62.67929],386.82608695652175,124,142,161,153,99,79
4,234.45,6.624763257575759,56.59459,365.52597402597405,129,141,167,150,99,82
5,246.17557251908397,4.091327656890571,[97.819115],387.1343963553531,124,142,168,124,96,101
6,723.4246153846154,3.8284536429412754,[24.235603],331.2028985507246,208,203,228,174,137,182
7,1136.3478260869565,2.3242352141400406,[20.270988],331.8835978835979,281,296,212,240,203,239
8,286.1456953642384,1.324685222001325,[44.126118],341.7226890756302,282,300,227,240,220,240
9,274.0188679245283,1.0558076225045372,[49.151676],359.1333333333333,270,206,225,236,215,240
10,242.3116883116883,0.7324527535053849,[28.964624],343.728813559322,252,195,219,208,208,213
11,272.83870967741933,0.7035288507391511,[44.900967],341.3272727272727,174,183,208,201,196,203
0,217.0,16.937894246644934,[50.90032],420.32394366197184,160,175,200,173,199,120
1,227.81052631578947,13.950072810484714,[75.70169],494.01234567901236,139,159,187,166,117,106
2,250.05555555555554,10.321412090447621,76.483116,437.86407766990294,121,152,156,160,105,94
3,263.4220779220779,8.06907827508686,[93.48639],441.62698412698415,113,135,155,106,103,87
4,237.91228070175438,6.19884439131301,[85.07297],401.3448275862069,121,146,147,112,107,84
5,251.23134328358208,3.7187033066978503,[78.9096],415.3456221198157,124,142,148,108,119,92
6,861.1954887218045,2.6333333333333333,29.151031,376.4320987654321,197,214,151,161,173,148
7,1463.943894389439,1.0798270048380003,[38.277336],366.70588235294116,285,223,226,226,236,240
8,372.7453416149068,0.9589841636304605,[54.900253],341.6,285,223,240,231,240,240
9,252.40196078431373,1.0364867095922075,[42.378296],360.2,201,208,237,227,239,234
10,261.2043010752688,0.8339381372040781,[38.540195],378.46478873239437,197,210,224,205,226,224
11,261.1686746987952,0.9625668449197862,[46.968],452.7910447761194,175,193,214,194,207,139
0,238.78823529411764,16.9607124148769,[59.44337],368.675,162,155,170,194,183,132
1,229.6590909090909,13.635187955411864,[62.6719],401.231884057971,147,130,163,180,164,117
2,243.74015748031496,10.870945637277295,[54.927494],407.21495327102804,140,127,154,167,99,109
3,239.01156069364163,7.897969052224371,[62.21153],420.75182481751824,140,127,146,147,93,99
4,249.8682634730539,4.68710402615982,[67.85353],442.40441176470586,132,137,144,97,101,88
5,245.1403162055336,3.1950802420415685,[50.26974],410.75894988066824,124,155,139,94,108,104
6,467.4729064039409,2.216341463414634,[51.378693],402.12393162393164,201,218,144,149,159,154
7,1082.131195335277,1.9503457814661134,[37.32268],376.3222748815166,273,296,202,217,234,224
8,559.2598870056497,1.5473758496452845,[56.45067],351.6350364963504,287,214,209,232,240,235
9,262.63917525773195,1.4200191924411312,46.34311,369.175,286,212,211,239,240,238
10,276.02597402597405,1.534208432776452,[72.09971],398.30645161290323,188,196,193,232,227,221
11,245.78947368421052,2.1838487972508593,[50.481876],336.08620689655174,168,173,187,218,206,212
0,257.8152173913044,17.365750528541227,[61.75301],435.0,153,196,182,176,113,126
1,234.6578947368421,13.525545557968767,[72.68528],502.8412698412698,149,180,168,163,103,116
2,274.7173913043478,10.365845648604267,[101.11148],495.37068965517244,126,159,149,99,90,102
3,266.2864583333333,7.791111994171799,[66.97514],478.675,127,160,147,97,94,94
4,258.8626373626374,5.820629370629371,[87.86913],510.66883116883116,146,158,105,113,89,104
5,265.75984251968504,3.6181139755766623,[73.51265],469.7980769230769,155,152,108,108,98,116
6,931.0320512820513,2.7051510674071433,[78.5436],470.3937360178971,201,154,145,189,167,177
7,1443.1189710610931,1.682794095720889,[62.58295],444.39325842696627,279,222,222,234,215,240
8,446.8378378378378,0.993980803644054,[40.36796],464.85714285714283,207,226,233,238,222,240
9,260.75757575757575,1.0694444444444444,[100.44519],528.4415584415584,206,230,225,240,219,240
10,262.5,1.0535688220697708,[92.91558],422.6333333333333,184,220,220,225,207,153
11,260.05,1.1279045425999579,[49.724262],377.02222222222224,174,208,204,202,190,146
0,268.746835443038,16.99513334631108,[66.62421],411.82191780821915,157,180,164,184,118,131
1,247.2325581395349,13.53599828067913,[72.63974],421.7435897435897,146,167,155,159,110,109
2,252.69078947368422,10.364412853900369,[67.364525],421.4251968503937,135,147,136,138,98,107
3,258.28877005347596,8.252541466024612,[56.787655],471.7739726027397,132,153,126,92,114,95
4,269.6,6.305295950155764,[90.9891],487.3907284768212,139,166,135,82,123,104
5,271.57715430861725,3.1612656467315716,[88.07261],477.7753086419753,138,155,100,93,120,113
6,908.3428571428572,3.3703703703703702,[48.230225],473.8406113537118,196,167,135,169,172,187
7,1752.3511904761904,2.062667261373773,[47.009274],406.7584269662921,274,218,211,233,240,240
8,300.1085271317829,1.1563081654123173,[75.1362],462.0462962962963,203,228,222,240,240,240
9,277.6170212765957,1.0930398322851151,[59.896576],456.9102564102564,202,224,207,231,225,236
10,268.67692307692306,1.2136590229312065,[65.750114],494.03921568627453,190,211,190,231,204,154
11,257.98571428571427,1.251248992747784,[78.70037],381.9166666666667,171,198,177,214,194,141
0,261.42,18.095049877658578,[77.018166],403.24418604651163,159,202,178,179,110,138
1,281.16831683168317,15.75466653213601,[66.54024],436.0689655172414,163,178,153,169,101,137
2,254.67142857142858,12.765629850375612,[71.95203],423.3833333333333,154,163,129,110,93,118
3,272.93333333333334,9.647843430565944,[58.13854],479.7785714285714,163,170,125,97,89,120
4,237.77058823529413,5.885684062059237,[105.023674],502.3768115942029,157,164,75,97,95,121
5,274.58363636363634,3.9077994428969367,[56.693104],487.77024070021884,154,164,78,87,109,126
6,1289.466565349544,3.8289716898530988,[85.43393],475.385150812065,248,191,141,131,182,189
7,1568.6688311688313,1.6892406701926992,52.922558,436.3238636363636,282,239,210,217,240,235
8,416.94701986754967,0.92588575560376,[69.34156],471.73880597014926,206,240,224,233,240,240
9,307.9537037037037,1.1093110783832434,[106.50709],449.1034482758621,197,233,222,238,233,235
10,279.5111111111111,1.262629189606877,[62.72763],452.5131578947368,187,217,210,226,219,159
11,265.9583333333333,1.5695889564232,[61.945072],479.01724137931035,184,214,191,206,189,158
0,264.7340425531915,18.426312817617163,[101.936676],486.320987654321,155,165,205,189,127,125
1,253.91743119266056,15.586832450061149,[58.609833],442.9888888888889,134,150,194,183,120,111
2,224.18064516129033,13.220283533260634,[55.86954],494.7769230769231,128,153,170,126,111,98
3,262.1835443037975,9.075883256528417,[88.5615],463.5,129,158,152,122,112,102
4,276.0810810810811,7.660975609756098,[109.22049],505.0866141732283,143,162,102,120,115,96
5,256.1322645290581,5.131805929919138,[86.54592],485.35960591133005,153,153,104,113,111,108
6,845.1181102362204,4.3448134900357696,55.61807,433.5489749430524,223,140,147,180,153,187
7,1504.6744186046512,2.138884747278963,[41.142918],396.76536312849163,268,203,234,238,234,235
8,371.68,1.6550218340611351,[56.3821],452.3410852713178,194,220,240,240,240,240
9,296.5175438596491,1.625635975709831,[70.77321],369.1684210526316,193,218,239,236,233,235
10,267.91358024691357,1.8221726911522433,[60.41861],539.7671232876712,189,197,232,226,225,145
11,241.3684210526316,1.6955624355005159,[61.34384],463.81538461538463,177,185,223,218,202,135
0,270.85714285714283,16.623376623376622,[38.90108],420.58666666666664,165,168,185,167,116,123
1,210.24137931034483,13.36592994161802,[66.799805],450.2878787878788,157,157,172,157,113,116
2,251.77692307692308,11.691831204026325,[73.20689],531.2018348623853,141,142,165,83,105,102
3,274.84705882352944,8.08982683982684,[71.171196],545.445205479452,132,144,154,79,106,89
4,265.6904761904762,3.9862670713201807,[104.32481],521.3448275862069,134,140,106,85,104,90
5,250.24007561436673,2.86776798825257,[96.59021],480.35697940503434,147,138,99,102,100,95
6,891.231527093596,2.087668446478515,[73.33833],445.7871853546911,211,178,154,156,165,171
7,2030.8502994011976,1.6107625304495459,[46.404667],431.9415584415584,279,219,232,216,240,240
8,562.7986577181208,0.9485656565656566,[78.85802],420.1623931623932,211,227,240,217,240,240
9,248.95098039215685,1.1332923329233293,[80.35204],425.4871794871795,209,229,230,213,239,235
10,275.16129032258067,1.1019055509527755,[67.51794],475.1296296296296,199,208,224,210,222,144
11,287.1714285714286,1.1471129888419456,[53.446075],404.9824561403509,182,187,203,192,190,132
0,241.66666666666666,16.38205174272368,[32.511784],330.59154929577466,148,172,167,190,174,117
1,283.56043956043953,14.354654983570645,[58.44302],395.075,135,165,154,170,102,104
2,241.31914893617022,10.829485329485328,[60.282238],392.02608695652174,124,151,137,154,91,99
3,244.7674418604651,8.334776334776334,[78.455696],424.86,132,148,126,105,82,100
4,251.97972972972974,5.185536455245998,[87.33613],419.0413223140496,140,161,129,106,83,104
5,239.15573770491804,3.717948717948719,[84.194786],407.95781637717124,142,153,132,107,81,113
6,376.15905511811025,1.8445544554455446,33.805508,396.2876447876448,194,211,149,147,146,163
7,1361.2712418300653,1.758824623395946,[45.462605],349.3056994818653,276,226,214,225,234,240
8,371.5987261146497,1.2725499403966332,[34.122917],366.04477611940297,278,237,223,239,240,240
9,264.60869565217394,1.2474314750936537,[87.820465],409.7260273972603,275,229,222,235,230,228
10,241.52173913043478,1.1032124260877239,[55.190994],346.17857142857144,187,213,200,224,217,218
11,238.34939759036143,1.4719298245614034,[66.388985],425.6231884057971,160,198,180,205,192,205
0,249.95555555555555,17.072221140743626,[79.236084],424.9861111111111,159,193,189,167,112,114
1,274.84285714285716,13.847391440174944,[91.783264],393.4920634920635,150,175,180,154,107,107
2,236.1986301369863,11.220155652288616,[63.16287],444.8130081300813,120,158,164,91,95,94
3,247.28977272727272,8.85727103762097,[74.97299],450.20394736842104,122,166,166,85,96,108
4,253.43478260869566,5.967605633802817,[95.71998],460.7142857142857,128,156,125,84,102,115
5,255.39717741935485,4.395147679324895,[65.608116],463.45700245700243,140,159,124,86,103,99
6,777.295731707317,3.64722046079053,[58.061676],428.562,224,142,177,132,161,160
7,1606.5878594249202,1.6334217897685386,[69.58734],425.12578616352204,277,223,232,216,240,240
8,372.31847133757964,1.3589618815896185,[66.72906],416.2121212121212,197,230,236,227,240,240
9,297.4678899082569,1.1276674025018396,[48.314823],386.2857142857143,200,232,239,225,226,237
10,245.8923076923077,1.2365064739828329,[41.359318],478.0344827586207,184,220,234,219,199,157
11,268.19444444444446,1.4436384814952083,[55.778355],492.96666666666664,168,207,220,188,186,142
0,250.6,15.65354691075515,[54.901485],465.4927536231884,152,173,177,175,155,118
1,287.40506329113924,13.965472027972027,[93.79813],434.8333333333333,132,161,171,165,89,114
2,265.31654676258995,11.42788527514752,[63.945446],467.688,120,138,155,96,78,107
3,256.9837837837838,7.577148370201915,[75.36457],455.1623376623377,123,140,157,99,80,92
4,246.7289156626506,5.2394582723279655,[85.70992],453.72,122,150,111,102,96,102
5,266.3920704845815,3.4578014184397166,[75.47346],428.9946949602122,131,151,114,101,113,95
6,861.6274809160305,3.447749809305873,53.766315,440.79,208,163,150,135,165,145
7,1451.9843260188088,1.3949411284032238,[62.587124],396.64367816091954,280,220,231,231,222,233
8,285.94871794871796,1.2866602067183464,[61.84318],389.3838383838384,197,234,238,237,230,240
9,246.3177570093458,1.395500601064743,[69.085625],442.1927710843373,180,229,220,223,208,234
10,249.74666666666667,1.434400852662031,[67.87817],394.2258064516129,171,209,215,221,197,146
11,279.95652173913044,1.3643263757115751,[56.354702],422.62295081967216,158,190,197,205,175,129
0,283.11224489795916,17.365595611285265,[89.59659],416.04545454545456,137,181,185,187,120,118
1,280.92957746478874,14.285829030407342,60.18643,444.83870967741933,133,166,174,118,128,111
2,262.4453125,10.517399267399268,[94.21754],471.41121495327104,125,137,153,98,113,102
3,264.0548780487805,8.318618618618618,[94.27999],512.1127819548872,138,125,98,101,115,89
4,282.7976878612717,6.073227752639519,[73.94836],463.5810810810811,141,135,91,98,96,102
5,271.8452914798206,5.000161446561188,[83.27921],512.6181318681319,133,117,88,97,102,115
6,681.2926045016077,3.8897344473418123,[85.74438],490.19101123595505,202,153,144,151,167,172
7,1877.9577039274925,2.4448246725813267,[55.739777],444.59302325581393,195,210,215,238,217,240
8,286.99295774647885,1.2058775576750629,[68.68224],473.11009174311926,204,218,228,240,233,240
9,267.1125,1.3372198595116356,[101.23981],482.8695652173913,192,216,218,235,226,144
10,272.83098591549293,1.2839317545199898,[57.017117],437.42424242424244,178,216,206,215,209,131
11,284.41975308641975,1.0993975903614457,[64.53812],494.55882352941177,162,191,188,203,122,130
0,272.76190476190476,17.497698504027618,[49.944202],487.1194029850746,157,174,199,188,107,123
1,271.8988764044944,14.388278388278387,[87.04557],487.37974683544303,143,169,180,115,100,112
2,265.7639751552795,10.475068561455997,[80.86096],500.60714285714283,134,165,162,107,87,109
3,268.71022727272725,9.024396782841825,[105.59775],460.2483660130719,148,177,115,106,93,107
4,255.08695652173913,6.594287548138638,[74.58636],473.2112676056338,173,157,117,112,111,109
5,265.7361111111111,4.42437582128778,[103.1177],520.2273838630807,171,154,107,104,117,108
6,1092.3442367601247,4.322622171609645,[69.41334],484.4918032786885,232,173,161,153,163,181
7,1663.8006430868168,1.912947727083853,[57.92528],509.35227272727275,196,213,219,236,237,236
8,332.5128205128205,1.4447289279037632,[93.96145],483.11811023622045,197,225,226,239,240,240
9,270.680412371134,1.571283001389532,[78.246],444.51807228915663,194,218,228,238,232,160
10,270.632183908046,1.507870753935377,[70.89512],467.95652173913044,183,207,218,228,223,148
11,247.33333333333334,1.6154397705544934,[67.64003],427.93220338983053,171,197,209,209,126,134
0,246.15384615384616,16.879471656576776,[49.24223],428.06024096385545,159,176,187,181,201,123
1,243.84810126582278,13.882331792501283,52.43097813924154,400.4927536231884,145,171,172,159,125,113
2,254.37121212121212,10.921957523317227,[81.73116],476.73636363636365,146,152,150,144,115,102
3,252.203125,8.347440227829654,[86.71055],470.06024096385545,136,142,143,85,117,96
4,247.8876404494382,4.997244119720566,[87.69041],495.87142857142857,148,151,144,89,117,94
5,263.2085889570552,4.007262569832402,[98.413635],463.3185011709602,163,157,100,83,108,105
6,642.3892307692307,2.9652985074626863,[77.81697],406.60775862068965,221,239,152,140,160,160
7,1321.8090614886733,1.6577643684583006,[37.10117],352.6559139784946,277,212,226,226,232,240
8,491.26174496644296,1.2920890299772736,[56.064682],418.29357798165137,279,220,240,240,240,240
9,294.4954954954955,1.1940145746335873,[61.42242],391.06451612903226,196,216,231,235,240,239
10,248.18309859154928,1.1435185185185184,[33.73528],448.5098039215686,193,202,223,212,238,228
11,269.81481481481484,1.2783472638385112,[84.49662],420.7230769230769,171,187,201,196,226,138
0,240.44117647058823,16.544203932762453,[43.37202],416.3139534883721,130,202,174,173,194,178
1,268.9047619047619,13.817168338907466,[21.425962],388.6081081081081,123,185,167,163,187,111
2,249.46470588235294,11.344300822561692,[56.2462],405.4527027027027,122,162,154,142,177,94
3,232.23214285714286,7.361845051500225,[60.677616],420.3356643356643,125,161,161,137,120,108
4,243.70625,5.82747059470155,[64.76406],395.2142857142857,134,166,162,138,112,115
5,242.19873150105707,4.5696969696969685,[86.65116],385.9078014184397,132,167,141,106,111,113
6,542.670245398773,3.070932089971074,49.25459,357.48940269749517,211,212,201,162,163,154
7,1595.1518151815183,2.0961538461538463,23.475386,293.4175824175824,267,301,239,223,240,225
8,254.4041095890411,1.6555016181229774,[13.302485],334.4672131147541,268,319,240,238,240,240
9,269.2277227722772,1.9000223330603738,[55.293095],336.2413793103448,248,230,238,235,230,233
10,257.88235294117646,1.7156089328466575,39.211044,334.9130434782609,225,228,225,213,228,222
11,255.0,2.0546018121125416,35.649467,368.69642857142856,138,220,203,188,212,204
0,243.79,15.795772946859904,[71.30294],378.51807228915663,135,156,172,193,189,190
1,227.65934065934067,12.679628724963361,[41.29009],318.5679012345679,133,141,160,182,169,105
2,256.40425531914894,9.492948752062155,[61.335007],396.1532258064516,116,137,136,157,166,105
3,239.3050847457627,6.799287697694073,[31.191061],357.0632911392405,110,132,132,148,117,114
4,244.9878048780488,5.861198188784395,[48.571827],411.5187969924812,114,136,126,158,128,121
5,248.57916666666668,4.954314066628004,[85.258026],399.23614457831326,113,143,117,118,137,111
6,566.3026315789474,3.8819584171696855,[45.17619],367.8323699421965,165,200,176,176,167,181
7,967.0842490842491,2.170844686648501,38.334934,346.27322404371586,278,289,210,228,223,240
8,285.1513157894737,1.48268358352082,[33.497936],348.09090909090907,279,216,225,235,232,240
9,256.60215053763443,1.3601048885559095,[58.81865],343.82894736842104,273,210,219,236,231,236
10,262.275,1.0870476343999353,[51.580975],382.25396825396825,253,192,203,220,222,216
11,230.86111111111111,1.619269619269619,[49.11897],404.3174603174603,158,170,186,212,210,208
0,245.21212121212122,16.804432744565215,[47.175655],347.39130434782606,167,185,188,190,180,114
1,244.64285714285714,13.545585034958556,50.271313,396.3139534883721,152,170,168,175,161,113
2,237.24647887323943,10.295647851540926,[52.08733],391.31297709923666,148,155,160,148,106,106
3,247.06875,7.448870801329816,[63.647404],437.2096774193548,156,147,142,139,105,104
4,247.99367088607596,5.621306230001883,[68.4472],441.75,164,150,130,94,108,113
5,251.70576131687244,2.8246810660603763,[72.8742],396.55940594059405,148,151,143,105,91,116
6,519.1426332288402,3.6627761767531224,42.60452,382.4275092936803,179,221,141,137,157,206
7,1460.7257617728533,1.7781145902731517,[25.86498],340.90954773869345,277,320,221,210,233,240
8,321.3048780487805,0.982074492826219,35.720364,379.46153846153845,281,240,235,235,240,240
9,269.4807692307692,0.7700831024930748,[54.747955],382.3176470588235,283,223,234,231,239,234
10,230.93333333333334,0.8208722741433021,48.104168,390.5409836065574,195,217,218,223,216,215
11,212.89705882352942,1.02215746137478,[61.853214],377.19607843137254,177,206,204,216,194,204
0,270.8958333333333,16.79845062453758,[72.488686],425.7142857142857,155,189,180,176,178,121
1,255.98837209302326,14.203085904920771,[66.05402],457.3376623376623,142,174,167,159,112,118
2,253.85496183206106,11.659573260696856,64.585846,442.2857142857143,125,171,151,144,103,107
3,265.2733333333333,9.067421027817067,[70.93586],429.7829457364341,121,156,132,93,95,110
4,251.55307262569832,5.8258736971183325,[72.41209],417.0132450331126,122,149,125,93,100,110
5,257.64069264069263,3.4039454806312763,[88.20069],449.7581047381546,118,144,100,114,108,113
6,481.97035881435255,3.1919999999999997,[74.52846],405.565130260521,188,208,143,175,137,149
7,1393.0950819672132,2.3565266958008744,[28.818443],363.46927374301674,277,224,204,215,226,239
8,322.7068965517241,1.2542322870947513,[50.423115],362.69718309859155,288,236,212,225,226,240
9,273.5684210526316,1.3534561447182807,49.509277,429.30120481927713,197,236,213,225,228,240
10,236.37037037037038,1.5370663849269235,[64.81672],439.6949152542373,177,232,205,214,209,225
11,280.46153846153845,1.8058336490069808,[67.28152],446.7818181818182,164,208,192,185,202,136
0,235.94736842105263,16.764184244511412,[73.58842],462.6951219512195,164,168,168,197,181,132
1,230.63888888888889,14.121677526114386,[73.93648],407.01612903225805,148,163,156,174,114,124
2,238.52287581699346,9.855761436016213,[66.37695],428.12213740458014,139,150,144,148,99,105
3,253.30722891566265,6.8763761772118315,[55.209717],430.36241610738256,134,149,144,95,93,103
4,254.289156626506,4.680971712094852,[102.622246],455.36170212765956,131,166,153,96,99,94
5,253.51209677419354,2.759025787965616,[67.04943],423.4905213270142,134,152,108,93,107,104
6,892.0763239875389,2.922727272727272,[44.468433],412.2012987012987,207,224,154,146,165,171
7,1814.973597359736,1.731379641248985,[41.39627],366.2397660818713,280,211,218,237,240,240
8,360.5882352941176,1.0354856212696686,[54.86381],395.0325203252033,284,223,228,240,240,240
9,233.4387755102041,1.1261115266350872,[55.004303],416.4268292682927,190,217,227,234,232,237
10,268.44736842105266,1.3063492063492064,51.187252,413.57971014492756,182,197,216,221,224,220
11,270.52564102564105,1.2428300352399024,[34.33827],402.28169014084506,171,174,195,208,196,141
0,245.06976744186048,17.83529102384292,[46.679993],383.12,124,207,186,181,176,118
1,241.31914893617022,14.34358430540827,[53.654785],400.825,121,200,174,159,147,101
2,242.58333333333334,11.582515663790044,[88.30297],430.3697478991597,107,177,153,143,104,85
3,250.2319587628866,8.050656105922686,[63.705128],424.37179487179486,123,165,149,136,104,92
4,281.96527777777777,5.796705761712492,[67.966576],426.3968253968254,133,143,155,95,118,99
5,239.8430583501006,3.5712293285515035,[84.82989],418.9906976744186,123,134,146,103,110,101
6,712.0312012480499,3.599375600384246,[58.7711],367.056338028169,194,197,148,181,158,163
7,1488.1608832807572,2.358387108806744,[28.528337],355.6631016042781,267,228,214,240,222,240
8,266.4344827586207,1.2654524594865912,[29.342478],335.3821138211382,276,240,232,240,240,240
9,282.1363636363636,1.1907889301941346,[42.21371],353.8493150684931,196,226,225,233,233,232
10,285.1333333333333,1.5134281200631912,[65.262245],388.44736842105266,172,223,212,222,216,221
11,245.9375,1.8451900615842005,[57.30812],361.82142857142856,159,217,204,204,198,126
0,223.39080459770116,15.936058747145482,[53.47038],366.1038961038961,139,168,180,182,188,114
1,247.87640449438203,12.979142185663925,[85.10025],408.6111111111111,131,158,160,164,167,108
2,240.27007299270073,10.080492424242424,51.47211,445.3057851239669,118,144,145,146,116,99
3,259.55232558139534,7.706200753682767,[80.387436],464.30075187969925,116,140,143,91,102,103
4,254.16666666666666,5.340730466944059,[118.90674],474.9924812030075,120,148,155,94,106,98
5,240.31535269709545,3.5268656716417914,[87.05799],397.85131894484414,118,140,111,102,95,104
6,577.5,2.3671905697445967,61.527554,346.54771784232366,187,227,159,148,147,150
7,1209.109634551495,1.616911130284728,[14.427066],308.05641025641023,253,230,237,231,231,221
8,269.2857142857143,1.1524152847873106,[31.180769],359.05882352941177,260,240,240,240,240,240
9,266.20212765957444,1.110113107119095,[55.797817],393.98765432098764,171,238,235,227,228,237
10,256.43617021276594,1.1249887721189258,21.144861,339.280487804878,159,221,217,224,203,213
11,258.4029850746269,0.9869400971397733,[74.180046],447.2857142857143,154,206,198,211,199,122
0,230.65882352941176,15.607615629984052,[52.866306],347.02597402597405,153,179,178,171,196,168
1,254.28571428571428,12.392253654831974,49.60312,402.2638888888889,137,175,157,160,178,109
2,239.6122448979592,9.160594911126083,[50.77914],367.9349593495935,134,157,153,141,158,96
3,248.9308176100629,6.9033290653008965,[49.517994],377.60869565217394,135,153,145,135,113,100
4,248.38255033557047,4.837474614741369,[73.73513],356.075,140,156,137,125,104,99
5,238.272921108742,3.0098545930673275,[101.92167],386.2379746835443,133,141,140,91,91,95
6,316.83181818181816,1.9149964463397302,[37.908638],331.99813780260706,185,203,213,125,129,150
7,1257.072886297376,1.7727785613540197,21.939089,291.8545454545455,279,301,228,196,190,224
8,262.4736842105263,0.9516501650165017,[25.955368],299.35714285714283,285,309,236,224,232,229
9,205.26190476190476,1.1379800853485065,34.62794,284.3880597014925,275,225,230,216,233,227
10,252.08955223880596,1.2316424545526712,[31.869537],381.89473684210526,260,210,214,203,223,216
11,225.7846153846154,1.0936923823386704,30.987646,376.64285714285717,166,193,192,187,215,192
0,211.7125,16.158571428571427,[65.214905],348.0285714285714,154,178,184,174,173,187
1,253.5625,13.45982724509,[55.584126],383.5507246376812,143,164,166,155,156,117
2,227.10666666666665,10.560184193617479,[51.33125],380.5503875968992,132,150,145,139,138,108
3,239.59116022099448,6.560236511456023,[58.70001],367.93167701863354,121,144,138,136,90,109
4,235.9404761904762,3.825428194993412,[68.57618],357.7083333333333,133,137,141,143,95,110
5,233.80543933054392,3.211746946617262,[90.906166],381.7277108433735,133,138,135,88,94,106
6,318.9747399702823,2.2529790884221264,[28.79444],336.014440433213,189,201,190,147,136,164
7,1432.7624633431085,1.932388663967611,17.793926,300.2335025380711,273,296,223,237,218,235
8,290.8723404255319,1.350065316786414,25.648775,284.66355140186914,274,315,230,240,232,240
9,250.73033707865167,1.3421800239234452,[33.598568],351.7837837837838,267,236,233,232,218,222
10,255.48611111111111,1.292143401983219,[23.240858],316.42857142857144,251,213,224,212,202,209
11,226.16216216216216,1.403079447823149,[43.590748],340.9836065573771,166,198,211,196,182,198
0,250.03191489361703,15.73605874960729,[25.837915],332.5061728395062,152,174,179,191,183,182
1,260.1764705882353,13.104938271604938,29.197096,346.2328767123288,126,151,168,176,172,179
2,221.0205479452055,10.352947452654044,[41.864483],329.13178294573646,119,135,143,162,149,107
3,224.95569620253164,6.563553682342501,[35.510693],397.0769230769231,112,137,130,158,144,103
4,241.3450292397661,5.527222777222778,[79.671074],394.9801324503311,96,125,127,155,112,113
5,237.27655310621242,3.3581267217630852,[80.44259],360.6264775413712,101,134,123,151,106,111
6,290.1527093596059,2.615079365079365,[13.939305],317.2687969924812,162,207,200,153,143,143
7,1125.592356687898,1.7374736101337085,[21.736603],282.06363636363636,265,286,215,210,225,220
8,502.8926553672316,0.9827404479578392,[27.045303],283.5338345864662,289,301,221,228,239,240
9,255.10204081632654,1.0597469282963508,39.17299,294.2413793103448,289,224,218,226,240,238
10,255.22857142857143,1.1790417043355215,[54.340412],257.4590163934426,268,210,211,209,233,208
11,215.4,1.3560067244277774,[19.849401],350.1333333333333,242,187,190,204,212,186
0,264.3333333333333,16.016476552598228,[26.449173],274.8709677419355,138,174,178,203,175,184
1,209.6986301369863,13.020303492709392,[36.33796],368.8032786885246,136,160,160,202,162,163
2,238.50340136054422,10.70719783648845,[54.421494],356.3333333333333,125,140,138,186,155,92
3,227.55704697986576,8.595211551733291,[72.40799],390.796875,131,136,127,177,153,95
4,246.70552147239263,6.359237536656889,[69.500175],354.32167832167835,127,134,121,163,104,95
5,241.00950570342206,4.130523108176739,[92.351036],354.92825112107624,133,131,124,128,105,95
6,333.32932330827066,3.502189381499727,37.346394,307.27592267135327,225,208,178,130,156,147
7,847.2037037037037,1.9979095270733376,[16.485367],244.80851063829786,274,305,213,205,226,236
8,408.2674418604651,1.452219321148825,[16.665907],249.20422535211267,274,316,222,240,240,240
9,247.53,1.505648178417058,[8.729245],235.79012345679013,273,236,221,240,239,240
10,201.54807692307693,1.909494093174771,[28.290375],330.4761904761905,244,214,203,234,221,225
11,205.50980392156862,1.8056951423785594,23.429855,334.468085106383,161,199,193,220,203,218
0,242.55670103092783,16.052186642268985,[40.04126],311.32183908045977,205,179,160,163,198,188
1,252.91780821917808,13.620833333333334,[39.12041],351.1666666666667,134,173,144,149,182,178
2,215.626582278481,10.50177304964539,[14.924199],336.0676691729323,128,135,140,134,158,151
3,218.87573964497042,8.41653383169351,50.29811,360.6066666666667,131,120,140,144,154,102
4,226.88343558282207,6.4045939294503675,[66.8391],356.22972972972974,131,122,125,153,160,104
5,225.9235412474849,3.9911804613297153,[68.846436],325.3644859813084,118,137,120,149,106,107
6,259.8167456556082,2.8442760942760943,[39.37422],286.5921052631579,177,200,160,223,153,167
7,1063.9174311926606,2.534068912117693,[23.243134],252.05381165919283,263,286,246,223,222,236
8,413.53374233128835,1.7435056328694494,[19.184027],228.03546099290782,272,310,216,232,239,240
9,236.72340425531914,1.8382113821138215,[29.788069],228.60759493670886,260,310,204,227,238,237
10,235.84810126582278,1.990534475724194,[17.314268],268.57142857142856,246,215,193,205,215,216
11,258.2328767123288,1.8659326139616825,[12.182679],319.0163934426229,230,191,178,184,212,200
0,215.15584415584416,16.752065793576556,[56.986282],251.66153846153847,152,168,171,197,199,182
1,236.02409638554218,13.278413028413027,[33.623417],289.7733333333333,128,159,153,171,184,167
2,237.4125874125874,10.413702239789195,[11.250264],324.4418604651163,119,139,128,148,163,95
3,231.94054054054055,6.943630915361565,[55.68723],351.0974025974026,123,143,121,145,148,89
4,237.40361445783134,4.65691326217642,[51.264523],350.0,131,140,131,149,89,101
5,229.54226804123712,3.2842792566549477,[73.622765],364.57882352941175,129,136,128,157,80,94
6,303.05882352941177,2.896952380952382,[29.154097],320.7992700729927,177,222,173,163,116,149
7,1325.905844155844,2.5405621096460784,[32.249035],255.0878048780488,269,306,197,240,202,227
8,344.90714285714284,1.5964121132323899,24.279167,317.13157894736844,275,314,214,240,236,240
9,222.7826086956522,1.798785425101215,28.025213,277.79787234042556,270,302,208,232,232,238
10,258.75,1.7931602478625772,[24.59481],288.64285714285717,250,210,200,226,230,226
11,226.97014925373134,1.6380201712009494,[35.11023],287.188679245283,229,191,192,214,218,198
0,237.6413043478261,15.95706228153797,38.97285,328.525,146,170,184,173,178,198
1,253.2,12.568960552836167,51.836563,298.06849315068496,141,152,172,157,162,122
2,215.5234899328859,10.004125278184878,27.63159,360.280303030303,128,129,157,139,142,106
3,221.5207100591716,6.9283953384132655,44.55218,358.8235294117647,122,136,134,138,138,108
4,236.88198757763976,5.245330859616574,[70.62128],368.02836879432624,114,148,138,122,96,117
5,243.87224669603523,4.102236860161932,[82.91691],361.81481481481484,123,150,135,72,100,114
6,418.2021439509954,2.661923363095238,34.91464,323.1575875486381,181,201,202,130,149,161
7,777.9628378378378,1.961111111111111,[16.71183],290.125,267,295,206,211,221,240
8,296.11392405063293,1.3426666666666667,[26.726465],296.8292682926829,280,303,225,228,224,240
9,262.875,1.3472915866308108,36.503166,350.0,272,211,213,221,220,233
10,229.46428571428572,1.654934717378964,[59.716534],363.07142857142856,253,196,203,210,213,223
11,230.7,1.3425598743619946,[42.75345],267.72463768115944,157,181,198,193,196,207
0,209.37234042553192,14.128373904576437,[30.100672],270.5584415584416,200,160,154,164,172,177
1,200.01190476190476,11.262839116719245,[24.486452],237.90540540540542,191,144,146,148,163,159
2,230.1382113821138,9.346045197740114,[24.199594],265.7307692307692,120,135,129,142,149,151
3,203.58333333333334,6.485894941634241,29.67315,274.66901408450707,109,133,120,127,141,141
4,230.2312925170068,4.976946966077401,43.419052,319.77272727272725,110,124,141,111,142,100
5,223.5752032520325,3.076592874225792,[45.107117],298.64200477326966,107,119,133,121,136,93
6,255.95223880597015,2.4377559377559384,[34.194115],265.7288732394366,159,182,198,179,141,140
7,278.69642857142856,1.6853002070393375,[13.216508],225.06451612903226,255,277,286,204,214,213
8,246.70253164556962,1.2470354504252807,[10.836944],209.1060606060606,279,288,292,214,237,224
9,225.4,1.1725359911406423,[29.67189],214.02702702702703,273,293,276,217,229,217
10,243.54022988505747,1.2777153558052434,[17.543444],265.8831168831169,256,270,192,203,213,201
11,255.82857142857142,1.2987075928917609,[14.080739],260.271186440678,236,249,179,191,193,190
0,218.0,14.703181818181818,[9.451992],256.35,206,152,154,184,185,175
1,215.9857142857143,11.085156819839531,[23.285141],295.0833333333333,139,142,144,167,163,159
2,228.74534161490683,8.63568376068376,[23.639275],330.3430656934307,125,129,134,156,137,138
3,220.94021739130434,6.101767180925665,[45.175827],343.43030303030304,136,118,137,150,139,95
4,220.73469387755102,4.325950916907004,[64.77029],329.28225806451616,143,124,136,141,142,113
5,240.23298969072164,3.650137741046832,[73.71014],309.64878048780486,135,120,145,119,91,116
6,334.77027027027026,3.9168287526427066,30.168379,267.71122994652404,185,166,220,174,159,171
7,660.7310126582279,2.2387713706172123,[10.92427],218.59274193548387,253,282,274,217,231,222
8,280.5337837837838,0.9486239079225925,[13.242223],225.35,289,295,302,231,240,240
9,211.0462962962963,1.1905071967100753,[18.501528],246.72916666666666,271,290,207,223,236,232
10,220.23611111111111,1.053625815808557,[12.510472],265.953125,262,253,201,216,230,217
11,239.91935483870967,1.447124961267761,[30.40507],267.8727272727273,232,164,174,199,218,202
0,254.32142857142858,16.375318066157764,[57.0184],340.9130434782609,157,195,160,178,180,178
1,251.57894736842104,13.242952783650459,30.88589,331.8985507246377,140,183,138,163,155,167
2,211.86075949367088,10.173140587066873,[37.076416],354.1904761904762,122,163,124,134,143,102
3,222.66666666666666,7.182652668608806,[40.733833],366.2098765432099,134,156,132,125,143,101
4,240.48529411764707,4.7482124616956085,[49.53145],355.90909090909093,139,157,147,147,107,104
5,231.4208037825059,2.9079500420319446,[61.409145],356.45098039215685,126,145,133,142,99,112
6,318.0421052631579,3.2315237114413216,45.582195,319.29432624113474,205,189,167,138,141,131
7,1292.3276836158193,1.9289201699321539,[20.143423],311.4401913875598,268,288,275,218,217,236
8,309.9823529411765,1.6580774365821092,26.021505,258.041958041958,283,311,203,232,229,240
9,250.08490566037736,1.6473523421588587,[51.010223],315.1847826086956,283,311,193,219,232,235
10,244.79268292682926,2.0274015872389155,20.308561,278.1388888888889,271,223,180,211,222,226
11,222.8108108108108,2.061137256595139,[35.42165],324.1639344262295,242,207,172,200,195,203
0,231.231884057971,16.385367945120052,[27.843699],282.031746031746,169,192,176,169,180,183
1,236.19767441860466,12.184139784946236,[39.714706],335.2432432432432,157,165,160,162,151,166
2,238.98666666666668,9.73400277748104,33.019394,330.7578125,141,145,152,147,125,104
3,215.2659574468085,7.302333389289912,[47.875336],363.0731707317073,143,129,143,134,114,114
4,229.74585635359117,4.350190788412964,[82.09919],371.76623376623377,149,123,150,143,128,116
5,226.4911591355599,3.1338383838383836,[74.72039],344.7944572748268,144,123,158,150,106,111
6,348.9703459637562,3.393867510103672,[51.281277],312.7859848484849,190,186,216,154,144,194
7,1202.4213836477988,2.063133232016211,24.165499,241.74324324324326,273,272,283,219,217,240
8,310.9583333333333,1.1434825543120473,[21.781326],274.5483870967742,282,320,226,224,227,240
9,271.22549019607845,1.0715568862275449,[36.30867],292.69135802469134,285,314,225,214,228,237
10,209.2027027027027,1.4019349845201239,[21.533747],250.15384615384616,277,225,206,204,216,232
11,245.6206896551724,1.5013094534088027,23.450796,331.2916666666667,258,210,189,191,191,207
0,230.8,16.322733202870186,[31.146803],285.45588235294116,146,168,155,173,179,201
1,232.0595238095238,12.613213627992634,[43.132935],368.19117647058823,136,144,154,156,147,168
2,233.68711656441718,10.438003220611916,[51.635925],389.35971223021585,123,134,141,134,141,110
3,221.40782122905028,7.593524283935243,[59.113667],371.88198757763973,116,137,146,129,100,102
4,250.35714285714286,4.821034106080835,51.73262,336.9674796747967,127,127,155,135,105,100
5,236.45283018867926,3.6199902248289346,[103.57056],360.7641723356009,121,137,152,133,94,107
6,322.44303797468353,3.170979335130279,[19.329153],300.6679462571977,202,200,212,136,148,162
7,981.2976588628762,2.4769123783031994,[14.440637],283.151376146789,272,303,204,199,226,234
8,279.77027027027026,1.53063872255489,[16.946453],258.664,279,309,218,218,239,240
9,263.2340425531915,1.3027586206896553,31.895388,303.7974683544304,267,300,217,209,226,231
10,249.18421052631578,1.498970430771765,[33.84967],287.2835820895522,244,211,195,200,208,220
11,210.59016393442624,2.0364372469635623,[34.638184],329.72549019607845,215,195,172,176,199,213
0,257.11494252873564,15.867295597484278,[34.14216],371.85135135135135,160,191,171,186,186,166
1,232.2051282051282,13.426759548402597,[18.544218],336.6575342465753,144,159,164,171,166,101
2,244.96621621621622,11.020850169710684,[52.888718],388.2238805970149,134,142,153,148,142,88
3,243.59354838709677,8.050532573693335,[79.292175],387.22962962962964,127,132,151,141,92,91
4,241.35526315789474,5.247933884297521,[75.41634],373.25,120,130,150,137,99,90
5,240.390243902439,3.860224089635855,[102.97232],358.4703087885986,104,135,141,107,92,101
6,334.500772797527,3.436780000932793,[21.418434],299.17422867513613,180,211,214,152,121,143
7,1141.2091503267975,1.803438789546079,[29.684626],254.45744680851064,254,301,221,232,233,213
8,279.1372549019608,1.6175944333996022,26.068064,277.6328125,268,316,222,232,236,235
9,251.1359223300971,1.5657331631503866,[20.480042],290.0348837209302,258,239,222,224,237,222
10,228.21621621621622,1.4811468970934802,[14.47673],281.171875,253,232,208,220,222,205
11,223.12,1.0607684139395694,36.560017,339.7142857142857,161,204,197,198,205,186
0,239.96039603960395,14.783255813953486,[26.218811],305.685393258427,214,185,172,179,159,166
1,228.7032967032967,12.601036036036035,26.947554,271.54761904761904,149,173,150,165,143,145
2,231.59375,9.521848414539829,[23.910706],290.25563909774434,142,156,149,155,130,130
3,228.83040935672514,7.170912661611478,[28.58931],341.23571428571427,146,137,147,153,127,87
4,218.1265060240964,5.243050605844618,[47.366375],333.3262411347518,147,131,150,147,133,85
5,232.2124248496994,3.339774260826893,[45.44598],330.73193473193476,159,127,137,141,90,87
6,280.934375,2.7290909090909095,[63.279995],310.3475836431227,191,209,184,226,139,151
7,751.8148148148148,2.1858678955453152,[16.923822],243.890350877193,247,296,287,235,221,202
8,321.60769230769233,1.6545454545454545,[24.85211],250.025,275,305,219,240,234,223
9,240.6,1.6504169562195967,18.620825,276.2413793103448,269,293,210,238,211,218
10,211.53763440860214,1.5022476050110536,40.4179,310.42105263157896,254,268,208,224,189,214
11,229.8548387096774,1.4356479433878817,37.847153,287.05263157894734,236,194,190,206,178,186
0,232.08045977011494,16.166179337231966,[42.227962],381.52054794520546,145,145,178,194,188,176
1,256.35051546391753,13.138769670958512,[57.561676],354.2048192771084,133,131,160,172,175,161
2,238.0328947368421,9.485057719279318,33.761562,345.48148148148147,124,120,143,152,162,105
3,233.20218579234972,7.559310910582443,[41.876472],386.9605263157895,126,120,146,152,153,98
4,228.46242774566474,4.766586393738712,[93.672874],375.75816993464053,122,128,147,149,109,100
5,234.73727087576376,3.492404767469034,[89.44579],342.34272300469485,120,137,155,156,106,104
6,335.4290322580645,2.544432642945654,[20.121275],295.5335820895522,182,194,222,172,162,144
7,1493.6456456456456,1.7273840127310562,[15.126525],230.96428571428572,277,286,293,239,240,221
8,305.0522875816994,1.2983300589390963,[20.419012],254.44274809160305,278,303,226,240,240,240
9,233.93975903614458,1.4216216216216218,[18.908628],293.8666666666667,262,289,222,233,234,240
10,249.54545454545453,1.4839537869062902,[21.016397],317.78205128205127,247,201,209,217,222,216
11,214.01666666666668,1.663140409162441,[15.250725],386.4230769230769,219,184,196,207,202,196
0,251.51764705882354,15.472649784839458,30.12178,287.125,145,176,183,178,155,170
1,244.16666666666666,12.512372634643379,31.837599,332.9230769230769,141,157,161,162,135,160
2,227.35416666666666,10.73347882043534,[38.519222],363.70940170940173,120,137,148,146,131,95
3,220.83040935672514,7.209784071625023,[50.42976],378.94520547945206,110,126,137,145,138,87
4,216.3081395348837,4.416718769538578,68.08521,359.7959183673469,119,129,144,146,100,89
5,234.15102040816328,3.0255483707366544,65.65816,332.62971698113205,123,140,132,139,95,88
6,534.322206095791,2.840182648401827,[52.324146],299.4236983842011,167,222,215,142,143,133
7,1192.067092651757,1.7125095697442962,[22.10674],241.4950495049505,258,307,298,240,231,221
8,309.3380281690141,1.2813609467455618,[10.932485],253.3089430894309,266,319,229,240,240,227
9,262.0652173913044,1.1442372881355933,25.663355,243.93589743589743,270,313,218,234,222,218
10,238.7872340425532,1.3714216203065444,[25.866358],337.3953488372093,248,221,206,223,202,198
11,225.25352112676057,1.6628769588692331,38.85296,318.25,223,198,197,207,183,191
0,235.23762376237624,15.175333333333334,[21.36627],341.8965517241379,143,171,152,182,173,179
1,239.575,12.57516077170418,[45.284115],378.8030303030303,138,163,135,168,155,174
2,225.60902255639098,9.79539641943734,[47.709393],364.87931034482756,128,153,124,149,142,86
3,216.5414364640884,7.588100686498857,[56.25629],383.3066666666667,123,167,127,134,133,76
4,215.01176470588234,5.608838383838385,73.72439,360.5850340136054,131,153,134,133,89,80
5,239.90835030549897,3.2573263499189418,[98.35058],343.79857819905214,125,148,147,127,98,84
6,376.18099547511315,2.963927763151818,[16.56971],286.20640569395016,188,196,217,154,146,130
7,1435.7845659163986,1.4266846361185985,[19.218428],231.065,275,301,223,223,237,225
8,290.5092024539877,0.9879960962914774,[17.422209],245.30769230769232,282,318,230,227,240,240
9,239.75903614457832,0.9531375166889187,[23.020103],250.1891891891892,281,304,223,220,230,240
10,271.6219512195122,1.165215976572033,[25.471685],320.6575342465753,249,219,199,203,207,217
11,254.6231884057971,1.2016661737158632,[29.09659],330.0175438596491,167,204,181,188,193,194
0,227.63953488372093,16.568739837398372,[29.97615],315.679012345679,129,148,200,188,178,182
1,262.2987012987013,12.00438596491228,[35.85001],346.27272727272725,130,134,169,166,156,157
2,216.58992805755395,9.751454981170832,[58.910717],357.98387096774195,121,120,142,149,148,82
3,249.3240223463687,6.187574245664054,[51.05519],345.64666666666665,126,127,127,136,136,80
4,234.55851063829786,4.480786589297227,[58.286102],365.5151515151515,139,131,124,137,95,79
5,231.62875536480686,2.6950632149307645,[70.03393],348.7205128205128,143,147,130,149,97,89
6,384.0862865947612,1.8075475249388293,43.126263,310.89396709323586,196,194,184,152,130,156
7,1610.1630094043887,1.8643835616438356,[18.959974],259.21693121693124,281,299,214,214,215,237
8,311.15723270440253,1.2861517976031958,[16.653193],262.06976744186045,281,303,225,224,229,240
9,219.09677419354838,1.4214682434730042,[28.21609],290.24657534246575,263,217,223,226,231,233
10,226.9764705882353,1.392515509305583,[34.133995],340.3478260869565,244,202,218,216,215,220
11,253.61290322580646,1.7701754385964912,[48.63522],359.64150943396226,153,183,212,203,197,192
0,205.98958333333334,16.13467894239849,[23.002304],332.0,146,190,180,179,184,180
1,246.3048780487805,12.348018895208714,[58.846085],376.88157894736844,134,175,161,155,169,108
2,242.10526315789474,9.601184275453697,[28.049109],354.41964285714283,112,150,140,138,148,105
3,245.25806451612902,7.424434215573457,[71.15239],364.7686567164179,106,142,131,137,94,101
4,229.5421686746988,5.496222974733004,[79.74221],364.3021582733813,116,144,125,140,82,91
5,240.17190388170056,3.315312377722708,[92.47311],349.33408577878106,114,127,131,134,85,106
6,381.946587537092,2.1744351253494663,[31.578043],284.6259259259259,188,195,201,162,132,161
7,1244.172077922078,1.904081632653061,[30.4195],257.72020725388603,277,313,221,226,223,210
8,288.7564102564103,1.4981747066492825,[8.85838],247.76612903225808,274,320,240,240,240,220
9,258.56310679611653,1.6050802139037432,[12.454667],298.9166666666667,270,311,223,229,239,224
10,239.3068181818182,1.8805014037723906,[11.992835],298.640625,246,223,210,219,224,209
11,255.76388888888889,1.7759369394883415,[25.990808],316.57142857142856,160,210,199,203,208,197
0,233.3953488372093,15.817520325203251,[17.16708],297.52564102564105,155,134,190,190,179,177
1,250.03571428571428,13.283829676071056,[28.313332],328.5,150,130,176,167,168,166
2,206.11764705882354,10.255519734271202,35.328365,339.5,138,123,157,143,152,140
3,235.7191011235955,8.526943510788247,[37.26459],346.23026315789474,141,116,143,157,145,100
4,207.45679012345678,6.198049674047736,[83.69194],334.94814814814816,138,111,151,160,153,94
5,227.708,4.0778783800318115,60.194073,321.49176470588236,135,118,160,147,96,87
6,282.8211508553655,2.8033943874979,[22.955355],271.3251879699248,184,162,228,215,148,145
7,556.9716981132076,1.9965356080661507,[14.498158],242.26335877862596,243,250,299,227,225,213
8,299.0745341614907,1.2635355512067836,[14.164868],213.95348837209303,283,289,316,238,240,240
9,241.0842105263158,1.4767558528428093,[13.740955],274.0886075949367,274,279,234,240,231,237
10,225.75581395348837,1.4892984967788117,[20.151722],258.9577464788732,264,251,226,226,223,207
11,228.27118644067798,1.7902572809194204,25.599894,317.74418604651163,235,154,202,220,200,198
0,223.5934065934066,14.814845360824743,28.28449,306.725,225,185,143,175,184,155
1,205.2621359223301,12.486323155216285,[21.019777],261.74444444444447,147,180,128,154,178,130
2,233.79333333333332,9.207729468599034,[27.814484],310.968,128,164,117,143,156,120
3,234.0483870967742,7.552367765162004,28.651428,310.85,131,158,121,140,152,83
4,220.98387096774192,5.197515527950311,[45.58965],307.02649006622516,128,160,111,146,162,98
5,224.47780126849895,2.5237154150197627,[43.37364],310.32758620689657,117,161,118,156,99,108
6,259.0779014308426,1.9652801073465282,[21.986181],258.9496124031008,174,202,174,230,154,150
7,416.36524822695037,1.2648162525879918,[11.087143],228.3613445378151,262,302,260,218,213,217
8,234.16901408450704,0.7040067128172854,[19.41036],212.65,293,313,276,237,231,239
9,215.55445544554456,1.005978260869565,[13.54805],227.31034482758622,286,311,192,230,223,230
10,221.20731707317074,1.0160102115244347,[39.412273],264.59090909090907,268,296,181,199,212,215
11,209.25714285714287,1.053225806451613,[23.299576],263.1896551724138,245,259,166,201,188,181
0,225.0531914893617,15.6962228024369,[20.502352],281.1948051948052,199,192,192,195,183,188
1,227.02020202020202,12.226767676767677,[38.169205],325.0609756097561,137,160,174,176,167,176
2,222.94736842105263,8.711358635863586,[53.73673],312.37068965517244,122,147,156,162,157,165
3,218.8443113772455,6.257408609128271,38.446903,336.9127516778523,114,139,138,152,149,112
4,241.7202380952381,3.9523284043257547,[38.289867],315.68243243243245,127,135,129,144,142,111
5,236.36666666666667,1.959736642187896,[56.933926],326.35360360360363,126,135,132,129,89,107
6,287.7915407854985,1.5905723905723905,32.628536,282.73083778966134,180,208,217,201,131,143
7,744.9779179810726,1.3065241844769402,[18.114286],240.36742424242425,261,304,291,240,221,207
8,1089.7135135135136,0.792471434371556,[15.845092],248.8102189781022,283,320,319,240,240,240
9,252.98058252427185,0.7012771392081738,31.188688,215.36170212765958,286,320,240,240,240,240
10,248.775,0.9790750967354146,[13.809499],258.92957746478874,257,233,230,225,228,228
11,211.5151515151515,0.968925404701863,[20.723547],267.35593220338984,241,208,212,208,210,215
0,221.98095238095237,16.151515151515152,[40.657043],277.22222222222223,144,198,163,180,185,186
1,232.65217391304347,14.060045317220544,34.95817,307.375,138,189,154,162,183,167
2,247.94573643410854,10.896135265700483,41.747757,341.35779816513764,127,167,137,131,170,96
3,249.09248554913296,8.092495153697035,[48.14095],369.65277777777777,128,163,134,115,153,92
4,241.83240223463687,6.245773094829701,[59.744473],368.99367088607596,120,172,128,120,115,87
5,243.70576923076922,3.9597575757575765,[66.946686],378.8130841121495,125,155,136,120,117,97
6,452.8855799373041,2.748376623376623,[46.81151],349.9111531190926,190,215,213,155,148,135
7,1290.4041916167664,1.8319727891156463,[33.71849],290.5771144278607,271,309,216,222,226,226
8,382.0059880239521,0.9965573770491802,34.02064,256.39864864864865,282,318,228,228,236,233
9,240.6,1.0333456017666545,31.676659,273.8809523809524,280,237,228,228,229,228
10,282.5375,1.1594576642050565,54.496124,320.69354838709677,262,221,207,215,223,219
11,231.13636363636363,1.1843498817966902,37.635033,274.23728813559325,168,212,188,202,203,202
0,248.2952380952381,15.566247002398084,[46.94229],333.0833333333333,130,165,184,181,150,163
1,239.55434782608697,12.407004830917874,[61.28168],299.15584415584414,130,162,175,165,140,92
2,233.6418918918919,9.436726081403743,[40.875954],324.219512195122,116,150,149,153,124,91
3,219.21022727272728,7.841798552324866,[50.220783],377.37106918238993,134,145,149,138,84,91
4,226.4472049689441,5.13903743315508,[63.970684],375.3703703703704,131,159,138,130,87,103
5,244.220675944334,4.294871794871796,[66.96335],368.23732718894007,140,148,146,98,91,105
6,495.9348171701113,3.0408473325519823,[31.497879],332.0144927536232,229,214,209,146,137,162
7,1030.9711538461538,2.2539014373716637,[21.748243],271.99530516431923,280,314,232,209,201,225
8,327.0064102564103,1.5552456839309434,28.551394,299.4016393442623,282,319,240,227,207,231
9,226.20731707317074,1.584435382445977,[56.429504],348.17808219178085,261,232,230,232,205,221
10,251.91549295774647,1.6305420762307663,[36.789825],340.4035087719298,236,212,213,214,182,212
11,215.11428571428573,1.9535586277521761,[43.759388],363.3220338983051,155,183,199,201,164,183
0,228.68269230769232,16.742229699814043,[37.19138],341.80645161290323,143,181,180,175,185,118
1,256.7631578947368,13.175160559996305,55.640644,379.728813559322,144,182,166,160,176,113
2,237.67549668874173,10.74118738404453,[53.645107],398.8814814814815,129,164,149,136,112,94
3,241.83018867924528,7.1542002301495975,[74.02673],382.0833333333333,131,164,151,139,107,98
4,256.24444444444447,4.60455486542443,[85.90118],406.23026315789474,142,162,145,89,102,96
5,247.84830339321357,3.6851570415400206,[68.18672],397.37965260545906,140,164,154,77,100,117
6,400.4659442724458,3.1476007677543194,[74.67733],389.67597765363126,200,225,146,129,158,184
7,1022.1857142857143,2.009654943596549,51.974537,334.2450980392157,268,319,217,239,225,239
8,616.748502994012,1.6087767101677897,[18.127615],339.14285714285717,270,240,238,240,240,240
9,272.4567901234568,1.420324670597656,[18.128778],371.98571428571427,264,240,240,237,231,234
10,226.42105263157896,1.6630695443645083,[59.888092],421.0615384615385,180,222,224,218,197,210
11,260.1029411764706,1.5456503014642549,[57.414764],399.03636363636366,157,210,203,197,197,197
0,216.75280898876406,15.493728028124,[34.39591],347.25925925925924,150,183,178,167,178,187
1,235.6086956521739,12.909801381692574,[49.139267],317.4756097560976,135,182,158,156,164,170
2,230.05882352941177,9.732336956521738,[34.131817],343.87179487179486,125,163,151,139,148,106
3,236.55232558139534,6.545844799119428,[49.08893],371.202614379085,126,158,136,136,137,97
4,235.56,4.21279055616405,69.84653,359.78125,129,147,140,137,99,95
5,232.22844827586206,2.7385275463250847,[67.84769],344.65664160401,132,128,131,143,99,98
6,302.37151248164463,1.953097387400296,[23.791748],299.20344827586206,190,181,193,142,149,142
7,824.6337579617834,1.2054794520547945,[18.018194],253.31858407079645,278,276,305,218,231,225
8,351.23952095808386,0.6636363636363637,[27.369535],246.0791366906475,291,305,230,234,240,240
9,228.25742574257427,0.8255868544600942,[21.466196],266.57142857142856,286,300,225,228,218,234
10,210.02469135802468,0.9379838898881677,[29.439606],332.8285714285714,276,212,216,216,204,222
11,217.98181818181817,0.7603199174406604,[28.614693],293.3720930232558,248,198,193,188,193,204
0,222.4516129032258,15.90038314176245,[18.97814],328.037037037037,160,159,180,180,191,174
1,226.30769230769232,13.001394700139473,24.451614,340.8292682926829,150,157,151,166,176,156
2,242.94267515923568,10.519323671497585,[55.89545],370.5,130,147,142,146,158,105
3,245.96449704142012,8.8455808547731,[49.32903],352.0890410958904,133,141,146,147,155,101
4,254.6505376344086,6.042533302173404,[81.95089],351.748502994012,148,136,143,149,102,100
5,231.6653144016227,4.994709295710547,78.11335,333.40384615384613,153,142,144,138,99,123
6,320.88449848024317,3.598678254571791,[24.808683],279.29891304347825,207,188,173,141,165,178
7,1284.1850746268656,1.604172453167917,[12.854196],241.3443396226415,280,271,291,224,237,240
8,253.08609271523179,1.3015727391874181,[16.322874],247.0751879699248,284,290,232,240,240,240
9,237.55238095238096,1.1625850340136055,[17.447115],291.7204301075269,272,285,224,222,231,236
10,246.2987012987013,1.5793491361992766,[23.637667],307.0,258,196,209,206,224,217
11,227.0,1.5069525666016894,[23.902517],304.6190476190476,238,189,191,189,209,199
0,221.9655172413793,16.373125000000005,22.26919,230.88571428571427,206,166,201,188,199,192
1,191.4625,13.507015742642023,[15.742264],312.23943661971833,134,151,182,156,181,170
2,232.52142857142857,9.8830738177624,34.00897,328.2416666666667,125,136,158,135,155,158
3,214.76436781609195,7.310583300266425,[23.785727],340.31875,129,123,158,119,147,91
4,238.88505747126436,4.236218691694465,[54.08139],329.5973154362416,133,125,156,114,142,99
5,227.16767676767677,2.7827035789998753,[56.578384],342.6338672768879,128,134,142,116,108,101
6,310.95751138088013,2.4360332118952805,39.6292,308.61844484629296,182,207,206,180,146,152
7,1290.578947368421,2.0126900364367386,[24.96447],243.32291666666666,273,276,297,218,232,220
8,286.73939393939395,1.2306771955013163,[19.002924],237.77692307692308,284,294,310,224,240,240
9,232.6,1.3138211382113822,[40.436367],226.97979797979798,270,290,225,223,236,232
10,241.03125,1.1512847965738757,[29.199305],259.0,254,274,217,210,219,227
11,249.97260273972603,1.5649009984768998,[32.521633],280.6034482758621,225,187,216,198,206,212
0,213.13636363636363,15.301643192488264,[20.373398],317.38961038961037,134,186,166,184,154,170
1,228.57731958762886,11.714912280701755,37.61006,322.5121951219512,130,172,162,158,138,152
2,225.83443708609272,9.117357773555382,[40.48573],326.8359375,121,143,143,145,123,103
3,229.67914438502675,6.07435738792958,41.262936,347.1210191082803,129,133,135,145,132,99
4,243.3859649122807,4.602604292259464,[66.815186],366.2027027027027,130,143,140,142,97,102
5,232.84567901234567,3.5480186480186484,[50.13359],350.6707616707617,135,141,156,144,97,107
6,400.54458598726114,2.9068283917340523,[34.00644],313.11623616236164,188,215,215,138,159,145
7,1347.873900293255,1.9165973185390657,[25.544409],264.86255924170615,274,296,299,220,226,230
8,361.90909090909093,1.2019369665134603,40.19102,266.6551724137931,278,305,233,235,232,240
9,236.83168316831683,1.3109479305740988,[19.459694],229.64556962025316,267,301,226,237,227,240
10,226.26506024096386,1.4467712397483876,33.95689,289.70666666666665,245,207,223,224,201,222
11,214.5,1.4295863114576564,31.674528,313.734693877551,224,197,207,201,182,204
0,241.31,15.542504537205083,[36.213196],293.0,207,184,168,175,177,191
1,218.41758241758242,12.615,30.22492,309.9066666666667,152,165,158,165,169,166
2,219.68309859154928,10.473293388641366,26.27078,343.6641221374046,149,148,147,147,157,101
3,222.97701149425288,6.52239293886891,[40.9841],361.5359477124183,139,139,124,142,146,108
4,231.63742690058479,4.072691434715088,[59.014996],368.0064935064935,142,141,118,126,108,126
5,235.80923694779116,2.3929371536375426,[67.47516],337.7832167832168,138,145,120,130,113,125
6,323.8890649762282,2.5456518789852125,[49.41028],289.9233644859813,189,197,163,155,173,176
7,877.4548192771084,1.5187318100191962,[22.616318],242.11203319502076,279,289,281,223,231,235
8,613.7391304347826,1.1500648088139984,[11.892067],290.6585365853659,279,304,240,240,240,240
9,295.88349514563106,1.132588699080158,28.030352,233.89411764705883,274,297,237,238,240,236
10,203.46341463414635,1.5833688864755846,[30.295876],256.3768115942029,251,220,221,223,218,224
11,252.2,1.4775986044334766,[24.942606],286.03125,234,202,203,200,200,198
0,224.95890410958904,15.548177083333332,[21.056879],246.59375,160,165,187,163,156,193
1,228.89655172413794,12.088867544822538,[27.54112],301.5466666666667,135,149,159,155,146,167
2,222.7109375,9.45710332103321,[27.181326],320.0964912280702,116,134,146,138,134,145
3,241.35416666666666,7.067515022976315,[46.39314],335.3276836158192,114,127,142,129,126,100
4,236.91666666666666,4.5937267896931955,[46.58278],331.25581395348837,133,133,143,119,126,107
5,234.3136842105263,3.619949494949495,[76.458954],343.3203883495146,131,136,136,117,94,106
6,324.6513353115727,3.495164410058027,[44.685627],297.91160220994476,209,192,188,156,130,159
7,707.0793650793651,2.324614352783367,27.240105,235.662100456621,272,304,304,177,212,222
8,327.29936305732485,1.5004112969564025,[16.568615],251.31578947368422,282,306,306,210,225,234
9,233.3861386138614,1.3364222674813306,[22.525293],239.73333333333332,281,313,223,202,221,233
10,229.32467532467533,1.4092057761732852,[38.03511],247.71428571428572,264,297,215,190,198,221
11,229.27272727272728,1.3366237169687705,[39.198368],284.037037037037,247,199,197,180,178,204
0,243.51111111111112,16.55067775723968,[25.433945],317.7848101265823,145,191,181,190,195,180
1,240.74725274725276,13.720238095238095,[28.892542],297.17283950617286,141,177,174,174,178,164
2,244.0071942446043,10.149559430071243,[23.126724],303.9230769230769,135,152,145,158,156,143
3,228.71929824561403,7.95776397515528,[31.040665],340.7103448275862,130,144,143,155,137,96
4,225.37662337662337,6.073147049304133,[71.82126],376.8062015503876,122,158,142,157,121,106
5,230.62301587301587,4.374346201743462,52.678116,345.6190476190476,120,155,131,141,81,102
6,263.18030303030304,2.018181818181818,[50.664158],311.6025878003697,186,237,186,198,139,154
7,931.867231638418,1.133184523809524,[16.366365],271.800796812749,269,297,298,220,221,231
8,314.6058394160584,0.5788189987163029,18.975012,252.856,290,311,237,240,240,240
9,255.66666666666666,0.713965744400527,[52.98225],280.61538461538464,284,297,231,232,239,235
10,211.39772727272728,0.9690199239894046,[18.120039],240.06578947368422,269,216,219,220,226,221
11,242.98461538461538,1.2361441826094097,[25.813002],225.47058823529412,239,216,209,202,217,199
0,235.0,15.070542046605876,[27.55345],337.14084507042253,158,162,154,169,171,173
1,213.8505747126437,11.890470766894454,[33.72949],371.2,141,150,138,146,153,150
2,221.95744680851064,9.540998731403528,[63.956753],357.5508474576271,124,147,132,130,133,88
3,226.37373737373738,6.553113983548767,29.134756,350.8922155688623,129,137,128,128,135,83
4,229.7439024390244,4.9108414825546305,[67.73641],324.6928571428571,127,138,143,130,106,109
5,218.15485074626866,3.1265679130330906,[67.9644],329.3104925053533,132,146,141,125,107,110
6,339.9019607843137,2.108131339178271,[30.393578],292.1634980988593,203,214,201,151,162,177
7,1307.7909407665504,1.9630998583133115,22.849335,270.0,274,303,280,220,229,240
8,384.89677419354837,1.7167108753315647,30.067337,242.4126984126984,275,311,211,232,239,240
9,254.88095238095238,1.5099865047233463,[29.823359],278.1014492753623,269,308,211,225,240,229
10,214.77142857142857,1.6408430761762205,[37.020718],300.06779661016947,254,209,190,207,232,209
11,232.74683544303798,1.4964196204797706,[32.039284],335.59090909090907,236,186,171,193,199,191
0,219.50526315789475,14.683809523809524,[23.773376],319.6219512195122,185,176,164,180,162,183
1,235.69333333333333,12.482308377896613,[24.643677],271.22222222222223,127,152,155,166,153,182
2,257.17857142857144,9.614285714285714,[46.252087],354.1404958677686,118,141,136,146,136,163
3,216.98305084745763,7.23818039566335,[37.979664],289.7278481012658,116,143,141,136,133,109
4,226.66037735849056,4.661176987263945,[25.918562],297.80575539568343,128,148,136,136,133,111
5,232.64225941422595,2.7523446292359632,[38.357487],341.98571428571427,126,137,128,134,99,103
6,256.99525316455697,2.7993893523694844,[41.63119],310.7639405204461,181,195,172,194,158,157
7,856.29,2.6072075569358177,[20.488401],252.25,257,301,248,214,222,230
8,266.5406976744186,1.6529926832193842,24.425024,268.6546762589928,271,320,301,229,228,239
9,234.91860465116278,1.7030054644808739,[46.93463],254.91666666666666,253,310,218,224,221,238
10,244.27380952380952,1.716420664206642,[21.779236],238.25,231,288,197,214,201,224
11,233.44615384615383,1.6174692049272115,42.16968,277.74074074074076,202,199,189,194,187,204
0,236.52808988764045,16.010156008649986,[40.393898],285.30555555555554,163,195,181,176,187,177
1,239.20618556701032,12.383252818035425,[36.568943],315.6363636363636,143,177,166,161,167,104
2,242.33333333333334,9.458298494983277,[34.441235],380.1732283464567,122,162,155,138,153,102
3,226.5281690140845,7.686405891585173,[42.556164],378.4274193548387,111,149,138,135,114,106
4,247.43030303030304,4.862264621523881,[67.555595],420.46527777777777,103,143,130,137,113,103
5,239.72494669509595,3.1114383897889057,[98.35376],386.88250652741516,104,152,123,96,112,92
6,315.9908952959029,3.1653322095799967,[55.50572],341.90685413005275,173,231,186,138,164,125
7,947.796875,1.3410529938059184,[36.93098],287.0095238095238,269,303,211,226,239,205
8,272.94594594594594,0.6991216655823034,[33.203068],284.8099173553719,288,310,232,233,240,234
9,263.5480769230769,0.7355872148815236,[28.654978],257.8953488372093,287,230,229,226,231,223
10,253.95454545454547,0.900285119827387,[41.22936],308.4339622641509,276,224,217,209,226,214
11,243.24324324324326,0.9191919191919191,36.54654,316.45454545454544,186,203,198,194,210,197
0,221.19626168224298,15.652610441767068,[25.28269],300.3666666666667,142,193,162,159,174,166
1,239.41237113402062,13.676356589147286,[57.686634],381.5882352941176,134,190,143,151,171,157
2,256.7986111111111,10.750310559006211,[71.28209],319.456,130,172,125,133,148,97
3,253.16571428571427,7.836201521386707,43.673916,347.34615384615387,125,155,123,134,97,95
4,244.39772727272728,5.104956447061711,[64.22319],367.1,130,153,123,145,93,97
5,234.3177966101695,3.053341508277132,[56.71636],360.4154228855721,129,135,137,100,87,111
6,374.58181818181816,2.395421245421246,[40.503925],350.7909836065574,193,188,218,157,131,153
7,876.14381270903,2.3141707487753673,[31.488989],296.94174757281553,274,284,208,225,208,230
8,274.8382352941176,1.6921404682274248,21.523775,323.6574074074074,276,311,214,232,222,240
9,225.93103448275863,1.7591799265605879,[47.861485],279.038961038961,264,223,215,223,223,228
10,233.88505747126436,1.704022872790239,[41.99217],270.2739726027397,253,214,194,211,207,228
11,265.5806451612903,1.7783605283605282,[29.611664],347.1320754716981,162,210,178,190,205,199
0,234.69135802469137,15.844541910331383,[38.189228],363.53125,145,178,173,186,181,163
1,250.04901960784315,13.741226975490441,[59.81506],400.31111111111113,128,161,158,173,160,91
2,236.70945945945945,10.710401761144743,[64.69362],355.9596774193548,134,149,148,139,140,80
3,222.38216560509554,7.887313243859207,44.67249,356.9352517985611,128,146,138,143,88,75
4,258.69354838709677,5.304695304695304,[66.427925],372.3481012658228,128,139,142,148,97,74
5,245.96780684104627,3.783730158730159,[69.95968],386.0934579439252,121,141,154,122,102,80
6,676.0484114977307,2.913335971507717,[38.427715],333.2475633528265,184,190,245,162,160,142
7,1251.3245033112582,1.8412896691424716,[20.43028],296.42391304347825,274,308,217,234,231,217
8,374.9141104294479,1.2741628365068942,[43.207256],313.8837209302326,278,313,230,240,240,222
9,270.265306122449,1.322907830192159,[36.25139],398.2073170731707,274,228,229,240,240,216
10,214.25,1.3975162625665287,[39.528507],341.6,249,212,218,226,226,204
11,244.6,1.2876826517603215,[38.19663],292.9807692307692,168,191,194,203,204,173
0,239.47826086956522,15.371152586771448,[55.86256],357.375,159,164,175,164,178,178
1,254.16438356164383,13.054909623839768,[48.10046],381.57142857142856,143,157,167,146,158,119
2,244.09558823529412,10.264488184659246,[29.587244],337.9830508474576,127,147,145,132,133,109
3,228.2922077922078,7.379553466509988,[50.405716],326.8984375,123,131,144,139,132,108
4,233.16352201257862,5.22764429031459,[56.632446],381.59285714285716,122,128,146,133,98,107
5,218.57983193277312,3.9910928400137045,[92.971016],374.72274881516586,113,124,152,101,92,113
6,439.58727810650885,3.325124760971969,28.267664,327.83098591549293,185,192,206,148,134,156
7,1726.4921630094043,2.192643051771117,[30.604788],308.7529411764706,282,283,222,232,209,240
8,266.2774193548387,1.525316034597472,[28.260504],322.34586466165416,283,292,231,240,217,240
9,241.73563218390805,1.7422920080795756,[48.275143],316.43589743589746,278,195,232,236,211,229
10,270.4736842105263,1.4748337301913128,37.621807,316.015873015873,253,179,208,212,209,221
11,213.42352941176472,1.398550724637681,[35.3679],311.8333333333333,177,167,188,183,189,200
0,208.45054945054946,15.869202898550725,[36.072548],348.58024691358025,154,182,177,169,166,187
1,243.00900900900902,13.150354609929078,42.70798,306.0408163265306,147,152,158,159,158,166
2,232.9,10.791557006000632,[33.302578],347.89473684210526,143,134,151,154,139,105
3,266.3314917127072,7.436024844720497,[38.545624],345.90683229813664,128,145,151,148,131,102
4,255.29054054054055,5.315003972307344,[26.96067],334.0487804878049,130,142,154,155,104,116
5,233.44190871369295,3.8506997530283433,78.319534,384.5682926829268,131,136,143,145,109,109
6,378.2484756097561,2.7290127758420444,[59.04579],333.34154929577466,197,197,178,141,159,153
7,958.5690235690236,1.4721886148596246,36.815144,280.22477064220186,266,305,291,211,234,228
8,338.9113924050633,0.8175341574495775,[29.843613],280.10526315789474,285,311,231,232,238,240
9,249.92592592592592,0.8147802929427429,36.13358,244.2183908045977,281,305,226,229,228,233
10,263.6630434782609,1.0541364698427786,23.783035,271.34177215189874,261,216,208,220,206,218
11,232.8507462686567,1.24058318012741,[48.110767],325.1698113207547,236,207,201,191,187,209
0,234.4468085106383,16.433210784313726,[30.884438],365.4266666666667,165,203,175,185,192,168
1,231.3764705882353,13.521509086726478,[60.290253],392.9577464788732,157,179,155,171,173,110
2,243.05625,10.340291212707465,26.107512,348.593984962406,137,165,151,158,149,94
3,246.04142011834318,7.999129223267152,[54.506214],389.81208053691273,133,156,154,153,96,91
4,242.44919786096256,5.793372434017595,76.15474,404.7025316455696,127,150,149,153,96,100
5,238.96737044145874,4.167054865424432,[91.69718],388.1021739130435,114,144,156,117,103,102
6,574.9414483821264,3.3492770215833443,[34.630505],332.79330708661416,182,206,226,175,173,161
7,1478.3501577287066,1.2657894736842106,[17.199099],282.1837837837838,279,311,219,235,236,240
8,345.83561643835617,0.7292659368963296,[27.323156],337.42622950819674,286,319,231,239,238,240
9,240.74489795918367,0.8959591095966517,[52.132626],315.9268292682927,275,234,217,233,234,228
10,260.30927835051546,0.7891956305858987,[51.514465],339.7977528089888,262,224,201,212,228,198
11,225.9294117647059,0.8839144583914459,[32.76116],341.2054794520548,187,219,194,197,208,190
0,236.7325581395349,16.05019747235387,[61.28279],332.5492957746479,151,183,178,180,187,176
1,223.77215189873417,13.660464458994772,30.22712,328.7142857142857,136,172,162,163,175,115
2,229.7,9.737553230639818,[46.84334],344.8897637795276,125,143,144,149,165,101
3,243.3846153846154,6.631072631072633,[24.183634],364.0230769230769,120,141,132,163,98,102
4,219.91558441558442,4.509671179883946,[49.454865],405.64179104477614,117,147,127,159,104,98
5,235.82212581344902,2.305488297013721,[87.078],396.6225,114,148,138,99,108,101
6,347.96488549618323,2.644410441878796,[58.741573],370.74907063197026,185,212,204,126,144,156
7,1099.214953271028,2.1704419889502753,[41.6357],325.26146788990826,256,299,223,213,217,240
8,442.07738095238096,1.3751156642432254,[27.015053],327.75384615384615,276,307,227,227,236,240
9,284.71844660194176,1.3617388692844807,[38.055347],346.18888888888887,272,223,221,218,234,234
10,247.5157894736842,1.4891313002627597,[48.268734],334.61728395061726,253,212,209,208,219,221
11,190.07692307692307,1.4757332569026462,[50.28984],349.3030303030303,169,194,202,193,203,202
0,250.43373493975903,16.143367019570103,[28.67627],329.2112676056338,151,167,202,171,165,183
1,249.35294117647058,13.068380359473844,[45.7523],354.0449438202247,134,151,176,156,141,108
2,247.9925925925926,9.658919631093545,[61.185543],343.34188034188037,137,142,164,140,143,99
3,257.3355263157895,6.702248117407794,58.507122,330.7307692307692,133,137,155,135,140,91
4,215.68263473053892,5.089704577152275,[67.00841],364.1066666666667,136,136,143,130,80,92
5,241.51703406813627,3.8868787689748383,[74.365715],359.89449541284404,141,140,126,104,87,89
6,746.7064083457526,2.816209578387228,[28.262648],326.57757009345795,215,211,180,151,146,144
7,1753.485119047619,1.9289297658862876,[18.238472],288.9732620320856,273,309,216,217,240,240
8,316.1625,1.3104986876640423,31.007929,272.0495867768595,277,316,226,225,240,240
9,229.89361702127658,1.4526922056761775,[50.51906],337.9220779220779,265,230,219,213,232,230
10,223.06024096385542,1.6942889137737964,[39.99806],322.34722222222223,256,212,214,205,204,225
11,244.04166666666666,1.6723708177547698,[33.50208],330.34375,164,196,210,192,189,208
0,242.07608695652175,15.89168247944339,41.633396,384.9875,137,197,185,179,186,170
1,263.9130434782609,13.937005662938171,[69.01107],381.8414634146341,129,176,172,174,168,110
2,235.35384615384615,11.201119344975902,[38.077255],343.3274336283186,106,162,151,158,153,109
3,244.33689839572193,9.420092646207296,[61.797146],375.51234567901236,107,156,145,158,112,107
4,220.41071428571428,5.617849363751002,[69.157936],393.9632352941176,112,158,147,149,115,112
5,235.46666666666667,3.7765910102358697,[100.0843],396.49295774647885,122,158,136,105,109,119
6,367.16341829085457,2.9551820728291314,[40.061054],322.65555555555557,190,231,186,154,150,177
7,1134.026402640264,1.8498652291105115,[22.85201],301.3333333333333,270,299,231,222,231,231
8,330.86986301369865,1.547793578654156,[30.864614],335.7910447761194,273,227,236,230,240,230
9,268.79,1.432152835460243,[37.794],318.1931818181818,269,216,237,229,225,218
10,243.41666666666666,1.286051630978587,48.63873,322.57575757575756,246,212,225,223,209,200
11,258.9230769230769,1.2690593819626077,[22.91287],320.1232876712329,152,209,206,199,198,183
0,248.42708333333334,15.701849183477426,35.92362,345.6265060240964,161,179,188,173,174,166
1,255.19626168224298,12.230647099210435,[37.4752],318.4421052631579,146,175,184,151,153,162
2,237.6602564102564,9.397308488612838,43.37071,363.3134328358209,138,152,164,140,146,100
3,219.31901840490798,7.261595547309834,[65.40148],397.875,144,143,162,136,96,103
4,237.25423728813558,5.01758202987181,[66.25512],359.24305555555554,147,141,164,120,95,106
5,237.873417721519,3.3872297254454367,[47.898773],370.1183574879227,148,149,163,88,92,111
6,537.8825347758888,2.9748305487199413,[37.769085],331.45985401459853,215,223,205,147,150,163
7,1508.6190476190477,1.338726790450928,[28.167696],283.40106951871655,281,318,218,228,223,240
8,334.7443181818182,0.660051880674449,[37.306046],318.6965517241379,290,320,231,234,227,240
9,294.57142857142856,0.7696182203080519,[56.96504],340.5104166666667,287,234,237,226,230,228
10,224.66666666666666,0.8350775341837905,24.956015,285.15492957746477,270,221,232,222,213,220
11,230.81159420289856,0.9475230898404701,[31.705475],318.8524590163934,190,195,210,201,205,190
0,229.4387755102041,16.31095238095238,[18.680967],295.95402298850576,160,164,185,165,189,187
1,214.65686274509804,13.128425830763964,43.27818,318.4698795180723,142,148,173,163,180,167
2,235.88311688311688,10.61427629242555,29.404043,339.1212121212121,140,145,154,149,165,104
3,229.56969696969696,7.204101920159054,[33.783386],352.7214285714286,139,134,148,152,161,97
4,232.76363636363635,4.968175891904705,[39.291775],368.36842105263156,128,131,143,160,102,103
5,248.64225941422595,3.4791219279408265,[104.42346],360.9975369458128,132,131,137,157,99,106
6,261.4991974317817,2.360848619603484,[26.390854],299.3747680890538,188,201,193,166,135,145
7,677.4700315457413,1.6030385786483352,[22.996702],267.7217391304348,269,280,306,233,209,220
8,279.39516129032256,1.0842330480579325,[37.167118],262.18095238095236,283,290,240,238,235,233
9,233.60162601626016,1.0670431211498972,[23.783865],247.67619047619047,282,273,222,230,232,222
10,222.85135135135135,1.0395422659403535,26.170189,272.6271186440678,267,199,219,209,230,219
11,231.8732394366197,1.3338480676017672,[59.303005],306.1818181818182,245,190,206,176,207,203
0,218.86170212765958,15.790682414698164,[45.364014],334.15,132,182,187,161,178,176
1,257.97752808988764,12.017098632109429,[33.583282],304.958904109589,123,163,178,143,169,150
2,230.3918918918919,9.439661715277026,[36.34931],324.4596774193548,115,151,159,129,146,102
3,221.87301587301587,6.61129981884058,45.93571,362.4451219512195,121,139,143,131,142,92
4,221.85245901639345,4.957090909090908,[43.293034],396.2364864864865,125,150,137,140,97,101
5,236.33333333333334,3.984769157544027,[70.17931],360.7396593673966,130,144,137,151,99,103
6,347.009360374415,2.88952380952381,44.84239,322.8969804618117,185,215,217,139,132,162
7,885.5204081632653,1.976636232285038,[30.87795],261.85333333333335,268,319,311,206,209,236
8,272.56617647058823,1.4981848184818483,33.812763,279.4237288135593,277,320,237,218,223,240
9,244.1195652173913,1.6406228610540725,[42.864136],267.59154929577466,271,308,239,205,217,221
10,234.08139534883722,1.9241486068111455,[40.604893],268.7361111111111,243,225,226,191,200,207
11,229.0493827160494,1.6546382679105793,[22.18293],345.578125,221,203,209,180,189,194
0,246.59,15.589297466271802,[34.098946],298.7674418604651,141,163,154,183,194,178
1,217.375,12.322557471264368,[46.196808],319.3246753246753,133,149,141,178,181,146
2,229.58064516129033,9.334711868095988,[25.609358],336.4029850746269,130,131,124,160,157,97
3,237.1301775147929,6.767766340071934,[41.678818],348.7638888888889,132,132,122,163,89,95
4,214.88636363636363,4.6568675889328075,[57.976406],350.14649681528664,131,133,124,162,91,95
5,243.74309978768576,2.4615079365079366,[54.21999],346.8787128712871,137,140,130,105,91,117
6,264.0272,2.243809523809524,33.836903,326.56925996204933,184,204,198,170,139,155
7,1156.0961538461538,1.9243607463718042,[39.187923],291.0990566037736,255,295,204,233,226,234
8,272.88235294117646,1.1845953002610965,22.66143,280.3693693693694,279,307,226,240,240,240
9,275.10434782608695,1.1490463215258853,[64.30866],289.6666666666667,266,294,209,235,229,235
10,250.28395061728395,1.3803772670355858,47.08026,311.463768115942,241,196,199,224,227,216
11,229.2625,1.6529660271079034,41.226574,299.4925373134328,218,172,179,212,219,196
0,254.8372093023256,15.245763409016126,42.55039,311.73972602739724,151,149,174,178,169,192
1,223.28735632183907,12.690780141843973,[43.442898],341.1923076923077,143,137,163,159,164,174
2,228.86713286713288,9.271571906354515,[52.7536],317.2113821138211,124,140,140,146,132,98
3,225.2969696969697,6.483644995079024,[44.571606],354.0863309352518,119,133,126,135,128,110
4,251.675,4.789199044385764,[59.29994],347.64179104477614,127,132,125,140,91,108
5,240.1654275092937,3.2955829481253214,[47.46361],360.7888888888889,131,136,118,126,86,111
6,567.4032983508246,2.98124915688655,[35.121494],319.85185185185185,212,210,192,137,143,165
7,1532.2619808306708,2.8116334934797527,[31.76825],286.4439024390244,271,293,204,213,236,240
8,257.67625899280574,1.8471981320880593,30.130325,304.04424778761063,275,294,217,233,240,240
9,254.0,1.9863013698630136,28.44908,265.7325581395349,264,286,216,235,236,223
10,229.36559139784947,1.5814421374537262,[48.729294],333.4125,265,189,209,221,213,211
11,251.76388888888889,1.2003538257408228,[28.644196],294.6666666666667,242,165,196,203,184,200
0,228.83471074380165,15.301234870788354,25.358961,289.72222222222223,148,162,179,169,170,191
1,203.69135802469137,12.278136849362289,39.44959,306.3333333333333,142,156,163,161,163,182
2,246.2237762237762,9.451134809953514,33.30062,350.4117647058824,127,140,145,130,151,102
3,247.33918128654972,7.289613216498299,[57.46942],326.2671232876712,118,144,142,129,150,96
4,232.9120879120879,5.346144370534614,[43.86327],337.3630573248408,113,148,156,135,101,85
5,243.73022312373226,4.605885105885106,[65.20278],336.3076923076923,117,155,166,154,97,88
6,387.5140625,3.822337331879316,35.440964,299.1829944547135,197,215,224,131,144,137
7,1389.4939024390244,2.434199134199134,16.607662,239.03108808290156,271,288,294,217,234,236
8,280.4861111111111,1.5857523302263654,[14.162015],296.10169491525426,277,300,223,222,240,240
9,222.4731182795699,1.1364864864864863,[47.752193],277.5774647887324,276,288,225,222,239,230
10,250.98850574712642,1.2909010494149815,[41.405064],233.93333333333334,259,196,214,201,219,220
11,262.6341463414634,1.0525448712390533,[31.848442],280.4264705882353,242,184,197,193,190,208
0,222.6219512195122,14.957835820895522,[47.13799],358.46268656716416,147,175,162,178,179,164
1,235.77011494252875,13.039511456756614,[57.974743],368.52777777777777,122,153,140,153,163,102
2,240.49333333333334,9.304922175636094,[28.522217],339.1937984496124,110,138,136,127,152,94
3,231.248322147651,7.002135448444171,[64.807594],358.4,123,125,149,130,113,105
4,212.33128834355827,4.962222763831343,[46.68161],330.0143884892086,131,121,156,122,114,102
5,233.168085106383,3.761904761904762,[81.413284],351.53921568627453,133,114,159,91,115,102
6,410.7370753323486,2.8917327398340054,[52.477184],336.9139784946237,196,173,218,132,147,161
7,1285.7232142857142,1.1524193548387096,[28.51722],281.76884422110555,292,289,224,220,229,234
8,311.7972972972973,0.6327296248382922,28.022673,309.5419847328244,293,301,237,235,240,240
9,254.42528735632183,0.8898245614035089,[28.088877],327.0921052631579,281,219,233,229,231,232
10,219.93478260869566,0.8961593172119487,37.19009,355.09722222222223,258,200,203,215,216,203
11,242.59701492537314,1.0071250622820132,[57.656147],408.3921568627451,170,185,182,203,194,181
0,233.79775280898878,16.001713395638628,[20.386621],288.8933333333333,165,180,164,175,183,203
1,226.0731707317073,12.527248541022999,[32.78256],380.958904109589,149,166,146,154,167,189
2,210.91875,10.12207971901442,[67.244804],355.80575539568343,131,147,129,135,155,120
3,235.28108108108108,7.265038713519953,[52.309937],378.0134228187919,125,138,133,140,155,112
4,226.7906976744186,5.429501466275661,[77.78417],334.78205128205127,124,136,142,146,116,111
5,238.4725050916497,3.5203349282296648,57.582058,337.59850374064837,122,141,131,147,111,108
6,445.42836041358936,2.9231054289420046,[28.231796],338.41530054644807,191,179,186,150,148,174
7,935.5924764890282,2.1055172413793106,[32.768444],275.10185185185185,274,296,198,224,225,233
8,399.1588235294118,1.2733333333333334,[29.208704],284.9124087591241,285,299,218,226,232,240
9,247.78947368421052,1.475096639904847,[38.36427],288.56,282,219,220,222,233,240
10,219.8048780487805,1.270816238815301,[51.376816],355.4782608695652,270,212,213,207,220,225
11,252.10169491525423,1.2448594604791547,[40.697094],303.3,186,196,196,189,195,216
0,239.2967032967033,15.8012104283054,39.704277,323.64864864864865,158,180,176,179,189,192
1,251.73737373737373,13.099844214700466,[35.00127],362.2988505747126,137,153,168,167,179,117
2,235.02994011976048,10.565116043376914,[72.49932],391.6190476190476,131,138,159,152,170,108
3,226.70520231213874,7.748307248307249,[74.30518],376.9463087248322,134,140,165,152,117,111
4,230.90116279069767,4.899137358991373,[58.417908],367.7832167832168,138,146,168,142,112,116
5,242.6195426195426,3.2097812097812097,52.3232,371.72599531615924,152,144,163,112,101,105
6,549.0149700598803,2.369561493662213,[38.445442],315.85157699443414,181,230,237,164,146,154
7,1504.8260869565217,1.5733333333333333,[31.301636],299.08490566037733,276,299,235,223,227,240
8,320.541935483871,0.838781431334623,[22.201508],325.77966101694915,285,306,240,240,240,240
9,237.97196261682242,0.8761784574270657,33.614086,381.81720430107526,275,219,234,221,231,238
10,243.4268292682927,0.7897118361514646,25.48471,360.6470588235294,249,212,219,201,212,233
11,283.2,0.6359092656670512,[81.055504],392.8550724637681,173,192,197,190,196,208
0,254.70731707317074,17.294466403162055,[22.66553],397.86486486486484,147,190,179,184,192,120
1,248.4255319148936,14.618061613332722,[61.480686],340.4578313253012,140,173,165,176,180,113
2,228.24489795918367,10.737828090563012,[53.883224],365.5403225806452,130,158,145,165,163,107
3,230.30263157894737,7.724747474747474,[37.906765],361.3383458646617,132,152,142,151,107,108
4,267.3048780487805,5.099952403617325,[60.36476],397.55882352941177,118,155,136,141,104,110
5,238.91967871485943,3.290944908633924,[73.77633],418.8181818181818,127,150,128,87,101,108
6,520.6582840236687,3.132902878665591,[54.414898],370.08990825688073,207,226,189,126,164,150
7,1207.0254777070063,1.5133399866932802,[44.196186],350.81773399014776,274,308,228,224,231,238
8,319.8414634146341,1.2807291666666667,[42.993225],341.77685950413223,275,312,231,239,239,240
9,243.80582524271844,1.719124174717446,[49.345425],380.54545454545456,260,227,222,233,239,230
10,265.0379746835443,1.8412948381452316,[57.59856],316.53846153846155,172,220,216,218,228,216
11,261.26666666666665,1.8987317811849325,[33.82356],326.74242424242425,156,211,203,203,208,193
0,241.8876404494382,16.085645894190197,[67.50222],321.49367088607596,154,168,178,167,174,186
1,223.10256410256412,13.458792991563918,[43.526707],348.1029411764706,136,143,164,159,163,106
2,229.03333333333333,10.858847577481905,[49.876644],356.328125,123,142,144,134,148,96
3,212.96195652173913,7.533515655522689,31.787697,352.68589743589746,124,147,135,129,146,98
4,229.91176470588235,5.230861244019139,[71.807365],383.02027027027026,114,166,131,134,115,100
5,239.00409836065575,3.550160848325987,[72.046425],375.4164648910412,108,163,134,139,110,109
6,384.1393034825871,2.7827123149548565,[53.86733],339.63655462184875,161,210,205,147,152,164
7,811.4310344827586,2.663257305773343,[45.300373],284.7990867579909,256,279,197,223,230,218
8,280.2361111111111,1.9080536912751678,35.310112,293.36842105263156,277,291,211,231,240,240
9,270.26881720430106,1.6929888172207164,[21.758415],280.8354430379747,271,207,212,228,230,231
10,228.4875,1.705730635931329,[40.801632],313.2857142857143,270,188,206,213,213,216
11,252.1829268292683,1.6753503059009278,[16.110596],298.94117647058823,175,183,191,185,190,202
0,234.64761904761906,16.173590864917397,[43.23792],342.5473684210526,136,181,172,182,182,176
1,221.97916666666666,12.909302890454216,[43.815365],369.8333333333333,135,178,145,166,164,107
2,241.5609756097561,9.441347395609126,[47.567368],384.54477611940297,121,157,126,159,142,103
3,251.6306818181818,6.954187544738725,[67.10925],361.2848101265823,122,154,127,155,103,101
4,248.15428571428572,4.174232773595831,[41.761528],370.03921568627453,130,159,131,154,98,113
5,238.6187624750499,2.5345911949685536,[58.41411],372.25,138,159,132,104,95,114
6,706.1372549019608,3.2473533067592473,[60.93211],340.8207171314741,213,222,197,170,153,156
7,1511.2110726643598,2.208438120450034,36.25878,308.6263736263736,264,320,217,232,240,238
8,257.0722891566265,1.7955548345230365,[30.731224],315.7841726618705,266,320,235,240,240,240
9,246.28571428571428,2.1241051889766696,[59.23093],302.8285714285714,259,232,229,232,235,232
10,259.6588235294118,1.7717155484130176,[33.281506],314.2638888888889,239,219,205,215,217,215
11,208.98507462686567,1.9674527849678842,[41.0861],324.05555555555554,150,208,197,209,202,193
0,226.32894736842104,16.245452310717795,30.39318,260.17391304347825,147,183,170,151,184,182
1,235.2680412371134,12.715353756382203,[45.464584],336.45,134,182,139,138,158,163
2,239.3913043478261,10.76939736856354,[47.08095],353.1735537190083,129,164,139,133,150,88
3,231.04615384615386,7.955061229075385,36.52608,358.15822784810126,118,157,140,126,140,93
4,232.68666666666667,5.752497502497502,[70.849556],365.015503875969,110,166,132,125,92,103
5,250.33049040511727,3.764750569764497,[46.2859],352.40253164556964,108,157,134,123,88,108
6,299.5212121212121,2.764716910386202,[50.986572],328.6514598540146,186,210,184,147,127,162
7,1175.6357827476038,1.8874301675977654,28.714445,290.77294685990336,277,303,205,214,200,233
8,245.57042253521126,1.5438287989382875,39.8549,293.20168067226894,280,318,223,211,235,240
9,245.14285714285714,1.425432525951557,[48.162212],304.9647058823529,280,298,220,191,229,227
10,234.5,1.928967456809964,[29.229156],309.3090909090909,262,218,213,179,219,219
11,228.47368421052633,1.9006238467621475,[35.273117],327.859375,245,189,193,163,204,204
0,232.63095238095238,16.030407548366632,[34.6387],324.2916666666667,155,179,165,182,192,178
1,251.29113924050634,13.300350945603434,49.14455,432.2950819672131,132,169,147,164,172,108
2,236.9453125,10.213353042621334,[59.972553],364.771186440678,112,152,135,140,98,101
3,216.0828402366864,8.216489028213166,[63.13095],389.63448275862066,120,140,134,137,94,100
4,239.28571428571428,5.842577030812325,[68.47973],377.538961038961,123,151,127,89,90,100
5,238.9979338842975,4.817148207597646,62.783497,400.029776674938,125,157,131,88,96,115
6,578.5664122137405,3.4869565217391303,[39.470467],344.2068311195446,192,227,159,146,136,152
7,1534.0962732919254,1.76864064602961,[19.101585],332.08743169398906,279,310,208,232,220,237
8,447.5947712418301,1.3457922419460882,[59.096344],344.265625,282,315,211,240,233,240
9,263.46153846153845,1.3169557202513074,[40.97089],290.6421052631579,273,234,207,229,229,227
10,232.09782608695653,1.2755278915852508,[44.12273],352.11538461538464,274,220,201,210,212,219
11,203.8783783783784,1.4426961926961925,[55.43718],369.8888888888889,173,197,186,186,201,201
0,246.6355140186916,16.164356130622302,[63.263443],354.13483146067415,153,181,176,191,181,200
1,236.2089552238806,13.11134676564157,49.80139,383.6949152542373,138,166,170,187,162,120
2,235.09022556390977,10.305619120264431,[58.259434],350.87610619469024,129,148,151,171,150,106
3,237.0548780487805,7.83213083213083,[61.923077],359.0821917808219,137,138,135,145,102,99
4,242.0731707317073,5.103425559947299,[56.259583],372.1619718309859,135,136,134,149,100,105
5,255.45379876796716,2.8358760980120197,[56.212757],379.83490566037733,129,131,134,109,108,110
6,296.465,2.9790476190476194,[59.859028],351.2121848739496,196,191,184,163,147,169
7,560.4466858789625,1.9494318181818182,[32.579494],336.028880866426,272,280,194,215,217,230
8,463.42105263157896,1.251293181407126,[25.032839],322.0927152317881,277,235,228,235,240,240
9,266.11206896551727,1.0371452573139999,34.085354,361.7551020408163,274,238,221,234,238,236
10,206.12087912087912,1.0509350298823983,[60.956116],351.5633802816901,273,213,202,220,227,230
11,264.90909090909093,0.9710406820498564,[38.228058],378.29411764705884,187,200,189,206,205,212
0,208.65591397849462,16.796176379895165,[45.81667],363.975,144,181,171,189,194,108
1,261.6265060240964,13.490615348063674,[66.4668],398.8904109589041,133,170,153,175,187,97
2,251.77941176470588,11.52415684443926,[72.928406],393.84615384615387,128,155,147,151,119,79
3,235.5195530726257,8.168109668109668,[63.609848],395.66887417218544,129,153,138,136,114,86
4,248.6094674556213,5.860013046314417,[76.677925],398.84671532846716,136,153,123,104,120,94
5,243.25667351129363,3.8940197812274837,[36.252422],391.83762886597935,144,146,141,104,102,90
6,449.1375186846039,3.5544378698224848,[58.66602],414.7538167938931,211,211,157,161,136,138
7,1473.5357142857142,2.6286698564593305,[51.284634],384.2834224598931,273,219,213,240,205,225
8,400.8834355828221,1.562747346229242,[58.112278],371.4761904761905,276,222,223,240,229,233
9,271.9,1.7357764390896921,[52.27606],415.97435897435895,186,230,218,230,231,233
10,241.175,1.6438700412852272,[46.89358],372.43939393939394,174,210,210,212,215,217
11,229.14754098360655,1.654581064297315,[58.7809],306.7083333333333,164,198,185,209,205,202
0,266.9294117647059,16.001687613802904,47.08086,334.013698630137,151,176,166,181,175,130
1,229.77380952380952,13.91021641645545,[26.33661],370.9066666666667,136,152,151,166,166,121
2,223.01639344262296,10.594064813690983,[71.693504],443.1747572815534,127,132,134,146,102,108
3,224.2543352601156,8.130185348631949,[70.8433],399.2896551724138,123,129,131,140,100,98
4,248.73076923076923,5.349862258953167,[90.55938],409.34090909090907,124,134,130,140,96,102
5,231.98030634573306,3.930735930735931,[67.25053],409.12176165803106,128,126,136,93,107,103
6,384.65408805031444,3.479381443298969,[25.812632],383.73308270676694,203,183,131,133,166,154
7,1293.1655844155844,2.757692307692308,28.407843,317.55670103092785,265,288,217,213,240,233
8,394.4259259259259,1.9222830278767404,[28.396421],322.80434782608694,268,224,228,233,240,240
9,244.66071428571428,1.3909880484002672,[53.320034],396.13793103448273,267,225,223,234,233,236
10,262.5344827586207,1.4922379208093495,[80.90559],403.6666666666667,183,216,203,221,220,231
11,212.30263157894737,1.3284215546018119,33.492756,367.3709677419355,171,195,183,203,199,214
0,253.24137931034483,16.615370548164403,[41.12801],368.38028169014086,140,171,193,169,149,129
1,271.1826923076923,13.97823602484472,[62.645294],364.65555555555557,133,157,179,158,134,114
2,236.2709677419355,10.955389438148057,[35.286274],354.75555555555553,126,150,160,140,84,94
3,240.71428571428572,8.033445418518076,[49.73369],433.3949044585987,136,140,166,129,91,95
4,227.63636363636363,5.286256824115831,[81.17409],411.1617647058824,138,145,163,128,96,96
5,242.85163776493258,4.584869431643626,[62.187145],390.5232558139535,129,149,177,86,99,104
6,546.024778761062,4.435238095238095,[61.86041],383.98544698544697,182,227,193,128,171,149
7,1717.7297297297298,2.120435967302452,[39.847168],343.85714285714283,270,302,226,215,218,237
8,288.08029197080293,1.2869717666824936,[41.004333],325.8151260504202,279,240,231,225,226,240
9,232.67032967032966,1.2106388565855124,[65.54301],360.17105263157896,275,235,230,220,214,229
10,249.1358024691358,1.4546243038436955,[44.037075],307.84057971014494,182,212,221,198,187,217
11,291.0615384615385,1.5452898550724636,[46.27882],360.72,156,196,202,193,167,190
0,229.22826086956522,16.757675873309545,[46.875183],356.325,162,172,180,165,184,124
1,231.5,13.432377837629856,[73.30552],361.2987012987013,142,146,174,160,165,117
2,260.5170068027211,10.478100826887172,[22.065424],394.781512605042,132,126,168,151,142,96
3,253.2958579881657,7.4607492245287546,[52.522675],393.40845070422534,124,135,146,152,111,94
4,243.39444444444445,5.374232773595832,[79.03751],416.10828025477707,135,139,143,164,103,101
5,235.08961303462323,4.275609448023241,55.968937,391.0542452830189,141,148,127,138,88,112
6,764.8768328445748,3.7800474035768152,[51.952404],382.6832669322709,215,225,172,178,150,165
7,1934.5882352941176,2.1621621621621623,[58.312206],321.7559523809524,279,315,206,208,237,235
8,304.36296296296297,1.767080402195131,[37.254192],336.13274336283183,280,240,220,209,240,240
9,264.70093457943926,1.3111700113593336,[60.396038],349.27472527472526,278,229,220,210,223,230
10,232.03883495145632,1.476689342403628,[39.978542],344.09302325581393,182,210,210,194,212,217
11,237.19298245614036,1.6775476943725431,40.352016,413.9130434782609,174,189,196,182,207,211
0,275.7654320987654,15.66110840636157,[50.662334],314.0923076923077,161,151,189,184,175,167
1,257.14130434782606,13.511584343882475,[50.89568],366.2,139,146,169,164,162,102
2,237.979020979021,10.720880300590446,[36.9661],310.29059829059827,129,131,158,144,149,99
3,228.64242424242425,7.600405165864778,[52.729176],385.02649006622516,118,124,150,149,83,94
4,237.67261904761904,5.01073926073926,[49.9163],390.6764705882353,126,129,145,148,85,95
5,245.3747276688453,3.476397816020458,[77.56948],395.95989974937345,124,134,150,106,89,86
6,305.47411003236243,3.7929647300963603,[59.42461],353.083984375,185,206,226,140,126,135
7,703.3531353135313,2.0250712250712253,[34.9422],318.05829596412553,263,288,227,224,206,196
8,258.92261904761904,1.5516722408026755,[41.645798],319.90579710144925,286,293,240,240,215,221
9,256.752380952381,1.1846821354461423,[60.688053],305.52272727272725,285,201,233,238,217,221
10,256.056338028169,1.4449820788530465,[47.841236],306.79661016949154,198,189,219,220,207,207
11,246.0281690140845,1.4452395150069568,[39.658413],315.22222222222223,176,173,200,197,189,183
0,230.7764705882353,16.694263646619802,[55.750336],276.10526315789474,164,190,182,185,172,109
1,237.8860759493671,12.277653975629413,25.211296,368.01612903225805,155,167,165,169,161,100
2,264.4651162790698,10.054545454545455,[63.174652],430.08181818181816,142,145,148,148,96,91
3,239.94554455445544,7.59618451723715,[67.32159],415.40697674418607,149,133,141,129,88,101
4,257.48447204968943,4.877206696632141,[51.285187],403.99285714285713,160,124,139,106,97,105
5,249.61522633744855,3.6876924084626967,[95.40695],411.60493827160496,159,105,148,111,95,109
6,380.7379767827529,3.160557768924303,[41.491802],382.4752475247525,218,169,153,141,132,191
7,1194.332268370607,1.4773841961852858,[39.29781],336.4423076923077,279,298,211,229,218,233
8,437.8692810457516,1.0457290767903364,[42.976456],335.21875,284,220,240,240,240,240
9,267.9782608695652,1.1940037203195097,[54.911694],374.96,284,214,238,235,232,240
10,231.1153846153846,1.0438184663536776,[60.70381],344.5074626865672,195,210,217,222,216,218
11,245.21052631578948,1.1948717948717948,[37.36743],342.06666666666666,183,199,200,205,188,195
0,264.35,16.17292795414857,[59.975586],385.3880597014925,149,187,188,149,188,110
1,259.6951219512195,13.35919508718061,[83.83167],429.26027397260276,139,163,170,134,118,105
2,236.5103448275862,9.634365634365635,[57.09467],409.69026548672565,120,143,148,122,110,85
3,237.35119047619048,6.780018396660298,[68.7402],448.6478873239437,119,138,138,82,106,90
4,246.56849315068493,5.017815749387376,77.938736,423.3119266055046,123,147,127,107,127,88
5,250.1633064516129,2.905947136563877,[73.72749],438.01895734597156,134,147,91,106,113,90
6,597.2338235294118,2.6678399228543874,[56.26858],446.1521739130435,192,201,145,180,159,160
7,1161.9896907216496,1.9624168179068364,39.95612,390.49152542372883,281,204,217,228,234,228
8,352.64864864864865,1.2444214952236936,[69.42812],378.63793103448273,281,220,228,231,234,233
9,244.38095238095238,1.353625053625054,[82.99641],400.796875,186,213,222,217,232,225
10,271.8269230769231,1.2466046850788441,[55.557327],394.27906976744185,179,212,208,203,221,196
11,257.7894736842105,0.9791165536846709,[57.18703],480.2280701754386,168,205,200,177,202,124
0,235.23595505617976,17.099176988943388,[53.934937],402.3625,163,182,183,200,192,126
1,244.15,13.681098010316877,[60.884632],394.0595238095238,149,152,173,185,177,108
2,253.56953642384107,11.17162074202647,48.18072,336.2014925373134,147,149,154,170,112,106
3,242.64827586206897,8.554101995565409,[84.542],426.7521367521368,137,143,156,160,104,120
4,243.82456140350877,6.418688230008982,[78.92534],400.7615894039735,144,134,142,103,100,119
5,248.4754716981132,4.743213173119714,[73.11442],381.00226757369614,148,127,137,107,100,130
6,647.4773371104816,3.04225621414914,[39.7631],371.7184643510055,219,196,129,156,154,192
7,1646.8633720930231,1.2011475409836065,[48.750626],323.0366492146597,280,300,240,233,232,240
8,445.14935064935065,0.7991596040168079,[28.227814],340.3134328358209,285,233,240,240,240,240
9,250.52212389380531,1.238057238202329,41.13712,362.89690721649487,276,226,237,234,238,240
10,259.0138888888889,1.200136962848827,[38.926174],364.23333333333335,191,212,223,217,223,232
11,248.10843373493975,1.171815033230366,[60.368977],413.463768115942,174,193,201,204,205,210
0,214.3375,16.207273320287015,[36.83157],336.5970149253731,119,205,173,156,187,182
1,240.55555555555554,13.719572739581764,50.325794,364.77777777777777,110,184,156,149,160,108
2,251.3108108108108,10.797953964194374,[36.410175],362.01574803149606,97,158,139,135,154,99
3,236.99397590361446,7.8891851668113615,[59.137707],356.09615384615387,106,147,141,133,111,95
4,234.88198757763976,5.136119257087,[56.580963],392.3103448275862,115,150,132,130,114,103
5,243.6349514563107,2.663017934446506,[73.979805],373.9457013574661,123,145,130,125,104,108
6,527.1132075471698,2.49471151663716,[47.618122],349.6969696969697,193,208,188,138,161,161
7,1308.2619047619048,2.0563973063973062,[27.443724],291.61224489795916,270,306,229,213,227,240
8,300.93865030674846,1.2725955204216073,[54.00115],301.4436090225564,283,313,240,213,229,240
9,272.59322033898303,1.2497648696437307,[56.615417],324.72641509433964,265,238,225,210,222,239
10,237.98876404494382,1.434753425198405,[26.531816],305.4931506849315,244,235,209,198,215,232
11,239.0,1.8812998637867286,[38.00801],333.7142857142857,141,221,191,178,198,213
0,256.22857142857146,15.714218455743879,[41.038155],324.8510638297872,168,166,179,190,178,181
1,238.0,12.916709489551216,[31.833252],296.80645161290323,153,159,151,178,168,164
2,220.8397435897436,10.920272393923518,[44.239216],325.17164179104475,135,148,140,159,151,97
3,235.74545454545455,7.80740818910933,[56.66324],343.3211678832117,135,138,150,155,149,97
4,216.6,5.925123093551099,[33.4295],340.8235294117647,139,122,136,144,116,100
5,246.44801512287336,3.8168007685841245,[53.260395],358.4909090909091,146,131,137,131,113,99
6,381.7560975609756,2.840142412105029,[50.12787],343.6640316205534,205,204,184,157,171,149
7,928.5858895705521,1.820994475138121,[33.159428],289.87083333333334,278,301,203,225,217,224
8,537.9298245614035,0.9999675535366647,[28.026886],280.03355704697987,281,308,233,240,240,239
9,257.3673469387755,0.9849001814882031,[23.402254],280.82716049382714,277,227,229,237,240,240
10,224.13333333333333,1.1303608028152674,[36.66798],294.4307692307692,267,202,214,230,224,224
11,241.64864864864865,1.0895324626159377,55.929184,329.14285714285717,175,185,198,213,196,207
0,222.8165137614679,16.193181818181817,[51.91866],347.42045454545456,173,181,169,143,177,180
1,247.90217391304347,12.707023060796645,[55.51996],287.5466666666667,158,167,160,131,168,170
2,231.68085106382978,10.769288150042621,[37.289898],304.456,137,151,151,112,160,105
3,231.39490445859872,7.34854610911105,[53.222122],347.97080291970804,138,135,137,122,155,98
4,217.9493670886076,4.3117149608257686,27.036139,354.77941176470586,128,133,129,130,106,105
5,236.91816367265469,3.2894146948941474,[61.1151],374.05938242280286,143,130,121,124,107,105
6,357.4047244094488,2.4766487923369547,34.695774,315.97588126159553,196,175,177,164,161,166
7,1594.4077669902913,2.4753786104605777,20.720165,304.0691823899371,274,275,285,214,237,240
8,310.04458598726114,1.834228187919463,36.162212,327.7519379844961,278,295,215,222,240,240
9,252.34,1.4910081743869206,[25.212692],304.08235294117645,277,299,213,209,234,236
10,234.6875,1.6499920973605182,[39.186478],315.85714285714283,272,206,203,199,223,229
11,246.54545454545453,1.7599518010070145,[54.53633],322.82142857142856,261,192,191,172,202,205
0,282.22222222222223,15.694444444444445,[40.30865],318.1392405063291,147,162,171,167,207,172
1,253.0581395348837,12.778454106280195,[48.003407],307.4931506849315,153,146,162,149,184,106
2,256.6223776223776,9.684809987953127,[44.127335],355.5,142,137,135,133,160,87
3,250.33093525179856,7.595491701758731,[43.28831],343.2241379310345,129,135,152,127,100,91
4,249.07042253521126,5.202211993351234,[50.269028],396.728813559322,122,140,141,116,94,98
5,245.25851703406815,3.5722432052136566,[106.07487],385.6890951276102,121,131,128,75,91,97
6,266.797256097561,2.962037300009466,[46.23337],325.2857142857143,200,191,188,137,146,144
7,1229.1746031746031,2.4741573033707867,[16.044546],277.46153846153845,276,291,210,206,224,217
8,267.7894736842105,1.5713180901143244,[34.782482],324.4573643410853,281,295,222,221,228,240
9,242.1958762886598,1.5160818713450293,30.156084,361.71604938271605,276,198,213,213,232,236
10,225.36,1.5255847953216373,40.81798,323.63492063492066,264,185,206,201,224,216
11,229.34722222222223,1.2365528072241854,[52.879734],316.42857142857144,166,178,192,184,217,195
0,228.7,15.2587784371909,30.17157,327.0625,164,185,164,156,181,161
1,216.41489361702128,12.725743561842584,40.392582,318.93975903614455,150,162,155,144,157,151
2,229.67883211678833,11.0543879351837,[48.669666],333.7154471544715,149,157,139,128,145,95
3,227.11612903225807,7.070147915732853,[71.26347],382.26771653543307,151,134,131,122,143,95
4,230.97354497354496,5.202646410193581,[50.07452],322.6807228915663,152,133,130,127,99,101
5,232.45454545454547,3.7087234799099207,[78.76174],345.7279411764706,160,147,129,127,113,91
6,274.55900621118013,2.8157349896480337,[41.748802],308.4522058823529,212,202,170,140,160,151
7,804.2178217821782,1.9867616400277965,[31.138374],267.22966507177034,279,298,197,198,234,233
8,298.2162162162162,1.2949265687583444,[30.532522],296.7704918032787,290,299,218,212,239,240
9,252.75,1.1884038199181446,31.030146,263.05940594059405,287,290,221,199,234,235
10,244.47191011235955,1.258344030808729,[21.30977],287.2028985507246,274,207,210,186,219,216
11,231.8421052631579,1.2762498901678234,[31.585894],360.9344262295082,251,192,189,176,207,183
0,261.57894736842104,16.059895833333336,[19.616522],294.61728395061726,172,155,171,168,172,186
1,245.49382716049382,12.503306878306878,[49.567627],283.671875,168,147,157,146,163,164
2,220.72602739726028,11.175319056889466,36.850647,300.71875,149,128,137,147,148,95
3,255.94927536231884,7.798315501934896,[25.96422],330.2068965517241,134,114,139,140,148,89
4,229.22297297297297,4.843249134504424,[47.444553],344.984126984127,130,118,136,130,99,96
5,223.28453608247423,2.4904166112072406,[79.55775],353.43564356435644,130,119,123,122,97,92
6,300.154213036566,2.281636813746906,30.108734,324.64835164835165,201,183,192,113,137,155
7,1529.51582278481,2.4407439867562566,[43.17941],273.9375,286,294,279,169,199,240
8,561.3727810650887,1.9731083844580775,[25.456863],267.3581081081081,286,301,221,205,214,240
9,242.43434343434345,1.7559143439836848,[19.696987],280.45348837209303,287,296,225,208,215,240
10,237.89285714285714,1.6336326662102851,[30.246193],316.9117647058824,264,200,209,193,215,226
11,249.2173913043478,1.7222863228898555,[55.675022],303.72727272727275,248,174,185,184,194,201
0,222.3875,15.603632478632479,[27.065893],320.56944444444446,155,177,185,182,163,191
1,220.90625,13.854562828475872,[51.1978],349.95402298850576,140,159,166,182,145,118
2,239.11688311688312,10.424865598413279,46.956158,361.1031746031746,127,147,158,164,130,107
3,265.4551724137931,8.861228934999428,[33.73801],316.7244094488189,140,147,144,163,95,104
4,220.36813186813185,7.254723707664885,[80.68474],373.5660377358491,142,139,133,149,96,106
5,242.73491379310346,5.3795768651339495,[73.84629],379.96666666666664,138,135,124,107,104,119
6,520.0462427745665,4.435360863095237,[44.42314],349.82485875706215,194,198,172,159,143,158
7,922.3828382838284,2.2816151202749144,[26.339895],331.2173913043478,274,303,227,197,214,240
8,281.84,1.434217506631299,[42.475636],316.45081967213116,281,318,234,220,215,240
9,224.24489795918367,1.2827627808776956,[31.328629],308.4712643678161,280,228,232,216,203,237
10,264.0,1.0941012909632568,[40.780743],295.8695652173913,272,214,216,209,190,224
11,224.4078947368421,1.092560636564088,[46.70694],285.672131147541,180,191,198,194,179,217
0,230.42696629213484,15.564889415481831,[60.618515],363.02702702702703,158,179,165,184,181,188
1,242.43617021276594,12.907974263989086,36.327717,335.1125,133,160,147,167,164,121
2,240.78985507246378,10.543768115942031,[50.89981],350.94827586206895,122,144,126,165,152,116
3,229.77844311377245,7.712121212121213,40.63425,373.59027777777777,112,134,125,154,114,108
4,243.05524861878453,6.09949561666867,[56.7657],362.9230769230769,131,129,130,129,118,120
5,249.23135755258127,4.684018809192661,[57.56928],397.67333333333335,123,136,131,86,116,127
6,815.2089985486211,3.351808482956024,[49.26323],360.009900990099,196,228,197,137,172,168
7,1481.8902077151336,1.3350367401469607,[36.807903],311.361581920904,278,311,227,225,229,227
8,314.0769230769231,1.0190104166666667,[27.697617],307.982905982906,280,316,233,230,238,239
9,278.8888888888889,0.887059865652912,[65.82472],340.35064935064935,280,227,228,231,228,232
10,278.7865168539326,0.9488147850542384,[47.63762],339.2352941176471,263,208,201,217,213,208
11,252.51136363636363,1.065367965367965,39.47828,398.0416666666667,171,196,183,207,198,200
0,213.32967032967034,14.792898550724637,36.372776,277.6190476190476,227,165,192,169,161,190
1,233.5064935064935,12.546858774662512,[33.485703],280.95454545454544,167,160,178,152,150,156
2,225.5,8.90893621159082,[21.043036],295.22222222222223,147,145,150,139,128,148
3,191.88079470198676,6.444087510384935,[41.164825],297.8515625,141,139,147,125,132,101
4,222.53846153846155,4.065971014492753,[38.59724],300.2689655172414,131,138,137,113,132,99
5,221.56871035940804,3.0216450216450217,[38.827442],300.6855036855037,127,142,133,118,101,93
6,227.0030816640986,1.5429832303618711,[39.501656],291.96153846153845,185,191,193,177,154,130
7,433.2836676217765,1.0118802160039273,[32.707443],253.56727272727272,264,278,268,189,231,225
8,234.07333333333332,0.5594202898550725,[16.896969],232.15573770491804,296,308,312,214,240,240
9,247.4795918367347,0.6764564770390677,25.729889,247.6590909090909,282,279,230,206,229,233
10,241.06172839506172,0.5257070340826686,[35.358776],246.41538461538462,273,277,216,198,201,214
11,238.01388888888889,0.754867217920112,[29.39754],247.43076923076924,248,188,201,182,176,208
0,221.09677419354838,14.270095969289825,[35.759106],298.51162790697674,206,156,157,165,174,184
1,197.69306930693068,11.431238361266296,[22.438334],317.1354166666667,132,148,140,146,154,175
2,243.97826086956522,8.586991869918698,[27.83286],333.4732142857143,126,142,127,139,132,154
3,203.76047904191617,6.478260869565218,51.048252,355.52777777777777,126,136,105,152,119,98
4,216.2596685082873,4.067934782608695,[61.1526],333.0516129032258,120,130,122,145,119,100
5,229.64989939637826,2.9752066115702482,[63.85849],322.85238095238094,121,125,133,146,108,93
6,340.2114467408585,3.1503880240620843,[37.519173],277.6654205607477,177,189,205,163,167,136
7,1098.7485207100592,2.0302572812480335,[22.93022],235.56190476190477,263,300,282,217,225,227
8,299.18243243243245,1.3525182239893967,[22.229841],222.9248120300752,277,311,227,222,236,236
9,249.57142857142858,1.415068493150685,[40.3247],266.39240506329116,260,288,218,223,239,232
10,233.51315789473685,1.5623979213066073,19.867846,300.3728813559322,233,257,204,203,228,222
11,195.11940298507463,1.3032494279176203,[28.681612],289.44642857142856,214,173,181,188,197,197
0,218.34146341463415,15.401045987376014,[27.074875],281.0,219,183,170,173,182,182
1,216.29347826086956,12.438793718772306,23.997648,283.12345679012344,148,156,157,147,163,163
2,231.4671052631579,9.329968329374504,[35.153652],347.13953488372096,133,159,141,133,136,140
3,231.24223602484471,6.940402434343988,37.590195,338.4148148148148,125,156,142,132,145,93
4,229.66473988439307,5.558503026967529,[42.760464],346.3310810810811,116,161,148,125,143,97
5,229.57651991614256,3.6256576532485014,[67.08435],329.45754716981133,123,161,135,123,96,105
6,337.50882352941176,2.8675264270613106,[56.02438],292.557761732852,176,225,192,197,139,146
7,594.5570469798657,2.2679204660587637,[16.269556],235.33984375,249,308,288,223,213,223
8,526.0410256410256,1.2373818441234175,[17.178617],260.20805369127515,267,315,303,237,240,240
9,241.05050505050505,1.425495376486129,[31.817955],275.86746987951807,266,316,221,234,240,237
10,220.4,1.4993370551290999,[25.976646],254.74193548387098,252,288,197,238,232,226
11,218.5857142857143,1.2692601067887108,[34.99079],269.7096774193548,239,194,183,205,215,206
0,226.70967741935485,15.208888888888888,[49.8036],287.0394736842105,212,181,175,196,177,184
1,264.32183908045977,12.774216887980932,[26.174294],288.45,136,159,164,184,164,172
2,254.1014492753623,9.980345911949685,[26.346945],294.5762711864407,132,137,152,153,130,144
3,234.62573099415204,8.052106678619454,[20.051657],335.33986928104576,129,142,141,135,124,105
4,212.16167664670658,5.832191189173625,[35.555996],380.6736111111111,133,140,130,116,121,115
5,235.71779141104295,4.407600596125186,[50.94051],354.9878640776699,129,137,133,121,90,122
6,334.2643504531722,3.5336649166436387,[50.63268],325.19929453262785,184,208,212,132,142,156
7,846.8250825082508,1.6136532738095244,[23.428938],251.74122807017545,272,303,302,209,210,240
8,359.9432624113475,0.9053745928338762,[32.116875],263.0,284,314,240,227,230,240
9,227.94,0.9310756972111552,[30.78522],283.19767441860466,282,304,223,227,236,234
10,228.8139534883721,0.9127023223082337,41.728344,273.7105263157895,266,283,208,221,221,222
11,187.35714285714286,0.8589339055071732,[35.84949],301.3606557377049,239,207,198,209,201,197
0,227.93548387096774,15.781778309409889,[18.299606],304.89156626506025,159,181,171,178,176,180
1,251.06363636363636,11.94051963851234,47.499348,355.7920792079208,144,163,165,156,167,164
2,250.625,8.973331949776902,[38.75012],311.6666666666667,143,145,150,147,152,101
3,241.0487804878049,6.723182810139331,[41.28451],377.1111111111111,123,139,139,139,137,100
4,243.47407407407408,5.181322764429031,[58.25221],368.92,123,142,129,135,93,112
5,229.8740157480315,3.44535240040858,[84.00842],370.1777251184834,122,143,109,140,94,104
6,287.75070821529744,2.902826938505828,[52.892574],306.97058823529414,168,196,186,152,153,154
7,1478.4079754601228,1.9554087530966144,[22.34578],279.44761904761907,272,312,278,240,232,223
8,507.45098039215685,1.283050847457627,[21.605934],265.5206611570248,289,320,205,240,240,240
9,243.36363636363637,1.3047540983606556,[28.345224],280.8939393939394,286,316,205,240,239,239
10,234.24096385542168,1.470976988613743,[40.93785],336.7,273,215,191,211,215,217
11,247.14285714285714,1.4696619597774925,[37.12192],301.85714285714283,251,192,183,207,197,200
0,258.2692307692308,16.1453488372093,[44.51645],311.75,168,189,152,166,189,168
1,174.54205607476635,13.400455519828512,29.1278,395.67391304347825,149,174,139,150,171,150
2,244.3203125,10.273397199705231,[34.349842],315.375,138,169,131,133,149,106
3,246.71515151515152,7.090611532376848,37.772655,339.8071428571429,141,150,130,131,148,97
4,230.08275862068965,4.6619902731013845,[58.079823],372.1287878787879,130,152,123,139,88,97
5,233.9978947368421,2.391981613891726,[66.07307],329.0519801980198,124,136,126,146,85,95
6,354.33178294573645,2.6369523809523807,[35.645073],294.22467771639043,178,192,197,172,133,128
7,644.4117647058823,2.2416120140671043,30.430456,276.1359649122807,266,304,279,240,213,201
8,241.4794520547945,1.5964143426294823,[22.765862],240.864,281,318,206,240,236,225
9,227.96296296296296,1.652054794520548,24.33299,292.1777777777778,277,312,203,221,228,219
10,244.64705882352942,1.7785308888979623,28.721184,280.3066666666667,261,218,184,204,212,210
11,234.6027397260274,1.9837719298245615,[24.656693],302.75409836065575,246,201,171,192,203,187
0,223.64044943820224,16.636494252873565,[30.299871],288.40506329113924,160,167,167,192,208,179
1,235.34065934065933,12.048063800750597,[41.57873],305.56944444444446,153,145,159,175,179,166
2,256.0377358490566,9.203290246768509,[43.71403],337.294964028777,143,117,151,143,162,98
3,237.35714285714286,7.434891304347827,[54.1983],347.20805369127515,148,111,154,136,158,93
4,242.68023255813952,4.785447063224841,[50.699677],316.7692307692308,139,112,155,126,105,92
5,237.37083333333334,3.165361556344059,[66.8015],357.73218673218673,155,117,150,124,103,94
6,310.73208722741435,2.0892857142857144,[39.218987],307.870796460177,213,166,211,140,140,138
7,646.4697986577181,1.1025567911795455,[20.71784],255.7543103448276,268,286,286,237,208,218
8,251.1602564102564,0.9026143790849673,[23.005136],275.97744360902254,286,313,223,240,228,240
9,260.8333333333333,0.7611407605070046,[19.367502],278.75324675324674,283,301,222,236,227,230
10,239.90123456790124,0.9155717950711343,36.862118,301.55882352941177,261,215,208,226,227,217
11,223.46268656716418,1.1233369592502715,[47.257862],261.2758620689655,248,196,186,210,218,200
0,160.1931818181818,15.499074733096085,26.876732,292.1081081081081,205,182,193,196,171,177
1,227.84536082474227,11.823111573111575,[35.789516],274.5487804878049,137,156,180,174,156,159
2,227.87755102040816,9.74080459770115,[26.670975],323.1393442622951,120,144,164,161,151,130
3,219.80327868852459,6.774378688613352,[34.401325],325.47741935483873,127,140,150,161,144,81
4,208.19875776397515,4.419790104947526,[55.905365],334.32142857142856,134,143,143,155,136,101
5,227.94190871369295,2.655467720685112,[63.46048],313.59518072289154,133,140,140,150,89,107
6,247.54531001589825,2.7328077826232806,[26.372763],277.1106941838649,194,187,206,211,139,147
7,994.9276729559748,1.9291654625437493,[19.191872],240.5252100840336,272,290,283,202,217,219
8,383.9879518072289,1.4694398832329871,[20.889284],225.848,279,301,300,231,221,234
9,236.2280701754386,1.6687074829931974,[30.977137],240.99019607843138,278,300,224,231,213,224
10,227.2093023255814,1.2143009226401702,[11.131165],234.44444444444446,258,286,221,224,207,213
11,221.60526315789474,1.448617521277046,[28.722933],256.7258064516129,242,194,208,219,183,197
0,203.37755102040816,14.8914798206278,[34.919144],283.98850574712645,230,183,161,174,174,193
1,188.74117647058824,12.11276758409786,[22.064688],281.4078947368421,172,174,147,152,162,174
2,229.83448275862068,10.239162929745888,[42.156055],312.748031496063,156,156,141,139,138,162
3,218.36559139784947,8.04918305178621,[33.402805],328.2173913043478,165,130,130,130,131,99
4,222.0,5.666227492314449,[45.0641],351.8424657534247,164,122,128,139,136,103
5,237.63469387755103,4.64571839769729,[69.84727],332.3779342723005,157,115,137,139,94,116
6,426.641627543036,4.060372537707079,[30.641632],294.7414448669202,211,190,168,218,134,182
7,1147.4641744548287,2.377002413868773,17.724493,263.4663677130045,275,300,268,231,209,236
8,305.1333333333333,1.5048461862621154,28.516745,256.96,283,314,290,238,217,240
9,274.74226804123714,1.630829367777022,31.855253,252.64367816091954,282,304,201,236,208,240
10,210.46511627906978,1.2871283538796228,[27.81839],265.14084507042253,267,276,184,223,204,225
11,215.47368421052633,1.0342468681858996,[19.107828],282.52941176470586,252,196,176,196,190,221
0,195.7948717948718,15.327830687830685,[21.144243],271.19117647058823,212,184,172,197,181,188
1,230.9,13.349298245614035,[26.487997],253.95714285714286,138,163,143,170,163,173
2,223.26797385620915,10.099564528899444,[17.308569],299.969696969697,127,145,125,151,137,157
3,223.79012345679013,6.653383242153758,23.17436,324.25,116,145,115,150,125,104
4,214.57222222222222,4.720429473187424,[40.176632],333.3875,113,149,118,128,119,110
5,223.3206106870229,2.5335810065594706,[63.02596],316.72072072072075,124,141,116,137,121,110
6,305.2756508422665,2.0700223343535447,[26.69517],278.88138686131384,180,209,192,202,145,171
7,1325.1356932153392,1.5342465753424657,14.084542,212.9698275862069,267,276,299,231,220,240
8,608.5454545454545,0.6398589065255733,[21.152306],217.1768707482993,290,308,312,240,230,240
9,209.85714285714286,0.6721498371335505,[34.75303],230.625,284,312,233,235,232,239
10,195.0731707317073,0.5949406838799721,[21.21431],197.8082191780822,267,294,213,225,207,227
11,241.2987012987013,0.7830798479087452,[17.958086],210.30769230769232,242,269,184,211,199,210
0,230.5392156862745,14.487104532839961,27.483017,318.6860465116279,204,175,185,177,169,171
1,222.43589743589743,12.218614718614718,[13.348767],297.04411764705884,132,157,169,157,155,154
2,230.54430379746836,8.728093812375251,[47.23438],329.6666666666667,126,138,159,141,140,131
3,218.56756756756758,6.857030943987468,[38.815174],325.54088050314465,135,138,155,130,129,90
4,217.83435582822085,5.069028448738593,[52.802063],326.6136363636364,138,139,168,135,135,95
5,236.80281690140845,3.5469013744875815,[48.108135],308.32,138,144,150,143,80,99
6,343.7435897435897,2.72923832923833,40.709087,285.0218579234973,200,213,215,197,139,146
7,714.5174603174603,1.2844578464631233,[20.923107],217.922131147541,259,302,301,213,219,222
8,435.1948051948052,0.7703533026113674,[19.298706],225.30645161290323,289,306,313,224,240,240
9,231.4814814814815,0.8394422310756969,26.95623,244.56521739130434,285,302,231,220,233,235
10,208.80246913580248,0.7204481792717086,24.605082,276.7313432835821,263,295,222,214,217,217
11,221.02666666666667,1.016940385361438,22.16732,256.33870967741933,226,206,210,197,187,195
0,235.8987341772152,15.605031446540881,[14.326545],243.296875,155,172,177,183,190,183
1,233.4468085106383,12.770480225988697,44.428333,332.4512195121951,139,159,145,168,167,166
2,245.16233766233765,10.392280169142362,[39.44672],335.34558823529414,126,137,133,153,152,101
3,223.13253012048193,7.0173359180282455,[55.74918],346.6014492753623,123,131,137,138,149,107
4,226.21656050955414,4.125668449197862,[57.92586],327.7674418604651,133,138,140,122,92,106
5,227.31944444444446,2.5017976373908577,[67.40678],340.10688836104515,128,134,135,118,93,100
6,332.914798206278,1.8223711772098867,[31.96634],295.71557971014494,214,202,171,139,150,147
7,1102.8034188034187,1.1926910299003324,24.810045,250.5822222222222,292,300,281,231,225,219
8,395.6127167630058,0.5356772521062865,[21.21711],240.2340425531915,297,302,230,240,240,234
9,248.64285714285714,0.8513797634691197,[41.93098],263.7125,291,292,230,231,239,239
10,221.76404494382024,0.8626614435868595,[33.435894],290.5,278,201,224,212,223,219
11,230.52,0.7891787113901648,21.94889,319.05,252,185,204,203,208,197
0,231.79787234042553,15.28021937842779,24.216635,281.29761904761904,231,154,202,166,158,183
1,245.36046511627907,11.273069429684734,[28.273523],318.275,156,140,184,146,149,166
2,231.61111111111111,8.851918465227818,[34.721485],286.68333333333334,143,127,165,126,132,141
3,232.8586956521739,6.59599542334096,[42.11864],325.2085889570552,129,129,158,120,118,106
4,222.98907103825135,4.95141318229774,[53.32552],326.17105263157896,142,132,158,128,121,102
5,237.79492600422833,3.0442830365510773,[47.170673],309.1625,139,140,155,133,100,109
6,262.62116564417175,2.8251098344035146,[31.9788],286.60830324909745,232,178,202,179,141,144
7,400.6026058631922,1.578120453884201,[21.691923],250.11417322834646,288,286,293,199,199,208
8,251.2207792207792,0.7918246944795617,[27.930275],257.748031496063,293,297,320,229,214,229
9,242.82828282828282,0.953856562922869,31.340944,270.71084337349396,294,288,239,216,215,226
10,228.69736842105263,1.2744460328806289,[21.47696],237.7741935483871,279,280,229,203,192,216
11,235.36764705882354,1.2575856514735975,[34.408367],278.8225806451613,253,176,214,190,175,201
0,244.56,16.189671361502345,20.805578,286.85483870967744,182,174,174,179,173,183
1,226.4,13.6453988291255,[30.673317],321.2692307692308,121,158,158,164,154,156
2,231.24427480916032,11.01316604708798,[37.01777],281.5169491525424,106,140,134,145,140,142
3,209.48427672955975,8.726793627979397,23.418419,336.88235294117646,107,132,127,145,128,87
4,239.77659574468086,5.311794379053567,[57.056652],307.5759493670886,122,130,122,130,135,85
5,229.87321063394683,3.573202959830866,[58.96738],325.4168564920273,131,122,119,131,96,89
6,330.44462025316454,3.8120980358074044,[33.57738],295.8436911487759,199,200,173,188,146,140
7,1302.0857142857142,2.6742935367165344,[17.776815],233.1,273,280,282,196,210,220
8,328.3157894736842,1.8619906725576834,[28.076872],235.44444444444446,278,301,301,220,212,240
9,226.58415841584159,2.015373765867419,28.756514,261.0235294117647,260,282,221,216,212,227
10,214.66233766233765,1.9885542168674697,[42.05821],264.40625,236,264,213,203,195,217
11,221.13793103448276,2.5339580584997505,[28.692429],280.17105263157896,206,182,199,188,188,194
0,245.04545454545453,15.050008177952238,[19.4749],267.25925925925924,160,152,176,179,161,191
1,219.0842105263158,11.879675467546754,[39.94206],316.375,135,144,154,159,163,154
2,215.006993006993,9.857371794871796,[40.543198],324.6864406779661,123,140,137,134,154,144
3,233.2325581395349,6.69084081441061,[52.682926],333.0394736842105,122,139,117,129,143,91
4,227.99435028248587,3.7951403188798016,[46.2859],324.6308724832215,116,133,128,135,134,93
5,231.16977225672878,2.383838383838384,[35.466568],334.8965517241379,119,134,136,138,97,96
6,279.2230769230769,1.5297442419104141,33.79248,300.4303350970018,159,194,209,147,161,141
7,1000.7555555555556,1.1063575826108807,[23.829119],233.0929203539823,270,286,296,213,226,225
8,257.0229007633588,1.0414191419141914,23.359762,261.35897435897436,286,299,235,229,226,240
9,242.11428571428573,1.0545827633378935,[32.84303],237.07407407407408,282,283,218,222,221,236
10,236.05714285714285,0.8073925710123815,[45.9743],238.56603773584905,269,256,214,205,207,222
11,239.0731707317073,0.8829070130797733,[36.940594],284.5,234,164,192,193,183,213
0,227.23636363636365,14.678670465337131,[35.61556],246.04166666666666,214,154,173,174,180,158
1,215.26506024096386,11.418771929824558,[45.337845],278.77142857142854,144,147,164,178,166,151
2,230.42537313432837,8.397931303669008,[22.688974],273.7837837837838,138,135,143,158,143,137
3,204.0473372781065,6.175818018825639,[41.9138],308.158940397351,131,132,130,162,133,88
4,232.23076923076923,3.948915881484845,[49.74133],306.48447204968943,124,131,125,149,135,102
5,225.05052631578948,3.1747928425603464,[42.24648],312.91970802919707,134,144,109,151,104,115
6,252.38942307692307,1.931057789793849,[45.857117],291.5009633911368,193,209,164,214,140,156
7,364.88666666666666,1.6828036828036832,[12.419349],234.42352941176472,268,285,260,207,192,231
8,303.9113924050633,1.168675068224328,23.364107,273.18518518518516,282,304,293,217,217,240
9,231.56521739130434,1.269050942079553,[37.148884],263.6296296296296,269,299,213,215,215,222
10,212.82417582417582,1.2016056758775204,[32.419594],267.8285714285714,254,275,202,206,207,195
11,234.32835820895522,0.9929314303723379,[33.185486],244.18032786885246,233,185,182,195,195,179
0,211.98901098901098,13.790358180058082,[39.913433],241.73417721518987,199,162,153,167,171,181
1,208.69387755102042,11.678581856100106,[39.224304],251.36470588235295,184,140,147,154,157,177
2,217.1027397260274,9.62359268194612,[17.506605],238.44615384615383,125,129,128,150,132,165
3,234.24539877300614,6.165557667934094,[32.80707],313.47333333333336,119,125,129,134,140,142
4,214.57714285714286,5.284632987150149,[26.278246],284.80263157894734,116,128,121,142,137,97
5,229.03665987780042,3.5046899887912226,[44.395428],286.4805825242718,120,135,111,137,137,97
6,282.8208722741433,4.40034965034965,[38.50204],263.89724770642204,175,193,162,215,159,136
7,768.340625,2.5204150906798564,[10.083438],210.7563025210084,276,270,256,223,216,232
8,254.66216216216216,1.5694648993618072,[15.6739645],214.84328358208955,288,289,277,233,227,238
9,198.84615384615384,1.3184523809523812,[14.458915],252.85897435897436,278,275,262,225,228,236
10,224.42857142857142,1.1781297134238309,[33.271664],246.43859649122808,250,257,179,207,215,218
11,226.25,1.0556883759274527,[24.962297],293.0625,229,239,163,177,193,212
0,218.62637362637363,14.924985279685968,[14.966083],224.4578313253012,192,174,167,160,168,158
1,210.79268292682926,11.635487528344672,34.85627,272.9,135,158,153,148,135,153
2,217.9933774834437,8.631725514922238,[36.314304],303.234375,114,143,143,142,124,127
3,220.34104046242774,6.114225525191645,[30.227966],283.7843137254902,129,142,142,127,118,85
4,245.96385542168676,4.10296287887388,[43.63113],342.6740740740741,135,150,141,122,119,99
5,238.87824351297405,2.7953275774504824,[44.939884],306.1565995525727,129,136,133,116,98,104
6,285.44084278768236,2.8746710805534335,[34.295223],281.3471698113208,197,209,190,169,156,150
7,482.740614334471,2.370711024135681,[30.340775],252.13333333333333,280,290,287,180,208,215
8,245.78321678321677,2.0147186147186145,30.360716,248.15833333333333,278,301,298,207,233,223
9,211.51694915254237,2.1777897768178547,[41.99661],247.32673267326732,261,292,205,195,215,221
10,218.80246913580248,1.6124529721595182,[18.741465],236.57971014492753,252,277,201,197,202,200
11,203.09677419354838,1.7543859649122806,36.492077,281.22641509433964,216,193,186,177,183,185
0,204.25,15.044387568555758,[24.733154],262.98571428571427,220,183,174,162,179,176
1,236.36231884057972,11.646175611537059,[39.27981],299.56140350877195,145,167,158,137,153,153
2,230.96969696969697,8.466159052453468,[31.522154],298.2836879432624,127,144,141,123,127,126
3,215.69387755102042,6.664826317000228,[23.556265],295.2834645669291,133,134,137,124,130,98
4,225.34054054054053,4.828829880361832,[41.75832],315.95625,120,137,135,123,126,104
5,232.088,2.4421717171717177,[58.921368],318.94533029612757,130,134,127,133,87,109
6,252.37301587301587,1.8609150437962412,[23.931328],284.00190476190477,198,193,170,195,153,160
7,462.7308970099668,1.97323247017748,[14.831657],231.70119521912352,265,288,266,198,228,228
8,227.15602836879432,1.1956266377518747,[26.020859],248.856,281,320,296,211,235,238
9,223.41509433962264,1.1933518005540162,[25.346054],268.0531914893617,267,301,209,203,226,238
10,235.78947368421052,1.1386178861788616,[31.34472],237.83076923076922,255,286,196,198,208,210
11,242.54430379746836,1.4812787001059697,[40.08295],250.73846153846154,226,215,186,179,190,196
0,222.14814814814815,15.740105448154655,[19.939865],226.87234042553192,229,207,171,167,192,172
1,227.30588235294118,12.528891115564461,[34.630085],259.3333333333333,162,179,157,165,167,168
2,240.11409395973155,9.798363095238093,[26.752787],294.1085271317829,133,156,146,152,155,154
3,221.0,7.060534591194967,[25.003626],298.4965034965035,131,142,138,134,148,155
4,243.22289156626505,5.092680242157402,25.966314,295.2635135135135,133,132,146,125,151,103
5,216.8343949044586,3.026712912255081,[31.880995],323.7429245283019,148,132,137,125,105,100
6,247.27228525121555,1.5970575318401403,25.254448,284.8333333333333,201,188,180,180,148,138
7,629.1432748538011,2.0718864468864475,[21.325315],250.78339350180505,278,300,279,177,217,205
8,320.24844720496895,1.4287518037518032,[23.138231],242.93571428571428,283,311,296,214,240,240
9,250.67567567567568,1.2702702702702702,35.929287,260.90816326530614,281,309,212,211,235,232
10,205.85714285714286,1.4492836676217766,[19.689522],213.47619047619048,265,291,217,194,212,217
11,218.58904109589042,1.3642681583185017,22.950075,210.82539682539684,248,220,195,189,201,189
0,243.04347826086956,15.700053144375556,[18.06003],232.38333333333333,190,198,198,188,179,176
1,239.42465753424656,12.800562248995982,[41.179832],297.4754098360656,169,177,172,171,162,145
2,211.85365853658536,10.758097762073026,[47.871616],290.2857142857143,111,159,153,149,142,135
3,236.6,8.431949806949808,[31.23323],307.2375,96,165,148,128,122,118
4,215.1951219512195,5.565217391304349,[43.22026],328.3986013986014,105,163,160,125,120,96
5,227.74269005847952,4.911647337573263,[39.153522],322.5377574370709,89,173,146,128,93,100
6,368.975,4.062459123610203,[32.574528],282.5154264972777,153,235,227,202,144,151
7,1160.8058823529411,2.3330493231089644,27.980642,234.1487603305785,253,301,291,232,206,226
8,238.9738562091503,1.444254886115352,[24.013075],270.80152671755724,276,307,297,240,236,235
9,218.7008547008547,1.3888926401080353,22.173677,238.4607843137255,262,308,213,233,230,235
10,209.50574712643677,1.2621468926553674,37.130196,252.80263157894737,240,297,215,219,223,222
11,222.34883720930233,1.1171063320364274,[16.124556],243.01351351351352,217,204,208,205,195,202
0,223.5054945054945,15.357124874118831,[32.87862],309.719512195122,155,170,183,176,158,151
1,237.1,11.26188524590164,34.19566,315.7352941176471,145,152,167,160,152,139
2,247.81506849315068,9.20105936879276,[33.06124],357.6148148148148,143,133,159,136,137,80
3,235.7325581395349,6.144890183774093,[63.999386],331.1862068965517,141,139,156,126,130,84
4,254.29710144927537,4.440344784819546,[50.923534],356.53097345132744,139,138,152,131,86,87
5,249.15503875968992,3.4837092731829573,[72.921265],361.46118721461187,122,138,145,87,92,81
6,318.71308724832215,3.35206611570248,54.969646,331.100185528757,183,227,131,123,142,162
7,819.4423791821562,1.7392731122088922,[38.431942],285.1682692307692,256,307,216,209,212,217
8,345.06756756756755,1.4406417112299466,[28.459608],257.6578947368421,280,311,221,239,218,227
9,229.52941176470588,1.285964912280702,[36.972424],306.6811594202899,278,309,225,238,215,217
10,230.66666666666666,1.2342447549631541,[38.20679],315.29824561403507,266,212,193,223,204,209
11,265.7674418604651,1.18303749280687,[41.975056],331.33846153846156,239,200,186,195,184,185
0,247.11214953271028,15.5534693877551,40.547188,304.5108695652174,190,199,172,178,155,184
1,219.32911392405063,12.981342640468805,[41.90667],226.01388888888889,145,178,165,157,147,175
2,227.01307189542484,9.581619663141401,[18.56698],272.68382352941177,131,160,142,137,120,161
3,249.85026737967914,7.022865510250055,24.342203,314.375,128,147,139,145,109,104
4,234.50588235294117,4.522391304347828,[36.313316],317.9387755102041,144,145,125,141,123,122
5,235.75151515151515,2.580213903743316,[51.763622],340.4965675057208,154,131,113,142,90,118
6,359.49235474006116,2.752460914881297,[39.99294],305.95412844036696,219,187,172,191,155,175
7,874.3868852459017,2.052231363749688,25.719376,271.87735849056605,270,311,286,217,213,231
8,331.25174825174827,1.5971947194719471,[33.75676],243.71875,276,320,230,236,213,240
9,240.48275862068965,1.4185983827493256,31.707626,262.038961038961,272,311,228,224,216,233
10,220.64705882352942,1.7023533671252713,29.916212,244.7605633802817,252,301,215,210,191,212
11,200.30882352941177,1.9327034075847622,[22.444818],313.8813559322034,225,218,201,206,176,205
0,216.84761904761905,14.352959086584203,[18.411034],274.0777777777778,202,170,163,169,183,164
1,253.91666666666666,11.156476683937823,25.35586,264.2682926829268,195,156,148,153,164,149
2,244.09677419354838,8.560429141716568,[35.905872],273.10526315789474,134,141,139,140,148,133
3,228.72189349112426,5.425292764533668,[23.038597],294.3191489361702,145,132,141,126,141,112
4,228.34065934065933,3.6623449200849443,[37.687206],315.6645161290323,144,131,146,125,137,95
5,226.08076923076922,2.903510222075274,[42.70952],304.88100686498854,146,136,142,127,135,103
6,250.01290322580644,2.324153948241539,[29.244867],268.4359925788497,188,179,215,212,142,160
7,557.1919504643963,2.0012152611212386,[25.465912],240.05725190839695,256,294,295,231,196,217
8,242.69655172413792,1.417074110291286,[17.329498],221.359375,271,315,314,240,229,238
9,295.52127659574467,1.282766825288919,31.075045,202.02409638554218,256,304,221,232,228,230
10,229.32394366197184,1.3714078374455734,[22.193506],215.203125,234,284,206,228,220,206
11,211.546875,1.0882563551736486,[15.181041],251.4262295081967,213,196,191,193,198,185
0,200.63291139240508,15.569263913824056,34.165768,290.4225352112676,224,181,172,182,170,185
1,248.1237113402062,12.102,[29.55327],292.69135802469134,203,166,160,163,146,162
2,219.57575757575756,9.537124802527648,[36.96818],309.0486111111111,133,157,148,142,123,141
3,250.09459459459458,7.187791391087497,[21.883718],265.70992366412213,127,164,152,137,128,94
4,217.0,5.042371943799094,[29.22445],313.82312925170066,138,158,143,133,120,94
5,228.24949290060852,3.33167709483499,[53.448696],340.97014925373134,130,153,144,135,90,89
6,334.41777777777776,2.4358005690033115,[38.282574],304.9191919191919,182,212,228,130,127,142
7,1195.8443804034582,1.3988095238095242,15.460419,234.61607142857142,267,297,317,224,214,217
8,310.3987341772152,1.0728500355366029,[28.825274],250.4418604651163,285,309,320,239,215,240
9,234.2314814814815,1.2369127516778524,[29.414255],238.0888888888889,277,305,231,224,213,240
10,237.44303797468353,1.54180790960452,[37.633972],257.8235294117647,272,296,212,213,196,227
11,217.63513513513513,1.4114318053197508,[29.081429],295.92424242424244,248,199,193,194,175,200
0,270.6,17.166997048588172,[64.48766],340.61333333333334,160,182,170,208,150,117
1,305.2897196261682,14.312488029113196,[49.028423],384.4823529411765,139,169,165,193,140,102
2,292.4113475177305,12.2113579116098,[43.23971],334.46491228070175,134,149,149,187,82,93
3,285.00666666666666,10.317148207597647,[47.419083],379.48091603053433,123,146,153,131,65,94
4,270.03821656050957,8.926406926406926,[51.371674],356.75182481751824,115,139,148,143,56,92
5,277.20616570327553,6.896974708841567,[67.560905],414.2923832923833,127,142,144,146,52,80
6,523.2116040955632,5.056539235412473,[60.009228],379.7590618336887,172,222,156,202,95,147
7,671.3678929765887,2.4382645803698435,[49.81032],377.3218884120172,262,310,214,231,189,200
8,463.2215568862275,1.4513377926421405,[58.749348],349.59558823529414,280,315,225,233,206,236
9,302.42045454545456,1.7885623148781047,[41.739876],349.3157894736842,273,220,230,236,198,229
10,295.97402597402595,1.7963404289695843,[74.43714],384.73015873015873,251,206,217,227,184,218
11,268.6024096385542,1.6835492736552806,[51.061436],384.4848484848485,174,194,192,213,160,199
0,233.6883116883117,15.93849593495935,[43.182755],261.8358208955224,180,177,160,155,183,170
1,264.4805194805195,12.777365236523652,[57.310497],326.90625,161,162,144,141,164,137
2,219.51388888888889,10.027277432712216,[39.059788],333.768,148,149,119,129,134,126
3,247.8490566037736,8.086262719703978,27.617956,319.9357142857143,135,151,110,123,140,93
4,271.4792899408284,6.55471854795658,45.200787,330.8181818181818,130,150,102,123,127,101
5,236.4713493530499,5.3697788697788695,[56.75632],345.8476821192053,138,157,94,121,86,107
6,515.4407051282051,5.590340780862109,29.842749,347.99612403100775,233,231,145,118,160,168
7,1459.2252559726962,2.3420027816411686,[42.7222],281.3874345549738,278,294,200,195,232,239
8,373.7712418300654,1.7001676727028836,[34.294968],282.8292682926829,283,292,216,220,240,240
9,234.12244897959184,1.4396690415996325,[32.581997],248.4494382022472,277,212,216,207,231,231
10,243.14285714285714,1.2244582043343653,25.426981,270.85714285714283,268,203,200,197,213,211
11,238.375,1.4764012445768877,[32.353676],277.9852941176471,257,190,176,178,200,200
0,248.6829268292683,14.820134486071083,[23.898191],264.81333333333333,193,188,170,149,161,180
1,232.75238095238095,12.115099009900991,[28.438444],285.15625,142,174,143,137,153,160
2,201.8,8.68429487179487,[26.601852],307.35616438356163,135,158,131,130,140,138
3,222.6449704142012,6.452240207723331,[39.116615],279.78205128205127,132,156,123,124,141,111
4,232.76331360946745,4.810754572335998,[35.768448],298.8843537414966,140,158,126,116,140,114
5,229.23354564755837,3.4220270591027764,[58.257366],322.326968973747,138,161,127,113,107,120
6,460.8547400611621,2.887129724208376,38.61381,278.3444639718805,194,206,190,161,147,170
7,1152.4921630094043,2.184449257619989,[15.893424],215.8256880733945,255,301,291,210,220,240
8,267.3543307086614,1.4266808460356846,[14.940044],236.58407079646017,274,320,318,220,240,240
9,239.2736842105263,1.4335051546391753,[29.009644],274.6823529411765,248,307,233,209,228,230
10,226.74576271186442,1.4152014652014653,[35.98102],268.85714285714283,234,291,218,192,211,219
11,257.14925373134326,1.631215344059631,[17.392355],269.03636363636366,212,199,193,173,181,200
0,273.05882352941177,16.04755178907721,[35.53433],312.6290322580645,157,189,172,180,193,171
1,232.44444444444446,13.278893587033124,[28.232986],290.39506172839504,139,183,147,148,173,156
2,213.91772151898735,9.92228950403691,38.468555,332.6640625,135,171,129,139,158,135
3,236.45744680851064,7.7877872478153,[41.298172],371.8867924528302,137,174,133,132,147,83
4,236.81656804733728,5.678904991948469,49.52934,363.31205673758865,136,185,135,120,141,93
5,258.993839835729,4.207282246549262,[75.41677],347.6058394160584,133,192,126,125,93,95
6,646.1765578635014,5.333876000542667,[31.346308],312.62996389891697,210,281,165,131,132,134
7,1581.828488372093,2.3971350613915416,26.121038,267.9908256880734,268,313,215,231,227,212
8,253.52866242038218,1.1210526315789473,33.89121,266.6511627906977,281,318,223,236,235,227
9,225.93069306930693,1.4733101410242022,36.17145,272.6741573033708,273,228,216,236,240,214
10,255.12087912087912,1.163236449332286,26.955515,291.45569620253167,266,217,202,222,226,207
11,250.25974025974025,1.2378371512046409,[31.079489],305.8484848484849,248,210,183,199,214,189
0,235.73684210526315,14.67980824544583,[22.733871],251.67469879518072,197,142,164,183,173,184
1,240.76842105263157,11.821761658031088,27.352951,259.4047619047619,181,136,149,173,157,169
2,233.6985294117647,8.991007194244604,37.667362,264.52941176470586,133,122,132,147,147,153
3,233.1720430107527,6.688834154351395,[14.367345],263.12345679012344,141,118,128,151,132,142
4,215.4254143646409,4.430205949656752,[18.836973],293.52258064516127,137,123,128,148,134,90
5,216.97979797979798,2.6920289855072466,[35.951103],300.2972350230415,141,116,133,149,129,100
6,249.1888,1.4349682875264267,[28.402285],266.7191011235955,212,162,190,211,146,154
7,317.87628865979383,1.5067930769685156,[12.943128],225.1440329218107,277,261,261,304,207,229
8,286.2874251497006,1.3017495816217857,[21.35666],226.5944055944056,278,302,284,234,227,240
9,224.77570093457945,1.269903273809524,[28.301458],247.29268292682926,267,302,267,234,226,240
10,233.54166666666666,1.320660856935367,[29.012953],253.203125,249,284,186,223,210,225
11,201.15277777777777,1.3580645161290323,[15.268313],238.98387096774192,220,241,173,203,197,206
0,222.56179775280899,15.40864966949953,[6.984169],215.81012658227849,209,160,166,178,191,155
1,206.6043956043956,13.689340101522843,[19.843088],197.46753246753246,198,158,153,156,176,144
2,215.1908396946565,10.97427797833935,[25.079012],259.1504424778761,126,142,143,139,151,130
3,215.3757225433526,8.269787644787645,20.864702,258.640522875817,115,133,131,133,142,123
4,221.80124223602485,5.46849593495935,[24.136833],288.79545454545456,114,132,132,127,132,142
5,221.68988764044943,4.224199713330148,52.677383,294.6640625,119,125,127,122,127,108
6,226.01680672268907,2.598595558929588,[31.81013],257.1643564356436,154,168,178,172,128,158
7,369.66355140186914,2.056834254854057,[13.787209],214.20955882352942,252,251,263,244,195,209
8,295.3188405797101,1.4563492063492065,[9.65109],196.58333333333334,271,287,289,211,236,218
9,223.21153846153845,1.5613682092555332,24.050995,200.43333333333334,270,281,285,207,230,218
10,236.1904761904762,1.7223100075244542,[24.132132],194.08219178082192,248,257,203,199,220,202
11,235.31428571428572,1.8089141004862233,[17.832869],250.84745762711864,229,249,190,189,197,180
0,231.63953488372093,15.109782403027435,28.359451,234.2405063291139,203,145,181,159,167,202
1,220.17391304347825,11.134852320675106,[18.12079],258.73417721518985,187,131,158,143,144,185
2,218.88372093023256,8.870942571785267,[19.084333],263.5945945945946,127,114,137,125,125,173
3,210.8132530120482,6.910589137100308,24.256119,281.48936170212767,117,120,125,120,111,168
4,237.06172839506172,4.337624945675794,[30.444664],263.84615384615387,122,122,113,118,124,168
5,232.12323232323232,2.7961994106681094,[53.03923],284.7146171693735,113,129,126,114,129,112
6,289.98755832037324,2.971657754010695,[20.391443],256.4793233082707,160,208,179,150,151,172
7,578.4030303030303,2.26795514197089,22.959787,217.49110320284697,253,290,267,248,226,240
8,271.48366013071893,1.2952742845079768,22.138693,181.28925619834712,280,306,300,217,236,240
9,243.55,1.5798983625070584,[27.43775],208.2,273,302,281,209,220,233
10,227.94736842105263,1.5752976190476187,[11.6427355],239.2,255,259,196,199,200,235
11,220.24657534246575,1.653673469387755,[13.032105],270.4193548387097,238,231,183,174,174,225
0,219.87640449438203,14.301038197845248,[33.30913],317.39473684210526,207,164,158,152,176,164
1,227.34567901234567,11.04721595184349,[36.550247],261.231884057971,141,151,147,130,161,156
2,252.09022556390977,8.147861356932154,[28.393599],252.04132231404958,131,134,129,118,143,136
3,222.61783439490446,5.6817438055165965,[28.373444],295.7910447761194,125,130,125,125,143,96
4,227.04166666666666,3.762663999529329,[34.28499],312.1449275362319,124,127,128,126,134,100
5,233.70253164556962,2.5001327140013276,[47.859116],308.65393794749406,111,119,134,130,94,97
6,223.42532467532467,1.472397827441902,30.08964,273.81853281853284,167,173,200,193,139,149
7,427.14814814814815,1.5668678739101272,[27.401236],220.28985507246378,253,264,284,201,211,207
8,223.73809523809524,1.1172744081719257,[21.88196],233.1,277,299,313,226,233,223
9,233.6451612903226,1.646077032810271,[14.824243],256.65432098765433,266,282,220,206,223,205
10,203.4794520547945,2.0097441685477806,[36.10637],259.28846153846155,259,276,206,187,205,196
11,226.7058823529412,1.5535614655012087,[30.64253],284.1034482758621,229,177,185,174,186,181
0,227.6875,14.785617977528089,30.82604,255.64383561643837,208,155,163,191,165,186
1,232.8165137614679,11.295222465353755,[33.81824],315.9148936170213,138,144,147,167,145,173
2,237.8905109489051,8.096366508688785,[24.828978],288.13793103448273,128,134,140,146,134,162
3,213.9936305732484,5.810328962502875,26.002846,277.27536231884056,127,127,145,139,110,108
4,224.85526315789474,3.210675620911249,[33.896717],303.14925373134326,127,124,137,137,114,112
5,215.63674321503132,1.677271120537292,[38.428295],305.84398976982095,123,127,123,143,117,105
6,256.00303951367783,1.7984052617352912,[30.102028],288.079086115993,165,174,183,205,122,160
7,358.67973856209153,1.9565101565101564,35.035343,248.68965517241378,260,262,257,231,196,224
8,300.8641304347826,1.2753783684016244,[26.342293],245.1572327044025,282,289,290,238,211,238
9,231.32110091743118,1.194406779661017,[33.84945],239.1195652173913,283,290,223,236,206,237
10,244.375,1.4331308077197997,[38.00932],230.61290322580646,262,262,213,232,201,229
11,232.66666666666666,1.4471721972703093,[23.729477],259.14814814814815,232,177,193,206,186,213
0,240.43820224719101,15.557113402061855,[21.741837],278.20512820512823,225,146,189,178,156,173
1,206.77215189873417,12.748917748917748,53.65449,290.5,140,137,173,159,152,163
2,208.9047619047619,9.695552784704905,[35.598835],266.3032786885246,118,115,148,138,133,150
3,217.83582089552237,6.404502085356795,[31.841026],302.0,117,117,149,144,131,103
4,246.67088607594937,5.138449714536671,[44.249348],345.78195488721803,127,121,145,158,133,108
5,220.49482401656314,2.994949494949496,[40.764874],320.34466019417476,131,104,131,153,90,111
6,264.9525316455696,3.1974271012006854,[42.60178],295.812865497076,210,155,191,215,136,153
7,469.3851132686084,3.0601749816336072,[16.243704],270.532,273,254,273,212,192,222
8,301.4220779220779,2.299134199134199,[29.122412],262.6434108527132,277,268,303,240,212,240
9,240.43023255813952,2.0255003450655624,[37.268627],272.1014492753623,280,264,230,231,211,233
10,215.77906976744185,2.3046852122986823,[29.96624],280.37333333333333,263,249,217,217,204,216
11,217.26760563380282,1.8847710993459985,[33.247494],284.47457627118644,243,162,200,190,192,196
0,232.62,16.7446134347275,[26.130943],228.17777777777778,153,185,163,183,182,186
1,229.5909090909091,13.809041835357624,[44.82486],324.84615384615387,152,172,155,170,164,175
2,204.016,11.836250705815925,[33.202396],285.50925925925924,142,157,130,159,146,113
3,237.68125,7.686283309957923,[39.038723],325.69117647058823,128,147,126,142,128,104
4,242.29166666666666,4.764950857904382,[39.330967],334.77564102564105,130,143,131,142,135,102
5,231.30666666666667,3.169410641851587,34.804047,333.29639175257734,125,141,135,154,97,110
6,338.94375,2.8630952380952377,[42.215557],325.92379182156134,164,190,211,156,143,144
7,664.6810810810811,2.1115719751776476,25.89163,280.2153284671533,256,284,279,227,202,233
8,381.31972789115645,1.1604918032786884,[37.267895],294.4436090225564,289,319,208,236,233,240
9,228.1237113402062,1.4550471063257064,[49.20889],301.0779220779221,279,309,202,224,236,236
10,221.65263157894736,1.7533595425303783,[36.159016],281.2368421052632,264,286,189,220,223,217
11,241.59701492537314,1.747063064591374,26.766945,304.0357142857143,237,210,178,206,208,202
0,262.0816326530612,15.233919413919415,[22.65096],246.3048780487805,197,185,186,171,182,171
1,259.4470588235294,12.813777307963356,[37.944294],314.64935064935065,122,178,169,162,165,150
2,231.01290322580644,9.750844259038537,[33.904755],329.856,119,158,138,143,144,137
3,227.840490797546,7.254358861178548,[30.766289],331.4366197183099,123,162,132,136,145,90
4,243.81645569620252,4.9053384700055025,[48.452927],338.88028169014086,128,142,133,144,148,95
5,231.7995867768595,3.744632560422034,[60.55841],327.2695035460993,127,138,129,149,110,88
6,305.1156773211568,2.8622932930412155,[37.065205],292.59714795008915,152,201,203,219,155,153
7,718.700964630225,2.1302352266207687,[21.09865],250.4504132231405,244,277,310,232,220,211
8,274.63698630136986,1.198778390559212,[29.194305],262.6068376068376,261,320,320,240,240,225
9,188.64444444444445,1.1356279382135661,[25.360039],243.2077922077922,260,312,238,234,229,216
10,238.5,1.3873730043541364,29.056915,251.08333333333334,241,295,224,213,208,197
11,229.88888888888889,1.4226767920635617,[40.92081],246.484375,217,202,203,192,204,181
0,220.4468085106383,15.309767441860465,[33.05378],271.30864197530866,238,157,171,162,167,180
1,229.22666666666666,12.173269093504642,[34.734657],280.3134328358209,157,138,166,152,149,172
2,227.40689655172415,9.135113268608414,[41.241497],278.3333333333333,128,118,155,133,140,150
3,236.28025477707007,6.017321083738076,27.258947,315.0211267605634,123,124,138,133,124,101
4,226.48936170212767,4.354240912330719,[40.563293],320.8943089430894,127,119,140,129,117,100
5,225.8967741935484,3.007553277582951,[73.69995],333.70559610705595,125,115,137,120,79,98
6,300.79652996845425,3.104672220210069,[46.972595],284.9423791821561,181,179,198,166,114,166
7,1003.3164179104477,2.2095635749080427,[15.368188],227.26938775510203,247,271,292,209,189,229
8,518.4525139664804,1.605961468556888,19.772982,259.0074626865672,279,307,315,214,217,240
9,261.3272727272727,1.5689189189189188,[29.291542],252.07954545454547,281,307,226,213,219,234
10,209.17142857142858,1.4496402877697843,[35.23218],293.6949152542373,268,276,207,205,211,223
11,232.546875,1.6118087095912372,[31.197725],336.2830188679245,248,173,185,185,196,195
0,228.16831683168317,15.494786767011602,34.188038,279.3707865168539,175,194,166,187,171,170
1,226.8108108108108,11.636538461538462,[43.72951],340.69354838709677,168,170,151,173,156,157
2,226.87704918032787,9.93111512703306,[45.988583],322.72566371681415,154,150,136,153,134,91
3,226.92746113989637,6.5204838525619095,[48.002247],315.91875,141,133,128,149,118,93
4,237.24571428571429,3.606833855799373,[38.209282],350.6950354609929,119,132,129,156,90,99
5,233.97175141242937,2.766339066339066,[62.064724],342.9092920353982,135,130,131,154,87,103
6,409.8123076923077,2.6438095238095243,[36.088627],327.17463235294116,205,192,181,176,132,164
7,1354.903314917127,1.764273248566442,[27.63932],287.5739130434783,285,301,270,236,196,240
8,257.75,0.6121516526247569,[35.86668],259.45299145299145,293,315,223,240,232,240
9,262.1585365853659,0.43119143239625174,[32.91553],263.82089552238807,289,304,212,231,228,230
10,230.3294117647059,0.5408650023851169,[52.155285],315.35526315789474,267,227,194,222,205,209
11,246.7887323943662,0.4897247159937028,[44.381485],346.27777777777777,254,213,181,201,196,192
0,261.76344086021504,14.973831775700939,[17.906502],232.77333333333334,235,155,153,174,178,175
1,233.5421686746988,11.962454212454213,[29.343765],276.65277777777777,152,138,138,158,163,161
2,233.11111111111111,8.631592501030077,[36.561893],316.425,135,123,135,137,151,128
3,231.76470588235293,6.063907805133578,[37.188763],325.4421768707483,136,127,133,134,135,82
4,205.37426900584796,3.9161490683229814,[45.654064],312.7266666666667,140,127,124,137,129,99
5,221.84257206208426,2.363946421927322,[51.245335],321.41206030150755,134,122,145,133,91,108
6,252.26058631921825,1.5866970866970864,[26.885592],289.0857699805068,194,171,190,180,140,161
7,367.25082508250824,1.5813155770782887,[29.101831],256.3854961832061,271,253,273,191,213,215
8,292.1194968553459,1.3963312951639804,[36.428886],265.21985815602835,288,275,287,222,233,237
9,247.61818181818182,1.3098901098901101,[36.657337],257.30526315789473,295,276,207,213,234,231
10,254.3783783783784,1.3884057971014492,31.826767,269.94827586206895,278,270,191,210,209,222
11,202.56896551724137,1.7293233082706767,[31.05657],244.7608695652174,255,178,172,189,198,205
0,218.1604938271605,15.719528558476885,[44.464855],282.85915492957747,215,186,174,172,186,170
1,243.81176470588235,12.701314854299927,[35.45236],293.8933333333333,141,161,162,157,163,154
2,239.5079365079365,9.818168433451119,[38.29291],298.33962264150944,130,146,148,136,148,141
3,236.3081395348837,6.894685990338165,[47.861874],299.60869565217394,135,143,136,131,140,80
4,232.353591160221,4.588803637396988,[44.80855],317.16993464052285,141,142,134,137,127,84
5,219.91053677932405,3.3882701852076016,[57.15031],325.9907621247113,149,140,146,136,86,94
6,356.3755942947702,2.901832779174439,[35.80319],295.5734406438632,224,201,223,193,128,152
7,445.251572327044,2.051022723589095,[13.241536],246.8582375478927,268,284,308,222,183,204
8,268.6267605633803,1.4949633088725818,15.229043,262.1015625,276,303,237,224,234,225
9,233.05,1.458555783709788,31.396967,277.82142857142856,262,297,234,218,233,217
10,234.28571428571428,2.091176470588235,[40.776745],319.09722222222223,240,291,211,195,228,195
11,251.875,2.0179000801496123,30.75457,363.958904109589,231,198,196,179,203,175
0,230.50574712643677,15.631433756805812,[44.20129],292.68055555555554,206,173,173,182,170,198
1,215.68539325842696,12.680083244775062,[36.5286],247.80263157894737,127,157,155,166,157,179
2,215.84328358208955,9.645906604142244,[24.31251],290.45762711864404,114,143,149,147,148,152
3,221.15976331360946,7.037842190016103,[51.11708],319.3677419354839,108,132,130,141,153,92
4,226.64285714285714,5.448934356351238,[47.199036],332.55172413793105,109,140,135,141,157,83
5,235.42094017094018,3.1775792356854047,[43.689606],312.13793103448273,115,142,123,127,110,80
6,280.1639871382637,2.6647345942647953,35.465214,290.0806142034549,187,207,200,185,142,122
7,470.26774193548385,1.7491755705052108,[19.236113],246.2549019607843,264,297,278,216,195,194
8,349.01290322580644,1.370101336203031,[13.904857],243.90697674418604,276,317,307,235,220,238
9,259.93939393939394,1.4506779661016949,[37.886295],253.11111111111111,266,304,226,224,216,239
10,220.81521739130434,1.7134110787172012,33.64825,286.55,249,277,196,211,203,236
11,216.7051282051282,1.5389630144725979,26.368103,270.1470588235294,223,191,193,203,188,213
0,193.8901098901099,14.688167141500474,[45.507526],310.60759493670884,220,150,174,171,161,177
1,223.8252427184466,11.789130026305898,32.67101,303.0897435897436,133,140,160,149,148,157
2,212.17123287671234,8.87319786581905,[38.76904],331.92,119,140,147,135,131,94
3,229.08333333333334,6.197776613701182,[45.477924],336.82608695652175,110,133,146,143,122,93
4,218.31578947368422,4.99364613880743,[58.921814],354.95205479452056,120,137,162,132,81,112
5,227.6290322580645,3.993557623478883,[55.5873],337.1512195121951,122,144,155,125,100,116
6,344.8436090225564,3.2532324187953328,[47.054684],308.48713235294116,167,224,203,138,149,176
7,908.871875,2.0060110829341595,31.95164,268.78995433789953,261,310,282,200,229,239
8,292.09448818897636,1.0917989417989422,[47.339428],274.07,288,315,219,218,232,240
9,237.5531914893617,1.3683195592286501,[35.561085],278.4935064935065,275,301,208,211,228,229
10,220.24242424242425,1.4929346713086218,[29.492598],248.52830188679246,259,195,192,202,218,219
11,222.03896103896105,1.597666847531199,[38.997013],312.56060606060606,246,167,187,185,185,194
0,208.81914893617022,15.025955882352939,[30.724203],288.08235294117645,207,189,164,152,175,201
1,206.1089108910891,12.627230549607424,[32.22733],287.38823529411764,128,177,145,145,157,182
2,226.5897435897436,9.900618374558304,[35.293064],293.837037037037,116,159,129,128,151,166
3,232.59302325581396,7.206044405651627,[50.19449],316.05479452054794,111,160,136,123,144,123
4,216.58278145695365,4.268378951950809,[49.66571],297.187969924812,124,160,125,131,141,118
5,225.88385826771653,2.7162627629474714,[43.277573],308.05054945054945,125,149,124,131,91,119
6,256.51559934318556,1.9783917962073738,[40.84068],280.414,191,218,193,193,140,182
7,476.9157894736842,1.4602751040376127,[13.51976],240.6695278969957,282,310,290,187,201,229
8,295.233918128655,1.154157602127145,[22.407257],274.1954887218045,285,320,305,202,231,233
9,252.56382978723406,1.1325581395348836,[28.846888],284.65,282,312,219,187,229,233
10,211.9764705882353,1.0203865791393145,[40.484467],223.59154929577466,262,290,204,184,203,228
11,215.14473684210526,1.0073306702954217,25.93972,272.3492063492063,234,202,188,173,191,211
0,221.97802197802199,15.7472657525302,[41.70261],328.7625,174,159,155,165,175,193
1,250.44444444444446,12.845541401273886,[47.62019],297.9130434782609,159,148,142,160,163,170
2,220.0493827160494,11.167439853274356,[49.33453],309.4609929078014,139,142,118,144,155,108
3,227.8136645962733,7.977367480643241,[42.492996],310.54347826086956,142,148,112,151,144,106
4,215.81699346405227,6.041528646791806,[38.688248],336.2015503875969,139,127,132,139,85,119
5,244.33996023856858,4.6572074334505285,[57.709396],358.99769585253455,140,121,122,136,78,127
6,354.5667215815486,4.248936462192947,30.47986,317.8607843137255,227,174,190,139,131,180
7,855.6013071895425,2.620839226779821,25.617155,264.42410714285717,272,282,287,229,210,235
8,234.0728476821192,1.4040214477211794,[39.694576],298.2651515151515,290,295,219,234,214,240
9,226.14678899082568,1.1637883008356547,[56.329422],298.5888888888889,276,282,218,217,210,233
10,261.9753086419753,1.3469770475763383,[41.76051],324.2686567164179,263,206,190,203,204,225
11,208.5,1.470370208869315,[35.18916],325.2142857142857,243,193,174,191,187,219
0,225.87755102040816,15.729851007887817,25.066343,303.28915662650604,208,186,184,190,191,182
1,225.0,13.13424042048152,[47.222576],303.03333333333336,131,166,168,167,176,175
2,212.34,11.01140757927301,[45.973736],310.8059701492537,102,150,148,153,154,155
3,229.26347305389223,8.019171516603905,[48.843975],343.59574468085106,92,147,128,151,143,101
4,232.32203389830508,5.222399271568404,[53.799175],333.55128205128204,102,137,137,150,149,89
5,234.56699029126213,3.762032085561497,[44.02841],318.2088167053364,106,132,140,147,123,100
6,323.8183254344392,2.5438311688311686,[32.065052],302.5301645338208,177,215,213,139,161,151
7,1062.4075235109717,2.2053144595517478,[16.88898],260.7203791469194,263,287,308,224,230,222
8,316.8987341772152,1.568360655737705,21.347883,290.7,273,300,240,240,240,232
9,272.1818181818182,1.5404227212681634,[41.67388],294.2988505747126,271,305,233,238,235,232
10,237.72972972972974,1.5155395908168046,[40.1218],265.8688524590164,257,222,214,223,221,211
11,258.1098901098901,1.5753500920731445,[35.556774],269.6081081081081,230,200,192,206,211,190
0,194.61855670103094,15.583864900228981,37.937153,293.75581395348837,160,166,161,182,179,171
1,235.95555555555555,12.458862433862434,[48.99251],289.73417721518985,149,159,157,171,155,154
2,211.7304964539007,10.114543452037552,[42.71784],306.975,137,152,141,163,140,96
3,234.5549132947977,7.184524133427652,[44.179398],316.2133333333333,136,147,145,139,134,98
4,227.77439024390245,4.597428467946396,[46.62666],340.53237410071944,137,151,133,131,91,110
5,236.48565573770492,3.3348769193273213,[57.98393],347.92233009708735,139,148,130,124,88,117
6,345.61051004636784,2.9115243730628344,24.700628,321.89071038251365,200,204,204,132,140,134
7,1335.9625360230548,2.485036702428007,[26.90394],259.535,270,289,292,231,214,222
8,297.92105263157896,1.4592653871608212,[34.224224],292.3695652173913,279,298,220,240,234,240
9,253.8125,1.3614996637525218,[38.05057],293.2705882352941,279,296,211,235,226,240
10,241.875,1.4756317689530687,[40.014603],315.8,253,273,195,232,214,218
11,216.69230769230768,1.2383900928792568,[49.916275],323.05555555555554,239,194,181,202,198,193
0,242.85555555555555,15.900622831914227,[53.456482],293.4320987654321,157,188,182,170,173,187
1,226.4,14.222608695652175,[51.021626],311.30555555555554,144,178,177,145,169,112
2,252.4965034965035,10.325586297760214,[40.94],328.9268292682927,129,158,166,117,150,105
3,213.61176470588236,8.263427109974424,[46.862427],350.5302013422819,124,156,155,121,125,101
4,206.10778443113773,5.651474693530768,[56.721634],340.86567164179104,115,156,154,143,82,99
5,223.01434426229508,3.9657516998237208,[48.16519],358.69176470588235,107,138,153,155,79,90
6,316.0918674698795,3.638485863095238,[39.318462],354.3001776198934,167,196,220,180,127,134
7,1064.1743119266055,1.7513651877133105,[49.329712],312.0593607305936,274,300,218,238,213,222
8,254.28571428571428,0.9541450777202072,[32.610104],322.8292682926829,281,320,232,240,237,234
9,239.36470588235295,1.0583611855878354,[57.846615],320.1388888888889,270,233,233,233,235,229
10,232.6024096385542,1.046513452035454,[43.514587],281.27142857142854,257,215,220,221,214,215
11,237.2876712328767,1.1805555555555556,[47.09576],315.5217391304348,169,203,199,190,191,200
0,210.45263157894738,16.21228981206726,[58.04396],306.17283950617286,163,164,167,156,176,185
1,207.37209302325581,12.22654462242563,[57.461704],325.88157894736844,154,147,168,140,154,111
2,233.42635658914728,9.267127387495238,[55.80124],352.95726495726495,145,134,153,121,143,103
3,224.7074829931973,6.24284279256655,[59.7663],356.73553719008265,145,136,142,117,88,96
4,238.316091954023,4.418232605383443,[69.92128],378.35714285714283,137,140,147,118,85,89
5,238.60683760683762,2.9531869165155484,[59.6973],341.0072463768116,133,149,157,79,96,95
6,331.3018867924528,2.054817275747508,[42.598194],338.73767258382645,197,192,198,137,149,159
7,605.8682432432432,2.4629213483146075,[40.889217],300.5238095238095,270,293,227,189,209,236
8,317.1029411764706,1.6771812080536914,32.201176,292.4107142857143,274,303,235,211,227,240
9,262.18446601941747,1.5371945146709567,[49.10873],316.7865168539326,274,229,227,202,210,232
10,239.4659090909091,1.8112747091840888,[41.853725],362.4078947368421,244,214,216,192,202,226
11,246.27941176470588,2.199474675389037,[42.64986],372.05555555555554,171,186,200,169,190,205
0,198.41237113402062,16.63206627680312,[48.958447],329.98765432098764,137,188,153,179,175,194
1,251.42528735632183,13.560085213517967,[42.760937],400.28915662650604,138,163,151,157,160,129
2,243.7922077922078,9.927696668271029,[54.712933],374.5859375,134,140,130,137,149,123
3,244.30872483221478,7.6066456845418235,[61.077],400.09022556390977,125,134,123,158,102,109
4,239.9034090909091,5.286523774328653,[59.81969],375.2857142857143,117,136,124,155,98,108
5,232.31941544885177,3.896656534954407,[59.07539],364.4342723004695,122,112,134,122,107,108
6,451.37993920972644,4.0347307013973674,[43.110256],348.93486590038316,186,172,185,180,155,175
7,1779.1026490066224,2.334828051247471,[43.04839],314.6777777777778,277,288,205,240,240,233
8,282.76687116564415,2.1144385026737966,[56.32394],339.9503546099291,278,292,206,240,240,240
9,223.77777777777777,2.1791214196526547,[56.858387],331.2608695652174,267,214,203,238,234,235
10,248.0842105263158,2.6347039473684215,[47.41139],293.6385542168675,239,207,178,223,214,219
11,255.86111111111111,2.5591397849462365,[54.296345],358.05357142857144,154,193,165,199,193,212
0,201.65714285714284,15.748323272971161,[53.577236],371.2888888888889,144,174,154,168,186,168
1,249.20987654320987,12.666567740020776,43.474377,312.36,136,160,154,153,177,99
2,224.09375,8.936513086740211,[64.58813],373.76119402985074,129,146,143,139,154,93
3,234.8388888888889,6.081479690522245,[41.278824],359.34,130,140,144,141,99,98
4,255.7719298245614,4.580469208211143,71.36633,342.6283783783784,138,150,147,141,100,99
5,236.57659574468084,3.599141295862608,[84.73257],365.70854271356785,137,165,151,89,102,88
6,380.3951367781155,3.1342236611358425,[37.944096],343.4811320754717,206,232,206,113,150,152
7,838.515923566879,1.9709621993127147,[37.113018],285.4841628959276,270,308,231,211,214,221
8,301.4625850340136,1.1884514435695541,[45.53394],314.5689655172414,277,317,235,230,231,234
9,236.97701149425288,1.2311868496456042,[49.807266],327.3125,262,228,222,230,229,225
10,253.6338028169014,1.4381968588898213,[39.659683],305.7931034482759,246,213,218,212,210,218
11,244.453125,1.4470284237726094,[42.97766],381.1224489795918,163,193,190,187,190,195
0,228.72289156626505,15.650053022269354,[54.22955],356.6621621621622,149,160,179,171,172,112
1,243.58024691358025,12.954417952314166,[54.59106],349.32394366197184,134,141,165,159,165,104
2,244.09701492537314,10.00078138081152,66.03837,394.67826086956524,122,127,154,147,137,92
3,239.16184971098266,6.618961038961041,[61.569073],384.72549019607845,113,123,144,140,86,94
4,258.44171779141107,5.12546701990354,[62.880863],409.84615384615387,126,126,151,100,90,108
5,237.73180873180874,3.5901145268233883,[63.052715],401.5364077669903,130,127,147,101,102,104
6,358.5905383360522,3.7307342784442024,[48.873],366.1936127744511,189,182,208,151,148,170
7,1297.5766871165645,1.606740027510316,[41.110355],353.1904761904762,278,289,220,216,216,235
8,310.6865671641791,1.3577559443369005,[54.29527],359.07563025210084,279,218,236,230,238,240
9,247.0909090909091,1.5972050039445507,[62.99046],379.37333333333333,267,208,234,229,235,228
10,232.62337662337663,1.626016260162602,[59.538692],330.20338983050846,177,201,216,209,208,219
11,233.26666666666668,1.4272581934452435,[53.01701],409.8936170212766,162,178,197,190,188,197
0,242.05825242718447,16.812338184090706,63.756634,371.97727272727275,155,164,170,183,176,126
1,238.2716049382716,13.93178743961353,70.319664,399.16901408450707,138,147,150,174,175,116
2,265.63120567375887,10.450250536864711,[56.865887],365.650406504065,131,135,134,152,102,108
3,241.12056737588654,6.8381095725466565,65.8089,412.5081967213115,136,131,132,150,97,109
4,248.89705882352942,4.628412034269775,[62.058563],417.60526315789474,143,135,132,107,98,102
5,238.97341513292434,3.57944365865158,[57.466354],379.5192307692308,143,131,128,94,103,108
6,456.35669781931466,2.2518218623481783,[53.945133],382.6032315978456,206,184,133,149,153,163
7,1483.305466237942,2.1019243754220125,[45.807278],314.80213903743316,275,290,211,232,233,240
8,288.67808219178085,1.6836952521163053,62.115627,389.260162601626,281,212,217,240,240,240
9,220.86170212765958,1.5072692437732447,65.26979,396.3333333333333,272,214,216,234,232,233
10,235.2111111111111,1.5463414634146344,58.542805,357.0281690140845,186,199,203,220,205,217
11,244.22727272727272,1.9190863337204802,62.837116,399.6363636363636,172,177,195,204,198,202
0,270.03409090909093,16.67607372784196,[58.244183],318.1645569620253,142,158,196,189,166,135
1,237.40625,12.689616146373668,59.025257,380.44444444444446,132,154,183,171,156,126
2,241.2348484848485,10.193982074263763,[55.702972],410.07894736842104,120,133,161,147,101,119
3,240.3841463414634,7.62004212004212,[58.810455],369.16083916083915,124,134,147,150,109,113
4,253.65384615384616,5.312227216467982,[64.47889],399.8358208955224,137,137,143,91,112,111
5,254.68980477223428,3.13608288503686,[79.72772],395.27525252525254,139,141,138,85,114,100
6,661.0749625187407,3.423713277418763,[37.524265],390.3881188118812,210,213,179,145,148,144
7,1160.7636363636364,1.6193035835023661,[47.63667],374.1269035532995,281,296,215,234,228,225
8,244.95092024539878,1.1024930747922437,70.80988,367.44055944055947,282,224,228,240,234,236
9,244.5686274509804,1.0893096764574326,[61.21851],373.2105263157895,275,219,218,237,228,235
10,268.6842105263158,1.2255946041888535,[56.810993],373.93650793650795,188,200,220,219,207,218
11,225.09230769230768,1.287489288774636,66.73086,407.75925925925924,164,179,212,209,189,214
0,260.6233766233766,16.567821672919884,[55.107105],374.7313432835821,140,174,179,184,184,124
1,262.9325842696629,13.266924756799682,70.67577,394.94520547945206,125,159,153,162,171,106
2,231.80666666666667,10.162986136670348,[59.94167],394.7265625,111,151,126,150,100,103
3,260.7546012269939,6.344759066070543,72.25579,402.49645390070924,117,146,127,145,94,103
4,215.18823529411765,4.509707745759248,[66.00236],390.61267605633805,119,154,149,92,88,97
5,241.30443548387098,2.342667748917749,[59.308147],382.56635071090045,134,152,143,94,89,92
6,364.288961038961,2.3977876106194693,[47.908955],367.3307086614173,204,233,153,143,145,139
7,1289.3407643312103,1.4279569892473123,59.74301,338.03076923076924,277,312,233,221,222,223
8,372.2967741935484,1.0266397868817052,[51.427002],334.0,281,238,239,228,238,238
9,282.9074074074074,1.1385891507010202,[60.358902],370.6,275,232,232,227,234,234
10,232.59756097560975,1.376121463077985,[57.00159],350.109375,186,227,218,217,220,220
11,260.5416666666667,1.4293793365649652,[64.3091],391.3448275862069,163,198,198,202,197,211
0,238.734375,16.08148181942607,[53.576477],348.3703703703704,151,161,153,172,181,135
1,238.0,13.448831009023788,71.61897,348.4533333333333,137,146,131,149,166,119
2,234.36746987951807,9.628374063969348,[52.98123],351.1554054054054,134,132,113,123,141,106
3,232.24719101123594,7.3498079385403345,58.975067,377.29411764705884,129,124,104,129,115,109
4,221.08287292817678,4.62695288473367,62.54127,412.3354838709677,127,140,115,133,109,115
5,237.8369351669941,3.345405767940979,[69.414055],397.5946547884187,120,144,112,104,110,120
6,646.1746522411129,4.03060282284659,[49.2155],377.14171656686625,195,191,159,173,162,203
7,1248.1089743589744,1.8563093622795115,[50.291824],334.27807486631013,276,298,205,226,229,240
8,263.27972027972027,1.160741659975181,[51.307842],342.241935483871,284,231,216,236,235,240
9,243.45679012345678,1.1650071123755334,68.80607,364.9718309859155,264,229,213,231,235,234
10,269.32894736842104,1.4224207307258971,[57.222412],366.25,253,215,195,209,221,215
11,245.03703703703704,1.1992133726647003,62.985783,307.5416666666667,178,189,174,199,193,197
0,241.59405940594058,16.076160238319222,[44.50011],322.64367816091954,151,171,200,169,178,194
1,273.35,12.962518740629685,[53.672546],351.4142857142857,143,160,188,152,169,116
2,227.95,9.994326680076332,[45.28003],389.8898305084746,139,146,165,134,150,109
3,222.29192546583852,7.125439980580167,[60.77283],384.47857142857146,134,131,156,126,96,106
4,230.0222222222222,4.743646138807428,[56.208706],394.171974522293,137,126,148,122,101,110
5,236.19827586206895,2.253796653796653,73.58074,368.95522388059703,144,133,153,101,104,105
6,418.409022556391,2.0671744843868325,[33.26971],364.9194756554307,213,205,208,130,154,159
7,1568.6966666666667,1.37369826435247,[49.874317],316.76795580110496,288,305,224,208,233,240
8,301.2012195121951,0.9359466493168513,[51.371944],311.57251908396944,286,314,238,219,240,240
9,243.15533980582524,1.147066406393871,[55.360584],301.8988764044944,276,239,236,212,229,237
10,233.77906976744185,1.0950638430395516,[46.474514],340.3709677419355,260,211,231,209,223,218
11,236.1304347826087,1.1796200345423145,[55.223038],367.375,162,190,219,182,205,200
0,203.40594059405942,16.15534636161424,[51.996838],295.03409090909093,168,165,176,177,176,187
1,232.62025316455697,12.049565217391308,[59.22994],332.1764705882353,156,149,162,166,154,113
2,230.69064748201438,8.754921046939216,[54.68697],318.5952380952381,134,127,143,152,146,102
3,232.38378378378377,5.158738277919864,[53.487103],329.6118421052632,124,114,139,144,149,95
4,258.02564102564105,4.6115702479338845,[43.31128],349.83720930232556,123,112,139,136,114,102
5,234.88657844990547,3.25113008538423,[56.547333],361.9688195991091,125,126,142,127,101,103
6,421.0386904761905,2.7814478392513076,[61.96324],344.179584120983,197,190,193,152,150,156
7,1174.7791798107255,1.5913415468856953,[45.348576],315.0208333333333,274,295,218,236,217,221
8,486.21656050955414,1.28910726182545,[53.927814],328.53968253968253,284,298,217,232,234,236
9,242.7079646017699,1.3224193488647726,[52.55467],333.55913978494624,283,223,216,235,234,230
10,267.4597701149425,0.9922307661659829,[45.155136],327.31081081081084,263,207,208,213,215,215
11,249.01612903225808,1.203125,[50.462494],307.8333333333333,169,184,201,202,196,200
0,231.5,15.758879781420763,[51.461945],333.9255319148936,164,170,181,163,190,169
1,240.79268292682926,12.341908079988544,[54.15001],328.83561643835617,156,159,161,157,179,99
2,246.80851063829786,8.886761842959116,[54.49446],407.1953125,134,149,140,144,149,88
3,247.36363636363637,6.027222777222777,[58.502182],395.6390977443609,128,135,130,137,104,94
4,216.24666666666667,3.6013986013986012,[62.97642],360.06611570247935,126,139,144,117,108,94
5,230.90573770491804,2.9607351712614878,[62.616684],392.73474178403757,141,131,132,85,104,91
6,376.4672754946728,3.205980066445182,[46.748272],364.1167608286252,214,189,185,146,159,139
7,1579.2916666666667,2.358258774948383,[51.28401],325.89071038251365,273,290,220,215,240,215
8,454.4527027027027,1.4792276964047937,[53.852966],287.1666666666667,280,296,233,219,240,234
9,250.07142857142858,1.7057450493185753,[59.747746],332.5764705882353,271,216,227,216,239,229
10,222.93258426966293,1.7354066985645935,[53.995804],323.1625,263,208,216,201,226,206
11,240.69642857142858,1.9834605597964374,[51.554752],362.6923076923077,176,200,206,186,222,189
0,239.9493670886076,15.721784776902886,[54.730938],316.6764705882353,171,161,181,157,164,182
1,250.35353535353536,12.851910828025478,[52.042583],359.39285714285717,151,150,168,149,146,178
2,256.8,9.924716213321911,[56.024982],315.34513274336285,147,148,144,131,138,104
3,234.5586592178771,7.683967631811858,[56.93075],381.0516129032258,140,139,130,130,88,92
4,251.8783783783784,5.275269750713133,[57.62149],348.8373983739837,151,133,124,130,90,105
5,248.55414012738854,3.0809942745426624,[77.22338],368.72868217054264,152,132,125,81,87,105
6,332.3447204968944,3.456952380952381,[46.13768],358.96992481203006,229,185,181,129,127,149
7,650.0,1.398823948681397,[44.03505],300.56066945606693,282,295,216,195,200,215
8,277.1732283464567,0.9377952755905514,[35.586193],317.0566037735849,286,302,234,226,240,236
9,292.85585585585585,1.072130398354787,[51.60222],325.77450980392155,278,211,224,216,233,220
10,248.01470588235293,1.1488147850542385,[62.315933],309.8421052631579,277,200,223,198,209,203
11,245.24285714285713,1.7125733611857152,47.08185895284017,321.55737704918033,188,178,205,169,184,193
0,244.42528735632183,15.182429130009774,62.048702,334.9102564102564,161,167,158,187,171,179
1,222.90588235294118,12.634504665475482,[61.62385],361.4366197183099,152,142,141,171,150,120
2,245.45962732919256,9.835399859223564,[50.97926],329.5390070921986,151,130,133,161,132,96
3,229.5142857142857,7.704545454545452,[64.11024],356.65359477124184,140,137,141,145,107,90
4,238.83040935672514,4.190933561727638,[60.648945],374.4791666666667,131,129,141,132,104,106
5,247.6138996138996,3.6125751271382343,[61.630238],384.60348583877993,132,129,130,102,107,121
6,784.4702093397746,3.8976752225391054,[44.233154],349.4137168141593,225,201,191,156,162,167
7,1349.207715133531,2.8969187675070027,[47.577114],355.555,271,296,207,221,210,223
8,366.1449275362319,1.6388287068381862,57.102478,340.8521739130435,278,308,216,225,222,228
9,266.6111111111111,1.2941357786853667,61.384403,329.13483146067415,271,223,214,224,217,217
10,235.40740740740742,1.2758057935536515,[52.47128],373.53521126760563,247,210,207,208,208,210
11,200.1153846153846,1.0714426682455103,[60.202374],308.76056338028167,170,185,187,196,193,195
0,226.57692307692307,16.398159841241203,70.693535,350.578125,145,171,177,155,183,133
1,260.5977011494253,13.728472533492704,60.063183,339.97297297297297,128,160,167,134,159,125
2,247.0514705882353,10.972824113303474,63.714417,370.8655462184874,111,136,154,126,103,121
3,234.06,8.566204210782525,[62.510593],385.54375,116,138,154,120,106,113
4,237.59411764705882,6.455401806015722,72.530785,417.86524822695037,123,127,164,89,101,129
5,240.37944664031622,3.9955076370170706,[58.468204],398.47688564476886,144,120,162,93,107,116
6,773.0274809160305,4.094285714285714,[59.94029],400.6680412371134,221,212,154,129,152,182
7,1071.0352564102564,2.3747922437673132,69.350555,389.79695431472084,278,298,228,177,229,234
8,321.5732484076433,1.7390366375302218,[59.249348],345.3953488372093,280,228,228,207,232,240
9,246.2872340425532,1.8024034073623372,[65.06655],360.1794871794872,277,223,218,196,230,240
10,246.79381443298968,1.6613691931540342,60.645824,381.0379746835443,188,206,208,185,212,228
11,238.7125,1.6873920552677033,[69.26452],427.8135593220339,173,196,201,167,202,219
0,209.9255319148936,16.714072543618,[48.411102],264.39506172839504,157,185,168,182,191,206
1,221.5,12.619936491589426,[40.189587],314.3521126760563,145,159,151,158,169,189
2,208.79850746268656,9.658754989750783,[44.420155],380.0163934426229,133,145,133,149,145,101
3,228.49418604651163,7.027667984189724,65.71805,364.9428571428571,125,132,123,146,127,106
4,241.6968085106383,5.143452306926999,[63.102207],338.73125,130,137,123,134,98,109
5,220.5089108910891,3.4059930894793293,[65.159256],344.96055684454757,136,148,129,133,105,112
6,358.99546142208777,2.1748132145107575,[51.712696],336.17863720073666,189,195,185,147,176,166
7,1502.3742331288342,1.9023468945445539,[32.79398],285.99481865284974,263,295,286,219,239,236
8,275.3292682926829,1.4255775577557754,[40.587315],287.1268656716418,278,311,216,230,240,240
9,257.3636363636364,1.1960921843687375,[51.125565],289.36082474226805,280,295,217,228,240,237
10,251.67441860465115,1.4551448628941552,[28.067024],251.5194805194805,265,210,207,213,232,230
11,226.75,1.6996270203066723,[47.362255],378.4754098360656,251,200,193,188,212,226
0,228.55769230769232,16.75549406480591,[55.05606],326.1521739130435,164,179,166,171,187,172
1,247.68421052631578,14.932403787272127,[55.370686],358.67058823529413,161,169,153,164,171,105
2,225.0205479452055,11.880615511721574,[55.459003],339.96923076923076,145,153,139,144,160,101
3,229.8109756097561,8.18341307814992,[51.039967],366.7971014492754,140,152,142,140,116,108
4,219.3090909090909,5.161616161616162,[53.498547],375.8561151079137,131,160,144,134,112,111
5,238.20081967213116,3.353032213687951,[52.856052],360.0591133004926,126,148,157,136,113,113
6,282.7009646302251,2.3715701894140553,[54.522934],352.74459724950884,188,205,230,140,158,155
7,1210.1304347826087,2.3939637124912765,[43.701843],324.6320754716981,271,288,219,199,223,233
8,315.6751592356688,1.8564559515803634,[44.230274],334.74074074074076,277,309,222,208,231,240
9,266.8085106382979,1.881102901972732,[53.801304],375.32941176470587,272,223,215,206,228,238
10,224.8815789473684,2.232810664073579,[50.924877],325.07462686567163,254,215,196,199,220,215
11,243.11267605633802,2.055846422338569,55.436474,330.3392857142857,182,197,191,186,199,191
0,232.58333333333334,16.89430821948289,[51.96806],362.90361445783134,156,170,172,175,193,111
1,257.88659793814435,13.152868989981307,[53.68112],365.36046511627904,148,156,155,166,175,107
2,218.76978417266187,9.443393734481484,[61.374523],395.53719008264466,140,144,142,156,139,102
3,254.23668639053255,7.307177033492822,[77.92097],393.87142857142857,145,140,146,137,97,95
4,276.0872483221477,6.6589550800077095,[66.74847],386.37704918032784,154,157,148,97,95,90
5,266.46374045801525,7.570976287394198,[76.19741],409.6705336426914,175,157,141,94,84,86
6,480.31964285714287,6.747817836812144,[46.107376],382.2631578947368,257,239,144,151,126,137
7,976.6026058631921,2.5936530324400566,[50.14835],360.5047619047619,273,287,210,224,216,208
8,372.9124087591241,1.687140764115857,[66.81538],426.271186440678,278,216,220,231,228,228
9,258.8854166666667,2.0628220296935234,[58.339977],366.93055555555554,271,213,216,225,230,224
10,214.9318181818182,2.230890146411569,[52.11202],380.80263157894734,185,201,201,214,221,215
11,267.87142857142857,1.9261168384879719,[65.29622],295.23728813559325,176,184,200,192,205,207
0,228.44791666666666,17.128540680154977,[56.233036],368.42857142857144,155,175,194,173,190,123
1,251.48958333333334,13.713212508216735,[65.5552],394.9375,148,166,167,153,175,117
2,242.79605263157896,10.953854130660211,[65.631935],404.03937007874015,139,152,157,141,102,98
3,224.25,8.764873869585912,[59.58185],420.6950354609929,134,155,136,136,99,104
4,253.73376623376623,6.3473465680550145,73.25391,424.9846153846154,138,147,136,95,110,108
5,241.84920634920636,4.550763701707098,[65.86474],403.46898263027293,144,148,130,96,120,104
6,632.4393241167435,3.284172313649565,[61.039944],404.50489236790605,213,215,116,155,179,155
7,1591.9190938511326,1.9288941335131486,[48.68955],367.4566473988439,274,302,212,236,236,223
8,347.4962962962963,1.1974046686965345,[65.132866],357.6896551724138,281,230,221,240,240,240
9,249.47663551401868,1.3199701381112352,[67.26008],391.7448979591837,275,221,215,231,233,235
10,248.90361445783134,1.4945226917057903,[60.126904],402.3538461538462,184,210,214,225,228,217
11,226.5,1.6831223628691987,[59.397617],354.53125,163,194,212,207,212,197
0,240.15463917525773,17.14366922769463,[50.685303],393.7529411764706,144,171,169,188,182,125
1,259.10526315789474,13.119249100282076,[80.58537],415.51724137931035,137,153,150,173,166,115
2,248.13888888888889,10.368980425123093,[46.963352],393.9586776859504,132,146,130,154,93,102
3,262.0134228187919,8.078392621870883,81.478195,457.80645161290323,139,142,122,157,99,100
4,236.34254143646407,5.726190476190475,87.1292,441.54088050314465,130,131,121,109,114,99
5,252.58541266794626,3.226535303776682,[69.96088],406.11990950226243,130,133,143,108,118,93
6,544.6295707472178,3.2959000942507077,[70.425804],392.12298387096774,236,196,144,163,174,148
7,1452.4933333333333,2.0019590852578837,[53.129807],397.48823529411766,278,230,206,221,226,236
8,802.6387096774193,1.5821839714590458,[54.487637],352.4341085271318,278,234,212,236,231,240
9,262.6736842105263,1.522153880151744,[61.57166],399.3,280,231,211,235,232,240
10,229.02777777777777,2.056866858991171,[70.473404],379.42857142857144,182,216,192,223,228,230
11,240.44444444444446,2.082267689684569,[61.26901],418.93548387096774,165,200,184,207,205,212
0,246.6865671641791,16.10839598997494,[54.408905],322.35087719298247,159,176,189,159,198,183
1,220.14141414141415,14.157859531772573,[65.235245],371.51807228915663,151,154,171,144,178,112
2,242.7,11.414121914121914,[58.96205],365.568345323741,131,147,152,130,118,99
3,243.36994219653178,6.679640032099047,[62.062008],379.5407407407407,135,151,152,132,118,105
4,241.4808743169399,5.102975404164308,[63.664963],399.8789808917197,144,154,146,96,117,100
5,246.014553014553,3.108225108225108,[76.0849],411.5075376884422,149,144,145,96,118,96
6,413.76802507836993,3.741897233201581,[57.6834],380.1225680933852,233,216,141,134,150,138
7,750.4459016393442,1.5000345542501727,[43.764954],384.27403846153845,284,302,228,201,223,209
8,275.1188811188811,1.1072562190890975,63.307293,368.8225806451613,288,234,230,214,232,228
9,253.64948453608247,1.1247731397459164,[63.17961],416.7176470588235,280,226,223,209,226,228
10,234.8148148148148,1.086763518966909,[53.89969],359.5833333333333,193,200,220,190,220,216
11,223.52,1.1692640692640692,[62.213238],360.2857142857143,176,190,206,169,220,194
0,254.4945054945055,18.23797297866072,[57.80252],432.8987341772152,142,191,176,195,177,152
1,264.8333333333333,15.273142382731423,[71.718895],439.5875,124,178,168,173,99,134
2,268.872,11.720892151326932,72.78985,407.33653846153845,122,164,151,156,85,127
3,247.8639053254438,9.871398330001178,71.271675,441.22222222222223,115,157,139,157,83,122
4,246.6860465116279,6.325473878871938,78.061615,455.4931506849315,122,148,144,112,80,115
5,261.115969581749,4.433592644978784,[77.25472],450.0310421286031,131,153,122,112,78,111
6,811.4901664145234,3.156721915285451,[69.73532],426.79405520169854,199,231,180,173,137,166
7,1546.5211726384364,1.7771329929849051,[66.418594],446.0,274,240,214,240,237,228
8,385.35333333333335,1.1627673677044899,68.945335,429.3076923076923,278,240,231,240,240,240
9,257.2551020408163,1.7438043656655176,[65.3682],387.93975903614455,190,240,225,232,230,237
10,262.77647058823527,1.7721317127833809,77.02351,406.7391304347826,182,228,214,219,220,226
11,274.7014925373134,2.0736590932669365,72.16927,430.4230769230769,157,209,201,207,206,154
0,258.6860465116279,16.49869254974959,[52.617153],426.7761194029851,157,163,187,175,185,114
1,250.43037974683546,14.47220405493787,[77.95198],458.92537313432837,141,158,163,163,102,107
2,236.98076923076923,11.755788447477455,[67.73316],414.83458646616543,127,150,139,138,89,103
3,241.132183908046,9.716017316017313,[77.45082],414.10596026490066,135,153,154,86,84,103
4,247.19277108433735,6.60805860805861,83.3164,459.4776119402985,133,151,147,90,91,116
5,257.65983606557376,4.435021398002853,92.12524,433.7230046948357,134,163,108,88,93,115
6,872.3668555240794,3.007372400756144,[72.8762],417.7599164926931,216,220,169,142,138,173
7,1377.0067567567567,2.0595095693779903,[61.82131],374.6808510638298,281,201,238,225,223,240
8,378.17058823529413,1.503581871345029,[65.61416],399.8496240601504,285,206,240,240,229,240
9,265.5607476635514,1.704424484364604,73.17515,420.3695652173913,196,209,233,231,235,232
10,255.16666666666666,1.5678176184152277,[52.64152],377.11475409836066,190,203,226,199,220,217
11,266.6865671641791,1.7156772552627306,[70.77587],411.7719298245614,172,181,211,183,207,133
0,212.1829268292683,16.99453318527377,[55.084835],353.32835820895525,150,186,196,189,175,122
1,246.31764705882352,12.960572801356632,[42.816593],339.63235294117646,147,163,165,181,160,107
2,245.90666666666667,10.110753732249057,[74.19668],391.2093023255814,124,148,146,152,94,85
3,266.873417721519,7.285090909090909,[71.67225],410.2442748091603,131,149,154,139,94,83
4,244.94375,5.564960088081476,[71.38511],373.1438848920863,123,150,159,95,86,79
5,233.82472324723247,3.837214180826516,76.03505,392.88839285714283,128,138,148,92,92,83
6,601.3433070866141,1.6073643410852716,[55.396072],358.8492063492063,209,220,161,161,140,141
7,789.6731391585761,1.412162162162162,[43.747192],313.7323943661972,283,298,228,221,226,224
8,471.0875,1.0045672031317963,[59.008327],355.8130081300813,282,230,240,230,237,233
9,233.92372881355934,1.0057088136716876,[60.635944],305.3478260869565,271,226,236,228,239,229
10,241.66666666666666,0.9355971896955504,[44.72569],346.632183908046,185,212,230,217,222,215
11,227.4875,1.5313703390626465,[60.46258],401.55384615384617,164,202,216,200,198,203
0,270.8235294117647,15.637495862297252,62.033176,325.89285714285717,153,139,170,189,168,188
1,226.9468085106383,12.908521739130435,[47.15875],359.2261904761905,152,131,159,167,152,114
2,231.3375796178344,9.198516174785881,[58.53989],340.5851851851852,135,123,144,149,137,109
3,248.60588235294117,6.580004900759617,[61.154613],384.2837837837838,133,125,147,139,88,110
4,215.57988165680473,4.21837170662236,[63.134373],333.2191780821918,151,117,151,135,106,106
5,229.60279441117765,3.4087196884030657,[60.77969],361.99543378995435,152,122,163,92,113,116
6,586.3908045977012,3.76845238095238,[52.93858],361.5743494423792,225,176,247,150,162,160
7,1730.3035143769969,1.2928571428571431,[41.381435],331.448087431694,286,289,224,235,240,238
8,287.632183908046,1.0460912052117264,[51.11591],343.94405594405595,286,295,234,240,240,240
9,231.80208333333334,1.0284995188392922,[56.948452],330.6265060240964,281,209,233,240,224,235
10,218.6265060240964,1.4892728003214144,[51.925823],362.3857142857143,249,186,220,224,203,228
11,216.96666666666667,1.765777777777778,[41.212795],335.9183673469388,172,163,189,212,176,213
0,257.6818181818182,16.74775422206252,[52.96924],381.012987012987,152,175,162,181,169,129
1,255.010101010101,13.933723964744699,[61.049503],397.23809523809524,136,158,147,172,154,116
2,262.90604026845637,11.24876906448901,[71.244316],429.7651515151515,131,154,132,149,89,102
3,241.7953216374269,9.819429590017823,[65.43505],415.23776223776224,121,152,126,161,102,103
4,256.0379746835443,6.905741720556535,72.694374,409.50387596899225,123,158,136,122,96,94
5,245.65720081135902,4.973473953339725,[62.879818],405.3398533007335,134,165,140,109,108,89
6,568.3025641025641,4.038931297709923,[59.32706],412.87866108786613,220,245,133,155,152,143
7,1333.9727272727273,2.1898078242964996,[53.01994],370.0686274509804,271,304,219,219,217,227
8,320.1212121212121,1.2886472986373816,66.22498,406.10526315789474,279,237,223,231,227,236
9,270.49514563106794,1.8498816634734587,[71.069016],362.78205128205127,271,235,211,228,225,231
10,251.1604938271605,1.9310897435897432,[63.85857],391.875,184,223,204,217,206,214
11,279.0151515151515,1.7334560558859629,[60.76256],362.9433962264151,174,210,194,200,191,208
0,240.68354430379748,17.111984109468107,[67.12923],364.4714285714286,155,183,170,180,178,119
1,246.24761904761905,14.659549689440993,[54.509357],341.9684210526316,140,163,155,173,163,102
2,238.416149068323,10.7384176764077,[58.03339],386.60869565217394,131,160,143,162,155,103
3,258.96491228070175,7.25166017861232,[66.80562],365.9266666666667,139,160,129,154,107,105
4,240.4764705882353,4.8088354812492735,78.241066,409.2344827586207,148,165,132,147,96,95
5,244.69690721649485,3.5149769585253456,[53.417267],388.75184275184273,156,163,121,113,96,95
6,545.4444444444445,2.680821917808219,65.72733,379.80651731160896,225,215,129,157,153,143
7,1382.8885941644562,1.9721088435374148,[48.561024],370.54918032786884,276,320,218,224,232,200
8,462.42944785276075,0.8255334281650074,[56.653797],352.9769230769231,284,240,239,237,240,240
9,242.5,0.781975388368672,[64.06841],331.7974683544304,280,237,236,236,240,238
10,279.2676056338028,1.1234758715438775,[51.690495],308.57142857142856,185,222,209,234,218,226
11,267.88732394366195,1.5851346226772847,[41.183575],375.6101694915254,176,202,192,203,198,201
0,232.96363636363637,16.556139122315592,[53.416775],331.4021739130435,169,170,165,195,182,190
1,253.31460674157304,13.645929446852133,[53.087193],337.68831168831167,152,155,152,173,181,120
2,242.48611111111111,11.096444583463661,[58.87969],321.73553719008265,138,145,129,159,161,102
3,246.54301075268816,9.03396871945259,[60.44978],365.4251497005988,141,129,125,155,102,92
4,250.80124223602485,5.905258813819124,[51.092133],367.9852941176471,145,133,116,150,119,108
5,241.04458598726114,4.175711625432296,[70.08895],361.80348258706465,146,124,104,125,112,105
6,442.9577677224736,3.971861471861472,[50.40561],341.74463937621834,205,191,172,194,156,138
7,938.0886524822695,1.9104441360166549,[39.24535],308.3096446700508,281,289,183,234,225,229
8,275.5530303030303,1.3207723035952064,[44.748096],320.53097345132744,287,314,195,240,231,235
9,286.23148148148147,1.1984275409335523,[36.89491],286.7113402061856,274,221,190,239,232,223
10,217.2,1.408133971291866,[51.85123],306.6101694915254,262,208,184,225,222,219
11,268.6923076923077,1.6410256410256412,[44.612766],327.4516129032258,183,188,174,215,203,207
0,205.18666666666667,16.38067444876783,[58.52152],329.22727272727275,149,187,161,190,156,185
1,241.45263157894738,13.127936031984008,[48.79836],377.22222222222223,135,166,146,166,140,117
2,254.51700680272108,10.166319054494894,[67.39506],380.10483870967744,127,152,136,158,140,100
3,240.38505747126436,8.28164938509766,[53.34059],338.35971223021585,127,142,142,152,94,97
4,226.29333333333332,6.273659673659674,66.43491,370.2260869565217,126,141,137,162,105,109
5,228.02092050209205,4.668937420690576,[69.15595],349.6039119804401,133,136,121,110,107,106
6,382.8354037267081,3.5606554408835778,[36.704952],339.9756097560976,205,191,171,175,150,160
7,1044.6723163841807,1.9617442668519802,[25.095282],316.7190476190476,284,290,185,230,221,229
8,253.94078947368422,1.1251655629139072,[49.655224],318.23387096774195,288,307,211,240,227,237
9,250.0,1.462958706810695,[51.223392],364.30379746835445,276,229,204,229,211,225
10,222.8783783783784,2.0579152160557035,[33.21009],341.8225806451613,250,213,201,221,194,206
11,223.10588235294117,2.085319255907492,[45.596653],365.1756756756757,158,206,180,205,163,193
0,218.8,15.399677708146822,[28.820343],275.55882352941177,210,168,187,163,196,193
1,253.54901960784315,13.013269639065816,[42.28037],264.0952380952381,122,157,171,158,160,174
2,213.61290322580646,10.287280701754385,[26.03374],281.9179104477612,114,154,148,143,138,158
3,218.9060773480663,7.148555328434893,[27.154959],320.3,107,138,144,148,135,115
4,227.45,4.18836901346281,[37.639706],307.18918918918916,110,142,138,146,135,117
5,221.9022869022869,2.5880911541288905,[54.967106],311.27951807228914,104,158,138,138,95,109
6,286.2830769230769,2.1697725174179467,[36.30029],284.22,168,206,193,215,158,143
7,861.2049469964664,1.8849787584807558,[16.96744],239.15418502202644,266,309,274,216,216,221
8,366.82941176470587,1.3486885343848964,[13.192618],218.14492753623188,279,320,302,218,238,237
9,217.72916666666666,1.1204711347047112,[28.3133],228.2289156626506,274,318,221,221,233,240
10,231.27710843373495,1.2054925584691711,32.70812,258.8,260,294,214,200,220,223
11,232.6891891891892,1.421434943290429,[35.776546],225.23333333333332,233,192,209,187,208,210
0,219.15384615384616,15.972222222222223,[54.17748],336.36764705882354,169,180,172,176,187,178
1,231.83495145631068,13.320245451424647,[49.22755],333.08045977011494,155,162,157,163,168,166
2,207.3095238095238,10.203179282029689,[49.744083],381.990099009901,132,132,142,158,153,109
3,224.8135593220339,7.716614906832297,[59.300507],346.6363636363636,122,116,138,156,149,103
4,217.68965517241378,5.5688667496886675,[55.17803],363.6506849315069,111,110,144,149,114,102
5,239.0114503816794,4.464035964035965,[46.466404],356.61640798226165,107,126,130,149,118,98
6,397.7962382445141,3.9619047619047616,[49.88167],328.19011406844106,184,173,189,161,176,172
7,867.3384615384615,1.6133979015334945,[27.234476],308.3677130044843,269,291,292,218,229,235
8,346.0821917808219,1.0999011206328282,[34.64731],297.2295081967213,282,312,222,230,231,240
9,235.32584269662922,1.170619946091644,[45.47304],322.65277777777777,279,297,218,224,227,239
10,237.9418604651163,0.9955877718247715,[43.69423],358.7042253521127,264,216,202,209,222,223
11,235.1014492753623,1.281523679959187,[45.902542],352.0344827586207,256,200,184,194,205,199
0,207.8,15.404234470691165,[48.123768],284.7808219178082,227,175,186,183,178,194
1,226.6891891891892,12.200980392156863,[25.682356],278.8888888888889,139,159,163,172,148,171
2,224.58620689655172,10.258811230585424,[30.840057],296.7692307692308,129,135,151,150,120,152
3,220.80701754385964,8.007672634271099,[53.466824],307.5486111111111,125,136,145,151,118,107
4,238.61146496815286,5.954756938873737,[48.841995],298.8156028368794,128,141,144,159,126,115
5,223.80165289256198,3.891207153502236,[54.835114],310.20649651972155,123,135,139,135,85,115
6,304.47301587301587,3.489032645017565,31.14818,298.5809523809524,183,203,179,202,131,163
7,585.3031358885017,2.4735523018071492,[22.761406],240.29090909090908,254,282,283,220,202,203
8,269.2010582010582,1.4135370643102607,[20.002346],256.687898089172,284,293,300,226,219,230
9,237.68067226890756,1.0967532467532468,28.870367,231.1747572815534,275,295,223,222,218,230
10,231.7111111111111,1.0699143468950754,31.932627,271.2763157894737,274,271,214,208,209,225
11,270.5810810810811,1.1354162298175718,27.270414,308.0,265,190,194,205,191,210
0,206.61428571428573,14.842990654205607,[37.86357],258.4,210,155,172,174,166,193
1,232.15555555555557,12.291943521594684,[40.42142],280.9512195121951,138,145,153,157,145,165
2,244.01973684210526,9.119132856006365,[49.32265],327.1023622047244,137,127,136,152,140,146
3,214.41139240506328,7.714670406732116,[32.38197],294.0642857142857,120,128,142,153,132,100
4,237.58152173913044,5.488271928292881,[40.789463],284.8523489932886,127,127,134,151,112,96
5,228.81063829787234,5.022395267415188,[23.768969],328.2457831325301,125,137,145,157,95,94
6,273.0303951367781,3.4161160826294217,[39.63467],311.47528517110266,177,184,209,215,145,157
7,713.614705882353,2.0632732762298582,[36.869926],280.4136546184739,265,247,292,207,221,219
8,252.4223602484472,1.0196647909481458,[33.65845],236.2824427480916,288,282,315,228,227,234
9,238.11764705882354,1.1008544087491456,[43.668743],255.19402985074626,272,277,236,224,226,228
10,222.63953488372093,1.0521545319465082,[44.416912],340.5,253,263,214,202,202,212
11,228.06578947368422,1.1595141700404856,[31.498804],287.95384615384614,231,172,192,188,182,205
0,234.28205128205127,15.880797101449275,[42.04987],332.1666666666667,156,174,184,176,181,164
1,231.77333333333334,11.89795081967213,[35.8529],280.39344262295083,134,157,155,166,169,134
2,242.7304964539007,10.03252486867106,[46.035137],335.54761904761904,115,137,138,151,150,87
3,230.720207253886,6.586665112483972,[38.41968],312.4782608695652,112,139,131,152,128,84
4,234.05232558139534,4.5070869990224836,[64.666374],312.03333333333336,116,145,127,167,94,95
5,224.58154506437768,3.1579916815210933,[54.92795],332.4060913705584,126,139,139,160,94,107
6,321.5421875,2.9310577897938495,32.991253,296.59961315280464,197,210,164,207,136,162
7,701.6333333333333,1.9384247593202815,[13.9146805],287.3228346456693,270,283,267,216,218,220
8,383.0674846625767,1.6109675281643467,[30.943281],251.38636363636363,278,320,210,240,231,230
9,227.75454545454545,1.4959986550100877,[34.85158],258.85393258426967,278,315,207,233,229,225
10,254.41463414634146,1.5361916471661445,44.580746,293.82608695652175,258,219,205,219,215,211
11,209.38333333333333,1.5843741924369028,27.863771,296.2244897959184,235,199,200,197,197,194
0,228.64583333333334,15.26980077745384,[38.868427],296.54761904761904,158,188,165,174,163,181
1,225.75757575757575,12.486375661375662,[46.526646],311.4691358024691,138,175,149,161,149,173
2,227.3840579710145,9.97030493321271,[40.686554],332.76377952755905,135,155,134,143,150,100
3,229.35928143712576,6.920289855072464,[54.932938],338.6449275362319,138,143,134,134,140,91
4,235.13966480446928,5.125668449197861,[41.37098],330.4113924050633,139,146,138,139,96,90
5,237.4496124031008,2.9367925652329325,[54.978592],340.4579646017699,141,153,135,141,102,91
6,460.515,3.2962171784601697,[41.74763],306.98830409356725,202,228,188,159,151,142
7,1529.3544303797469,2.24672210283721,31.229347,273.50602409638554,271,299,274,223,222,240
8,265.2554744525547,1.5920424403183018,[25.094133],283.1025641025641,274,314,220,236,224,240
9,235.20754716981133,1.5210670314637487,34.23557,292.531914893617,264,311,212,222,218,235
10,226.62637362637363,1.4277777777777778,[33.232956],327.79487179487177,257,300,200,217,198,223
11,218.40277777777777,1.3699715737789646,[42.942505],351.41818181818184,237,222,175,206,180,202
0,222.58620689655172,16.452230046948358,[39.957443],264.5466666666667,152,189,165,172,185,202
1,231.74193548387098,14.399723374827111,33.11902,346.44303797468353,135,181,150,149,162,187
2,235.9268292682927,11.459439566794593,[41.366886],337.48514851485146,124,155,145,145,146,112
3,233.71428571428572,8.26498914435228,[45.90981],350.09722222222223,116,144,133,147,140,101
4,225.93959731543623,5.823049690226325,[62.2479],360.05925925925925,126,137,130,126,94,106
5,233.5241935483871,4.766419294990724,[63.292908],339.24038461538464,129,143,129,113,111,110
6,312.5983606557377,4.333661740558291,[42.631954],319.86180422264874,198,180,188,115,157,177
7,956.5826086956522,2.6993197278911567,[17.967686],273.1694214876033,270,295,298,184,188,235
8,250.02721088435374,1.6964309539693132,31.315392,273.43307086614175,277,320,228,218,216,240
9,226.2680412371134,1.323066485753053,[53.374817],336.52054794520546,272,314,227,219,211,231
10,259.3658536585366,1.3516399694889396,[28.98997],300.4166666666667,262,225,207,196,208,213
11,236.93939393939394,1.7470555000217307,37.316624,302.9019607843137,224,209,184,193,194,207
0,236.8409090909091,14.982992700729922,[41.99405],325.125,201,166,185,183,183,178
1,206.81176470588235,12.432186054784774,[35.815907],302.1358024691358,139,148,164,163,165,158
2,212.8987341772152,9.242805755395683,29.89302,311.32575757575756,125,138,148,134,143,146
3,224.4478527607362,7.079929155001997,[61.95848],328.7464788732394,122,137,144,127,125,106
4,247.93010752688173,4.717248471690567,[39.981575],339.3806451612903,122,144,142,125,116,112
5,230.56374501992033,5.171936758893281,[62.814636],349.8938679245283,124,159,138,131,75,132
6,491.8988095238095,4.005641521598968,[40.164997],306.61216730038024,196,226,208,204,110,184
7,1202.8410404624278,2.2493759282080457,[33.448547],255.21004566210047,278,287,306,225,189,222
8,270.28472222222223,1.2964592984778296,[22.130867],228.0229007633588,281,300,239,240,223,228
9,241.0421052631579,1.2412268677176146,[42.58145],284.8395061728395,269,292,228,233,214,223
10,212.36144578313252,1.4098834873443151,[33.51279],285.59154929577466,240,211,222,221,207,209
11,202.13513513513513,1.1954452605502197,[28.420168],268.3225806451613,223,189,208,203,194,194
0,203.63106796116506,15.352566697332106,[37.42186],298.20212765957444,213,176,159,176,166,197
1,234.42708333333334,12.71074232690935,[35.865124],309.2317073170732,136,156,148,152,159,183
2,236.73333333333332,9.99822695035461,[42.062614],314.98319327731093,129,148,130,129,150,160
3,209.84076433121018,7.863465950422473,[54.66771],328.54676258992805,125,137,131,125,136,123
4,223.99397590361446,5.504735821065844,[36.671635],326.68794326241135,132,130,131,132,120,117
5,223.67763157894737,3.79329884207933,[55.646748],318.7242268041237,124,139,139,126,82,128
6,284.0680786686838,3.4955063947459384,[30.338425],296.1208791208791,187,211,203,166,118,167
7,1109.7865168539327,2.3317001312966346,[21.675394],257.30204081632655,259,291,291,215,200,231
8,306.4583333333333,1.6106100795755962,[19.082064],244.4820143884892,275,299,221,236,237,240
9,250.90654205607476,1.4402093180283593,[35.596462],285.5,275,302,209,220,235,240
10,213.775,1.2802292263610313,[30.416214],266.17808219178085,257,287,196,206,222,228
11,238.24137931034483,1.3948872180451128,[43.701523],317.98148148148147,240,191,180,197,208,209
0,193.1011235955056,15.737207250561438,[41.861633],285.63157894736844,131,161,185,199,185,178
1,248.88235294117646,12.413251366120218,[47.58565],318.46067415730334,125,149,167,180,183,172
2,243.09420289855072,9.585589318600368,[34.15118],311.40833333333336,131,135,157,176,160,146
3,233.83870967741936,6.756369944703459,[44.116863],307.8407643312102,122,128,146,157,151,98
4,227.3314917127072,4.545542272020586,[58.267014],315.48979591836735,149,133,146,152,136,95
5,238.32258064516128,3.1150717703349278,[65.435555],334.30232558139534,151,130,150,145,88,96
6,255.71634615384616,2.2800850228907783,[37.80662],295.0439770554493,206,197,216,207,137,149
7,769.6198083067093,1.353256559119317,23.680075,283.17699115044246,265,288,288,234,216,210
8,250.84563758389262,1.1360039241334206,17.917765,268.70454545454544,280,303,232,240,240,234
9,214.92920353982302,0.979522528581036,[46.73701],312.734693877551,271,292,228,236,232,228
10,220.41176470588235,1.1742654909249082,[45.5251],269.39344262295083,244,204,215,238,216,214
11,232.63235294117646,1.2340843986489378,21.523941,290.7931034482759,225,186,200,220,203,197
0,236.42268041237114,14.812970946579194,[15.188291],261.17045454545456,210,179,173,180,175,150
1,205.51162790697674,11.99316168898043,[29.245275],250.28985507246378,197,164,159,170,143,138
2,217.64429530201343,10.193484848484848,[31.064543],298.6940298507463,121,147,133,166,132,126
3,210.2987804878049,6.202251387110542,[34.51811],293.03472222222223,120,146,133,144,119,119
4,231.33333333333334,3.5945622230207213,[50.09952],291.2236842105263,126,140,125,143,111,81
5,228.1171875,2.1958632334318278,[39.288246],291.7011764705882,131,133,120,131,115,91
6,233.00782472613457,1.5338835036241376,[34.099102],258.9236234458259,195,195,180,196,132,143
7,384.26582278481015,1.353270582628381,[19.311743],217.66015625,267,298,303,263,205,190
8,321.0674846625767,1.395365809158913,[15.995598],191.57246376811594,271,320,320,232,225,198
9,221.5108695652174,1.770781893004115,16.03113,233.43373493975903,262,308,229,231,226,202
10,241.1549295774648,1.801615271659325,[23.014116],223.46774193548387,245,286,211,213,219,188
11,201.3181818181818,1.5567820558106678,[35.51302],234.12962962962962,228,199,197,200,196,172
0,238.24285714285713,15.223008849557521,25.114511,292.45,221,191,185,160,193,180
1,223.7865168539326,11.430250640321988,[34.270004],301.3164556962025,142,159,147,139,170,154
2,196.62987012987014,8.872654018767852,[37.124043],271.7664233576642,126,141,125,127,157,141
3,226.7912087912088,6.034116363218656,[23.196266],294.48148148148147,122,137,126,137,148,87
4,225.840206185567,4.223826310782832,[49.747242],301.3941176470588,140,140,127,138,138,94
5,224.35772357723576,4.177231994689678,37.01861,299.1311881188119,144,140,116,134,151,101
6,302.4276827371695,2.999957795222419,[28.086924],277.8781818181818,206,202,170,184,165,150
7,570.4745222929936,2.0800865800865798,[23.499693],228.98443579766536,277,311,271,190,224,223
8,268.30625,0.9291189440350408,[18.957516],211.43939393939394,283,320,305,225,240,236
9,251.30769230769232,0.9273610180843936,[28.405714],213.52564102564102,270,319,228,216,233,227
10,239.19148936170214,0.990997830802603,[22.289581],197.05194805194805,254,301,206,194,220,208
11,239.14102564102564,0.8511841034645197,[31.661074],254.30434782608697,243,205,200,177,206,198
0,254.6705882352941,15.92748917748918,[47.541256],337.72463768115944,165,184,185,188,168,188
1,252.30208333333334,13.245179063360883,[40.838688],322.2413793103448,143,170,168,164,148,175
2,228.73743016759778,10.196273291925467,[42.851177],331.0,131,138,150,149,125,112
3,231.19786096256684,6.949626961667095,[36.740177],299.1383647798742,138,146,150,152,146,113
4,231.3012048192771,5.164668664668666,[36.524357],342.8137931034483,148,145,165,157,105,99
5,232.74324324324326,3.4126268963157296,[61.923306],339.1929411764706,139,151,157,144,105,101
6,574.9274447949526,3.259933272672126,33.818005,310.9939637826962,211,219,230,141,158,140
7,909.3914373088685,1.7301689510317975,[29.625303],284.14912280701753,277,301,313,214,226,222
8,332.4344827586207,0.8921156373193168,[37.11649],303.3412698412698,279,308,238,229,234,234
9,229.72321428571428,0.9380434782608695,[47.46092],309.04347826086956,273,296,232,220,216,235
10,243.24137931034483,0.9557479749411435,[44.33014],326.525,264,202,214,214,203,222
11,210.06944444444446,0.9612344113295286,[35.549534],346.6885245901639,251,199,206,201,187,201
0,233.8181818181818,15.067906976744185,[33.00609],286.987012987013,220,162,162,180,175,176
1,228.875,11.590958605664488,[31.651392],290.89230769230767,151,141,151,157,162,156
2,238.7608695652174,8.696660576532683,[41.97918],285.5983606557377,134,130,128,145,152,132
3,243.0691823899371,6.488187148081501,[61.213215],336.87857142857143,142,117,130,145,129,86
4,222.62359550561797,4.151529356615494,[51.1713],316.2312925170068,141,118,115,160,120,88
5,230.26204238921002,2.7770252669966133,[64.444374],316.09247311827954,147,122,116,141,90,82
6,279.7795857988166,2.0624892997774356,[52.88178],278.38947368421054,200,183,204,197,134,144
7,692.4285714285714,1.1889969470934438,14.1713,223.33031674208144,272,280,301,218,207,235
8,234.22222222222223,0.7807738095238097,20.36141,222.26771653543307,291,301,308,232,228,240
9,204.5054945054945,0.9314917127071822,[27.977407],272.12,277,282,212,233,219,225
10,233.57303370786516,1.064996288047513,[33.418816],236.38888888888889,253,267,202,210,203,212
11,250.30263157894737,0.9577132486388383,[15.006106],285.18461538461537,232,175,179,191,193,190
0,227.05494505494505,15.186122448979592,[33.27889],265.7037037037037,182,182,189,182,167,176
1,200.1443298969072,12.203797580932052,[49.12378],342.0113636363636,121,178,170,163,144,161
2,236.8294573643411,9.331018518518519,[45.418285],294.2477064220183,108,163,156,152,130,155
3,241.34265734265733,6.8422004862328265,[28.445078],301.859375,111,156,139,131,129,103
4,228.125,4.223532988750382,[43.41094],325.25,115,161,115,121,116,87
5,227.72064777327935,3.2276617818700553,[60.030704],341.2289719626168,123,159,109,137,87,86
6,407.22904191616766,3.0566396049945403,[25.56518],288.12698412698415,178,237,176,161,125,126
7,748.9542253521126,1.4997198879551814,[17.503876],249.69014084507043,268,312,302,227,210,211
8,251.66666666666666,1.3412234042553193,[29.078033],260.268115942029,267,309,231,237,225,235
9,221.12871287128712,1.358947006194081,[34.14923],275.6125,254,291,232,229,222,225
10,240.96666666666667,1.422498146775389,[32.84981],276.4512195121951,223,271,215,211,207,222
11,204.68,1.5463468798578723,[38.115715],298.8840579710145,199,195,197,203,188,203
0,192.85365853658536,14.80096029547553,[38.4991],305.30434782608694,194,174,176,183,175,181
1,244.890243902439,12.074786324786325,[42.37886],307.73333333333335,128,148,156,170,168,166
2,217.98709677419356,9.140069860279443,[31.248016],312.90977443609023,119,133,141,157,146,139
3,221.40588235294118,6.079464184356908,[48.23592],289.0855263157895,114,125,146,159,134,88
4,212.36129032258066,3.843705598181301,[37.134617],305.7810218978102,116,132,141,154,125,97
5,220.85276073619633,2.574334505273732,[45.717678],310.65492957746477,125,134,138,141,82,104
6,248.30959752321982,2.1533344704076414,[31.87246],289.5724907063197,180,201,184,212,125,164
7,553.1722972972973,1.7239179663828021,[18.051525],249.59437751004015,258,304,279,210,218,224
8,277.8516129032258,1.2446093066739043,[19.816195],255.89312977099237,269,320,305,222,223,240
9,225.98130841121494,1.1149659863945578,[37.3999],255.9431818181818,269,310,221,217,221,232
10,217.013698630137,0.8355482933914309,[35.70027],252.29032258064515,256,282,202,207,209,221
11,193.06756756756758,1.0141700404858298,[33.402752],278.72727272727275,231,192,189,188,189,207
0,234.27272727272728,15.01860294117647,[21.644423],241.0,209,166,167,177,203,166
1,204.7128712871287,12.160161943319837,[34.60417],264.561797752809,193,151,156,156,181,151
2,226.5944055944056,9.59968847352025,23.002169,287.76612903225805,130,137,139,147,158,145
3,202.65359477124184,7.589998325612549,[41.051655],313.64028776978415,122,135,147,129,153,93
4,218.57647058823528,5.295921352917081,[43.716953],307.0328947368421,115,113,152,132,144,87
5,229.10344827586206,3.5779400654746913,[55.890217],300.82159624413146,125,129,146,121,102,99
6,265.74429223744295,2.5675033921302575,[18.135849],261.9232175502742,175,180,206,195,156,160
7,789.7425742574258,1.5718772031019677,[12.504949],216.2785388127854,265,278,291,204,226,222
8,289.84662576687117,1.013195639701664,[15.195618],252.98601398601397,281,302,299,240,234,221
9,230.2403846153846,0.9496600951733515,[30.92348],211.8695652173913,283,300,216,222,229,221
10,246.95,0.9290194664744054,[25.874502],250.44615384615383,268,281,209,216,215,198
11,229.7123287671233,1.2465927516543232,[31.234299],255.6,234,190,190,197,201,189
0,210.67857142857142,16.455779162956368,[35.834686],254.65277777777777,215,187,162,196,206,157
1,214.2929292929293,13.964776632302408,[37.18031],257.89772727272725,141,160,154,181,187,147
2,236.4108527131783,10.141836927733637,[31.872992],286.0,133,144,144,160,166,134
3,217.76363636363635,7.672391304347825,[36.393967],323.98639455782313,123,143,131,152,154,97
4,214.16666666666666,4.674958723170059,[37.512016],320.5850340136054,125,133,134,141,147,110
5,224.77113402061855,3.66072113540468,[48.884113],325.6719817767654,116,133,123,129,100,110
6,255.27086614173228,2.633634658024901,31.183044,287.36294896030245,171,191,193,197,147,167
7,445.4826388888889,2.167791141097096,[13.983342],228.88709677419354,249,285,284,207,215,221
8,394.1707317073171,1.6348505332732464,[23.067492],215.04929577464787,268,301,304,240,239,233
9,242.27678571428572,1.663903743315508,[28.73227],246.72448979591837,271,301,224,240,239,221
10,237.79545454545453,1.6711166785969938,31.635359,277.1232876712329,250,285,206,219,230,207
11,216.75342465753425,2.0598454774405606,23.407288,251.0793650793651,233,210,183,202,221,184
0,222.40449438202248,15.544954128440363,[38.929825],294.16438356164383,210,170,167,169,173,201
1,209.61855670103094,12.912310806054206,[24.34124],294.14942528735634,137,165,154,156,164,171
2,210.00595238095238,9.910392156862747,[45.47614],314.7410071942446,124,155,145,138,147,141
3,224.15686274509804,8.200260219017675,[40.633503],307.546875,122,162,143,142,142,91
4,221.5818181818182,6.079092236827323,[37.744953],322.8357142857143,133,158,138,115,139,91
5,238.61904761904762,4.421261798310978,[65.4028],337.0671462829736,128,153,140,110,100,101
6,403.4304932735426,3.585285848172446,[30.958807],307.34177215189874,188,208,198,167,146,160
7,947.225,2.470473677597689,[29.857744],258.741935483871,274,298,289,210,206,239
8,295.30882352941177,1.78326639892905,20.353086,248.54700854700855,274,312,223,231,214,240
9,225.17757009345794,1.8048143053645114,[36.134808],273.734693877551,266,304,216,225,205,238
10,220.7078651685393,1.5928792569659442,[43.984634],281.58666666666664,254,205,212,208,187,226
11,251.41772151898735,1.5719935677343648,[34.13619],266.4776119402985,230,185,198,200,180,218
0,246.48235294117646,14.64413145539906,[44.720154],329.8493150684931,226,169,155,165,178,172
1,216.24324324324326,12.367886178861786,[39.408154],325.546875,150,147,147,152,149,157
2,243.94814814814814,9.528757346767422,[50.952847],324.76724137931035,126,123,125,141,140,139
3,242.0287356321839,7.065275987343256,[46.742706],353.7551020408163,125,129,126,132,128,102
4,225.8932584269663,4.548424200598114,[47.41199],301.2967741935484,128,140,119,123,129,117
5,226.8776371308017,3.3389328063241113,[61.307392],332.5990099009901,139,152,121,118,89,117
6,261.76166666666666,2.31435100974768,[48.624737],299.6448598130841,209,215,176,124,136,161
7,710.1815181518152,2.0846203346203347,[30.860712],272.20089285714283,277,306,270,208,198,221
8,325.3245033112583,1.5877762893503014,[22.071754],273.2357723577236,277,311,223,220,222,240
9,228.43636363636364,1.5862525458248466,[42.678234],268.6363636363636,274,309,217,216,219,238
10,236.86301369863014,1.335209681958908,[35.49684],325.1111111111111,260,217,206,200,201,225
11,248.66101694915255,1.2410623536170402,[31.367758],320.0833333333333,242,192,185,185,197,190
0,198.97916666666666,14.833077642656688,[19.025433],288.8941176470588,203,178,183,171,152,182
1,236.289156626506,11.171984831668519,[36.092503],277.8904109589041,127,159,160,150,128,177
2,224.29333333333332,7.573195329087049,28.355337,318.72592592592594,115,139,128,134,110,159
3,217.5064935064935,5.369805428777325,[36.85466],327.4782608695652,110,132,119,128,118,117
4,225.91194968553458,4.217149085624318,[58.851685],325.6041666666667,110,123,121,129,127,108
5,219.98556701030927,3.42469761997659,46.81895,311.864168618267,118,129,120,118,107,107
6,319.6493710691824,3.4032398917125137,[33.436237],278.43228200371055,186,169,190,187,143,166
7,1183.8823529411766,2.271580926448183,[16.189032],233.17672413793105,256,264,291,214,213,231
8,317.62987012987014,1.3580447330447327,[21.36492],239.1925925925926,278,310,309,229,218,240
9,232.85897435897436,1.2161016949152543,[42.093185],219.4179104477612,271,307,228,223,210,236
10,224.52941176470588,1.2201780415430268,27.287329,223.61971830985917,239,280,210,200,193,226
11,224.1551724137931,1.278006098369349,[25.558191],213.06,233,195,195,187,172,209
0,221.24742268041237,14.041832061068702,[21.947775],235.3625,219,172,163,161,171,162
1,222.6086956521739,11.300041753653446,[37.43858],232.7093023255814,206,144,147,142,170,149
2,222.80714285714285,8.826121794871796,27.73368,282.43333333333334,140,138,142,130,155,127
3,221.265,6.171074727120066,[38.705395],274.7544910179641,137,121,142,130,138,126
4,200.64245810055866,4.76344688480502,[30.561853],278.71724137931034,147,134,139,130,132,94
5,216.24016563146998,3.68374339961802,[24.457586],300.22141119221413,133,119,136,131,151,104
6,263.2569558101473,3.282454899186416,[28.861414],265.5729927007299,204,159,188,176,130,171
7,549.5085910652921,2.2491936447258394,[13.055928],202.1745283018868,270,266,272,279,217,218
8,232.8503937007874,1.7098776929285402,[17.72197],195.01754385964912,284,286,298,232,218,216
9,214.26126126126127,1.1701800830146747,22.799376,278.0568181818182,274,278,283,213,199,210
10,240.77011494252875,1.0921983089930822,[27.661835],216.22368421052633,255,266,197,193,193,197
11,213.3235294117647,0.9688524590163935,24.62684,223.07142857142858,244,251,175,180,192,178
0,208.82022471910113,14.715887850467292,[31.665743],287.6666666666667,191,176,172,181,171,179
1,249.21621621621622,11.732260726072607,31.064505,295.9431818181818,120,165,160,160,153,151
2,208.19594594594594,9.338448549860946,[45.906147],299.528,115,148,142,147,148,139
3,230.11049723756906,7.277583286278937,[37.785065],316.1518987341772,117,153,136,137,144,83
4,232.49685534591194,4.448757763975156,[49.97012],319.03053435114504,121,161,138,130,145,89
5,226.25661914460287,3.412646013204672,[62.455032],320.2836879432624,121,154,138,120,90,93
6,294.2407680945347,2.6281724811136575,[38.34816],281.106529209622,189,206,209,190,145,132
7,986.7206349206349,2.0389811738648946,[29.328995],224.46724890829694,243,307,299,213,223,220
8,238.77215189873417,1.2678828471549015,[17.796427],242.6962962962963,275,320,320,240,240,226
9,249.53125,1.418013468013468,26.48709,264.9886363636364,255,301,236,240,226,227
10,214.09638554216866,1.1576810534016093,[17.78148],270.1617647058824,247,279,214,224,202,201
11,231.74666666666667,1.2787458006718921,[34.174736],266.80357142857144,217,195,198,199,182,184
0,205.67567567567568,15.732947232947232,[45.444386],265.69444444444446,157,181,172,178,176,172
1,215.31578947368422,13.012212643678161,31.33315,283.6823529411765,146,163,152,153,154,160
2,244.14285714285714,10.170883534136543,[39.749462],324.54330708661416,128,146,131,140,143,142
3,239.81521739130434,8.028985507246377,[37.273476],303.58385093167703,126,145,124,129,142,93
4,226.7696335078534,6.256175254275176,43.52985,293.62111801242236,136,147,114,145,144,92
5,232.0783505154639,4.523854735342986,[49.242573],334.7570754716981,143,161,116,145,100,101
6,303.2394578313253,4.084355570492355,[43.26311],307.22627737226276,208,210,160,205,153,146
7,491.4353741496599,1.541690193864107,21.153074,270.40851063829786,274,307,288,220,212,217
8,267.47741935483873,1.0745258338783517,27.54867,270.4357142857143,280,320,234,240,231,224
9,194.05747126436782,1.0899469143994691,[37.077026],259.9189189189189,269,316,233,232,237,220
10,261.5285714285714,1.2287038137103479,[54.372288],296.03333333333336,268,217,209,213,216,206
11,214.64705882352942,1.3805767489978018,[32.075726],259.55172413793105,246,200,196,194,195,190
0,204.14893617021278,15.156463081130358,[18.061884],244.3048780487805,226,162,158,182,183,186
1,235.92592592592592,12.295145960624577,[21.048409],241.15068493150685,143,155,152,178,173,181
2,236.89361702127658,9.52728937728938,[38.382324],300.0952380952381,138,152,133,163,165,159
3,212.34567901234567,7.145387062566279,[36.549774],296.6666666666667,131,148,127,158,150,106
4,217.4689265536723,4.9663805040155085,[34.218502],278.4563758389262,134,141,113,167,127,103
5,225.69915254237287,3.3481989708404805,35.884274,311.6135265700483,115,147,116,162,92,110
6,257.4827044025157,3.018914261094356,[38.41006],268.7906542056075,171,181,167,255,145,136
7,462.6575757575758,1.7782614430813881,[34.501095],231.8029197080292,249,249,270,234,228,214
8,324.34567901234567,1.3897243107769424,30.203049,227.36153846153846,274,299,303,240,240,240
9,208.40816326530611,1.3986486486486487,[24.83979],202.30864197530863,273,298,217,233,221,238
10,235.2058823529412,1.2178203240058911,[25.949196],260.59493670886076,255,272,198,210,201,222
11,241.48214285714286,1.3934754240974334,[23.118666],210.80851063829786,246,175,184,205,196,204
0,225.04123711340208,15.489598506069091,[29.843607],260.7073170731707,208,185,172,170,179,157
1,229.47674418604652,11.805843329698291,[39.16968],303.3766233766234,140,172,159,147,159,140
2,228.04666666666665,9.542280163599182,32.01292,294.79527559055117,132,152,135,122,152,122
3,208.5581395348837,7.886762269325256,[26.466757],308.1045751633987,123,151,141,108,155,83
4,227.7515923566879,5.371856488208337,[49.877888],328.8421052631579,118,150,154,109,151,96
5,235.0862831858407,3.8398601398601397,[65.12809],310.39588688946014,129,153,134,107,97,95
6,241.10954616588418,3.0704344722990458,38.253265,280.20373831775703,184,189,178,168,148,152
7,342.4424460431655,1.822876779577811,[12.144779],238.89626556016597,273,288,271,192,213,218
8,279.0960451977401,1.3540293040293039,[23.867325],227.40579710144928,274,312,308,209,229,228
9,231.0108695652174,1.3866941015089163,[35.441162],249.2987012987013,262,317,224,215,224,216
10,253.73972602739727,1.6243253099927062,[25.61641],225.74576271186442,246,297,209,212,214,193
11,255.94202898550725,2.1186817172129286,[24.020678],285.7413793103448,226,199,186,186,193,171
0,200.52439024390245,14.86111111111111,[40.912144],274.65277777777777,220,181,158,167,180,174
1,212.48387096774192,12.338399050748448,[44.147785],298.5301204819277,145,157,145,144,169,153
2,230.2751677852349,9.427044609665428,[39.803093],264.3955223880597,141,143,118,124,136,145
3,237.81005586592178,7.062713407694059,[29.305962],294.07361963190186,123,156,110,128,141,106
4,236.0909090909091,5.1762845849802375,[31.879868],317.67424242424244,118,160,118,124,142,108
5,227.30555555555554,3.8769762845849796,[54.35594],319.21588089330027,119,152,127,124,96,118
6,266.9143302180685,2.7457880783374673,[24.806349],299.92723880597015,184,198,184,188,140,169
7,749.3566666666667,2.111665199960888,25.232626,244.41409691629957,268,286,251,209,215,232
8,253.0072463768116,1.4394575596404469,[24.746948],284.6725663716814,288,294,270,220,223,236
9,248.57009345794393,1.1651362984218079,[53.873432],266.0860215053763,277,291,185,211,212,218
10,213.65,1.4002625656414103,[42.092896],267.8452380952381,262,285,166,207,208,205
11,259.36486486486484,1.4544491992764814,23.321974,254.20338983050848,255,193,162,198,201,184
0,232.40384615384616,16.001349578256796,[33.57937],217.66304347826087,182,184,176,165,182,178
1,209.03157894736842,11.953966131907306,[31.31404],267.1645569620253,121,178,170,140,167,159
2,233.66176470588235,9.840763052208834,[20.613474],265.3448275862069,95,156,155,132,154,138
3,247.13714285714286,6.919104790768157,[24.75466],301.3862068965517,97,138,151,114,138,108
4,208.1046511627907,5.0476512716404445,[38.89899],298.51408450704224,114,133,159,114,147,104
5,229.0,3.015921931176169,[46.78412],324.3536585365854,138,124,145,117,86,98
6,267.4868421052632,2.064809949203013,[29.509775],298.559686888454,206,176,193,188,132,143
7,468.97734627831716,1.9824826336454244,[29.296738],253.6404958677686,266,265,272,207,190,219
8,323.9290322580645,1.681864235055724,[36.158638],229.7751937984496,278,296,303,212,222,240
9,242.2233009708738,1.6580110497237566,[38.00761],250.875,272,292,223,210,224,227
10,255.71641791044777,1.9387283236994222,[43.52953],247.82692307692307,247,292,218,204,202,221
11,239.53623188405797,2.3850181947279667,[27.227892],240.81034482758622,213,199,190,183,198,203
0,223.54054054054055,14.69277108433735,[33.964252],316.463768115942,153,185,175,161,157,165
1,239.42857142857142,12.178986710963455,[47.44406],347.75324675324674,147,168,161,135,146,146
2,214.42142857142858,9.631925305135272,[37.648586],326.848,143,148,144,122,134,82
3,230.54228855721394,6.962659846547314,[44.16746],325.67045454545456,152,141,136,122,131,83
4,241.33333333333334,4.688870659010116,[47.17816],338.4513888888889,156,141,143,137,125,93
5,231.11937377690802,3.5220275039552145,[50.18309],331.1872037914692,169,140,132,127,85,94
6,451.7416666666667,3.064425770308123,[41.73351],308.0259481037924,235,219,191,149,128,149
7,1024.376811594203,2.2768680594767554,[39.35895],265.44943820224717,277,298,297,216,212,218
8,283.84090909090907,1.698092643051771,[24.228094],251.14166666666668,281,303,225,224,212,223
9,220.0,1.5932451751250887,[33.838017],296.33009708737865,263,293,217,214,207,205
10,210.80898876404495,1.2377872054437769,[30.803976],303.84415584415586,251,202,207,204,197,192
11,215.95945945945945,0.8431095083763182,[43.344654],318.953125,220,193,201,180,178,181
0,253.25,16.50891454602576,[40.616077],311.32894736842104,164,195,175,158,182,187
1,246.4090909090909,12.538448155880305,43.278275,299.3243243243243,143,167,163,143,168,174
2,228.1986301369863,10.194167550371155,[46.71372],298.7936507936508,135,140,151,139,149,106
3,227.13714285714286,7.479391643580031,[20.512848],345.41059602649005,130,135,131,143,138,92
4,232.43930635838151,5.303555667633337,[61.613758],341.2922077922078,127,136,128,157,84,89
5,229.96257796257797,3.266798418972332,[48.490604],324.7862407862408,134,135,128,159,97,106
6,267.75082508250824,2.6850178806700544,[35.12508],314.15576923076924,192,194,174,151,152,149
7,425.0034965034965,1.5941212650933934,28.025034,272.0603448275862,263,296,282,208,205,217
8,378.10059171597635,1.4237715803452857,[36.082226],257.0211267605634,280,314,229,213,230,240
9,227.26,1.679811574697174,[40.82312],310.1707317073171,271,314,229,210,227,235
10,246.2967032967033,1.736248961999288,[46.673492],297.1818181818182,264,228,209,198,218,214
11,224.4179104477612,1.4271646859083194,[28.962557],269.135593220339,243,216,195,181,200,205
0,248.4952380952381,15.809617918313569,[41.025757],287.60227272727275,157,178,140,180,189,168
1,232.8265306122449,13.034802886307636,[43.396984],289.2386363636364,147,172,126,162,176,164
2,231.04444444444445,10.17528735632184,[35.529495],322.2241379310345,137,151,115,157,147,163
3,227.26351351351352,7.232761863814693,[37.83749],314.0,146,149,114,138,143,119
4,224.7736842105263,5.769130596552151,[51.809948],343.75,140,135,116,138,93,111
5,222.74088291746642,4.126775094064815,[55.546417],338.33033707865167,146,140,120,146,87,110
6,424.8544600938967,3.0121990498429825,[50.73439],302.55992141453834,199,222,183,214,138,173
7,952.5531914893617,1.7915685720563774,[39.43433],265.91555555555556,264,308,284,226,204,231
8,264.15492957746477,1.2947475472601104,[27.106394],282.6,281,312,293,236,230,240
9,257.3267326732673,1.4575342465753425,[43.20698],281.6588235294118,269,302,209,229,224,227
10,247.37037037037038,1.2726160870805983,28.942924,260.0128205128205,256,207,192,212,219,205
11,244.4102564102564,1.5091925018024515,[40.501556],317.88709677419354,229,188,168,194,202,187
0,226.94174757281553,14.918518518518518,[42.985336],274.35164835164835,210,197,173,161,168,171
1,225.1829268292683,12.010483297796734,[38.313282],293.94444444444446,137,176,158,152,166,149
2,230.1614906832298,9.240800865800866,[26.18287],320.23776223776224,122,157,144,127,158,139
3,215.61666666666667,6.797438490057296,[43.91841],328.2356687898089,135,141,146,118,134,100
4,229.6140350877193,4.792832544123978,[47.444595],348.20567375886526,144,150,148,126,141,99
5,224.68068833652006,3.2620062695924767,[48.814987],341.9585152838428,140,142,145,111,87,100
6,457.76641221374047,3.158968500081606,[42.129173],301.2815884476534,204,211,221,155,161,162
7,1724.2920634920636,2.131142552867793,[25.83928],243.87234042553192,274,296,312,203,240,240
8,255.01796407185628,1.4233993222757269,[32.3255],254.7810218978102,281,316,317,208,240,240
9,220.56989247311827,1.374530831099196,[42.375668],270.0,272,317,226,205,235,237
10,225.29787234042553,1.1864628820960694,[39.16378],281.51807228915663,247,294,210,185,215,223
11,233.69565217391303,1.2900897729273018,[44.66083],251.01612903225808,227,206,198,176,189,200
0,213.49295774647888,15.104105960264903,[41.989017],282.36206896551727,206,190,147,154,170,190
1,210.9879518072289,11.001536098310293,28.895716,225.8918918918919,122,156,132,144,158,156
2,224.14754098360655,7.739965095986039,[26.740026],293.6788990825688,115,127,123,125,140,134
3,227.67664670658684,5.947877693200877,[36.711704],325.38666666666666,119,120,108,119,133,75
4,222.96794871794873,4.94244071146245,[48.182613],331.5813953488372,132,121,102,122,146,81
5,234.47418738049714,4.252705795039892,[45.770054],313.92583732057415,136,113,103,110,152,89
6,243.85030864197532,2.974076704545454,[36.34674],281.2043795620438,195,191,174,172,148,144
7,669.9236363636363,2.019476093095725,[19.036196],232.1509433962264,270,290,270,200,227,210
8,585.40625,1.6489571035025588,[24.470215],221.1869918699187,275,312,292,231,236,227
9,208.32183908045977,1.5082140422631216,33.928005,243.98648648648648,277,310,205,220,226,229
10,246.9,1.5717872968980797,[16.731562],242.14285714285714,255,297,181,193,209,219
11,193.65625,1.5570249400905298,[40.978886],265.0181818181818,238,209,167,172,195,205
0,229.35353535353536,16.252747252747252,[60.92214],298.88235294117646,167,170,199,180,183,193
1,253.76136363636363,13.490924092409239,29.929941,285.056338028169,153,156,185,165,182,169
2,235.80519480519482,10.849770236832805,[47.12967],339.0787401574803,149,143,160,145,164,100
3,213.39156626506025,8.299327241690932,[54.44272],342.1703703703704,139,148,160,137,174,108
4,228.8081395348837,6.013808225672632,[52.874866],340.5945945945946,140,132,151,128,110,106
5,228.5430711610487,3.9783885365280716,[62.308666],338.5253863134658,140,124,147,122,111,130
6,315.1132686084142,2.9310434556336196,[27.637217],323.8131021194605,199,196,209,136,159,199
7,1500.4253521126761,1.829603381822703,[35.27625],276.98604651162793,285,295,295,202,215,240
8,357.46285714285716,0.8722514812376562,[34.990673],275.92857142857144,292,308,230,216,233,240
9,226.07339449541286,0.8920106524633822,[39.393192],317.9120879120879,281,306,227,222,228,238
10,221.5625,1.0255051603463956,[38.410202],338.2676056338028,268,204,220,206,221,212
11,229.30588235294118,1.2023026315789473,[45.66257],376.6060606060606,232,184,209,191,204,196
0,197.57894736842104,15.126294602012814,[31.758018],234.77941176470588,215,176,166,179,168,189
1,209.94505494505495,12.084562118126271,28.424665,252.47435897435898,189,166,152,156,154,165
2,236.55974842767296,9.095498783454987,[25.62958],243.43382352941177,126,155,139,132,130,140
3,200.74594594594595,6.370976281236765,31.910326,296.52147239263803,118,149,129,128,128,135
4,228.08854166666666,4.528879930895478,[37.975037],285.9341317365269,124,143,134,127,128,99
5,213.72392638036808,3.8118336003535713,[51.15926],288.7004830917874,118,145,146,143,128,107
6,308.26605504587155,2.9195475885616724,[26.918879],249.60521739130434,193,200,194,205,137,136
7,1208.6107784431138,1.7592829705505761,[8.17112],205.33333333333334,279,284,284,294,211,210
8,431.6907894736842,1.2585686865917192,[6.2862935],196.71323529411765,286,300,297,227,226,227
9,214.14406779661016,0.9799888827126181,[19.57152],218.62626262626262,289,298,287,215,227,226
10,243.27380952380952,0.914394488759971,[29.777716],223.09722222222223,258,284,206,206,206,219
11,225.46052631578948,1.0635239567233383,[22.753328],208.2173913043478,238,273,192,194,189,208
0,231.82142857142858,14.650236966824641,[39.45279],268.08247422680415,211,156,196,164,160,168
1,196.9125,12.068627450980392,27.842758,292.986301369863,142,146,185,169,148,162
2,205.7659574468085,8.293921568627454,[43.31158],302.2892561983471,120,128,163,158,141,140
3,200.4,5.862196973958041,[46.32448],307.527397260274,110,136,154,154,128,91
4,227.6140350877193,3.3881504843433206,[49.438457],353.31617647058823,125,132,147,146,132,90
5,233.36401673640168,2.4864072827035795,[58.168243],329.85748218527317,125,142,150,141,86,85
6,346.719512195122,1.9913844325609036,31.270058,283.7894736842105,200,188,201,199,133,150
7,541.7701863354038,1.7456030352721783,[16.667545],253.4750957854406,275,298,279,199,204,226
8,297.030487804878,1.3425674452290424,[24.298971],270.015503875969,276,320,312,219,218,233
9,239.41509433962264,1.491208791208791,[43.90427],288.18367346938777,271,308,230,213,212,222
10,223.30555555555554,1.5832116788321169,[26.949715],308.73214285714283,251,280,223,207,198,211
11,214.921875,1.4611444719180504,[35.72254],281.85185185185185,237,182,209,185,179,200
0,217.4835164835165,15.670316169828366,[33.46497],242.96296296296296,204,197,181,173,172,180
1,205.47,11.297008547008547,[21.737696],300.97777777777776,134,169,169,153,153,158
2,216.10625,8.427875520242148,[24.778967],294.18939393939394,115,158,154,152,157,145
3,230.0,6.385246341071141,[40.44597],293.94160583941607,122,156,152,151,141,89
4,229.10596026490066,4.021380944508735,[43.54923],333.96992481203006,121,145,153,154,129,87
5,233.42797494780794,2.960141773411267,[46.67989],312.09090909090907,130,137,147,139,96,82
6,271.68709677419355,2.973096617140939,27.51269,278.5984555984556,186,215,214,183,148,137
7,566.6328358208955,2.1116051291964686,[15.150501],259.30223880597015,263,302,293,204,212,204
8,353.70414201183434,1.629391831639023,[19.854694],246.73333333333332,269,320,320,227,229,237
9,220.60824742268042,1.6397877984084872,[46.99378],273.66265060240966,265,318,236,227,225,237
10,233.0487804878049,1.628147100424328,[29.015533],242.93055555555554,253,302,219,218,207,215
11,223.98507462686567,1.6874373174028694,[32.54448],275.45454545454544,219,207,203,193,191,194
0,231.9189189189189,15.058142076502733,[22.24906],275.03125,223,167,173,173,180,182
1,239.34615384615384,12.559419165804897,36.442245,259.81609195402297,144,152,170,168,166,167
2,230.14285714285714,8.97209653092006,[24.311996],294.02919708029196,149,147,153,141,141,153
3,227.775956284153,7.32159012293119,[49.620266],319.89506172839504,163,141,146,136,137,94
4,209.80519480519482,5.734002777481038,[52.64888],331.59558823529414,180,139,137,125,124,109
5,226.10634328358208,3.461231750705436,[51.30475],307.48268398268397,159,124,131,129,89,109
6,546.33381712627,2.6753016894609813,[17.702044],263.9458041958042,244,191,182,204,151,158
7,627.4638157894736,1.1912031988367864,[20.403746],237.06849315068493,287,308,301,217,223,236
8,268.66883116883116,0.9523809523809527,[8.139788],223.0703125,284,318,314,220,235,240
9,215.37037037037038,1.0173115410273517,[30.781212],259.38823529411764,282,312,235,209,226,235
10,209.54901960784315,1.078693181818182,[30.718927],267.253164556962,260,295,217,201,222,213
11,236.83333333333334,1.065362269309638,[16.662512],260.327868852459,248,198,191,185,205,205
0,242.0879120879121,14.941818181818183,[35.29845],248.96153846153845,203,184,175,189,168,181
1,230.08,12.482569371268001,[39.082912],276.13235294117646,133,167,158,169,159,163
2,217.31012658227849,9.56847389558233,[36.687565],289.64084507042253,125,146,137,140,140,142
3,217.9572192513369,6.391359918200409,[44.519566],337.8679245283019,128,135,144,126,152,130
4,223.5722543352601,3.5903654856376432,[45.687637],320.1575342465753,125,154,140,117,153,89
5,231.18886679920476,1.8407233093881592,[49.479534],302.8703703703704,130,146,139,107,111,101
6,329.26229508196724,1.0058505850585058,[26.218142],263.9392857142857,203,204,200,186,152,166
7,767.0142857142857,0.7012598761477684,[11.913616],246.66141732283464,292,299,308,212,218,232
8,259.24342105263156,0.43695074596362166,[11.139995],219.69402985074626,294,313,318,233,233,240
9,222.58,0.6719676549865229,[34.634182],262.1666666666667,269,296,233,232,221,233
10,211.90361445783134,0.9668923734853884,29.119822,259.07042253521126,239,283,220,233,205,223
11,244.0,0.9717197012218816,28.257128,277.22033898305085,220,200,195,214,189,201
0,243.0,15.77362799263352,[31.974768],335.87951807228916,216,191,165,173,167,174
1,255.5529411764706,12.881082725060825,[43.374664],319.27272727272725,149,175,157,156,162,160
2,243.64492753623188,10.494415807560138,[40.43834],295.09322033898303,131,168,144,146,150,134
3,207.84567901234567,8.058339318269711,[48.58137],301.2214285714286,125,155,138,139,149,81
4,252.68027210884352,4.472388481084133,[39.09554],336.72033898305085,119,141,142,129,151,88
5,235.09978768577494,3.3477272727272727,[57.474194],320.80352644836273,118,133,143,134,109,83
6,263.8593508500773,2.8618302227573755,[45.669495],307.6831501831502,177,192,196,199,157,136
7,580.7616099071207,2.24199843871975,[18.723177],269.8897637795276,247,281,301,206,220,209
8,305.9186046511628,1.2169444942343315,[25.84864],277.97222222222223,279,302,315,225,234,239
9,231.32978723404256,1.3075554063129615,[43.09438],231.41463414634146,271,312,236,214,226,230
10,260.9493670886076,1.6147948164146868,[45.736416],309.8709677419355,246,303,218,193,206,223
11,228.1505376344086,1.5124977996831546,[37.41531],295.73493975903614,227,212,185,188,184,200
0,209.08510638297872,15.110018484288357,18.445364,265.962962962963,189,164,183,191,171,184
1,220.29032258064515,12.773504273504274,[30.200499],309.87951807228916,122,153,163,169,162,167
2,233.63194444444446,9.077088212334115,27.090736,295.0076923076923,126,134,148,148,144,154
3,221.71523178807948,6.517262604219127,[31.017237],311.82608695652175,122,131,142,141,145,96
4,221.8846153846154,4.033515692484882,[39.865284],337.9166666666667,122,139,127,129,144,94
5,227.26611226611226,2.7279536543975653,[71.14451],313.5137157107232,130,148,121,112,132,100
6,251.23492063492063,2.8602889358703307,[56.065395],279.72846441947564,186,229,176,183,127,131
7,588.4894894894895,2.188617886178862,[19.874737],229.1326164874552,255,307,274,205,191,203
8,303.8235294117647,1.1843423119092067,[16.419022],198.78014184397162,277,320,298,240,232,240
9,238.55555555555554,0.9612143331121431,[22.183977],227.43037974683546,268,311,232,230,231,235
10,239.08,1.1902679830747533,[23.108816],259.6666666666667,246,292,210,225,220,225
11,208.296875,1.3377952755905513,[30.975456],214.49056603773585,211,260,197,205,196,201
0,207.9659090909091,14.78170989433237,[15.085053],250.27272727272728,205,164,166,165,174,167
1,234.65882352941176,11.328614072494668,[28.260965],255.4,191,144,143,152,162,146
2,218.75903614457832,9.723875255623721,23.408974,300.375,128,123,134,143,150,137
3,221.70909090909092,7.279387069689336,[37.93259],308.4632352941176,122,136,121,144,146,125
4,228.40490797546013,4.991749078354498,30.856924,306.72108843537416,130,131,109,141,138,94
5,224.34419551934826,2.974459491565692,[56.275707],316.2694174757282,124,123,112,140,134,99
6,262.42879256965944,2.3700043917435214,[41.489594],288.05861456483126,191,180,176,192,141,155
7,667.6697819314642,2.346123573396301,[30.117577],251.30522088353413,274,295,263,199,189,232
8,280.7094594594595,1.5642356368933814,23.858496,240.97435897435898,279,311,295,227,218,239
9,243.84444444444443,1.457841852337265,[38.759064],235.43939393939394,268,303,295,220,214,226
10,232.3846153846154,1.6372659176029962,[33.422043],244.6769230769231,251,276,195,198,209,206
11,235.70491803278688,1.6697749196141476,[36.242874],190.95652173913044,228,253,185,192,198,188
0,234.41935483870967,15.143854266538831,24.461853,313.0759493670886,197,190,150,160,190,156
1,231.74074074074073,13.028888888888888,[34.07211],307.6849315068493,125,177,131,149,169,149
2,226.30769230769232,9.154276453366792,[27.305725],305.9851851851852,121,166,117,132,142,119
3,230.7808988764045,6.923059109593007,[54.901188],360.03164556962025,132,161,117,124,139,78
4,236.26436781609195,4.276333482743164,[65.81585],344.0,131,164,124,127,128,102
5,241.61836734693878,2.880696731090432,[36.377327],317.60570071258906,132,171,133,118,94,114
6,428.1684210526316,3.3760851760851764,[43.36223],295.80470162748645,208,243,198,158,136,167
7,1092.814465408805,2.0381321998398314,[29.54001],253.91121495327104,277,310,294,197,228,240
8,281.4527027027027,1.5942753143613506,[25.625559],250.86046511627907,276,313,228,214,240,240
9,227.55434782608697,1.8356948228882835,29.443024,267.5131578947368,265,314,227,208,228,226
10,231.8842105263158,1.4784023668639055,38.408184,297.04938271604937,239,297,205,192,211,208
11,252.16,1.7246691160196541,[36.22099],260.171875,229,214,172,180,203,191
0,229.64367816091954,15.544217687074827,[35.082024],254.64473684210526,138,175,184,159,172,152
1,239.3764705882353,12.178466076696164,[37.493122],299.93939393939394,130,166,167,151,150,140
2,242.20422535211267,10.190203347938434,[35.3069],363.9758064516129,121,145,146,140,133,89
3,221.03012048192772,7.725001435873874,[51.280865],343.79432624113474,111,137,142,138,135,94
4,233.70658682634732,5.629004329004329,[76.729515],346.0878378378378,114,137,153,137,97,97
5,226.8389662027833,3.247727272727273,[59.196045],315.44675925925924,116,130,139,139,97,99
6,376.1302170283806,3.055245358391212,30.755402,276.5040816326531,184,225,198,136,151,155
7,612.1569965870307,2.5873230373230367,[23.061274],257.9908256880734,256,289,296,206,219,214
8,250.74025974025975,2.177303754266212,[27.704874],263.3046875,273,295,233,211,224,229
9,241.35643564356437,1.9836357292393578,[39.208286],268.8941176470588,275,290,237,201,219,211
10,255.1216216216216,2.347097251325034,[25.062937],309.01785714285717,262,199,224,194,207,195
11,228.91358024691357,2.4124245038826575,[31.161242],302.8358208955224,235,191,196,173,196,168
0,244.80180180180182,15.390912343470484,[34.884686],280.8888888888889,214,183,195,187,166,173
1,209.85106382978722,12.022614143494676,34.44725,270.4605263157895,141,159,182,175,166,148
2,220.56209150326796,9.9750936329588,[33.41467],299.7518796992481,129,142,170,159,153,137
3,217.2122905027933,7.735425520322545,[28.305235],303.1111111111111,117,129,161,141,160,90
4,211.5,4.804593929450368,[53.142166],331.05732484076435,119,133,147,131,163,102
5,227.24950099800398,3.1189042745334135,[58.88129],328.8013856812933,121,139,141,133,117,104
6,297.01540832049307,2.8006930289441505,31.017923,278.3445692883895,194,196,207,176,173,169
7,814.9774193548387,1.8482552156422487,[18.167799],247.02136752136752,259,312,286,212,230,228
8,202.37241379310345,1.056564062088924,[17.740086],229.93162393162393,278,320,320,231,240,240
9,234.5977011494253,1.0751004016064254,[30.195482],209.6,267,304,232,227,228,236
10,219.35365853658536,1.112698412698413,25.3713,225.8923076923077,250,279,223,212,208,214
11,205.45238095238096,1.1802522836015659,[24.782965],267.09090909090907,237,191,212,195,177,198
0,245.5068493150685,15.433493530499078,33.33288,236.609375,197,191,174,185,153,182
1,222.48192771084337,12.385714285714284,[38.44438],274.23943661971833,177,175,162,163,137,166
2,218.8015873015873,9.355730427764327,[28.390448],299.65765765765764,122,169,135,140,117,143
3,211.4437086092715,6.751282051282051,[34.09524],274.1384615384615,130,162,121,130,115,122
4,227.2046783625731,5.06867241484743,[48.0021],300.92715231788077,126,151,128,115,113,78
5,225.3211382113821,3.2224647513421036,[48.830288],299.83649289099526,131,148,122,124,116,96
6,227.59615384615384,1.6890909090909085,24.259254,271.38817005545286,176,209,181,185,129,145
7,496.03194888178916,1.6194511702986283,[19.067951],222.12,266,298,263,203,186,200
8,245.26174496644296,1.2577870969702496,[10.48781],228.96031746031747,277,320,302,236,216,216
9,245.5142857142857,1.5180027643400138,[25.140509],230.7173913043478,265,312,211,231,209,219
10,229.26666666666668,1.4560693641618496,[20.219511],230.40298507462686,245,300,200,218,196,225
11,259.1604938271605,1.3739751388521553,[25.066742],250.27397260273972,220,211,185,202,177,199
0,207.16494845360825,14.431512915129153,15.972473,223.0222222222222,208,191,168,176,173,168
1,239.98717948717947,11.178217821782178,25.98791,253.46153846153845,183,174,159,163,162,169
2,210.17123287671234,8.616755005889281,[17.53211],268.59055118110234,119,153,142,136,152,147
3,222.31958762886597,6.051470588235294,27.477133,275.3939393939394,116,153,128,131,143,145
4,220.35897435897436,4.552591128678085,39.33399,288.86290322580646,117,157,122,135,144,117
5,225.0981818181818,2.7144778126400717,[52.49618],288.53668763102723,110,145,126,141,147,107
6,235.5359477124183,1.3508158508158514,25.016962,239.71214953271027,183,204,182,209,165,149
7,797.2507288629738,1.0459195535921881,[8.264649],209.49049429657794,270,282,270,292,219,231
8,270.8263473053892,0.6997929606625258,[5.9150357],200.91780821917808,289,313,307,231,230,240
9,263.0485436893204,0.5278928721551671,21.184744,211.43820224719101,289,306,304,225,231,231
10,214.925,0.6656404812455766,[12.422165],212.13432835820896,278,287,210,212,214,212
11,215.68,0.6891472868217055,[23.457718],243.5,246,274,195,189,199,187
0,242.62626262626262,15.602833178005591,[14.228612],220.0,190,180,180,171,159,193
1,193.7093023255814,12.103296258847319,[21.21506],247.50617283950618,176,162,171,164,145,171
2,214.7012195121951,9.819668976135487,[18.199099],283.3959731543624,127,150,158,143,137,151
3,220.7375,6.842896174863387,[30.777],287.30434782608694,127,151,159,132,138,147
4,194.35714285714286,4.965139052095575,[42.03865],295.7315436241611,136,138,147,115,125,116
5,215.64970645792565,2.9029215550954683,[54.92749],288.0570776255708,131,139,143,119,113,111
6,256.1796116504854,1.593692022263451,[19.479986],248.7546468401487,196,186,208,190,132,166
7,444.9774919614148,1.6428235846840498,[5.486033],190.12749003984064,271,280,299,290,188,220
8,288.484076433121,1.4118037335263427,[7.89469],180.125,276,307,314,236,211,235
9,246.96296296296296,1.4008816042714343,[13.12287],207.40449438202248,277,293,303,224,205,232
10,227.51315789473685,1.7335745296671492,[31.720732],246.74242424242425,256,283,212,216,194,221
11,205.56756756756758,1.6506369426751595,19.702642,225.33333333333334,225,256,195,193,182,205
0,226.28571428571428,14.893576642335765,[20.092909],247.21794871794873,208,177,181,188,173,169
1,246.52380952380952,11.660161943319837,[19.77942],263.943661971831,195,148,162,172,158,153
2,214.11811023622047,10.227169625246546,[29.64979],247.78571428571428,127,125,142,162,149,140
3,225.03205128205127,6.573232323232323,[21.800646],289.97241379310344,124,110,135,142,153,128
4,220.79888268156424,4.681178873650423,36.81872,290.92638036809814,129,115,121,141,138,101
5,224.39922480620154,2.8257935809423227,[49.122253],285.5853658536585,125,119,131,124,145,97
6,261.7851500789889,1.6186892577621053,[22.647224],255.08928571428572,186,192,199,186,136,158
7,519.5125786163522,2.26480292228834,[11.087337],213.80377358490566,277,252,296,275,210,233
8,271.2710843373494,0.9765890237061966,[13.182553],214.30612244897958,284,302,320,240,227,240
9,214.42342342342343,0.7573925337665072,24.800262,227.31914893617022,270,301,312,236,227,237
10,205.17142857142858,0.8638908575478386,[28.496248],227.20338983050848,257,275,218,225,214,222
11,230.85294117647058,0.9503164556962023,[12.262614],212.24489795918367,228,259,203,199,187,188
0,215.0344827586207,15.265257249766133,[24.60853],232.20987654320987,228,166,167,178,159,171
1,245.97979797979798,11.838341968911916,[26.80963],242.25842696629215,210,154,148,159,143,151
2,220.455223880597,8.806863329360349,[13.32278],240.11290322580646,136,153,139,141,138,132
3,207.66489361702128,6.3177402862985685,18.032936,270.8633540372671,132,152,127,137,134,133
4,218.30817610062894,3.7532748891575975,26.071394,303.7007299270073,128,148,140,136,142,133
5,221.03225806451613,2.03857215361191,[89.74499],307.52392344497605,133,131,133,127,140,107
6,240.86614173228347,2.042552283397354,[19.004953],250.5372050816697,179,188,192,194,161,151
7,919.6848484848484,1.672147001934236,[11.033424],201.59030837004406,272,275,278,291,209,226
8,332.85350318471336,1.7125141268823114,[9.522639],205.68939393939394,278,299,296,225,221,240
9,258.6465517241379,1.8733071210135428,[20.641876],227.63440860215053,278,283,290,223,212,240
10,242.07407407407408,1.7764790764790763,[15.893956],257.5217391304348,273,270,203,218,200,222
11,246.53424657534248,1.819879518072289,[22.510557],271.6981132075472,245,244,187,197,176,196
0,198.16494845360825,15.195350553505538,[22.37364],242.67857142857142,218,165,187,167,162,185
1,214.2842105263158,12.411923464249748,[25.641382],269.5068493150685,201,152,168,151,154,167
2,204.5839416058394,10.5990247199691,[25.471453],267.93220338983053,144,141,157,133,137,151
3,223.86451612903227,7.763011340623735,[26.792847],303.9621212121212,136,149,142,130,122,144
4,212.9497487437186,5.617621652749784,[32.612476],291.1777777777778,126,151,128,125,118,107
5,217.4595744680851,3.8457294195541833,[61.857952],290.67401960784315,124,165,128,126,133,112
6,292.3064275037369,2.6985351141749243,[16.730692],262.70071684587816,181,209,180,181,137,167
7,545.2012195121952,2.167699503069278,[11.187237],203.168458781362,274,301,272,259,211,238
8,227.97260273972603,1.371860653524169,[15.569877],207.640625,278,313,304,218,234,240
9,223.86065573770492,1.3785950023573783,[14.486129],245.34579439252337,274,287,297,204,218,235
10,214.425,1.4292603335750542,20.78154,223.0,256,278,221,199,201,224
11,206.08333333333334,1.5593996840442337,25.037596,256.79245283018867,235,256,209,182,186,198
0,206.47368421052633,14.45318181818182,[13.244278],233.88118811881188,209,157,146,187,183,174
1,207.9125,11.44072144288577,15.378975,262.3484848484849,204,149,142,183,165,155
2,228.63309352517985,8.855005701254276,14.163465,266.08256880733944,177,131,129,157,138,145
3,217.23243243243243,6.441750104297039,[15.622135],286.8719512195122,133,133,128,144,115,146
4,211.71779141104295,4.470180234912921,36.05219,283.6849315068493,142,148,120,147,121,145
5,211.83501006036218,2.1820688070759866,[52.733],284.7844036697248,131,146,117,140,125,98
6,262.9971305595409,1.6598628671079227,[17.597704],236.40347826086958,187,198,181,185,202,144
7,508.51644736842104,1.4425625072012902,[12.44223],182.67510548523208,269,289,283,286,234,217
8,374.1034482758621,0.9422286681169927,[5.9950137],176.10884353741497,283,303,289,229,234,238
9,243.71698113207546,1.0008018751542065,[11.056595],181.75903614457832,279,286,286,227,236,230
10,210.08536585365854,1.1809506263817247,16.528057,214.9041095890411,267,260,182,204,229,215
11,203.83076923076922,1.37556270096463,[16.731516],218.83333333333334,240,244,162,191,206,201
0,235.46067415730337,15.09251101321586,14.073219,248.18987341772151,221,177,179,187,188,183
1,206.65934065934067,11.936231884057973,[17.31141],331.5897435897436,209,162,169,166,160,169
2,208.18367346938774,9.785213243546577,[17.221617],281.2307692307692,149,136,150,161,137,158
3,210.66839378238342,6.500548902195609,[20.755108],326.34567901234567,134,130,143,153,131,144
4,200.56470588235294,4.201590933856379,[59.448017],294.2108843537415,126,136,139,151,144,102
5,223.40499040307103,3.0703617656820446,[65.69656],303.7008733624454,134,131,134,145,140,102
6,329.0920245398773,2.3364455364455368,[7.2277236],250.613074204947,194,206,193,215,147,155
7,916.2576687116565,1.087789661319073,[11.264348],183.40329218106996,266,294,297,309,229,237
8,312.8074534161491,0.7144309828873588,[9.109857],182.12408759124088,285,315,320,240,239,240
9,222.5151515151515,0.6641361256544501,[16.169992],212.51162790697674,280,313,232,236,235,232
10,233.01351351351352,0.583587786259542,[12.181117],220.98305084745763,264,292,216,220,222,227
11,213.15384615384616,0.6366972477064219,[16.377983],269.74074074074076,231,256,199,204,214,204
0,206.28571428571428,14.627409579667642,[6.4195304],254.62337662337663,194,154,161,174,173,167
1,212.9891304347826,11.40708423326134,[28.75348],262.87654320987656,179,140,150,147,156,154
2,204.4160583941606,8.26,[7.89236],282.3392857142857,165,127,130,139,145,150
3,195.2375,6.1322510822510825,[19.850262],298.9861111111111,108,127,131,123,132,149
4,201.0943396226415,3.602292481529769,52.304214,277.0151515151515,113,120,134,132,126,142
5,215.71072796934865,2.2859349014017583,[52.170345],275.1592920353982,115,121,135,125,136,100
6,245.43349753694582,2.013383947090361,[10.739067],221.436,207,178,192,187,200,147
7,286.943143812709,1.6707952274241415,[11.418133],182.7622950819672,256,273,260,284,220,208
8,229.77777777777777,1.0353786104605776,[1.5538292],152.6086956521739,271,301,290,227,224,212
9,212.1860465116279,1.1433085082374186,[11.321983],201.48648648648648,265,296,280,218,219,199
10,228.40963855421685,1.5338880484114978,[11.242999],234.63768115942028,254,270,192,210,207,189
11,213.328125,1.4133687653311529,[6.3223205],218.8148148148148,226,245,181,191,196,184
0,203.63636363636363,14.007655502392344,[9.392159],236.25925925925927,197,172,160,177,174,165
1,191.64864864864865,11.543949579831933,[15.670842],240.53030303030303,193,156,148,153,161,141
2,228.04430379746836,10.071380145278452,[6.4821715],263.6934306569343,172,134,125,129,140,126
3,220.39240506329114,7.9317789291882566,[12.132465],291.37142857142857,128,132,121,120,147,124
4,215.2211055276382,6.501962763571109,[51.888554],311.02298850574715,133,126,114,103,142,125
5,214.90103092783505,4.580100785186921,[85.03577],288.4271844660194,143,137,106,106,137,113
6,239.67464114832535,3.34271012006861,[9.442628],219.6485507246377,196,217,171,173,133,170
7,402.321875,1.6348415209216258,[8.701663],168.55893536121673,276,287,270,264,201,225
8,215.42857142857142,0.933127478582024,[5.130279],179.64150943396226,287,301,307,226,218,234
9,225.06741573033707,0.8737646001796945,[6.302429],177.5125,254,266,304,226,206,228
10,218.97297297297297,0.9726556639159789,[4.765076],194.3090909090909,239,262,210,217,200,205
11,247.02439024390245,0.7602917341977309,[8.952786],217.9848484848485,221,256,184,188,193,192
0,209.13186813186815,15.094133083411435,[13.336185],257.4166666666667,208,172,164,171,180,172
1,194.289156626506,12.2679107505071,[17.917976],249.14864864864865,196,154,163,152,167,154
2,209.36363636363637,10.07140015910899,[5.389976],268.73333333333335,147,137,148,128,140,138
3,207.71751412429379,7.241850040749797,[18.942625],286.656050955414,159,124,140,120,145,130
4,234.70731707317074,5.360958485958486,[49.119724],295.4592592592593,158,125,140,116,140,140
5,223.56072874493927,3.371089779785432,[61.805878],279.8212669683258,141,127,132,117,139,114
6,255.99546142208774,2.3027298480556273,[23.089766],242.22010398613517,208,179,183,192,144,153
7,425.0513595166163,1.3420592860054743,[11.789218],209.32209737827716,286,285,257,290,212,231
8,261.7464788732394,0.8537327974668126,[10.598132],191.4390243902439,288,299,295,222,221,239
9,211.76041666666666,1.076018933257092,[12.501687],228.0253164556962,284,291,271,213,216,224
10,226.21052631578948,1.1280178837555885,16.905256,192.43333333333334,262,272,187,205,208,208
11,240.60714285714286,1.2843949044585987,[16.351492],228.27027027027026,247,261,179,186,192,191
0,223.52941176470588,13.214160839160842,[16.62101],252.51136363636363,187,205,157,159,173,175
1,214.1081081081081,10.013995680345573,[11.266571],282.3692307692308,179,139,141,145,162,160
2,232.3708609271523,7.2905263157894735,[12.791702],254.65116279069767,157,113,127,129,140,132
3,210.6241610738255,5.326227390180879,[19.443428],267.21774193548384,127,121,127,128,133,138
4,200.41011235955057,3.9452380952380945,[37.890255],270.93150684931504,132,117,122,116,143,140
5,199.5413870246085,2.4572001651819955,[59.253857],257.7670886075949,121,116,123,109,166,102
6,232.14511041009465,2.6848239378409664,[14.78391],227.79266055045872,181,169,175,159,230,138
7,308.752380952381,2.146110590440487,[3.6749103],186.5667870036101,234,249,271,256,231,214
8,227.22058823529412,1.4624395212630505,0.0,176.5528455284553,257,268,293,216,226,236
9,215.82105263157894,1.4100691401304897,[6.854219],177.11688311688312,257,269,274,213,225,229
10,225.42528735632183,1.340485041600283,[10.962182],227.58666666666667,240,250,251,197,203,204
11,206.66101694915255,1.6082781456953645,[10.381619],212.32608695652175,223,228,176,187,193,201
