,stw,sto,sth,att,Bus0_AOD,Bus1_AOD,Bus2_AOD,Bus3_AOD,Bus4_AOD,Bus5_AOD
0,388.3734939759036,21.514903329752954,[96.24508],1958.4615384615386,174,137,110,123,126,114
1,350.17977528089887,17.192046126552338,135.1155,2188.074074074074,151,138,99,109,113,102
2,377.02797202797206,14.26766917293233,[124.88833],1954.2589285714287,146,139,84,96,110,90
3,341.26,12.239240050423195,[124.01185],2024.142857142857,107,147,79,93,106,85
4,473.6875,10.798773112147916,[101.72105],2036.6910569105692,120,164,69,87,121,82
5,606.4421052631579,12.441520467836257,100.78674062093098,2144.1686046511627,142,178,85,75,136,68
6,1420.0046367851623,8.76608187134503,[103.83303],2614.1785714285716,192,194,196,152,202,90
7,1843.0398550724638,1.8776197604790419,[119.97113],2980.761290322581,212,214,207,236,160,140
8,687.0915032679738,1.2998338870431894,[103.66889],2147.6666666666665,215,214,215,240,160,160
9,440.39080459770116,1.1808431952662721,[117.30813],2138.467741935484,213,216,216,228,155,155
10,381.24691358024694,1.550169192290717,[98.04119],2160.378787878788,210,211,130,136,146,138
11,343.24,1.9675324675324677,[121.16535],2104.4827586206898,199,208,117,130,143,127
0,299.37254901960785,18.82952380952381,[90.44332],1860.465909090909,184,195,163,102,125,131
1,345.04651162790697,15.403574256305845,[80.51354],1880.7105263157894,170,184,152,85,122,129
2,337.11464968152865,13.551582057062893,[90.42652],1970.7785714285715,167,106,97,82,111,114
3,330.6848484848485,10.930197835013063,[91.46354],1884.5869565217392,185,110,93,80,118,119
4,307.50857142857143,10.459237343852728,[101.11237],1953.9659863945578,155,112,73,85,123,128
5,466.0799180327869,7.7642351492767,[100.35812],2177.906976744186,168,113,88,90,120,143
6,1465.6479128856624,5.174205852553786,[112.60113],2617.3826086956524,188,193,145,147,187,127
7,2283.9931271477662,1.5773798478381889,[112.73999],3458.0131578947367,206,210,221,231,240,160
8,645.5986394557823,1.085881438822615,[90.0603],2115.342105263158,211,214,227,235,240,160
9,366.3414634146341,1.0366207563683263,[108.73661],1788.378787878788,210,218,221,232,236,160
10,318.61538461538464,1.2802491103202847,[121.49404],1990.625,206,206,209,210,140,153
11,297.62025316455697,1.2434933142311366,[99.848],1910.0625,199,206,178,194,128,142
0,302.6224489795918,16.944698627411974,[79.63224],1586.8,151,161,181,185,118,118
1,323.52272727272725,15.07693213255636,[91.38791],1890.7236842105262,135,146,175,125,117,111
2,284.5827814569536,11.063821379174074,[90.41267],1826.1612903225807,121,134,149,115,99,105
3,290.2111801242236,8.593452380952382,[95.935326],2031.5,112,139,99,112,93,117
4,274.49397590361446,5.52422680412371,[63.911655],1767.3059701492537,119,136,102,111,90,121
5,292.26615969581746,4.743930635838151,[104.0936],1802.4662004662005,121,148,108,110,97,108
6,887.7346278317152,4.556628257033116,81.74528566996257,2195.071759259259,192,159,151,185,169,158
7,1975.6990291262136,1.71013521063806,[63.980633],2997.5405405405404,279,220,217,220,240,237
8,662.1296296296297,1.270970094821298,[75.646034],1952.6754385964912,198,231,231,231,240,240
9,304.12820512820514,1.4011948529411764,[80.09139],1691.5714285714287,197,228,228,231,240,156
10,221.74666666666667,1.2883188363064522,[68.540764],1605.0819672131147,181,214,210,216,225,151
11,306.05882352941177,1.2544685414680647,[61.716064],1877.3584905660377,169,201,191,205,144,139
0,340.2386363636364,18.739244663382593,103.74844,1815.3835616438357,184,184,156,119,100,127
1,317.40909090909093,15.492606822680177,[91.3443],1596.7236842105262,174,170,140,125,92,117
2,438.0794701986755,13.441310541310543,[68.44437],1799.6525423728813,170,142,79,121,80,110
3,371.7769784172662,13.179207679167005,[85.187096],1986.6910569105692,186,80,66,134,73,108
4,402.0379746835443,12.825079806826551,[82.63328],1961.589552238806,210,82,56,141,64,90
5,544.5291828793775,14.779010306034143,[92.96999],2208.64824120603,228,97,48,155,53,88
6,1455.6945668135095,9.28246652133292,[65.8054],2615.969696969697,270,194,115,199,121,115
7,2352.8704318936875,2.6922548514511426,[75.0338],3018.3586206896553,203,215,202,233,206,235
8,813.0125,1.7741518713011586,[98.99357],2355.221238938053,213,220,204,240,216,240
9,447.0082644628099,1.9157098984171987,[99.75998],2050.5263157894738,213,220,205,240,212,155
10,333.7567567567568,2.0361776925535318,[86.48267],2011.5820895522388,209,216,196,152,126,144
11,370.57894736842104,1.848805815160955,[89.78309],1762.872340425532,200,202,174,132,119,136
0,363.8181818181818,19.77369131398824,[81.91126],1708.4166666666667,164,195,153,229,97,105
1,313.59550561797755,16.92289098380469,[68.28458],1667.138888888889,156,176,133,153,78,92
2,329.61006289308176,13.820665870805147,[80.067055],1738.8814814814814,142,178,112,141,70,75
3,284.1914893617021,12.1805417577323,[50.688946],1825.926380368098,140,189,102,148,69,71
4,348.6896551724138,11.292464408443792,[72.64002],1859.3732394366198,160,208,93,161,79,75
5,365.24455205811137,10.347199877422815,[75.32972],1918.204918032787,175,142,60,158,75,77
6,743.0938566552901,7.2824344812648905,[59.3647],2124.955056179775,231,189,103,199,149,101
7,1449.0514469453376,2.5602965594470395,[64.3084],2362.3988764044943,283,232,195,228,201,224
8,642.7,1.473905042326095,[76.05251],2029.3166666666666,287,240,210,240,217,236
9,360.13684210526316,1.798129812981298,64.30663,1679.6455696202531,203,233,203,239,208,227
10,339.23376623376623,2.5074194715888525,[72.48363],1899.1587301587301,189,223,184,232,183,217
11,396.6363636363636,3.07154213036566,[54.64143],1701.28125,172,208,167,231,163,132
0,373.6341463414634,17.33348850200168,[72.09222],1653.3013698630136,181,183,152,169,180,69
1,303.0485436893204,16.00072861786795,[71.91309],1653.357142857143,182,161,136,157,113,62
2,309.6592592592593,13.49668991606573,[79.39643],1622.7768595041323,187,165,117,129,112,59
3,336.6477987421384,11.150805070229529,[51.639008],1702.857142857143,187,151,98,94,108,57
4,317.2090395480226,13.451447178002898,[64.84872],1857.945205479452,223,167,54,89,116,42
5,491.13436123348015,13.069454458062966,[55.31711],1896.566750629723,233,103,49,103,130,39
6,836.0493197278912,10.385053069263599,[55.489502],2112.5366972477063,268,192,108,156,183,55
7,891.9614147909967,3.6082752060875074,[70.22166],2029.3257918552035,274,235,197,215,240,167
8,619.4545454545455,1.5895936422252208,[64.958275],1884.361344537815,285,240,217,227,240,195
9,306.0681818181818,1.9773946360153256,[62.590786],1904.5694444444443,205,235,213,227,240,185
10,332.63380281690144,2.128333333333333,[64.831856],1860.1379310344828,199,221,197,200,217,166
11,291.975,2.549586776859504,[62.08965],1791.4035087719299,183,210,171,182,194,149
0,300.5353535353535,17.895466261038578,[40.22475],1780.474358974359,150,197,173,199,202,108
1,276.27472527472526,14.765822784810126,[40.992714],1664.2530120481927,141,171,151,194,118,94
2,295.3435114503817,10.931876908621096,[67.95573],1815.926605504587,132,150,133,170,105,84
3,290.52601156069363,7.873420857072081,[53.064648],1830.4930555555557,121,149,132,153,107,72
4,252.89285714285714,6.229699972474539,[61.95508],1751.857142857143,117,155,131,92,127,70
5,277.57809330628805,5.910364145658264,40.416416,1771.0144578313252,115,161,120,106,147,65
6,1024.0042075736326,5.97931922069853,[56.599514],2306.5283400809717,165,227,162,175,226,118
7,1734.2564102564102,1.9973333333333334,[58.890057],2764.0119047619046,270,312,214,224,240,240
8,415.34375,1.3618285217517296,[52.15183],1743.4324324324325,278,237,219,239,240,240
9,271.02803738317755,1.8358978217523791,[57.37852],1604.4255319148936,259,232,216,231,235,226
10,271.75,1.9324133050247703,[63.71358],1745.7794117647059,178,229,206,214,229,200
11,281.6933333333333,2.046153846153846,[79.35318],1711.8852459016393,169,218,183,206,214,180
0,257.7956989247312,17.10343618513324,[61.444733],1845.7215189873418,153,205,175,172,170,117
1,299.6990291262136,14.897757437070942,[66.5574],1693.4878048780488,144,201,168,155,167,115
2,295.63513513513516,11.729458580876583,[46.576237],1784.65625,134,189,149,134,98,107
3,277.70238095238096,9.654452690166977,[53.078495],1715.1538461538462,150,200,137,102,94,101
4,323.3966480446927,9.449306518723995,[38.478115],1757.8684210526317,161,206,75,70,99,110
5,339.38197424892707,8.450923482849603,[70.595314],1750.090909090909,168,223,71,79,111,106
6,806.4172297297297,6.056595463554282,[46.499546],2235.4386317907447,217,204,109,119,160,147
7,1678.7543352601156,2.4823990562088523,[74.50265],2469.324468085106,272,230,206,221,218,236
8,329.8269230769231,1.3345708670015288,[55.076122],1650.1742424242425,284,240,211,240,231,240
9,283.65765765765764,1.1242254572601715,76.725685,1670.3225806451612,279,229,211,232,226,233
10,331.6849315068493,1.4676942736203178,[69.78539],1651.7936507936508,249,230,198,208,219,214
11,298.6060606060606,1.7017138455613323,51.00236,1609.8,172,218,186,184,194,200
0,279.3020833333333,16.672285395763655,[33.049168],1584.4333333333334,152,176,190,162,180,115
1,292.1309523809524,13.800347054853948,[47.01196],1772.4383561643835,149,162,175,147,159,110
2,280.1830065359477,10.72026854219949,[49.027023],1650.4772727272727,144,135,157,140,142,98
3,250.11309523809524,9.453823953823953,[51.658627],1637.496551724138,155,127,146,131,102,95
4,304.5483870967742,7.269689026569761,[34.061382],1782.8527131782946,161,136,134,116,114,102
5,279.23518164435944,6.014196127076013,[51.619823],1749.8275862068965,168,139,114,65,119,86
6,991.8804664723032,6.267432950191571,[67.03121],2300.8559139784948,259,218,136,101,180,150
7,1394.7333333333333,2.790469623841262,[66.40283],2411.7462686567164,272,226,224,174,238,240
8,380.51461988304095,1.7733357784705668,[61.583313],1859.7941176470588,277,236,234,208,240,240
9,287.69473684210527,1.9097105821879536,[58.07461],1662.8133333333333,271,237,237,207,227,234
10,281.6986301369863,2.0579536370903275,[67.69281],1493.5238095238096,177,217,232,192,217,216
11,282.0882352941176,1.9096976835492738,[75.67603],1638.6727272727273,167,195,209,169,195,197
0,229.80898876404495,16.22004132231405,37.640774,1563.5487804878048,157,198,171,190,190,183
1,239.13953488372093,14.052082859094012,[70.3445],1689.9142857142858,149,178,164,173,173,118
2,253.1863354037267,11.50017674089784,38.68245,1538.2740740740742,119,165,154,153,164,106
3,243.632183908046,9.251190206302427,[54.06711],1622.4276315789473,121,176,137,141,126,101
4,244.92592592592592,6.443040830137606,[55.50761],1655.830303030303,130,171,142,136,113,114
5,254.23076923076923,4.430721966205836,[35.644085],1658.2227272727273,127,179,143,100,114,112
6,543.1967213114754,3.433516647482628,[46.526577],1961.7209302325582,185,242,199,151,178,162
7,1757.231884057971,1.675911199469847,[35.321934],2511.772972972973,272,318,233,221,240,225
8,387.4220779220779,1.3232160154988695,[48.95857],1766.728,275,240,240,232,240,240
9,247.12962962962962,1.103053573369073,[42.275116],1655.5744680851064,279,237,227,232,238,240
10,255.8068181818182,1.1926605504587156,[47.171917],1616.4084507042253,176,230,224,224,230,224
11,237.38095238095238,1.0298507462686568,[62.127148],1653.9014084507041,167,214,202,207,213,203
0,223.77659574468086,15.914465408805036,[35.677704],1541.3086419753085,154,180,181,182,175,188
1,249.0326086956522,12.496577653523572,[56.585323],1597.0987654320988,150,165,166,168,147,106
2,263.7536231884058,9.543102522812669,[44.657238],1712.3185840707965,142,139,150,154,134,91
3,252.58638743455498,8.043746186699206,[59.911472],1559.1739130434783,138,147,147,133,88,92
4,284.30337078651684,7.459026888604354,[54.8158],1701.2662337662337,159,149,156,136,99,82
5,244.14376321353066,7.160479940007499,[69.94247],1627.083538083538,182,153,146,96,94,91
6,547.7792207792207,5.417271993543181,[51.26541],1866.266416510319,236,222,199,145,130,130
7,1146.9294478527606,2.376946933149552,[35.297432],2115.177272727273,278,298,210,240,209,216
8,390.05263157894734,0.7972204054937868,[33.749355],1808.689075630252,289,312,221,240,233,234
9,259.3690476190476,1.028833600656496,[51.794117],1604.9166666666667,285,225,217,230,223,231
10,282.90410958904107,1.1937017943491988,[58.071705],1798.4745762711864,255,218,195,209,215,225
11,247.79166666666666,1.1839266215330857,[37.55965],1575.0338983050847,230,186,185,200,201,203
0,226.3404255319149,16.602739159218803,[46.939594],1635.2714285714285,135,168,166,155,206,177
1,258.70212765957444,13.893038451872329,[51.22617],1506.392857142857,126,155,156,139,188,101
2,228.56589147286823,9.655603495961941,[36.982533],1561.107438016529,117,139,137,132,159,102
3,235.74404761904762,6.862804522671641,[49.15346],1639.3356643356644,120,123,132,125,150,96
4,237.66847826086956,5.187327823691461,[45.34318],1629.6728395061727,123,127,139,123,110,104
5,248.23493975903614,2.674983232729712,36.575775,1628.9952718676122,121,134,143,89,116,107
6,431.2640625,3.161172161172161,[36.444798],1679.686746987952,196,224,198,115,166,167
7,620.4239482200647,1.9871650211565586,[34.60625],1902.6638655462184,272,291,198,203,221,233
8,326.1621621621622,1.3951891174518911,[26.49856],1678.6370967741937,277,307,225,224,234,240
9,246.61904761904762,1.7143484132343014,[44.089844],1505.6875,269,307,216,220,235,234
10,231.36231884057972,1.991349341094672,[63.787125],1375.5892857142858,252,219,203,190,213,225
11,240.14285714285714,2.0376324770971794,[49.858456],1665.8666666666666,222,190,183,170,210,197
0,238.7450980392157,16.064601697682015,[34.680767],1546.0526315789473,161,176,156,166,175,187
1,258.9673913043478,12.654454022988508,[32.767185],1611.6860465116279,165,149,138,152,160,164
2,221.93846153846152,9.641725009723844,[30.497314],1415.0,158,139,120,148,150,142
3,230.03870967741935,8.22094613070823,[59.982056],1545.15625,154,136,116,145,148,96
4,252.4702380952381,5.39800204336474,[45.732025],1693.832167832168,143,114,121,145,146,97
5,233.89416846652267,3.778409090909091,[27.933538],1572.9525,138,121,105,152,99,89
6,315.76645768025077,3.7729962345346957,[31.525557],1627.062385321101,212,185,148,194,142,133
7,660.1613832853026,2.957924957924958,[19.956633],1839.5171102661598,267,292,257,229,208,190
8,238.56643356643357,2.1293721028234307,[33.797497],1422.162393162393,267,311,290,240,240,234
9,237.06666666666666,1.921598877980365,28.320831,1464.0102040816328,260,301,198,216,229,222
10,219.55696202531647,1.7594333862498468,[17.239836],1502.09375,252,210,196,208,217,210
11,274.6533333333333,1.7213049444469037,[53.22025],1631.765625,234,191,187,190,190,197
0,241.51685393258427,14.656862745098042,[34.19942],1708.0266666666666,193,152,174,157,171,173
1,233.55670103092783,12.441830780452225,[45.688282],1551.5487804878048,127,144,163,150,171,159
2,220.98648648648648,8.991481358557364,[28.511015],1559.0615384615385,121,129,139,137,155,105
3,220.3465909090909,4.8997770345596425,[49.048534],1475.7894736842106,126,133,130,129,161,101
4,243.07692307692307,2.898268398268399,[37.34013],1576.841463414634,135,146,130,132,106,107
5,243.40652173913043,2.2249083816053905,[32.54411],1590.2213541666667,139,154,130,135,102,109
6,327.1505728314239,3.131023383508473,[54.813],1674.4015009380862,228,184,146,141,155,152
7,842.6425992779783,2.152458539423917,[45.83522],2129.7803738317757,279,266,255,211,240,222
8,267.51408450704224,1.663903743315508,[35.43856],1670.099173553719,281,288,233,220,240,234
9,233.22826086956522,2.068913342503439,[43.938995],1667.7662337662337,271,282,223,210,239,229
10,233.11688311688312,2.006839602969389,[27.395834],1597.2424242424242,242,196,215,198,204,207
11,226.0952380952381,1.8232514619883042,[28.748772],1486.6792452830189,218,170,186,182,178,191
0,214.6046511627907,16.229856512141282,[44.700703],1606.3521126760563,171,165,178,178,179,186
1,259.63247863247864,12.887339242266247,[27.848022],1715.25,158,153,170,151,159,168
2,252.99193548387098,10.433022774327124,[28.962008],1584.6634615384614,149,148,149,132,159,103
3,267.7283950617284,8.139260382262169,[51.829395],1610.0955882352941,139,137,144,127,161,95
4,243.5125,6.083037074657185,[52.381516],1739.5777777777778,142,114,131,133,105,91
5,229.08282828282827,4.293573887543031,[45.559692],1525.852028639618,151,106,139,133,91,93
6,313.195,3.9758420441347275,[34.491566],1675.144578313253,221,156,223,139,141,145
7,531.3427672955975,2.379181424635971,[40.29607],1803.0871212121212,273,262,290,208,207,212
8,533.7532467532468,1.4980502313284865,[34.444683],1950.6875,280,291,240,238,238,226
9,274.3030303030303,1.3930379746835446,[44.16506],1668.7752808988764,279,286,237,232,238,229
10,245.31182795698925,1.448541989895373,[46.45257],1519.3013698630136,271,187,220,215,208,222
11,240.09722222222223,1.5981634214777651,[30.89126],1617.6491228070176,254,183,208,198,191,204
0,228.14772727272728,15.695121951219512,[62.14232],1501.6883116883116,141,164,182,145,183,169
1,238.28571428571428,13.089768163563345,[35.7921],1707.2,133,150,161,132,174,163
2,224.4748201438849,10.34860347603976,[59.517193],1565.3828125,127,136,154,111,158,97
3,248.68211920529802,7.370015769317412,[53.086727],1668.8157894736842,128,125,147,109,157,106
4,229.2709677419355,5.2421717171717175,[61.835835],1548.7952755905512,127,127,157,112,98,99
5,239.9585152838428,4.107282913165267,[39.915363],1631.5867346938776,133,121,157,78,94,97
6,409.29777777777775,3.1624226729966916,[45.619602],1770.2142857142858,193,212,198,119,126,145
7,1259.5493421052631,3.056139731827805,[32.401283],2181.8594594594597,272,297,231,204,206,207
8,272.3602941176471,1.9374576271186439,[44.436054],1678.0775862068965,279,300,235,214,236,211
9,201.23711340206185,2.1022979985174204,[55.398087],1574.3614457831325,265,211,227,206,235,205
10,235.25,2.284111532750371,[42.262135],1592.7866666666666,239,200,215,201,223,198
11,239.8793103448276,2.4705645971468755,[51.227604],1671.5416666666667,156,186,192,170,210,192
0,274.2972972972973,16.492899279003716,[60.806248],1599.4776119402984,148,174,190,181,182,120
1,232.70731707317074,12.815439219165928,[46.96698],1464.7605633802816,132,157,171,151,159,112
2,239.63855421686748,9.92632850241546,[50.00789],1623.3150684931506,118,140,160,132,134,108
3,254.64331210191082,7.387993362569634,[59.24541],1609.246153846154,131,139,158,141,90,108
4,251.9806451612903,5.3567026194144844,[63.871475],1625.5714285714287,146,140,149,133,92,107
5,256.2494758909853,3.176986375286659,[68.46552],1728.9119804400978,152,137,150,69,97,101
6,413.0671875,3.6369910282953763,[56.077396],1791.0549019607843,205,205,204,105,175,141
7,858.7970149253731,2.4419298245614036,[48.587116],2036.9672897196263,276,296,211,192,234,216
8,349.77777777777777,1.2814260984862433,[53.10751],1555.4745762711864,281,225,223,226,240,234
9,237.61,1.1554117602798992,[72.4723],1688.25,273,228,219,211,235,233
10,240.575,1.2047062986553432,[53.61188],1776.0,188,222,218,194,216,218
11,242.175,1.314423922603342,[52.570026],1583.5882352941176,170,192,195,185,196,199
0,234.34146341463415,15.92218137254902,[45.349415],1540.0277777777778,178,160,197,181,192,180
1,226.03703703703704,12.994902258173239,[39.074047],1582.4166666666667,160,156,181,164,170,158
2,233.34375,10.895242966751919,[52.134506],1770.95,147,142,162,141,157,101
3,224.8562091503268,7.8581820201010615,[50.252285],1586.6323529411766,133,134,138,138,141,99
4,231.0056818181818,5.092459382363884,[61.377377],1604.8333333333333,135,135,136,135,98,94
5,237.34297520661158,3.759940391519339,66.21796,1701.1025641025642,136,132,134,115,95,91
6,409.25183016105416,2.039652014652015,[53.008938],1807.5060240963855,195,213,191,152,147,142
7,1686.9283489096574,1.6547523427041504,[53.20162],2701.972067039106,278,290,220,240,237,229
8,261.7577639751553,1.2531516743269862,[52.40594],1557.4140625,282,300,221,240,240,240
9,244.68421052631578,0.9001434403619112,[39.675953],1503.3703703703704,289,209,222,240,235,236
10,248.77319587628867,0.8818036181768454,[50.725666],1685.6913580246915,282,191,210,220,225,219
11,236.29885057471265,0.8953263157894737,[42.27479],1460.3055555555557,258,179,202,201,220,190
0,237.1375,15.665181518151813,[26.961464],1611.9041095890411,157,178,169,177,176,153
1,225.04040404040404,12.389275120504264,[60.70262],1623.5411764705882,139,168,155,155,154,128
2,227.7669172932331,9.850570926657886,[47.933613],1562.7105263157894,135,154,141,140,135,87
3,245.38121546961327,6.983447954307029,[60.61264],1591.5094339622642,126,147,134,130,131,78
4,245.9390243902439,5.603596945060359,[52.5724],1681.9103448275862,136,153,143,132,94,80
5,248.99196787148594,4.302189691228934,[50.551746],1697.2642857142857,142,166,142,129,92,68
6,680.5547226386807,5.994815118024288,[47.18799],2035.4135922330097,239,235,211,133,121,108
7,1269.7730263157894,2.334225156358582,[39.32375],2327.9417475728155,274,290,212,230,221,212
8,349.40462427745666,1.571509686038744,[45.776142],1708.0579710144928,275,304,223,240,228,227
9,263.4047619047619,1.552932330827068,[54.90427],1715.3194444444443,275,224,225,238,225,213
10,218.9189189189189,2.0318274742454006,[41.692703],1309.7777777777778,267,217,211,222,205,191
11,237.44,1.642370632463512,[59.31091],1579.4545454545455,248,197,192,199,182,172
0,262.8181818181818,16.327125933138593,32.24142,1571.7088607594937,157,187,162,185,154,182
1,247.9111111111111,12.23405797101449,[29.46739],1454.16,151,166,135,164,146,158
2,243.7826086956522,9.837040332147094,[45.622513],1506.5042016806722,143,139,132,156,122,151
3,223.70348837209303,7.832191189173623,39.911076,1623.7432432432433,138,134,122,148,104,109
4,251.0233918128655,5.798627002288328,[41.77061],1554.510344827586,141,131,125,151,107,105
5,242.2829373650108,4.878557993730409,[45.548016],1622.1642156862745,143,126,132,150,71,103
6,316.50569105691056,2.777477092531928,[40.76839],1618.340425531915,202,199,190,149,109,154
7,627.8482972136223,2.6353983453846657,[19.963354],1877.0581395348838,278,299,286,224,163,212
8,313.33112582781456,1.6473965287049392,[39.313427],1635.9923664122136,280,310,208,240,224,236
9,234.44660194174756,1.588572409059712,[50.270496],1675.5222222222221,272,307,209,229,208,232
10,244.49397590361446,1.7293464608403233,[42.859135],1608.125,253,215,201,224,192,214
11,249.67605633802816,1.6285036464282574,[45.529217],1687.037037037037,232,200,179,202,182,203
0,251.8842105263158,17.283310749774166,[46.129993],1491.3647058823528,167,194,170,179,190,207
1,243.525,14.09327369118622,[43.147827],1628.4857142857143,160,175,148,164,172,187
2,239.515873015873,11.212764838862306,[31.266546],1587.8715596330276,152,158,125,130,156,106
3,250.52866242038218,7.8297579442468725,[51.009354],1629.1323529411766,124,155,114,125,139,101
4,230.64150943396226,5.523125996810207,[64.33239],1634.6170212765958,121,143,103,131,79,107
5,227.77045908183632,3.543593833067517,[39.160435],1654.560570071259,126,144,109,135,71,99
6,414.13676470588234,3.201791607732201,[39.682087],1792.1768826619964,171,211,178,168,127,155
7,1642.2958199356913,2.1683231913455034,41.628162,2564.1555555555556,275,295,222,238,209,240
8,339.2317880794702,1.7235861610113106,[53.94382],1765.2692307692307,273,306,220,240,224,240
9,253.52727272727273,1.5184745762711864,[41.969128],1667.3846153846155,269,297,214,234,223,238
10,247.91346153846155,1.4892993024730503,[43.42357],1417.1136363636363,252,206,200,222,216,232
11,218.09375,1.5184147819907192,[50.306255],1456.6545454545455,229,203,193,207,204,223
0,217.48863636363637,14.645871559633026,28.367685,1409.077922077922,232,181,180,155,164,178
1,226.01960784313727,12.370451237263465,[49.74217],1731.7252747252746,143,173,165,135,151,149
2,236.27906976744185,9.190590111642743,[35.764606],1575.0720720720722,129,149,161,127,130,140
3,214.66666666666666,6.720052628431314,[28.54638],1489.3169014084508,123,144,150,113,113,84
4,224.38541666666666,3.9051713697468813,[49.99143],1600.4478527607362,122,145,140,110,115,86
5,231.72924901185772,3.024446142093201,[56.273987],1579.9930875576038,116,144,151,107,105,91
6,309.15749235474004,2.5880243962746237,[42.199406],1633.7361623616237,204,194,225,176,151,153
7,822.1633333333333,1.6356107660455483,[23.887354],1964.6853448275863,285,285,299,210,207,209
8,295.80392156862746,0.7051886093578685,[37.059666],1521.8188976377953,293,299,310,234,231,240
9,229.54545454545453,0.736079354404842,26.233368,1413.6142857142856,289,293,232,220,219,234
10,220.45238095238096,0.8031700288184439,[37.07029],1561.150684931507,278,276,216,202,196,220
11,250.17441860465115,0.8000700586741396,[32.055576],1600.8970588235295,262,187,202,167,190,194
0,250.30555555555554,14.17364161849711,[29.699583],1676.4787234042553,211,178,153,167,169,160
1,207.96969696969697,11.438988095238093,31.56571,1616.3548387096773,144,165,149,155,138,145
2,231.6315789473684,8.504196642685852,[21.210073],1592.3798449612402,134,156,138,147,122,137
3,233.0064935064935,5.632063813054713,27.172806,1656.3805970149253,136,156,144,132,109,97
4,235.6038961038961,4.63979121550336,[46.449936],1529.2923076923078,142,153,152,127,100,109
5,228.1849710982659,4.126692456479691,[42.474247],1552.7613636363637,145,146,147,133,69,112
6,415.59032258064514,3.8829103758432386,[35.73776],1642.3340248962656,248,204,217,174,116,173
7,503.5015015015015,1.8108616021659494,[34.155155],1749.1226765799256,282,301,300,211,186,215
8,244.1167883211679,1.014030343998798,[29.284628],1398.8032786885246,283,306,310,227,222,237
9,234.65454545454546,1.1773925104022192,[40.775227],1544.4408602150538,273,297,206,221,217,228
10,235.8641975308642,1.2217134416543574,[30.692232],1619.9285714285713,267,271,188,206,215,207
11,194.1639344262295,1.111313287540372,[33.829044],1473.1454545454546,245,187,167,193,183,182
0,240.1267605633803,15.513801276207838,[27.410818],1381.4166666666667,212,190,184,168,162,181
1,242.06741573033707,12.598984771573605,[20.382404],1523.972602739726,208,173,173,144,135,152
2,227.88513513513513,10.251243781094528,[35.805126],1573.4296875,134,149,153,120,125,123
3,220.92397660818713,7.769083969465649,[34.02322],1515.8300653594772,141,145,155,110,121,114
4,240.5253164556962,5.685655131617865,[40.925545],1576.780303030303,135,146,159,121,105,69
5,233.41472868217053,3.7125014728408154,[32.206123],1577.0917225950784,134,138,155,114,107,90
6,351.89649681528664,3.2600304723209748,[34.482887],1662.3897338403042,215,220,217,177,107,138
7,844.816091954023,2.423055582754006,[33.893085],2006.434456928839,268,294,306,221,156,214
8,267.290780141844,1.3410943657311314,[33.987366],1619.2583333333334,280,315,313,224,215,236
9,244.38095238095238,1.439344262295082,[30.870157],1443.3225806451612,275,301,228,215,213,232
10,233.05494505494505,1.576453488372093,23.441284,1567.3026315789473,250,296,221,199,205,205
11,243.76829268292684,1.5653874570820114,[18.083145],1460.6,234,208,202,183,190,194
0,245.97894736842105,14.261064983188088,[16.078547],1454.2025316455697,222,253,157,176,152,161
1,228.7888888888889,12.474611398963729,[18.57271],1526.4698795180723,214,170,137,163,146,135
2,228.62130177514794,9.656497175141242,[16.406961],1471.271523178808,199,156,124,149,130,127
3,219.95375722543352,6.821138211382115,[26.497551],1500.299319727891,144,157,123,142,135,119
4,227.11949685534591,5.121666666666665,23.820534,1496.525179856115,143,158,118,135,128,118
5,231.23348017621146,3.9733594741091,42.795124,1508.254498714653,161,152,110,129,108,94
6,324.8236220472441,3.7285480051011106,[26.24167],1585.5122807017544,219,208,156,177,111,127
7,397.096875,2.3779255974377924,[15.524825],1576.4981412639406,279,302,263,274,164,194
8,258.83870967741933,1.6980669495520981,[14.9073305],1538.2262773722628,279,306,292,229,191,218
9,232.04,1.5976966873705998,[17.21283],1402.8275862068965,275,294,273,229,188,213
10,211.8989898989899,1.7018659558263516,[19.379246],1353.3529411764705,262,281,192,209,177,192
11,201.075,1.6186274509803922,[11.977666],1388.8235294117646,241,278,172,189,168,176
0,201.80769230769232,14.306564299424185,22.887224,1684.3970588235295,211,161,170,171,157,172
1,223.27551020408163,11.734042553191488,[22.900604],1398.6153846153845,191,160,147,155,139,148
2,220.078125,9.584549878345499,[33.430668],1401.794642857143,137,147,131,145,120,142
3,224.87700534759358,7.894387317909168,[21.915222],1456.5365853658536,131,144,113,131,120,139
4,234.63398692810458,5.33656677637277,23.937462,1479.2213740458014,130,145,132,129,118,99
5,224.76162790697674,3.81812862075019,[41.23724],1536.5044052863436,127,153,135,123,116,89
6,265.6923076923077,3.2161462825599445,17.725893,1518.944761904762,175,228,185,187,135,144
7,481.5031055900621,2.394308456520438,[15.002429],1800.1946564885495,265,289,303,272,187,203
8,269.65060240963857,2.006378103907363,[26.110603],1575.7985611510792,277,295,309,223,206,228
9,219.64285714285714,1.5233665559246952,[17.953754],1398.2409638554218,273,296,299,212,203,222
10,226.88311688311688,1.368452380952381,[16.2923],1503.4626865671642,256,277,209,202,190,210
11,214.96825396825398,1.455132317562149,[14.7214365],1355.4893617021276,234,262,196,182,174,199
0,235.37179487179486,15.055213079603321,20.981367,1413.2058823529412,232,247,162,176,161,170
1,231.13095238095238,12.173195876288661,[9.616761],1512.8472222222222,194,173,139,162,149,153
2,217.99242424242425,9.383880597014924,[22.069351],1388.1339285714287,174,150,120,146,136,145
3,234.84795321637426,6.683685446009391,[16.703949],1515.6666666666667,116,142,113,133,132,145
4,200.8121212121212,4.81726649528706,[12.925496],1601.3426573426573,126,135,114,131,134,138
5,219.13653846153846,3.462017586712261,[41.637173],1545.2467248908297,123,134,109,123,119,104
6,285.4703196347032,3.0530374838431706,[19.670237],1589.617747440273,204,210,172,180,136,153
7,573.657980456026,2.1080169024003754,[21.086298],1733.8181818181818,274,311,275,282,209,198
8,250.46451612903226,1.8792517006802718,[20.79325],1562.9328358208954,281,318,279,233,232,225
9,259.60360360360363,1.799310776942356,18.531633,1363.516129032258,276,312,279,226,220,207
10,221.80882352941177,1.873778264040846,[5.0520244],1460.3898305084747,269,299,189,218,196,200
11,243.26923076923077,2.0570747217806042,[27.130484],1434.125,249,276,180,197,173,183
0,218.46341463414635,15.34421909400227,[15.866595],1387.590909090909,225,252,165,176,151,184
1,224.88095238095238,13.113846153846154,[5.9493217],1294.7916666666667,213,172,151,157,136,172
2,228.2206896551724,10.347810383747179,[8.306066],1426.1300813008131,178,147,142,148,118,153
3,222.27586206896552,7.871284501061571,[8.3384695],1625.4832214765102,132,139,121,134,109,150
4,231.7515923566879,5.919243986254296,[19.654865],1515.7761194029852,137,132,119,131,108,149
5,224.83296703296702,3.8450890329075693,[38.28451],1540.7733990147783,132,123,102,139,100,95
6,278.2692307692308,3.8555076815946383,[7.834839],1557.8534923339012,208,160,164,178,146,143
7,459.65818181818184,2.6169440887750754,[7.513443],1693.945701357466,272,300,270,272,163,214
8,317.6988636363636,1.947605391453972,[8.953606],1594.36,272,309,291,295,185,233
9,238.4655172413793,1.5730988623113047,[16.13411],1460.5204081632653,274,299,300,214,192,232
10,224.6,1.7969539771215748,[11.1741705],1281.5645161290322,262,283,281,200,176,230
11,210.13636363636363,2.022098569157392,[5.5084443],1391.648148148148,244,274,179,189,168,204
0,240.16,14.445676964544887,[16.651524],1529.3529411764705,205,235,170,168,172,163
1,210.12612612612614,12.050093457943925,[1.6716309],1531.204081632653,190,166,147,161,148,151
2,216.73793103448276,9.814944071588368,[12.704984],1418.5275590551182,179,154,134,148,139,140
3,220.96858638743456,6.814061757719714,[12.114703],1609.2121212121212,166,149,128,148,131,120
4,222.2085889570552,4.904120198265179,[17.59118],1578.105633802817,129,160,123,146,131,118
5,224.62772277227722,4.173664122137405,32.42273,1604.7270642201836,130,165,122,136,116,117
6,344.6915052160954,3.792344987977453,[9.337966],1596.4260869565217,192,250,172,183,176,130
7,666.328173374613,2.3932178932178925,[9.171283],1753.3061224489795,262,310,288,290,219,206
8,252.3046357615894,1.2750589784385802,[2.9335566],1543.553846153846,282,320,299,299,227,230
9,235.0681818181818,1.2186147186147187,[8.452032],1351.012987012987,275,316,293,215,220,221
10,232.29113924050634,1.3816849816849817,[19.618626],1504.7096774193549,262,289,283,195,195,206
11,236.88059701492537,1.5652733118971058,[11.184659],1547.295081967213,244,267,187,184,181,181
0,196.54736842105262,14.199377056064954,[16.399157],1417.5595238095239,185,239,180,152,171,172
1,235.31428571428572,11.249740932642487,[10.852203],1456.0816326530612,176,169,167,142,142,169
2,229.13533834586465,8.216806342015856,[11.332189],1556.3185840707965,168,156,150,125,132,152
3,226.11184210526315,6.922485453034083,[13.17883],1533.7357142857143,124,149,142,112,135,140
4,220.0635838150289,5.754295532646048,14.790463,1460.7569444444443,114,154,137,108,137,126
5,221.2103092783505,4.640444015444015,[18.901403],1550.046838407494,132,154,136,102,128,125
6,344.0970149253731,4.774477265184202,[14.951333],1590.5561224489795,209,216,170,146,161,146
7,459.66261398176295,2.586818407822772,[16.921816],1618.33203125,270,310,303,242,239,210
8,232.77272727272728,2.047298429904454,14.334869,1400.0725806451612,269,320,315,287,219,217
9,215.6888888888889,1.7975951264631773,[2.7842617],1406.7402597402597,264,313,303,191,205,217
10,235.2,1.7118384827164272,[9.506939],1450.191011235955,239,289,288,185,188,212
11,219.58823529411765,1.7058631921824101,[4.2619805],1254.1833333333334,214,265,199,167,187,196
0,214.90217391304347,14.554294521507634,[6.6543427],1378.5595238095239,229,203,176,140,166,184
1,211.93069306930693,11.548214566619475,[9.755572],1566.5056179775281,212,181,161,122,136,166
2,208.7310924369748,7.623551847437425,[4.6976],1414.826923076923,188,131,137,114,120,149
3,208.6494252873563,5.756410256410256,[1.3311126],1424.0616438356165,179,125,131,96,109,140
4,232.9512195121951,3.8653181189488244,[24.525476],1550.2689655172414,130,128,129,104,103,129
5,221.39330543933053,2.722701149425287,[18.778708],1588.8543689320388,133,127,133,107,103,122
6,245.30781010719755,2.539199930504279,[14.139434],1447.9108391608393,207,161,187,153,163,130
7,323.2490974729242,2.2419189619849758,[5.265428],1524.3506493506493,281,256,278,251,259,203
8,234.97972972972974,1.605757380127942,[3.4407005],1442.176,281,271,295,270,210,222
9,228.64285714285714,1.7293965602942638,[10.5065565],1238.41,279,270,291,184,201,212
10,217.7127659574468,1.7526038945204998,[7.8693714],1408.9259259259259,271,250,267,173,197,209
11,227.64102564102564,1.7647410061203161,[5.3268857],1308.75,249,230,245,167,186,199
0,226.02666666666667,14.963991278871704,[4.990406],1610.3731343283582,234,234,161,176,145,179
1,222.0,11.418157423971376,[2.6398942],1353.0833333333333,217,211,149,158,137,160
2,201.6986301369863,8.690760499432463,[8.930173],1538.4122137404581,186,149,130,146,128,142
3,226.075,6.250974729241878,[7.9229093],1513.3111111111111,189,142,117,137,117,129
4,214.55428571428573,4.474732262382864,[9.670879],1483.9527027027027,137,138,122,125,105,120
5,218.67567567567568,3.837516733601071,[15.6576805],1532.8997613365154,151,126,129,120,105,116
6,276.6302652106084,4.138940460256466,[24.080935],1568.1783216783217,224,170,189,158,146,120
7,409.5558912386707,2.7051848407347134,[6.4183273],1672.9067164179105,278,282,294,214,234,194
8,325.76973684210526,1.646413887619918,[2.1534789],1443.2333333333333,280,293,312,288,202,217
9,214.8095238095238,1.4740425285358365,[10.752414],1480.875,281,292,296,291,193,216
10,221.84415584415584,1.4923762608491673,[2.4407947],1318.9344262295083,265,274,277,206,193,206
11,230.4262295081967,1.6268734891216765,[6.946676],1406.04,253,257,184,185,170,192
0,242.50537634408602,14.178806013720623,[3.5496128],1587.3536585365853,216,237,154,154,147,146
1,227.92708333333334,10.611156462585035,[4.2403164],1575.8131868131868,197,148,135,134,135,133
2,230.99324324324326,8.51859649122807,[1.4206423],1448.4651162790697,176,134,128,117,124,119
3,224.52380952380952,5.81012658227848,[3.6857548],1484.8855421686746,185,124,123,105,129,124
4,216.51677852348993,3.982283464566929,[3.4447901],1429.2814814814815,146,148,114,112,128,114
5,218.38390804597702,2.9691601049868765,[18.692871],1386.3209549071619,139,160,113,121,122,107
6,247.5095238095238,4.899523809523809,[13.259192],1495.603112840467,204,234,138,161,154,159
7,350.8682432432432,3.288393618316892,[6.6428375],1574.4469696969697,273,297,242,227,220,169
8,375.1923076923077,2.871909359825864,[8.457007],1383.448,274,304,286,248,252,194
9,228.5252525252525,2.690840644639413,[1.4970179],1371.625,276,289,283,244,180,189
10,243.625,2.6207272727272724,[2.0439277],1463.987951807229,261,267,262,239,170,176
11,237.8170731707317,2.182986111111111,[7.9634876],1230.1363636363637,230,250,178,174,161,159
0,250.01041666666666,15.617539315448662,[9.20708],1474.6818181818182,238,199,173,130,178,163
1,243.86138613861385,13.067783452502557,[13.786288],1554.3473684210526,215,187,150,116,161,150
2,242.718954248366,10.174301675977654,[9.174346],1508.1338028169014,203,183,119,108,147,135
3,203.92903225806452,7.413117782909931,[12.9717455],1493.5271317829458,203,183,106,109,135,130
4,215.60927152317882,5.431662382176522,[14.742043],1563.4384615384615,148,179,97,100,127,127
5,240.30103092783506,4.302304964539008,[26.357338],1583.9882352941177,144,174,85,96,128,125
6,303.36802413273,4.445280211605224,22.568064,1578.1637630662021,210,236,136,143,187,140
7,357.5827814569536,2.4534835326433777,[17.154055],1635.0163265306123,281,313,271,214,283,205
8,361.68831168831167,1.4766363070656783,[8.2437315],1572.624,289,320,306,241,230,221
9,265.54368932038835,1.2634343808905781,[4.2507844],1556.0,291,320,309,184,220,217
10,271.2375,1.717807720320466,21.957895,1372.655172413793,279,307,217,164,204,202
11,220.625,1.6994378292240273,[15.519433],1491.1525423728813,255,209,192,149,202,182
0,223.6195652173913,14.508209727492236,[1.6830646],1525.7820512820513,205,256,161,161,144,188
1,238.02857142857144,10.745981500513876,[4.5570874],1366.4893617021276,186,179,145,148,142,173
2,250.20833333333334,9.38086956521739,[3.376235],1625.904,183,159,131,131,132,161
3,221.33526011560693,6.902985074626866,[7.3783784],1484.979865771812,131,149,112,125,130,157
4,206.97109826589596,5.046901172529314,[6.693827],1460.2993630573249,141,157,111,110,119,158
5,216.8089430894309,3.8156565656565657,[17.907593],1513.0329411764706,145,162,101,113,118,153
6,379.5763473053892,4.4196597353497165,[8.642715],1621.2255772646536,223,228,139,140,166,162
7,439.6352201257862,1.9827727645611157,[5.8844934],1600.2720588235295,286,312,278,246,243,225
8,224.80519480519482,1.3215735335001393,[2.064926],1358.2720588235295,289,320,299,297,193,237
9,217.44897959183675,1.090909090909091,[9.235127],1341.2558139534883,287,311,297,277,184,226
10,217.8985507246377,1.0433087027914612,[4.996794],1493.5,255,278,281,188,178,212
11,222.7941176470588,1.2490024937655864,[13.479222],1385.370786516854,224,263,182,170,157,207
0,251.2,14.67628543499511,[16.99685],1490.5238095238096,208,194,174,148,131,168
1,223.11111111111111,11.950537634408601,[12.322164],1446.9746835443038,181,182,150,148,115,154
2,204.17532467532467,9.657265160523187,[12.490064],1514.1176470588234,165,167,127,140,100,142
3,229.9125,6.379492140266023,[11.997325],1577.8840579710145,159,156,130,128,118,136
4,239.92352941176472,4.66219646799117,[21.669676],1482.1818181818182,119,178,113,106,110,129
5,232.41,4.077942497753818,[13.436864],1535.3107476635514,122,187,99,97,112,125
6,312.0364741641337,4.9199520125760134,[20.184746],1529.4665461121158,182,269,152,145,170,133
7,378.30407523510974,2.305429927027552,[9.6441965],1415.19305019305,260,307,293,259,242,206
8,253.50632911392404,1.6414390667937862,[14.133653],1422.3823529411766,278,315,312,304,196,216
9,266.6734693877551,1.5698802414130888,[6.7540164],1548.2588235294118,271,310,308,212,191,215
10,277.30263157894734,1.581736526946108,[10.518157],1371.060606060606,255,294,213,198,172,204
11,235.925,1.4830024813895781,[9.960568],1512.5070422535211,224,267,198,175,155,190
0,236.22680412371133,14.291705426356588,20.531881,1560.065934065934,220,184,156,139,161,172
1,215.42465753424656,11.440759493670885,22.38933,1537.46875,202,164,147,123,146,166
2,226.40136054421768,9.399946921443735,[19.923014],1432.793893129771,131,145,132,106,127,144
3,219.46706586826346,6.229002624671916,[25.233154],1588.109489051095,136,146,130,95,114,141
4,253.05527638190955,5.1864876385336744,29.591257,1645.5182926829268,156,153,114,90,111,158
5,230.44420600858368,4.023639819434545,31.817802,1500.7794117647059,162,146,113,94,112,105
6,311.05434782608694,3.935727788279773,[30.190779],1576.7308447937132,245,201,171,132,162,147
7,463.74454828660436,3.022572243581794,[19.573036],1672.6564885496184,281,308,293,186,183,215
8,288.7022900763359,1.2974203767607624,23.931837,1488.654867256637,288,320,310,259,205,225
9,259.58490566037733,1.0570123939986953,18.303745,1485.3958333333333,276,294,288,176,197,229
10,233.43589743589743,1.4156773211567732,[26.731703],1526.514705882353,266,286,208,154,187,213
11,229.64383561643837,1.3676518883415434,[32.490685],1389.4516129032259,243,262,189,146,185,193
0,239.21176470588236,15.95433891992551,[32.73504],1426.225352112676,218,179,165,164,169,179
1,210.7843137254902,12.70429906542056,[31.83403],1489.297619047619,202,162,154,142,149,154
2,221.5065789473684,10.128127522195319,[27.15302],1546.9481481481482,139,139,125,135,136,152
3,233.37222222222223,6.839828897338403,[18.368212],1560.9622641509434,128,129,119,139,131,143
4,220.8048780487805,4.501054852320675,36.685036,1462.0620689655173,134,128,124,116,137,151
5,215.31352459016392,3.3251896022694383,[32.558613],1575.990361445783,141,129,133,110,126,112
6,318.3991097922849,2.746953624967125,28.647339,1654.97539543058,227,171,207,164,115,153
7,935.1927272727273,2.4022790934555633,[26.405706],2132.4816513761466,284,292,292,211,183,234
8,267.6275862068965,1.9290043290043288,[24.880043],1583.2727272727273,283,301,298,216,207,235
9,244.24418604651163,2.110041615044951,28.518736,1406.463768115942,278,291,289,207,199,235
10,232.55,2.1690295678544356,[20.440506],1472.5774647887324,263,258,202,193,191,212
11,210.56666666666666,2.4475180144115294,[37.309635],1660.5185185185185,243,251,185,187,181,202
0,241.59223300970874,14.735415019762849,[30.585176],1284.6444444444444,200,171,154,139,162,186
1,216.02298850574712,11.690616797900264,[26.653152],1463.8918918918919,132,154,147,132,153,171
2,226.96363636363637,9.768316728933167,[38.756935],1541.086330935252,128,137,129,114,134,161
3,249.85119047619048,6.226190476190477,28.997267,1460.7733333333333,134,139,120,117,122,152
4,216.8418079096045,3.8617091454272874,[26.890738],1480.1176470588234,141,130,121,108,124,101
5,236.5688622754491,3.0652173913043477,[36.662174],1582.1092233009708,157,116,127,103,124,109
6,450.87481371087927,4.432676229868873,[49.158115],1769.3173241852487,237,176,177,148,125,170
7,1503.1759259259259,2.6856966562848914,[17.99396],2478.5945945945946,276,295,289,261,187,239
8,239.95333333333335,1.5779967159277506,27.93511,1461.6165413533834,281,310,302,221,212,240
9,271.21590909090907,1.5954802259887002,[34.680695],1423.092105263158,260,312,202,208,204,230
10,243.38888888888889,1.8126543209876544,[31.38427],1505.5245901639344,248,290,180,181,179,218
11,232.6164383561644,1.7705778498830942,[31.127928],1518.3387096774193,223,186,163,160,172,199
0,196.51724137931035,15.130852713178296,[20.500994],1425.4605263157894,218,165,160,154,156,179
1,245.01041666666666,12.624813363195221,31.09051,1487.7037037037037,160,145,139,149,141,159
2,217.35172413793103,9.527777777777779,[37.72516],1507.7230769230769,146,137,125,129,120,135
3,238.76,6.467845464454402,[36.94819],1607.1410256410256,144,135,112,120,118,89
4,245.71844660194174,5.094920653648753,[36.606007],1571.8166666666666,145,142,108,137,118,87
5,225.27961165048544,3.7949265987963328,[31.044153],1538.286995515695,158,143,121,141,124,86
6,478.24629080118694,4.164196310935442,32.76968,1741.7624309392265,253,187,203,182,146,133
7,1287.7658862876253,1.7699604988958357,[37.169228],2332.4489795918366,282,305,292,220,216,216
8,464.40462427745666,1.2852289960570218,[35.589317],1549.618320610687,285,310,294,228,220,233
9,233.1081081081081,1.8032781228433408,[28.953081],1466.6610169491526,282,301,206,216,210,234
10,224.6883116883117,1.7918482344102178,[26.703913],1433.1323529411766,254,280,194,197,194,212
11,232.955223880597,1.7396558881867243,[38.157436],1513.1346153846155,233,185,176,173,177,197
0,232.64356435643563,15.228206039076376,[30.349165],1574.2988505747126,254,188,169,163,159,193
1,229.06493506493507,11.79170542635659,19.88698,1365.236111111111,241,167,145,154,151,174
2,216.77551020408163,9.187146892655369,[29.444069],1485.7954545454545,169,152,136,141,138,149
3,222.3294117647059,6.659689922480619,[35.184692],1541.24,161,140,137,140,140,142
4,238.97452229299364,4.327716700734768,[25.231804],1498.2357142857143,160,136,122,142,138,89
5,228.58870967741936,3.416116549055316,[36.373043],1624.0366132723111,162,130,119,127,123,103
6,338.8191489361702,2.8005865102639302,30.231863,1618.5018382352941,236,188,178,189,134,129
7,701.759375,1.1976892633729095,25.120102,2019.218045112782,288,289,296,225,204,190
8,275.2905405405405,0.5286037824641904,[27.08152],1630.1532258064517,294,306,315,234,240,230
9,244.37113402061857,0.6223274695534506,[20.891249],1392.8823529411766,289,296,216,227,228,222
10,227.7340425531915,0.5028990694345026,[23.778673],1552.9610389610389,278,278,200,219,207,215
11,220.3181818181818,0.5555512721665383,[26.549547],1501.9594594594594,261,270,184,192,184,206
0,208.10416666666666,14.818736059479555,26.79811,1407.6744186046512,222,174,178,149,172,181
1,216.4313725490196,11.30612244897959,[17.803139],1494.9080459770114,211,172,155,132,151,159
2,223.390625,8.141267465069859,[22.700338],1458.2521008403362,136,149,159,115,141,135
3,228.67052023121389,6.083333333333334,[29.458084],1505.025,134,130,149,107,135,135
4,225.7891891891892,4.43943736730361,[14.971275],1565.5889570552147,141,129,145,112,129,129
5,220.96523517382414,3.9107789855072457,[20.819706],1550.9011494252873,142,128,167,117,119,95
6,343.9778434268833,3.9967529896254064,18.812685,1604.121951219512,226,207,216,148,161,140
7,637.0733944954128,1.7719176497802451,[25.70725],1868.8525896414342,281,300,300,262,217,212
8,247.83823529411765,1.1731438167206427,[28.691511],1470.3333333333333,286,313,300,215,240,234
9,241.86238532110093,1.02469369710749,[29.226622],1496.3870967741937,281,297,286,196,218,230
10,211.1184210526316,1.1301329394386999,[29.958702],1586.8253968253969,263,275,205,182,211,218
11,221.4,1.231419457735247,[23.23136],1516.25,248,259,201,164,184,198
0,232.8080808080808,14.662550335570472,[17.551207],1388.3655913978494,227,174,158,151,168,165
1,227.90277777777777,11.25145855194124,[24.304758],1558.4545454545455,206,159,146,137,151,154
2,216.25423728813558,8.9822929802438,21.963943,1516.1153846153845,139,145,119,120,136,134
3,223.95953757225433,6.671902268760908,[27.251352],1395.0337837837837,126,126,112,125,137,138
4,237.625,4.316119691119691,25.233881,1533.3485714285714,143,118,111,122,143,140
5,226.4362850971922,4.088922294172062,[37.260593],1540.754854368932,164,111,106,125,145,101
6,305.6473354231975,4.60566323812646,27.82312,1609.412429378531,245,168,147,175,200,126
7,382.8698224852071,2.0792596254866824,31.626596,1588.4581818181819,286,294,241,252,205,193
8,279.6751592356688,0.8288833837966789,[25.823807],1532.0902777777778,291,304,298,209,232,223
9,258.43564356435644,0.6950633464394931,[23.003775],1317.5681818181818,291,303,289,200,224,219
10,243.1038961038961,1.2727575982209043,21.502945,1535.96875,274,284,198,184,210,199
11,267.97701149425285,1.3650051687716303,[33.03348],1539.3116883116884,243,205,187,166,194,176
0,201.67123287671234,14.977560975609757,[37.329647],1552.984375,228,164,183,144,141,165
1,265.4235294117647,11.465300668151444,[25.096659],1602.3947368421052,200,138,158,130,126,146
2,239.85611510791367,8.525979083222074,[36.169453],1627.7983870967741,127,129,137,121,108,127
3,233.70833333333334,6.676484018264841,20.332556,1557.94,136,124,132,114,99,125
4,236.23783783783784,4.891333333333333,29.338234,1463.0205479452054,151,129,128,107,106,129
5,259.45628997867806,4.78041165587419,[31.704878],1596.299232736573,171,138,129,104,108,102
6,447.15445859872614,4.876945291192042,23.134445,1688.562118126273,236,234,182,146,147,139
7,512.6990291262136,3.0786240786240797,[19.49552],1741.1726907630523,277,307,299,235,169,193
8,255.43835616438355,1.6807352154344883,[27.71826],1424.4573643410852,281,310,310,194,210,208
9,214.8021978021978,1.3831432644333568,[29.46862],1511.8311688311687,281,297,234,188,194,209
10,238.91764705882352,1.6086180713743359,[34.869934],1464.1911764705883,262,279,224,167,185,200
11,245.2948717948718,1.8962233474241652,[27.634445],1607.5,241,182,203,154,169,184
0,245.16842105263157,14.44498084291188,29.599768,1552.6860465116279,226,163,164,142,187,162
1,220.75903614457832,11.879820170559881,[31.581545],1562.8666666666666,155,151,146,132,163,152
2,231.52985074626866,9.381363636363636,24.50054,1533.2820512820513,145,134,133,126,148,139
3,215.49112426035504,6.146315338474722,24.349474,1505.2446043165467,134,137,122,118,136,131
4,217.8452380952381,4.523650262780697,[38.724915],1585.2108843537414,136,133,116,120,132,91
5,246.66191446028515,2.5652173913043477,[29.64177],1596.3510895883778,143,130,119,135,125,84
6,333.81315396113604,3.0898701298701297,[30.03781],1667.5557491289198,220,216,154,205,130,125
7,660.7303754266212,1.8406680207628074,[26.508738],1949.3412698412699,281,308,280,215,206,187
8,261.7971014492754,0.967551622418879,[32.03751],1511.3583333333333,287,316,284,229,240,226
9,244.31958762886597,0.8807327001356852,[33.656994],1533.0,278,298,221,217,235,225
10,248.81927710843374,0.9488312636961288,32.565464,1320.9130434782608,268,267,209,201,222,202
11,242.0,1.2811599343768014,[32.30624],1535.9074074074074,245,174,186,176,211,195
0,239.46728971962617,15.976412948381453,[37.77634],1598.8510638297873,230,174,195,179,187,178
1,206.17857142857142,12.349164133738602,29.081392,1489.4027777777778,153,158,176,159,171,170
2,234.44604316546761,9.738939740655987,[25.979767],1555.4778761061948,146,140,170,127,142,149
3,217.0,6.950009908838684,[41.310375],1638.6099290780141,147,139,149,124,137,145
4,221.18954248366012,5.374198146828224,[39.50723],1509.4621212121212,155,142,157,116,129,94
5,233.24248120300751,4.219452590420332,[44.24271],1603.515350877193,157,140,141,119,90,97
6,503.4149560117302,4.404493022505445,[24.382467],1821.601818181818,247,216,215,187,138,124
7,1146.2686084142395,2.238784461152882,[36.923355],2354.3488372093025,276,284,318,226,222,194
8,215.86075949367088,1.5559214903526284,31.93798,1572.4857142857143,279,290,240,232,232,230
9,229.15384615384616,1.467675050985724,[35.978226],1621.5698924731182,276,284,235,225,233,218
10,230.40425531914894,1.3955903271692744,[37.116135],1531.5714285714287,260,281,226,210,224,205
11,213.632183908046,1.2501572656741455,[43.670517],1446.986111111111,246,192,212,203,203,199
0,244.51136363636363,14.629148737137513,31.938948,1586.0821917808219,221,175,155,164,175,179
1,230.34782608695653,12.29648981779207,[43.525635],1503.820512820513,146,167,139,151,158,172
2,212.65413533834587,9.320660749506905,[39.65173],1566.9217391304348,131,155,129,126,145,159
3,241.8695652173913,6.9301922743807385,[33.822895],1476.8698630136987,128,141,125,122,128,109
4,241.09638554216866,4.928385341284086,[50.38055],1551.6462585034014,140,136,118,120,127,110
5,226.22099447513813,3.791234875238813,[32.818775],1567.9063180827886,136,133,127,112,119,124
6,428.8381679389313,3.8083762672428123,[25.38476],1769.098696461825,212,235,176,168,117,186
7,1185.7461300309596,2.5644490974271124,[32.689312],2359.1228813559323,276,315,295,214,161,240
8,246.81208053691276,1.1804511278195489,[36.82324],1571.0902255639098,281,320,309,223,223,240
9,220.4536082474227,1.0499999999999998,[19.116556],1555.2560975609756,280,311,220,214,219,220
10,218.68253968253967,1.3768388984647453,[38.342426],1504.551724137931,269,222,197,205,214,206
11,235.94915254237287,1.2447786131996659,[28.873817],1513.6734693877552,236,194,179,192,202,194
0,232.6590909090909,15.24579660463598,[45.281204],1498.560975609756,176,170,169,161,159,186
1,240.38666666666666,11.702196727143365,25.006195,1640.4242424242425,156,157,154,148,142,180
2,241.96732026143792,8.392394822006471,[36.26065],1649.9274193548388,133,136,133,145,130,147
3,220.87058823529412,6.461122613296526,[44.274937],1619.527397260274,127,142,122,146,108,111
4,248.24242424242425,4.55430497628978,[43.577484],1492.8758620689655,132,140,127,153,107,102
5,230.75763747454175,2.9888970678444373,[44.98268],1589.2481751824816,142,137,127,154,83,98
6,352.63418530351436,3.1679149329634764,[32.676395],1688.43947858473,219,198,173,162,122,156
7,473.9458598726115,1.9169322901574422,[37.593117],1833.9465648854962,289,299,274,213,175,229
8,399.0855263157895,0.706105610561056,[47.216827],1744.2248062015503,294,313,220,226,228,234
9,220.75531914893617,0.8764567983924982,[32.20372],1477.5975609756097,288,306,220,229,216,234
10,231.93150684931507,0.7957450186552352,[46.191624],1637.5967741935483,264,211,205,218,203,225
11,237.42307692307693,1.0195959420792506,[43.746838],1656.7659574468084,247,189,187,201,181,209
0,245.06578947368422,15.382,[22.61231],1594.8529411764705,218,184,151,168,143,136
1,212.26373626373626,12.386931567328917,17.297235,1561.128205128205,204,172,137,137,128,128
2,208.11475409836066,8.787384716732543,[24.752295],1542.7247706422017,119,160,121,128,116,115
3,220.7942857142857,5.926273306048204,[25.190535],1517.0066666666667,119,155,120,120,113,106
4,229.62275449101796,4.959567070435173,[32.47945],1582.8156028368794,132,167,106,119,124,95
5,229.2135523613963,4.448306542499555,[42.06599],1524.6666666666667,142,169,99,133,122,68
6,372.3517017828201,4.471361008933263,28.675173,1621.3088803088804,215,236,154,205,124,104
7,443.3829787234043,2.95166431680255,[19.30693],1671.3955555555556,272,301,284,291,173,162
8,269.3377483443709,2.6756513926325245,[36.578545],1443.9328358208954,271,318,297,234,197,167
9,222.9075630252101,2.797148797148798,[21.949808],1470.2626262626263,266,313,278,234,183,169
10,237.32558139534885,2.8963377023901318,[17.972],1438.5285714285715,250,296,196,220,171,164
11,247.67142857142858,2.776767676767677,20.71538,1466.6792452830189,232,269,174,198,165,150
0,243.08333333333334,16.13786339754816,[31.878317],1681.5844155844156,230,191,169,186,182,184
1,238.03960396039605,13.254246552304071,[35.74902],1538.5760869565217,161,173,148,174,159,176
2,220.19148936170214,9.85103244837758,[34.6317],1646.9603174603174,151,154,140,154,151,154
3,224.5141242937853,6.685384245146801,[37.866405],1556.875816993464,140,159,144,138,132,100
4,246.78125,4.592252964426877,[36.6683],1552.8561151079136,141,151,136,149,142,106
5,238.2373540856031,3.691613905148728,[34.438595],1627.709534368071,156,143,125,152,87,98
6,516.4628224582701,4.415210564457685,32.24477,1872.659813084112,229,211,153,256,156,124
7,1013.2013888888889,2.1057926735178842,[29.383583],2188.680412371134,281,310,275,240,232,205
8,327.3974358974359,1.465625093532071,[23.629522],1731.5581395348838,286,320,288,240,240,217
9,251.58474576271186,1.336388140161725,[35.947308],1585.2233009708739,279,312,209,231,237,216
10,219.8953488372093,1.5028784648187636,[38.374313],1583.557142857143,262,295,197,220,222,211
11,226.2537313432836,1.6632596802239283,[43.443512],1636.35,240,214,187,197,207,196
0,273.55,15.779278937381406,[44.021404],1470.0144927536232,226,173,172,189,143,151
1,226.95454545454547,13.274944258639911,[39.105236],1499.7466666666667,146,165,146,170,137,133
2,237.77777777777777,9.85515378221114,26.743813,1596.4135338345864,133,142,123,158,126,120
3,268.0658682634731,8.08625242034853,[42.80121],1585.7181208053692,134,141,111,151,127,77
4,237.2130177514793,6.459479639308484,[37.772907],1540.2071428571428,145,123,123,156,121,89
5,253.1821862348178,5.940252382178727,[43.81906],1590.8024096385543,161,136,110,154,63,82
6,428.1752066115703,5.930504479019332,[33.817745],1702.8329938900204,257,205,160,177,90,121
7,609.7349823321555,2.8182119644515193,[33.542267],1915.9911894273127,284,294,288,232,170,168
8,282.83098591549293,1.950480109739369,[43.391342],1553.2583333333334,287,298,220,239,202,212
9,248.5625,1.9110014104372355,[30.507143],1636.5813953488373,279,291,220,231,197,200
10,237.59782608695653,2.3252817430503376,[36.75024],1315.844155844156,263,265,205,229,178,191
11,226.81333333333333,2.158029805051551,[39.46582],1580.1029411764705,246,190,193,207,163,170
0,235.78481012658227,15.580854700854701,[46.718212],1577.6666666666667,224,165,187,181,152,144
1,224.30392156862746,12.3363196814562,[38.595825],1647.6931818181818,145,157,169,156,135,117
2,242.75172413793103,9.262060041407869,[47.218266],1492.5354330708662,135,142,156,140,123,109
3,236.00512820512822,6.876046901172529,[47.470383],1491.825,138,145,148,132,126,107
4,246.32642487046633,5.634462663543391,[39.610004],1642.8636363636363,154,139,137,134,127,70
5,278.0862745098039,5.775667411501823,[37.679653],1626.7759433962265,181,153,136,137,98,68
6,617.8053097345132,7.7059805912886485,[35.874065],1900.793795620438,250,221,230,137,144,73
7,1301.2877192982455,2.967358675387873,[30.857183],2131.204968944099,279,281,295,240,222,190
8,382.9054054054054,2.6986206896551725,[38.506145],1550.7355371900826,280,282,217,240,227,204
9,262.0091743119266,2.446833216045039,[45.049793],1501.0,280,284,215,238,215,189
10,257.1168831168831,2.5812791472351764,[29.863176],1511.486111111111,268,191,205,223,199,178
11,245.42168674698794,2.4034031769018416,22.728348,1442.8115942028985,243,178,203,194,174,171
0,250.8,15.468519195612433,[34.83537],1476.2571428571428,215,168,176,182,197,156
1,272.06493506493507,12.681332974524578,[41.885635],1475.2608695652175,156,149,150,155,173,146
2,247.00632911392404,9.898842036268299,[43.208664],1573.7534246575342,141,136,138,138,159,84
3,244.10344827586206,6.3420061622731945,[59.067463],1626.7581699346406,150,144,144,124,130,70
4,244.0654761904762,4.875536743957798,[46.055542],1519.0567375886526,154,155,148,135,81,68
5,253.76267748478702,4.374346201743462,[40.25149],1618.1029411764705,153,166,150,123,71,67
6,708.9316109422492,6.797459098802667,[46.303574],2088.787356321839,247,254,211,138,105,87
7,1098.1467889908256,3.0744466800804826,[50.772076],2142.349282296651,278,301,288,236,220,168
8,315.65625,2.3870748299319726,[36.61391],1647.2867647058824,279,310,219,240,226,196
9,250.80645161290323,1.9751714677640595,[37.970165],1513.3066666666666,275,309,220,233,231,190
10,227.71428571428572,1.8110066669427305,[44.20149],1538.4415584415585,249,204,205,209,217,187
11,224.2235294117647,1.616567191173811,35.119648,1556.2465753424658,228,182,192,194,201,167
0,296.1111111111111,16.423476005188064,[54.399906],1644.2957746478874,183,171,187,151,170,166
1,287.4146341463415,13.385646217986896,[54.320232],1604.493670886076,177,144,166,128,158,103
2,356.51145038167937,10.824914885304457,[39.43935],1626.8347826086956,169,118,152,113,132,95
3,368.12307692307695,10.431304347826087,[47.154934],1816.141975308642,192,108,132,99,122,97
4,367.59411764705885,10.30764163372859,[69.53182],1705.5182481751824,226,110,131,96,95,101
5,408.50927835051544,9.978424242424241,[49.921772],1762.858851674641,235,112,117,83,110,93
6,595.783950617284,9.021620401715188,[52.641647],2005.5278884462152,261,259,153,72,169,141
7,1000.8986928104575,2.2360973888496836,[46.29782],2294.2401960784314,276,299,228,187,231,196
8,510.04242424242426,1.911459499813363,[46.04434],2054.887323943662,277,227,240,213,237,216
9,339.9764705882353,2.1245739604635308,[61.644043],1862.2763157894738,197,228,237,210,229,203
10,327.97014925373134,1.9967159277504105,[54.602203],1672.1186440677966,193,215,223,190,215,182
11,292.6142857142857,1.7887099980123233,[50.79858],1573.3620689655172,192,193,203,172,184,174
0,252.74157303370785,15.579494561740242,[44.89111],1588.6375,173,181,173,171,187,157
1,216.02469135802468,12.163120567375886,[35.511166],1526.2394366197184,159,164,153,145,176,143
2,226.7579617834395,9.387993356779994,[42.973362],1584.4626865671642,146,148,145,131,158,125
3,252.79166666666666,6.177816328743359,[50.637665],1568.0613496932515,147,159,145,128,138,85
4,260.2290502793296,5.195033779779542,[52.416454],1621.0,165,178,129,131,82,82
5,243.44444444444446,5.004224270353301,[41.27958],1591.2447368421053,178,180,122,92,88,84
6,537.6352583586627,4.676970203285993,[53.495544],1855.0304761904763,242,234,171,147,115,117
7,928.9383116883117,2.309348441926346,[44.168354],2121.5897435897436,277,288,215,234,205,193
8,439.58720930232556,1.4684913217623492,[47.089558],1722.4892086330935,281,293,223,230,240,231
9,265.9207920792079,1.1413333333333333,[44.154484],1669.6309523809523,284,297,223,231,239,226
10,310.7857142857143,1.171335912163482,[50.68101],1573.5735294117646,277,216,207,221,233,193
11,239.03225806451613,1.6252907227151352,[38.25522],1569.7692307692307,273,191,187,194,211,166
0,230.12941176470588,16.049358974358974,[46.124058],1633.9605263157894,172,180,166,179,172,171
1,242.53623188405797,13.307192982456138,[32.277637],1545.0967741935483,155,174,148,160,155,158
2,247.51492537313433,11.604830917874398,[37.801292],1532.3931623931624,139,156,136,143,133,103
3,239.35593220338984,8.021080368906457,[51.431355],1641.687074829932,126,139,135,131,127,101
4,234.36805555555554,5.748218081780666,[59.126278],1667.6974789915967,122,147,141,134,72,111
5,234.16565656565658,4.480158215536247,[55.087357],1665.2095238095237,117,138,138,128,70,110
6,398.90664556962025,3.7511916560479492,[44.015385],1721.6143410852712,193,195,198,137,114,172
7,807.7467105263158,2.1267281105990787,[53.787083],1933.3170731707316,284,305,283,222,184,210
8,507.7070063694268,1.9492476060191521,[34.787445],1846.7463768115942,284,312,209,229,216,212
9,248.83333333333334,1.550622406639004,[43.886597],1628.627659574468,283,303,208,218,216,218
10,265.95454545454544,1.3579350675539423,[37.236965],1584.9620253164558,269,219,200,213,202,202
11,245.56451612903226,1.668335717691941,[43.509975],1793.0434782608695,199,200,189,206,186,185
0,230.7032967032967,15.234072375127422,25.990555,1479.9156626506024,143,172,159,147,184,176
1,223.98863636363637,12.113339021615472,[44.443043],1627.0,129,166,142,125,163,154
2,249.73825503355704,8.951208178438662,[57.57015],1601.0230769230768,123,156,122,118,150,138
3,227.8780487804878,6.617323192189806,[41.18821],1561.9285714285713,128,151,112,116,163,96
4,222.66459627329192,4.219195623071998,37.591766,1495.1597222222222,120,138,114,113,167,95
5,231.84810126582278,2.9153967419863376,[37.393932],1579.268408551069,114,132,110,110,126,100
6,334.9983844911147,3.754650754650754,[47.414097],1640.8951456310679,207,182,159,150,186,152
7,592.2369337979094,2.90420705636607,23.877104,1892.192468619247,277,285,250,170,240,237
8,303.3333333333333,1.9202059202059203,[26.220884],1561.3566433566434,277,290,294,213,240,240
9,272.9904761904762,1.7282578875171468,[47.787033],1602.6344086021506,274,295,209,216,235,229
10,179.38095238095238,1.9966724830580698,[32.772713],1504.1186440677966,252,205,190,200,230,220
11,190.03174603174602,1.9114238037252513,29.847618,1540.6964285714287,225,183,179,170,207,203
0,223.57608695652175,14.644885496183205,[18.874336],1532.126582278481,200,165,160,167,173,183
1,258.4404761904762,12.725574712643677,[32.695618],1507.2933333333333,136,151,148,155,164,174
2,257.17610062893084,10.288892191835115,32.51234,1474.0676691729323,127,131,134,145,150,154
3,217.90104166666666,7.289512723952983,[36.793518],1650.9036144578313,130,125,121,145,134,107
4,250.02564102564102,4.910485933503836,[24.303755],1543.2086330935251,146,117,122,145,129,123
5,247.3855421686747,3.2922955620635275,[40.180115],1579.557142857143,130,117,128,156,119,122
6,326.20949263502456,4.018418384589388,[23.244795],1664.7448405253283,191,171,166,214,122,212
7,698.9595015576324,2.36148526857405,[34.66615],1849.5533596837945,267,279,254,226,188,239
8,254.05142857142857,1.7567016582991029,[38.62232],1464.0728476821191,277,300,290,235,223,240
9,246.2450980392157,1.273924360741081,[37.234386],1656.8765432098764,279,302,292,225,223,234
10,223.2826086956522,1.7066282420749275,[23.994425],1512.2962962962963,264,286,197,206,206,229
11,236.92727272727274,1.6329731613802718,[27.194649],1602.0204081632653,246,186,182,187,194,213
0,241.33684210526314,14.902358402971217,[44.98744],1540.6666666666667,218,183,166,183,159,168
1,238.73451327433628,11.937957157784744,31.898264,1725.485436893204,153,166,161,173,150,154
2,210.32558139534885,8.18787878787879,[34.359222],1428.6637931034484,142,156,157,159,130,136
3,223.96067415730337,5.755017740825081,[36.558334],1498.5095541401274,124,156,160,160,116,105
4,232.77070063694268,3.925874867444326,[29.91165],1642.5,133,151,153,153,117,113
5,237.62103174603175,2.4909579667644186,[41.365253],1630.9555035128806,134,150,145,134,82,99
6,405.9668246445498,3.6031897059489832,[46.82019],1813.003590664273,230,204,209,132,126,150
7,1413.386018237082,2.0186741363211946,[34.65863],2400.0536585365853,273,298,301,233,209,216
8,247.30769230769232,1.3547144754316065,[46.6797],1556.3153846153846,281,320,228,236,216,225
9,241.52475247524754,1.0902882635552504,[37.208103],1464.0941176470587,272,303,221,230,211,220
10,248.81052631578947,1.2861967694566816,[30.413816],1606.7951807228915,261,282,196,216,199,208
11,257.01428571428573,1.3936458060574322,[35.092346],1564.1864406779662,245,207,176,202,191,185
0,228.54736842105262,15.82392344497608,[24.749517],1341.25,217,181,173,166,169,139
1,229.32673267326732,13.06578947368421,[29.268217],1535.2022471910113,147,183,157,147,158,120
2,241.52554744525548,9.371821613031386,[27.68073],1644.6583333333333,138,173,141,132,141,114
3,238.80392156862746,7.8993739589914425,[35.3174],1500.0676691729323,146,159,136,129,123,64
4,239.57142857142858,5.511784897025172,[48.143772],1561.659420289855,153,156,129,129,128,65
5,228.0349514563107,4.898455305140542,[51.68929],1594.881959910913,164,144,131,121,89,69
6,399.5964912280702,5.107606679035251,[41.265743],1719.6346153846155,260,202,169,199,134,114
7,733.7210884353741,2.737997524591232,[33.167942],1858.2941176470588,280,283,302,215,216,166
8,224.6978417266187,1.9731301939058177,22.39287,1496.64,284,290,223,222,230,195
9,263.3137254901961,1.8154042243262924,[50.40262],1486.5301204819277,272,288,216,207,208,182
10,255.3452380952381,2.1227272727272726,[25.2518],1535.8732394366198,266,278,199,194,204,179
11,221.14754098360655,2.395168248490078,[44.298386],1471.566037735849,251,196,187,179,189,157
0,231.0909090909091,15.719170771756982,[57.509995],1667.2465753424658,164,168,160,184,168,171
1,230.4390243902439,12.658082975679543,[33.19519],1511.337837837838,152,152,147,170,158,153
2,235.8653846153846,9.59778911564626,[35.28327],1538.9076923076923,131,131,140,147,146,138
3,229.89595375722544,7.750844784861454,[23.51435],1620.8027210884354,134,127,145,147,126,93
4,217.86092715231788,6.319559228650137,[39.345203],1592.2777777777778,146,130,146,134,78,92
5,252.09583333333333,3.866616989567811,[34.189854],1596.3465346534654,150,134,143,131,78,96
6,394.6548536209553,5.134952380952381,[33.519596],1812.0574506283663,242,180,186,155,110,127
7,1110.23745819398,2.5157988429016473,[42.685913],2147.2,275,294,291,240,194,204
8,249.42335766423358,1.384,[33.9298],1656.9478260869564,282,310,218,240,218,232
9,241.2095238095238,1.4909712722298225,[39.280712],1464.8095238095239,274,307,210,235,212,224
10,225.03896103896105,1.6092285508291275,[33.627804],1595.96875,266,222,189,226,202,209
11,235.21621621621622,1.8503926758363345,[40.321903],1383.9166666666667,245,201,182,199,192,194
0,252.16831683168317,15.954290429042905,[45.260128],1500.5934065934066,151,191,150,192,163,163
1,254.93478260869566,13.54800142755175,33.448895,1542.9,144,183,137,172,150,148
2,248.11267605633802,11.991869000564652,[42.346027],1641.676923076923,121,166,109,150,140,84
3,249.1638418079096,8.966690042075736,[44.364956],1563.2418300653594,130,159,109,136,119,91
4,230.840490797546,6.835347820496335,[37.245743],1609.1418439716313,145,158,116,132,59,97
5,238.232,4.582182860119823,[51.32428],1599.7634660421545,146,144,122,119,65,102
6,592.1342812006319,4.909970238095239,[38.322483],1868.0991902834007,243,215,181,137,96,152
7,900.1148459383753,2.694053284128063,[40.496918],1950.8708333333334,276,289,300,221,196,189
8,405.36241610738256,1.5262541806020067,[44.79362],1571.0263157894738,275,304,228,236,238,214
9,248.2921348314607,1.661683848797251,[40.74648],1470.8133333333333,265,307,215,229,225,214
10,205.73972602739727,1.8256604077037517,43.035374,1607.704918032787,255,220,196,226,211,201
11,281.7761194029851,1.5380165651430828,[40.42476],1394.6545454545455,241,199,181,210,187,183
0,230.8961038961039,15.71393762183236,[22.1957],1458.2142857142858,157,170,183,157,187,172
1,224.7127659574468,12.30952380952381,[25.004715],1702.3246753246754,150,158,163,136,170,147
2,241.28225806451613,9.60952380952381,29.965353,1541.7333333333333,137,142,157,123,147,134
3,232.12435233160622,8.084969611968209,[35.705822],1643.3433734939758,135,130,146,119,128,86
4,252.3426966292135,5.275991963837268,[55.195065],1659.4424242424243,150,126,143,125,89,91
5,252.544,3.837359900373599,[42.08424],1610.6689655172413,172,120,129,114,87,108
6,440.1417797888386,4.888833992094861,[60.952072],1863.4701492537313,247,197,184,148,146,182
7,1253.528813559322,1.5487293362941026,[57.076893],2415.654255319149,289,289,316,208,220,222
8,312.7239263803681,1.2803630363036302,[35.70704],1599.3941605839416,292,292,240,213,240,238
9,238.5977011494253,1.3112373499868326,[47.12436],1618.9620253164558,280,207,236,212,236,228
10,258.6547619047619,1.20515574650913,[39.171432],1531.0945945945946,267,197,216,193,226,224
11,242.6984126984127,1.4357638888888888,34.85458,1629.962962962963,182,185,208,179,207,191
0,235.7027027027027,15.57488573294156,[29.560646],1502.641791044776,140,173,175,169,178,186
1,244.37777777777777,12.175372439478584,[36.87523],1761.5731707317073,126,153,149,153,156,158
2,229.7305389221557,10.26977335800185,[50.94568],1699.2397260273972,114,133,133,138,140,94
3,244.50515463917526,7.0615411335610485,[62.86447],1640.418181818182,108,134,136,144,133,96
4,239.11666666666667,5.4866310160427805,[42.58247],1574.3375,129,140,138,139,100,102
5,239.34429400386847,4.455690405312571,[27.908707],1553.530516431925,129,148,160,149,100,108
6,566.0852090032155,4.0165182604207,[48.03624],1969.4488188976377,190,230,230,142,146,169
7,1010.7724137931034,2.0821166759071024,42.08429,2184.1911764705883,276,303,295,222,240,210
8,316.54545454545456,1.2805757776307083,[42.62901],1639.7272727272727,281,309,217,236,240,228
9,223.2336448598131,1.3588555858310625,[42.832912],1499.4285714285713,271,298,214,222,236,227
10,229.73493975903614,1.230861244019139,[50.03068],1653.7297297297298,261,204,203,217,220,215
11,268.2769230769231,1.056309659339697,[43.104202],1478.5714285714287,226,191,192,200,194,199
0,228.91666666666666,15.942298347910592,[38.125484],1427.7125,158,180,169,174,177,171
1,237.70731707317074,13.046099290780141,[39.05454],1434.2923076923078,141,172,144,157,166,160
2,216.39622641509433,11.529874213836477,[35.40806],1591.3432835820895,126,166,123,134,151,148
3,255.19653179190752,8.518468392263015,[33.496426],1563.5684931506848,130,149,129,125,152,86
4,244.9431818181818,7.297506069300375,[52.57114],1560.8,117,150,130,120,175,96
5,234.02455357142858,5.0859549170175855,[34.956024],1598.7973333333334,123,142,128,123,115,103
6,506.87291981845686,5.3759607739199575,29.366297,1818.407114624506,201,211,161,157,154,145
7,999.9233038348083,3.6362152811775834,[20.785292],2120.382222222222,264,289,286,209,193,218
8,275.8607594936709,2.3302864938608456,[48.90094],1583.1544117647059,274,302,213,229,208,240
9,211.19642857142858,2.045403899721449,[40.632572],1411.8709677419354,258,306,211,227,207,227
10,223.20430107526883,1.746759392617588,44.802128,1661.8170731707316,240,213,193,218,202,213
11,249.9879518072289,1.6859766866831507,[37.0598],1526.8695652173913,228,199,178,202,195,190
0,240.27083333333334,16.012970168612195,[50.97736],1556.5842696629213,150,192,157,200,168,161
1,251.02247191011236,12.662903225806451,[42.419025],1583.2948717948718,140,178,141,186,148,137
2,232.94117647058823,9.836468158731929,[58.25642],1700.923076923077,125,164,123,149,136,82
3,224.55978260869566,6.656504865290511,[28.111246],1497.4522292993631,129,164,126,143,134,77
4,243.58235294117648,4.620767083383906,[52.024292],1590.4666666666667,133,162,128,159,86,81
5,231.71374045801528,2.7490328820116057,[57.848743],1633.4603524229076,135,152,133,153,87,92
6,548.4564606741573,3.2501875634405755,[38.730835],1878.2759226713533,196,223,197,174,130,159
7,1302.3215434083602,1.6340566606389388,[27.454737],2241.8586387434557,278,311,293,240,218,240
8,257.51428571428573,1.2241830065359478,[50.14208],1513.6725663716813,280,317,218,240,235,240
9,258.05555555555554,0.9959149223497638,[34.865314],1462.6493506493507,272,308,216,235,225,225
10,216.9,1.304075738125802,[47.284775],1546.3846153846155,247,219,204,229,208,205
11,229.79166666666666,1.5559434300035806,[35.611023],1577.421052631579,223,194,172,219,185,183
0,221.01052631578946,14.670486685032138,[34.44881],1585.5058823529412,222,176,178,182,167,164
1,220.6421052631579,12.252818244883803,[43.549824],1517.3333333333333,156,154,163,170,165,153
2,234.54545454545453,8.585714285714285,[37.63897],1621.6978417266187,138,132,134,152,148,136
3,243.7324840764331,6.132133152173913,[38.98849],1613.942857142857,140,136,134,132,137,89
4,226.71604938271605,5.046195652173913,[27.573553],1610.624060150376,160,129,130,121,143,85
5,232.1370449678801,3.7426315134933468,[26.23982],1641.7532133676093,157,132,128,121,119,74
6,347.00843170320405,3.8023360287511228,[38.854244],1680.3592233009708,218,223,179,108,168,111
7,882.4607046070461,2.654589609792918,[36.103477],1940.1264367816093,282,311,271,197,226,164
8,500.151724137931,1.1566534914361,[43.404926],1892.2148760330579,287,320,225,233,240,213
9,227.51351351351352,1.1563758389261747,[38.145016],1574.0,283,314,224,227,230,212
10,231.1,1.2156986615074818,[37.03957],1461.9180327868853,267,217,207,222,220,200
11,268.68055555555554,1.0637388926862612,[33.10408],1620.016393442623,242,204,198,202,201,185
0,241.7111111111111,16.001312335958005,[28.385511],1584.85,156,180,164,185,142,189
1,244.2674418604651,12.838733754829644,[39.208344],1680.68,150,166,142,177,138,176
2,236.152,9.687644434890096,[36.84636],1564.298076923077,140,155,139,156,118,101
3,233.96666666666667,7.039396859588459,[60.492756],1531.5612903225806,140,146,131,139,119,92
4,230.62051282051283,5.655123443303474,29.829676,1603.304347826087,140,156,138,130,125,107
5,229.35220125786162,4.853561387066541,[49.92006],1594.6079404466502,143,175,144,117,90,107
6,550.0405405405405,3.4773296878560043,[43.660816],1893.43897996357,217,221,198,118,126,165
7,969.868501529052,1.8259141987955547,[44.73735],2089.1784037558687,285,288,312,227,192,230
8,272.7244094488189,1.164558629776021,[45.82616],1703.918918918919,291,297,238,240,213,239
9,226.68,1.4497942386831275,[43.21687],1514.3953488372092,273,294,240,223,198,230
10,214.0,1.4693016272369435,[34.989376],1605.553846153846,264,204,220,210,178,221
11,225.72222222222223,1.4942508786393023,[47.0751],1502.140625,248,202,189,201,165,208
0,259.6039603960396,15.695928753180661,[54.5761],1653.7613636363637,154,175,163,171,194,191
1,242.75581395348837,12.264675052410901,[49.370224],1549.7534246575342,143,168,138,161,173,171
2,237.77215189873417,9.384899310644304,[49.23988],1609.2518518518518,137,146,118,133,154,113
3,250.74556213017752,6.827962922092254,[30.504923],1525.1418918918919,143,149,108,131,159,98
4,222.72972972972974,4.688041488712629,[54.303223],1679.7018633540372,148,144,117,122,118,96
5,255.66165413533835,3.9004625105856294,31.225763,1699.183157894737,150,135,132,89,123,102
6,683.3264984227129,4.369953531994713,[42.255398],2011.040650406504,237,218,191,162,168,141
7,1916.885885885886,2.3290247160988646,[49.172882],2925.150837988827,274,309,198,240,236,240
8,446.6845637583893,1.1364109232769828,[48.976727],1793.5245901639344,286,320,212,240,240,240
9,255.3009708737864,1.2725113206146539,[46.926487],1468.0879120879122,273,231,197,240,238,239
10,233.6125,1.1820521959526358,[40.764977],1693.265625,254,215,183,220,227,230
11,246.87142857142857,1.1038688774537833,[39.82111],1600.6129032258063,175,192,172,195,217,215
0,299.75,15.184782608695652,[38.905903],1558.0246913580247,163,160,142,169,142,190
1,279.2093023255814,12.932461567304088,[48.124527],1573.5405405405406,150,145,130,150,118,196
2,304.3,10.168478260869565,[57.292744],1631.5149253731342,146,122,115,129,101,123
3,295.8811188811189,8.313114559886268,[51.484165],1628.126984126984,166,121,110,110,107,120
4,274.1848739495798,8.3512805241215,[47.991337],1657.595744680851,185,109,98,109,96,133
5,357.8515283842795,8.10437382205758,[47.254013],1664.98891966759,175,94,75,104,95,126
6,477.64262820512823,9.136457647833037,[40.86088],1756.138211382114,241,178,108,141,104,195
7,541.840625,2.8007751937984495,[52.522076],1769.3861788617887,281,282,144,186,165,232
8,444.7485380116959,1.9147937411095308,[52.83429],1662.6917293233082,282,305,180,217,182,240
9,346.1470588235294,1.815528921313184,[58.07744],1643.5925925925926,282,221,179,211,182,238
10,269.09090909090907,2.1716995741385983,[41.87819],1763.6818181818182,181,209,161,207,167,223
11,234.8,1.9700611427366646,[27.898354],1542.377358490566,169,185,146,191,156,207
0,229.80722891566265,14.6502394106814,[24.183573],1493.6805555555557,235,172,160,164,186,169
1,246.30666666666667,11.82525697503671,[37.38492],1547.8676470588234,148,158,137,152,175,138
2,230.51190476190476,8.295532646048109,22.831612,1614.64,126,133,120,122,146,129
3,236.30232558139534,5.691228070175439,[39.485043],1617.1946308724832,128,132,117,108,153,122
4,237.78181818181818,4.467874396135267,[29.967093],1606.4225352112676,121,127,122,119,146,85
5,230.81780538302277,2.5964830789648308,33.738106,1596.456057007126,127,121,129,112,114,82
6,317.3918918918919,2.2215034965034963,[29.998655],1658.6881533101046,204,177,184,177,177,121
7,1395.7598684210527,1.6299427068657835,[22.41387],2418.1347150259066,271,304,279,213,240,214
8,272.85616438356163,1.2332526230831315,23.642038,1561.5967741935483,279,312,300,228,240,234
9,245.46341463414635,0.999195710455764,[32.37814],1525.2714285714285,281,315,215,226,237,218
10,229.7032967032967,1.1928983417447732,[27.554474],1441.0422535211267,272,290,195,212,225,193
11,216.31578947368422,1.0030543136647336,[41.298862],1441.3125,251,192,182,181,199,184
0,218.92079207920793,16.201302333013743,[38.807003],1682.5882352941176,154,173,191,164,175,186
1,247.7191011235955,13.417048151915903,[56.126286],1612.5,146,171,180,150,167,169
2,236.73758865248226,10.281949934123848,[62.20224],1732.6324786324785,132,152,155,126,148,112
3,248.22994652406416,7.4861244019138775,[56.515366],1722.9477124183006,132,154,148,119,102,105
4,269.80116959064327,5.549710589036432,[34.044598],1578.6884057971015,143,160,169,113,104,112
5,287.1091617933723,4.187902187902188,[67.12507],1675.368544600939,146,167,171,70,111,112
6,452.0811287477954,4.459168241965974,[55.21158],1843.0773930753564,232,243,161,88,165,169
7,1507.3363095238096,1.7188223281143638,36.507904,2439.6717171717173,273,302,240,198,220,236
8,297.1459854014599,1.2163398692810456,[48.725704],1705.1739130434783,279,307,240,224,240,240
9,231.30769230769232,1.3236217791062845,[44.429577],1511.8823529411766,272,217,238,216,220,228
10,210.21176470588236,1.6845359147482304,[38.425453],1788.638888888889,250,204,228,206,203,203
11,226.8804347826087,1.7889451662629379,[49.963894],1566.6708860759493,237,197,201,189,180,191
0,292.4605263157895,16.235271903323262,[41.606735],1536.4769230769232,143,197,171,137,173,172
1,266.90909090909093,13.7222374679839,[39.033043],1567.5211267605634,133,183,164,121,160,150
2,261.6804733727811,11.19854137447405,[56.335033],1532.8125,122,161,153,104,138,97
3,259.5234899328859,9.517703349282296,[49.64448],1620.7984496124031,131,165,162,117,91,94
4,283.8100558659218,7.767153827099329,[57.411335],1605.6274509803923,125,151,170,109,92,87
5,278.63035019455253,6.899485930735931,[43.09325],1656.1703163017032,122,145,177,71,94,95
6,552.4036544850499,5.632631038026722,[53.643734],1868.5603112840467,203,217,149,101,158,145
7,1147.4754601226994,2.6100985221674873,[51.531094],2038.647619047619,262,297,212,198,227,225
8,379.84353741496597,2.220652173913044,[43.262142],1706.4453781512605,260,300,226,209,240,237
9,263.1372549019608,2.2988857938718668,46.07657,1705.9518072289156,257,298,219,201,236,225
10,256.3692307692308,2.2564249938418595,[44.61081],1565.949152542373,247,215,200,189,221,210
11,206.2405063291139,2.107899281883465,[49.188343],1369.3015873015872,217,211,185,164,194,187
0,251.49514563106797,15.219978526593989,[39.102062],1565.1752577319587,149,183,177,144,167,189
1,248.95049504950495,12.404437922447526,[40.3082],1475.357142857143,143,155,179,131,148,181
2,230.71523178807948,9.933503836317136,[28.464172],1715.4580152671756,128,138,155,120,130,111
3,238.88947368421051,7.11094841180446,[52.123943],1578.8089171974523,124,136,163,110,132,107
4,268.67469879518075,6.284738577484691,[48.660374],1666.3469387755101,121,160,167,110,102,112
5,285.090373280943,4.976765022100108,[71.3798],1744.1144859813085,121,162,180,97,97,104
6,520.3607085346216,5.6044651619234545,[49.23112],1837.434262948207,171,266,188,107,147,140
7,1274.0862619808306,2.167525773195876,[47.662262],2300.5238095238096,266,301,237,226,218,207
8,390.2435897435897,1.2560507482108005,[41.680706],1620.854961832061,278,318,240,240,240,221
9,246.6867469879518,1.4074127959844325,[49.837086],1529.2142857142858,277,232,240,238,240,220
10,254.64705882352942,1.1006226946416529,[58.640354],1596.0,253,209,228,213,218,206
11,280.43939393939394,1.0375319998264416,46.22459,1659.949152542373,235,195,204,176,198,205
0,228.32142857142858,15.383831347387718,[32.137386],1522.661971830986,220,180,146,186,184,175
1,219.3265306122449,12.386429085673145,[43.313873],1591.797619047619,158,157,137,164,160,150
2,209.80769230769232,9.749258600237248,[40.899887],1572.6274509803923,156,151,127,142,140,127
3,218.6505376344086,7.264596273291925,[47.69255],1638.625,149,144,117,139,135,86
4,252.1878453038674,4.713865289577433,[31.196138],1530.972972972973,151,146,122,147,126,91
5,227.22151898734177,3.701027774379053,[46.04869],1562.4306569343066,158,147,117,157,74,90
6,312.05238095238093,3.303087478559177,[33.88358],1660.8878326996198,211,210,173,219,109,138
7,690.8402555910543,2.509919273131353,[33.686436],1847.8319672131147,270,302,273,224,187,201
8,336.18633540372673,1.655575647980711,[14.843442],1466.719696969697,274,317,295,238,223,233
9,235.16666666666666,1.5802721088435374,[18.045134],1477.9882352941177,266,315,211,227,221,230
10,238.02857142857144,1.5053175775480059,36.883553,1641.0595238095239,251,287,192,210,208,206
11,262.23943661971833,1.9818664307828395,[32.166374],1515.920634920635,231,200,172,195,202,190
0,226.95049504950495,14.546486486486488,26.995958,1491.3076923076924,217,181,162,155,162,159
1,233.01298701298703,12.739322064703744,[25.382507],1557.6527777777778,148,173,153,142,154,147
2,224.7173913043478,9.766088103938285,[35.661343],1591.198347107438,136,152,146,125,127,135
3,242.0934065934066,7.735564304461942,[29.420904],1569.5170068027212,138,136,136,109,123,120
4,230.36723163841808,5.536582515194016,[36.462555],1578.5263157894738,142,139,144,114,123,82
5,240.11811023622047,5.245179063360881,[41.566433],1609.8496583143508,157,149,139,109,83,89
6,516.9230769230769,4.424466476222484,[27.578959],1870.6042402826856,235,226,199,170,127,125
7,1645.9099678456591,2.7008997147245997,[25.366867],2386.5862068965516,270,307,283,233,225,201
8,254.1055900621118,2.106929728413104,30.638906,1506.6803278688524,273,317,287,240,230,217
9,285.252427184466,2.02258064516129,[34.716854],1621.715909090909,277,308,190,218,226,207
10,224.71830985915494,1.8403874813710879,36.61409,1444.9166666666667,252,295,197,201,211,186
11,232.08955223880596,1.4542649727767696,[30.85317],1603.5084745762713,240,202,176,182,182,178
0,248.05882352941177,14.532692307692306,[16.864758],1585.0111111111112,198,170,160,161,174,177
1,229.9268292682927,11.483905447070914,[26.361603],1647.4027777777778,185,166,149,151,161,161
2,229.0,9.391869918699188,[31.482529],1479.776,115,146,130,137,149,143
3,224.8054054054054,6.961438923395447,[24.292587],1490.6923076923076,130,146,124,127,142,136
4,227.93243243243242,5.139445821130884,[27.06633],1632.2204724409448,127,144,129,129,141,102
5,236.24903474903476,3.717978848413632,[19.283775],1618.0837209302326,117,135,120,122,143,103
6,345.906584992343,4.164155844155844,[38.94422],1698.6546112115732,183,197,162,204,159,145
7,1190.753125,3.2018507807981487,[27.921686],2218.0262008733625,262,292,264,212,212,240
8,259.55474452554745,1.6514029796179508,[38.150085],1400.8264462809918,280,306,292,218,227,240
9,221.0990099009901,1.4850974097504168,25.611788,1525.9404761904761,265,307,277,214,221,229
10,212.08219178082192,1.2434977578475335,[32.55221],1473.1525423728813,252,283,195,196,207,205
11,220.72602739726028,1.5453947368421055,[29.134369],1387.8666666666666,221,258,176,178,198,185
0,213.67326732673268,15.223423423423428,20.44467,1548.0864197530864,236,175,187,183,161,168
1,208.4891304347826,11.725258033106133,[24.27418],1470.0246913580247,210,162,175,180,144,156
2,235.03947368421052,9.188172043010754,[17.448542],1539.4525547445255,135,148,158,158,122,147
3,233.8876404494382,6.225352112676056,30.77505,1558.848275862069,142,153,156,142,126,133
4,212.97590361445782,5.2305003277255855,[20.755445],1535.7794117647059,147,145,149,137,126,92
5,223.7773788150808,4.757195735042263,[40.604862],1554.1101694915253,152,149,137,134,127,88
6,500.6636363636364,3.7876657613037223,[24.060934],1823.9678571428572,243,224,233,186,120,132
7,774.6930693069307,1.5586980920314248,[13.639786],1874.9368932038835,284,306,310,315,199,206
8,312.51785714285717,1.4747676565858392,26.93415,1727.9779411764705,283,306,320,235,208,221
9,228.9902912621359,1.340927555856466,[28.201218],1575.0689655172414,277,307,229,234,203,227
10,270.3048780487805,1.2968772433596554,[48.800915],1627.2089552238806,264,294,215,216,191,213
11,240.9318181818182,1.2902003963884605,[21.93511],1354.5844155844156,241,201,192,195,178,188
0,240.9902912621359,15.986863468634688,[33.541206],1522.0555555555557,221,184,153,181,145,200
1,217.66990291262135,13.308455753760057,[25.079323],1507.8152173913043,148,172,142,169,146,176
2,228.25396825396825,9.691551591868048,[36.4196],1456.6944444444443,136,165,120,150,142,156
3,235.6315789473684,7.082653985507246,[31.13838],1543.4137931034484,133,153,100,140,140,102
4,227.95408163265307,5.24703557312253,[27.822527],1578.219512195122,139,155,104,143,151,100
5,220.0,3.907549263035554,[31.400078],1545.8198614318708,147,157,105,142,157,115
6,318.7833622183709,3.4649905045000415,[21.857393],1641.702213279678,216,219,145,200,150,171
7,504.02605863192184,2.3315508021390374,[18.72626],1729.0,272,285,245,272,201,221
8,270.4076433121019,1.8159299594277178,[29.97671],1530.351145038168,278,308,284,235,220,236
9,242.47747747747746,1.8865647375168064,[42.6412],1640.0898876404494,274,310,284,224,198,233
10,245.6627906976744,2.176485693323551,[28.295435],1602.2463768115942,255,283,198,209,188,230
11,254.95945945945945,2.2668381146632375,[28.312788],1611.6031746031747,237,198,171,192,172,217
0,222.54545454545453,14.22969696969697,[29.799894],1494.2597402597403,199,164,169,180,178,166
1,206.9404761904762,12.245833333333334,[15.777429],1491.943661971831,190,147,148,167,158,150
2,218.81451612903226,9.565819740694268,[15.749654],1474.908256880734,107,134,140,152,131,133
3,207.37125748502993,6.57258064516129,[15.379868],1453.486301369863,109,123,124,142,120,126
4,213.92592592592592,5.040555352575813,[37.580433],1528.4794520547946,124,126,122,136,118,88
5,214.27875243664718,3.186503752403399,[26.150846],1487.9792147806004,123,119,137,115,108,99
6,267.2272,2.5449657869012707,[25.085707],1561.6889692585896,175,200,195,201,121,131
7,402.64119601328906,1.8709211318482843,[20.288183],1632.9502074688796,258,298,262,295,202,195
8,232.97202797202797,1.578497023809524,[12.7343445],1420.968253968254,264,306,292,240,217,217
9,216.3495145631068,1.1162056334470127,[14.288086],1471.3950617283951,271,300,275,237,211,214
10,232.51282051282053,0.9417910447761194,[19.26018],1476.142857142857,259,276,198,210,202,195
11,212.421875,0.6582180634662327,[16.747953],1564.9830508474577,233,250,181,194,192,179
0,217.62962962962962,14.594687500000001,[35.14005],1474.927536231884,201,169,188,155,154,157
1,226.009900990099,12.20217391304348,[12.046467],1580.131868131868,172,146,173,139,145,145
2,226.98639455782313,8.117433930093778,[5.803154],1497.8074074074075,116,131,157,134,115,129
3,206.88202247191012,6.257389937106918,22.162271,1570.378048780488,125,134,160,128,122,126
4,220.52542372881356,4.658271908271908,29.280365,1481.1972789115646,142,134,151,125,124,138
5,234.20564516129033,3.794854510729131,[44.98209],1516.983173076923,157,121,143,124,128,101
6,297.71491228070175,2.923990683229813,[23.463846],1633.0483870967741,213,195,208,180,175,149
7,955.739263803681,1.799264489555752,[10.062199],1982.8434782608695,278,286,307,284,183,207
8,239.07142857142858,1.5072543449708296,[17.347322],1396.793388429752,282,293,313,224,227,220
9,214.74257425742573,1.4411078064536764,19.285038,1536.576923076923,267,274,301,217,218,212
10,219.23529411764707,1.2143288084464554,[17.021349],1586.7627118644068,244,259,221,199,207,196
11,271.4153846153846,1.3525790349417635,[35.93503],1668.648148148148,220,238,203,176,191,174
0,225.62921348314606,14.260155574762317,[12.315761],1295.9871794871794,190,234,157,166,162,159
1,217.79347826086956,11.691305285868394,[7.77022],1443.964705882353,181,154,133,149,159,151
2,217.39240506329114,9.693413173652695,[15.296131],1503.6,149,150,125,130,139,142
3,208.54748603351956,7.754087048832272,[16.257751],1486.516339869281,119,143,128,129,133,133
4,228.59748427672955,5.1718948035487955,[43.07176],1369.1167883211679,123,142,133,129,123,139
5,228.8424369747899,3.36223942823109,37.440777,1550.1048780487804,116,143,140,118,118,95
6,232.2300163132137,2.508645291253987,[22.99652],1553.8486590038315,151,195,190,173,172,155
7,605.6447368421053,2.870737636747489,[13.501531],1823.041825095057,228,275,273,265,181,199
8,267.8545454545455,2.622572744766459,[11.572881],1366.846715328467,240,299,291,303,212,214
9,207.42857142857142,2.4169427661924257,[19.858408],1330.7051282051282,243,296,292,220,206,209
10,203.4470588235294,2.3345082590365607,[14.252048],1535.8591549295775,231,273,277,209,194,194
11,208.16666666666666,2.4959866220735787,20.851234,1428.2698412698412,211,252,189,190,178,176
0,234.44210526315788,14.867456978967496,[33.81236],1588.357142857143,205,180,152,187,169,153
1,220.91176470588235,11.676585365853658,[22.380854],1453.7272727272727,198,169,139,167,157,154
2,212.77941176470588,8.748006379585327,[16.40901],1456.274336283186,134,148,123,156,141,134
3,215.53714285714287,7.138179742631798,[18.689463],1479.8639455782313,133,131,122,145,140,132
4,211.5,4.820792971389952,[33.10436],1514.864406779661,140,130,135,122,142,103
5,228.98635477582846,3.775005939653124,[36.39593],1614.3683035714287,142,111,133,111,128,107
6,310.48442367601245,3.1450930253064104,[20.85724],1627.6524822695035,197,177,189,180,129,159
7,1317.0199335548173,2.6248124812481253,[19.322998],2486.2897196261683,270,281,271,294,194,205
8,252.44827586206895,1.967805980634717,[21.732367],1499.248366013072,273,313,295,240,219,219
9,224.66666666666666,1.8387803598432246,[17.75721],1409.1612903225807,260,318,298,233,218,216
10,232.62666666666667,1.8444444444444446,[19.138893],1528.1639344262296,238,292,195,217,201,189
11,192.34285714285716,1.7909090909090908,[17.142227],1444.0862068965516,211,267,177,202,183,170
0,231.08139534883722,15.621955462769657,[62.108185],1652.96,172,160,169,166,149,142
1,262.90526315789475,12.810356454720615,[51.50372],1781.7763157894738,165,146,156,146,133,119
2,278.1666666666667,10.396429599769654,[37.738003],1513.8255033557048,161,129,142,138,119,66
3,292.9375,7.932594487070191,[49.684483],1805.9270072992701,184,112,149,128,116,76
4,289.50295857988164,7.569629816167211,[43.484615],1527.993006993007,199,106,140,121,85,71
5,337.356993736952,8.202307401336528,[55.120564],1757.6040100250627,226,111,122,102,85,75
6,785.1846635367762,7.104175260094414,[53.12647],2052.641078838174,271,237,184,102,126,119
7,1158.9160839160838,2.5221311475409838,32.323956,2277.765853658537,288,286,223,226,199,181
8,689.4716981132076,2.0400275103163685,29.21231,1936.6349206349207,292,289,229,227,211,206
9,379.08,2.596387648087007,34.612587,1647.859375,289,206,222,225,211,202
10,255.83333333333334,2.5871513315663255,[55.848904],1692.5357142857142,276,191,208,207,182,187
11,278.41818181818184,2.885738290275152,[49.89504],1655.8510638297873,192,175,184,182,164,161
0,242.69662921348313,15.138268876611418,[46.701004],1482.986301369863,208,183,182,167,175,171
1,254.88095238095238,13.530242649663482,[24.140642],1617.6666666666667,128,168,168,154,152,171
2,243.21794871794873,10.669715447154472,[26.931725],1540.1567164179105,112,146,153,151,138,161
3,235.9404761904762,7.220541087800211,[32.239662],1500.1733333333334,114,144,142,137,147,89
4,233.35031847133757,4.134526212427037,[38.009525],1575.7328244274809,121,139,144,153,150,90
5,221.214,2.3268338557993733,[50.495113],1569.7314814814815,133,135,130,140,102,85
6,295.96069868995636,1.9523649781952366,[38.02676],1578.4245614035087,194,189,185,216,158,142
7,866.3650793650794,1.3994708994708995,[13.565964],2001.4602510460252,267,288,294,231,229,203
8,312.75690607734805,1.3412250022419512,27.16442,1574.1644736842106,276,305,312,240,236,224
9,223.81553398058253,1.452469959946595,[31.13765],1652.5813953488373,269,304,234,239,233,219
10,235.69148936170214,1.2951263537906137,[19.536676],1518.4027777777778,262,276,214,213,216,204
11,213.52631578947367,1.4415228823503847,[31.161837],1632.5555555555557,237,197,203,193,193,188
0,206.4516129032258,15.32890892696123,[29.403784],1429.025641025641,221,185,174,177,169,183
1,207.91463414634146,12.654780564263323,[39.066498],1558.3098591549297,159,170,155,153,145,175
2,228.55072463768116,10.767276422764228,[33.39877],1507.1949152542372,133,161,146,142,124,155
3,232.29891304347825,7.976168126825199,[34.004642],1580.5,127,141,134,125,112,160
4,237.17934782608697,6.442388466341243,[43.733685],1468.223602484472,134,145,128,126,122,111
5,220.03353057199212,4.763798152737102,[53.66994],1585.5534441805225,139,142,128,137,115,111
6,314.1919642857143,2.850515463917526,32.36358,1613.2664233576643,200,203,191,186,125,162
7,559.3269841269841,1.738287250384025,16.541155,1760.0114503816794,282,297,266,204,208,231
8,552.0116959064327,1.2570346320346322,[15.197341],1770.9710144927535,282,314,297,226,225,240
9,205.71698113207546,1.3266666666666667,27.903605,1304.0333333333333,281,312,217,226,224,240
10,215.2173913043478,1.5235397607318792,20.240236,1589.6410256410256,267,296,202,217,209,230
11,243.42857142857142,1.5810747564140746,[24.117119],1561.1272727272728,238,204,194,200,189,212
0,239.28125,14.272421875,[22.581728],1623.9024390243903,213,162,147,176,173,153
1,222.41463414634146,11.358241758241759,[18.31888],1612.8,180,142,134,162,156,136
2,213.81045751633988,9.20405434317501,27.520937,1500.536231884058,123,128,119,151,132,126
3,221.41489361702128,7.062605752961082,21.185232,1497.7677419354839,122,137,121,153,129,126
4,208.49382716049382,5.5076726342711,[42.020325],1517.1224489795918,120,138,116,153,127,94
5,211.54508196721312,4.104465334900117,38.962574,1471.5961995249406,123,124,119,154,126,94
6,302.30833333333334,2.8830419580419586,[39.348743],1597.489757914339,179,182,199,214,129,137
7,746.1167664670659,2.075412531206235,[23.474127],2005.48,254,279,290,281,185,204
8,222.9787234042553,1.2442866247837565,[17.227468],1466.056,288,313,300,231,213,224
9,223.7578947368421,1.126963019250253,[23.325356],1477.5375,270,295,283,224,216,216
10,233.28169014084506,1.2898355754857997,21.676352,1381.4444444444443,252,280,182,219,209,196
11,238.02985074626866,1.2335559265442404,[16.616316],1498.4259259259259,228,251,162,194,192,171
0,214.27835051546393,15.34398582816652,[27.757936],1501.8045977011495,231,174,179,181,192,172
1,235.47619047619048,12.164007707129093,[32.569706],1479.313432835821,212,172,162,154,176,162
2,211.5597014925373,8.833333333333332,[15.231674],1475.3603603603603,133,142,138,133,161,137
3,220.53892215568862,6.669534835210681,[25.319382],1631.2198581560283,135,140,126,123,150,125
4,228.04864864864865,3.954045493809385,[44.270405],1594.1103896103896,133,136,137,136,131,82
5,224.4248496993988,2.706999213571509,[44.863037],1526.0348027842228,139,138,134,131,142,90
6,262.79326186830014,2.065637720488467,30.066854,1557.8440860215053,190,198,204,184,155,141
7,534.4702380952381,1.7188594728076725,[17.394962],1676.1341463414635,262,287,283,302,234,215
8,298.021582733813,1.0504744058772792,16.788172,1491.8790322580646,279,310,313,240,236,223
9,206.60550458715596,1.3679320251849136,[29.628904],1420.9270833333333,270,307,305,226,232,218
10,217.56382978723406,1.2293969849246227,29.748644,1448.5243902439024,250,290,202,217,228,206
11,236.04,1.2532838154808446,[16.74637],1505.6666666666667,237,265,188,188,214,187
0,236.13483146067415,14.155641485982597,[10.417874],1654.3815789473683,210,232,155,183,162,172
1,204.9903846153846,12.125584281282316,20.649717,1548.1868131868132,182,170,143,164,150,158
2,221.7112676056338,9.264477611940299,[12.762801],1534.968992248062,154,156,119,147,148,147
3,211.12820512820514,6.875621890547264,[27.888092],1438.2553191489362,125,154,128,136,132,129
4,236.36994219653178,4.398764258555133,30.909746,1511.9735099337747,126,133,123,132,142,133
5,211.3021978021978,2.625659884927932,[42.738617],1526.3312101910828,138,121,116,131,129,98
6,313.1916932907348,2.3821510297482833,[19.72325],1643.953488372093,201,205,164,201,184,185
7,475.8,2.0086410984848486,[17.703474],1717.676348547718,269,295,266,284,201,221
8,277.3904109589041,1.32265641682682,[8.561759],1599.2781954887218,279,297,297,226,230,232
9,227.08256880733944,1.315710536182977,[15.800761],1362.9157894736843,272,290,289,225,222,226
10,177.875,1.1911296162201304,[13.923924],1466.5964912280701,259,283,204,208,211,216
11,222.1969696969697,1.1192307692307693,[5.2921753],1571.7,239,253,181,194,191,190
0,253.5581395348837,14.64423076923077,[24.170103],1586.4054054054054,205,164,147,158,185,181
1,212.46067415730337,11.52568353067815,[33.439007],1395.179487179487,180,148,138,136,162,165
2,213.91240875912408,9.46223316912972,[35.16536],1356.084745762712,116,136,127,136,149,148
3,223.5027027027027,6.562925170068029,[27.12443],1472.6433121019109,115,129,116,137,138,149
4,221.35051546391753,3.972664074466832,[39.838474],1569.953216374269,121,115,125,139,138,100
5,218.02713178294573,3.0617356194042955,[39.326702],1569.25768321513,113,99,143,151,135,102
6,286.6416,2.63128393764232,27.339674,1576.0693641618498,176,160,203,215,140,144
7,480.39344262295083,2.3948136357607113,13.469983,1661.0905349794239,249,263,279,211,218,216
8,375.36054421768705,1.717136041143849,[21.238342],1586.5363636363636,269,285,291,215,237,240
9,235.07291666666666,1.8394285714285716,[20.302635],1343.2530120481927,262,287,275,209,236,231
10,231.46666666666667,1.8125468164794007,[26.640394],1599.164383561644,241,265,178,202,223,226
11,200.06896551724137,1.5523424878836833,[30.801886],1380.6875,232,246,165,188,199,208
0,215.07608695652175,15.567168059424327,[20.851402],1457.7974683544303,208,197,138,170,172,192
1,214.0373831775701,12.078042813455658,[21.500345],1544.7894736842106,187,175,126,158,165,170
2,220.2980132450331,8.721046881207787,18.291874,1600.1484375,121,159,113,146,151,149
3,219.84848484848484,6.581314699792961,[28.615938],1486.4864864864865,119,147,116,147,138,138
4,227.03164556962025,4.408372736708569,[24.585985],1589.8251748251748,116,144,121,153,138,82
5,221.22587719298247,3.052935070926075,[62.00574],1519.44080604534,111,134,125,154,140,90
6,229.5668202764977,3.0136813681368135,31.64269,1478.9335727109515,182,163,177,195,159,134
7,439.8380062305296,2.32488038277512,[9.540348],1666.19926199262,278,256,259,288,220,219
8,248.90845070422534,1.8215347285410983,[19.308455],1530.4566929133857,281,293,281,235,240,240
9,234.99159663865547,1.8611111111111112,[23.48879],1366.5,268,284,273,226,225,236
10,214.275,1.562675018422992,[24.677],1339.8181818181818,261,274,178,213,212,219
11,227.58441558441558,1.7401374292643494,[19.116697],1239.2333333333333,228,261,154,185,202,207
0,277.01869158878503,16.586100417067698,[50.058746],1739.6774193548388,159,206,160,171,176,167
1,218.70886075949366,13.221988795518207,[45.139984],1527.2702702702702,145,199,143,157,151,157
2,250.53521126760563,9.432254196642685,[43.258224],1518.3243243243244,131,171,125,135,130,142
3,247.61576354679804,7.232819074333801,[54.3521],1732.523178807947,122,174,106,125,128,89
4,221.02777777777777,6.743796150587098,[54.24547],1516.28025477707,124,198,106,142,88,93
5,309.75690607734805,5.063049853372435,[42.16804],1715.9781659388645,141,201,105,138,89,101
6,585.1594427244582,4.7915057915057915,[38.887417],1916.790291262136,205,283,217,136,140,129
7,1482.4570552147238,2.258904109589041,[31.585089],2277.5492227979275,280,313,206,230,228,203
8,459.1164383561644,1.3833555259653798,[53.55745],1762.232,287,320,218,234,233,210
9,279.5925925925926,1.6147671336614917,[34.864292],1528.8865979381444,268,240,223,232,230,197
10,284.5432098765432,1.7640653357531761,[38.204437],1735.8088235294117,258,235,201,213,212,186
11,289.6875,2.5200882238463866,[35.90749],1644.8846153846155,239,226,182,200,193,177
0,211.3978494623656,14.767830279652847,20.80342,1448.85,213,165,163,136,167,193
1,216.0493827160494,12.150515463917527,[31.353699],1564.7464788732395,193,154,154,127,160,182
2,236.8181818181818,9.250255623721882,[23.546396],1588.344155844156,124,130,136,121,148,156
3,226.1153846153846,6.592325999883904,[22.923635],1633.3358208955224,128,122,137,128,130,104
4,229.40287769784172,4.769773358001849,[42.098305],1513.6538461538462,141,112,133,125,139,102
5,229.0766129032258,3.054215090555129,[50.059864],1514.3621103117507,139,111,128,116,142,101
6,363.4875549048316,2.4301435406698566,27.08959,1597.9274336283186,212,177,179,167,145,165
7,568.602787456446,2.0867026055705296,[28.052214],1774.6525423728813,279,279,292,190,204,240
8,275.50666666666666,1.4903245374582956,19.976482,1436.032786885246,281,294,297,221,237,240
9,227.62745098039215,1.3194563254443494,[28.922485],1524.6404494382023,271,296,286,194,231,225
10,234.0108695652174,1.418796992481203,[19.619215],1506.328947368421,253,282,193,181,211,210
11,221.66265060240963,1.5885245901639344,[29.073496],1537.1866666666667,239,262,182,152,184,201
0,194.55421686746988,14.351111111111113,[20.061724],1509.9859154929577,205,179,159,163,172,166
1,217.75641025641025,11.400379346680717,[40.36028],1461.9538461538461,186,158,141,144,159,161
2,206.14634146341464,9.701149425287355,[35.272717],1494.4299065420562,124,144,130,128,136,150
3,226.5976331360947,6.89056420233463,[16.097296],1544.848275862069,114,145,125,123,130,134
4,202.90683229813664,4.134507126601988,[34.902267],1670.7210884353742,116,140,122,114,136,98
5,224.3719512195122,2.8126949183636034,[56.116344],1582.8333333333333,118,153,122,95,133,90
6,248.57879234167893,2.638536762042738,25.258621,1520.7796901893287,173,238,172,144,142,135
7,465.4530201342282,1.7883568459872383,[19.362108],1614.137339055794,261,311,289,267,202,223
8,248.89928057553956,1.4681627440248135,[21.144056],1415.3805309734514,277,320,297,213,222,237
9,237.79166666666666,1.967513721011389,[9.587162],1518.284090909091,266,307,281,206,217,224
10,201.22784810126583,1.881882970742686,19.77818,1304.9538461538461,248,286,193,196,196,214
11,204.12222222222223,1.698679867986799,[15.511136],1574.592105263158,219,260,172,176,183,202
0,250.06666666666666,14.56781954887218,[20.283804],1463.2972972972973,186,170,181,179,167,181
1,222.4387755102041,11.486977687626775,15.121806,1598.1208791208792,184,154,161,168,161,158
2,226.97101449275362,9.210356454720618,[21.226397],1606.3781512605042,134,141,145,151,149,145
3,228.6449704142012,6.0379856850715745,24.093473,1601.3426573426573,127,137,133,147,133,138
4,231.06586826347305,4.535730804810361,[49.71916],1463.5416666666667,124,139,129,133,129,98
5,221.26694045174537,3.044977511244378,[63.045345],1581.3589108910892,131,135,126,137,126,99
6,309.86162624821685,1.9748549323017408,[28.259798],1606.3009868421052,184,189,193,202,119,147
7,914.9968253968254,1.716931216931217,[22.154625],2027.0973451327434,281,314,293,218,188,218
8,250.78947368421052,0.9856311601947512,[18.022593],1561.272,283,320,319,226,227,229
9,229.48192771084337,0.7794077603812115,[17.726269],1525.4285714285713,273,306,236,218,217,219
10,213.10666666666665,0.6225315515961396,29.722185,1400.089552238806,237,284,213,211,198,204
11,218.0,0.7912,[12.995183],1394.1451612903227,214,257,200,199,187,193
0,190.8139534883721,14.890522388059702,[15.889272],1447.5263157894738,196,177,153,173,172,201
1,222.04819277108433,12.108512396694216,[13.7523775],1460.8,179,164,130,162,152,181
2,212.29605263157896,9.61723163841808,[26.979315],1415.030534351145,113,140,128,138,148,159
3,217.43715846994536,6.6716417910447765,[17.709692],1532.2866242038217,113,138,122,137,145,149
4,233.20555555555555,4.025180914278989,46.47885,1549.5668789808917,121,118,121,128,144,107
5,228.16287878787878,2.2286458950361334,[67.24908],1618.8523489932886,126,118,115,129,142,104
6,225.17285945072697,1.4885616730687152,[31.960001],1514.7849264705883,185,182,186,204,141,167
7,430.01798561151077,1.3606840954339239,18.88093,1660.7125,264,288,256,223,189,239
8,236.81954887218046,0.9999696113288966,[8.132398],1449.5042735042734,290,306,284,232,215,240
9,227.98019801980197,1.036987818383167,[13.625237],1518.9620253164558,276,294,273,228,204,230
10,226.0909090909091,1.1894052044609664,23.578684,1428.597014925373,248,273,190,216,194,224
11,202.69642857142858,1.3418367346938775,[14.9544],1437.531914893617,222,243,166,193,191,210
0,200.1829268292683,15.14074074074074,[29.644043],1439.8472222222222,196,179,149,194,184,178
1,205.1359223300971,11.841562178828365,31.31105,1632.6770833333333,180,148,145,167,173,160
2,230.95394736842104,8.654098994586233,[31.755919],1416.5037037037036,129,141,133,154,159,146
3,237.4022988505747,5.884136546184739,22.77471,1486.5350318471337,134,140,130,132,150,144
4,213.57471264367817,3.4987212276214836,[33.7371],1546.8157894736842,143,123,129,143,142,102
5,229.33946830265847,2.833039064224233,[58.383633],1518.8329297820824,142,121,126,131,154,114
6,251.45032051282053,1.898080712878074,[38.22625],1550.8029739776953,184,189,181,211,140,156
7,356.25165562913907,1.7206186786538118,[19.111055],1661.1977186311788,246,300,264,305,225,197
8,282.02054794520546,1.017872444607663,[16.059172],1538.152,263,297,283,239,240,234
9,223.02702702702703,1.0247996228194247,[17.26457],1510.712643678161,249,288,276,233,238,231
10,220.34146341463415,0.9864038319823142,[23.694471],1325.6714285714286,238,270,190,224,224,211
11,199.14102564102564,1.2690095846645368,[18.924704],1492.2537313432836,222,248,169,210,208,195
0,216.17460317460316,15.55712665406427,[18.804636],1342.5172413793102,206,176,163,152,188,173
1,212.85858585858585,12.28783068783069,[23.085337],1489.5232558139535,178,161,154,134,159,159
2,230.69172932330827,9.894238558120698,[16.624237],1483.0588235294117,128,162,137,115,135,146
3,223.01973684210526,6.819301075268817,[18.599028],1623.359375,131,149,113,112,134,136
4,212.87417218543047,4.442742567689803,[32.07882],1606.557251908397,117,138,115,109,128,114
5,226.49466950959487,2.8552330482957964,[77.88578],1579.2824427480916,125,133,114,116,129,105
6,263.0272596843615,2.238566361769647,[22.07147],1510.6139455782313,165,184,179,165,146,135
7,497.3960396039604,1.41077539845507,[12.268916],1718.2292490118577,257,276,287,220,215,206
8,305.9423076923077,1.2178932178932178,14.781998,1501.544776119403,281,296,304,223,240,240
9,224.93478260869566,1.224157955865273,25.330328,1372.632911392405,281,293,302,220,235,227
10,224.0705882352941,1.7264405543398982,[14.186912],1557.5714285714287,250,291,206,193,218,213
11,226.5,2.096672012830793,[8.599582],1619.4788732394366,226,268,188,168,207,190
0,199.97826086956522,14.813785310734463,[13.887611],1345.3720930232557,200,177,178,173,164,170
1,229.8131868131868,11.691262939958595,[28.04096],1606.9135802469136,178,166,163,155,151,153
2,218.84027777777777,9.421001631986945,[19.014368],1459.546875,117,144,144,144,135,133
3,236.28813559322035,6.526813018785496,[22.349884],1529.6223776223776,116,141,131,129,122,124
4,235.29714285714286,3.7444297241960727,28.401863,1562.27950310559,117,145,135,120,114,91
5,212.9277108433735,2.8466694347232933,[56.6805],1515.184331797235,113,151,116,120,117,116
6,253.06514657980455,2.79321014555914,[12.497838],1565.9143389199255,180,213,179,168,131,172
7,415.18263473053895,2.023168726785606,[11.306434],1580.8145454545454,273,259,263,256,203,239
8,233.9281045751634,1.278208283951743,[14.140504],1418.6060606060605,277,313,291,220,226,240
9,235.78571428571428,1.0892044927132647,[14.788026],1357.1041666666667,277,312,291,216,214,229
10,216.85,1.3253779697624188,[14.500297],1389.7285714285715,257,297,221,199,200,215
11,212.72222222222223,1.3193227091633466,[16.370914],1238.8148148148148,235,267,195,183,188,187
0,193.91860465116278,13.764481108492255,[9.829328],1520.6363636363637,212,238,134,156,162,175
1,211.25925925925927,11.361208198489752,[14.60583],1502.9583333333333,194,163,124,148,147,151
2,205.44871794871796,8.142947624847746,[14.802087],1434.6141732283465,178,143,111,134,124,131
3,206.84516129032258,5.717543859649123,[23.150354],1429.7720588235295,125,132,119,130,127,127
4,224.72,3.788288288288288,[48.55673],1526.3537414965986,107,130,123,127,127,126
5,206.78131634819533,2.8429332342375817,[44.972656],1539.1180722891565,115,121,125,119,120,102
6,220.0940032414911,1.629110788417186,[15.516614],1517.3179190751446,163,189,196,162,166,142
7,250.30714285714285,1.7817487855655794,[5.28838],1364.424,237,269,267,250,193,225
8,222.1030303030303,1.0255627290176232,[2.5304232],1361.485294117647,268,298,279,280,210,228
9,214.28735632183907,1.25682001614205,[1.8918642],1349.8461538461538,266,293,265,218,205,228
10,204.7027027027027,0.9619047619047616,[8.955116],1293.857142857143,253,275,253,212,192,215
11,179.74025974025975,1.146280991735537,[10.278233],1451.5652173913043,234,261,158,188,175,194
0,184.36046511627907,14.672743238496665,[16.866753],1477.4266666666667,193,227,149,151,183,192
1,230.76470588235293,11.651551724137933,[28.792603],1552.5263157894738,173,148,132,133,174,168
2,206.77777777777777,8.409903846153846,[24.708422],1464.2347826086957,154,145,112,122,154,145
3,214.1320754716981,5.444838056680162,[18.797289],1514.9407407407407,98,143,110,118,130,142
4,209.32738095238096,3.2392824392480506,[43.15653],1572.7945205479452,108,128,109,117,135,130
5,209.2780269058296,2.2263301915475826,[51.362854],1512.9454545454546,119,128,106,119,142,101
6,235.35528596187174,2.5301159745604194,[25.30303],1495.5274509803921,164,194,159,156,162,137
7,361.4316109422492,3.153462115773673,[3.2714999],1552.5855513307986,221,249,244,226,230,223
8,259.19375,2.8919413919413923,[6.23144],1467.606896551724,261,276,271,175,240,233
9,249.24,2.859967159277504,[8.54368],1361.5797101449275,252,273,266,187,240,232
10,212.55555555555554,2.588356627191579,[3.141451],1366.4931506849316,228,263,241,172,217,218
11,203.0909090909091,2.265899581589958,[11.363743],1527.671875,208,251,163,165,199,209
0,233.03,14.769414795730585,[13.107921],1566.8837209302326,211,190,146,164,154,180
1,208.5068493150685,12.199087947882735,[15.135001],1666.8153846153846,196,134,140,151,142,158
2,227.32515337423314,9.882945368171024,[10.83562],1633.4014084507041,172,126,129,138,129,148
3,213.65441176470588,7.013674388674389,[15.780393],1459.9426229508197,131,122,124,126,127,147
4,216.44723618090453,4.838915200721695,31.785149,1462.4819277108434,131,112,121,110,128,137
5,215.26980728051393,3.392874396135266,[59.45984],1513.958536585366,128,130,123,107,124,108
6,222.66068515497554,2.8175079127103113,[31.58467],1471.5984990619138,183,168,172,179,190,152
7,411.66773162939296,2.388083538083538,[12.288368],1494.756,264,260,254,268,204,230
8,295.2909090909091,1.663693719529682,[5.3143992],1489.2753623188405,280,285,281,287,214,238
9,254.34782608695653,1.8009883198562435,[4.54415],1599.9516129032259,284,285,274,203,198,240
10,222.75,2.0704481792717093,[16.081017],1355.9830508474577,267,254,248,185,188,218
11,187.04109589041096,2.059861591695502,[13.179576],1453.0,232,215,162,174,167,206
0,208.1478260869565,14.028559127439724,[5.8500924],1361.1509433962265,204,224,151,140,188,165
1,234.55555555555554,12.125882352941176,[13.103084],1771.527027027027,205,150,145,122,175,155
2,219.01639344262296,9.76551724137931,[10.012807],1548.6037735849056,185,139,129,113,153,151
3,200.1988950276243,7.370421836228286,[19.310244],1507.1192052980132,175,139,107,107,137,141
4,231.18857142857144,5.6597490347490345,25.89396,1527.887417218543,124,143,121,106,138,145
5,211.69083155650318,3.8077383326685292,[50.40685],1536.307875894988,127,149,131,110,137,109
6,235.83171521035598,2.8697272985129048,[16.43301],1498.0058365758755,171,192,188,154,196,172
7,362.2896551724138,2.183540410874646,[1.7376075],1519.7131147540983,269,266,268,243,202,230
8,229.6883116883117,1.8093656972750167,[1.5837699],1340.7723577235772,278,273,291,287,228,231
9,248.30208333333334,1.6347476320228367,[4.842796],1451.392405063291,273,274,276,196,229,220
10,218.14285714285714,1.418027954080394,[12.107361],1414.1066666666666,256,259,254,189,216,199
11,212.26190476190476,1.6610176619007568,[4.7750974],1500.111111111111,238,237,161,172,200,181
0,205.87209302325581,14.347597442771702,[10.153052],1471.6493506493507,218,241,152,171,189,148
1,236.86170212765958,11.637450365726226,[27.6415],1486.9146341463415,203,157,135,164,167,131
2,197.80141843971631,9.868375286041188,[14.219565],1387.467741935484,191,151,119,145,160,108
3,203.61935483870968,6.987373737373738,[7.044239],1516.7042253521126,114,151,119,133,158,117
4,200.6098901098901,4.078703703703704,[22.836252],1530.30625,118,146,125,125,140,129
5,225.06160164271049,2.650170849534582,[42.524498],1546.1544117647059,115,148,122,117,131,105
6,252.6710743801653,2.536928393474242,[19.09598],1482.695564516129,174,216,179,181,185,147
7,297.5261437908497,2.350720317933433,0.0,1496.607142857143,259,283,253,282,193,194
8,254.7808988764045,1.896495071193866,[5.2807875],1446.141935483871,272,311,269,287,227,211
9,214.61165048543688,1.8999904571046853,[14.526349],1327.6702127659576,276,309,264,206,237,205
10,226.14893617021278,1.7698127417753589,[14.261294],1547.0,256,285,246,198,221,185
11,204.0843373493976,1.823662551440329,[7.3535266],1425.5,241,267,166,187,199,155
0,223.11940298507463,14.52582159624413,[8.249012],1438.5593220338983,204,186,159,168,180,168
1,228.0625,10.866919831223628,[15.42216],1512.8625,189,159,144,147,170,139
2,227.0193548387097,8.447153209109732,[8.745782],1471.237037037037,122,148,134,131,149,121
3,228.7657142857143,5.854166666666667,[28.406937],1609.986301369863,118,142,142,134,129,135
4,237.5310734463277,4.630059472255904,[55.07358],1569.2884615384614,125,141,140,137,122,88
5,219.53308128544424,2.757780171192109,[88.685455],1561.1419068736143,118,145,145,133,122,104
6,263.5866873065016,1.7540705563093624,[10.131626],1510.2427536231885,181,199,206,203,153,130
7,438.2931034482759,1.6691142191142192,[5.262952],1598.625,255,275,302,290,237,201
8,258.23026315789474,1.2063291899357473,[6.022812],1479.6296296296296,282,313,300,221,240,230
9,234.0,1.183415756897142,[1.6977348],1409.5714285714287,263,294,286,220,239,229
10,226.43617021276594,1.3600896860986547,0.0,1348.8902439024391,247,280,202,205,210,194
11,231.17142857142858,1.358313155770783,[5.2070026],1354.049180327869,226,243,197,196,195,182
0,200.22857142857143,13.135140024603807,[9.156903],1445.0806451612902,213,227,136,149,163,175
1,214.68817204301075,10.274777714332329,[7.7588806],1420.3552631578948,179,201,129,130,148,156
2,226.2945205479452,7.423740648379052,[12.044076],1600.3082706766918,171,136,119,106,128,142
3,216.86451612903227,4.930175558595532,[10.667931],1575.6788321167883,112,117,119,116,124,143
4,208.5303867403315,3.433333333333333,[28.207266],1392.0061728395062,99,117,117,119,123,145
5,215.43333333333334,1.9763637494557444,[54.90662],1538.89448441247,103,121,116,126,120,113
6,239.51869918699188,1.229041789784719,[12.80849],1476.1226053639846,161,188,172,190,178,141
7,408.803125,1.4645309645309643,[1.3313817],1484.7674418604652,239,272,259,259,196,218
8,219.25324675324674,1.0413404948288665,[4.0719495],1359.5597014925372,277,296,280,286,222,230
9,213.74725274725276,0.8759608330941218,[1.8139248],1391.632911392405,275,285,270,212,220,231
10,204.92857142857142,1.1610766045548655,12.350234,1328.017857142857,269,266,234,187,203,221
11,241.28125,1.1354360711261644,[9.620688],1437.2363636363636,244,244,150,169,176,198
0,224.3448275862069,14.745492281748609,[1.7083873],1525.0886075949368,204,238,187,161,197,199
1,199.82558139534885,11.794022066198597,[3.6593828],1488.9142857142858,172,161,167,143,182,172
2,221.2093023255814,9.477104072398191,[4.0212884],1609.7008547008547,142,144,151,125,163,159
3,232.69182389937106,6.966139088729016,[4.373369],1546.051094890511,132,142,132,117,162,149
4,228.14556962025316,4.8201754385964914,[25.235222],1463.496183206107,117,139,115,120,156,151
5,220.45379876796716,3.0081521739130435,[79.0401],1562.8648018648018,127,127,111,120,143,108
6,233.8005698005698,2.124577180100651,[12.627305],1532.252045826514,175,169,179,181,195,155
7,410.734756097561,1.1511961722488038,0.0,1666.394366197183,269,270,285,271,193,232
8,253.27322404371586,0.9449159458136117,[2.6820385],1412.2738853503186,284,315,312,292,228,240
9,245.25925925925927,0.8557511950142191,0.0,1469.563829787234,264,311,313,216,234,236
10,197.80208333333334,1.0018643157329292,[2.9771192],1387.0641025641025,249,298,297,200,235,228
11,231.01785714285714,1.1115384615384616,[1.5583857],1324.72,239,281,208,183,224,217
0,207.39361702127658,14.41834635952283,[1.3775878],1379.283950617284,213,233,168,169,161,178
1,208.65432098765433,11.810204081632651,[5.6138988],1407.0694444444443,198,157,154,161,148,162
2,227.14285714285714,9.393181818181818,[7.678772],1509.8545454545454,173,141,135,149,131,151
3,227.99375,7.767585551330798,[18.347994],1577.0694444444443,113,144,136,136,123,137
4,201.67415730337078,5.069084628670121,[33.13734],1539.875,110,142,122,137,127,134
5,223.71926229508196,3.164272030651341,[67.543785],1559.6973365617434,112,153,118,129,143,128
6,224.50257289879931,2.3942028985507244,[14.757745],1524.3725099601593,180,213,149,176,186,131
7,280.46964856230034,1.9518041565727402,0.0,1550.6487455197132,255,294,253,243,193,188
8,293.6730769230769,1.613824431456513,[1.5014583],1545.0,280,317,284,264,214,212
9,241.81720430107526,1.1327619047619049,[2.534391],1535.3376623376623,285,303,285,203,211,213
10,229.0595238095238,1.458345794703087,[5.843268],1259.0945945945946,268,294,274,191,202,204
11,228.9506172839506,1.747590361445783,[5.354156],1424.5072463768115,242,267,182,175,181,198
0,254.42696629213484,14.968311984441014,[5.8120046],1441.4266666666667,187,234,163,195,175,193
1,206.9655172413793,12.012401215805474,[7.221779],1435.7662337662337,174,155,148,174,164,172
2,213.45890410958904,8.500069044879172,[9.198355],1424.0077519379845,151,146,136,145,144,147
3,216.18539325842696,6.132849462365591,[6.320914],1485.2576687116564,105,131,133,140,137,129
4,212.77720207253887,4.295430107526881,33.94373,1550.7037037037037,106,127,132,146,133,131
5,205.83564356435645,2.721901017576318,[52.54315],1468.148558758315,107,134,122,149,131,109
6,243.222882615156,2.5386231223494913,[10.065499],1517.7478260869566,147,200,192,225,186,147
7,404.6549520766773,1.3814025639524674,[3.9945576],1556.342412451362,233,291,279,306,211,233
8,242.51006711409397,1.1016171328671323,0.0,1428.1052631578948,273,309,297,320,225,240
9,205.67391304347825,0.9126470769420314,[1.6827378],1491.7407407407406,260,306,293,235,221,231
10,230.0,1.1995919307598648,0.0,1305.6,235,287,277,217,205,226
11,219.5921052631579,1.3003184713375797,[3.780639],1298.7611940298507,213,265,181,203,186,208
0,227.17821782178217,14.020361990950226,[4.109102],1479.3595505617977,207,223,167,165,156,187
1,191.15116279069767,10.184705882352942,[6.5445743],1480.0657894736842,199,146,152,150,146,159
2,220.50331125827816,7.928224299065421,[4.106917],1485.2769230769231,176,128,140,137,135,140
3,210.5493827160494,5.75,[7.4469795],1585.3426573426573,133,127,132,126,127,147
4,214.74522292993632,3.5307692307692307,[35.12189],1464.1167883211679,133,128,130,123,127,139
5,214.08624229979466,2.0240416243047665,[64.90504],1560.0143198090693,131,137,127,122,130,80
6,225.72602739726028,1.9402582543314808,[6.6376667],1445.296762589928,190,197,163,177,203,134
7,368.08708708708707,1.9239012642986153,0.0,1510.0034965034965,267,292,260,262,217,212
8,210.53947368421052,1.2775291934955797,0.0,1316.6846153846154,274,318,302,299,236,237
9,225.11764705882354,1.1337809275146091,[1.9445815],1381.4166666666667,267,289,306,212,232,226
10,224.6341463414634,1.359803139132748,[3.210755],1494.640625,254,273,291,198,207,209
11,216.86885245901638,1.35597609561753,0.0,1465.0,241,259,189,179,182,205
0,244.3673469387755,14.776516743729859,[1.7465137],1445.8192771084337,189,262,165,167,165,150
1,226.3048780487805,12.345549738219892,[6.576116],1600.6527777777778,174,196,143,149,143,150
2,209.53503184713375,9.713271028037385,[3.2804606],1559.2285714285715,149,182,137,129,128,131
3,214.66071428571428,6.382402707275804,[10.877551],1513.590909090909,114,171,131,115,125,132
4,226.91616766467067,4.863184079601989,[34.39145],1537.4927536231885,128,160,135,124,128,129
5,213.0311203319502,3.7891963109354414,[72.76556],1552.584541062802,135,151,122,125,123,103
6,261.18950437317784,3.382053654024052,[8.0588255],1490.510344827586,193,224,155,181,181,147
7,513.8363636363637,2.0805194805194804,0.0,1572.890625,256,299,281,298,208,198
8,285.25925925925924,1.7511136776109555,0.0,1444.5671641791046,267,313,299,310,230,234
9,224.43023255813952,1.6481412408305363,[1.9937965],1424.7532467532467,260,313,295,221,222,221
10,202.28205128205127,1.7939651107967944,[1.665938],1335.53125,241,288,264,205,207,209
11,214.28378378378378,1.6950819672131148,[3.0383856],1614.0,215,267,185,188,184,181
0,235.48453608247422,14.881152827754768,[4.671495],1479.942528735632,199,258,178,144,171,183
1,195.75862068965517,11.724580777096115,[2.9063227],1556.7529411764706,193,178,147,137,157,166
2,202.78205128205127,8.806357615894038,[7.6845737],1445.9558823529412,188,151,145,135,144,143
3,228.73333333333332,6.238538812785389,[16.925867],1555.8658536585365,181,148,141,126,128,152
4,225.67080745341616,3.614810330912026,[28.535547],1441.9705882352941,136,144,143,123,132,148
5,205.33333333333334,2.6386688700210836,[56.616283],1502.2973621103117,143,150,127,119,118,106
6,249.65151515151516,2.4521420608377125,[20.967026],1516.2706093189963,205,224,173,169,165,156
7,367.79605263157896,1.833073135583043,0.0,1564.7651515151515,270,311,288,241,193,211
8,284.9888268156425,1.5356167437712498,0.0,1553.0188679245282,279,320,310,288,201,233
9,247.91666666666666,1.6371471665589314,0.0,1402.4642857142858,262,314,312,211,215,233
10,212.54117647058823,1.5781649245063882,0.0,1437.6666666666667,248,296,286,189,196,220
11,210.85333333333332,2.107667731629393,0.0,1424.2615384615385,221,283,193,159,186,210
0,198.84158415841586,14.770489510489512,[2.6085575],1438.2441860465117,210,220,173,182,141,174
1,194.30769230769232,11.337142857142856,[5.770205],1323.8641975308642,192,143,158,163,135,147
2,203.96835443037975,8.34190364277321,[6.7189164],1556.5882352941176,172,132,141,140,128,138
3,200.92737430167597,7.037949194547707,[11.014766],1428.8910256410256,123,135,142,141,125,141
4,226.265625,4.2324969021065675,[37.40311],1471.030864197531,137,144,140,138,115,133
5,221.09807692307692,2.769679633867278,[45.397797],1514.5054945054944,131,153,137,128,112,99
6,252.14098360655737,2.3607770582793717,[9.278557],1498.9453860640301,204,211,186,190,177,160
7,426.1583850931677,1.851846310371656,0.0,1608.5916030534352,257,293,286,264,186,233
8,308.3836477987421,1.813279857397504,0.0,1421.9302325581396,272,313,284,305,222,236
9,221.55882352941177,2.016724115919826,[1.3643619],1433.3541666666667,257,299,284,219,202,231
10,216.3846153846154,2.008423340805652,[2.7489693],1456.0625,243,280,275,211,189,204
11,237.3230769230769,1.9990259740259742,[3.4232178],1420.5849056603774,228,252,185,212,167,188
0,209.4742268041237,15.305250305250308,0.0,1385.2888888888888,219,241,193,145,167,169
1,221.34375,12.328253319713994,[5.0141845],1555.1379310344828,196,154,178,140,155,156
2,213.8109756097561,9.336416184971098,[3.5794537],1501.36301369863,171,144,142,122,148,138
3,212.2058823529412,6.727289719626168,[6.5573006],1515.8309859154929,168,145,154,114,138,137
4,209.88636363636363,4.295196833547283,[41.744762],1504.9533333333334,137,133,146,105,134,124
5,209.18052738336715,3.3413481953290867,[55.081593],1573.9302884615386,126,133,148,105,141,132
6,238.89214175654854,2.6792499484854733,[1.7274332],1494.1927272727273,170,184,205,162,202,132
7,687.4095238095238,2.6788681517158337,0.0,1639.6186440677966,258,288,311,244,217,192
8,224.7,1.8786374915407167,[2.554187],1403.7727272727273,279,309,316,263,229,216
9,216.16216216216216,1.6677532758069673,0.0,1374.642857142857,271,294,301,181,225,218
10,203.96385542168676,1.7570787351085015,0.0,1544.8208955223881,263,281,291,174,198,204
11,230.50602409638554,2.378315703824247,0.0,1381.5890410958905,240,259,206,150,183,191
0,223.4,13.967058908985253,0.0,1417.1190476190477,201,202,154,169,145,188
1,221.57303370786516,11.058212058212058,[3.350669],1557.9036144578313,180,182,136,154,137,173
2,217.24475524475525,8.619361179361178,[3.491823],1505.76,151,136,132,133,119,143
3,204.5144927536232,6.129192546583851,[2.6311762],1520.8275862068965,165,134,121,127,113,145
4,220.09580838323353,4.470430107526882,[28.504755],1532.807142857143,117,134,118,116,108,151
5,217.20618556701032,3.045289855072464,[48.75864],1480.2755344418051,116,123,126,107,110,154
6,231.0224,2.3478260869565215,[14.155034],1437.0592592592593,159,175,177,152,179,170
7,255.81172839506172,2.42366567720156,[3.32712],1476.1516245487364,243,250,252,253,270,226
8,222.01342281879195,1.8361966117871633,[1.3041977],1364.451127819549,266,274,274,276,194,240
9,219.7032967032967,1.6871657754010696,[2.759855],1425.5066666666667,257,267,272,274,189,237
10,212.5,1.9129497953027368,[3.4141119],1351.8133333333333,234,246,252,189,182,223
11,219.6153846153846,1.927074829931973,[3.2728395],1440.4905660377358,221,222,229,182,160,211
0,223.43157894736842,14.12565427681707,[8.611926],1481.3529411764705,215,228,180,171,184,183
1,242.82926829268294,12.614254689042447,[7.942369],1595.3698630136987,192,164,164,163,161,169
2,222.8041958041958,10.027469342251951,[4.35512],1498.7076923076922,168,148,143,149,145,144
3,215.00598802395209,7.534166666666667,[9.544171],1547.0680272108843,118,139,133,146,125,139
4,204.19565217391303,4.97208228379513,[46.41916],1480.5806451612902,117,142,132,141,126,136
5,222.62222222222223,4.064619066613482,[55.471817],1525.4308390022675,133,136,121,148,127,98
6,241.55671641791045,2.214903447458832,[8.958243],1498.7435008665511,183,206,172,195,196,149
7,839.066265060241,1.6321942970435594,[1.5295166],2184.107407407407,266,300,270,282,209,232
8,232.7077922077922,1.2041821411270788,0.0,1386.0827067669172,276,313,303,317,240,240
9,238.60194174757282,1.1746031746031746,[2.625141],1514.3473684210526,265,297,294,229,227,236
10,197.89361702127658,1.2854855051148806,[5.5864677],1383.301204819277,251,272,276,214,217,227
11,231.9189189189189,1.0727450980392157,0.0,1479.0344827586207,234,248,193,194,201,205
0,231.77894736842106,14.53027823240589,[3.0404718],1535.057471264368,204,229,177,169,181,168
1,211.25252525252526,11.95164118246687,[3.5005658],1498.5842696629213,179,155,172,157,170,148
2,219.32911392405063,9.282548350398182,[6.417473],1444.556338028169,161,139,152,148,152,127
3,226.36309523809524,6.676815585475317,[16.455795],1487.2147651006712,111,147,131,135,152,141
4,207.58333333333334,3.897547797173733,34.255333,1481.4335664335665,121,139,123,130,142,147
5,213.20758483033933,2.4114159497791214,[68.17574],1531.6570155902004,126,148,109,129,135,101
6,253.8168168168168,1.8954612355304512,[11.113888],1504.6872791519434,189,211,166,187,188,152
7,743.864705882353,1.5959759618217166,0.0,1917.4589552238806,272,295,271,283,210,212
8,301.811320754717,1.080411255411255,[1.5646601],1503.463768115942,281,310,303,306,240,240
9,210.25806451612902,0.9787350054525626,0.0,1369.921052631579,282,312,305,221,229,223
10,216.82758620689654,1.1753246753246755,0.0,1386.986111111111,249,287,282,213,208,213
11,222.83116883116884,1.2730158730158732,[1.4565622],1476.1666666666667,239,248,198,195,192,188
0,216.975,14.1718373707324,[2.6991367],1407.142857142857,173,213,174,180,174,172
1,223.84313725490196,12.201025641025641,[4.297217],1441.7816091954023,165,146,154,166,157,148
2,209.7841726618705,9.477889800703402,[6.415861],1600.611570247934,151,136,139,158,141,128
3,204.86046511627907,6.798922321809647,[15.021988],1445.6413793103447,121,122,130,146,135,127
4,221.8,4.919896230410844,[41.91099],1445.7829457364342,121,128,123,145,139,131
5,208.57513914656772,3.2394332081869925,[66.099464],1500.5683297180044,124,127,120,136,124,87
6,232.4435736677116,2.391856703227334,[3.1588466],1514.3849056603774,200,192,198,218,177,117
7,308.9413793103448,1.857919970496035,[1.2827979],1497.4980544747082,260,276,274,280,199,190
8,217.6027397260274,1.4436032226729898,0.0,1452.5496183206108,261,297,303,301,212,217
9,226.9875,1.4709488865592932,[1.3063569],1336.12,254,295,299,226,208,217
10,222.24705882352941,1.2991874935719427,0.0,1370.7179487179487,232,265,279,204,196,213
11,211.94915254237287,1.492645850451931,0.0,1463.4615384615386,201,249,199,194,185,189
0,216.27272727272728,14.215363463301136,[1.5127856],1483.0235294117647,176,226,174,176,169,170
1,221.38666666666666,11.388467309753484,[12.886986],1544.2727272727273,170,160,147,161,155,140
2,205.38125,9.15390986601705,[9.253562],1627.1438848920864,147,141,124,137,139,133
3,222.0965909090909,6.451491985203453,[15.8244295],1493.9178082191781,149,139,119,136,146,122
4,226.3756906077348,4.582067510548524,[23.085653],1474.574193548387,116,149,132,127,140,126
5,208.23755656108597,3.424942791762014,[60.866787],1497.730279898219,118,158,127,125,137,95
6,249.79746835443038,2.949011099056997,[7.8129945],1493.4415094339622,165,208,174,175,188,132
7,375.6258064516129,2.371436626777771,0.0,1558.7948717948718,227,305,287,260,181,191
8,219.91666666666666,1.8471230215416259,0.0,1373.0650406504064,241,319,312,296,218,205
9,214.56382978723406,1.9108914153896852,0.0,1510.093023255814,222,306,295,212,211,199
10,232.95698924731184,1.876923076923077,[5.370869],1374.2692307692307,205,293,269,203,202,193
11,217.35384615384615,1.91586178184846,[8.974345],1452.0338983050847,190,264,196,190,187,174
0,207.2403846153846,14.189007139970366,0.0,1339.6559139784947,204,229,187,168,171,183
1,188.16455696202533,11.668513650151668,[5.599884],1415.7432432432433,173,165,163,161,148,179
2,218.84076433121018,9.597882623705408,[1.957446],1511.5142857142857,150,142,139,147,127,164
3,213.48823529411766,6.004733727810652,[7.305406],1487.9724137931034,147,135,132,150,129,152
4,201.73544973544975,3.4841635916359164,41.64371,1577.0718562874251,130,128,127,144,140,144
5,200.49792531120332,1.947967479674797,[60.831165],1525.3587223587224,138,132,133,150,133,134
6,222.83040935672514,1.8990285077241598,[2.8688755],1515.915254237288,185,193,200,188,188,138
7,433.5448275862069,1.8316269491026769,0.0,1578.0041841004183,257,289,301,252,221,225
8,264.67724867724866,1.4472727272727273,0.0,1441.6927710843374,273,303,317,289,228,240
9,225.4111111111111,1.2032312925170068,0.0,1335.2560975609756,274,306,303,223,224,238
10,210.98876404494382,1.3621187072514507,0.0,1482.921052631579,255,286,287,205,212,224
11,205.31666666666666,1.2342513576415823,[4.684419],1435.6666666666667,235,258,209,191,195,201
0,210.74757281553397,14.26875884851345,0.0,1545.1011235955057,204,222,184,186,163,182
1,225.0222222222222,11.212060301507538,[3.8389466],1415.6951219512196,185,156,168,161,162,163
2,202.3835616438356,8.775824175824178,[5.0482435],1497.464,172,142,153,145,148,150
3,223.86470588235295,5.926118192352258,[1.8389283],1460.2537313432836,178,136,151,134,132,132
4,198.8622754491018,3.717755443886097,39.615803,1456.1776315789473,122,138,148,126,133,129
5,216.94401544401543,1.8787878787878785,[56.85964],1533.9054054054054,116,130,134,127,116,125
6,225.2962962962963,1.1766985587985952,[5.9859395],1520.7101449275362,181,193,193,182,176,152
7,328.57784431137725,1.2665536859944317,0.0,1564.5244299674266,266,286,270,264,202,214
8,358.5194805194805,0.8761397761397759,0.0,1537.1851851851852,285,314,305,295,227,239
9,230.72619047619048,0.9600291359373577,0.0,1452.1038961038962,273,300,298,237,228,233
10,188.88888888888889,0.9720176730486006,0.0,1162.15,254,264,283,221,209,224
11,219.04,0.9702966432474629,0.0,1365.6470588235295,231,252,206,208,182,202
0,204.35955056179776,13.946543147574076,0.0,1498.0875,202,220,151,162,159,173
1,210.32584269662922,11.632620491541651,[6.413488],1414.7333333333333,192,189,138,140,145,160
2,225.35119047619048,9.127378640776698,0.0,1568.525179856115,178,129,125,120,131,141
3,215.24309392265192,5.914088669950739,[5.021306],1545.9620253164558,166,123,116,131,126,150
4,194.1304347826087,3.7083333333333335,[19.428947],1459.6074074074074,127,133,115,124,134,150
5,211.01709401709402,2.2642118863049094,[58.080566],1478.0833333333333,125,122,130,118,133,146
6,225.9481361426256,1.3119596243743017,[4.619619],1438.6952554744526,184,186,176,165,201,139
7,280.54901960784315,1.804420241578078,0.0,1466.0,255,272,244,229,286,215
8,237.61875,1.5638297872340425,0.0,1378.2867132867134,278,304,267,255,222,225
9,200.0487804878049,1.5675513390176536,[2.3071663],1495.304347826087,266,288,262,254,227,217
10,218.34065934065933,1.5926674467255257,0.0,1534.0389610389611,253,274,232,183,203,198
11,197.97058823529412,1.7136712749615972,0.0,1459.375,232,254,228,165,178,183
0,227.18823529411765,14.176636851520573,[3.3486416],1483.35,188,230,150,157,177,173
1,216.7835051546392,10.545670559806686,[5.028458],1239.0602409638554,170,211,126,148,151,149
2,201.96,8.286060606060605,[8.190938],1535.094890510949,159,137,119,127,143,140
3,206.56028368794327,5.996716417910449,[4.0818405],1602.016,149,128,121,128,151,127
4,216.85405405405405,4.27383401920439,[18.991125],1527.4662576687117,115,120,118,115,138,123
5,220.17263157894737,2.7441926026161476,[41.72298],1455.1052631578948,112,119,116,131,139,122
6,215.115873015873,1.4561279893894805,[6.892237],1496.2246376811595,179,182,182,175,181,150
7,329.7601246105919,1.8134688401039138,0.0,1496.4496124031007,256,268,258,264,268,209
8,243.18309859154928,1.7622112400873464,0.0,1319.6666666666667,259,292,269,299,237,226
9,208.73737373737373,1.761319761319761,[1.6976614],1422.7012987012988,250,292,267,292,226,227
10,231.08641975308643,1.9465244370075991,0.0,1481.6911764705883,224,272,246,202,212,210
11,230.85294117647058,1.700387331966279,0.0,1540.7894736842106,218,249,221,181,196,189
0,231.8409090909091,13.815212720240652,[2.6698787],1470.3733333333332,197,221,167,155,168,166
1,204.35416666666666,11.498818990630658,[2.0280163],1413.9529411764706,183,196,159,132,152,155
2,202.0142857142857,8.18206561360875,[4.6820874],1443.9918032786886,165,134,141,120,127,136
3,202.76470588235293,6.369850746268657,[2.2460186],1465.236111111111,151,126,138,112,128,149
4,210.85393258426967,4.163368513632365,[19.676939],1476.883870967742,117,126,131,110,127,147
5,216.67551020408163,2.7369791666666665,[56.325123],1507.6192771084338,123,123,128,108,127,159
6,221.25943396226415,2.4857948566858874,[12.036595],1483.2396396396396,163,172,170,157,195,176
7,334.54153846153844,2.2262013729977115,0.0,1526.8805970149253,261,246,245,252,276,240
8,289.0268456375839,1.612884570899838,[1.2929543],1464.3361344537816,279,276,281,293,208,235
9,219.77966101694915,1.5161186331399097,[2.6678293],1380.96,259,284,286,284,206,232
10,210.9873417721519,1.5623304837436056,[3.2226007],1350.0144927536232,251,258,268,194,201,215
11,187.59259259259258,1.0257611241217799,0.0,1311.3333333333333,226,245,248,180,186,196
0,217.73684210526315,14.583489681050656,0.0,1275.20987654321,193,232,139,167,165,170
1,225.77272727272728,11.657087516799749,[4.9743953],1621.15,186,206,121,159,136,165
2,222.74015748031496,9.24107854630715,[2.2741249],1475.7610619469026,170,159,111,129,127,157
3,211.5586592178771,7.025316455696202,[2.1508453],1464.1118881118882,162,149,97,121,118,143
4,209.1823899371069,5.00445632798574,[31.463923],1586.0285714285715,121,150,97,124,127,129
5,205.6056603773585,3.847857783759533,[50.63675],1457.5258426966293,128,152,99,113,126,125
6,238.59294871794873,2.3667296786389413,[8.553482],1473.2943327239489,185,208,152,182,190,141
7,325.280276816609,2.229939228574972,[2.4787903],1497.6872586872587,261,290,248,263,196,208
8,312.31720430107526,2.008582326764145,0.0,1481.2875816993464,274,306,256,304,212,221
9,241.98979591836735,2.3054915514592933,[2.5853846],1437.275,273,301,260,223,207,224
10,233.64864864864865,2.5324675324675323,[2.6265502],1443.2068965517242,250,286,242,205,196,207
11,225.06153846153848,2.283609958506224,[1.9049486],1359.35,220,259,157,192,187,190
0,221.0,13.26856636645504,0.0,1520.55,198,209,159,148,170,158
1,217.58585858585857,11.211012145748988,[3.445053],1386.5632183908046,171,191,144,132,158,154
2,216.79710144927537,8.791206690561529,[6.250132],1560.344,160,136,137,120,141,143
3,223.51724137931035,6.150113493064313,[2.7636745],1521.6066666666666,139,124,127,118,141,144
4,187.6158940397351,3.7195767195767195,[32.65425],1464.3333333333333,115,110,130,125,122,154
5,207.5976331360947,2.733185134518924,[39.922516],1481.5883720930233,115,102,135,127,116,136
6,210.55882352941177,2.126845582837099,[2.6179397],1409.224074074074,197,158,199,195,182,135
7,331.47231270358304,1.2090467010042298,0.0,1566.008032128514,265,239,267,250,280,210
8,235.69444444444446,1.1856692729606721,0.0,1391.456,278,273,286,281,216,224
9,223.05504587155963,1.4895387250703536,[2.279185],1315.763440860215,261,264,270,271,208,212
10,226.85263157894738,1.718230063109582,0.0,1286.1904761904761,244,250,259,176,199,200
11,243.16981132075472,1.3007680491551457,0.0,1590.179487179487,228,228,247,166,190,181
0,233.46808510638297,14.070168684818368,0.0,1500.012048192771,206,250,132,163,179,169
1,212.15384615384616,11.668817204301074,[5.4524674],1557.4878048780488,192,177,113,146,155,147
2,209.39240506329114,9.119999999999997,[6.5595],1463.1223021582734,173,161,109,127,142,135
3,205.4223602484472,6.501826809015421,[6.5258927],1455.5333333333333,178,158,108,122,140,137
4,210.21383647798743,5.065245478036175,[24.604912],1440.9183673469388,144,145,99,109,135,142
5,214.6890756302521,3.394440803844473,63.19524637858073,1505.7936117936117,143,143,105,109,130,133
6,230.67397660818713,2.5557582184517496,[13.031056],1491.7529610829104,186,195,139,158,207,140
7,268.3630769230769,1.551158221016799,0.0,1426.6058394160584,269,297,228,258,305,214
8,223.36231884057972,1.1190103000447824,0.0,1441.4827586206898,278,316,274,290,235,231
9,207.91,1.0281399701786107,0.0,1413.132530120482,263,301,262,217,231,227
10,196.02325581395348,1.0385168825084499,[1.5687857],1351.7246376811595,253,292,243,214,213,208
11,217.5,1.0871428571428572,0.0,1423.7457627118645,226,273,152,191,197,186
0,235.46875,14.689073266769789,[7.0151877],1405.530864197531,206,261,160,158,163,146
1,208.01282051282053,12.06451612903226,[7.2231936],1499.2297297297298,177,188,139,147,140,139
2,208.38235294117646,9.253592233009709,[7.7657723],1588.048,166,162,115,135,112,134
3,203.2875,6.538265306122449,[14.931221],1449.027972027972,115,158,104,121,103,134
4,212.17857142857142,4.380960568546539,[44.72137],1494.4295774647887,112,164,99,114,106,132
5,226.33199195171025,3.7136215129429506,[45.497925],1503.472972972973,114,176,97,109,99,97
6,273.1876876876877,3.015987708151654,[7.7098694],1515.0418181818181,172,250,151,174,164,136
7,374.09615384615387,1.8457978299515723,[1.4454163],1502.7121212121212,258,303,275,268,183,196
8,254.69444444444446,1.3667604840979455,0.0,1438.4692307692308,272,319,303,295,209,217
9,233.1978021978022,1.3144654088050316,0.0,1429.6486486486488,255,312,287,208,211,211
10,218.59756097560975,1.6501513900357836,[8.503314],1345.1363636363637,241,304,256,196,191,196
11,202.140625,1.788628762541806,[1.4103221],1160.7368421052631,215,281,173,176,177,174
0,207.74444444444444,14.871738690757097,[5.9983788],1452.425,198,259,144,179,189,172
1,217.02173913043478,11.434760914760915,[3.8657207],1558.9146341463415,192,152,135,159,172,152
2,201.3815028901734,9.05933256616801,[4.522538],1495.1052631578948,184,140,121,138,145,141
3,222.625,6.458479532163743,[7.9389205],1471.0,182,143,129,133,143,125
4,197.35087719298247,4.744166666666667,[30.822441],1501.4054054054054,133,142,132,128,137,128
5,216.422131147541,2.9139527458492975,[59.692585],1508.6754807692307,123,152,125,121,128,134
6,219.1574212893553,1.8670506164828033,[7.179258],1460.8207381370826,167,217,178,180,187,143
7,240.29375,1.1401540220203357,0.0,1392.3285714285714,256,298,275,279,200,203
8,226.58536585365854,0.643186029535628,0.0,1429.8510638297873,278,315,296,295,225,210
9,213.60377358490567,0.6792523715600638,0.0,1383.1770833333333,275,303,284,227,219,213
10,210.89795918367346,0.9661273349118654,0.0,1341.5194805194806,258,290,267,209,215,209
11,196.45070422535213,1.2867588932806324,0.0,1250.1803278688524,232,274,173,190,200,196
0,187.525,14.781610794269023,0.0,1330.1805555555557,199,219,169,170,189,160
1,233.70886075949366,11.916037955977286,[10.998309],1606.3285714285714,178,189,159,146,171,146
2,209.640625,9.780840336134455,[3.985862],1349.3963963963963,155,132,142,129,148,127
3,213.86243386243387,7.252830188679247,[1.9757977],1393.1098265895953,149,134,133,127,135,117
4,196.75739644970415,5.177083333333333,[33.08633],1494.290780141844,117,134,126,127,137,127
5,202.94296577946767,3.4072045152722445,[57.366352],1519.1599099099099,108,134,129,131,127,124
6,238.70713201820942,2.1039909149902662,[1.6188902],1479.4330985915492,160,193,198,199,185,137
7,304.2884012539185,1.993957612194085,0.0,1456.8309859154929,239,272,297,299,198,192
8,241.22222222222223,1.6091580832960144,0.0,1398.0692307692307,265,289,308,318,225,219
9,208.10526315789474,1.5727619047619048,0.0,1461.6704545454545,258,284,285,233,227,213
10,218.3404255319149,1.690374003678725,0.0,1487.8072289156626,233,262,269,214,220,200
11,198.52459016393442,1.8220194647201944,0.0,1379.148148148148,228,244,192,190,202,177
0,224.35802469135803,14.300904977375566,0.0,1523.84,195,240,198,161,158,153
1,224.03703703703704,11.778219461697724,[4.7457848],1507.9368421052632,171,179,180,144,149,143
2,225.1918604651163,9.309351230425056,[3.0056336],1582.1292517006802,154,163,172,123,143,139
3,209.00552486187846,6.70190585533869,[15.390785],1516.3489932885907,153,159,165,128,126,140
4,225.39772727272728,5.508574007220217,[25.699997],1494.2,131,160,160,119,124,137
5,222.994,3.9489633173843703,[53.582226],1532.1764705882354,134,150,159,118,126,149
6,269.48805970149255,4.114564242542407,[16.041578],1457.418118466899,188,235,211,156,176,149
7,379.19871794871796,1.77639624949042,[3.8749568],1548.1969111969113,262,303,295,290,188,223
8,272.9837837837838,1.2579830066085407,0.0,1448.1375,272,314,308,307,205,231
9,214.64583333333334,1.3191763191763193,[3.6287196],1439.0963855421687,266,317,310,227,212,222
10,226.67857142857142,1.6951313111088868,0.0,1545.9041095890411,236,290,302,213,189,197
11,222.27142857142857,1.7548387096774194,0.0,1439.5166666666667,215,271,218,183,175,178
0,233.74468085106383,14.007529898124908,0.0,1532.8048780487804,223,203,126,149,158,183
1,214.40594059405942,11.848944430963359,[4.6814017],1458.7441860465117,205,187,101,138,138,182
2,227.6206896551724,9.646996381182147,[7.5372734],1349.8790322580646,179,126,95,134,133,162
3,204.22754491017963,7.025766871165644,[5.3668504],1440.6666666666667,176,128,98,125,135,153
4,232.13924050632912,3.842871485943775,[17.347311],1474.0444444444445,125,131,107,109,127,148
5,214.68607068607068,2.1994007236544553,[44.702484],1449.8438287153651,122,133,105,112,131,134
6,237.22459016393444,1.431083257170214,[6.886068],1456.214145383104,173,171,160,166,181,148
7,247.02743902439025,1.5877505768135916,0.0,1450.1892857142857,250,238,236,247,255,225
8,268.9685534591195,1.4973922008611802,0.0,1447.3185185185184,270,270,254,275,190,240
9,224.3684210526316,1.8498453927025356,[6.9961166],1338.7978723404256,278,259,235,270,191,237
10,197.8,1.6997324772605678,[1.2542486],1259.125,257,245,229,185,187,232
11,202.19230769230768,1.822163924000318,[2.8267562],1411.5151515151515,236,228,194,160,175,205
0,208.26530612244898,15.005101355886692,0.0,1454.7045454545455,198,251,167,168,173,189
1,201.46363636363637,11.532656023222062,[3.2606356],1434.1157894736841,191,235,148,162,153,171
2,208.64864864864865,8.931147540983606,[2.0393944],1533.7301587301588,171,162,134,149,140,159
3,207.11475409836066,6.70344827586207,[7.2803435],1491.9177215189873,175,160,129,135,125,146
4,226.4011976047904,4.570687222893994,[26.793062],1404.5,127,161,139,132,131,137
5,208.6828793774319,2.9660493827160495,[59.289383],1517.9822222222222,118,157,137,127,134,137
6,227.1681818181818,2.4004932574883653,0.0,1451.1042402826856,171,212,194,168,199,149
7,405.5337620578778,2.1001788375558865,0.0,1613.844696969697,244,298,278,268,220,217
8,215.50359712230215,1.5829414043047632,0.0,1419.5083333333334,270,314,301,287,238,233
9,204.1090909090909,1.3548407442447181,0.0,1535.51,261,300,293,197,228,231
10,197.89156626506025,1.436268112304655,0.0,1445.8533333333332,242,281,266,196,212,226
11,190.83823529411765,1.5798534798534798,0.0,1433.7777777777778,219,268,239,180,190,204
0,221.85,14.085281201303305,0.0,1442.4022988505747,208,248,168,140,144,178
1,194.1875,11.712787212787212,[2.609659],1383.6567164179105,189,216,157,134,132,173
2,207.68382352941177,9.745555555555553,[8.848133],1455.0420168067226,172,151,136,123,125,157
3,219.46927374301677,7.39583535108959,[5.757529],1491.7739726027398,159,148,134,118,118,149
4,207.16216216216216,4.767006802721089,[23.688087],1562.2222222222222,111,155,119,127,128,144
5,215.18571428571428,3.138721552878179,[46.227345],1499.611111111111,111,151,103,126,121,135
6,217.638698630137,1.8941731480300907,[11.481666],1480.7315573770493,168,211,170,162,177,135
7,283.62382445141066,1.9604362767070076,0.0,1493.41796875,256,269,258,230,246,196
8,207.79054054054055,1.5015509424958247,0.0,1408.0708661417323,274,294,287,263,194,212
9,193.79646017699116,1.5028908844876367,0.0,1463.6666666666667,268,277,282,254,187,210
10,214.9156626506024,1.6800284292821608,[4.0542374],1333.6052631578948,253,271,273,158,172,213
11,228.125,1.623366291624048,0.0,1415.2181818181818,230,266,257,150,162,192
0,214.57647058823528,14.824301499049898,0.0,1422.2435897435898,208,208,137,162,184,194
1,200.27472527472528,11.828278463109921,[4.029325],1396.3552631578948,183,185,120,154,169,168
2,211.26277372262774,9.016654804270463,[3.0185554],1397.9734513274336,167,121,110,142,153,150
3,197.9760479041916,6.638411910669975,[2.7702863],1503.6986301369864,167,120,102,142,142,133
4,198.94478527607362,5.340823346648913,[26.485147],1557.354609929078,116,113,106,143,130,143
5,215.6653144016227,3.781420765027322,[51.568043],1488.5518072289155,115,107,100,147,127,136
6,231.46656534954408,2.6286597335338096,[9.300871],1507.3275862068965,162,166,162,206,192,153
7,318.72566371681415,2.1452865483816113,[1.9017917],1511.8039867109635,252,225,253,276,293,235
8,284.03333333333336,1.4893873883991235,[1.3244625],1393.484375,284,286,271,304,234,240
9,214.0909090909091,1.5984608289617794,[3.0437462],1520.925,274,276,266,302,226,233
10,199.74285714285713,1.905719071548217,0.0,1347.581818181818,258,254,248,198,215,220
11,219.82191780821918,1.9334668446817982,0.0,1217.280701754386,247,232,224,182,197,202
0,221.50485436893203,14.498768135778809,[1.9028786],1318.32,232,220,168,162,167,175
1,201.48,11.983612512613524,[12.304688],1340.5111111111112,211,149,157,156,156,162
2,232.30769230769232,8.988450390189518,0.0,1427.2342342342342,198,134,145,138,143,139
3,215.9367816091954,6.988095238095238,[11.204883],1533.291390728477,177,130,138,135,131,129
4,226.1206896551724,5.078252032520325,[31.2276],1547.301886792453,129,131,126,133,148,112
5,206.90873786407766,3.378042155584528,[62.146984],1520.831381733021,132,133,122,125,133,122
6,238.5374251497006,2.4959264338146325,[7.407011],1478.6380789022298,171,213,176,189,187,142
7,399.60625,2.047719821162444,0.0,1639.0586080586081,247,285,298,276,206,213
8,262.5,1.4720407485328317,[1.2896954],1348.96,276,303,310,306,214,233
9,239.6,1.460734622364057,[1.4923344],1403.3,273,304,302,215,199,229
10,222.125,1.312981624184944,[2.5050132],1404.4225352112676,267,283,287,196,198,215
11,235.20833333333334,1.5505636070853461,0.0,1503.6612903225807,245,256,187,181,184,189
0,235.7888888888889,14.803704204407193,0.0,1436.3194444444443,215,239,169,175,164,176
1,239.4794520547945,12.07932454067241,[5.023421],1485.0,198,204,157,161,137,152
2,221.33333333333334,9.275464414957781,0.0,1448.3095238095239,179,127,124,148,116,135
3,222.50555555555556,6.6545271122320315,[5.3815722],1541.3290322580644,176,121,125,138,100,133
4,208.88439306358381,4.459333333333333,[17.087942],1432.3986928104575,134,126,115,132,97,146
5,197.51881188118813,3.5591468777484607,[61.142307],1503.204899777283,137,122,115,123,107,154
6,216.95114006514657,2.261526460565752,[4.3640075],1505.389090909091,192,172,166,181,196,152
7,397.5536231884058,2.181528843421426,0.0,1566.7534246575342,259,255,259,264,271,222
8,234.90845070422534,1.797556571299588,0.0,1423.0314960629921,274,290,293,296,218,240
9,227.05454545454546,1.658067677408197,0.0,1361.0315789473684,275,293,286,277,212,234
10,198.26436781609195,2.056649671765137,0.0,1453.2714285714285,262,279,263,202,203,220
11,231.15853658536585,1.6573429071553605,0.0,1322.3384615384616,246,254,250,188,187,208
0,201.7111111111111,13.987782805429866,[1.6828896],1469.658536585366,207,214,166,171,161,186
1,240.25,11.997135436559466,[9.22379],1427.6986301369864,189,191,152,147,151,177
2,208.09154929577466,9.35898148148148,[8.048302],1439.22131147541,178,127,143,131,126,159
3,224.95505617977528,6.1506288532675715,[4.045028],1457.9054054054054,164,119,131,130,120,147
4,205.9835164835165,3.8034924845269673,[18.573708],1518.125,121,125,133,122,117,136
5,212.3913894324853,2.3775542784163473,[57.676304],1509.8723897911832,127,127,128,131,122,148
6,258.5253164556962,2.4529770929803716,[8.568524],1528.7445652173913,175,182,187,183,185,149
7,256.3980263157895,1.7701830592615573,[2.6798542],1446.0,244,262,280,256,209,214
8,226.751677852349,1.0757575757575757,[5.62896],1446.2666666666667,260,282,304,291,226,221
9,212.7913043478261,1.0678741844386017,[1.9517897],1318.3854166666667,251,279,286,214,225,212
10,211.44303797468353,1.297670287627246,0.0,1202.7101449275362,233,264,273,203,209,212
11,207.72413793103448,1.4632034632034632,[1.4120709],1156.4927536231885,222,238,256,183,192,207
0,214.8494623655914,13.955797933409874,[9.158752],1473.7875,186,231,172,138,173,172
1,214.74698795180723,12.17402763018066,[13.236079],1431.3424657534247,170,170,157,134,148,162
2,216.84552845528455,9.762352941176472,[11.076889],1539.990909090909,157,154,139,109,142,149
3,219.65060240963857,6.734402852049911,[20.456236],1499.9594594594594,111,136,134,98,134,135
4,230.0,5.071301247771836,[42.98955],1511.2933333333333,127,133,127,105,126,130
5,216.9724409448819,4.0155581016703845,[60.563183],1496.9252747252747,143,122,106,117,136,97
6,274.1872074882995,3.1104171671070535,[16.822538],1525.831119544592,211,210,157,173,191,144
7,561.265625,2.1963492254113133,[11.918926],1762.1098039215685,277,296,278,264,184,215
8,206.328125,1.3102620893318573,[4.541689],1475.9734513274336,284,306,300,213,214,231
9,235.99,1.2761904761904759,[4.3323975],1499.6818181818182,251,297,294,187,219,212
10,216.03846153846155,1.4999651397894445,[6.2668953],1497.1142857142856,234,280,278,170,203,201
11,234.97222222222223,1.4048092868988393,[4.9572816],1350.4827586206898,218,260,191,157,195,185
0,222.72,16.14176245210728,[29.524437],1401.7121212121212,149,178,188,183,153,193
1,246.3116883116883,13.11094806118819,[41.54409],1713.1940298507463,134,161,175,153,149,165
2,224.55172413793105,9.33528880866426,[43.280888],1664.4873949579833,122,140,154,131,136,148
3,234.3470588235294,6.338151454074287,[46.163464],1667.2,122,129,139,131,132,102
4,242.23529411764707,3.969679633867277,[55.198074],1601.357142857143,130,124,138,133,139,96
5,227.25443786982248,3.4017434620174347,[55.77081],1623.3766816143498,135,130,138,136,102,89
6,317.72884012539186,2.544461003477397,[42.48305],1641.6257425742574,207,183,191,208,140,169
7,765.2684563758389,1.9783811442642874,[39.468227],1913.3212669683257,270,270,284,225,208,232
8,267.0738255033557,1.589008042895442,47.368225,1557.3100775193798,278,302,221,232,219,240
9,260.79464285714283,1.4332759807295248,[45.53981],1665.1052631578948,274,290,221,234,208,226
10,225.33333333333334,1.566610590402948,47.492477,1480.984375,261,200,210,223,196,224
11,274.4583333333333,1.5016447368421053,44.60812,1602.2241379310344,234,183,197,204,180,218
0,296.56666666666666,17.58672743846855,[33.70084],1462.6913580246915,240,194,194,185,157,127
1,234.54347826086956,14.54958199928851,[22.333403],1591.3176470588235,151,188,175,175,133,115
2,279.78125,12.183333333333332,[39.31715],1674.5466666666666,147,179,157,156,109,102
3,296.2875,9.28030303030303,[38.781086],1606.5202702702702,165,195,147,151,104,96
4,309.27272727272725,9.05817610062893,[51.056347],1618.1363636363637,188,198,128,154,95,85
5,499.45889101338435,9.674917491749175,[41.529778],1823.2648514851485,201,200,109,149,87,62
6,821.2484276729559,11.616895345708906,[30.44992],2150.417322834646,267,284,237,132,87,55
7,1054.3163265306123,4.061401597676108,[30.733122],2378.53112033195,283,317,229,211,225,112
8,427.86857142857144,1.8050067658998652,[41.242622],1692.5944055944055,287,320,240,224,227,180
9,335.35869565217394,1.793149284253579,[40.286793],1643.0,284,315,240,231,220,177
10,330.961038961039,2.2403116503672447,[36.041595],1589.3857142857144,271,224,225,212,196,169
11,380.55555555555554,3.042370632463512,[31.642761],1880.4259259259259,252,207,202,197,180,152
0,219.62105263157895,14.818413574055501,[43.51601],1544.1764705882354,156,174,166,161,172,168
1,236.97058823529412,12.090532757379407,[53.046314],1793.983606557377,153,155,148,161,156,153
2,232.94244604316546,10.605578132828594,48.642277,1644.655737704918,133,144,122,150,133,99
3,243.96571428571428,8.30056955957819,[47.25514],1567.58,142,144,114,145,127,99
4,234.16167664670658,5.048821548821549,63.084286,1677.2142857142858,144,140,122,138,86,99
5,237.59477124183007,3.381919756221432,72.71172,1646.1432291666667,141,139,113,121,81,121
6,370.4673913043478,3.1509625126646403,[50.840145],1716.327239488117,197,198,172,115,122,183
7,957.1428571428571,1.764668928257319,[42.067524],1999.6725663716813,276,295,300,206,199,240
8,251.62745098039215,1.2093895155938947,46.731777,1575.6,283,307,227,218,232,240
9,222.55421686746988,0.8834464043419267,[46.39578],1478.7428571428572,276,299,220,214,225,240
10,241.43589743589743,0.9303488606573906,[42.952564],1666.7076923076922,263,207,196,200,208,231
11,245.5,0.8716249060939504,[39.672184],1600.142857142857,247,190,187,182,186,199
0,232.54545454545453,15.618265173644923,[45.119953],1763.2597402597403,153,156,193,166,189,170
1,221.76666666666668,12.681688125894132,[41.25583],1465.7323943661972,146,132,168,159,174,153
2,210.38888888888889,10.724637681159422,[48.516987],1443.8482142857142,134,124,156,153,163,89
3,244.46470588235294,8.254206662902314,[46.770176],1565.6808510638298,125,120,140,161,134,90
4,207.2864864864865,6.54626816198,[49.163395],1572.525641025641,135,119,145,154,137,97
5,226.75946547884186,3.4501228501228502,73.520546,1605.178756476684,142,126,134,148,84,106
6,338.49264705882354,2.2828331437571094,[44.238033],1658.2163636363637,189,188,189,190,125,158
7,1077.177177177177,2.079204095431276,[38.458084],2371.669491525424,285,287,285,206,202,214
8,521.5654761904761,1.0659574468085105,[41.532368],1819.7172413793103,293,303,223,214,231,240
9,226.0,1.1860215053763437,[39.809452],1539.879518072289,291,295,222,208,232,240
10,219.89285714285714,1.2405275110562173,[38.02558],1474.5833333333333,277,197,213,202,219,213
11,235.45714285714286,1.5454268425405948,47.017975,1585.3636363636363,237,180,201,186,204,201
0,229.1089108910891,15.816666666666668,46.082523,1663.2197802197802,163,169,194,176,158,180
1,227.74257425742573,12.210681976339595,49.19191,1506.0,150,149,173,166,146,174
2,239.98591549295776,9.944673521582546,55.517025,1591.0555555555557,151,140,156,145,133,108
3,236.7719298245614,6.915225373849184,56.58337,1604.3469387755101,155,140,151,150,126,95
4,217.66257668711657,4.512121212121213,[56.42867],1566.3741496598639,146,133,144,151,96,110
5,234.9872495446266,2.973237043330501,77.311066,1690.274678111588,159,129,128,128,94,111
6,490.88958990536275,2.4798071127185053,47.833393,1836.454372623574,225,234,183,148,160,156
7,1499.5681818181818,1.0980450629555996,[43.54042],2488.296875,285,300,231,227,226,240
8,218.35245901639345,0.5316195372750644,46.92181,1609.9029126213593,291,313,240,235,237,240
9,243.42056074766356,0.7210649698593432,[44.917248],1484.4623655913979,274,303,232,228,225,231
10,227.75,0.8464001249414338,49.61491,1699.1323529411766,258,214,232,221,208,215
11,239.6705882352941,1.1167417736587022,[43.270645],1564.44,242,199,217,196,182,202
0,313.26190476190476,17.455498575498577,[33.13844],1568.9333333333334,244,173,186,173,176,101
1,268.013698630137,16.022004777655273,[41.598293],1553.55223880597,179,168,174,151,142,93
2,271.00763358778624,13.14992025518341,[47.882538],1618.4615384615386,164,162,160,133,129,88
3,285.09248554913296,10.591045415595545,[48.755413],1698.3333333333333,169,157,150,123,107,72
4,278.2951807228916,9.659624003259413,[48.2666],1642.7357142857143,171,177,154,109,95,41
5,491.4522417153996,7.925619834710744,[49.959576],1691.0277078085642,181,174,146,113,68,44
6,759.7018284106891,11.837763012181616,[34.420128],2150.29650092081,247,273,252,122,93,45
7,913.1772575250836,4.571617752326414,[44.282455],1931.5073891625616,272,299,232,230,236,128
8,412.6439393939394,3.0946662078458362,[42.781788],1780.5945945945946,276,305,240,234,240,158
9,301.4810126582278,3.675187969924812,[39.878746],1765.2028985507247,272,214,234,234,225,151
10,327.28205128205127,3.6789388657427087,[44.46578],1610.3538461538462,263,195,210,218,210,142
11,321.04,4.3810088479430815,[43.92061],1734.578125,253,185,210,202,187,117
0,213.14473684210526,14.941381267738883,[34.046207],1641.0149253731342,218,150,169,156,191,173
1,227.07407407407408,11.178609625668448,[38.4962],1606.0704225352113,192,134,153,141,152,163
2,215.42307692307693,8.42296389588581,[34.343586],1462.5593220338983,124,123,142,124,132,149
3,225.2325581395349,5.819080384447356,[35.338528],1572.6965517241379,127,124,133,124,127,128
4,236.44827586206895,3.6060678451982797,[44.015797],1600.6953642384105,132,124,122,130,126,94
5,232.78343949044586,2.715644820295983,[75.87681],1604.8657074340529,138,113,118,121,99,99
6,255.99519230769232,2.7904829545454546,[33.22603],1542.8610038610038,196,173,171,190,142,152
7,439.9570200573066,1.911764705882353,[17.613688],1652.1904761904761,269,273,268,199,213,206
8,335.0625,1.1796825396825397,19.198908,1520.8803418803418,284,302,295,226,233,235
9,267.1162790697674,1.6228813559322033,[29.649725],1535.1538461538462,274,302,213,222,236,228
10,255.0759493670886,1.6623906705539364,[25.800348],1402.623188405797,253,280,198,201,227,213
11,233.53968253968253,1.706837186424004,[34.05747],1384.673076923077,238,170,185,181,213,190
0,237.5632183908046,15.548597833014657,[37.542896],1530.7368421052631,161,187,171,168,185,174
1,232.45833333333334,12.821327683615822,[42.40156],1493.8117647058823,156,160,154,147,168,159
2,219.4812030075188,9.36964643456603,[40.717163],1578.4260869565217,130,147,141,128,152,105
3,216.35175879396985,6.700874106027926,[43.690716],1609.8372093023256,131,130,136,129,133,107
4,219.7448275862069,4.5761801279729575,[58.868332],1642.3161764705883,137,132,145,135,86,118
5,233.89017341040463,3.1868958766670743,[71.38468],1591.0157303370786,142,132,139,128,83,119
6,254.49019607843138,1.8965625985493535,22.83226,1571.9943925233645,197,183,211,136,146,184
7,1062.4730538922156,1.091498379456495,[17.132133],2174.6919831223627,283,284,300,211,210,240
8,277.05194805194805,0.531037796284433,[33.256268],1589.7966101694915,292,320,240,240,229,240
9,228.86315789473684,0.7067389875082183,[36.47256],1477.0253164556962,289,302,239,235,227,229
10,235.48863636363637,1.0659634317862168,43.08949,1679.1791044776119,273,291,213,219,215,211
11,210.5810810810811,1.0331983805668017,30.406998,1393.296875,246,203,204,189,201,192
0,231.19767441860466,15.86175337186898,[37.876545],1723.1714285714286,158,185,169,168,171,187
1,254.7,11.913280967858434,[39.41067],1480.2933333333333,146,166,150,149,159,153
2,240.35664335664336,9.10027517886626,[42.61165],1679.784,135,140,136,135,147,97
3,233.45744680851064,5.6226040205703605,[53.634125],1660.0617283950617,123,118,137,124,141,101
4,249.03896103896105,3.598216497399059,[64.30276],1645.8880597014925,135,120,137,142,92,108
5,234.1462365591398,3.121541501976285,74.571266,1538.549872122762,139,115,146,137,92,107
6,264.6939102564103,2.257753602442981,[45.428974],1597.7294776119404,193,182,201,132,136,154
7,804.0727272727273,1.8687572590011614,[33.519264],1939.3795918367348,271,286,290,206,202,221
8,354.312925170068,1.0899735274652549,[36.813442],1661.8560606060605,284,308,229,229,221,240
9,301.72072072072075,1.5952380952380953,[38.022915],1556.370786516854,277,302,230,219,204,238
10,258.8142857142857,1.995233366434955,[34.97298],1580.7543859649122,263,217,213,212,185,235
11,240.3827160493827,1.7246022031823742,[42.660316],1519.21875,242,192,204,182,172,212
0,232.6764705882353,16.823863636363637,[32.41501],1513.304347826087,167,185,179,197,183,145
1,213.09333333333333,13.271739130434783,[46.173004],1578.6984126984128,151,171,164,189,156,135
2,255.10791366906474,11.127476359025835,[40.94561],1655.016393442623,131,153,145,161,152,81
3,220.38787878787878,8.37116647668675,[44.395885],1657.858208955224,138,150,138,157,144,74
4,255.1195652173913,6.8350439882697955,[76.20446],1564.7735849056603,140,157,134,152,82,79
5,255.13188976377953,4.847657668563129,[74.05941],1646.5093457943926,166,156,125,135,84,85
6,404.49423393739704,4.799267399267399,[47.1297],1793.3592233009708,240,216,205,138,106,135
7,888.2432432432432,2.3101423487544483,[42.948147],2207.090909090909,282,295,236,218,185,189
8,412.06410256410254,1.408,[23.17188],1723.3484848484848,284,309,240,235,219,213
9,235.3578947368421,1.6651821862348182,[44.107845],1556.4383561643835,274,305,240,234,223,206
10,229.5340909090909,1.7354781771501921,[53.395634],1557.4358974358975,256,215,216,225,207,193
11,264.63235294117646,2.067736033697826,[43.42274],1489.2833333333333,244,208,206,220,188,171
0,238.8735632183908,16.058840366372262,[39.971737],1645.560975609756,143,176,165,181,180,174
1,248.43809523809523,13.115881184543158,[55.163418],1593.936170212766,131,158,152,157,165,160
2,241.7103448275862,10.139891304347826,[53.64256],1633.7251908396947,135,138,146,131,140,110
3,239.08064516129033,6.814291412616104,[58.186802],1657.8164556962026,128,147,137,110,140,101
4,233.23529411764707,4.741808327174179,[63.012974],1606.4931506849316,138,153,125,120,97,105
5,240.01930501930502,3.241387559808612,[84.67905],1645.2890442890443,149,154,132,129,101,95
6,684.4047267355983,2.3530906382792307,[44.88446],1892.3798449612402,209,197,213,162,156,150
7,1535.6096774193547,2.19131169709263,[35.77867],2470.4973544973545,276,285,218,238,222,240
8,315.73426573426576,1.7716787838731005,[28.856972],1669.1666666666667,272,297,225,240,239,240
9,239.62121212121212,1.956756756756757,[49.27864],1505.5877192982457,269,293,217,238,229,234
10,230.37179487179486,1.94128338865181,[36.766384],1547.4347826086957,248,213,196,231,227,217
11,236.2394366197183,1.9927045336112557,[43.90674],1408.9333333333334,224,192,187,207,206,196
0,257.5301204819277,15.053827946457721,[41.506916],1685.8311688311687,183,162,174,173,182,147
1,280.8021978021978,12.358543417366946,[48.793396],1503.8552631578948,181,146,170,156,164,135
2,274.32374100719426,10.283562166285277,[51.74776],1694.2100840336134,171,136,158,143,147,119
3,281.8301886792453,7.769846420073544,[44.508698],1521.7727272727273,167,139,158,125,139,76
4,256.81290322580645,6.3549473933089,[54.676117],1734.0232558139535,177,145,154,115,100,78
5,306.23326133909285,6.597649616194553,[58.071926],1694.7443609022557,173,144,153,71,94,66
6,713.8998435054773,8.095238095238095,[44.85055],2088.2990099009903,264,243,220,123,115,62
7,686.6706948640483,3.810853568800589,[44.53929],1918.3576923076923,284,290,233,216,211,125
8,337.8313953488372,1.0395721925133692,[42.141457],1695.3866666666668,294,302,240,232,226,202
9,291.44736842105266,0.8264580369843527,[41.19646],1715.765625,301,216,233,228,224,204
10,216.50746268656715,1.0868806557643147,[40.700985],1537.4655172413793,282,203,211,218,204,179
11,238.9873417721519,1.0225563909774436,[53.333904],1602.590909090909,264,186,195,194,195,163
0,251.4,16.793814007267923,[48.787075],1518.144578313253,175,184,168,193,163,126
1,276.0108695652174,14.20589298626175,[45.23401],1585.8125,171,162,147,190,144,108
2,259.2068965517241,11.838871438805313,[55.266956],1616.8818897637796,167,141,131,161,138,51
3,284.47133757961785,9.040843214756258,[49.32793],1670.781954887218,173,138,120,158,115,55
4,256.6096256684492,8.64237199582027,[34.477383],1696.4907975460123,191,131,115,137,71,51
5,398.7651991614256,9.619873382879163,[55.1698],1697.6734693877552,216,139,126,92,73,46
6,785.0507042253521,10.522996295292312,[45.08902],2080.4655172413795,264,265,225,135,103,62
7,1028.2604166666667,3.4554301833568393,[51.976254],2122.153110047847,275,309,206,237,230,161
8,348.3780487804878,2.2005084745762713,[61.76158],1657.2857142857142,282,305,218,240,237,193
9,250.9777777777778,2.2742988859008846,[51.291504],1623.763888888889,280,224,214,235,231,186
10,297.8666666666667,2.305008024361138,[38.673023],1600.2203389830509,265,209,206,223,209,167
11,251.6338028169014,2.438462568635329,[57.82665],1576.1904761904761,251,191,191,208,188,150
0,264.39772727272725,17.056462585034012,[37.280483],1502.448717948718,185,177,191,172,152,103
1,284.8217821782178,14.033221974758725,[32.98823],1577.9431818181818,178,172,173,154,133,88
2,264.75,12.663236481033092,[62.368973],1542.1376811594203,176,169,154,141,104,82
3,281.1206030150754,10.332391304347826,[58.718906],1673.4260355029585,198,165,149,134,107,47
4,311.1890243902439,10.649690623512614,[72.23571],1608.0071942446043,215,169,145,126,69,40
5,481.4515463917526,12.065245987897919,[63.219128],1774.9037974683545,232,173,138,74,69,38
6,701.1534954407294,9.531279178338002,[51.866085],1991.4262295081967,272,252,256,120,103,68
7,861.5391849529781,3.8470760233918124,[38.883923],2111.665254237288,289,305,232,216,200,126
8,366.7077922077922,2.256991089787525,[36.27152],1796.3801652892562,292,302,240,219,240,166
9,305.8,2.6640579143024854,[46.649464],1580.8837209302326,290,217,240,219,227,152
10,330.92857142857144,3.0994427244582043,[48.44846],1486.1014492753623,287,207,229,206,205,141
11,332.75,4.0910931174089065,[44.822353],1523.906976744186,279,202,219,192,179,125
0,218.28571428571428,16.360789980732175,[41.107643],1439.4303797468353,183,174,149,178,169,185
1,255.28235294117647,12.814583333333335,[47.880604],1855.1884057971015,166,160,153,161,149,171
2,250.07142857142858,10.477414577382842,[48.400196],1616.0839694656488,160,142,142,139,136,103
3,272.8633540372671,6.75746330656328,[44.948536],1604.0629921259842,164,136,133,132,134,86
4,284.5806451612903,5.70949686308279,[64.20403],1625.4846153846154,179,130,149,122,79,80
5,286.7181818181818,4.6077481840193695,[68.87829],1677.6476683937824,179,139,145,87,84,74
6,568.2925696594427,6.694895922440833,[66.68586],1948.9674796747968,264,208,185,148,108,89
7,729.2035398230089,4.165281899109793,[45.79225],1963.1626016260163,280,303,203,234,208,120
8,363.8395061728395,1.893288590604027,[35.967625],1641.9430894308944,281,314,202,240,232,221
9,257.8229166666667,1.634911018553578,[40.0295],1695.7590361445782,283,232,196,230,225,224
10,244.62765957446808,1.6958440308087295,[47.06689],1501.0133333333333,271,219,180,216,206,220
11,223.52542372881356,1.8499084513828659,[49.598026],1448.9056603773586,193,193,170,197,195,205
0,254.27586206896552,18.276932367149758,[64.44727],1573.7407407407406,156,190,155,195,192,147
1,217.31460674157304,15.4483485930684,[54.457233],1737.9156626506024,152,169,140,180,177,89
2,234.5,10.99381900787152,[40.6675],1617.327868852459,146,151,129,156,164,77
3,260.03932584269666,8.053375578844747,[53.46876],1750.5095541401274,155,147,127,142,98,77
4,277.8142076502732,7.14025974025974,[71.62183],1668.058064516129,170,154,118,142,107,79
5,298.5550561797753,6.141259188239054,[47.93893],1713.69689119171,197,144,119,100,93,92
6,801.0657276995305,5.740235420010702,[35.86348],2170.568825910931,242,230,183,143,141,129
7,1731.7368421052631,2.9179638637943013,[44.3331],2635.131868131868,275,314,209,218,225,198
8,409.8333333333333,2.6024002704530087,[40.541245],1722.1937984496124,277,320,216,234,238,194
9,294.42,3.0205949656750564,[70.51429],1671.6896551724137,274,232,214,233,236,191
10,246.45882352941177,3.3656973483938155,[51.669926],1547.9705882352941,260,228,191,227,230,178
11,260.2386363636364,3.812814556716996,[45.93927],1736.6986301369864,179,210,163,221,215,160
0,242.30927835051546,16.86973913043478,74.91696,1555.8375,158,188,173,192,160,129
1,249.16216216216216,13.757514477433592,[47.024616],1710.446153846154,146,175,169,180,158,118
2,249.09803921568627,10.80660643704122,[65.92724],1684.3237410071943,136,156,144,165,91,113
3,253.9438202247191,7.7539066955629075,[57.701298],1728.0544217687075,143,154,129,163,91,117
4,244.13103448275862,4.905929674322047,84.85401,1736.030303030303,145,132,134,100,106,117
5,250.348,2.9943977591036415,[73.41863],1665.743842364532,143,128,126,99,109,109
6,391.69483568075117,2.9077036310107944,[50.47861],1774.5205992509364,223,212,136,132,165,151
7,1313.6730158730159,1.2801003344481605,[38.357212],2460.1088082901556,263,308,235,229,232,228
8,283.6470588235294,0.8499211243367275,[51.118515],1573.104347826087,284,233,234,237,240,240
9,251.24,1.0202486414054943,[47.86907],1614.710843373494,259,234,226,234,230,231
10,242.85882352941175,0.9732246279960794,[46.073536],1671.8133333333333,185,220,211,219,197,215
11,284.031746031746,1.2429305912596404,[61.31673],1597.8863636363637,181,197,197,208,177,207
0,245.34408602150538,16.416666666666668,[49.554966],1605.3536585365853,149,187,182,183,168,193
1,231.72972972972974,13.765480895915678,[42.56665],1568.765625,147,172,154,179,149,123
2,229.1045751633987,10.312874013663082,[50.12581],1634.1953125,134,149,129,161,133,115
3,238.0372340425532,6.824194324194323,[53.814556],1548.462962962963,139,155,119,142,93,108
4,240.0909090909091,4.901901669758813,[77.75327],1651.2096774193549,145,153,124,144,90,128
5,245.44979079497907,3.162245365821707,[87.97971],1616.1908212560386,136,146,117,112,93,123
6,437.78674351585016,2.5238095238095237,[61.524338],1885.6649029982364,177,193,176,137,160,189
7,1703.173076923077,1.9632203389830507,[44.481354],2649.5,274,313,200,224,224,240
8,300.0416666666667,1.534538818845388,[41.051765],1661.5434782608695,278,320,215,230,224,240
9,284.5765765765766,1.365258640162638,[59.42676],1612.5436893203882,271,231,217,230,211,238
10,238.44871794871796,1.4891113794849822,[51.156887],1603.768115942029,261,226,212,218,201,233
11,251.62820512820514,1.6006856391471775,[33.699448],1532.515625,171,213,197,205,184,213
0,237.13186813186815,15.183472358521426,[37.930237],1654.2179487179487,143,161,174,185,172,184
1,239.5888888888889,11.749334398296059,32.348263,1508.24,136,148,148,168,159,180
2,240.02083333333334,9.6693940852452,[40.792435],1603.84496124031,133,135,131,158,146,110
3,242.08333333333334,6.840766472433887,[54.725048],1585.5661764705883,136,137,122,138,145,98
4,249.76774193548388,5.076256391071206,[50.938457],1690.841726618705,140,133,119,130,103,104
5,230.7027600849257,3.458895473458581,[83.946266],1572.0225563909773,134,123,121,129,107,107
6,261.6018099547511,2.3914607592539996,[49.73849],1565.535901926445,185,187,196,135,140,163
7,900.5840978593272,2.358410819949282,25.984087,1991.2175925925926,268,283,306,208,216,240
8,446.88957055214723,1.4334214002642003,[17.077734],1822.841726618705,277,307,240,231,219,240
9,220.37362637362637,1.3447577969475777,[49.75056],1479.7820512820513,275,309,235,227,223,238
10,242.65753424657535,1.485651483697643,[46.724155],1612.1206896551723,240,202,221,203,212,215
11,251.34722222222223,1.140306686110743,[41.36885],1679.3793103448277,221,186,193,186,196,209
0,240.15384615384616,15.933598937583,[50.128174],1770.5882352941176,156,196,175,173,164,140
1,216.41772151898735,14.088855572213893,[56.855015],1710.2388059701493,151,178,155,164,155,67
2,259.08053691275165,10.779863855950815,[44.85599],1648.8636363636363,144,160,142,148,139,59
3,251.09714285714287,8.284279256654948,[61.78387],1553.86875,142,161,132,134,95,60
4,248.23926380368098,5.5835917152424654,[60.66165],1760.5661764705883,146,166,135,129,94,63
5,248.85097192224623,4.3165266106442575,[70.09518],1549.1919191919192,154,170,140,94,95,61
6,592.3508500772798,5.259289843104872,[56.43977],1823.325819672131,231,238,192,131,140,106
7,791.5822784810126,3.518781542898343,[49.01392],1971.2618025751074,270,302,223,231,204,157
8,316.49717514124296,2.413975576662144,[50.94879],1616.1756756756756,275,318,233,240,235,173
9,281.90909090909093,2.4178788680243324,[34.847713],1588.16091954023,275,239,235,236,233,175
10,229.1081081081081,2.4254856129604256,[54.961445],1775.015873015873,255,227,219,220,223,162
11,250.4,2.1236784360662275,[49.598774],1662.5,167,216,196,197,191,147
0,243.71764705882353,15.015010351966874,[38.47777],1594.8666666666666,141,160,163,158,161,183
1,235.41666666666666,11.281028368794326,[39.399754],1576.962962962963,126,147,154,146,153,167
2,220.4817518248175,9.365431126610044,44.50647,1593.1322314049587,114,139,137,125,152,106
3,217.50581395348837,7.326144619997694,[64.73173],1533.4761904761904,109,136,136,123,149,101
4,223.75862068965517,5.555450773293096,[79.21966],1579.0873015873017,117,132,141,126,102,105
5,234.85714285714286,4.01439393939394,[58.877884],1566.4828431372548,113,131,144,130,102,100
6,365.99674267100977,2.725454460488808,[34.25922],1557.517716535433,179,198,195,132,158,157
7,554.8205980066446,1.8990528091345529,[10.3775],1658.2589285714287,261,279,289,194,217,228
8,239.01492537313433,1.4906143344709897,[24.337168],1532.6929824561403,273,300,217,215,221,239
9,210.88888888888889,1.3719391365888178,25.673456,1483.4507042253522,260,289,207,208,218,231
10,208.9878048780488,1.3818496859432532,[36.657375],1550.3064516129032,239,193,188,188,194,213
11,237.94565217391303,1.5058063307735532,26.95527,1559.4303797468353,232,180,174,174,168,196
0,217.53271028037383,15.667148362235066,[52.142563],1619.4494382022472,162,164,162,181,175,194
1,252.24468085106383,12.376231884057967,[49.068527],1594.095238095238,149,155,156,167,150,123
2,227.19018404907976,9.251744498121308,[45.982727],1660.7,138,134,134,147,147,110
3,239.4060606060606,6.999450884685784,[69.76979],1642.8689655172413,131,129,130,146,99,110
4,211.2622950819672,5.176470588235294,[82.69088],1600.7546012269938,136,122,128,144,111,107
5,239.37044967880087,3.8573356468093305,86.769875,1571.3822784810127,148,126,125,111,120,111
6,322.2061191626409,2.8701584309501373,[39.36884],1662.3118908382066,201,185,191,154,171,159
7,1463.5065359477123,2.2018900343642613,[21.875471],2448.6844919786095,273,290,212,208,240,232
8,264.3288590604027,1.4814038589487692,[35.643166],1594.9747899159663,280,298,222,223,240,240
9,236.4954954954955,1.3859901552442258,[46.67017],1608.7474747474748,271,213,226,217,228,235
10,232.96153846153845,1.0920344674137303,[40.956116],1622.5873015873017,248,197,198,218,218,222
11,242.30769230769232,1.2708764665286403,[36.29452],1560.1764705882354,167,178,182,196,191,213
0,236.65384615384616,15.988276562355763,[49.21105],1521.453488372093,140,177,170,169,191,95
1,227.42307692307693,13.037700744222484,[49.59538],1646.1159420289855,137,159,160,168,175,89
2,225.05696202531647,9.428838049367851,[65.201515],1615.6408450704225,132,146,136,151,110,80
3,263.4375,6.8232323232323235,[53.104813],1681.508064516129,127,153,128,154,109,76
4,242.24,4.491071428571429,[88.43515],1654.410447761194,119,141,126,98,107,81
5,253.3695198329854,2.508125754027393,90.50016,1670.2423469387754,122,130,133,99,103,84
6,829.6246290801187,4.165145228215767,[58.063717],2159.868978805395,199,189,168,142,148,118
7,1494.0776397515529,2.6922736555479916,[27.546158],2539.936170212766,275,307,231,236,229,191
8,379.6604938271605,1.7606254129046464,[46.444378],1650.6357142857144,278,234,235,240,240,207
9,252.74736842105264,1.5877998884136137,[58.169926],1322.1969696969697,271,225,236,233,240,210
10,244.53731343283582,1.6083966702859207,[50.596066],1703.1224489795918,164,208,220,220,216,200
11,242.5,1.5813492063492065,[49.4902],1633.0892857142858,147,194,197,199,202,181
0,206.0212765957447,15.368062520896022,[39.85284],1700.860465116279,134,175,160,174,175,179
1,244.20909090909092,11.824593044765077,[36.77413],1631.7906976744187,134,153,150,147,144,173
2,236.75524475524475,9.327982162764771,[45.641644],1557.936,130,133,139,126,139,113
3,242.953125,5.6951297382016595,[60.371586],1574.6158536585365,117,136,130,122,139,105
4,209.14375,4.355534941249228,[73.682304],1555.4351145038167,132,137,139,122,89,116
5,230.70564516129033,2.2821402031211293,[68.50096],1576.414117647059,135,129,137,130,97,106
6,342.94053208137717,1.8183831672203763,[40.431763],1649.511152416357,199,195,191,142,147,158
7,1235.256329113924,1.3385757972913932,[16.044903],2311.765,282,284,283,224,227,226
8,244.01333333333332,1.2131926121372034,[12.61761],1472.125925925926,281,305,221,238,231,240
9,213.64444444444445,0.9666101694915253,35.648,1470.875,265,299,217,232,227,235
10,228.71794871794873,1.3395363890125007,[38.525402],1594.8805970149253,247,212,190,214,206,232
11,234.82758620689654,1.5090377458798512,28.12869,1489.7906976744187,212,206,175,195,188,212
0,230.2566371681416,15.303229269904195,[34.671215],1608.5416666666667,155,156,174,174,165,185
1,236.44303797468353,11.423076923076923,[52.90312],1637.7536231884058,143,149,161,162,144,177
2,226.7,8.675223945816036,[38.718044],1493.9197080291972,131,139,151,143,128,104
3,228.98837209302326,5.770430374166529,[56.010212],1561.3741007194244,135,139,154,134,121,106
4,237.01785714285714,3.962440191387561,[71.03083],1587.8402777777778,140,130,147,136,100,107
5,238.33928571428572,3.1454545454545455,[77.361725],1551.3474178403756,143,136,144,133,106,108
6,284.2077519379845,1.891259339274462,33.95510737101237,1604.7205882352941,200,202,208,136,160,152
7,676.0844594594595,1.341482380019284,[11.466107],1855.9705882352941,272,292,313,212,212,230
8,235.793893129771,0.9220960415314735,[13.776329],1461.1142857142856,289,295,240,240,237,240
9,241.54782608695652,1.0240437158469946,[45.611828],1737.6326530612246,282,280,219,235,222,226
10,235.40579710144928,0.8162483540162006,[39.746105],1459.3103448275863,264,190,213,223,211,218
11,243.21875,0.7888152407708177,22.540808,1672.982456140351,238,178,194,194,194,201
0,246.671875,15.897333333333332,[37.086506],1804.921568627451,173,162,183,161,177,144
1,227.1868131868132,13.786850477200424,[48.404907],1591.1686746987953,149,141,159,144,156,71
2,261.9290322580645,10.028832347366608,[50.353962],1691.048,139,128,139,131,155,65
3,233.63690476190476,8.429032447339084,[63.087246],1573.9927536231885,153,118,137,127,144,62
4,258.71122994652404,7.138902996444896,[69.22451],1575.3677419354838,171,115,136,118,106,70
5,277.7293868921776,5.687728937728939,[60.225464],1666.8516746411483,179,114,140,97,117,81
6,600.6616084977238,5.4685012815324425,[43.53343],1910.8525519848772,264,189,180,154,167,105
7,1356.525974025974,1.952054794520548,[35.793705],2379.1129032258063,278,298,221,228,230,205
8,266.26241134751774,1.626541554959785,[27.88154],1543.0438596491229,282,301,230,231,240,208
9,258.4433962264151,1.6744880382775122,[55.96284],1731.8295454545455,278,215,234,213,235,200
10,278.22222222222223,1.5516265332075316,[51.32768],1659.8035714285713,266,195,213,205,216,188
11,219.30769230769232,1.5421138710007154,[42.08658],1417.8524590163934,179,177,198,178,186,169
0,223.47368421052633,15.041081578067539,[37.495995],1550.9347826086957,147,178,167,165,179,161
1,222.6095238095238,11.85138526143289,[26.038301],1544.2121212121212,134,161,148,148,164,94
2,254.01438848920864,8.098917084208823,[48.215702],1593.8,142,147,139,143,152,84
3,251.42777777777778,6.124223602484473,[45.1929],1650.4391891891892,137,144,147,137,149,91
4,249.76047904191617,4.710098465765972,[67.96029],1648.3426573426573,152,147,147,138,108,102
5,240.04008016032063,4.121808940741596,[82.457436],1618.2512195121951,164,148,135,133,107,100
6,658.816513761468,4.133029572053964,[51.228596],1983.369140625,226,208,189,154,160,129
7,1545.3865030674847,1.9785616905248804,42.461964,2360.5320197044334,283,290,232,210,235,217
8,277.4861111111111,1.125779694757797,[46.666866],1586.952,287,297,235,226,239,223
9,245.42857142857142,1.1418350648856412,[34.509182],1598.0675675675675,277,220,230,219,226,211
10,246.84782608695653,1.1362252972446538,42.58657,1683.6666666666667,259,219,208,198,214,199
11,234.82539682539684,1.1729932779754844,[32.92416],1605.8461538461538,170,202,190,191,191,180
0,196.11764705882354,16.05843244136108,[32.286434],1481.5591397849462,146,188,163,175,172,165
1,251.48648648648648,13.366241762053416,[51.67715],1783.5166666666667,141,173,149,176,170,152
2,224.27142857142857,11.312405169256529,[53.294086],1520.6260162601627,124,160,135,163,148,101
3,244.6878612716763,7.3927370915302815,[40.96214],1667.0340136054422,125,144,139,155,132,94
4,224.4375,4.478325489224671,[59.277496],1569.0689655172414,129,130,145,147,77,106
5,240.54901960784315,3.2339066339066345,[73.96015],1642.4262295081967,134,127,136,134,91,118
6,717.1420204978039,3.8269871275542355,[33.492016],1985.9223107569721,211,218,187,138,129,175
7,1130.0758620689655,2.4994421199442116,[22.770378],2211.626943005181,278,288,219,222,187,240
8,300.373417721519,1.908664868509777,[29.694878],1639.0074626865671,275,295,232,225,216,240
9,237.67619047619047,2.0431459904043865,[38.702522],1783.1460674157304,266,301,216,223,213,240
10,245.81176470588235,1.9667164842266835,[34.51279],1752.056338028169,253,224,202,211,203,210
11,237.8709677419355,2.461111592820602,[51.16307],1497.7446808510638,235,201,194,201,185,198
0,233.6304347826087,15.55232558139535,28.247551,1587.4177215189873,163,162,187,185,170,165
1,249.15662650602408,11.903846153846153,39.209354,1554.5915492957747,145,147,168,170,154,152
2,227.96815286624204,9.791304347826088,[49.610947],1505.6715328467153,144,121,141,149,153,97
3,230.48850574712642,7.24389849684823,[44.128994],1613.5374149659865,152,131,151,137,147,89
4,236.75438596491227,6.010179924242425,[61.93794],1649.2928571428572,162,120,149,155,94,88
5,230.399209486166,3.8688677051848415,[76.254906],1619.2827102803737,158,126,155,144,97,102
6,253.2448275862069,1.8347964884277732,[30.69986],1605.4133858267717,204,193,207,155,145,170
7,652.7083333333334,1.6824335085204647,[23.789705],1892.8340425531915,273,268,270,227,227,230
8,237.56164383561645,1.3868912608405606,[32.824635],1504.5916666666667,290,282,215,232,240,240
9,224.03333333333333,1.4121546961325966,[40.675945],1471.3076923076924,279,275,217,227,224,226
10,265.01149425287355,1.4502557333773303,[39.502262],1820.4507042253522,257,189,202,219,202,207
11,242.62962962962962,1.204161362538958,[47.696564],1619.1692307692308,250,175,198,202,191,183
0,242.74747474747474,15.832051282051284,[43.49979],1616.1477272727273,137,179,180,184,192,168
1,239.1358024691358,13.109636740071524,[47.878735],1601.6027397260275,125,159,168,170,187,115
2,233.16326530612244,10.4757632906876,[49.12547],1617.52,134,147,148,152,159,113
3,226.325,7.820075757575759,[69.14651],1686.5547445255474,131,138,128,147,98,126
4,219.29113924050634,5.576392194193242,83.12977,1699.5441176470588,137,131,135,138,100,123
5,221.83148558758316,3.8506860371267155,88.95411,1591.1708542713568,127,126,137,85,105,128
6,358.87388724035605,2.46209818550244,[43.3486],1774.1723518850988,182,185,206,135,155,171
7,1109.2397260273972,2.1205084745762712,[14.224419],2217.923076923077,263,291,220,224,237,240
8,369.7888198757764,1.5951904454486767,[28.691498],1638.4285714285713,269,320,240,240,240,240
9,272.5652173913044,1.5691266867930018,51.08949,1667.7422680412371,271,239,240,240,229,228
10,261.96629213483146,1.975410153977427,[42.765347],1613.0933333333332,241,218,219,238,228,213
11,216.53225806451613,1.6091370558375635,36.20055,1655.5094339622642,158,201,197,210,216,200
0,233.86363636363637,15.704084041548631,30.203264,1467.7058823529412,168,172,186,173,176,184
1,213.44155844155844,13.119327890639834,[50.312466],1643.948275862069,155,158,173,166,158,106
2,242.54285714285714,10.03599299251473,[51.634583],1698.5217391304348,142,143,148,145,147,94
3,229.8095238095238,7.402031211295517,[55.683125],1528.2077922077922,130,140,146,137,94,87
4,248.87134502923976,5.566527811810831,[76.848885],1722.455782312925,126,143,158,130,107,78
5,249.35437881873727,4.314419852448021,[74.23913],1645.4876404494382,127,145,154,83,110,91
6,529.6944,3.3345701917130492,[40.853123],1799.1148225469728,201,215,204,134,168,156
7,930.144262295082,1.9666666666666663,[29.036476],1971.2238095238095,279,296,220,201,228,240
8,263.93529411764706,1.385145888594164,[13.189498],1593.8714285714286,282,302,232,214,238,240
9,228.31914893617022,1.1759032513280336,[41.95212],1476.75,269,221,231,215,228,233
10,212.61363636363637,0.9177809388335705,[52.78902],1753.5753424657535,255,203,210,209,210,208
11,257.27027027027026,1.158792650918635,29.636663,1751.9333333333334,171,198,195,196,188,195
0,227.8860759493671,15.46991440080564,[36.670906],1608.090909090909,134,163,173,173,169,181
1,234.3,13.01158940397351,[50.620285],1645.8970588235295,131,148,165,153,156,153
2,235.68666666666667,10.902300466842902,[47.82442],1544.5503875968993,110,135,141,143,150,94
3,242.22727272727272,8.147467503361721,38.102,1536.2045454545455,105,131,146,141,153,100
4,238.10650887573965,6.962686567164179,[51.993607],1483.157894736842,114,130,142,136,110,105
5,230.46975806451613,3.8223692195654797,[73.946915],1579.27868852459,117,132,140,129,122,109
6,485.2153614457831,3.265002311604253,[51.755947],1741.422932330827,187,179,193,140,176,155
7,640.6666666666666,2.474861572535991,[40.88942],1795.5833333333333,276,284,299,186,225,235
8,270.1358024691358,1.9032703978422116,[32.970524],1569.7535211267605,278,288,227,216,234,240
9,247.19642857142858,1.796045197740113,40.21833,1611.3483146067415,256,275,221,218,222,224
10,227.3111111111111,1.8392344497607653,[34.903263],1691.8125,232,193,215,209,202,214
11,214.85714285714286,2.176277585509461,[39.8965],1595.878787878788,208,189,195,191,186,202
0,241.59493670886076,15.602316141356255,[40.292545],1467.7826086956522,159,172,177,172,185,182
1,247.12048192771084,13.058333333333334,[51.674847],1455.380281690141,148,152,169,158,167,166
2,230.13125,9.121122019635344,[37.06029],1644.510344827586,131,138,154,129,137,86
3,239.65536723163842,5.960515214578997,42.25763,1595.2094594594594,131,137,143,126,142,94
4,236.1904761904762,4.083426097711813,[55.25661],1681.4705882352941,139,130,138,129,87,112
5,232.317907444668,3.0303648732220156,[85.890755],1579.3609195402298,136,118,130,132,94,125
6,415.9926362297496,2.898050495365931,[56.56906],1744.1589285714285,217,187,190,135,141,173
7,905.3602941176471,1.154739652870494,[25.032402],1983.8,283,299,231,225,227,233
8,252.32704402515722,0.7503257328990228,[21.092363],1526.0068965517241,288,305,233,236,233,240
9,226.4,0.7908602150537632,[43.113205],1600.4054054054054,268,296,230,233,230,231
10,265.38157894736844,1.1011705001227796,[36.40431],1588.6101694915253,245,201,207,205,208,220
11,229.89705882352942,1.300799921958833,[37.72613],1474.0701754385964,167,186,196,186,199,205
0,214.0,16.119850187265918,[39.72355],1546.6304347826087,160,182,193,187,185,161
1,230.85882352941175,12.4327182339063,[32.543575],1684.9295774647887,148,173,169,178,176,145
2,242.64827586206897,9.974044336716661,[47.035175],1592.603305785124,143,163,161,159,148,87
3,216.57065217391303,7.830297926097484,[49.08397],1609.5900621118012,136,143,164,155,137,91
4,226.24844720496895,5.549830785389195,[85.86685],1589.1691176470588,140,145,159,152,83,100
5,237.44301075268817,3.5205278592375366,[80.72788],1696.7422680412371,136,131,140,149,81,107
6,351.3245227606461,2.5560026827632463,[36.8013],1752.1423728813559,210,167,182,152,125,158
7,1299.142405063291,1.9625850340136055,[23.436087],2433.595238095238,288,276,222,240,218,226
8,366.0921052631579,1.4842744583059742,20.648806,1684.2295081967213,285,284,234,240,240,240
9,258.4423076923077,1.3179894179894183,44.019985,1595.8023255813953,283,288,227,240,240,234
10,230.53846153846155,1.3823164104952648,34.838333,1450.1410256410256,264,203,218,234,223,214
11,240.921875,1.2365914786967416,[32.29057],1595.18,249,189,209,213,212,188
0,228.9659090909091,15.55214424951267,[27.114044],1494.1333333333334,147,176,177,177,179,170
1,235.52941176470588,12.983646690168428,[68.45044],1571.85,134,168,163,154,155,114
2,237.62091503267973,10.234414243455934,[53.936024],1612.793893129771,120,143,152,127,141,96
3,235.1006289308176,6.36085084831603,[48.720272],1537.1127819548872,120,139,130,130,98,101
4,237.13888888888889,4.5824377291693015,[66.98639],1662.69918699187,119,124,129,129,103,115
5,241.247582205029,3.9926739926739923,[76.3639],1624.617067833698,134,115,112,90,98,114
6,681.8135838150289,4.070428934932751,[56.834015],1976.3125,201,200,174,144,163,166
7,983.6472491909385,2.238506538196834,28.133987,1998.4186046511627,279,293,209,213,232,227
8,278.625,1.2019867549668874,32.025253,1594.141592920354,286,298,224,222,240,240
9,247.7027027027027,1.1538171109265272,[44.5824],1560.0652173913043,280,219,225,214,230,226
10,216.95348837209303,1.3620242914979759,[37.007053],1695.741935483871,257,204,221,203,212,203
11,233.08823529411765,1.4045092838196285,[43.293957],1667.3148148148148,171,194,198,178,198,192
0,250.73863636363637,15.82962519936204,[61.07039],1628.125,150,181,181,179,172,182
1,197.85416666666666,12.76856417152249,42.42378,1715.8214285714287,138,157,158,160,154,106
2,225.43971631205673,9.291925465838508,[41.25186],1522.233870967742,131,146,146,140,143,99
3,245.0054054054054,6.209778379292843,[50.318848],1580.3066666666666,120,137,151,135,134,94
4,228.2057142857143,5.445525753619748,[62.298115],1672.6,122,138,149,150,104,103
5,237.55492424242425,3.264935064935065,[70.877495],1602.238512035011,117,141,142,152,107,111
6,635.7743902439024,3.0445218737901665,[64.840805],1991.056092843327,190,230,211,160,152,164
7,1270.4172185430464,1.7759850132946573,[26.054296],2296.321243523316,273,306,320,230,212,235
8,265.03973509933775,1.2065951916829112,[35.22923],1598.5079365079366,277,315,240,240,227,240
9,238.19266055045873,1.1128077178975384,[38.902523],1622.0238095238096,275,307,230,235,222,234
10,234.36486486486487,1.0377947836951429,[25.341751],1434.171875,266,211,211,221,212,227
11,206.7945205479452,1.179243498817967,[37.87796],1650.6984126984128,177,196,198,203,192,209
0,266.2959183673469,16.028746697711906,[40.776756],1600.2470588235294,161,181,167,174,187,101
1,238.2,12.456422473694657,[51.522095],1626.6235294117646,143,169,159,154,161,90
2,233.66447368421052,10.611180124223601,73.62716,1667.763779527559,145,140,142,154,135,89
3,232.01307189542484,8.509632751354603,[62.675663],1649.351145038168,140,155,132,141,98,89
4,227.14285714285714,6.644300144300144,88.995674,1596.8931297709923,137,152,149,137,90,91
5,242.5702479338843,3.97751890455753,[66.95323],1588.8188405797102,129,136,144,95,96,99
6,572.4221556886228,2.8334015554645933,[38.471745],1865.4820415879017,182,210,200,149,163,143
7,1281.148514851485,2.430589849108367,[44.23016],2318.4444444444443,278,293,225,237,225,200
8,603.5255474452555,1.5485560432264964,[32.008984],1961.4793388429753,286,223,232,240,240,206
9,251.8989898989899,1.4522389186740166,[50.3945],1470.7875,287,219,226,232,226,204
10,210.9873417721519,1.331549848403781,[46.658875],1441.774647887324,202,212,215,208,216,193
11,247.5,1.1376128778955636,[51.367306],1611.986111111111,181,190,189,191,209,172
0,214.4102564102564,15.66142276422764,[56.705475],1488.2166666666667,151,166,165,194,158,191
1,230.5268817204301,13.338928210313446,[38.77347],1548.6097560975609,133,143,145,173,142,124
2,237.58620689655172,10.491095154633348,[58.5439],1700.352,128,130,126,150,125,110
3,230.5,6.582992849846782,[51.539642],1673.4620689655173,135,126,127,135,88,101
4,245.5,3.8037477842491763,[67.431725],1643.8219178082193,133,130,125,132,100,98
5,243.8991935483871,2.6270959087860493,[87.53763],1615.426886792453,132,137,129,92,106,114
6,284.1810766721044,2.664774519079155,[36.980404],1521.8568548387098,171,200,200,149,164,173
7,620.2180685358255,1.7266479663394108,[25.998568],1799.480349344978,256,287,217,223,220,223
8,333.59027777777777,1.236653517422748,[30.374239],1631.6475409836066,278,302,225,240,236,240
9,214.20689655172413,1.2996592199924268,[44.808712],1680.6842105263158,273,220,211,239,218,229
10,215.36764705882354,1.140485829959514,[53.249237],1346.6949152542372,247,199,204,225,211,214
11,207.78378378378378,1.4127269100339117,[40.91306],1479.078125,164,181,178,213,181,197
0,222.679012345679,16.00784034212402,[28.369034],1536.394366197183,157,162,171,177,182,127
1,233.98863636363637,12.59497094770587,[33.056774],1556.2105263157894,141,145,143,154,169,116
2,238.47286821705427,9.50807453416149,[61.006557],1627.2857142857142,127,133,136,154,157,98
3,235.59859154929578,6.377387318563789,[50.083378],1688.3577235772357,122,125,150,123,100,94
4,238.57512953367876,4.189482029598309,[80.300835],1705.7701863354037,125,132,137,120,97,77
5,234.88888888888889,3.2499827216808352,101.64774,1658.0132978723404,136,137,139,87,105,85
6,307.94677871148457,2.101593820279652,[57.594772],1638.8823529411766,193,180,183,135,152,131
7,1122.5967213114754,1.426530612244898,[32.237362],2156.0670103092784,283,294,212,228,227,226
8,314.2162162162162,0.9998544078037419,[31.773588],1596.9304347826087,287,220,225,236,238,240
9,265.8876404494382,1.2104147294030132,[32.011906],1628.0,284,203,226,235,231,236
10,240.24418604651163,1.1672923929561096,[57.78615],1609.407894736842,200,177,215,220,212,219
11,235.07042253521126,1.2017594186268885,[61.441544],1449.0666666666666,185,167,187,196,208,219
0,227.32467532467533,15.407755775577558,[37.12117],1629.6461538461538,142,174,180,164,178,172
1,235.0531914893617,11.925438596491228,[36.459724],1486.162162162162,132,169,164,137,156,154
2,211.95744680851064,9.546748749519045,37.17973,1571.3790322580646,116,149,147,128,146,105
3,250.0718232044199,7.07338687344226,[68.3274],1682.8092105263158,120,135,138,130,147,115
4,225.17587939698493,4.257411067193677,[70.037315],1499.4166666666667,120,139,145,127,98,107
5,225.05070993914808,3.4279435577145514,[87.56234],1562.0164319248827,136,145,154,144,99,108
6,341.63650793650794,2.6100264799605037,28.935728,1601.9092592592592,186,194,201,151,149,180
7,908.7064516129033,2.2936507936507935,25.606497,2000.6713615023475,254,291,292,235,210,230
8,327.87654320987656,1.6594125500667551,20.1757,1597.6690140845071,267,303,220,240,234,234
9,214.6867469879518,1.563448275862069,[24.055511],1623.0588235294117,262,297,214,227,225,225
10,214.36144578313252,1.4775797762121843,[28.436937],1634.9718309859154,236,213,198,202,211,210
11,245.7764705882353,1.3398023520994498,[25.209496],1583.4109589041095,221,195,192,176,199,194
0,256.1182795698925,15.823736637512148,[40.89934],1790.7142857142858,138,182,184,153,199,173
1,245.82954545454547,13.495948616600788,[53.501904],1572.96,128,171,163,135,180,103
2,235.59060402684563,11.220400924383299,[62.19038],1697.1102362204724,116,163,142,128,159,101
3,260.03108808290153,8.221825444861397,[63.725254],1719.37125748503,118,138,148,144,104,99
4,235.27814569536423,5.784019619025892,[84.97253],1739.2093023255813,133,153,151,153,106,101
5,227.02620967741936,3.2067363530778166,[91.349365],1593.4219114219113,133,153,143,103,108,98
6,519.4492753623189,2.8610047846889954,[47.976765],1848.133962264151,199,236,151,159,142,158
7,1275.247619047619,1.6229747675962818,[18.301977],2241.523316062176,278,314,206,231,237,240
8,316.3231707317073,0.9781371280724449,[22.785795],1637.1617647058824,283,320,223,240,240,240
9,274.6385542168675,1.12529045107513,[56.00226],1629.1363636363637,268,230,218,237,238,236
10,266.92063492063494,1.2992481203007518,[39.153103],1495.3636363636363,233,215,212,212,233,225
11,258.7738095238095,1.2841522016279299,[32.584835],1874.8513513513512,156,204,194,174,213,192
0,246.86046511627907,15.946847507331379,[44.13248],1746.7671232876712,157,179,183,189,167,148
1,232.06593406593407,13.798962005483743,[46.372654],1508.3333333333333,140,158,177,171,149,93
2,220.9108280254777,10.405653252778079,[59.32158],1602.6170212765958,135,146,165,147,138,75
3,219.47802197802199,6.585766818083497,50.658566,1558.7019867549668,145,144,149,141,144,81
4,229.36363636363637,4.68784726326989,[62.453705],1630.5985915492959,158,144,132,143,104,88
5,229.23540856031127,3.153662610355524,[70.84259],1663.7840375586854,149,151,139,125,110,88
6,317.08032786885246,2.560876623376623,39.562557,1639.2686567164178,194,218,200,142,144,158
7,622.248322147651,1.632275132275132,[18.275145],1753.8551401869158,264,308,291,230,212,207
8,276.57142857142856,1.257091267235719,[17.189548],1589.6935483870968,282,316,237,237,238,213
9,236.63541666666666,1.4396130346232177,[38.941383],1632.012048192771,273,305,227,233,223,212
10,225.76388888888889,1.4694254720771391,[25.064314],1633.1875,255,217,209,222,207,200
11,216.08771929824562,1.4804964539007095,[27.998816],1479.6078431372548,172,192,199,203,189,173
0,250.0125,15.723528936307792,[59.319824],1568.9859154929577,145,173,178,164,187,184
1,247.02857142857144,12.430403431909456,[37.174507],1620.8253968253969,129,162,153,137,168,164
2,225.19745222929936,10.148092398541072,[28.60462],1635.2348484848485,111,139,134,125,150,92
3,240.80790960451978,6.887597129129843,[52.514072],1657.3197278911564,121,127,122,125,144,94
4,232.9512195121951,5.264468721550266,[68.28494],1569.8698630136987,128,132,124,125,92,98
5,238.29019607843136,4.044055944055944,[67.59496],1601.3154205607477,132,136,123,130,88,106
6,348.56752411575565,3.140372670807453,[27.876375],1682.8631984585743,197,193,182,152,150,161
7,1105.7699115044247,2.485515320334263,[13.322917],1960.8082191780823,268,279,224,214,221,230
8,325.6551724137931,1.5034574468085105,15.77824,1487.6,279,292,232,228,233,240
9,252.19354838709677,1.3392644135188863,[55.985214],1546.9736842105262,279,293,229,228,240,240
10,227.6867469879518,1.691803540742517,[41.021152],1369.7846153846153,246,205,216,198,226,226
11,248.54666666666665,1.574484840530253,[33.883495],1510.5074626865671,230,188,197,173,208,207
0,200.1627906976744,16.51992048036352,28.861128,1529.051282051282,155,178,173,164,190,167
1,233.67857142857142,13.058926645091693,[35.74128],1681.4929577464789,145,149,156,147,180,150
2,224.0268456375839,10.09119496855346,[43.914764],1585.7272727272727,130,130,146,137,166,139
3,218.6868131868132,7.639090960356401,[54.72729],1499.525641025641,130,122,142,130,160,87
4,229.15,4.959893048128342,[63.938343],1697.2944785276075,146,135,144,124,112,87
5,226.36116910229646,2.9624970329931157,[80.28476],1613.5915841584158,157,137,140,116,115,101
6,304.5805946791862,2.6691415738576474,[56.318024],1586.4609800362975,207,211,202,127,139,153
7,1175.9136904761904,1.6255425448868075,[25.446205],2267.7834101382487,270,299,319,212,202,223
8,334.77027027027026,1.19983498349835,[22.016565],1657.2265625,283,308,240,225,219,240
9,252.13084112149534,1.4885402455661663,29.063604,1616.5164835164835,269,299,238,221,216,223
10,236.55421686746988,1.518555747657915,[26.6289],1443.3650793650793,255,211,224,200,204,215
11,216.59722222222223,2.3974274839217746,[23.780329],1444.671875,241,193,195,179,204,191
0,219.40425531914894,14.605842696629214,[8.384153],1482.8846153846155,216,158,167,177,178,172
1,243.56470588235294,11.537685774946922,32.716534,1433.0675675675675,149,151,162,161,158,161
2,227.21875,9.603513356562138,29.476915,1494.790909090909,135,149,134,144,144,155
3,236.8943661971831,6.547436044510728,[44.496143],1635.5901639344263,122,133,133,138,140,92
4,219.91666666666666,4.431826579628033,[72.119255],1568.423611111111,116,116,133,126,131,84
5,222.10638297872342,3.0532269257460096,[71.985466],1538.9232613908873,119,111,126,122,92,85
6,233.0720588235294,1.6921842032841021,[36.309467],1497.4612676056338,178,152,181,189,137,154
7,422.7,1.544930087024543,[10.793293],1527.44140625,267,254,286,226,214,214
8,247.25,1.0914066776135745,[3.9931662],1529.1732283464567,290,281,300,238,234,223
9,211.47368421052633,1.0027411519777931,[23.776098],1455.0119047619048,289,275,215,231,224,207
10,222.80769230769232,0.9979041916167667,23.94095,1485.9333333333334,273,249,198,210,210,196
11,200.09230769230768,1.063060674355915,[23.28301],1574.0754716981132,245,172,193,191,202,188
0,195.70833333333334,15.416462093862814,[12.862176],1573.0987654320988,204,193,160,179,187,185
1,196.43820224719101,12.521274900398407,[32.685345],1637.7532467532467,180,179,152,157,176,160
2,215.73758865248226,10.108855375096676,30.598228,1507.544,124,147,143,145,160,143
3,213.2840909090909,7.390643802647412,[29.356333],1479.8013245033112,124,141,151,133,150,132
4,208.89743589743588,5.273380084151473,[39.324314],1475.6159420289855,119,133,143,141,147,92
5,216.1175298804781,3.0370961308336666,[71.63201],1522.155452436195,113,132,148,143,129,98
6,218.0151515151515,1.7386914734150427,32.987682,1540.592013888889,158,190,202,191,146,144
7,438.02803738317755,1.7169957413859853,[11.441106],1615.4065934065934,240,272,297,218,228,221
8,259.74675324675326,1.262219821766136,[5.302584],1501.5284552845528,267,304,308,229,240,239
9,214.0,1.272632639355272,[20.347242],1373.231884057971,264,308,225,223,234,235
10,240.5212765957447,1.6518050541516245,26.587118,1469.525641025641,244,291,197,202,224,227
11,225.20833333333334,1.7160060645440762,15.122467,1533.3384615384616,220,199,182,199,208,207
0,240.90721649484536,14.781886792452827,[19.25955],1523.9753086419753,229,180,173,181,173,177
1,224.79761904761904,11.787140039447733,[22.414856],1471.888888888889,216,159,163,159,156,161
2,224.96449704142012,8.851190476190478,[29.20967],1580.3202614379086,150,138,133,146,136,144
3,229.26436781609195,5.51581472777125,[30.093233],1618.1020408163265,154,146,130,140,132,149
4,214.05780346820808,3.9065608583882856,[68.62874],1547.7096774193549,143,156,124,132,131,92
5,217.62626262626262,1.9134854427932158,[83.24184],1574.0530120481928,133,152,133,129,130,110
6,250.27508090614887,1.457726435626988,[19.001627],1523.658536585366,190,194,206,184,159,153
7,375.2655737704918,1.0214398555630786,[1.3692703],1509.8196078431372,264,283,280,206,217,227
8,303.8888888888889,0.8427569880724756,[4.0789967],1529.364238410596,289,316,306,211,220,227
9,249.7563025210084,0.6419640965095513,[23.823061],1517.4787234042553,290,309,305,217,225,227
10,223.15189873417722,0.8679559971611072,15.651382,1571.2307692307693,268,299,208,203,218,213
11,223.92857142857142,0.7445357579996502,[4.8852353],1607.0,250,195,179,188,196,196
0,212.0721649484536,14.80747663551402,[15.975146],1280.3690476190477,209,183,163,174,153,188
1,215.35922330097088,12.12402792506186,[20.854256],1563.268817204301,138,170,150,166,149,170
2,225.9,8.974459250675936,[15.54766],1490.7692307692307,131,153,144,148,134,153
3,219.23560209424085,7.114066193853428,30.714613,1629.921568627451,138,160,139,141,125,143
4,234.30978260869566,4.298247559893523,[77.05333],1523.4049079754602,123,165,136,134,127,99
5,216.951171875,2.87822966507177,[77.88038],1492.8247191011235,126,151,137,145,95,106
6,245.65286624203821,1.6716630108051018,[16.09978],1509.141791044776,203,211,194,218,140,153
7,724.1079365079365,1.60435663627153,[7.2879395],1881.095041322314,278,293,284,211,207,231
8,226.83453237410072,0.9548856486865249,[1.7737589],1434.8086956521738,291,319,301,229,217,240
9,233.01030927835052,0.8434482758620689,[3.8158576],1588.2134831460673,267,304,216,221,210,232
10,240.23469387755102,1.0747774480712164,[22.521347],1537.4625,247,287,198,207,185,224
11,209.21428571428572,1.1504518872939924,[14.897083],1581.5740740740741,234,201,175,189,177,212
0,212.18,15.354798534798537,[23.41479],1448.0941176470587,208,180,165,185,170,184
1,239.20224719101122,13.262337548296452,20.675274,1687.013698630137,131,177,156,166,154,165
2,222.15286624203821,9.804271708683475,[37.06741],1559.4850746268658,119,146,138,149,130,151
3,203.27848101265823,6.191791954490045,[37.171585],1676.7112676056338,109,139,131,139,137,94
4,240.7405063291139,4.138691610370113,[79.45741],1638.8,117,128,132,135,140,101
5,232.37916666666666,2.735709614126881,[71.607765],1555.452784503632,109,120,126,138,109,93
6,274.14057971014495,2.30414827890556,[25.935999],1597.6712328767123,145,200,192,183,155,155
7,556.2290322580645,2.1179890668941774,[3.3067129],1756.9004329004329,231,307,283,225,229,232
8,250.78014184397162,1.6908762260349073,0.0,1514.5470085470085,269,320,301,237,240,240
9,229.81632653061226,1.9456375838926172,[20.118988],1423.358024691358,259,307,221,234,235,234
10,205.25974025974025,1.8629563350035787,[26.891533],1339.6461538461538,239,300,200,223,218,217
11,213.9718309859155,1.5191446825155375,[25.676989],1334.8305084745762,229,205,185,204,192,196
0,222.4607843137255,14.133556174558963,[15.075111],1486.1860465116279,210,161,179,171,179,177
1,210.30107526881721,12.132331902718168,[26.462904],1646.5714285714287,137,155,156,150,170,164
2,236.27972027972027,8.65863273453094,[41.129375],1587.4,128,136,142,142,154,133
3,219.57142857142858,6.731704551896151,[50.56308],1668.0394736842106,113,129,148,147,151,79
4,219.1006289308176,4.238771338600077,[62.90091],1647.2255639097743,130,131,149,137,146,94
5,231.2933618843683,3.3949907235621524,[94.52613],1574.5084337349397,127,133,126,141,108,100
6,314.3651515151515,2.7862175631551813,[18.623026],1535.8063909774437,210,180,167,206,139,156
7,524.1372549019608,1.5301587301587307,[4.4893255],1627.004347826087,279,272,268,223,222,221
8,334.0368098159509,0.9049754430920346,[1.7261738],1628.1119402985075,294,296,290,225,229,227
9,240.1818181818182,1.006122448979592,[19.73209],1493.4133333333334,286,298,215,231,220,220
10,223.79012345679013,0.9362573099415202,[22.953218],1576.090909090909,258,271,213,217,205,204
11,265.21875,0.8331151261237673,[16.26882],1560.811320754717,233,192,200,190,194,197
0,241.2608695652174,15.40376130198915,25.348776,1466.3373493975903,216,192,185,164,179,170
1,216.49295774647888,12.964884696016771,[24.950891],1737.0454545454545,135,184,165,151,168,151
2,212.51470588235293,9.607546408393867,[44.486084],1552.517543859649,118,169,132,123,148,136
3,240.78980891719746,6.215716842773832,[53.928253],1574.934306569343,124,146,117,121,140,105
4,219.9015544041451,4.261344737467331,[81.55372],1638.2694610778442,122,133,121,119,130,107
5,229.46747967479675,2.341469489414695,[96.299],1583.6705607476636,127,144,118,128,98,115
6,252.65891472868216,1.8563103563103567,[17.804178],1500.681647940075,175,188,186,223,149,171
7,585.1287128712871,1.011258890696265,0.0,1877.5581395348838,261,275,265,234,232,226
8,279.3550724637681,0.8619295958279007,[2.081651],1506.2892561983472,285,313,216,240,240,240
9,224.37272727272727,1.049131596526386,[8.446032],1632.7865168539327,275,310,227,222,230,233
10,243.15,1.3045845272206305,17.028465,1503.1617647058824,255,296,224,195,214,212
11,222.1549295774648,1.297035692679976,[18.28417],1637.8181818181818,236,205,205,184,200,188
0,227.32258064516128,15.914666666666665,[6.8021617],1527.3902439024391,220,172,167,185,212,169
1,209.73033707865167,12.502568093385218,24.132177,1579.4133333333334,196,154,151,175,194,158
2,212.0820895522388,8.833481613285885,[21.500456],1496.3070175438597,118,139,135,143,162,146
3,214.79775280898878,6.046255736337088,40.54688,1527.2119205298013,106,133,134,132,155,139
4,230.08387096774194,4.142590603267938,[61.191044],1628.7205882352941,113,136,131,129,146,114
5,230.33928571428572,2.4494485824816676,[84.96261],1615.2783018867924,107,127,139,129,141,110
6,258.3263473053892,1.4321844032744508,[23.478323],1544.2275862068966,172,180,184,204,150,165
7,980.5143769968051,1.845894263217098,[1.7184159],1867.3472222222222,263,281,296,230,214,240
8,266.2173913043478,1.2068078487676481,[2.0778563],1588.4074074074074,277,303,308,232,232,240
9,247.4111111111111,1.0206434316353887,[6.172201],1678.9871794871794,278,299,218,231,226,240
10,190.20652173913044,1.2474729241877256,[21.43013],1329.1375,261,286,203,205,222,208
11,244.95604395604394,1.522530864197531,[6.8441544],1450.1486486486488,239,267,181,194,222,193
0,261.45454545454544,15.833981841763942,24.997843,1662.3875,151,190,165,165,179,178
1,244.6086956521739,11.951476793248945,[41.71875],1576.6296296296296,139,181,154,153,160,161
2,222.72058823529412,10.166444385169381,[55.047436],1673.516393442623,133,157,141,135,137,112
3,225.9542857142857,7.133355802718796,[68.26974],1688.639455782313,123,146,141,125,124,115
4,213.55333333333334,5.43511586452763,[98.03721],1574.1181102362204,129,149,148,122,104,113
5,231.30844793713163,4.15426997245179,[87.5955],1596.2714285714285,119,153,131,119,97,107
6,377.07582938388623,3.3540100250626566,[3.7057877],1655.8792792792792,173,218,223,144,137,169
7,1437.19578313253,2.6401572112098433,0.0,2431.090047393365,264,299,216,222,222,240
8,265.7625,1.521362738643845,[3.9066277],1685.8032786885246,272,313,225,235,234,240
9,242.8735632183908,1.5845432546884457,[23.428253],1751.225352112676,270,226,220,224,220,232
10,226.1340206185567,1.4558000898289165,[23.866858],1574.360465116279,250,216,199,210,197,217
11,214.54545454545453,1.6125512786942477,[16.270386],1496.9375,241,202,178,191,194,200
0,216.88659793814432,16.574858757062145,[23.085337],1537.5365853658536,164,153,203,181,184,177
1,227.16091954022988,13.206306990881458,[24.317102],1530.8987341772151,159,142,183,173,168,162
2,229.44755244755245,9.874661951320988,[51.480618],1547.626984126984,141,126,169,153,150,97
3,232.4968152866242,6.623437666915927,[55.405197],1572.861788617886,144,133,161,146,138,92
4,224.1283783783784,4.8797575757575755,[91.04959],1624.5703703703705,133,123,157,148,99,90
5,234.42094861660078,2.6938880328710844,[76.88714],1584.3977011494253,123,124,139,127,102,93
6,267.1453125,2.408499036337141,[5.624636],1573.1107078039927,210,189,170,153,135,156
7,634.6765676567657,1.6353813293127282,[4.489261],1915.9240506329113,278,286,283,226,217,226
8,253.46060606060607,1.0870491803278688,[2.5055],1497.4571428571428,282,301,235,237,230,240
9,254.62135922330097,1.1436750998668443,[15.247222],1609.9878048780488,270,297,237,234,231,233
10,243.90140845070422,1.3915217909025956,[8.349988],1593.6,265,194,232,211,212,212
11,237.25641025641025,1.6215963637908326,[27.318922],1420.090909090909,250,172,224,194,194,205
0,198.34375,15.879381771829188,[23.654512],1490.1627906976744,157,179,164,209,166,171
1,234.83333333333334,12.555743830378866,[40.694096],1729.5616438356165,146,153,146,198,156,160
2,221.10071942446044,10.245586297760209,[39.127705],1579.9180327868853,146,138,132,183,142,84
3,250.46666666666667,7.2531133930522165,[64.94998],1643.0652173913043,130,138,129,162,146,91
4,245.7357512953368,4.497868338557994,[88.31942],1639.8181818181818,125,138,137,147,89,89
5,225.38854805725973,3.717919694983916,[85.78885],1554.572463768116,115,158,133,157,90,110
6,271.46388443017656,2.5306122448979593,[11.882252],1580.1853832442068,159,229,206,150,139,146
7,857.76875,1.9606086597414147,[1.5451812],2007.2723404255319,244,300,290,228,214,223
8,315.16783216783216,1.476395272488509,[1.315917],1564.2410714285713,274,320,224,238,227,240
9,272.75409836065575,1.421160295103957,[16.385212],1610.378947368421,272,319,213,235,224,228
10,215.33333333333334,1.5051538341402468,[16.610603],1424.5694444444443,263,227,196,227,218,217
11,230.23809523809524,1.2695630188361213,[18.444374],1483.4285714285713,241,203,190,218,199,198
0,235.75,15.189227642276423,[19.507833],1700.046875,147,165,182,173,178,180
1,245.8989898989899,12.474244875943905,[35.474827],1620.7471264367816,140,148,168,154,154,163
2,222.28472222222223,10.057068601440251,[43.577175],1658.552,128,132,154,141,147,101
3,232.01863354037266,6.868000447077233,[68.52601],1638.889705882353,134,130,149,127,141,97
4,254.26875,4.771712945353113,[98.6211],1642.765625,129,123,145,127,89,104
5,231.49705304518665,3.1321678321678323,[102.85538],1542.5218446601941,140,117,128,132,85,113
6,271.8509687034277,2.3997591254400596,[25.050455],1555.9327433628318,195,198,202,149,134,150
7,1131.7313432835822,1.3139375854780555,[1.4099383],2270.417391304348,276,297,299,214,213,233
8,262.58992805755395,0.9008196721311476,0.0,1429.817391304348,285,309,232,226,233,240
9,206.8181818181818,1.025085324232082,[23.28086],1413.6506024096386,268,300,226,213,224,234
10,231.1604938271605,1.053356975900701,[21.574446],1570.1830985915492,243,201,224,199,220,219
11,227.53225806451613,1.110473330978453,[19.214148],1489.2692307692307,222,182,198,182,204,204
0,257.79487179487177,15.960358422939066,[25.391722],1437.2575757575758,229,157,169,191,194,176
1,218.79207920792078,13.074662041977943,41.16819,1579.675,143,141,164,163,173,153
2,250.05769230769232,10.520090141925582,[45.69035],1537.2595419847328,127,132,157,153,157,143
3,210.44444444444446,7.702341137123746,[52.222992],1597.5973154362416,121,135,140,150,146,88
4,241.21428571428572,4.458312405826217,[87.32178],1532.125,124,125,135,141,99,100
5,235.81330868761552,2.7649772419731824,[70.317],1563.7142857142858,129,132,128,133,108,109
6,320.74920127795525,2.3866341991341993,[36.06336],1573.0472589792062,215,194,188,149,148,162
7,669.429003021148,2.2361528822055137,[3.782781],1844.417004048583,268,307,297,201,218,229
8,270.40372670807454,1.1830729166666665,[3.6548738],1464.637037037037,277,310,232,240,240,237
9,214.67619047619047,0.985408299866131,[12.428348],1537.4235294117648,275,295,222,235,233,234
10,250.0,1.325799640259639,27.807169,1510.375,262,204,202,231,228,219
11,242.9493670886076,1.6530246069719752,[13.038703],1515.6911764705883,249,177,187,211,210,198
0,219.8170731707317,15.101282051282052,[31.319344],1681.9866666666667,164,172,180,171,184,169
1,219.46875,11.636904761904761,[20.363813],1527.8311688311687,154,170,151,155,155,146
2,239.6549295774648,9.7398753894081,[44.603626],1612.4957983193278,149,154,128,144,141,140
3,239.96629213483146,7.346095886588156,[60.52341],1603.4285714285713,145,149,125,128,145,87
4,214.07738095238096,5.7726052471018905,[89.87961],1612.9591836734694,141,151,132,121,104,96
5,226.6375,3.380453326834024,[89.41566],1471.2572815533981,137,144,137,116,106,106
6,287.9644588045234,3.743498168498168,[27.76692],1618.9945155393052,202,219,198,120,144,157
7,739.599358974359,2.551688777799142,[11.813621],1973.6842105263158,275,297,309,194,194,217
8,280.8383233532934,1.2251646903820814,[1.3168159],1536.3673469387754,283,301,235,219,240,240
9,241.14893617021278,1.1121786197564278,[16.262518],1677.077922077922,276,296,229,213,224,240
10,220.8227848101266,1.229454516412427,[14.86266],1560.0428571428572,257,197,222,206,214,222
11,218.76,1.1892240822825666,[11.867061],1323.950819672131,239,191,205,195,197,196
0,227.77333333333334,14.878899082568806,26.403536,1616.0,210,173,172,171,183,181
1,219.59302325581396,11.60768876611418,[25.8155],1632.6,134,152,144,155,161,159
2,232.65217391304347,8.973429951690822,45.076084,1644.8728813559321,131,138,134,137,144,144
3,221.44516129032257,6.958562439770989,[54.626373],1580.1052631578948,133,134,133,136,129,102
4,229.68926553672316,4.430783294292406,[67.92729],1532.2119205298013,129,130,139,130,134,99
5,227.6887159533074,3.3199494949494954,[90.8576],1582.2844444444445,137,134,130,113,98,108
6,265.54923076923075,1.7072760880524287,[12.472074],1561.9942196531792,186,196,216,166,153,165
7,1115.0731707317073,1.5542328042328042,[2.8970366],2061.0717703349283,270,280,300,212,218,232
8,406.56626506024094,1.1296823295830576,[1.4947267],1619.4485294117646,287,294,232,218,240,240
9,242.53,1.1887381275440978,[25.048576],1642.8433734939758,278,286,229,218,233,230
10,218.2289156626506,1.249546973784883,[18.126333],1461.5866666666666,255,198,205,212,220,217
11,257.39130434782606,1.095468199033564,21.993673,1607.8666666666666,228,189,189,190,212,201
0,222.2391304347826,15.162801120448178,[22.772476],1570.7142857142858,208,169,169,185,178,162
1,248.77551020408163,12.55870607028754,[30.234133],1668.3720930232557,140,153,162,168,163,153
2,230.51111111111112,9.321484992101107,[45.805767],1563.104347826087,129,130,158,142,143,142
3,240.77124183006535,6.911702246563094,[51.92166],1553.610294117647,129,122,150,134,140,103
4,211.42105263157896,5.432191935120521,68.9208,1550.6906474820144,120,133,140,123,143,113
5,224.2244008714597,3.728473890504488,[77.925545],1566.3964194373402,118,124,141,128,92,116
6,231.92857142857142,2.210791619181204,24.533882,1536.4239543726235,157,185,204,201,130,160
7,611.6840579710145,2.0160714285714287,0.0,1848.5400696864112,242,277,286,217,189,229
8,330.1717791411043,1.924435590969456,[1.705112],1615.9225352112676,267,300,240,227,232,240
9,237.80392156862746,1.9190686607749827,[9.730562],1511.258426966292,263,292,236,229,225,226
10,239.76315789473685,1.7141342900240535,24.75842,1485.9545454545455,250,202,204,210,214,211
11,220.74576271186442,1.9235504014272968,[20.027168],1484.5510204081634,231,181,183,196,201,188
0,235.7948717948718,15.683662809386048,30.321655,1535.0441176470588,139,183,182,174,177,182
1,221.01075268817203,12.896666666666665,23.593523,1554.8625,131,171,149,169,163,167
2,243.82781456953643,10.205893832943012,[49.400528],1574.7080291970804,110,169,136,151,142,146
3,227.36216216216215,7.640640018092385,[66.052444],1595.691823899371,114,148,126,138,149,94
4,212.86627906976744,4.957907845579079,[77.64207],1689.9383561643835,117,134,128,142,114,95
5,230.75726141078837,2.8155080213903747,[92.60464],1519.2650602409637,134,136,136,157,108,94
6,274.29970326409494,1.7451963241436923,[16.732914],1629.9591836734694,181,182,187,158,161,157
7,1502.2634730538923,1.2631802721088434,[2.8500302],2566.8626373626375,280,289,310,209,240,240
8,271.58682634730536,0.856714471968709,0.0,1504.2237762237762,290,308,238,218,240,240
9,275.62857142857143,0.778237650200267,[20.276804],1609.1136363636363,279,313,234,215,228,229
10,225.90243902439025,0.8947368421052632,[13.987199],1380.9264705882354,254,219,221,202,216,218
11,249.38709677419354,1.0916808149405772,[20.310326],1672.5714285714287,225,208,207,188,209,203
0,225.59550561797752,15.157491039426521,[14.861988],1645.6266666666668,217,177,166,178,189,189
1,219.70886075949366,12.230567045846263,[20.589516],1453.513888888889,156,152,160,164,164,171
2,214.57432432432432,9.263856015779094,[23.747717],1565.051724137931,137,125,141,144,135,163
3,212.14207650273224,7.016730875068794,[55.053787],1599.065868263473,133,127,137,141,140,112
4,232.05960264900662,5.700168689122273,[66.05307],1635.0314960629921,129,143,144,145,130,108
5,226.59213250517598,4.022853957636567,[94.777565],1649.6971153846155,125,129,137,136,144,109
6,253.14384748700172,2.548233986145557,[30.470411],1514.9513618677042,167,207,181,193,159,156
7,296.85403726708074,1.9138610858356075,[2.9600317],1534.9675090252708,262,273,247,189,216,226
8,258.99418604651163,1.323846013501186,[4.478251],1503.5514705882354,280,304,279,229,238,236
9,226.77981651376146,1.0770453008789722,[5.8534636],1427.47,273,296,214,233,229,234
10,201.2289156626506,1.0141359363702096,[10.383765],1484.907894736842,265,282,198,211,208,219
11,237.53623188405797,1.3713618475111362,[18.16324],1666.6949152542372,234,194,178,198,208,205
0,221.0121951219512,15.443174204355108,[25.519028],1565.112676056338,141,163,169,159,177,186
1,215.5,12.191277345198369,[28.582115],1584.0967741935483,127,148,157,138,159,170
2,239.37974683544303,9.491436100131752,[40.361416],1641.6666666666667,115,143,134,129,146,92
3,225.22727272727272,6.911559968047472,56.293377,1633.4108527131782,114,139,128,134,147,100
4,235.5655172413793,5.096389426176659,[104.05542],1500.432,119,141,117,131,106,91
5,231.55136268343816,3.217171717171717,[77.74881],1560.4059405940593,103,150,120,137,99,84
6,248.131498470948,2.0969210969210974,31.255175,1556.5923344947735,180,203,166,129,144,140
7,459.99676375404533,2.162174303683738,[1.3923377],1604.6612244897958,257,304,281,203,226,213
8,313.32,1.621288423806409,0.0,1597.352,268,320,233,232,240,236
9,192.2970297029703,1.6686109238031017,[15.944158],1508.9753086419753,260,313,221,221,236,232
10,248.53521126760563,1.826710727814943,27.068735,1598.2622950819673,242,222,206,192,221,223
11,249.45762711864407,1.7413431971121704,[14.845618],1465.4255319148936,221,189,183,175,209,204
0,217.63440860215053,16.64616995810892,34.150684,1747.3373493975903,156,171,196,205,192,194
1,229.32258064516128,14.01550387596899,35.968178,1565.5375,153,160,186,183,183,167
2,227.8450704225352,11.730375762345073,32.04095,1536.608,140,147,166,163,171,97
3,223.7784090909091,8.632946070721934,[60.209423],1528.6381578947369,142,139,159,149,163,105
4,213.60493827160494,5.135334476843911,[84.25527],1600.503448275862,146,142,144,138,119,106
5,225.8231707317073,2.9977899892485964,[86.19037],1634.0536585365853,132,134,129,138,120,108
6,296.57715133531156,1.4746809386578839,25.83307,1609.5335689045937,193,188,211,157,153,139
7,576.219512195122,1.4864660058803918,[10.25057],1870.5873015873017,265,293,320,239,220,234
8,291.49006622516555,0.9745954692556633,[4.661099],1621.008064516129,284,301,240,240,240,240
9,250.1818181818182,0.8605610561056105,29.059988,1630.3809523809523,280,291,237,240,227,240
10,224.02325581395348,1.4000621938894504,[37.63568],1554.5753424657535,249,207,225,228,215,230
11,217.54430379746836,1.4878289473684212,[27.479681],1564.0142857142857,236,190,215,218,208,213
0,226.26373626373626,15.36111111111111,27.061798,1671.3466666666666,164,166,183,160,188,165
1,242.77215189873417,13.418854928971156,[37.15476],1571.8676470588234,148,165,173,152,175,96
2,225.40714285714284,10.470169381810335,58.46213,1588.2142857142858,131,152,161,131,153,78
3,221.37869822485206,7.718800247371679,[72.897896],1448.0268456375838,133,144,142,136,98,82
4,221.57142857142858,5.676874849288643,[110.96057],1669.2091503267975,129,161,153,135,95,81
5,235.70654627539503,3.6522886162775356,[90.42025],1631.5153846153846,132,152,143,100,103,92
6,401.6447166921899,3.946084604262861,[22.633478],1654.5833333333333,175,228,183,158,143,134
7,770.2218649517685,2.46235170969993,[4.160604],1820.2752293577983,268,292,218,216,211,228
8,307.5769230769231,1.3235235567352355,[13.336575],1692.7857142857142,277,312,230,221,232,235
9,265.2040816326531,0.9608829491703581,[39.861565],1552.3882352941177,285,226,227,216,222,226
10,254.68817204301075,0.910425489009881,[27.417732],1623.8666666666666,272,213,208,196,208,208
11,258.6478873239437,0.8941705790297337,[29.373579],1668.4590163934427,179,189,194,180,204,190
0,250.01315789473685,15.95664902149503,[46.66225],1784.1323529411766,135,176,191,181,177,179
1,259.16161616161617,12.884615384615385,36.108276,1586.8433734939758,120,154,167,159,168,168
2,248.74842767295598,10.381941455015067,[48.76283],1560.4233576642337,113,135,153,151,154,102
3,266.95,6.833766233766234,[60.867237],1589.5531914893618,123,141,148,155,104,99
4,226.81005586592178,3.5417327638804137,[78.05244],1635.8776978417266,123,131,135,155,100,101
5,242.0203327171904,2.38375350140056,[87.469666],1631.2252631578947,141,129,137,111,104,92
6,371.87175572519084,2.5184331797235022,[30.266321],1773.8011152416357,197,184,209,199,172,155
7,1969.9565217391305,1.5166446499339494,[11.729993],2960.0058479532163,276,298,222,240,240,238
8,255.41353383458647,1.1427083333333332,[9.149488],1501.6810344827586,280,302,234,240,240,240
9,263.34065934065933,1.2338271421127076,[61.508224],1567.1025641025642,270,225,222,231,229,237
10,229.58620689655172,1.1022929784959012,[47.23088],1438.1917808219177,258,211,200,214,211,235
11,245.14814814814815,1.4469478143654917,[21.515549],1711.5974025974026,164,194,199,200,187,210
0,222.05494505494505,15.743939393939394,[35.88697],1554.962962962963,144,143,165,185,177,176
1,197.609756097561,12.810706401766005,[52.06737],1739.030303030303,134,130,153,172,159,158
2,223.5234899328859,9.989271597967253,[53.337406],1556.708661417323,121,120,139,151,139,100
3,232.40828402366864,7.139906424740384,[39.78462],1638.5,128,127,129,147,141,90
4,223.91477272727272,5.102006269592477,[83.71457],1635.7567567567567,124,126,145,148,106,76
5,237.8466386554622,3.4712221553281157,[57.57997],1590.5736040609138,126,132,154,147,107,89
6,261.5205930807249,2.7951595769248527,[23.050323],1531.26204238921,177,189,219,148,154,144
7,754.7616099071207,2.0272938443670148,[13.963802],1921.3541666666667,238,273,302,210,216,237
8,321.3354430379747,1.5436042638241174,[11.752461],1460.3958333333333,269,291,229,232,240,240
9,237.91304347826087,1.473677069199457,[41.152397],1353.3815789473683,254,281,230,232,240,237
10,238.3186813186813,1.629780974174567,[27.06852],1609.1038961038962,241,189,220,211,210,217
11,237.63333333333333,1.7221052631578944,[27.380846],1568.3333333333333,239,170,201,197,194,199
0,236.59047619047618,15.11921069797782,31.067759,1545.9782608695652,140,182,172,179,176,173
1,240.9468085106383,12.300341745531021,41.911686,1567.1944444444443,129,163,164,163,173,159
2,215.4822695035461,10.493727017088469,[42.66369],1501.7460317460318,107,145,149,146,167,90
3,230.48022598870057,7.041219649915302,[66.05627],1519.360544217687,119,143,140,133,146,89
4,221.12345679012347,3.8999495649981086,[83.69001],1557.6715328467153,124,135,142,139,86,95
5,225.3248031496063,1.8119231255531676,[83.08282],1593.8447058823529,121,132,135,133,98,100
6,277.0061823802164,1.2298218398909415,[26.230078],1589.5709023941067,182,176,205,154,136,160
7,581.2338461538461,1.3772405697788772,[3.3943527],1691.63179916318,274,277,316,210,201,223
8,316.5945945945946,0.7496699669966997,[13.15369],1553.7310924369747,282,308,240,236,225,224
9,219.26,0.8256064690026953,[20.349115],1349.5714285714287,277,304,229,232,220,222
10,230.55421686746988,0.9860381813001179,[34.017384],1562.3972602739725,255,208,205,216,204,205
11,240.0952380952381,0.8391001974757448,[13.702138],1569.8148148148148,248,199,193,199,194,193
0,243.24489795918367,16.74228682170543,27.088638,1514.1666666666667,149,188,177,200,188,173
1,206.90625,13.6351246105919,[31.589447],1372.9268292682927,141,172,158,178,163,151
2,251.19745222929936,10.382882882882884,[47.32265],1593.328,137,160,147,158,151,135
3,224.20529801324503,8.435935044525928,[46.98184],1565.2878787878788,146,147,145,160,145,87
4,220.51592356687897,6.143366778149387,[81.07244],1612.2923076923078,135,143,127,161,122,92
5,231.20967741935485,4.425759712783691,[79.42533],1600.9565217391305,126,139,123,156,77,88
6,260.3169934640523,2.772727272727273,[26.323885],1582.1035856573706,166,204,165,229,138,154
7,278.94498381877025,2.733451886978858,[5.1371837],1587.1216730038022,245,288,244,229,200,240
8,278.2,2.1439824205544293,0.0,1501.5413533834587,260,317,210,236,216,240
9,242.62727272727273,1.8089883800410116,[13.663999],1491.9148936170213,249,308,222,235,216,233
10,240.1038961038961,1.5448957584471603,[27.273813],1389.0142857142857,243,287,211,218,209,223
11,241.22093023255815,1.4366125329478785,[28.294306],1610.8,236,204,198,203,188,209
0,230.14444444444445,15.800155076722168,24.807129,1579.828947368421,138,155,179,196,182,171
1,256.2674418604651,12.138814137064944,[25.47196],1815.75,126,146,162,173,168,154
2,242.34920634920636,9.598364731230319,[56.089626],1576.9056603773586,119,127,157,141,146,97
3,237.5472972972973,6.644036270634736,[55.10246],1560.4031007751937,117,116,150,140,136,89
4,241.25925925925927,3.976511843324069,[75.51094],1615.235294117647,122,120,148,120,90,87
5,232.61264822134387,2.455874534821904,[90.16632],1598.625,120,111,145,109,99,100
6,242.78373983739837,2.443150620088989,[25.935415],1591.4972170686456,174,182,214,127,161,148
7,737.5242424242424,1.7775642873154642,[10.259011],1809.2064777327935,252,267,307,204,236,221
8,250.88888888888889,1.2293215916503581,[10.355918],1625.3412698412699,275,298,240,240,240,240
9,224.80645161290323,1.2222072678331086,[38.350906],1450.4050632911392,257,292,234,235,235,233
10,236.72289156626505,1.5218091099307904,[32.31885],1483.6478873239437,232,204,221,220,221,210
11,250.69117647058823,1.6057179987004553,[43.4109],1807.7333333333333,212,188,206,206,213,190
0,223.84375,15.094311377245509,[35.367207],1621.5348837209303,145,176,161,162,181,177
1,221.16666666666666,12.322510822510823,[43.015644],1619.7682926829268,133,164,150,147,170,160
2,218.59310344827585,9.617109048472017,[44.857178],1447.5669291338584,131,148,139,128,156,99
3,228.7826086956522,6.606091485507248,[74.61175],1539.4967320261437,121,151,127,114,150,105
4,228.8448275862069,4.45306324110672,[84.01588],1602.1307189542483,127,156,134,126,93,100
5,240.704280155642,3.4458413926499043,[75.74162],1640.2263279445729,119,160,137,133,90,113
6,459.894578313253,2.8684007444731945,[28.877474],1712.3370370370371,165,230,200,145,157,152
7,1520.7622149837134,1.9894395078605611,[14.285896],2165.3563218390805,282,288,240,219,216,218
8,290.4367088607595,1.4125668449197861,[19.64876],1626.984496124031,282,295,240,230,226,223
9,238.12790697674419,1.4397332423932403,[34.683105],1452.0389610389611,276,214,238,223,224,214
10,214.80769230769232,1.2853485064011378,[31.857775],1521.4925373134329,251,207,211,204,212,210
11,244.97222222222223,1.1485539788036643,27.276474,1699.6037735849056,234,199,180,181,186,192
0,249.1590909090909,16.55311526479751,[28.884237],1572.4814814814815,140,195,187,165,192,191
1,238.3875,13.184857934857934,[39.74933],1561.1216216216217,116,180,163,162,169,172
2,241.97163120567376,10.267338282078471,[41.063206],1741.6446280991736,113,157,145,148,143,114
3,235.0655737704918,7.83257791953444,[51.98889],1729.2781456953642,106,148,145,136,135,107
4,210.9290780141844,6.19709090909091,[94.13641],1671.0555555555557,122,150,147,134,90,107
5,233.82655246252676,3.7629913593769015,[89.378365],1548.639798488665,126,146,150,125,100,100
6,283.1457364341085,2.9981739008287676,[27.610052],1628.1420959147424,171,209,193,125,150,169
7,1132.0066889632108,1.7822055137844608,[3.1817312],2418.887804878049,249,299,307,211,236,218
8,249.5,1.2354616895874262,[13.155263],1477.767857142857,278,312,234,223,240,240
9,224.38541666666666,1.2121160409556313,26.429174,1573.1410256410256,272,296,221,222,233,221
10,226.67,1.5044061767321533,[39.980747],1590.1348314606741,247,211,209,204,224,207
11,240.23863636363637,1.5997789303630643,[11.54478],1572.0,220,206,200,192,210,210
0,223.98130841121494,15.434490358126725,[38.896458],1511.4942528735633,204,167,176,200,183,159
1,240.1011235955056,12.686867364746945,[45.124004],1457.7236842105262,136,157,158,186,177,141
2,221.44585987261146,10.020555316401206,[45.446667],1670.144927536232,130,147,146,150,152,83
3,200.96875,7.207453416149069,[41.726357],1462.1285714285714,129,143,157,143,151,82
4,222.9526627218935,5.487539108857483,[72.96073],1454.5072463768115,130,137,156,152,139,92
5,235.27176220806794,3.0786571918647394,[55.892345],1570.628078817734,128,139,157,132,87,99
6,254.18506493506493,2.4425197534080056,[42.68108],1554.6744186046512,186,185,207,205,122,142
7,370.203125,1.5296998577054175,[10.832241],1593.8339622641508,256,275,286,234,197,191
8,245.64556962025316,0.9400537634408599,[10.782243],1526.6122448979593,274,294,230,240,233,217
9,262.69444444444446,0.8759890859481584,[18.319664],1521.3076923076924,270,295,235,240,222,204
10,255.81176470588235,1.1670480549199085,[32.60169],1548.5492957746478,252,215,219,225,205,195
11,226.7605633802817,1.098480295355027,[21.14055],1398.4464285714287,239,190,203,218,197,179
0,222.55555555555554,16.525121988411097,25.635107,1365.051948051948,141,210,183,193,178,188
1,217.88297872340425,12.332951070336392,[42.48794],1610.3376623376623,134,179,162,179,157,170
2,213.73333333333332,9.74968944099379,[47.637802],1542.6829268292684,126,169,156,150,144,95
3,219.3202614379085,6.484851841595125,44.696682,1722.765625,121,152,153,137,136,86
4,211.91463414634146,4.718557993730407,[67.29299],1567.6180555555557,109,149,142,133,99,93
5,238.81102362204723,3.1891823260538334,[79.18427],1633.8066037735848,120,143,147,126,84,96
6,281.6426332288401,1.9063383873510453,[21.0848],1588.3049242424242,170,206,225,140,123,163
7,629.3161094224924,1.8868812347073223,[4.446729],1791.8866396761134,255,294,308,233,204,224
8,342.3192771084337,1.2353831294269157,[6.4935603],1562.985815602837,275,320,240,240,238,240
9,271.6875,0.9039215686274511,[24.608622],1469.561224489796,278,312,233,227,240,240
10,229.33333333333334,1.0319631194775263,[28.533394],1632.515625,258,225,215,221,219,232
11,245.3846153846154,0.9926715522984679,[25.54725],1576.8484848484848,243,213,202,201,201,204
0,221.08333333333334,14.355555555555554,[14.941551],1534.4133333333334,180,158,176,180,169,172
1,202.1818181818182,10.922972399150742,[30.524786],1393.4814814814815,165,142,158,166,155,156
2,229.5514705882353,8.635983474405482,[18.66138],1632.4913793103449,124,135,130,151,152,135
3,225.5796178343949,5.900325767129045,[34.675716],1539.0839694656488,127,122,130,144,142,128
4,231.79166666666666,3.9290556334735864,[71.12974],1470.5032679738563,136,111,130,140,139,88
5,230.48228346456693,2.306585233113624,[74.3017],1564.4038004750594,124,113,129,125,133,95
6,238.61639344262295,1.811752098589034,[19.631527],1482.1264367816093,171,176,202,189,144,136
7,279.34082397003743,1.780255516840883,[4.0321174],1418.6126126126126,243,268,297,207,199,221
8,223.86274509803923,1.5391460759253992,[2.744002],1563.823076923077,265,281,305,224,207,227
9,221.64423076923077,1.606474820143885,[15.710082],1626.5760869565217,250,275,224,213,200,228
10,234.68354430379748,1.4617827084927317,[22.526777],1607.3432835820895,228,255,212,208,195,209
11,204.67532467532467,1.1300168634064083,[7.19927],1559.96875,204,240,188,195,177,182
0,227.2,14.839566003616637,26.430054,1591.057471264368,195,176,194,182,184,175
1,208.8272727272727,12.53427279053584,[29.594963],1564.5980392156862,137,166,175,171,165,144
2,228.73972602739727,8.984783845278725,36.963074,1555.4921875,138,144,151,157,156,133
3,218.10795454545453,5.913361224381719,58.887295,1636.717105263158,136,142,141,152,151,99
4,217.64457831325302,4.310437960069903,[60.23125],1575.9324324324325,148,138,143,149,135,108
5,220.19878296146044,2.992158943520812,[71.3102],1577.2820512820513,146,129,140,145,98,113
6,291.77349768875195,2.570596070596071,[17.089975],1593.0912476722533,201,192,199,198,142,160
7,857.3773006134969,1.7171528297182745,[1.5841088],2101.8677685950415,268,288,290,218,234,230
8,273.63793103448273,0.8282440284054229,0.0,1593.3300970873786,286,304,240,240,239,240
9,225.4695652173913,1.0266689143627785,[8.616263],1430.7755102040817,266,280,239,235,226,237
10,236.0,0.7879310344827585,[12.75969],1556.5,247,263,222,220,220,220
11,213.2741935483871,1.130636036344934,30.936865,1303.0714285714287,220,181,213,206,212,196
0,217.75,14.717740112994353,[31.896643],1432.0506329113923,201,187,164,177,168,165
1,200.93103448275863,12.640955506929247,[24.005152],1376.8169014084508,127,174,150,160,156,147
2,220.4390243902439,11.07437975190076,[39.79889],1716.0720720720722,117,159,142,141,147,127
3,212.28488372093022,7.38603070432439,[37.696648],1552.4935064935064,117,142,141,126,132,84
4,225.96045197740114,5.020981466371372,[63.424137],1642.2119205298013,126,151,139,117,123,90
5,234.04690831556502,3.2172689758659505,[79.48139],1540.1603053435115,131,149,132,119,104,92
6,265.709375,2.638101859899183,[25.908216],1570.1062618595824,181,202,188,177,155,143
7,309.1666666666667,1.2306981044845122,[5.9872723],1582.9513108614233,248,294,268,210,212,210
8,229.51633986928104,0.7667576584774038,[5.5528007],1386.0083333333334,277,308,296,230,229,230
9,236.58163265306123,1.0153526970954356,[14.390897],1507.3333333333333,267,307,200,229,223,220
10,225.7058823529412,1.173637702503682,[16.66562],1500.6938775510205,247,297,192,208,208,206
11,236.77966101694915,1.2089612306041226,[26.269455],1758.7708333333333,226,201,182,194,191,183
0,233.9240506329114,15.592874396135267,[19.157808],1402.1911764705883,149,168,176,176,171,195
1,222.3578947368421,12.452255109231855,32.575882,1573.404761904762,134,143,162,162,162,183
2,220.91034482758621,9.857697834069501,41.78931,1543.2945736434108,128,129,144,160,144,112
3,209.84293193717278,5.759737318840581,[69.77531],1488.0864197530864,129,123,134,146,135,101
4,239.83529411764707,3.602756286266925,[86.99612],1565.806896551724,129,131,130,153,102,107
5,223.93374741200827,2.0780632411067192,[96.5938],1627.4507389162561,122,125,132,150,104,103
6,263.4341085271318,1.8468198468198471,[22.41429],1570.5978647686832,176,195,192,148,145,145
7,463.9055374592834,1.6184255544151043,[3.4327679],1546.9691629955946,262,303,286,231,223,226
8,226.42222222222222,1.019736842105263,[2.6975615],1431.0,283,306,216,238,239,238
9,217.34782608695653,0.863917175831636,[9.443168],1524.5263157894738,270,294,212,237,232,228
10,235.51898734177215,0.9381459691524883,23.84429,1524.8823529411766,266,205,192,225,206,230
11,241.59493670886076,0.8382711746253049,[16.941326],1581.1311475409836,242,194,182,191,188,211
0,198.25252525252526,14.725114155251143,[12.0839615],1449.0449438202247,206,166,181,182,173,187
1,243.1304347826087,12.673891625615761,[19.479313],1570.3461538461538,185,166,165,172,156,171
2,212.9241379310345,10.266666666666666,[34.31882],1524.244094488189,116,149,147,151,147,150
3,222.45454545454547,7.280862344937976,27.998917,1634.2170542635658,107,153,144,146,145,138
4,231.28025477707007,5.473072802120342,[68.15726],1570.8705035971223,111,153,136,140,139,92
5,222.15221579961465,3.6977885559212424,[72.09528],1520.0514018691588,112,152,124,146,133,86
6,273.8207831325301,3.05399633923124,20.931702,1570.291296625222,160,202,185,220,138,138
7,797.8141891891892,2.1492192018507805,[8.458907],1830.059633027523,261,279,287,228,203,224
8,270.21768707482994,1.3055834474364822,[1.7100929],1533.9925373134329,276,288,301,230,230,240
9,221.50833333333333,1.1111945435204302,[26.050528],1473.6470588235295,271,279,284,230,222,236
10,213.43037974683546,1.3180851063829786,[14.413033],1348.3968253968253,240,263,207,216,213,224
11,217.58510638297872,1.100632911392405,[11.525123],1605.5135135135135,219,249,188,201,198,209
0,231.27272727272728,14.408097469540769,19.162569,1540.9666666666667,205,156,165,176,181,184
1,219.9367088607595,12.892623095997164,[40.460114],1534.9864864864865,147,145,143,156,174,176
2,215.4025974025974,10.717141726049087,[28.402529],1511.0615384615385,141,126,122,137,163,153
3,225.13836477987422,7.48906125696102,[30.194687],1554.2761194029852,136,123,133,149,155,142
4,221.37579617834396,4.795014645913503,[56.159683],1547.9126984126983,135,119,133,132,148,90
5,244.54797441364605,3.724726254138019,[70.302055],1600.6479217603912,119,119,131,137,120,88
6,281.83764367816093,2.3043039086517347,[16.233196],1544.13921901528,162,184,184,195,164,146
7,817.9504643962848,1.6947040498442374,[11.636901],1780.5420168067226,269,282,266,214,233,234
8,272.5182926829268,1.1248325417123368,[14.118347],1554.945945945946,284,302,278,220,240,240
9,263.61538461538464,0.9783737024221453,[22.22841],1486.7272727272727,278,289,192,214,234,238
10,235.07954545454547,0.7766013564431048,[13.662902],1475.158536585366,248,266,182,197,211,223
11,245.28395061728395,1.1265052090380192,[12.366081],1473.9014084507041,216,181,179,191,193,207
0,250.05263157894737,14.708003748828492,[39.926098],1655.1492537313434,201,183,169,150,173,191
1,253.13793103448276,11.554264650989175,[21.795729],1630.2857142857142,121,160,152,133,153,174
2,228.11180124223603,8.416507430997878,[41.986065],1619.7481481481482,110,148,133,114,128,152
3,222.17073170731706,5.795705998445069,[37.687954],1516.5104895104896,107,139,138,118,130,95
4,220.53631284916202,3.625780605632143,[52.008396],1724.4594594594594,123,135,140,119,127,94
5,228.4318181818182,2.9829940574029594,[86.00057],1573.3592493297588,127,130,154,131,88,89
6,286.28831562974204,4.019802409220903,[27.655344],1645.5677179962895,202,194,213,187,122,131
7,1045.452380952381,3.000644371415684,[24.098688],1967.053811659193,267,288,296,212,195,220
8,406.2857142857143,1.7555535296441487,[30.207228],1602.9044117647059,273,308,318,224,215,229
9,230.13978494623655,1.6858361774744026,[28.099913],1450.2957746478874,272,308,228,215,216,226
10,229.21176470588236,2.056004877057508,[30.137184],1409.1081081081081,251,213,215,194,199,223
11,249.16176470588235,1.3236864163762299,24.063204,1549.8245614035088,229,203,192,178,185,206
0,207.3684210526316,14.441602982292638,[17.798683],1514.6626506024097,210,170,168,171,170,184
1,238.84883720930233,12.299290780141845,29.829102,1495.0897435897436,147,147,154,163,158,171
2,246.45985401459853,9.413173947264857,[32.358906],1671.4396551724137,140,133,138,147,144,145
3,225.34883720930233,7.836637681159419,[32.75507],1559.2251655629138,131,124,126,145,130,94
4,222.57837837837837,4.326086956521739,69.28303,1596.9807692307693,131,121,125,134,128,97
5,230.24074074074073,2.732167832167832,[55.47693],1609.870283018868,133,137,120,137,88,100
6,279.585557299843,2.3036939761077693,[35.132298],1570.2759924385634,209,221,163,195,131,154
7,679.6983606557377,1.7088656600851722,[24.758972],1956.728,277,294,280,221,191,213
8,354.7348484848485,0.9891562294001321,[19.12265],1552.4583333333333,285,315,223,235,224,235
9,233.09183673469389,0.9628726287262871,[17.875292],1548.2045454545455,279,312,212,220,218,235
10,240.25925925925927,0.9855072463768116,37.3638,1346.6153846153845,256,288,200,209,202,225
11,224.97058823529412,0.7827148650416431,26.133753,1465.4166666666667,243,195,183,193,187,206
0,222.74157303370785,15.362614379084967,[33.424484],1534.2435897435898,209,181,162,156,181,182
1,248.58064516129033,12.674339757316204,[36.943707],1595.55,134,167,156,139,173,165
2,231.6778523489933,10.221958925750394,[38.574535],1610.6456692913387,122,145,148,124,171,134
3,250.78612716763007,7.757431233362911,[40.824642],1661.5225806451613,119,135,146,125,160,99
4,239.66860465116278,4.970094901787684,[55.50461],1499.4507042253522,108,147,147,126,153,107
5,227.30296610169492,4.500599664188056,[55.466854],1554.329207920792,110,158,161,121,112,96
6,293.48899371069183,3.879461279461279,[36.379086],1602.9182509505704,176,229,233,159,138,145
7,657.9969325153374,2.3630421283132335,22.498657,1885.0152671755725,249,303,283,195,223,204
8,264.93243243243245,1.9686124082721816,[27.723757],1646.05223880597,281,320,212,206,240,240
9,236.72,2.0319605173587476,[33.50131],1554.7176470588236,274,310,206,206,237,236
10,205.08139534883722,1.7955742501828824,29.755285,1431.4571428571428,256,288,197,191,218,217
11,253.5909090909091,1.8530354242570561,[22.94217],1575.982456140351,229,203,187,183,202,195
0,231.20388349514562,14.584327931363202,[24.70183],1457.9666666666667,197,169,177,184,158,164
1,212.3372093023256,11.94207468879668,25.34339,1621.2666666666667,177,151,174,174,143,145
2,222.35616438356163,9.346787148594379,[36.157406],1582.857142857143,120,145,152,159,128,126
3,216.17297297297299,6.951304347826085,[37.9777],1617.830303030303,115,147,127,144,136,81
4,231.6312849162011,5.361385029134916,[33.144863],1422.2933333333333,126,154,139,133,135,89
5,238.1191919191919,3.738201689021361,[76.86682],1578.1957040572793,142,155,137,123,84,91
6,387.2183406113537,5.094980273650633,[39.618275],1679.561717352415,216,234,192,175,118,148
7,619.1386138613861,2.3283506780195524,[28.88162],1783.139240506329,271,302,303,226,188,220
8,272.5644171779141,1.4618149146451032,[28.988504],1406.7410071942445,277,318,310,231,214,240
9,242.4387755102041,1.3119823489477258,[30.878252],1414.5365853658536,273,301,228,224,213,234
10,251.54166666666666,1.3017167381974248,[7.6270885],1470.0701754385964,254,280,216,221,205,222
11,237.3859649122807,1.4855941851300463,[32.665936],1573.204081632653,228,198,192,204,182,198
0,224.8695652173913,15.638009049773759,[27.992704],1510.775,225,164,199,167,173,177
1,207.02409638554218,13.010264439805152,[29.600084],1403.0933333333332,156,144,182,165,155,156
2,232.9056603773585,10.382398753894083,41.04419,1538.3430656934306,144,129,163,155,132,133
3,223.62420382165604,7.5967479674796765,[31.252213],1519.8507462686566,142,133,149,140,129,127
4,220.23312883435582,6.281030185544171,[28.220802],1504.127659574468,146,138,146,131,132,92
5,225.72854291417167,3.9519060915151867,[47.886494],1596.669099756691,137,135,147,131,127,86
6,273.8424336973479,2.858224101479915,[39.944897],1609.5383244206773,213,191,204,189,141,137
7,476.0340557275542,2.0953669695212316,[10.747979],1757.4742647058824,257,286,288,203,219,225
8,248.26573426573427,1.294663434198318,[22.668028],1512.248,278,300,312,224,237,240
9,233.59183673469389,1.478082191780822,[25.89186],1560.8333333333333,268,280,228,224,230,230
10,213.18279569892474,1.3744525547445257,[38.579525],1580.2317073170732,257,254,223,209,217,210
11,225.69565217391303,1.8443566543477337,34.009212,1664.9166666666667,247,181,217,193,202,199
0,237.1529411764706,14.377439846005773,[13.190246],1297.5,213,154,162,151,191,168
1,209.16304347826087,11.685863874345548,33.91435,1452.2051282051282,202,145,143,141,174,150
2,218.5771812080537,9.36084142394822,[39.19132],1657.703125,132,127,140,131,160,134
3,236.78443113772454,6.421802202456586,24.787344,1502.861111111111,132,124,127,127,154,123
4,204.49382716049382,3.7472166881518816,34.39142,1667.3426573426573,130,123,126,130,151,82
5,231.47974413646057,3.548627002288329,[41.766277],1559.1885856079405,132,133,116,141,159,79
6,243.59193548387097,3.305609284332689,[33.19171],1523.919324577861,204,183,170,189,158,130
7,763.8030303030303,2.3471753096231533,[20.350994],1933.95,278,282,266,193,222,197
8,252.57926829268294,0.9968213985846226,[16.848785],1480.6693548387098,288,296,310,226,237,231
9,219.18269230769232,1.1558051055473737,[25.827929],1518.1818181818182,283,290,303,213,234,229
10,224.42857142857142,1.117276720351391,[29.573866],1622.9538461538461,258,255,210,196,226,221
11,199.72602739726028,1.0239935587761673,[24.87517],1570.032258064516,234,234,194,171,206,203
0,220.8,14.668518518518516,26.03341,1550.046875,211,175,162,158,189,185
1,211.71764705882353,12.530505952380949,[19.127693],1522.3026315789473,132,159,142,136,165,162
2,225.47260273972603,9.53089430894309,[29.012283],1591.5196850393702,128,146,125,121,148,152
3,243.21965317919074,6.433841266105783,[28.20237],1580.2567567567567,126,132,125,110,140,106
4,231.96045197740114,4.524704905391778,37.888145,1553.8258064516128,128,116,129,100,154,106
5,239.70445344129556,3.2285788923719956,[52.224415],1598.7782805429865,146,108,135,97,100,110
6,466.81903276131044,4.1983937115516055,[34.90428],1782.0475319926875,239,169,172,150,156,178
7,1034.8954248366013,2.258778258778259,[34.681896],2024.9712918660287,286,273,267,211,231,217
8,229.92567567567568,1.0295669905241693,[31.709015],1512.55,291,294,303,226,240,234
9,226.7578947368421,0.9748299319727892,26.100037,1447.939024390244,284,290,217,215,232,232
10,199.3370786516854,1.1563721940622738,[18.43573],1436.1944444444443,263,264,210,204,221,219
11,241.40322580645162,1.2355741424567335,[31.313742],1616.3636363636363,233,183,185,175,201,206
0,219.2906976744186,14.869463781749763,[40.549866],1462.3896103896104,207,184,171,154,156,191
1,250.65882352941176,12.42530433225922,[31.62234],1616.054054054054,145,170,155,136,151,174
2,216.94078947368422,9.133333333333335,[17.2352],1543.1617647058824,125,154,144,114,133,150
3,223.76315789473685,6.738900391074303,[43.15724],1582.8103448275863,125,149,135,113,134,100
4,231.6759776536313,5.474136008918619,[37.54425],1472.5098039215686,149,150,150,105,126,100
5,229.34722222222223,3.815611624239694,[47.757004],1561.7733644859813,141,146,138,118,123,106
6,420.44202898550725,3.3255280073461893,[51.470837],1722.0945454545454,224,211,178,188,131,157
7,805.0793650793651,1.6353093189625287,[23.721079],1787.5541125541126,279,309,297,208,193,225
8,245.9558823529412,1.0260013210832881,[32.799828],1509.045045045045,277,320,304,228,224,233
9,229.04347826086956,0.9076154376292214,21.498726,1593.051948051948,278,309,219,214,216,215
10,203.04444444444445,1.0543350477590008,[38.011127],1412.2784810126582,255,296,209,193,199,209
11,265.96,1.3262111367897789,[31.29997],1533.7076923076922,224,202,200,177,188,216
0,263.2718446601942,15.588264299802761,[36.578846],1678.6741573033707,160,167,169,171,160,187
1,273.1010101010101,12.367258176757133,[41.615536],1617.0240963855422,167,137,151,156,164,183
2,244.98013245033113,10.0415397396843,[53.209576],1632.0610687022902,158,124,128,127,146,102
3,273.66013071895424,7.8301951386511455,[59.67624],1622.9083969465648,163,110,128,107,146,108
4,281.31284916201116,6.255969001082684,[47.60545],1641.2230215827337,161,99,129,110,141,123
5,334.1905737704918,6.743385579937304,[38.987343],1643.135,189,86,125,111,93,121
6,570.6978851963746,7.378085769652034,[42.587715],1925.2318007662834,261,186,147,158,139,188
7,1270.6192052980132,2.0512188960464828,[27.720322],2302.5632183908046,281,294,305,211,200,217
8,430.30379746835445,2.1115331964407944,35.352802,1761.0434782608695,278,300,231,229,206,217
9,272.11538461538464,2.183541642777969,[42.239902],1537.015873015873,275,224,225,227,208,218
10,262.4177215189873,2.22264631043257,[37.083958],1511.2608695652175,185,209,208,201,178,198
11,281.43589743589746,1.651761517615176,[36.1507],1532.3235294117646,173,191,184,190,171,198
0,245.39772727272728,16.157007203667327,[49.40209],1558.4177215189873,152,203,153,172,171,167
1,269.0,12.877572583608966,[59.590378],1584.986301369863,141,196,139,141,145,145
2,262.68831168831167,10.256038647342995,[46.94045],1501.3305084745762,137,186,115,122,134,134
3,260.4329268292683,9.227574370709384,40.87775,1664.9154929577464,137,202,102,108,133,78
4,275.6848484848485,8.570352618966108,[35.903053],1579.858208955224,138,214,103,95,133,79
5,305.5280464216634,9.300931755225383,[56.81586],1685.9977827050998,135,228,89,90,93,87
6,500.77705977382874,5.916930775646373,29.292679,1789.8343558282209,222,284,172,124,131,157
7,862.3827160493827,2.7395522388059703,[19.021059],1957.3811475409836,277,301,203,216,194,216
8,301.1764705882353,1.8258332398159578,[38.489887],1635.7520661157025,283,237,209,225,239,214
9,261.90526315789475,1.5915943705417392,[24.655226],1574.183908045977,277,235,205,217,229,202
10,270.9879518072289,1.7478446506281307,[39.673855],1508.2,259,220,180,213,214,196
11,264.66279069767444,1.729727341022582,[37.662792],1647.2121212121212,233,214,165,198,197,184
0,271.06796116504853,15.528652612282311,[42.251816],1536.989247311828,198,174,162,193,192,172
1,284.6914893617021,13.520055325034578,[27.679731],1515.8108108108108,127,163,148,190,179,157
2,251.2037037037037,10.56562740569669,23.979261,1542.6934306569342,111,146,126,160,180,143
3,209.1081081081081,7.571744471744473,[36.93114],1545.842105263158,114,141,128,153,119,85
4,243.02941176470588,5.60520671988562,[37.25454],1549.141935483871,121,151,132,161,130,68
5,247.6346153846154,4.627367424242425,[31.466578],1606.2158808933002,118,145,139,158,146,62
6,392.4368174726989,4.525867088081178,[28.797598],1688.7672253258845,168,212,202,241,182,88
7,532.3684210526316,2.039272774327122,[36.628036],1875.2280701754387,254,293,280,227,224,194
8,316.85616438356163,1.6274545900834563,[22.446037],1579.7317073170732,265,317,286,239,227,218
9,246.02,1.571019419003556,[37.156826],1547.493670886076,258,314,268,231,229,213
10,218.6219512195122,1.4040481400437637,[24.914185],1460.0746268656717,239,287,194,229,215,207
11,282.2307692307692,1.4435406698564588,[34.7084],1528.360655737705,223,252,183,204,203,189
0,236.34,15.405303867403317,[22.457373],1514.3068181818182,219,179,188,166,164,170
1,207.24657534246575,12.576660117878195,25.808924,1519.313432835821,208,167,173,155,147,168
2,190.06382978723406,10.243704520396912,23.080877,1578.7606837606838,186,152,156,141,128,144
3,210.80645161290323,6.000608272506083,28.136549,1474.9259259259259,129,138,153,141,126,135
4,217.04907975460122,4.313944934846574,35.871304,1560.7014925373135,121,149,137,135,127,124
5,222.54124748490946,3.0419588592800375,[20.63291],1509.2617924528302,112,136,125,138,129,104
6,237.25301204819277,2.2050129106936156,[22.883776],1563.1197301854975,174,209,172,182,139,145
7,708.893371757925,1.566963755199049,[17.34606],1866.6315789473683,272,286,276,270,206,220
8,235.88888888888889,0.8520461078021748,[5.528883],1478.455223880597,286,311,311,236,223,240
9,220.27777777777777,0.8926057947171191,[11.378932],1516.7472527472528,270,313,306,221,219,234
10,223.09411764705882,1.0469219756621333,13.839943,1619.2876712328766,251,302,227,197,209,211
11,245.76363636363635,1.203828306264501,[16.465677],1405.2666666666667,236,274,215,187,187,194
0,222.33333333333334,14.511764705882355,[16.49256],1558.5326086956522,197,177,180,156,143,167
1,225.4468085106383,11.369073064340238,[22.204916],1455.5903614457832,188,151,164,138,125,151
2,229.6,9.379535864978905,30.258606,1634.6692307692308,114,138,143,121,123,151
3,221.775956284153,6.390913978494625,33.626926,1505.55900621118,123,133,124,117,124,154
4,225.3546511627907,4.256265664160401,[19.323307],1522.7430555555557,135,134,134,117,120,158
5,224.47358121330723,2.974840278170408,[24.481028],1527.9887892376682,144,142,123,118,118,124
6,484.0545722713864,3.544734299516908,[15.462577],1801.3777372262773,243,204,176,152,166,184
7,717.4845360824743,2.1000346540371955,[24.529799],1868.79,285,303,315,259,185,227
8,256.8768115942029,1.6947162426614482,[14.86214],1470.126050420168,283,309,311,207,190,233
9,233.17021276595744,1.6132290184921767,[26.037582],1474.6588235294118,271,311,218,197,187,222
10,259.1875,1.5756235827664398,[17.167986],1396.485294117647,250,296,207,182,180,208
11,220.52542372881356,1.5407905460472697,[23.751806],1495.8510638297873,231,267,195,173,165,196
0,206.4111111111111,15.585817174515238,33.996872,1495.5119047619048,218,194,186,134,184,167
1,238.92792792792793,12.454288638689867,[12.456425],1357.0851063829787,200,178,170,121,164,144
2,226.3312101910828,10.33096366508689,[18.241003],1521.676923076923,136,162,154,106,148,138
3,222.98907103825135,7.042580186764109,[16.674068],1428.4968553459119,143,153,139,100,144,142
4,242.8695652173913,5.635244324740283,[35.339237],1462.1702127659576,154,158,136,105,145,93
5,242.43551401869158,5.022110495343654,[30.045721],1549.8250539956803,167,159,124,103,130,78
6,439.7142857142857,4.782991426821799,[25.77088],1638.2277992277993,233,242,169,151,201,140
7,477.9969696969697,2.582366110881989,[12.830395],1760.3115384615385,270,305,272,243,239,214
8,258.6928104575163,2.054978354978355,[28.776178],1457.0,269,311,302,191,230,237
9,209.2018348623853,1.8589875871556767,[20.602455],1408.956043956044,264,313,303,181,235,227
10,223.78048780487805,2.1197862932940317,[12.254829],1369.081081081081,253,287,210,169,226,212
11,247.13432835820896,1.8103773584905658,[32.76667],1659.983606557377,246,271,206,149,206,194
0,248.5068493150685,14.402119205298012,[31.943071],1491.0307692307692,223,172,162,174,151,175
1,207.4512195121951,10.99230605738576,[25.368591],1561.4594594594594,203,155,143,156,135,149
2,223.60377358490567,9.213014981273409,[34.01829],1443.7720588235295,126,137,130,150,122,136
3,212.27607361963192,6.14280446691951,22.51071,1607.2826086956522,132,130,123,149,135,122
4,231.953125,4.546450635272176,[24.662825],1536.9714285714285,134,118,121,157,133,83
5,216.20474137931035,2.5611220196353432,20.805517,1477.0276381909548,131,136,139,145,125,99
6,282.0990566037736,2.087033121916843,23.379631,1569.6707105719238,183,182,219,188,124,136
7,501.33653846153845,1.6740225473734707,[20.855482],1858.4651162790697,274,274,291,288,173,216
8,556.8163265306123,1.111718109806064,31.390543,1753.9567901234568,284,301,293,238,226,227
9,255.82608695652175,1.0176009644364077,[14.502032],1507.7532467532467,291,303,296,237,228,225
10,201.25974025974025,1.0907809110629065,[22.61177],1407.3333333333333,282,283,195,211,207,205
11,233.01351351351352,0.8257234726688102,[15.1317],1524.0677966101696,254,248,184,193,179,186
0,224.86170212765958,15.137488947833777,[21.453157],1496.716049382716,213,254,152,168,177,167
1,233.11764705882354,12.95830985915493,[14.406991],1468.1351351351352,202,183,140,150,164,155
2,201.41333333333333,10.06745995423341,[13.846524],1376.7596899224807,177,167,131,125,141,133
3,226.28571428571428,7.243734335839599,[13.393504],1602.123188405797,136,158,132,118,129,125
4,212.7398843930636,5.34887737478411,[21.421936],1599.4228187919464,136,146,126,117,125,122
5,220.28755364806867,3.4708877055415766,[42.60036],1519.2125,145,141,125,108,126,98
6,327.29082426127525,4.549802741286045,[18.238653],1661.4460694698355,214,211,191,160,161,132
7,507.0679012345679,3.097797966428012,19.056166,1744.0977443609022,270,311,290,283,172,185
8,344.75,2.0583778966131905,[15.972443],1504.0697674418604,276,316,290,320,214,216
9,246.21698113207546,1.8058897243107768,30.314306,1574.4827586206898,264,313,293,226,213,211
10,209.97142857142856,1.952160953800298,[18.205538],1458.0515463917525,251,293,189,212,204,193
11,243.13924050632912,1.9786624203821654,[18.701006],1307.089552238806,241,277,170,188,195,185
0,252.85882352941175,14.50041319468356,[12.652031],1425.6486486486488,214,252,159,154,162,176
1,211.73863636363637,11.555536663124336,[7.294836],1468.828947368421,187,170,143,133,148,160
2,208.70322580645163,8.74477299185099,[7.8671203],1460.0692307692307,169,163,132,117,136,142
3,213.42307692307693,6.213153384747215,[18.621733],1462.2043795620439,121,151,121,116,130,139
4,239.21472392638037,4.411411889596603,[21.769028],1452.8309859154929,117,142,121,122,133,150
5,222.9277108433735,3.0833333333333335,[24.148031],1524.7365967365968,115,130,117,118,138,150
6,250.82800608828006,2.7859276468635903,[7.1149077],1544.453262786596,186,190,189,188,165,130
7,333.47962382445144,1.9797878178159871,[16.900404],1562.5900383141764,279,286,271,267,182,206
8,334.67808219178085,1.556593159315932,[6.3394012],1533.1293103448277,282,298,291,298,212,235
9,256.2528735632184,1.7000445037828218,[5.715338],1467.025641025641,276,295,288,205,213,221
10,246.65,1.6883485309017228,[13.88148],1468.2222222222222,262,280,282,182,196,208
11,220.68493150684932,1.4715686274509803,[21.399225],1398.9076923076923,231,273,181,167,179,193
0,224.2051282051282,14.264677035168837,[7.332766],1537.8387096774193,211,246,184,129,161,167
1,244.3404255319149,12.483702906350915,[10.486996],1503.3658536585365,176,172,165,111,149,156
2,218.22602739726028,9.523333333333332,[9.531053],1461.549180327869,163,166,151,109,135,140
3,224.225,7.356060606060606,[22.470041],1493.8296296296296,116,140,149,102,135,150
4,217.5207100591716,5.383418584825233,[27.982645],1515.8775510204082,125,144,143,97,133,140
5,198.8711111111111,4.00401156273966,[25.377153],1432.770202020202,128,143,148,89,138,91
6,229.93364197530863,3.0713651920395484,[7.7154307],1475.0,172,195,196,135,199,132
7,325.8267477203647,2.3716805582477223,[10.585042],1549.7508532423208,246,277,277,202,215,190
8,289.47435897435895,1.93962703962704,[3.798651],1483.4265734265734,271,304,301,243,223,218
9,212.92929292929293,1.8436923260105973,[5.8109574],1504.9882352941177,268,300,296,231,215,217
10,223.82926829268294,1.7147691563935215,[9.209767],1491.4931506849316,252,285,275,165,199,203
11,220.05555555555554,1.6374807987711213,[13.7486925],1365.2112676056338,235,266,255,147,182,186
0,225.47,14.07216188067252,[11.286011],1310.0487804878048,179,257,160,153,131,154
1,209.76829268292684,10.56081447963801,[12.835858],1436.1168831168832,161,168,146,141,123,145
2,221.6904761904762,8.195018495684339,[15.894024],1455.054794520548,152,150,132,124,115,138
3,209.78974358974358,6.362958226768968,[6.3311343],1425.0395480225989,134,151,121,129,112,135
4,219.84868421052633,4.054655029093932,[19.07733],1397.3758865248226,141,156,109,134,125,137
5,224.0765864332604,3.2779898218829517,[19.651266],1519.1662468513855,145,164,106,121,122,128
6,315.0444444444444,4.397785312674364,[9.282581],1592.7816513761468,219,214,144,164,150,122
7,406.08359133126936,3.4839408578539004,[6.706644],1692.732342007435,269,294,253,246,225,198
8,249.4418604651163,2.3725768184711535,[7.624883],1374.5142857142857,271,307,287,306,190,210
9,236.35164835164835,2.03900603900604,[8.625183],1423.5584415584415,252,311,281,212,185,202
10,221.12307692307692,1.8124911685742546,[6.0945644],1416.4727272727273,227,293,261,198,178,191
11,214.61428571428573,1.8146456020495303,[11.120921],1443.0,203,274,176,178,162,178
0,208.5744680851064,14.852124409886144,[5.4919753],1494.4810126582279,234,246,160,173,134,161
1,228.5421686746988,11.725000000000001,[7.027998],1472.3116883116884,219,165,150,157,132,137
2,206.75342465753425,8.85345579793341,[5.438584],1459.0708661417323,203,146,131,144,126,121
3,217.8804347826087,6.34887737478411,[6.919123],1484.904761904762,149,133,132,134,108,116
4,223.93243243243242,3.8188335489435095,[12.508317],1465.015037593985,149,134,148,120,97,125
5,222.78361344537817,3.0525846702317283,[19.140148],1521.2171837708831,154,131,138,109,100,116
6,327.660406885759,4.050173743537588,[5.699557],1610.6240875912408,243,188,157,150,150,138
7,382.48064516129034,2.666496163682865,[3.6752672],1630.8139534883721,273,303,304,241,217,192
8,242.4041095890411,1.5088383838383839,[7.7898755],1438.2380952380952,284,303,312,284,194,207
9,229.4842105263158,1.363143866967959,[12.5230875],1491.1707317073171,282,305,298,278,200,206
10,225.08988764044943,1.6668678739101273,[11.38826],1399.5866666666666,258,293,275,221,173,200
11,246.51612903225808,1.5959612277867528,[13.491913],1285.4615384615386,256,267,180,195,161,179
0,232.34444444444443,15.45491212906943,[11.146338],1488.9054054054054,206,232,154,128,145,203
1,217.3181818181818,12.241340782122906,[1.6212026],1469.6125,192,156,135,111,126,175
2,222.63694267515925,9.824057623049221,[6.3157945],1553.5,184,136,124,103,115,171
3,227.36666666666667,6.436147186147186,[6.3720393],1514.371212121212,140,144,118,109,115,144
4,216.7012987012987,4.758064516129032,15.821963,1420.3383458646617,136,146,108,107,114,133
5,238.11155378486055,3.6973206176203446,[7.3773704],1499.448113207547,142,133,105,118,101,135
6,291.8336,4.615229957275697,[17.651255],1568.7607476635515,231,198,138,158,160,153
7,406.4404761904762,2.8933064493226937,[4.6190147],1501.2989323843417,283,299,220,230,264,235
8,325.5329341317365,1.6395574312763777,[5.0788016],1350.2,287,311,290,257,209,240
9,225.3490566037736,1.8637531383196124,[6.9474883],1449.0365853658536,279,306,283,255,196,238
10,234.3013698630137,2.1812439261418857,[11.60112],1505.2142857142858,251,288,263,161,178,231
11,192.0625,2.6441947565543074,[10.632628],1598.2075471698113,231,259,237,148,156,215
0,236.43333333333334,14.59172921975071,[1.7343392],1384.4814814814815,239,224,177,186,150,141
1,216.21428571428572,11.34516765285996,[1.8931508],1493.888888888889,227,202,155,163,141,126
2,203.76282051282053,9.69487297921478,[5.2977514],1527.7642857142857,209,133,139,143,127,115
3,211.8294117647059,6.205988023952097,[2.1653621],1536.5578231292518,206,126,139,128,115,121
4,226.07843137254903,4.713787085514834,[9.427375],1483.9290780141844,140,125,138,128,98,135
5,219.4302554027505,3.8968777484608617,[9.484448],1552.664459161148,142,124,148,135,86,123
6,272.6418383518225,3.573056801195815,[16.46242],1480.234496124031,220,186,183,194,148,184
7,424.878125,3.226798210393484,[5.8816357],1516.7875457875457,274,283,270,294,208,187
8,233.00617283950618,1.2971552257266543,0.0,1355.1142857142856,285,300,302,320,209,201
9,240.52542372881356,1.219859786231468,[7.8983445],1363.8969072164948,283,288,301,315,194,201
10,238.93406593406593,1.3691995947315094,[2.2517903],1505.4074074074074,270,269,285,221,179,186
11,212.36708860759492,1.6886704642764065,[5.678303],1571.8676470588234,266,238,254,204,165,152
0,228.76666666666668,13.900370713623726,[6.584848],1324.25,204,236,159,167,139,174
1,199.6,11.002631171645255,[1.6854929],1558.4342105263158,196,214,151,147,123,163
2,212.1764705882353,8.578173076923077,[8.600614],1455.1194029850747,165,143,138,133,109,144
3,224.9360465116279,7.147599517490954,[9.225709],1500.551724137931,167,136,138,135,107,146
4,227.7019867549669,5.220284237726098,14.215779,1572.6592592592592,134,136,134,126,103,141
5,204.53783231083844,3.531207827260459,[9.995462],1517.0140515222483,128,133,112,120,107,141
6,282.578102189781,2.9447943360986835,[14.7201],1547.6299342105262,200,192,151,173,153,132
7,508.2076677316294,2.305169239484493,[7.6161675],1740.2083333333333,277,284,270,270,229,205
8,256.83116883116884,1.56984820478351,[7.2072067],1388.2857142857142,281,306,297,306,201,232
9,242.68478260869566,1.4712587852122734,[2.914716],1389.4657534246576,275,302,290,307,200,217
10,208.13432835820896,1.542761700242015,0.0,1258.1090909090908,246,283,274,209,181,204
11,221.93846153846152,1.7383593691042187,[1.7513423],1495.3207547169811,223,259,249,186,155,190
0,230.3048780487805,15.958499061913693,[15.398755],1336.3866666666668,220,206,164,166,158,152
1,239.1157894736842,12.269875518672198,[10.347307],1513.55421686747,207,188,143,154,139,133
2,227.33333333333334,9.004714119019836,[18.721426],1498.8358208955224,188,168,122,127,134,118
3,254.62,7.8039928360724815,[12.572502],1590.0592592592593,154,167,102,115,132,121
4,243.34545454545454,7.672744196233028,[17.809956],1408.6442953020135,163,163,80,110,117,128
5,270.47464503042596,8.365826702033598,26.316,1595.0478589420654,172,167,64,107,115,129
6,411.3258594917788,8.753764168499407,[26.575865],1630.6092592592593,239,235,111,134,176,133
7,525.3323170731708,2.8781091031730415,[15.44308],1719.8372093023256,272,291,252,266,263,203
8,315.3157894736842,1.862276975361088,[13.342685],1491.016,270,307,289,305,225,209
9,282.6725663716814,1.942497753818508,[8.158839],1452.6739130434783,268,306,289,211,206,204
10,273.2717391304348,2.3344725111441305,[11.627828],1588.4024390243903,253,304,200,204,192,193
11,249.36486486486487,2.266179587786949,[12.862747],1432.409090909091,233,214,179,188,180,173
0,239.37037037037038,15.195289206917112,[10.744694],1351.2957746478874,220,241,155,123,115,178
1,206.57894736842104,12.835855855855856,[1.8939828],1414.4,206,166,140,106,109,161
2,214.9078014184397,10.35620733249052,[6.25987],1497.3223140495868,186,152,111,93,104,145
3,235.72222222222223,7.566233766233766,[3.8331547],1469.3469387755101,186,142,110,96,98,138
4,241.5,5.613735632183907,[9.498134],1527.8333333333333,140,145,115,96,94,135
5,209.97727272727272,4.001363205310573,[4.532026],1455.9244791666667,129,144,120,87,90,133
6,276.1430817610063,5.016641641641642,[10.590058],1539.6155303030303,186,208,165,122,124,194
7,454.3051359516616,5.550724637681159,[7.2792435],1665.517857142857,268,308,264,171,172,215
8,299.2986111111111,3.905759748991483,[8.249443],1477.6771653543308,271,318,301,226,207,229
9,210.90291262135923,4.58116434050044,[16.724817],1359.723404255319,266,316,298,214,130,222
10,231.48863636363637,4.119591215481627,[7.2821746],1398.7605633802816,250,298,276,147,130,213
11,241.92537313432837,3.8685664939550954,[10.161868],1401.3333333333333,232,281,184,139,126,196
0,215.14606741573033,13.834721242060693,[11.051417],1540.8354430379748,208,251,155,151,162,163
1,215.7157894736842,11.493617021276595,[5.5171113],1442.1176470588234,197,173,142,131,142,155
2,229.7086092715232,8.969142857142858,0.0,1518.141791044776,189,158,124,118,138,148
3,209.82485875706215,6.404761904761906,[1.2917018],1498.6114649681529,137,155,109,115,137,131
4,199.32298136645963,4.763004246284501,[9.779928],1492.0071428571428,142,154,112,119,137,121
5,217.46008403361344,3.2399978605049204,[7.906283],1501.6570743405275,163,145,104,112,129,126
6,267.34715821812597,3.9042464296566397,[7.3242607],1502.0606617647059,234,189,140,165,183,186
7,301.2049689440994,3.064946187444688,[6.758661],1422.2801556420234,272,302,233,255,263,198
8,242.02439024390245,2.0598669623059873,[5.165727],1455.655172413793,275,312,258,285,206,222
9,211.70408163265307,1.8504283674440742,[6.0425305],1462.9891304347825,279,308,249,276,200,216
10,202.15384615384616,1.9658210007047217,[6.084156],1411.8923076923077,263,287,226,255,194,194
11,224.56944444444446,1.9927444915416048,0.0,1469.8135593220338,230,275,205,171,183,183
0,229.22105263157894,14.122345661650963,[8.225141],1515.0963855421687,237,223,145,170,161,158
1,233.42168674698794,10.685106382978724,[3.0570776],1403.2567567567567,213,147,131,155,146,148
2,237.02142857142857,8.211764705882352,[4.2637095],1499.1367521367522,202,138,115,129,131,135
3,248.0742857142857,5.480739514348786,[9.711166],1488.5,140,133,119,130,110,123
4,232.82894736842104,3.638578624616732,[8.302173],1429.8561151079136,151,141,107,132,102,128
5,224.72127659574468,2.4364330637915548,[7.943542],1522.9554455445545,156,137,100,128,104,117
6,303.7958532695375,4.12997512437811,[14.035779],1523.1168582375478,254,174,135,189,145,175
7,451.91743119266056,2.603864734299517,[7.2156234],1666.5347985347985,281,298,235,271,213,178
8,255.0679012345679,2.2516371443907675,[3.839411],1421.188811188811,280,300,285,313,244,198
9,244.0,1.5992002822533224,[4.404341],1461.4432989690722,277,291,277,290,203,208
10,235.42105263157896,1.4521745114230664,[3.2438219],1414.3484848484848,270,273,250,207,194,190
11,223.59550561797752,1.4452039188881292,[3.2363746],1487.1466666666668,255,246,230,180,173,170
0,238.7826086956522,14.4436588435626,[3.6141956],1546.111111111111,217,212,163,166,119,162
1,240.18,11.561264024537897,[6.9615097],1406.5054945054944,207,194,133,159,109,151
2,241.15277777777777,9.177224880382775,[5.965385],1518.5433070866143,206,133,129,136,98,134
3,225.15151515151516,7.049001264222503,[5.802313],1547.1418439716313,212,135,110,113,96,125
4,222.17613636363637,6.8605072463768115,[5.135643],1565.055900621118,175,141,104,104,86,126
5,253.60956175298804,6.059738955823293,[9.921292],1561.7198177676537,176,141,98,106,88,138
6,407.1433278418451,6.3407800389605,[4.167647],1660.0448343079922,248,239,130,153,132,147
7,564.9520766773163,3.1125521339198996,[5.4543114],1785.6770428015564,278,300,289,253,192,210
8,241.14383561643837,1.7780320366132727,[10.555908],1398.2083333333333,281,308,302,310,249,222
9,289.96629213483146,1.6990108337258594,[2.7493083],1213.142857142857,265,297,294,300,172,216
10,248.98648648648648,2.568472178228276,0.0,1435.3181818181818,238,263,295,197,155,205
11,248.61111111111111,2.7635307781649248,[5.7791348],1443.5873015873017,230,225,269,180,138,188
0,232.45977011494253,15.862023701002737,[17.837664],1504.2957746478874,212,202,170,157,173,183
1,280.96875,13.47220472440945,[15.702328],1383.9240506329113,196,197,155,147,161,160
2,234.17763157894737,11.145745140388769,[30.296488],1589.8031496062993,191,184,127,133,151,140
3,256.37278106508876,8.400656814449917,[18.866106],1519.112582781457,113,195,120,106,142,136
4,249.19375,6.582080200501252,[16.561926],1613.108695652174,133,201,102,101,136,125
5,269.3068669527897,8.667312661498707,45.197063,1545.8934010152284,137,225,78,82,132,120
6,405.5059523809524,8.843959944226135,34.837948,1709.9354838709678,206,278,135,118,169,123
7,492.484375,2.79494817109496,[9.234582],1683.8167938931297,261,315,293,245,214,198
8,291.4557823129252,2.0657698056801204,[7.008019],1643.0681818181818,272,316,291,207,238,237
9,244.16883116883116,1.8733496026531504,[18.071276],1538.7121212121212,256,314,287,202,236,227
10,238.24175824175825,1.8890242365690766,27.42785,1433.8902439024391,228,216,190,190,211,218
11,257.4712643678161,1.5244059515878303,[18.323164],1378.4788732394366,219,208,185,176,199,198
0,231.1443298969072,13.367765567765568,[10.197997],1416.7045454545455,206,229,148,139,156,172
1,210.9620253164557,11.00354874041621,[10.05888],1480.619718309859,193,156,134,131,140,159
2,229.94814814814814,8.785665859564164,[10.464825],1469.9180327868853,173,149,119,111,133,141
3,212.23270440251574,5.814102564102563,[6.997193],1629.1027397260275,122,132,120,112,127,141
4,215.006993006993,4.840666666666667,[19.615795],1442.1811023622047,131,141,101,116,118,143
5,227.8505747126437,3.5912476722532594,[16.190374],1523.6889848812095,124,146,88,109,114,135
6,262.5378421900161,4.09407189839904,17.693945,1517.0357142857142,202,214,133,149,185,168
7,485.12012012012013,3.512150442224576,[8.956786],1614.823754789272,274,294,211,248,263,229
8,242.8984375,1.9645018951179496,[4.8208046],1319.117117117117,279,303,281,277,232,235
9,201.97894736842105,1.738226782425677,[5.980252],1469.6904761904761,268,297,261,183,223,216
10,249.9512195121951,2.0760339983640956,6.352278391520183,1631.6268656716418,248,269,245,167,206,204
11,180.56896551724137,1.4686541737649061,[6.451727],1402.7454545454545,224,259,164,154,184,189
0,242.3452380952381,14.768979855186753,[6.7452645],1421.86301369863,218,225,130,168,153,179
1,221.06603773584905,11.176715176715177,[13.3616295],1379.6463414634147,203,205,118,151,133,152
2,217.11111111111111,9.021722488038277,[1.827094],1488.584745762712,195,131,112,136,123,139
3,209.9108280254777,6.054274905422446,[10.664619],1434.3880597014925,185,117,112,127,122,130
4,215.64880952380952,5.239456472710869,[12.795012],1562.9586206896552,137,133,106,121,120,122
5,210.92545454545456,3.6099108367626886,[13.905357],1480.9439655172414,137,138,103,127,104,120
6,245.6113902847571,2.737447140452437,[6.1511836],1503.4163568773233,201,189,160,198,168,143
7,293.3878205128205,2.6655408306380055,[7.8362274],1483.0,256,259,241,294,253,216
8,322.17791411042947,2.2736185383244205,[7.716213],1361.9642857142858,280,285,256,315,208,237
9,203.24242424242425,2.4001395024412924,[10.565097],1521.5641025641025,277,287,253,311,197,239
10,207.92207792207793,2.6005406529423993,[8.258052],1373.4705882352941,257,273,234,212,178,220
11,199.72602739726028,2.6174603174603175,[3.7290452],1456.8474576271187,246,242,208,198,168,198
0,305.7090909090909,15.547190569744597,[9.35642],1603.8969072164948,209,198,152,147,144,168
1,246.13725490196077,12.108796592119274,[36.490456],1615.4065934065934,179,202,143,131,130,154
2,261.9375,9.492753623188406,[12.840946],1631.974358974359,129,182,122,120,123,152
3,274.04545454545456,7.6328382838283835,[29.29099],1565.03355704698,124,202,114,105,127,136
4,279.02247191011236,7.034193284193285,[24.480082],1580.724358974359,137,204,101,104,125,143
5,292.1594827586207,7.107224165694932,[45.831776],1587.5644329896907,150,213,96,106,120,98
6,455.0511182108626,7.8249892186458645,[41.462456],1685.314629258517,231,280,156,132,166,144
7,514.2107023411371,2.5203252032520327,[22.69267],1793.6163265306122,271,307,291,171,173,222
8,291.96478873239437,2.1357641311933007,[26.73332],1564.6290322580646,272,317,215,209,188,232
9,292.93203883495147,2.3784697508896797,[30.583208],1512.4175824175825,267,319,207,210,179,223
10,285.3421052631579,2.735661268556005,22.012522,1515.1014492753623,248,228,195,200,169,208
11,286.8840579710145,3.1588156743564944,[21.47673],1481.3728813559321,232,214,170,175,157,195
0,248.29268292682926,14.244419102909669,0.0,1447.5915492957747,214,236,174,164,163,162
1,227.05194805194805,12.233054662379422,[5.666687],1504.4225352112676,190,159,153,142,139,150
2,235.95275590551182,9.54457831325301,[3.2742374],1506.0,172,142,133,122,122,139
3,232.37078651685394,7.26841168996188,[10.116621],1537.0849673202615,173,135,125,113,110,131
4,199.48214285714286,4.222609099350047,[6.0089364],1489.2119205298013,132,132,109,119,102,124
5,210.030549898167,3.906702898550724,[11.420749],1556.632420091324,145,147,105,114,102,123
6,301.9655172413793,5.242778807537844,[9.972237],1554.3953488372092,221,248,143,150,145,172
7,432.8364779874214,2.6615838104415848,[5.7071643],1650.28880866426,275,314,283,257,211,194
8,229.27083333333334,1.881558334831403,[3.6208696],1421.30081300813,275,320,311,314,254,219
9,192.1509433962264,1.6132205334098078,[8.957029],1348.4044943820224,279,309,300,300,186,211
10,241.32,1.3864003228410011,[2.2988656],1414.590909090909,260,290,285,205,183,193
11,205.95238095238096,1.3287740628166163,0.0,1302.7407407407406,243,268,260,186,177,182
0,214.48275862068965,13.632155426273073,[12.616193],1526.2467532467533,219,223,164,159,167,139
1,217.68965517241378,12.066623235613463,[10.657865],1349.6410256410256,206,146,145,143,154,127
2,233.8125,9.116176821983276,[13.241623],1501.3217391304347,194,128,130,126,133,126
3,224.7025641025641,6.90421185372005,[14.851906],1576.1069182389938,189,125,121,117,125,116
4,214.140350877193,4.333333333333333,[13.674004],1554.8993288590605,130,128,124,122,129,103
5,204.61290322580646,2.855955526199912,[18.808142],1532.5378973105135,143,136,127,120,124,107
6,240.86069651741295,2.4409410025865257,[7.633711],1415.6173076923078,209,191,169,174,192,124
7,430.3636363636364,2.429055750878956,[5.3863635],1599.7083333333333,278,296,237,265,197,175
8,230.67407407407407,1.76506160922151,[5.222798],1382.4237288135594,283,312,297,294,232,183
9,222.62745098039215,1.8297496318114872,[2.0646007],1401.123595505618,272,302,288,213,209,171
10,240.08139534883722,1.6854489596425086,[7.6660132],1445.1944444444443,258,281,279,195,195,156
11,238.21917808219177,1.6646198830409353,[14.180034],1409.5483870967741,242,254,193,179,184,145
0,210.45977011494253,14.328637382035438,[2.9863434],1478.407894736842,239,234,162,161,155,182
1,239.75,11.658090185676391,[6.217869],1571.9014084507041,215,216,149,143,138,154
2,227.67123287671234,9.728735632183911,[4.5344887],1449.9055118110236,195,149,140,128,115,143
3,214.20855614973263,7.907121034077557,[9.354951],1542.8869047619048,195,144,126,128,120,138
4,230.66863905325442,4.745508054522925,[7.987576],1539.0536912751677,147,139,129,135,119,138
5,227.15415821501014,3.424808429118774,17.98413,1585.2740384615386,145,131,122,134,118,133
6,354.26158445440956,3.061466406929995,[11.22316],1605.6705685618729,218,174,175,158,172,152
7,529.4507936507937,1.9501060109590542,[9.284013],1726.8346153846153,288,300,282,233,261,215
8,223.44247787610618,1.051555826723612,[6.8718343],1428.5833333333333,293,303,309,289,225,220
9,219.93636363636364,0.9325513196480939,[3.5485897],1385.3465346534654,277,294,278,270,216,215
10,222.49473684210525,0.9636930163245953,[9.069411],1349.4197530864199,263,277,263,201,195,207
11,213.38095238095238,0.99637049941928,[4.0049634],1370.590909090909,257,258,247,186,170,194
0,227.11688311688312,14.259907834101385,[8.314658],1532.6615384615384,229,173,170,162,168,183
1,210.53846153846155,11.63316062176166,[21.718178],1627.9775280898875,213,153,157,143,145,154
2,212.2748538011696,10.053486238532109,[12.461361],1492.1363636363637,210,151,141,119,119,132
3,214.4804469273743,6.895522388059701,[13.491474],1502.5483870967741,147,161,141,106,113,136
4,222.57831325301206,4.966336534613846,25.951965,1451.0753424657535,150,174,140,106,119,144
5,213.16244725738397,3.4989237392373926,[44.046432],1503.4282178217823,152,158,136,102,119,146
6,268.7425897035881,2.785520728008089,[18.243395],1552.0480591497228,200,223,164,158,184,146
7,531.2242424242424,2.13404670446924,[16.239761],1691.3394160583941,282,295,280,241,188,205
8,269.8670520231214,1.1172014260249552,[7.750235],1496.25,291,308,303,302,212,216
9,236.2,0.8968982088248141,[9.11147],1357.3711340206185,290,302,298,216,206,214
10,227.58695652173913,0.90954659375712,[9.821788],1453.338028169014,281,290,291,201,198,202
11,217.08536585365854,0.5531645569620253,21.057932,1354.985294117647,253,258,193,182,185,193
0,210.96694214876032,14.254166957249458,[10.884331],1354.9423076923076,203,229,190,147,160,174
1,227.8,11.601042084168336,20.195244,1420.2307692307693,193,166,188,153,144,154
2,209.24647887323943,9.58359649122807,[9.906377],1498.739837398374,164,161,159,139,137,152
3,204.31720430107526,7.346149979895458,[29.883787],1504.4736842105262,118,153,160,118,137,143
4,222.71153846153845,4.52014483884129,25.756308,1606.5144927536232,112,152,152,117,140,144
5,223.53228962818005,2.8406571080280942,[21.11675],1501.1572052401746,116,152,149,110,134,88
6,216.80602006688963,1.6821508237780303,[23.863394],1520.7485265225932,188,215,198,172,181,157
7,302.8949044585987,1.4644428152492666,[12.262753],1576.4688644688645,262,304,268,242,192,220
8,306.5,1.2732316227461857,[17.171165],1497.0962962962963,287,308,307,193,210,240
9,217.27551020408163,1.4498821310702499,[12.754361],1530.4888888888888,280,304,303,188,202,238
10,182.33783783783784,1.5893656402490324,[16.196974],1283.234375,253,282,290,182,187,221
11,213.42857142857142,1.4334431630971993,[18.121845],1475.4324324324325,226,252,204,168,168,196
0,217.28571428571428,14.209516288252713,[20.792007],1436.2077922077922,208,176,168,139,158,164
1,229.92134831460675,11.512624728850325,[11.279663],1376.060975609756,192,161,146,129,148,146
2,229.48076923076923,8.624132231404959,27.028711,1551.0857142857142,179,145,145,112,127,139
3,195.57931034482758,6.136032562125107,[11.860745],1431.4307692307693,141,138,147,105,115,132
4,187.72222222222223,4.087344028520499,[27.975302],1561.3515625,141,132,139,97,121,118
5,224.10089686098655,2.7454670932931795,[27.192505],1546.1766233766234,140,119,125,92,127,90
6,225.97568881685575,1.760077451152966,22.459976,1492.9698113207546,175,171,182,139,189,132
7,471.5273311897106,2.6835589941972926,19.70613,1572.3684210526317,261,277,264,207,197,204
8,247.82822085889572,1.6237798424085617,[11.567246],1557.128,272,286,291,267,207,223
9,263.15384615384613,1.5298231852796025,[10.828926],1627.6896551724137,256,288,286,197,204,226
10,214.5340909090909,1.6978862413528055,[14.381142],1426.9113924050632,248,281,189,180,192,211
11,227.4923076923077,1.5857142857142859,[34.537952],1366.859649122807,224,261,183,161,183,192
0,220.61627906976744,14.627693702489715,[13.3154],1562.2876712328766,209,249,173,147,145,180
1,215.52631578947367,11.962975929978118,[7.6499667],1372.4588235294118,200,153,143,128,133,157
2,204.15436241610738,9.712056404230317,[15.350612],1489.1451612903227,181,142,135,118,124,151
3,229.12025316455697,6.7536438529784535,[11.702343],1480.945945945946,152,144,131,111,107,144
4,227.79310344827587,4.061538461538461,13.883653,1566.4736842105262,146,135,124,121,117,137
5,214.9121756487026,3.5512820512820515,[16.277117],1503.144927536232,145,135,115,112,132,141
6,257.9213313161876,2.6671832939065174,[15.879451],1520.6996466431096,208,199,170,163,178,148
7,404.9080118694362,2.061132737540435,[2.8821087],1581.434306569343,281,306,283,229,264,223
8,306.9770992366412,1.2856826486546338,[4.45923],1497.2844036697247,283,320,309,274,217,239
9,221.70093457943926,1.4893929786130164,[11.363473],1475.752688172043,283,305,299,258,196,236
10,224.07142857142858,1.5516890516890514,[10.30302],1428.8360655737704,253,294,285,171,183,218
11,233.43835616438355,1.5915637860082306,[12.399582],1362.71875,231,266,201,156,169,192
0,211.65853658536585,14.103189493433398,[7.7122345],1557.3066666666666,219,241,142,169,144,151
1,226.03846153846155,10.68849035187287,[10.878555],1437.9714285714285,199,163,123,146,122,128
2,225.2112676056338,8.145911949685535,[4.7676105],1476.792,190,151,101,126,107,120
3,231.1090909090909,6.489191919191919,[19.147253],1537.7446808510638,198,146,101,127,102,118
4,221.48,4.63,[8.045483],1507.2611464968154,151,153,95,122,104,125
5,221.47695390781564,4.0528293545534915,[30.75221],1455.4881516587677,166,153,99,112,106,118
6,309.03054662379424,4.3693565885003744,[20.349344],1570.246212121212,238,218,140,152,158,136
7,440.8902821316614,2.2796540009706243,[5.971185],1622.3937007874015,275,300,254,261,245,188
8,229.16993464052288,1.7563131313131313,[10.499824],1415.6076923076923,280,309,288,313,196,198
9,264.08870967741933,2.0037829530677387,[10.927826],1540.2571428571428,270,300,271,317,188,192
10,235.20987654320987,1.9308677785835144,[3.5115376],1464.015873015873,267,294,252,211,176,179
11,210.2,2.007823129251701,[8.562149],1316.2549019607843,243,271,153,186,156,167
0,223.4020618556701,14.314375088866772,[5.84419],1370.8,206,244,175,160,132,165
1,230.5326086956522,11.465945945945947,[12.611733],1594.9753086419753,184,163,159,140,116,163
2,201.7394366197183,8.187257072570725,13.24747,1538.3583333333333,154,145,137,125,105,147
3,227.86979166666666,5.589539007092199,[15.25414],1578.4825581395348,128,131,133,113,107,140
4,222.84375,3.8816539923954374,[22.555082],1484.3862068965518,146,140,131,115,113,144
5,218.34839924670433,2.3043859649122806,[24.235403],1489.0973451327434,145,138,120,117,114,126
6,264.32682926829267,2.1776386191589716,[15.487137],1541.0446096654275,205,214,207,181,156,134
7,397.8249158249158,2.156344319690933,[4.116035],1575.687747035573,271,301,304,261,165,204
8,267.07272727272726,1.497089117778773,[8.598861],1377.2957746478874,284,302,320,304,190,224
9,200.40178571428572,1.4252034802133036,[19.050024],1336.4183673469388,275,306,315,227,177,227
10,207.15,1.5930012923749877,[2.5840886],1423.3181818181818,260,305,300,206,161,205
11,214.864406779661,1.6863192182410425,[3.0916526],1337.96,239,274,200,185,145,185
0,254.16326530612244,16.00570862239842,[14.129907],1703.1978021978023,221,189,162,152,105,180
1,241.0375,12.295219721329044,[14.5212145],1520.1,188,186,143,134,108,174
2,231.57823129251702,9.71667458432304,[16.268198],1587.2222222222222,174,171,123,114,100,160
3,220.0473372781065,8.127918287937744,[18.15085],1448.0915032679738,125,174,111,111,93,157
4,239.94482758620688,6.789703315881328,[18.335592],1459.32,125,193,98,103,101,144
5,224.37632135306555,5.964734950584006,[14.63119],1489.590243902439,132,187,88,94,99,142
6,352.6804451510334,6.853553634544138,[18.373756],1611.6512524084778,202,264,117,135,143,160
7,653.4561403508771,4.068488392288543,[3.238129],1775.095238095238,270,309,270,228,208,217
8,260.94117647058823,2.9509883958248286,19.832685,1486.7068965517242,274,320,297,293,150,225
9,262.26,3.0759312796995975,[12.705838],1417.287356321839,270,313,279,201,145,225
10,226.63013698630138,2.8525505157552633,[7.948053],1521.7142857142858,267,290,258,182,135,216
11,258.425,2.722487223168654,[8.642837],1468.9571428571428,244,269,178,165,119,199
0,212.3932584269663,13.45739205032885,[4.910616],1442.8533333333332,206,234,148,157,160,171
1,211.80645161290323,11.098834498834497,[9.08747],1291.686746987952,186,225,135,149,148,147
2,230.48529411764707,8.771448763250882,[3.455474],1519.024193548387,166,153,121,136,136,137
3,209.3741935483871,6.747765293383273,[7.648522],1546.0461538461539,163,139,116,127,115,141
4,200.7089552238806,5.834398833557649,[11.066967],1522.725,117,135,107,130,111,143
5,214.47186147186147,3.9541724456772993,[16.660975],1523.6163366336634,115,124,107,129,111,135
6,218.9918699186992,2.7889735544598833,[12.259323],1507.6786355475763,165,175,151,172,165,142
7,308.9197324414716,2.3700125246018966,[9.523156],1474.201581027668,253,265,231,246,251,212
8,229.24242424242425,1.979907126272549,[3.4995868],1384.828947368421,271,291,274,256,209,226
9,198.11363636363637,1.818211821182118,[5.4859157],1335.4625,269,289,269,256,207,225
10,216.0120481927711,1.4040255277368678,[13.063957],1448.8507462686566,249,278,256,181,196,198
11,218.70833333333334,1.4714934891358307,[5.059557],1490.8412698412699,223,268,219,172,182,183
0,237.55,14.47354614645681,[9.286139],1373.4305555555557,205,171,148,166,172,179
1,212.42222222222222,11.63222409774134,[21.645742],1350.763888888889,196,160,137,141,159,164
2,238.63888888888889,9.022953995157387,[26.575464],1495.216,174,112,122,127,147,144
3,215.52380952380952,7.2718147151188886,[17.848215],1563.6164383561643,126,100,112,123,153,129
4,222.48322147651007,3.904405086285195,[17.098171],1439.763779527559,122,107,110,122,140,133
5,218.3297180043384,2.54402576489533,[19.600746],1482.898514851485,121,113,102,128,127,84
6,251.85758513931887,3.0288428620335504,[20.476288],1500.6495412844038,177,155,153,208,194,129
7,294.94952681388014,2.6474563304857837,[14.280467],1391.932142857143,257,223,230,295,217,204
8,217.8082191780822,2.197326903613741,[10.231179],1448.6842105263158,272,249,248,294,238,226
9,236.75555555555556,2.237619047619048,14.559508,1467.5375,249,238,257,200,232,224
10,222.43037974683546,2.555061838110049,[26.274124],1545.5373134328358,237,208,240,181,210,210
11,190.16666666666666,2.4694444444444446,[11.643138],1481.686567164179,224,193,173,175,199,188
0,198.32432432432432,15.329662716499541,[11.480873],1388.4153846153847,209,181,160,152,204,191
1,216.11111111111111,12.0899173553719,[19.243074],1553.015625,180,161,138,137,178,174
2,224.97972972972974,9.183744292237444,[7.5342803],1553.053846153846,176,141,125,124,153,157
3,241.41358024691357,7.396206308610401,[15.133468],1499.2357142857143,126,143,107,112,146,148
4,211.80128205128204,6.012292464878671,[27.180305],1525.9274193548388,138,155,102,110,133,145
5,233.77013752455795,5.391427328111402,25.128515,1509.6186046511627,140,151,91,103,138,143
6,298.0821484992101,5.654672663668166,[17.743467],1590.9414990859232,200,242,117,155,189,141
7,485.0092307692308,2.5336677115987465,[14.860989],1748.3727598566309,265,293,234,226,227,205
8,360.6195652173913,1.9419458726481724,[10.502858],1562.5359477124182,284,305,286,260,240,234
9,232.9009009009009,1.7857606980414,[13.050919],1446.896551724138,281,305,289,190,234,240
10,240.51898734177215,1.6971014492753622,[10.605194],1357.076923076923,254,290,196,180,230,230
11,218.4494382022472,1.3458860759493674,[19.076136],1394.027397260274,234,261,176,171,217,205
0,215.63793103448276,15.913212583412774,[14.566971],1449.08,202,183,156,163,191,154
1,242.05494505494505,11.500885684860968,[11.033398],1428.4117647058824,177,180,143,153,172,146
2,229.00694444444446,8.857485582468282,[24.38296],1556.6744186046512,156,175,118,139,157,122
3,259.0745341614907,7.115139949109415,[15.564761],1586.7042253521126,108,167,119,125,148,119
4,220.22699386503066,6.029836031548361,20.125824,1474.6014492753623,126,181,125,122,129,120
5,239.24847250509166,5.017268694550063,29.286316,1560.1031175059952,142,178,114,118,118,119
6,360.0931297709924,5.598925256472889,34.367535,1615.3345132743364,202,259,163,150,165,129
7,613.48,3.1165793776152073,[16.794409],1795.7957446808512,264,298,292,262,254,199
8,259.27659574468083,2.469416904721896,[19.555172],1556.6173913043478,264,309,291,305,237,217
9,245.2280701754386,2.7632524707996406,[13.369819],1501.2222222222222,254,309,280,212,222,207
10,228.59782608695653,2.7935143288084467,[21.8337],1415.7012987012988,249,292,196,201,204,184
11,230.61194029850745,2.8782498414711473,[28.224627],1535.5344827586207,226,201,179,189,204,163
0,230.71604938271605,14.625145557914925,[15.075425],1540.2876712328766,216,241,157,158,182,169
1,239.0731707317073,11.895371549893843,15.439572,1499.2571428571428,191,143,148,139,168,153
2,214.4047619047619,9.612773109243697,[11.111438],1528.486111111111,168,131,135,115,141,143
3,236.34736842105264,7.20097097737943,[16.04174],1485.6397515527951,132,133,131,109,128,148
4,232.0581395348837,5.524166666666666,[16.881367],1531.527397260274,151,132,138,108,120,151
5,212.5493230174081,3.816267376515824,[24.078901],1567.1917211328976,147,136,131,107,116,98
6,347.5952732644018,3.4275687268473383,[18.80062],1629.340206185567,226,192,194,158,195,150
7,587.4061433447099,2.0509659453501192,12.444835,1622.9650655021835,284,300,300,237,233,213
8,276.47058823529414,0.6462474204409687,[20.31264],1334.7357142857143,292,312,306,297,240,227
9,225.7764705882353,0.7131423627205588,[9.167512],1518.4179104477612,291,307,295,204,225,219
10,247.8913043478261,0.9956158100634018,[16.794529],1503.2894736842106,265,287,253,191,215,201
11,199.3582089552239,0.9336685438455352,21.814156,1550.7058823529412,238,265,171,174,203,192
0,218.68354430379748,15.91742410303588,[12.463337],1361.581081081081,237,199,169,141,135,206
1,229.66666666666666,12.680663900414938,[18.997475],1471.8076923076924,216,168,147,123,121,189
2,227.93333333333334,10.616946039035591,[11.230728],1452.7217391304348,190,164,131,110,105,171
3,256.1676300578035,8.03903162055336,[20.1409],1616.7870967741935,132,160,118,102,90,157
4,240.9056603773585,5.326,[16.184294],1612.0222222222221,129,155,112,98,100,156
5,230.1878453038674,3.7182752457551382,[31.507223],1558.2622222222221,125,167,99,99,102,154
6,327.74799357945426,4.509527517108553,29.498812,1582.1100386100386,206,270,127,138,165,155
7,490.8545454545455,3.314668567355667,[13.687298],1720.6556776556777,286,320,264,187,236,232
8,347.3636363636364,1.2930295510940675,[10.47096],1607.2706766917292,295,320,311,255,191,240
9,263.80555555555554,1.2906922137691368,[13.368004],1399.8470588235293,293,315,301,184,190,238
10,258.2207792207792,1.5144974692697035,[9.69511],1440.3387096774193,285,308,207,176,178,229
11,243.40277777777777,1.8128361103764437,[10.519383],1312.639344262295,251,218,185,161,157,222
0,215.24242424242425,14.267462422634836,[2.309871],1554.0,220,238,173,158,151,191
1,249.87012987012986,11.119666319082379,[7.816649],1507.9855072463768,206,163,147,141,127,175
2,207.0,7.639671746776084,[9.658224],1433.890510948905,185,147,131,126,119,145
3,206.32947976878611,5.274698795180723,[8.532349],1503.5096774193548,187,153,117,114,115,144
4,212.68553459119497,3.083386820710312,[24.564247],1521.4791666666667,140,149,124,104,122,140
5,209.68191268191268,2.2903526062198862,26.382378,1513.4409638554216,137,156,112,98,114,144
6,250.46451612903226,2.15175261206606,[20.511738],1530.1279279279279,198,222,144,160,160,148
7,371.16257668711654,2.579942028985507,[5.2911],1556.5257352941176,267,315,233,224,235,226
8,255.88050314465409,1.5547960811118708,[11.718819],1411.8239436619717,280,320,304,251,205,236
9,184.4891304347826,1.188608776844071,[1.8065511],1457.8947368421052,281,314,302,202,200,231
10,216.18055555555554,1.1136256482791138,[16.144962],1409.402985074627,265,282,277,189,182,219
11,222.8082191780822,1.0136734693877552,[13.474471],1499.3492063492063,234,254,191,175,173,198
0,223.9,15.09162377494183,[6.825666],1580.4,238,221,191,164,118,159
1,233.14285714285714,11.426522678185746,[1.948534],1500.3793103448277,219,127,163,145,115,157
2,230.29746835443038,9.035965559655594,[11.120114],1558.3724137931035,190,115,139,126,106,137
3,264.17610062893084,7.363817204301077,[6.5800986],1548.5202702702702,171,114,126,117,114,133
4,209.35658914728683,6.135964912280702,[10.887822],1532.059829059829,187,105,117,112,104,135
5,239.03353057199212,5.155590717299578,[11.269294],1514.1131639722864,186,101,122,90,94,118
6,368.4051036682616,5.967563837129054,[20.979424],1609.6691449814127,261,168,185,122,133,139
7,345.1705685618729,3.6188639551192137,[8.916139],1502.905737704918,284,279,306,204,215,200
8,287.8709677419355,2.23469508936524,[8.788767],1533.7045454545455,292,289,318,268,159,205
9,231.91919191919192,2.203136486155354,[11.546134],1342.2592592592594,282,287,311,257,146,201
10,231.84810126582278,2.252801120448179,[8.919876],1459.5,274,273,297,185,137,194
11,227.46268656716418,2.4046303604314656,[12.24149],1527.2758620689656,258,250,274,178,129,178
0,229.01769911504425,14.605371169768597,[7.488748],1400.21875,225,223,149,163,150,177
1,210.46987951807228,11.391678182097342,[2.9648628],1484.5072463768115,214,194,133,156,147,158
2,211.464,8.988372093023257,[8.591039],1454.7068965517242,191,135,127,138,130,139
3,207.27167630057804,5.750447761194031,[8.904266],1525.3401360544217,170,126,120,119,124,145
4,210.65454545454546,3.720191040843215,[13.935979],1618.2896551724139,122,127,111,116,137,146
5,211.6430155210643,2.1853752759381897,[26.21393],1465.7282051282052,120,123,117,110,145,140
6,230.31384615384616,2.476321799457061,[16.051329],1516.1553571428572,167,184,147,169,182,160
7,318.25233644859816,2.4460398598587103,[3.1534328],1574.9368029739776,257,268,249,264,256,220
8,256.3191489361702,1.8742974679877165,[3.4501216],1384.3553719008264,276,293,289,289,202,220
9,208.52083333333334,1.5874307275085486,[12.030362],1376.4827586206898,271,293,287,281,199,211
10,250.91176470588235,1.7176048228679806,[8.799649],1576.6964285714287,264,269,272,205,193,203
11,186.7945205479452,2.0530946716513725,[9.852499],1445.3387096774193,244,247,235,182,167,186
0,247.74074074074073,15.945340438959402,[7.9580464],1582.8529411764705,202,247,133,169,162,184
1,233.13953488372093,13.19501611170784,[8.8987875],1410.2837837837837,177,185,126,150,134,159
2,214.53968253968253,10.431210340775557,[17.600216],1444.25,168,175,111,129,123,145
3,216.97687861271677,7.425796812749004,[9.039082],1525.1632653061224,110,163,108,123,111,138
4,215.75301204819277,5.557106876916338,[20.50265],1525.1891891891892,126,162,107,119,106,141
5,217.94978165938863,3.7933222958057393,16.75855,1476.1083123425692,128,160,99,108,112,148
6,287.91987673343607,5.223056783552942,[20.006773],1582.1544117647059,188,238,121,155,152,159
7,497.2810650887574,3.033867886296532,[4.611722],1717.8030303030303,252,315,238,243,232,222
8,287.2866666666667,2.3596899664982116,[6.0721703],1487.7441860465117,267,320,286,295,196,237
9,235.50413223140495,2.09560730962126,[15.852233],1299.5757575757575,265,314,281,288,202,227
10,223.03846153846155,2.2507329895864925,[4.9862494],1441.640625,250,288,253,199,193,230
11,235.97435897435898,2.6904448105436574,[6.7868924],1570.5820895522388,227,270,158,182,174,203
0,196.22916666666666,13.801621312763375,[6.0915294],1436.1136363636363,217,220,144,161,177,158
1,243.25581395348837,11.595919234856535,[2.4558063],1577.8101265822784,188,158,140,155,158,142
2,235.47368421052633,9.128056206088996,[7.918671],1464.6694214876034,170,152,128,142,136,126
3,215.15508021390374,6.407722772277227,[5.591087],1552.5976331360946,167,141,111,148,128,113
4,210.67796610169492,4.03628010139417,[14.48775],1490.6729559748428,134,148,109,155,138,105
5,214.6420233463035,2.935897435897436,[7.294871],1507.0677200902935,147,146,117,134,137,99
6,272.95440729483283,2.940123773108912,[12.0154085],1513.3225806451612,200,239,148,198,201,117
7,598.3867924528302,1.936953841205168,[8.671529],1542.64,277,309,266,286,290,194
8,239.83333333333334,1.5314342939801928,[7.696526],1415.136,279,314,276,310,238,217
9,226.3877551020408,1.397485493230174,[8.761338],1490.5681818181818,275,305,249,291,224,207
10,212.367816091954,1.4552964042759964,[1.2727131],1484.0857142857142,256,275,235,200,215,191
11,225.59722222222223,1.538676326314995,[2.7733629],1501.467741935484,235,255,219,185,194,174
0,193.23333333333332,13.939793171837374,[3.0948741],1410.7625,226,232,145,155,166,162
1,233.56338028169014,11.784674493062969,[7.1887603],1518.7761194029852,220,155,139,137,147,139
2,224.89403973509934,8.971859052247872,[10.272424],1491.7142857142858,195,127,124,119,130,128
3,215.83597883597884,6.715621890547266,[7.674642],1498.4252873563219,195,124,122,110,120,133
4,213.86451612903227,5.419243986254296,17.48977,1592.624060150376,148,132,136,115,123,122
5,219.14028056112224,4.4101731601731595,[11.033023],1540.793427230047,144,140,124,117,133,112
6,256.5306427503737,2.608778310464539,[10.67939],1521.1555944055945,200,201,175,170,190,116
7,478.3848484848485,2.4664883791458743,[9.089738],1622.6905660377358,270,294,244,281,294,194
8,257.43150684931504,1.3329238329238329,[5.011307],1456.672,281,308,280,299,233,227
9,237.57954545454547,1.421563943303074,[6.8022933],1363.2133333333334,269,301,278,205,221,221
10,210.0897435897436,1.5979518689196108,[12.7205305],1448.4571428571428,260,289,255,186,208,197
11,196.20731707317074,1.7665130568356375,[10.458897],1242.2602739726028,253,266,227,163,186,176
0,242.08,14.415858750265375,[7.295286],1324.235294117647,203,252,147,176,147,162
1,210.82222222222222,11.490660980810233,[3.1620102],1475.6785714285713,190,180,123,156,131,158
2,220.25352112676057,8.593492822966507,[9.173828],1360.6904761904761,157,177,106,139,115,142
3,218.45714285714286,6.197559153175592,[7.1213584],1526.2709677419355,159,163,99,133,110,139
4,229.17582417582418,4.590064530485091,[10.404423],1522.5939393939393,124,162,92,129,112,130
5,213.85569105691056,3.2570733863837305,[6.5545278],1503.4295774647887,134,161,86,126,129,118
6,294.15645161290325,4.2811094452773615,[16.037674],1540.579335793358,206,231,118,182,173,134
7,368.2006688963211,2.23396934626212,[7.2534547],1531.416,274,305,246,261,244,199
8,237.95035460992906,1.673647220158848,[7.93552],1440.9285714285713,279,317,283,300,203,209
9,225.54945054945054,1.6363636363636367,[9.182283],1415.9113924050632,262,301,276,298,200,211
10,213.39583333333334,1.5158086816156089,[3.6985054],1399.6436781609195,248,283,247,206,181,192
11,196.42105263157896,1.7132333596421991,[7.314501],1341.031746031746,234,268,232,193,161,179
0,212.12790697674419,13.806997428948646,[1.8042203],1465.6081081081081,236,240,168,151,140,172
1,237.79611650485438,10.932424149555626,[4.4083753],1532.6741573033707,215,223,152,138,128,148
2,239.69182389937106,8.040909090909091,[2.9915993],1534.3309859154929,198,153,138,128,119,144
3,223.6081871345029,5.804597701149426,[5.789165],1502.4551282051282,154,155,121,116,116,150
4,211.0731707317073,4.082077051926299,[10.103583],1521.192857142857,157,150,111,112,111,155
5,225.59795918367348,2.5915379665379668,[10.897022],1455.9755501222494,165,129,103,118,113,149
6,264.50237717908084,2.382395204663957,[4.3180904],1539.2767857142858,229,185,161,154,176,154
7,431.82748538011697,1.6110107284020327,[1.7323927],1630.6347517730496,289,292,249,222,263,225
8,217.53676470588235,0.8420628301362244,[6.763579],1412.103448275862,294,320,306,276,211,228
9,211.8272727272727,0.8744989834446703,[7.533067],1401.5531914893618,292,310,294,258,194,217
10,218.06315789473683,0.8443145946672038,[3.5855381],1433.964705882353,276,294,273,184,188,203
11,215.74647887323943,0.853671764833496,[7.0157666],1307.4262295081967,259,264,256,174,170,194
0,197.97402597402598,14.389515617288303,[5.0238957],1557.3676470588234,228,247,141,157,136,182
1,243.15277777777777,11.952432432432433,[7.0878396],1283.3333333333333,194,166,124,137,128,176
2,228.43262411347519,8.727272727272727,[4.60944],1542.3083333333334,179,149,105,118,120,154
3,205.82122905027933,7.139451371571073,[7.8152328],1484.121794871795,161,155,101,113,122,150
4,219.56521739130434,4.83,[9.860013],1471.1925925925925,109,161,100,109,124,147
5,219.25742574257427,2.886459724076546,[14.780309],1460.3668224299065,114,154,105,118,115,143
6,244.94651539708266,2.8981827445652177,[5.62359],1539.8843416370107,169,216,149,182,157,151
7,346.4401294498382,3.238360779530075,0.0,1576.9302325581396,255,309,225,254,236,218
8,235.62573099415204,1.9788226432585898,[1.4361976],1439.0986842105262,277,313,272,287,190,230
9,232.47272727272727,1.7312609970674484,[3.9607556],1418.842105263158,269,313,277,265,188,238
10,231.90140845070422,2.02280505257918,[10.924493],1264.7931034482758,260,303,254,243,171,230
11,240.3548387096774,1.9601812643934327,[4.4758644],1372.0,253,280,224,174,152,199
0,237.33333333333334,14.89541796563474,0.0,1471.3658536585365,223,236,158,169,118,157
1,216.92105263157896,12.653201320132014,[1.4018239],1375.6617647058824,209,154,139,154,113,140
2,240.74647887323943,10.501691542288556,[2.1547527],1534.4227642276423,189,140,122,131,100,122
3,235.0391061452514,7.4187137452711225,[7.9435387],1528.5958904109589,184,135,125,140,86,123
4,233.75,5.0023933855526534,[5.1007266],1415.3356643356644,139,136,126,149,89,127
5,234.01473296500922,4.679869684499314,[10.500774],1522.3560767590618,154,140,101,128,84,122
6,341.5958795562599,5.626404909790002,[7.7726707],1532.517578125,242,221,133,196,117,218
7,411.208722741433,3.8854199637441367,[5.6752696],1618.1083032490974,276,308,246,297,182,202
8,261.5367647058824,2.3604385077962857,[5.359221],1353.7,281,319,282,316,223,213
9,241.35849056603774,2.69814297851681,[7.0236983],1496.1,277,319,272,296,141,193
10,220.3953488372093,3.0143567874911157,[7.768675],1399.04,254,298,262,208,134,184
11,242.68571428571428,2.338203463203463,[1.9527164],1408.9074074074074,239,268,237,185,135,168
0,237.84615384615384,13.759588094025178,[8.414585],1507.44,212,237,147,178,133,150
1,223.91780821917808,11.608682170542638,[5.85465],1461.5396825396826,191,167,133,154,119,139
2,218.7448275862069,8.937285180572854,[8.080897],1560.3577235772357,168,154,103,143,112,123
3,206.79891304347825,6.815609756097562,[6.63258],1375.5202702702702,162,144,100,145,102,126
4,229.49367088607596,5.3034351145038165,[15.298015],1391.6573426573427,127,150,110,149,107,143
5,217.4442231075697,4.576131028595818,[13.659053],1486.706572769953,125,155,103,151,96,151
6,227.8829953198128,3.2081686429512524,[1.4311084],1459.3067375886526,188,228,139,204,155,142
7,332.23443223443223,2.5196944310339937,[5.119965],1562.3070175438597,274,304,227,296,239,191
8,269.18934911242604,2.3523910984848486,[8.1346445],1386.0204081632653,274,320,256,305,168,213
9,236.22018348623854,1.9216750560980047,[7.3563275],1506.0,267,313,253,299,169,198
10,251.32432432432432,1.8534798534798536,[3.1514237],1341.9833333333333,258,296,238,208,159,180
11,211.8695652173913,1.5241941687822143,[2.5821579],1589.4406779661017,239,264,217,194,154,170
0,231.1157894736842,14.343383763051357,[3.5815985],1529.0588235294117,219,231,159,158,136,180
1,222.68235294117648,11.554594594594594,[8.032323],1553.064935064935,203,153,149,148,115,157
2,210.02189781021897,8.975602836879434,[3.2211742],1569.9333333333334,173,133,148,140,111,141
3,226.9360465116279,6.173584905660377,[10.405249],1483.9659863945578,163,114,133,139,105,141
4,203.6195652173913,4.106368563685637,[11.731403],1349.6932515337423,125,108,127,130,103,145
5,214.53757225433526,2.6750443852640924,[17.045876],1490.4713656387664,127,119,136,129,101,139
6,309.6553846153846,2.7249093353979053,[7.132376],1524.5753176043556,206,209,162,192,144,154
7,562.0737463126844,2.6078100351479256,[8.006297],1606.0950570342206,276,295,270,296,227,207
8,312.9788732394366,1.65958590258528,[4.05432],1497.0583333333334,282,303,298,317,181,226
9,244.66346153846155,1.622102817310485,[9.117],1285.8181818181818,281,294,281,308,180,221
10,226.8170731707317,1.8670534203529123,[5.9976273],1539.7878787878788,262,274,261,211,165,206
11,226.52542372881356,1.7068907563025213,[6.899306],1508.04,239,259,246,187,148,196
0,263.91011235955057,14.93594392914429,[10.005058],1363.4027777777778,224,240,176,142,167,154
1,227.07142857142858,13.695210084033613,[9.516923],1450.525641025641,211,176,163,131,138,133
2,209.9875,10.438561151079139,[6.748362],1408.390977443609,192,155,134,113,121,119
3,222.5909090909091,7.80173076923077,[11.223437],1474.2105263157894,200,156,117,108,124,127
4,217.31645569620252,6.833549783549784,18.164808,1533.838028169014,146,158,114,106,115,131
5,227.37377690802347,4.720666666666667,[12.942622],1448.573732718894,137,157,105,103,130,118
6,286.30721003134795,4.629250549822365,[16.045944],1589.0881294964029,215,218,145,137,186,127
7,456.7855072463768,3.319146495353906,[9.3450165],1636.018587360595,279,301,268,185,290,193
8,282.37410071942446,1.809992581179021,[5.395399],1522.4153846153847,285,316,308,261,225,198
9,252.65765765765767,1.8397252265419468,[6.282879],1445.632183908046,279,308,296,256,216,200
10,257.8987341772152,2.010528834649438,[5.9815536],1541.0714285714287,265,291,283,168,205,181
11,253.0125,1.9163963157698476,[7.6009827],1440.0555555555557,243,271,252,153,189,169
0,220.76530612244898,15.02573325954621,[1.727343],1408.6626506024097,222,232,138,183,153,184
1,217.38235294117646,12.239081154601783,[4.825043],1425.4285714285713,204,213,130,160,138,173
2,221.44375,9.571872146118722,[3.638424],1487.7328767123288,180,148,124,129,128,167
3,221.6024096385542,7.34411214953271,[3.9551868],1505.153284671533,174,147,122,130,117,166
4,212.65536723163842,5.443589743589743,[6.544598],1486.0,130,134,119,118,117,162
5,216.90021231422506,3.9818840579710146,[8.736752],1452.5965346534654,142,138,111,129,103,159
6,232.27479674796749,2.4989992760720527,[3.8768928],1501.7045045045045,199,184,140,183,153,162
7,359.98064516129034,2.7426588516606887,[3.424961],1616.0387596899225,277,286,200,290,223,215
8,271.53164556962025,2.608910625033589,[3.9063635],1553.4962962962964,281,303,256,315,242,221
9,224.375,2.0844155844155843,[4.993504],1349.893203883495,276,298,250,315,194,207
10,219.3783783783784,2.225126791245447,[2.074447],1303.0,270,282,234,225,186,202
11,221.60294117647058,2.1976190476190482,[8.73402],1401.6896551724137,248,255,210,205,172,190
0,225.9764705882353,14.444727702652774,[5.126762],1504.9178082191781,229,236,148,116,142,170
1,238.10843373493975,12.183240223463688,[6.2299786],1548.975,204,163,130,113,128,157
2,207.39007092198582,9.733366708385484,[7.001839],1519.0708661417323,192,147,114,102,114,130
3,232.11627906976744,7.696732026143791,[5.0420804],1391.58940397351,190,145,94,95,113,128
4,205.2012987012987,6.510128913443831,[8.082803],1475.3956834532373,153,151,94,88,104,134
5,232.3031496062992,4.3456021811284975,[9.697476],1458.5635103926097,158,137,90,99,109,110
6,296.3150684931507,4.754406580493538,[5.6111484],1578.725527831094,234,206,121,140,174,124
7,310.5656565656566,2.5379268843087104,[4.70174],1410.267716535433,283,300,237,186,243,196
8,261.25174825174827,2.3053226749853772,[1.668028],1444.9310344827586,286,308,284,197,265,221
9,256.45454545454544,2.568817871548247,[5.8234963],1417.901098901099,286,290,287,188,191,223
10,206.7325581395349,2.8826561149165393,[1.8171567],1238.861111111111,262,281,264,165,182,213
11,243.65573770491804,2.4112340158468664,[2.2977676],1307.3725490196077,248,262,225,121,167,191
0,245.625,15.14315684315684,[3.2068226],1453.8076923076924,238,250,187,155,161,164
1,210.96296296296296,12.698152929493546,[1.3464376],1297.4202898550725,217,172,178,153,149,138
2,221.5,10.018550724637683,[2.1215928],1385.9185185185186,200,162,155,130,132,118
3,224.95238095238096,7.067491082045184,0.0,1455.8012422360248,181,161,136,120,138,105
4,218.20231213872833,4.468620116375728,[5.671656],1587.6129032258063,138,164,119,124,137,120
5,234.02788844621514,3.1292517006802725,[13.428261],1518.4748858447488,156,153,114,120,133,108
6,383.5242290748899,4.0321869488536155,[5.937983],1651.2013651877132,246,215,147,171,177,178
7,531.2811501597444,2.2175009594824275,[4.5553627],1737.930501930502,272,310,306,265,253,180
8,284.20212765957444,1.465918325883787,[1.7138186],1528.0061728395062,276,320,316,297,295,208
9,232.20560747663552,1.3105499438832777,0.0,1493.5393258426966,273,315,316,286,227,203
10,245.45454545454547,1.4566402297725123,[6.0836167],1547.985294117647,267,299,300,194,203,196
11,223.08641975308643,2.0024,[5.151596],1407.5135135135135,255,274,207,171,168,175
0,225.69411764705882,13.999890837639184,[4.7332397],1477.253164556962,219,223,175,155,124,161
1,254.43956043956044,10.492962356792143,[3.5198803],1453.1298701298701,193,207,152,128,114,146
2,225.42857142857142,8.829629629629629,[3.2270954],1541.7555555555555,189,130,141,114,97,139
3,211.27878787878788,6.8922998729351965,[1.760619],1429.007299270073,198,117,137,109,97,129
4,210.0810810810811,5.079234972677595,[1.6012045],1415.9411764705883,133,128,153,108,102,108
5,226.52796420581655,3.459969611968209,[12.107123],1495.8059701492537,140,133,137,97,102,104
6,356.4264705882353,4.52508210180624,[21.915918],1558.8087719298246,223,177,182,134,149,150
7,470.92424242424244,3.4560027678468463,[6.887705],1594.1544117647059,272,298,316,245,212,165
8,242.45562130177515,1.7459001338196318,0.0,1411.8962962962962,280,310,320,308,248,191
9,231.85,1.470670640834575,0.0,1483.6029411764705,269,289,304,301,177,185
10,227.2875,1.3065564504733644,0.0,1279.5942028985507,256,273,280,196,166,177
11,240.65151515151516,1.795865302642796,0.0,1615.8703703703704,241,257,194,180,134,167
0,220.27083333333334,14.59196863742318,[2.30462],1433.5555555555557,190,243,163,150,180,163
1,213.33333333333334,12.135938338829664,[4.696751],1500.1046511627908,181,220,153,137,159,153
2,199.2344827586207,9.670609480812644,0.0,1502.6744186046512,172,163,142,124,138,147
3,230.35542168674698,6.5392805755395695,0.0,1521.6733333333334,164,167,132,112,124,135
4,205.13076923076923,5.44137353433836,[1.6929251],1445.0347826086957,135,177,124,120,120,120
5,211.489837398374,3.97687697874265,[12.807904],1477.380410022779,133,157,106,122,121,98
6,273.01934523809524,3.4062206572769953,[2.4342363],1553.3133802816901,199,213,139,168,195,151
7,334.3015384615385,2.6948580504268413,[3.4602087],1567.9892086330935,266,292,248,252,299,176
8,222.5,2.0271006595927727,[3.0126534],1444.888888888889,271,301,289,279,234,211
9,220.43010752688173,1.9174493472739085,0.0,1426.7317073170732,255,299,277,265,234,209
10,247.79545454545453,2.035607648815196,0.0,1477.8142857142857,242,278,259,246,215,191
11,235.59322033898306,1.9340374282008526,0.0,1591.6153846153845,218,269,245,171,205,177
0,213.12173913043478,13.817099342332988,0.0,1373.2571428571428,206,249,160,134,180,141
1,220.3048780487805,10.381620428751576,[7.2249064],1453.3283582089553,201,231,109,127,181,127
2,243.48717948717947,8.714581280788178,[3.2238262],1482.8776978417266,184,154,87,109,162,116
3,228.35757575757575,6.487875647668394,0.0,1500.6466165413533,183,143,80,109,152,105
4,225.08163265306123,4.822011494252874,[10.812114],1506.0294117647059,144,134,81,118,145,103
5,221.1927966101695,3.372385175079582,[20.70061],1551.302729528536,155,131,95,109,146,97
6,304.4884488448845,5.224395660715812,[14.27911],1464.5531496062993,238,174,118,157,229,102
7,296.0034013605442,3.583247125587444,0.0,1404.22,270,300,202,222,311,166
8,255.13855421686748,2.738359201773836,0.0,1431.86,272,306,241,220,240,197
9,212.11650485436894,2.536766557542181,[3.1826637],1488.3333333333333,267,310,231,214,228,194
10,220.35955056179776,2.923664376709131,[7.595571],1406.0845070422536,251,297,216,199,225,175
11,223.31884057971016,2.7054761904761904,[1.3341719],1385.8983050847457,234,271,191,144,196,164
0,204.34831460674158,14.08766968325792,[1.3216385],1323.3373493975903,238,222,156,136,159,177
1,210.14018691588785,10.935249280547561,[4.6334834],1452.2444444444445,225,192,136,123,151,162
2,210.94736842105263,8.289763033175355,[4.124537],1413.867256637168,204,126,124,105,146,139
3,193.64071856287424,6.475721784776902,[6.9325013],1470.9866666666667,154,124,123,101,137,123
4,223.1912568306011,4.680232558139535,[7.8595715],1446.4810126582279,145,115,127,109,136,142
5,218.86075949367088,4.57859477124183,[12.836648],1502.398568019093,162,109,109,108,129,148
6,324.11290322580646,4.069904559915163,[3.4793427],1614.7843803056028,224,159,151,153,192,146
7,550.4223602484471,2.1335185442422557,[6.0694175],1610.7911646586344,278,289,255,256,272,215
8,244.97222222222223,1.8292537143507712,[5.443756],1475.8267716535433,278,310,304,270,215,220
9,212.09821428571428,1.7220980830295192,[7.486545],1346.0631578947368,277,301,298,260,197,213
10,205.8695652173913,1.5848771785371205,[4.344719],1307.5438596491229,266,286,277,170,193,196
11,215.01408450704224,1.4101161995898837,[2.4172876],1581.421052631579,238,241,252,155,182,186
0,215.78313253012047,15.106090935087217,[4.487824],1409.842105263158,227,256,166,141,146,140
1,206.76829268292684,12.713959007551242,[5.611673],1425.3648648648648,215,179,150,136,123,124
2,232.38853503184714,9.744803921568627,[2.31285],1482.948905109489,190,149,132,120,114,111
3,237.8719512195122,7.678104738154613,[11.757019],1438.4718309859154,183,145,136,112,112,114
4,216.3240223463687,5.511840929401251,[12.094693],1521.61875,134,134,140,112,108,118
5,213.56713426853707,4.890756768752773,[8.182808],1507.810623556582,152,143,136,96,107,117
6,295.9555160142349,4.80097741826761,[12.365394],1569.2505050505051,228,210,188,146,154,106
7,390.1981132075472,3.8265047297902175,[5.1264386],1555.1908396946565,269,295,296,223,207,167
8,263.12738853503186,2.626763830890581,[3.216301],1412.094890510949,272,313,310,275,247,176
9,240.96938775510205,2.066201678685424,[5.032534],1380.1704545454545,273,307,309,273,200,176
10,259.5903614457831,2.1998187269051104,[9.498953],1571.3970588235295,263,280,296,181,179,167
11,226.2987012987013,2.2260003042750642,[12.845512],1345.2575757575758,249,260,264,163,163,153
0,213.5632183908046,14.55314685314685,[1.8266011],1440.5492957746478,214,219,131,138,150,193
1,230.3956043956044,11.980547645125958,[6.428637],1474.0853658536585,199,161,122,122,135,174
2,238.55862068965519,8.33273390036452,[13.087539],1571.344,173,147,116,111,122,154
3,212.36516853932585,6.2096491228070185,[2.0918953],1431.1038961038962,128,143,106,112,119,152
4,232.17791411042944,4.256802721088436,[7.280903],1503.642857142857,131,147,111,123,115,157
5,223.3158953722334,3.86991341991342,[8.277805],1463.0071770334928,137,142,99,109,110,173
6,266.3505477308294,3.5658994032395577,[10.823966],1522.8096085409252,208,209,121,150,165,167
7,351.5975609756098,2.4666086956521736,[3.945288],1557.4641509433961,291,315,197,237,246,214
8,327.8258064516129,1.4121998963670912,[3.8721073],1506.5407407407408,295,320,263,271,193,237
9,255.92929292929293,1.5498172385331919,[1.5303215],1259.3066666666666,291,307,251,263,193,237
10,252.56944444444446,1.8046146293568972,[10.548904],1384.753846153846,260,282,239,168,182,227
11,210.98387096774192,2.238249096084315,[4.0305743],1367.5294117647059,235,258,216,149,170,210
0,235.61165048543688,14.043044489882254,[1.8223752],1553.8522727272727,220,238,158,150,152,173
1,207.27586206896552,12.043870967741936,[5.892822],1347.1447368421052,214,170,143,140,143,151
2,216.74675324675326,9.696846950517838,[7.4999824],1472.0569105691056,193,160,130,126,126,134
3,216.3954802259887,7.728687127024723,[10.594493],1460.1764705882354,128,172,105,128,113,136
4,243.75418994413408,5.860521235521236,[10.60264],1512.1133333333332,137,175,87,114,126,138
5,232.58052434456928,5.784110535405873,[16.194244],1538.7199074074074,137,186,86,101,112,150
6,368.2763358778626,6.116345726858019,[15.124958],1546.5424954792043,212,271,133,143,167,151
7,485.5701754385965,3.509995630325542,[5.2679195],1608.9964912280702,274,320,284,211,275,228
8,284.28472222222223,1.3207903207903204,[2.4431522],1497.6581196581196,281,320,313,276,210,238
9,226.625,1.192189017770413,[6.3520246],1440.0824742268042,283,310,301,267,201,229
10,218.64556962025316,1.2331280217232927,[3.709797],1487.7887323943662,265,298,279,193,192,211
11,209.86567164179104,1.630440097799511,[6.7273746],1469.5964912280701,239,271,188,167,167,195
0,202.7422680412371,13.952039140061425,[6.2388515],1454.9876543209878,221,221,157,138,165,175
1,224.0581395348837,11.7084425349087,[9.657689],1682.8701298701299,203,144,143,126,153,162
2,237.52777777777777,9.475981735159818,[7.179808],1366.0169491525423,204,124,134,117,142,155
3,210.46774193548387,7.412644787644788,[10.7970495],1525.6604938271605,144,119,132,114,120,148
4,243.84662576687117,4.93673619890434,[13.918893],1572.4027777777778,159,118,124,115,128,147
5,238.5040650406504,4.267996108949417,[6.4173512],1486.1238095238095,167,107,123,113,115,146
6,286.13690476190476,3.781988168617879,[4.4609604],1528.698275862069,240,169,158,167,170,147
7,429.1869158878505,2.1433770213697434,[10.425993],1528.2015503875969,280,284,266,246,282,231
8,264.6910569105691,1.487277211074991,[10.924774],1337.375,281,291,305,280,225,240
9,205.30769230769232,1.4180877337410325,[4.0865717],1438.1022727272727,279,285,287,267,209,219
10,240.43010752688173,1.4239866624986974,[8.609024],1460.8481012658228,273,252,261,172,202,211
11,224.79268292682926,1.9119368603904687,[4.355375],1490.162162162162,257,244,233,155,183,189
0,212.86274509803923,14.072649572649574,[1.2701998],1450.3617021276596,208,229,152,177,151,136
1,215.57142857142858,11.916768558951963,[2.0463126],1367.5416666666667,202,159,140,157,132,126
2,209.66666666666666,9.38826923076923,[10.120659],1428.2752293577983,184,148,134,130,120,116
3,221.85207100591717,6.388468468468469,[5.1676335],1348.958041958042,174,135,122,120,111,115
4,222.0530303030303,5.608355674709563,[13.241332],1460.6271186440679,127,144,114,124,134,103
5,238.19238476953907,4.501904761904761,[20.642109],1492.8072562358277,136,137,100,121,115,91
6,307.4952380952381,5.7518939393939394,[17.462503],1579.384761904762,222,225,122,173,173,141
7,349.2491803278688,3.3535252643948295,[1.8437438],1516.216,267,291,255,253,263,151
8,231.8562091503268,2.3139619001687968,[3.9068127],1417.6307692307691,277,290,279,292,199,171
9,225.75675675675674,2.134387351778656,[5.501291],1413.8484848484848,265,287,277,283,191,169
10,219.1086956521739,2.1568922305764406,[6.507173],1383.9058823529413,250,276,255,203,184,162
11,225.88732394366198,2.1557313479137585,[8.26563],1488.8813559322034,229,242,243,196,168,150
0,228.3956043956044,14.105629607565714,[3.0904553],1473.328947368421,225,203,111,168,146,180
1,214.4318181818182,11.791969037252052,[3.1867983],1505.2876712328766,220,187,96,167,129,155
2,226.8904109589041,9.013299748110832,[8.156959],1482.5,185,120,85,145,119,140
3,239.23626373626374,7.1134860921112635,[3.9500885],1441.8650306748466,142,113,85,144,110,137
4,223.93430656934308,6.342154904571683,[9.718741],1604.452380952381,162,99,81,152,112,145
5,235.05642023346303,5.746017593913456,[16.56064],1473.5440180586907,159,80,72,145,96,149
6,292.843949044586,6.631510977184673,[6.250443],1508.4990654205608,252,121,119,208,150,160
7,399.9184290030212,2.901022506734641,[7.734055],1596.1622641509434,287,260,222,287,214,231
8,261.96,1.9209772584063696,[1.7379365],1410.3643410852712,293,300,255,305,196,238
9,194.36263736263737,2.068536931818182,[2.3514147],1255.051948051948,294,292,236,302,177,235
10,216.56164383561645,1.8590137315118782,[3.679844],1366.7894736842106,273,260,220,207,171,218
11,238.01408450704224,1.927074829931973,[6.02202],1284.9038461538462,255,233,195,186,157,199
0,238.37878787878788,14.808757724270189,[15.923724],1283.9661016949153,190,228,166,119,180,200
1,231.6341463414634,12.178915902750102,[1.7527418],1375.3623188405797,168,202,149,103,161,182
2,227.1476510067114,10.732322503008422,[7.2931],1483.2307692307693,154,142,126,92,152,165
3,207.09756097560975,8.472727272727273,[4.300139],1490.6760563380283,164,149,117,97,139,159
4,216.08333333333334,6.199159021406727,[1.4855927],1478.7005988023952,126,147,115,89,131,155
5,220.72962226640158,3.564516129032258,[7.1606293],1519.1995412844037,143,139,107,85,120,150
6,288.84822934232716,4.083998816918071,[5.5019355],1509.6439688715952,224,216,150,121,169,149
7,370.75079872204475,2.8876738101537467,[1.4815375],1595.5057915057914,278,297,242,189,257,216
8,289.23312883435585,2.0974110414942664,[3.0589683],1461.912162162162,278,300,291,229,209,231
9,180.7263157894737,2.1417396556931445,[2.274632],1457.8783783783783,260,299,288,228,209,221
10,221.10714285714286,1.9906521040796659,[5.8073907],1470.342105263158,237,279,278,214,196,211
11,206.08,2.06837412255739,[5.7620277],1434.609375,215,257,246,137,192,208
0,222.0126582278481,14.593568494120984,[14.623469],1297.6447368421052,238,211,141,174,136,186
1,227.4375,11.000157306905775,[4.4683595],1427.3125,219,183,138,152,124,162
2,250.4,9.115133819951337,[7.324763],1581.375,190,128,112,134,114,144
3,257.39473684210526,7.621136865342164,[7.128189],1613.014598540146,148,131,95,130,115,136
4,222.51075268817203,7.358195211786371,[6.960405],1512.3926380368098,167,118,80,130,97,132
5,252.1252268602541,6.226693051890942,[18.641975],1481.197894736842,187,112,83,130,109,137
6,360.0252225519288,6.773550724637681,[11.825554],1660.8411867364746,259,202,127,240,144,132
7,710.817880794702,2.702021428764203,[3.3027575],1739.9166666666667,279,291,273,305,251,212
8,289.8258064516129,1.6840522426533764,[4.8099937],1476.7795275590552,285,301,277,311,194,219
9,234.375,1.725685623086444,[8.567268],1319.4945054945056,287,284,263,228,188,212
10,228.87209302325581,1.7678870543192153,[2.9099205],1348.9066666666668,269,266,243,226,176,213
11,248.08333333333334,1.895702132361065,[9.088439],1400.6875,253,247,227,194,159,213
0,232.78823529411764,15.099854174261758,[3.2753017],1295.0,211,255,156,135,118,180
1,230.24657534246575,11.75721034870641,[1.9345256],1562.3030303030303,180,169,137,124,114,165
2,218.76,9.1276741130092,[5.9082723],1459.6637168141592,162,150,118,102,86,143
3,224.10714285714286,7.308571428571429,[4.9408097],1475.3706293706293,165,142,98,100,82,141
4,231.80357142857142,5.7231027857829,[7.5023055],1502.425806451613,144,129,95,98,93,135
5,236.8177874186551,3.9402958152958156,[7.953118],1488.6259351620947,127,139,93,92,95,147
6,279.0789915966387,6.389255633963122,[11.98426],1478.3078358208954,200,203,105,130,148,169
7,408.9455128205128,4.636321498099566,[9.87465],1542.7074074074073,265,291,209,192,217,233
8,262.35849056603774,3.589162755403165,[4.335914],1471.5205479452054,262,306,291,215,233,240
9,255.02941176470588,3.7483566910579187,0.0,1440.546511627907,266,303,283,209,166,239
10,225.48192771084337,4.695381765250761,[2.1390421],1228.8450704225352,249,297,263,194,141,230
11,251.07142857142858,3.0251290877796904,[6.4558983],1404.3191489361702,230,285,233,157,139,201
0,248.20731707317074,15.241045791144026,[1.3935133],1464.736111111111,226,217,187,138,105,145
1,242.1494252873563,12.252027525190465,[5.9631977],1344.357142857143,208,204,174,125,88,140
2,245.1,9.319588688946014,[3.3320959],1487.4353741496598,187,127,149,111,82,122
3,228.68493150684932,6.307909604519774,[4.8191333],1438.8396946564885,141,107,139,107,83,131
4,236.075,6.254721435316337,[4.866797],1484.0071428571428,157,110,131,99,77,132
5,242.22371364653245,6.610973597359737,[7.4905324],1530.9714285714285,166,105,119,86,84,147
6,338.656,6.27367055771725,[13.255081],1566.5431861804223,236,171,188,122,127,184
7,429.8140350877193,4.5908346466425645,[1.3177005],1534.1146245059288,272,289,290,208,179,169
8,356.55405405405406,3.118432971014493,[5.602201],1481.9761904761904,274,304,301,263,201,193
9,252.1081081081081,3.523056653491436,[6.157841],1464.0454545454545,267,298,306,266,194,187
10,263.90909090909093,3.854910132847095,[4.6032667],1341.865671641791,268,283,293,257,126,169
11,242.8421052631579,3.8208273208273207,[4.4783707],1453.952380952381,258,240,258,162,117,153
0,249.6056338028169,14.965082343131126,[6.0231605],1471.3015873015872,203,221,190,153,186,154
1,202.3409090909091,11.208365972113429,[3.9109814],1314.8933333333334,183,190,171,132,168,138
2,216.12878787878788,9.14109785202864,[3.2378833],1404.905172413793,161,134,151,123,152,117
3,223.3548387096774,6.283573200992556,[1.3506556],1490.1733333333334,163,131,138,109,146,119
4,213.62359550561797,4.336720867208672,[6.9227977],1510.2133333333334,120,115,140,107,131,125
5,216.77551020408163,3.7596491228070175,[20.33883],1513.4449648711943,135,109,154,112,128,122
6,293.77125193199385,3.3393800707301855,[5.17313],1566.2039355992845,225,155,214,143,177,131
7,529.3019480519481,2.4690227985422495,[1.4170586],1755.9280303030303,279,278,306,227,255,194
8,257.82911392405066,2.120644648734537,[1.9869556],1488.22695035461,278,285,315,275,231,218
9,228.33653846153845,1.9415916352018587,[1.6898313],1412.6117647058823,275,279,315,268,221,207
10,245.56944444444446,2.075337597725657,[4.306612],1431.765625,265,257,296,198,209,182
11,231.45070422535213,2.1695364238410595,0.0,1499.421875,234,234,202,175,196,167
0,226.79545454545453,13.681386514719847,[3.2842996],1351.8243243243244,224,217,163,146,133,170
1,237.67045454545453,11.163899063899065,[1.7549523],1471.2027027027027,206,198,137,136,111,157
2,206.94285714285715,9.318291457286431,[1.2859194],1396.1239669421489,190,131,118,122,99,136
3,236.65,8.161956241956242,[1.5614921],1446.4610389610389,195,121,113,124,92,132
4,235.98816568047337,5.356520223152022,[4.772639],1507.4038461538462,146,123,112,116,90,130
5,247.83196721311475,4.833564173591876,[8.707809],1578.1347031963471,161,125,103,117,96,120
6,387.5473186119874,5.7434456928838955,[5.0653553],1630.9509433962264,247,222,155,145,132,167
7,529.0962199312714,2.8583842655620892,0.0,1706.7603305785124,278,299,278,241,229,176
8,239.3653846153846,2.2356102542054064,[1.8682523],1376.9032258064517,278,306,310,288,246,190
9,250.95192307692307,1.9484927605032043,0.0,1430.341463414634,270,302,302,287,175,196
10,228.91139240506328,2.057508789552988,0.0,1554.5692307692307,265,275,294,259,165,190
11,215.52173913043478,1.992990476190476,[2.2483342],1376.0980392156862,240,249,273,166,146,176
0,223.11458333333334,14.446124486200825,[1.8178883],1555.120481927711,220,236,137,148,153,154
1,221.22222222222223,12.034054054054055,0.0,1376.2133333333334,201,161,116,131,133,146
2,222.7348484848485,9.37290322580645,[7.0678368],1478.542372881356,180,148,105,118,121,134
3,220.54857142857142,7.182454308093995,[1.3165503],1618.9251700680272,176,134,106,106,113,131
4,218.28994082840237,6.280811849841702,[4.5681667],1435.9935064935064,143,150,92,98,112,142
5,249.09351145038167,4.688359964491789,[16.264042],1522.7371937639198,142,154,94,104,119,138
6,348.5419254658385,7.282603890362511,[25.594572],1563.6628352490422,241,251,136,132,175,196
7,527.0620437956204,3.0576890543055324,[2.9862196],1607.1909090909091,272,306,286,206,271,201
8,259.7818181818182,2.2282475653238256,[3.9192073],1418.4172661870505,278,312,293,260,284,207
9,236.37383177570092,2.1403987657251364,[2.188485],1462.1264367816093,271,313,274,265,205,204
10,220.39743589743588,2.135017309911527,[1.2582033],1515.0588235294117,250,288,259,249,190,182
11,228.42465753424656,1.9843487107250464,[3.7169645],1487.2131147540983,228,258,228,164,163,176
