,time,loc,op,stop
0,3980,0.0,0.0,-1
1,3981,0.006875,0.0,-1
2,3982,0.01375,0.0,-1
3,3983,0.020625,0.0,-1
4,3984,0.0275,0.0,-1
5,3985,0.034375,0.0,-1
6,3986,0.04125,0.0,-1
7,3987,0.048125,0.0,-1
8,3988,0.055,0.0,-1
9,3989,0.061875,0.0,-1
10,3990,0.06875,0.0,-1
11,3991,0.07562500000000001,0.0,-1
12,3992,0.08250000000000002,0.0,-1
13,3993,0.08937500000000002,0.0,-1
14,3994,0.09625000000000003,0.0,-1
15,3995,0.10312500000000004,0.0,-1
16,3996,0.11000000000000004,0.0,-1
17,3997,0.11687500000000005,0.0,-1
18,3998,0.12375000000000005,0.0,-1
19,3999,0.13062500000000005,0.0,-1
20,4000,0.13750000000000004,0.0,-1
21,4001,0.14437500000000003,0.0,-1
22,4002,0.15125000000000002,0.0,-1
23,4003,0.15812500000000002,0.0,-1
24,4004,0.165,0.0,-1
25,4005,0.171875,0.0,-1
26,4006,0.17875,0.0,-1
27,4007,0.18562499999999998,0.0,-1
28,4008,0.19249999999999998,0.0,-1
29,4009,0.19937499999999997,0.0,-1
30,4010,0.20624999999999996,0.0,-1
31,4011,0.21312499999999995,0.0,-1
32,4012,0.21999999999999995,0.0,-1
33,4013,0.22687499999999994,0.0,-1
34,4014,0.23374999999999993,0.0,-1
35,4015,0.24062499999999992,0.0,-1
36,4016,0.24749999999999991,0.0,-1
37,4017,0.2543749999999999,0.0,-1
38,4018,0.2612499999999999,0.0,-1
39,4019,0.26812499999999995,0.0,-1
40,4020,0.27499999999999997,0.0,-1
41,4021,0.281875,0.0,-1
42,4022,0.28875,0.0,-1
43,4023,0.295625,0.0,-1
44,4024,0.30250000000000005,0.0,-1
45,4025,0.30937500000000007,0.0,-1
46,4026,0.3162500000000001,0.0,-1
47,4027,0.3231250000000001,0.0,-1
48,4028,0.3300000000000001,0.0,-1
49,4029,0.33687500000000015,0.0,-1
50,4030,0.33687500000000015,0.03333333333333333,2
51,4031,0.33687500000000015,0.03333333333333333,2
52,4032,0.33687500000000015,0.03333333333333333,2
53,4033,0.33687500000000015,0.03333333333333333,2
54,4034,0.33687500000000015,0.03333333333333333,2
55,4035,0.33687500000000015,0.03333333333333333,2
56,4036,0.33687500000000015,0.03333333333333333,2
57,4037,0.33687500000000015,0.03333333333333333,2
58,4038,0.33687500000000015,0.03333333333333333,2
59,4039,0.33687500000000015,0.03333333333333333,2
60,4040,0.33687500000000015,0.03333333333333333,2
61,4041,0.33687500000000015,0.03333333333333333,2
62,4042,0.33687500000000015,0.03333333333333333,2
63,4043,0.33687500000000015,0.03333333333333333,2
64,4044,0.33687500000000015,0.03333333333333333,2
65,4045,0.33687500000000015,0.03333333333333333,2
66,4046,0.33687500000000015,0.03333333333333333,2
67,4047,0.33687500000000015,0.03333333333333333,2
68,4048,0.33687500000000015,0.03333333333333333,2
69,4049,0.33687500000000015,0.03333333333333333,2
70,4050,0.33687500000000015,0.03333333333333333,2
71,4051,0.33687500000000015,0.03333333333333333,2
72,4052,0.33687500000000015,0.03333333333333333,2
73,4053,0.33687500000000015,0.03333333333333333,2
74,4054,0.33687500000000015,0.03333333333333333,2
75,4055,0.33687500000000015,0.03333333333333333,2
76,4056,0.33687500000000015,0.03333333333333333,2
77,4057,0.33687500000000015,0.03333333333333333,2
78,4058,0.33687500000000015,0.03333333333333333,2
79,4059,0.33687500000000015,0.03333333333333333,2
80,4060,0.33687500000000015,0.03333333333333333,2
81,4061,0.33687500000000015,0.03333333333333333,2
82,4062,0.33687500000000015,0.03333333333333333,2
83,4063,0.33687500000000015,0.03333333333333333,2
84,4064,0.33687500000000015,0.03333333333333333,2
85,4065,0.33687500000000015,0.03333333333333333,2
86,4066,0.33687500000000015,0.03333333333333333,2
87,4067,0.33687500000000015,0.03333333333333333,2
88,4068,0.33687500000000015,0.03333333333333333,2
89,4069,0.33687500000000015,0.03333333333333333,2
90,4070,0.33687500000000015,0.03333333333333333,2
91,4071,0.33687500000000015,0.03333333333333333,2
92,4072,0.33687500000000015,0.03333333333333333,2
93,4073,0.33687500000000015,0.03333333333333333,2
94,4074,0.33687500000000015,0.03333333333333333,2
95,4075,0.33687500000000015,0.03333333333333333,2
96,4076,0.33687500000000015,0.03333333333333333,2
97,4077,0.33687500000000015,0.03333333333333333,2
98,4078,0.33687500000000015,0.03333333333333333,2
99,4079,0.33687500000000015,0.03333333333333333,2
100,4080,0.33687500000000015,0.03333333333333333,2
101,4081,0.33687500000000015,0.03333333333333333,2
102,4082,0.33687500000000015,0.03333333333333333,2
103,4083,0.33687500000000015,0.03333333333333333,2
104,4084,0.33687500000000015,0.03333333333333333,2
105,4085,0.33687500000000015,0.03333333333333333,2
106,4086,0.33687500000000015,0.03333333333333333,2
107,4087,0.33687500000000015,0.03333333333333333,2
108,4088,0.33687500000000015,0.03333333333333333,2
109,4089,0.33687500000000015,0.03333333333333333,2
110,4090,0.33687500000000015,0.03333333333333333,2
111,4091,0.33687500000000015,0.03333333333333333,2
112,4092,0.34375000000000017,0.03333333333333333,-1
113,4093,0.3506250000000002,0.03333333333333333,-1
114,4094,0.3575000000000002,0.03333333333333333,-1
115,4095,0.3643750000000002,0.03333333333333333,-1
116,4096,0.37125000000000025,0.03333333333333333,-1
117,4097,0.37812500000000027,0.03333333333333333,-1
118,4098,0.3850000000000003,0.03333333333333333,-1
119,4099,0.3918750000000003,0.03333333333333333,-1
120,4100,0.3987500000000003,0.03333333333333333,-1
121,4101,0.40562500000000035,0.03333333333333333,-1
122,4102,0.41250000000000037,0.03333333333333333,-1
123,4103,0.4193750000000004,0.03333333333333333,-1
124,4104,0.4262500000000004,0.03333333333333333,-1
125,4105,0.4331250000000004,0.03333333333333333,-1
126,4106,0.44000000000000045,0.03333333333333333,-1
127,4107,0.44687500000000047,0.03333333333333333,-1
128,4108,0.4537500000000005,0.03333333333333333,-1
129,4109,0.4606250000000005,0.03333333333333333,-1
130,4110,0.4675000000000005,0.03333333333333333,-1
131,4111,0.47437500000000055,0.03333333333333333,-1
132,4112,0.48125000000000057,0.03333333333333333,-1
133,4113,0.4881250000000006,0.03333333333333333,-1
134,4114,0.4950000000000006,0.03333333333333333,-1
135,4115,0.5018750000000006,0.03333333333333333,-1
136,4116,0.5087500000000006,0.03333333333333333,-1
137,4117,0.5156250000000006,0.03333333333333333,-1
138,4118,0.5225000000000005,0.03333333333333333,-1
139,4119,0.5293750000000005,0.03333333333333333,-1
140,4120,0.5362500000000004,0.03333333333333333,-1
141,4121,0.5431250000000004,0.03333333333333333,-1
142,4122,0.5500000000000004,0.03333333333333333,-1
143,4123,0.5568750000000003,0.03333333333333333,-1
144,4124,0.5637500000000003,0.03333333333333333,-1
145,4125,0.5706250000000003,0.03333333333333333,-1
146,4126,0.5775000000000002,0.03333333333333333,-1
147,4127,0.5843750000000002,0.03333333333333333,-1
148,4128,0.5912500000000002,0.03333333333333333,-1
149,4129,0.5981250000000001,0.03333333333333333,-1
150,4130,0.6050000000000001,0.03333333333333333,-1
151,4131,0.6118750000000001,0.03333333333333333,-1
152,4132,0.61875,0.03333333333333333,-1
153,4133,0.625625,0.03333333333333333,-1
154,4134,0.6325,0.03333333333333333,-1
155,4135,0.6393749999999999,0.03333333333333333,-1
156,4136,0.6462499999999999,0.03333333333333333,-1
157,4137,0.6531249999999998,0.03333333333333333,-1
158,4138,0.6599999999999998,0.03333333333333333,-1
159,4139,0.6668749999999998,0.03333333333333333,-1
160,4140,0.6737499999999997,0.03333333333333333,-1
161,4141,0.6806249999999997,0.03333333333333333,-1
162,4142,0.6874999999999997,0.03333333333333333,-1
163,4143,0.6943749999999996,0.03333333333333333,-1
164,4144,0.7012499999999996,0.03333333333333333,-1
165,4145,0.7081249999999996,0.03333333333333333,-1
166,4146,0.7149999999999995,0.03333333333333333,-1
167,4147,0.7218749999999995,0.03333333333333333,-1
168,4148,0.7287499999999995,0.03333333333333333,-1
169,4149,0.7356249999999994,0.03333333333333333,-1
170,4150,0.7424999999999994,0.03333333333333333,-1
171,4151,0.7493749999999993,0.03333333333333333,-1
172,4152,0.7562499999999993,0.03333333333333333,-1
173,4153,0.7631249999999993,0.03333333333333333,-1
174,4154,0.7699999999999992,0.03333333333333333,-1
175,4155,0.7768749999999992,0.03333333333333333,-1
176,4156,0.7837499999999992,0.03333333333333333,-1
177,4157,0.7906249999999991,0.03333333333333333,-1
178,4158,0.7974999999999991,0.03333333333333333,-1
179,4159,0.8043749999999991,0.03333333333333333,-1
180,4160,0.811249999999999,0.03333333333333333,-1
181,4161,0.818124999999999,0.03333333333333333,-1
182,4162,0.824999999999999,0.03333333333333333,-1
183,4163,0.8318749999999989,0.03333333333333333,-1
184,4164,0.8387499999999989,0.03333333333333333,-1
185,4165,0.8456249999999988,0.03333333333333333,-1
186,4166,0.8524999999999988,0.03333333333333333,-1
187,4167,0.8593749999999988,0.03333333333333333,-1
188,4168,0.8662499999999987,0.03333333333333333,-1
189,4169,0.8731249999999987,0.03333333333333333,-1
190,4170,0.8799999999999987,0.03333333333333333,-1
191,4171,0.8868749999999986,0.03333333333333333,-1
192,4172,0.8937499999999986,0.03333333333333333,-1
193,4173,0.9006249999999986,0.03333333333333333,-1
194,4174,0.9074999999999985,0.03333333333333333,-1
195,4175,0.9143749999999985,0.03333333333333333,-1
196,4176,0.9212499999999985,0.03333333333333333,-1
197,4177,0.9281249999999984,0.03333333333333333,-1
198,4178,0.9281249999999984,0.05,3
199,4179,0.9281249999999984,0.05,3
200,4180,0.9281249999999984,0.05,3
201,4181,0.9281249999999984,0.05,3
202,4182,0.9281249999999984,0.05,3
203,4183,0.9281249999999984,0.05,3
204,4184,0.9349999999999984,0.05,-1
205,4185,0.9418749999999984,0.05,-1
206,4186,0.9487499999999983,0.05,-1
207,4187,0.9556249999999983,0.05,-1
208,4188,0.9624999999999982,0.05,-1
209,4189,0.9693749999999982,0.05,-1
210,4190,0.9762499999999982,0.05,-1
211,4191,0.9831249999999981,0.05,-1
212,4192,0.9899999999999981,0.05,-1
213,4193,0.9968749999999981,0.05,-1
214,4194,1.0037499999999981,0.05,-1
215,4195,1.010624999999998,0.05,-1
216,4196,1.017499999999998,0.05,-1
217,4197,1.024374999999998,0.05,-1
218,4198,1.031249999999998,0.05,-1
219,4199,1.038124999999998,0.05,-1
220,4200,1.044999999999998,0.05,-1
221,4201,1.051874999999998,0.05,-1
222,4202,1.0587499999999979,0.05,-1
223,4203,1.0656249999999978,0.05,-1
224,4204,1.0724999999999978,0.05,-1
225,4205,1.0793749999999978,0.05,-1
226,4206,1.0862499999999977,0.05,-1
227,4207,1.0931249999999977,0.05,-1
228,4208,1.0999999999999976,0.05,-1
229,4209,1.1068749999999976,0.05,-1
230,4210,1.1137499999999976,0.05,-1
231,4211,1.1206249999999975,0.05,-1
232,4212,1.1274999999999975,0.05,-1
233,4213,1.1343749999999975,0.05,-1
234,4214,1.1412499999999974,0.05,-1
235,4215,1.1481249999999974,0.05,-1
236,4216,1.1549999999999974,0.05,-1
237,4217,1.1618749999999973,0.05,-1
238,4218,1.1687499999999973,0.05,-1
239,4219,1.1756249999999973,0.05,-1
240,4220,1.1824999999999972,0.05,-1
241,4221,1.1893749999999972,0.05,-1
242,4222,1.1962499999999971,0.05,-1
243,4223,1.2031249999999971,0.05,-1
244,4224,1.209999999999997,0.05,-1
245,4225,1.216874999999997,0.05,-1
246,4226,1.223749999999997,0.05,-1
247,4227,1.230624999999997,0.05,-1
248,4228,1.237499999999997,0.05,-1
249,4229,1.244374999999997,0.05,-1
250,4230,1.2512499999999969,0.05,-1
251,4231,1.2581249999999968,0.05,-1
252,4232,1.2649999999999968,0.05,-1
253,4233,1.2718749999999968,0.05,-1
254,4234,1.2787499999999967,0.05,-1
255,4235,1.2856249999999967,0.05,-1
256,4236,1.2924999999999967,0.05,-1
257,4237,1.2993749999999966,0.05,-1
258,4238,1.3062499999999966,0.05,-1
259,4239,1.3131249999999965,0.05,-1
260,4240,1.3199999999999965,0.05,-1
261,4241,1.3268749999999965,0.05,-1
262,4242,1.3337499999999964,0.05,-1
263,4243,1.3406249999999964,0.05,-1
264,4244,1.3474999999999964,0.05,-1
265,4245,1.3543749999999963,0.05,-1
266,4246,1.3612499999999963,0.05,-1
267,4247,1.3681249999999963,0.05,-1
268,4248,1.3749999999999962,0.05,-1
269,4249,1.3818749999999962,0.05,-1
270,4250,1.3887499999999962,0.05,-1
271,4251,1.3956249999999961,0.05,-1
272,4252,1.402499999999996,0.05,-1
273,4253,1.409374999999996,0.05,-1
274,4254,1.416249999999996,0.05,-1
275,4255,1.423124999999996,0.05,-1
276,4256,1.429999999999996,0.05,-1
277,4257,1.429999999999996,0.08333333333333333,4
278,4258,1.429999999999996,0.08333333333333333,4
279,4259,1.429999999999996,0.08333333333333333,4
280,4260,1.429999999999996,0.08333333333333333,4
281,4261,1.429999999999996,0.08333333333333333,4
282,4262,1.429999999999996,0.08333333333333333,4
283,4263,1.429999999999996,0.08333333333333333,4
284,4264,1.429999999999996,0.08333333333333333,4
285,4265,1.429999999999996,0.08333333333333333,4
286,4266,1.429999999999996,0.08333333333333333,4
287,4267,1.429999999999996,0.08333333333333333,4
288,4268,1.429999999999996,0.08333333333333333,4
289,4269,1.436874999999996,0.08333333333333333,-1
290,4270,1.4437499999999959,0.08333333333333333,-1
291,4271,1.4506249999999958,0.08333333333333333,-1
292,4272,1.4574999999999958,0.08333333333333333,-1
293,4273,1.4643749999999958,0.08333333333333333,-1
294,4274,1.4712499999999957,0.08333333333333333,-1
295,4275,1.4781249999999957,0.08333333333333333,-1
296,4276,1.4849999999999957,0.08333333333333333,-1
297,4277,1.4918749999999956,0.08333333333333333,-1
298,4278,1.4987499999999956,0.08333333333333333,-1
299,4279,1.5056249999999956,0.08333333333333333,-1
300,4280,1.5124999999999955,0.08333333333333333,-1
301,4281,1.5193749999999955,0.08333333333333333,-1
302,4282,1.5262499999999954,0.08333333333333333,-1
303,4283,1.5331249999999954,0.08333333333333333,-1
304,4284,1.5399999999999954,0.08333333333333333,-1
305,4285,1.5468749999999953,0.08333333333333333,-1
306,4286,1.5537499999999953,0.08333333333333333,-1
307,4287,1.5606249999999953,0.08333333333333333,-1
308,4288,1.5674999999999952,0.08333333333333333,-1
309,4289,1.5743749999999952,0.08333333333333333,-1
310,4290,1.5812499999999952,0.08333333333333333,-1
311,4291,1.5881249999999951,0.08333333333333333,-1
312,4292,1.594999999999995,0.08333333333333333,-1
313,4293,1.601874999999995,0.08333333333333333,-1
314,4294,1.608749999999995,0.08333333333333333,-1
315,4295,1.615624999999995,0.08333333333333333,-1
316,4296,1.622499999999995,0.08333333333333333,-1
317,4297,1.629374999999995,0.08333333333333333,-1
318,4298,1.6362499999999949,0.08333333333333333,-1
319,4299,1.6431249999999948,0.08333333333333333,-1
320,4300,1.6499999999999948,0.08333333333333333,-1
321,4301,1.6568749999999948,0.08333333333333333,-1
322,4302,1.6637499999999947,0.08333333333333333,-1
323,4303,1.6706249999999947,0.08333333333333333,-1
324,4304,1.6774999999999947,0.08333333333333333,-1
325,4305,1.6843749999999946,0.08333333333333333,-1
326,4306,1.6912499999999946,0.08333333333333333,-1
327,4307,1.6981249999999946,0.08333333333333333,-1
328,4308,1.7049999999999945,0.08333333333333333,-1
329,4309,1.7118749999999945,0.08333333333333333,-1
330,4310,1.7187499999999944,0.08333333333333333,-1
331,4311,1.7256249999999944,0.08333333333333333,-1
332,4312,1.7324999999999944,0.08333333333333333,-1
333,4313,1.7393749999999943,0.08333333333333333,-1
334,4314,1.7462499999999943,0.08333333333333333,-1
335,4315,1.7531249999999943,0.08333333333333333,-1
336,4316,1.7599999999999942,0.08333333333333333,-1
337,4317,1.7668749999999942,0.08333333333333333,-1
338,4318,1.7737499999999942,0.08333333333333333,-1
339,4319,1.7806249999999941,0.08333333333333333,-1
340,4320,1.787499999999994,0.08333333333333333,-1
341,4321,1.794374999999994,0.08333333333333333,-1
342,4322,1.801249999999994,0.08333333333333333,-1
343,4323,1.808124999999994,0.08333333333333333,-1
344,4324,1.814999999999994,0.08333333333333333,-1
345,4325,1.821874999999994,0.08333333333333333,-1
346,4326,1.8287499999999939,0.08333333333333333,-1
347,4327,1.8356249999999938,0.08333333333333333,-1
348,4328,1.8424999999999938,0.08333333333333333,-1
349,4329,1.8493749999999938,0.08333333333333333,-1
350,4330,1.8562499999999937,0.08333333333333333,-1
351,4331,1.8631249999999937,0.08333333333333333,-1
352,4332,1.8699999999999937,0.08333333333333333,-1
353,4333,1.8768749999999936,0.08333333333333333,-1
354,4334,1.8837499999999936,0.08333333333333333,-1
355,4335,1.8906249999999936,0.08333333333333333,-1
356,4336,1.8974999999999935,0.08333333333333333,-1
357,4337,1.9043749999999935,0.08333333333333333,-1
358,4338,1.9112499999999935,0.08333333333333333,-1
359,4339,1.9181249999999934,0.08333333333333333,-1
360,4340,1.9249999999999934,0.08333333333333333,-1
361,4341,1.9318749999999933,0.08333333333333333,-1
362,4342,1.9387499999999933,0.08333333333333333,-1
363,4343,1.9456249999999933,0.08333333333333333,-1
364,4344,1.9524999999999932,0.08333333333333333,-1
365,4345,1.9593749999999932,0.08333333333333333,-1
366,4346,1.9662499999999932,0.08333333333333333,-1
367,4347,1.9731249999999931,0.08333333333333333,-1
368,4348,1.979999999999993,0.08333333333333333,-1
369,4349,1.986874999999993,0.08333333333333333,-1
370,4350,1.993749999999993,0.08333333333333333,-1
371,4351,2.000624999999993,0.08333333333333333,-1
372,4352,2.007499999999993,0.08333333333333333,-1
373,4353,2.014374999999993,0.08333333333333333,-1
374,4354,2.021249999999993,0.08333333333333333,-1
375,4355,2.028124999999993,0.08333333333333333,-1
376,4356,2.034999999999993,0.08333333333333333,-1
377,4357,2.041874999999993,0.08333333333333333,-1
378,4358,2.048749999999993,0.08333333333333333,-1
379,4359,2.055624999999993,0.08333333333333333,-1
380,4360,2.062499999999993,0.08333333333333333,-1
381,4361,2.069374999999993,0.08333333333333333,-1
382,4362,2.076249999999993,0.08333333333333333,-1
383,4363,2.083124999999993,0.08333333333333333,-1
384,4364,2.0899999999999928,0.08333333333333333,-1
385,4365,2.0968749999999927,0.08333333333333333,-1
386,4366,2.1037499999999927,0.08333333333333333,-1
387,4367,2.1106249999999926,0.08333333333333333,-1
388,4368,2.1174999999999926,0.08333333333333333,-1
389,4369,2.1243749999999926,0.08333333333333333,-1
390,4370,2.1312499999999925,0.08333333333333333,-1
391,4371,2.1381249999999925,0.08333333333333333,-1
392,4372,2.1449999999999925,0.08333333333333333,-1
393,4373,2.1518749999999924,0.08333333333333333,-1
394,4374,2.1587499999999924,0.08333333333333333,-1
395,4375,2.1656249999999924,0.08333333333333333,-1
396,4376,2.1724999999999923,0.08333333333333333,-1
397,4377,2.1793749999999923,0.08333333333333333,-1
398,4378,2.1862499999999923,0.08333333333333333,-1
399,4379,2.193124999999992,0.08333333333333333,-1
400,4380,2.199999999999992,0.08333333333333333,-1
401,4381,2.206874999999992,0.08333333333333333,-1
402,4382,2.213749999999992,0.08333333333333333,-1
403,4383,2.220624999999992,0.08333333333333333,-1
404,4384,2.227499999999992,0.08333333333333333,-1
405,4385,2.234374999999992,0.08333333333333333,-1
406,4386,2.241249999999992,0.08333333333333333,-1
407,4387,2.248124999999992,0.08333333333333333,-1
408,4388,2.254999999999992,0.08333333333333333,-1
409,4389,2.261874999999992,0.08333333333333333,-1
410,4390,2.268749999999992,0.08333333333333333,-1
411,4391,2.275624999999992,0.08333333333333333,-1
412,4392,2.275624999999992,0.11666666666666667,5
413,4393,2.275624999999992,0.11666666666666667,5
414,4394,2.275624999999992,0.11666666666666667,5
415,4395,2.275624999999992,0.11666666666666667,5
416,4396,2.275624999999992,0.11666666666666667,5
417,4397,2.275624999999992,0.11666666666666667,5
418,4398,2.275624999999992,0.11666666666666667,5
419,4399,2.275624999999992,0.11666666666666667,5
420,4400,2.275624999999992,0.11666666666666667,5
421,4401,2.275624999999992,0.11666666666666667,5
422,4402,2.275624999999992,0.11666666666666667,5
423,4403,2.275624999999992,0.11666666666666667,5
424,4404,2.275624999999992,0.11666666666666667,5
425,4405,2.275624999999992,0.11666666666666667,5
426,4406,2.275624999999992,0.11666666666666667,5
427,4407,2.275624999999992,0.11666666666666667,5
428,4408,2.275624999999992,0.11666666666666667,5
429,4409,2.275624999999992,0.11666666666666667,5
430,4410,2.275624999999992,0.11666666666666667,5
431,4411,2.275624999999992,0.11666666666666667,5
432,4412,2.275624999999992,0.11666666666666667,5
433,4413,2.275624999999992,0.11666666666666667,5
434,4414,2.275624999999992,0.11666666666666667,5
435,4415,2.275624999999992,0.11666666666666667,5
436,4416,2.275624999999992,0.11666666666666667,5
437,4417,2.275624999999992,0.11666666666666667,5
438,4418,2.275624999999992,0.11666666666666667,5
439,4419,2.275624999999992,0.11666666666666667,5
440,4420,2.275624999999992,0.11666666666666667,5
441,4421,2.275624999999992,0.11666666666666667,5
442,4422,2.275624999999992,0.11666666666666667,5
443,4423,2.275624999999992,0.11666666666666667,5
444,4424,2.275624999999992,0.11666666666666667,5
445,4425,2.275624999999992,0.11666666666666667,5
446,4426,2.275624999999992,0.11666666666666667,5
447,4427,2.275624999999992,0.11666666666666667,5
448,4428,2.275624999999992,0.11666666666666667,5
449,4429,2.275624999999992,0.11666666666666667,5
450,4430,2.275624999999992,0.11666666666666667,5
451,4431,2.2824999999999918,0.11666666666666667,-1
452,4432,2.2893749999999917,0.11666666666666667,-1
453,4433,2.2962499999999917,0.11666666666666667,-1
454,4434,2.3031249999999917,0.11666666666666667,-1
455,4435,2.3099999999999916,0.11666666666666667,-1
456,4436,2.3168749999999916,0.11666666666666667,-1
457,4437,2.3237499999999915,0.11666666666666667,-1
458,4438,2.3306249999999915,0.11666666666666667,-1
459,4439,2.3374999999999915,0.11666666666666667,-1
460,4440,2.3443749999999914,0.11666666666666667,-1
461,4441,2.3512499999999914,0.11666666666666667,-1
462,4442,2.3581249999999914,0.11666666666666667,-1
463,4443,2.3649999999999913,0.11666666666666667,-1
464,4444,2.3718749999999913,0.11666666666666667,-1
465,4445,2.3787499999999913,0.11666666666666667,-1
466,4446,2.3856249999999912,0.11666666666666667,-1
467,4447,2.392499999999991,0.11666666666666667,-1
468,4448,2.399374999999991,0.11666666666666667,-1
469,4449,2.406249999999991,0.11666666666666667,-1
470,4450,2.413124999999991,0.11666666666666667,-1
471,4451,2.419999999999991,0.11666666666666667,-1
472,4452,2.426874999999991,0.11666666666666667,-1
473,4453,2.433749999999991,0.11666666666666667,-1
474,4454,2.440624999999991,0.11666666666666667,-1
475,4455,2.447499999999991,0.11666666666666667,-1
476,4456,2.454374999999991,0.11666666666666667,-1
477,4457,2.461249999999991,0.11666666666666667,-1
478,4458,2.468124999999991,0.11666666666666667,-1
479,4459,2.4749999999999908,0.11666666666666667,-1
480,4460,2.4818749999999907,0.11666666666666667,-1
481,4461,2.4887499999999907,0.11666666666666667,-1
482,4462,2.4956249999999907,0.11666666666666667,-1
483,4463,2.5024999999999906,0.11666666666666667,-1
484,4464,2.5093749999999906,0.11666666666666667,-1
485,4465,2.5162499999999905,0.11666666666666667,-1
486,4466,2.5231249999999905,0.11666666666666667,-1
487,4467,2.5299999999999905,0.11666666666666667,-1
488,4468,2.5368749999999904,0.11666666666666667,-1
489,4469,2.5437499999999904,0.11666666666666667,-1
490,4470,2.5506249999999904,0.11666666666666667,-1
491,4471,2.5574999999999903,0.11666666666666667,-1
492,4472,2.5643749999999903,0.11666666666666667,-1
493,4473,2.5712499999999903,0.11666666666666667,-1
494,4474,2.5781249999999902,0.11666666666666667,-1
495,4475,2.58499999999999,0.11666666666666667,-1
496,4476,2.59187499999999,0.11666666666666667,-1
497,4477,2.59874999999999,0.11666666666666667,-1
498,4478,2.60562499999999,0.11666666666666667,-1
499,4479,2.61249999999999,0.11666666666666667,-1
500,4480,2.61937499999999,0.11666666666666667,-1
501,4481,2.62624999999999,0.11666666666666667,-1
502,4482,2.63312499999999,0.11666666666666667,-1
503,4483,2.63999999999999,0.11666666666666667,-1
504,4484,2.64687499999999,0.11666666666666667,-1
505,4485,2.65374999999999,0.11666666666666667,-1
506,4486,2.66062499999999,0.11666666666666667,-1
507,4487,2.6674999999999898,0.11666666666666667,-1
508,4488,2.6743749999999897,0.11666666666666667,-1
509,4489,2.6812499999999897,0.11666666666666667,-1
510,4490,2.6881249999999897,0.11666666666666667,-1
511,4491,2.6949999999999896,0.11666666666666667,-1
512,4492,2.7018749999999896,0.11666666666666667,-1
513,4493,2.7087499999999896,0.11666666666666667,-1
514,4494,2.7156249999999895,0.11666666666666667,-1
515,4495,2.7224999999999895,0.11666666666666667,-1
516,4496,2.7293749999999894,0.11666666666666667,-1
517,4497,2.7362499999999894,0.11666666666666667,-1
518,4498,2.7431249999999894,0.11666666666666667,-1
519,4499,2.7499999999999893,0.11666666666666667,-1
520,4500,2.7568749999999893,0.11666666666666667,-1
521,4501,2.7637499999999893,0.11666666666666667,-1
522,4502,2.7706249999999892,0.11666666666666667,-1
523,4503,2.777499999999989,0.11666666666666667,-1
524,4504,2.784374999999989,0.11666666666666667,-1
525,4505,2.791249999999989,0.11666666666666667,-1
526,4506,2.798124999999989,0.11666666666666667,-1
527,4507,2.804999999999989,0.11666666666666667,-1
528,4508,2.811874999999989,0.11666666666666667,-1
529,4509,2.818749999999989,0.11666666666666667,-1
530,4510,2.825624999999989,0.11666666666666667,-1
531,4511,2.832499999999989,0.11666666666666667,-1
532,4512,2.839374999999989,0.11666666666666667,-1
533,4513,2.846249999999989,0.11666666666666667,-1
534,4514,2.853124999999989,0.11666666666666667,-1
535,4515,2.8599999999999888,0.11666666666666667,-1
536,4516,2.8668749999999887,0.11666666666666667,-1
537,4517,2.8737499999999887,0.11666666666666667,-1
538,4518,2.8806249999999887,0.11666666666666667,-1
539,4519,2.8874999999999886,0.11666666666666667,-1
540,4520,2.8943749999999886,0.11666666666666667,-1
541,4521,2.9012499999999886,0.11666666666666667,-1
542,4522,2.9081249999999885,0.11666666666666667,-1
543,4523,2.9149999999999885,0.11666666666666667,-1
544,4524,2.9218749999999885,0.11666666666666667,-1
545,4525,2.9287499999999884,0.11666666666666667,-1
546,4526,2.9356249999999884,0.11666666666666667,-1
547,4527,2.9424999999999883,0.11666666666666667,-1
548,4528,2.9493749999999883,0.11666666666666667,-1
549,4529,2.9562499999999883,0.11666666666666667,-1
550,4530,2.9631249999999882,0.11666666666666667,-1
551,4531,2.969999999999988,0.11666666666666667,-1
552,4532,2.976874999999988,0.11666666666666667,-1
553,4533,2.983749999999988,0.11666666666666667,-1
554,4534,2.990624999999988,0.11666666666666667,-1
555,4535,2.997499999999988,0.11666666666666667,-1
556,4536,3.004374999999988,0.11666666666666667,-1
557,4537,3.011249999999988,0.11666666666666667,-1
558,4538,3.018124999999988,0.11666666666666667,-1
559,4539,3.024999999999988,0.11666666666666667,-1
560,4540,3.031874999999988,0.11666666666666667,-1
561,4541,3.038749999999988,0.11666666666666667,-1
562,4542,3.045624999999988,0.11666666666666667,-1
563,4543,3.052499999999988,0.11666666666666667,-1
564,4544,3.0593749999999877,0.11666666666666667,-1
565,4545,3.0662499999999877,0.11666666666666667,-1
566,4546,3.0731249999999877,0.11666666666666667,-1
567,4547,3.0799999999999876,0.11666666666666667,-1
568,4548,3.0868749999999876,0.11666666666666667,-1
569,4549,3.0937499999999876,0.11666666666666667,-1
570,4550,3.1006249999999875,0.11666666666666667,-1
571,4551,3.1074999999999875,0.11666666666666667,-1
572,4552,3.1143749999999875,0.11666666666666667,-1
573,4553,3.1212499999999874,0.11666666666666667,-1
574,4554,3.1281249999999874,0.11666666666666667,-1
575,4555,3.1349999999999874,0.11666666666666667,-1
576,4556,3.1349999999999874,0.125,6
577,4557,3.1349999999999874,0.125,6
578,4558,3.1349999999999874,0.125,6
579,4559,3.1349999999999874,0.125,6
580,4560,3.1349999999999874,0.125,6
581,4561,3.1349999999999874,0.125,6
582,4562,3.1349999999999874,0.125,6
583,4563,3.1349999999999874,0.125,6
584,4564,3.1349999999999874,0.125,6
585,4565,3.1349999999999874,0.125,6
586,4566,3.1349999999999874,0.125,6
587,4567,3.1349999999999874,0.125,6
588,4568,3.1349999999999874,0.125,6
589,4569,3.1349999999999874,0.125,6
590,4570,3.1349999999999874,0.125,6
591,4571,3.1349999999999874,0.125,6
592,4572,3.1349999999999874,0.125,6
593,4573,3.1349999999999874,0.125,6
594,4574,3.1349999999999874,0.125,6
595,4575,3.1349999999999874,0.125,6
596,4576,3.1349999999999874,0.125,6
597,4577,3.1349999999999874,0.125,6
598,4578,3.1349999999999874,0.125,6
599,4579,3.1349999999999874,0.125,6
600,4580,3.1349999999999874,0.125,6
601,4581,3.1349999999999874,0.125,6
602,4582,3.1349999999999874,0.125,6
603,4583,3.1349999999999874,0.125,6
604,4584,3.1349999999999874,0.125,6
605,4585,3.1349999999999874,0.125,6
606,4586,3.1349999999999874,0.125,6
607,4587,3.1349999999999874,0.125,6
608,4588,3.1349999999999874,0.125,6
609,4589,3.1349999999999874,0.125,6
610,4590,3.1349999999999874,0.125,6
611,4591,3.1349999999999874,0.125,6
612,4592,3.1349999999999874,0.125,6
613,4593,3.1349999999999874,0.125,6
614,4594,3.1349999999999874,0.125,6
615,4595,3.1349999999999874,0.125,6
616,4596,3.1349999999999874,0.125,6
617,4597,3.1349999999999874,0.125,6
618,4598,3.1349999999999874,0.125,6
619,4599,3.1349999999999874,0.125,6
620,4600,3.1349999999999874,0.125,6
621,4601,3.1349999999999874,0.125,6
622,4602,3.1349999999999874,0.125,6
623,4603,3.1349999999999874,0.125,6
624,4604,3.1349999999999874,0.125,6
625,4605,3.1349999999999874,0.125,6
626,4606,3.1349999999999874,0.125,6
627,4607,3.1349999999999874,0.125,6
628,4608,3.1418749999999873,0.125,-1
629,4609,3.1487499999999873,0.125,-1
630,4610,3.1556249999999872,0.125,-1
631,4611,3.162499999999987,0.125,-1
632,4612,3.169374999999987,0.125,-1
633,4613,3.176249999999987,0.125,-1
634,4614,3.183124999999987,0.125,-1
635,4615,3.189999999999987,0.125,-1
636,4616,3.196874999999987,0.125,-1
637,4617,3.203749999999987,0.125,-1
638,4618,3.210624999999987,0.125,-1
639,4619,3.217499999999987,0.125,-1
640,4620,3.224374999999987,0.125,-1
641,4621,3.231249999999987,0.125,-1
642,4622,3.238124999999987,0.125,-1
643,4623,3.244999999999987,0.125,-1
644,4624,3.2518749999999867,0.125,-1
645,4625,3.2587499999999867,0.125,-1
646,4626,3.2656249999999867,0.125,-1
647,4627,3.2724999999999866,0.125,-1
648,4628,3.2793749999999866,0.125,-1
649,4629,3.2862499999999866,0.125,-1
650,4630,3.2931249999999865,0.125,-1
651,4631,3.2999999999999865,0.125,-1
652,4632,3.3068749999999865,0.125,-1
653,4633,3.3137499999999864,0.125,-1
654,4634,3.3206249999999864,0.125,-1
655,4635,3.3274999999999864,0.125,-1
656,4636,3.3343749999999863,0.125,-1
657,4637,3.3412499999999863,0.125,-1
658,4638,3.3481249999999863,0.125,-1
659,4639,3.354999999999986,0.125,-1
660,4640,3.361874999999986,0.125,-1
661,4641,3.368749999999986,0.125,-1
662,4642,3.375624999999986,0.125,-1
663,4643,3.382499999999986,0.125,-1
664,4644,3.389374999999986,0.125,-1
665,4645,3.396249999999986,0.125,-1
666,4646,3.403124999999986,0.125,-1
667,4647,3.409999999999986,0.125,-1
668,4648,3.416874999999986,0.125,-1
669,4649,3.423749999999986,0.125,-1
670,4650,3.430624999999986,0.125,-1
671,4651,3.437499999999986,0.125,-1
672,4652,3.4443749999999858,0.125,-1
673,4653,3.4512499999999857,0.125,-1
674,4654,3.4581249999999857,0.125,-1
675,4655,3.4649999999999856,0.125,-1
676,4656,3.4718749999999856,0.125,-1
677,4657,3.4787499999999856,0.125,-1
678,4658,3.4856249999999855,0.125,-1
679,4659,3.4924999999999855,0.125,-1
680,4660,3.4993749999999855,0.125,-1
681,4661,3.5062499999999854,0.125,-1
682,4662,3.5131249999999854,0.125,-1
683,4663,3.5199999999999854,0.125,-1
684,4664,3.5268749999999853,0.125,-1
685,4665,3.5337499999999853,0.125,-1
686,4666,3.5406249999999853,0.125,-1
687,4667,3.547499999999985,0.125,-1
688,4668,3.554374999999985,0.125,-1
689,4669,3.561249999999985,0.125,-1
690,4670,3.568124999999985,0.125,-1
691,4671,3.574999999999985,0.125,-1
692,4672,3.581874999999985,0.125,-1
693,4673,3.588749999999985,0.125,-1
694,4674,3.595624999999985,0.125,-1
695,4675,3.602499999999985,0.125,-1
696,4676,3.609374999999985,0.125,-1
697,4677,3.616249999999985,0.125,-1
698,4678,3.623124999999985,0.125,-1
699,4679,3.629999999999985,0.125,-1
700,4680,3.6368749999999848,0.125,-1
701,4681,3.6437499999999847,0.125,-1
702,4682,3.6506249999999847,0.125,-1
703,4683,3.6574999999999847,0.125,-1
704,4684,3.6643749999999846,0.125,-1
705,4685,3.6712499999999846,0.125,-1
706,4686,3.6781249999999845,0.125,-1
707,4687,3.6849999999999845,0.125,-1
708,4688,3.6918749999999845,0.125,-1
709,4689,3.6987499999999844,0.125,-1
710,4690,3.7056249999999844,0.125,-1
711,4691,3.7124999999999844,0.125,-1
712,4692,3.7193749999999843,0.125,-1
713,4693,3.7262499999999843,0.125,-1
714,4694,3.7331249999999843,0.125,-1
715,4695,3.7399999999999842,0.125,-1
716,4696,3.746874999999984,0.125,-1
717,4697,3.753749999999984,0.125,-1
718,4698,3.760624999999984,0.125,-1
719,4699,3.767499999999984,0.125,-1
720,4700,3.774374999999984,0.125,-1
721,4701,3.781249999999984,0.125,-1
722,4702,3.788124999999984,0.125,-1
723,4703,3.794999999999984,0.125,-1
724,4704,3.801874999999984,0.125,-1
725,4705,3.808749999999984,0.125,-1
726,4706,3.815624999999984,0.125,-1
727,4707,3.822499999999984,0.125,-1
728,4708,3.8293749999999838,0.125,-1
729,4709,3.8362499999999837,0.125,-1
730,4710,3.8431249999999837,0.125,-1
731,4711,3.8499999999999837,0.125,-1
732,4712,3.8568749999999836,0.125,-1
733,4713,3.8637499999999836,0.125,-1
734,4714,3.8706249999999836,0.125,-1
735,4715,3.8774999999999835,0.125,-1
736,4716,3.8843749999999835,0.125,-1
737,4717,3.8912499999999834,0.125,-1
738,4718,3.8981249999999834,0.125,-1
739,4719,3.9049999999999834,0.125,-1
740,4720,3.9118749999999833,0.125,-1
741,4721,3.9187499999999833,0.125,-1
742,4722,3.9256249999999833,0.125,-1
743,4723,3.9324999999999832,0.125,-1
744,4724,3.939374999999983,0.125,-1
745,4725,3.946249999999983,0.125,-1
746,4726,3.953124999999983,0.125,-1
747,4727,3.959999999999983,0.125,-1
748,4728,3.966874999999983,0.125,-1
749,4729,3.973749999999983,0.125,-1
750,4730,3.980624999999983,0.125,-1
751,4731,3.987499999999983,0.125,-1
752,4732,3.994374999999983,0.125,-1
753,4733,4.001249999999983,0.125,-1
754,4734,4.008124999999983,0.125,-1
755,4735,4.014999999999983,0.125,-1
756,4736,4.021874999999983,0.125,-1
757,4737,4.028749999999983,0.125,-1
758,4738,4.035624999999983,0.125,-1
759,4739,4.035624999999983,0.11666666666666667,7
760,4740,4.035624999999983,0.11666666666666667,7
761,4741,4.035624999999983,0.11666666666666667,7
762,4742,4.035624999999983,0.11666666666666667,7
763,4743,4.042499999999983,0.11666666666666667,-1
764,4744,4.049374999999983,0.11666666666666667,-1
765,4745,4.056249999999983,0.11666666666666667,-1
766,4746,4.063124999999983,0.11666666666666667,-1
767,4747,4.0699999999999825,0.11666666666666667,-1
768,4748,4.0768749999999825,0.11666666666666667,-1
769,4749,4.0837499999999824,0.11666666666666667,-1
770,4750,4.090624999999982,0.11666666666666667,-1
771,4751,4.097499999999982,0.11666666666666667,-1
772,4752,4.104374999999982,0.11666666666666667,-1
773,4753,4.111249999999982,0.11666666666666667,-1
774,4754,4.118124999999982,0.11666666666666667,-1
775,4755,4.124999999999982,0.11666666666666667,-1
776,4756,4.131874999999982,0.11666666666666667,-1
777,4757,4.138749999999982,0.11666666666666667,-1
778,4758,4.145624999999982,0.11666666666666667,-1
779,4759,4.152499999999982,0.11666666666666667,-1
780,4760,4.159374999999982,0.11666666666666667,-1
781,4761,4.166249999999982,0.11666666666666667,-1
782,4762,4.173124999999982,0.11666666666666667,-1
783,4763,4.179999999999982,0.11666666666666667,-1
784,4764,4.186874999999982,0.11666666666666667,-1
785,4765,4.193749999999982,0.11666666666666667,-1
786,4766,4.200624999999982,0.11666666666666667,-1
787,4767,4.207499999999982,0.11666666666666667,-1
788,4768,4.214374999999982,0.11666666666666667,-1
789,4769,4.221249999999982,0.11666666666666667,-1
790,4770,4.228124999999982,0.11666666666666667,-1
791,4771,4.234999999999982,0.11666666666666667,-1
792,4772,4.241874999999982,0.11666666666666667,-1
793,4773,4.248749999999982,0.11666666666666667,-1
794,4774,4.255624999999982,0.11666666666666667,-1
795,4775,4.2624999999999815,0.11666666666666667,-1
796,4776,4.2693749999999815,0.11666666666666667,-1
797,4777,4.2762499999999815,0.11666666666666667,-1
798,4778,4.283124999999981,0.11666666666666667,-1
799,4779,4.289999999999981,0.11666666666666667,-1
800,4780,4.296874999999981,0.11666666666666667,-1
801,4781,4.303749999999981,0.11666666666666667,-1
802,4782,4.310624999999981,0.11666666666666667,-1
803,4783,4.317499999999981,0.11666666666666667,-1
804,4784,4.324374999999981,0.11666666666666667,-1
805,4785,4.331249999999981,0.11666666666666667,-1
806,4786,4.331249999999981,0.125,8
807,4787,4.331249999999981,0.125,8
808,4788,4.331249999999981,0.125,8
809,4789,4.331249999999981,0.125,8
810,4790,4.331249999999981,0.125,8
811,4791,4.331249999999981,0.125,8
812,4792,4.331249999999981,0.125,8
813,4793,4.331249999999981,0.125,8
814,4794,4.331249999999981,0.125,8
815,4795,4.331249999999981,0.125,8
816,4796,4.331249999999981,0.125,8
817,4797,4.331249999999981,0.125,8
818,4798,4.331249999999981,0.125,8
819,4799,4.331249999999981,0.125,8
820,4800,4.331249999999981,0.125,8
821,4801,4.331249999999981,0.125,8
822,4802,4.331249999999981,0.125,8
823,4803,4.331249999999981,0.125,8
824,4804,4.331249999999981,0.125,8
825,4805,4.331249999999981,0.125,8
826,4806,4.331249999999981,0.125,8
827,4807,4.331249999999981,0.125,8
828,4808,4.331249999999981,0.125,8
829,4809,4.331249999999981,0.125,8
830,4810,4.331249999999981,0.125,8
831,4811,4.331249999999981,0.125,8
832,4812,4.331249999999981,0.125,8
833,4813,4.331249999999981,0.125,8
834,4814,4.331249999999981,0.125,8
835,4815,4.331249999999981,0.125,8
836,4816,4.331249999999981,0.125,8
837,4817,4.331249999999981,0.125,8
838,4818,4.331249999999981,0.125,8
839,4819,4.331249999999981,0.125,8
840,4820,4.331249999999981,0.125,8
841,4821,4.331249999999981,0.125,8
842,4822,4.331249999999981,0.125,8
843,4823,4.331249999999981,0.125,8
844,4824,4.338124999999981,0.125,-1
845,4825,4.344999999999981,0.125,-1
846,4826,4.351874999999981,0.125,-1
847,4827,4.358749999999981,0.125,-1
848,4828,4.365624999999981,0.125,-1
849,4829,4.372499999999981,0.125,-1
850,4830,4.379374999999981,0.125,-1
851,4831,4.386249999999981,0.125,-1
852,4832,4.393124999999981,0.125,-1
853,4833,4.399999999999981,0.125,-1
854,4834,4.406874999999981,0.125,-1
855,4835,4.413749999999981,0.125,-1
856,4836,4.420624999999981,0.125,-1
857,4837,4.427499999999981,0.125,-1
858,4838,4.434374999999981,0.125,-1
859,4839,4.441249999999981,0.125,-1
860,4840,4.448124999999981,0.125,-1
861,4841,4.4549999999999805,0.125,-1
862,4842,4.4618749999999805,0.125,-1
863,4843,4.4687499999999805,0.125,-1
864,4844,4.47562499999998,0.125,-1
865,4845,4.48249999999998,0.125,-1
866,4846,4.48937499999998,0.125,-1
867,4847,4.49624999999998,0.125,-1
868,4848,4.50312499999998,0.125,-1
869,4849,4.50999999999998,0.125,-1
870,4850,4.51687499999998,0.125,-1
871,4851,4.52374999999998,0.125,-1
872,4852,4.53062499999998,0.125,-1
873,4853,4.53749999999998,0.125,-1
874,4854,4.54437499999998,0.125,-1
875,4855,4.55124999999998,0.125,-1
876,4856,4.55812499999998,0.125,-1
877,4857,4.56499999999998,0.125,-1
878,4858,4.57187499999998,0.125,-1
879,4859,4.57874999999998,0.125,-1
880,4860,4.58562499999998,0.125,-1
881,4861,4.59249999999998,0.125,-1
882,4862,4.59937499999998,0.125,-1
883,4863,4.60624999999998,0.125,-1
884,4864,4.61312499999998,0.125,-1
885,4865,4.61999999999998,0.125,-1
886,4866,4.62687499999998,0.125,-1
887,4867,4.63374999999998,0.125,-1
888,4868,4.64062499999998,0.125,-1
889,4869,4.6474999999999795,0.125,-1
890,4870,4.6543749999999795,0.125,-1
891,4871,4.6612499999999795,0.125,-1
892,4872,4.668124999999979,0.125,-1
893,4873,4.674999999999979,0.125,-1
894,4874,4.681874999999979,0.125,-1
895,4875,4.688749999999979,0.125,-1
896,4876,4.695624999999979,0.125,-1
897,4877,4.702499999999979,0.125,-1
898,4878,4.709374999999979,0.125,-1
899,4879,4.716249999999979,0.125,-1
900,4880,4.723124999999979,0.125,-1
901,4881,4.729999999999979,0.125,-1
902,4882,4.736874999999979,0.125,-1
903,4883,4.743749999999979,0.125,-1
904,4884,4.750624999999979,0.125,-1
905,4885,4.757499999999979,0.125,-1
906,4886,4.764374999999979,0.125,-1
907,4887,4.771249999999979,0.125,-1
908,4888,4.778124999999979,0.125,-1
909,4889,4.784999999999979,0.125,-1
910,4890,4.791874999999979,0.125,-1
911,4891,4.798749999999979,0.125,-1
912,4892,4.805624999999979,0.125,-1
913,4893,4.812499999999979,0.125,-1
914,4894,4.819374999999979,0.125,-1
915,4895,4.826249999999979,0.125,-1
916,4896,4.833124999999979,0.125,-1
917,4897,4.8399999999999785,0.125,-1
918,4898,4.8468749999999785,0.125,-1
919,4899,4.8537499999999785,0.125,-1
920,4900,4.860624999999978,0.125,-1
921,4901,4.867499999999978,0.125,-1
922,4902,4.874374999999978,0.125,-1
923,4903,4.881249999999978,0.125,-1
924,4904,4.888124999999978,0.125,-1
925,4905,4.894999999999978,0.125,-1
926,4906,4.901874999999978,0.125,-1
927,4907,4.908749999999978,0.125,-1
928,4908,4.915624999999978,0.125,-1
929,4909,4.922499999999978,0.125,-1
930,4910,4.929374999999978,0.125,-1
931,4911,4.929374999999978,0.13333333333333333,9
932,4912,4.929374999999978,0.13333333333333333,9
933,4913,4.929374999999978,0.13333333333333333,9
934,4914,4.936249999999978,0.13333333333333333,-1
935,4915,4.943124999999978,0.13333333333333333,-1
936,4916,4.949999999999978,0.13333333333333333,-1
937,4917,4.956874999999978,0.13333333333333333,-1
938,4918,4.963749999999978,0.13333333333333333,-1
939,4919,4.970624999999978,0.13333333333333333,-1
940,4920,4.977499999999978,0.13333333333333333,-1
941,4921,4.984374999999978,0.13333333333333333,-1
942,4922,4.991249999999978,0.13333333333333333,-1
943,4923,4.998124999999978,0.13333333333333333,-1
944,4924,5.004999999999978,0.13333333333333333,-1
945,4925,5.011874999999978,0.13333333333333333,-1
946,4926,5.018749999999978,0.13333333333333333,-1
947,4927,5.025624999999978,0.13333333333333333,-1
948,4928,5.0324999999999775,0.13333333333333333,-1
949,4929,5.0393749999999775,0.13333333333333333,-1
950,4930,5.0462499999999775,0.13333333333333333,-1
951,4931,5.053124999999977,0.13333333333333333,-1
952,4932,5.059999999999977,0.13333333333333333,-1
953,4933,5.066874999999977,0.13333333333333333,-1
954,4934,5.073749999999977,0.13333333333333333,-1
955,4935,5.080624999999977,0.13333333333333333,-1
956,4936,5.087499999999977,0.13333333333333333,-1
957,4937,5.094374999999977,0.13333333333333333,-1
958,4938,5.101249999999977,0.13333333333333333,-1
959,4939,5.108124999999977,0.13333333333333333,-1
960,4940,5.114999999999977,0.13333333333333333,-1
961,4941,5.121874999999977,0.13333333333333333,-1
962,4942,5.128749999999977,0.13333333333333333,-1
963,4943,5.135624999999977,0.13333333333333333,-1
964,4944,5.142499999999977,0.13333333333333333,-1
965,4945,5.149374999999977,0.13333333333333333,-1
966,4946,5.156249999999977,0.13333333333333333,-1
967,4947,5.163124999999977,0.13333333333333333,-1
968,4948,5.169999999999977,0.13333333333333333,-1
969,4949,5.176874999999977,0.13333333333333333,-1
970,4950,5.183749999999977,0.13333333333333333,-1
971,4951,5.190624999999977,0.13333333333333333,-1
972,4952,5.197499999999977,0.13333333333333333,-1
973,4953,5.204374999999977,0.13333333333333333,-1
974,4954,5.211249999999977,0.13333333333333333,-1
975,4955,5.218124999999977,0.13333333333333333,-1
976,4956,5.2249999999999766,0.13333333333333333,-1
977,4957,5.2318749999999765,0.13333333333333333,-1
978,4958,5.2387499999999765,0.13333333333333333,-1
979,4959,5.2456249999999764,0.13333333333333333,-1
980,4960,5.252499999999976,0.13333333333333333,-1
981,4961,5.259374999999976,0.13333333333333333,-1
982,4962,5.266249999999976,0.13333333333333333,-1
983,4963,5.273124999999976,0.13333333333333333,-1
984,4964,5.279999999999976,0.13333333333333333,-1
985,4965,5.286874999999976,0.13333333333333333,-1
986,4966,5.293749999999976,0.13333333333333333,-1
987,4967,5.300624999999976,0.13333333333333333,-1
988,4968,5.307499999999976,0.13333333333333333,-1
989,4969,5.314374999999976,0.13333333333333333,-1
990,4970,5.321249999999976,0.13333333333333333,-1
991,4971,5.328124999999976,0.13333333333333333,-1
992,4972,5.334999999999976,0.13333333333333333,-1
993,4973,5.341874999999976,0.13333333333333333,-1
994,4974,5.348749999999976,0.13333333333333333,-1
995,4975,5.355624999999976,0.13333333333333333,-1
996,4976,5.355624999999976,0.14166666666666666,10
997,4977,5.355624999999976,0.14166666666666666,10
998,4978,5.355624999999976,0.14166666666666666,10
999,4979,5.362499999999976,0.14166666666666666,-1
1000,4980,5.369374999999976,0.14166666666666666,-1
1001,4981,5.376249999999976,0.14166666666666666,-1
1002,4982,5.383124999999976,0.14166666666666666,-1
1003,4983,5.389999999999976,0.14166666666666666,-1
1004,4984,5.396874999999976,0.14166666666666666,-1
1005,4985,5.403749999999976,0.14166666666666666,-1
1006,4986,5.410624999999976,0.14166666666666666,-1
1007,4987,5.417499999999976,0.14166666666666666,-1
1008,4988,5.4243749999999755,0.14166666666666666,-1
1009,4989,5.4312499999999755,0.14166666666666666,-1
1010,4990,5.4381249999999755,0.14166666666666666,-1
1011,4991,5.444999999999975,0.14166666666666666,-1
1012,4992,5.451874999999975,0.14166666666666666,-1
1013,4993,5.458749999999975,0.14166666666666666,-1
1014,4994,5.465624999999975,0.14166666666666666,-1
1015,4995,5.472499999999975,0.14166666666666666,-1
1016,4996,5.479374999999975,0.14166666666666666,-1
1017,4997,5.486249999999975,0.14166666666666666,-1
1018,4998,5.493124999999975,0.14166666666666666,-1
1019,4999,5.499999999999975,0.14166666666666666,-1
1020,5000,5.506874999999975,0.14166666666666666,-1
1021,5001,5.513749999999975,0.14166666666666666,-1
1022,5002,5.520624999999975,0.14166666666666666,-1
1023,5003,5.527499999999975,0.14166666666666666,-1
1024,5004,5.534374999999975,0.14166666666666666,-1
1025,5005,5.541249999999975,0.14166666666666666,-1
1026,5006,5.548124999999975,0.14166666666666666,-1
1027,5007,5.554999999999975,0.14166666666666666,-1
1028,5008,5.561874999999975,0.14166666666666666,-1
1029,5009,5.568749999999975,0.14166666666666666,-1
1030,5010,5.575624999999975,0.14166666666666666,-1
1031,5011,5.582499999999975,0.14166666666666666,-1
1032,5012,5.589374999999975,0.14166666666666666,-1
1033,5013,5.596249999999975,0.14166666666666666,-1
1034,5014,5.603124999999975,0.14166666666666666,-1
1035,5015,5.609999999999975,0.14166666666666666,-1
1036,5016,5.6168749999999745,0.14166666666666666,-1
1037,5017,5.6237499999999745,0.14166666666666666,-1
1038,5018,5.6306249999999745,0.14166666666666666,-1
1039,5019,5.637499999999974,0.14166666666666666,-1
1040,5020,5.644374999999974,0.14166666666666666,-1
1041,5021,5.651249999999974,0.14166666666666666,-1
1042,5022,5.658124999999974,0.14166666666666666,-1
1043,5023,5.664999999999974,0.14166666666666666,-1
1044,5024,5.671874999999974,0.14166666666666666,-1
1045,5025,5.678749999999974,0.14166666666666666,-1
1046,5026,5.685624999999974,0.14166666666666666,-1
1047,5027,5.692499999999974,0.14166666666666666,-1
1048,5028,5.699374999999974,0.14166666666666666,-1
1049,5029,5.706249999999974,0.14166666666666666,-1
1050,5030,5.713124999999974,0.14166666666666666,-1
1051,5031,5.719999999999974,0.14166666666666666,-1
1052,5032,5.726874999999974,0.14166666666666666,-1
1053,5033,5.733749999999974,0.14166666666666666,-1
1054,5034,5.740624999999974,0.14166666666666666,-1
1055,5035,5.747499999999974,0.14166666666666666,-1
1056,5036,5.754374999999974,0.14166666666666666,-1
1057,5037,5.761249999999974,0.14166666666666666,-1
1058,5038,5.768124999999974,0.14166666666666666,-1
1059,5039,5.774999999999974,0.14166666666666666,-1
1060,5040,5.781874999999974,0.14166666666666666,-1
1061,5041,5.788749999999974,0.14166666666666666,-1
1062,5042,5.795624999999974,0.14166666666666666,-1
1063,5043,5.802499999999974,0.14166666666666666,-1
1064,5044,5.8093749999999735,0.14166666666666666,-1
1065,5045,5.8162499999999735,0.14166666666666666,-1
1066,5046,5.8231249999999735,0.14166666666666666,-1
1067,5047,5.829999999999973,0.14166666666666666,-1
1068,5048,5.836874999999973,0.14166666666666666,-1
1069,5049,5.843749999999973,0.14166666666666666,-1
1070,5050,5.850624999999973,0.14166666666666666,-1
1071,5051,5.857499999999973,0.14166666666666666,-1
1072,5052,5.864374999999973,0.14166666666666666,-1
1073,5053,5.871249999999973,0.14166666666666666,-1
1074,5054,5.878124999999973,0.14166666666666666,-1
1075,5055,5.884999999999973,0.14166666666666666,-1
1076,5056,5.891874999999973,0.14166666666666666,-1
1077,5057,5.898749999999973,0.14166666666666666,-1
1078,5058,5.905624999999973,0.14166666666666666,-1
1079,5059,5.912499999999973,0.14166666666666666,-1
1080,5060,5.919374999999973,0.14166666666666666,-1
1081,5061,5.926249999999973,0.14166666666666666,-1
1082,5062,5.933124999999973,0.14166666666666666,-1
1083,5063,5.939999999999973,0.14166666666666666,-1
1084,5064,5.946874999999973,0.14166666666666666,-1
1085,5065,5.953749999999973,0.14166666666666666,-1
1086,5066,5.960624999999973,0.14166666666666666,-1
1087,5067,5.967499999999973,0.14166666666666666,-1
1088,5068,5.974374999999973,0.14166666666666666,-1
1089,5069,5.981249999999973,0.14166666666666666,-1
1090,5070,5.988124999999973,0.14166666666666666,-1
1091,5071,5.994999999999973,0.14166666666666666,-1
1092,5072,6.0018749999999725,0.14166666666666666,-1
1093,5073,6.0087499999999725,0.14166666666666666,-1
1094,5074,6.0156249999999725,0.14166666666666666,-1
1095,5075,6.022499999999972,0.14166666666666666,-1
1096,5076,6.029374999999972,0.14166666666666666,-1
1097,5077,6.036249999999972,0.14166666666666666,-1
1098,5078,6.043124999999972,0.14166666666666666,-1
1099,5079,6.049999999999972,0.14166666666666666,-1
1100,5080,6.056874999999972,0.14166666666666666,-1
1101,5081,6.063749999999972,0.14166666666666666,-1
1102,5082,6.070624999999972,0.14166666666666666,-1
1103,5083,6.077499999999972,0.14166666666666666,-1
1104,5084,6.084374999999972,0.14166666666666666,-1
1105,5085,6.091249999999972,0.14166666666666666,-1
1106,5086,6.098124999999972,0.14166666666666666,-1
1107,5087,6.104999999999972,0.14166666666666666,-1
1108,5088,6.111874999999972,0.14166666666666666,-1
1109,5089,6.118749999999972,0.14166666666666666,-1
1110,5090,6.125624999999972,0.14166666666666666,-1
1111,5091,6.132499999999972,0.14166666666666666,-1
1112,5092,6.139374999999972,0.14166666666666666,-1
1113,5093,6.146249999999972,0.14166666666666666,-1
1114,5094,6.153124999999972,0.14166666666666666,-1
1115,5095,6.159999999999972,0.14166666666666666,-1
1116,5096,6.166874999999972,0.14166666666666666,-1
1117,5097,6.173749999999972,0.14166666666666666,-1
1118,5098,6.180624999999972,0.14166666666666666,-1
1119,5099,6.187499999999972,0.14166666666666666,-1
1120,5100,6.1943749999999715,0.14166666666666666,-1
1121,5101,6.2012499999999715,0.14166666666666666,-1
1122,5102,6.2081249999999715,0.14166666666666666,-1
1123,5103,6.214999999999971,0.14166666666666666,-1
1124,5104,6.221874999999971,0.14166666666666666,-1
1125,5105,6.228749999999971,0.14166666666666666,-1
1126,5106,6.235624999999971,0.14166666666666666,-1
1127,5107,6.242499999999971,0.14166666666666666,-1
1128,5108,6.249374999999971,0.14166666666666666,-1
1129,5109,6.256249999999971,0.14166666666666666,-1
1130,5110,6.263124999999971,0.14166666666666666,-1
1131,5111,6.269999999999971,0.14166666666666666,-1
1132,5112,6.276874999999971,0.14166666666666666,-1
1133,5113,6.283749999999971,0.14166666666666666,-1
1134,5114,6.290624999999971,0.14166666666666666,-1
1135,5115,6.297499999999971,0.14166666666666666,-1
1136,5116,6.304374999999971,0.14166666666666666,-1
1137,5117,6.311249999999971,0.14166666666666666,-1
1138,5118,6.318124999999971,0.14166666666666666,-1
1139,5119,6.324999999999971,0.14166666666666666,-1
1140,5120,6.331874999999971,0.14166666666666666,-1
1141,5121,6.338749999999971,0.14166666666666666,-1
1142,5122,6.345624999999971,0.14166666666666666,-1
1143,5123,6.352499999999971,0.14166666666666666,-1
1144,5124,6.359374999999971,0.14166666666666666,-1
1145,5125,6.366249999999971,0.14166666666666666,-1
1146,5126,6.373124999999971,0.14166666666666666,-1
1147,5127,6.379999999999971,0.14166666666666666,-1
1148,5128,6.3868749999999705,0.14166666666666666,-1
1149,5129,6.3937499999999705,0.14166666666666666,-1
1150,5130,6.4006249999999705,0.14166666666666666,-1
1151,5131,6.40749999999997,0.14166666666666666,-1
1152,5132,6.41437499999997,0.14166666666666666,-1
1153,5133,6.42124999999997,0.14166666666666666,-1
1154,5134,6.42812499999997,0.14166666666666666,-1
1155,5135,6.43499999999997,0.14166666666666666,-1
1156,5136,6.44187499999997,0.14166666666666666,-1
1157,5137,6.44874999999997,0.14166666666666666,-1
1158,5138,6.45562499999997,0.14166666666666666,-1
1159,5139,6.46249999999997,0.14166666666666666,-1
1160,5140,6.46937499999997,0.14166666666666666,-1
1161,5141,6.47624999999997,0.14166666666666666,-1
1162,5142,6.48312499999997,0.14166666666666666,-1
1163,5143,6.48999999999997,0.14166666666666666,-1
1164,5144,6.48999999999997,0.175,11
1165,5145,6.48999999999997,0.175,11
1166,5146,6.48999999999997,0.175,11
1167,5147,6.48999999999997,0.175,11
1168,5148,6.48999999999997,0.175,11
1169,5149,6.48999999999997,0.175,11
1170,5150,6.48999999999997,0.175,11
1171,5151,6.48999999999997,0.175,11
1172,5152,6.48999999999997,0.175,11
1173,5153,6.48999999999997,0.175,11
1174,5154,6.48999999999997,0.175,11
1175,5155,6.48999999999997,0.175,11
1176,5156,6.49687499999997,0.175,-1
1177,5157,6.50374999999997,0.175,-1
1178,5158,6.51062499999997,0.175,-1
1179,5159,6.51749999999997,0.175,-1
1180,5160,6.52437499999997,0.175,-1
1181,5161,6.53124999999997,0.175,-1
1182,5162,6.53812499999997,0.175,-1
1183,5163,6.54499999999997,0.175,-1
1184,5164,6.55187499999997,0.175,-1
1185,5165,6.55874999999997,0.175,-1
1186,5166,6.56562499999997,0.175,-1
1187,5167,6.57249999999997,0.175,-1
1188,5168,6.5793749999999696,0.175,-1
1189,5169,6.5862499999999695,0.175,-1
1190,5170,6.5931249999999695,0.175,-1
1191,5171,6.5999999999999694,0.175,-1
1192,5172,6.606874999999969,0.175,-1
1193,5173,6.613749999999969,0.175,-1
1194,5174,6.620624999999969,0.175,-1
1195,5175,6.627499999999969,0.175,-1
1196,5176,6.634374999999969,0.175,-1
1197,5177,6.641249999999969,0.175,-1
1198,5178,6.648124999999969,0.175,-1
1199,5179,6.654999999999969,0.175,-1
1200,5180,6.661874999999969,0.175,-1
1201,5181,6.668749999999969,0.175,-1
1202,5182,6.675624999999969,0.175,-1
1203,5183,6.682499999999969,0.175,-1
1204,5184,6.689374999999969,0.175,-1
1205,5185,6.696249999999969,0.175,-1
1206,5186,6.703124999999969,0.175,-1
1207,5187,6.709999999999969,0.175,-1
1208,5188,6.716874999999969,0.175,-1
1209,5189,6.723749999999969,0.175,-1
1210,5190,6.730624999999969,0.175,-1
1211,5191,6.737499999999969,0.175,-1
1212,5192,6.744374999999969,0.175,-1
1213,5193,6.751249999999969,0.175,-1
1214,5194,6.758124999999969,0.175,-1
1215,5195,6.764999999999969,0.175,-1
1216,5196,6.771874999999969,0.175,-1
1217,5197,6.7787499999999685,0.175,-1
1218,5198,6.7856249999999685,0.175,-1
1219,5199,6.7924999999999685,0.175,-1
1220,5200,6.799374999999968,0.175,-1
1221,5201,6.806249999999968,0.175,-1
1222,5202,6.813124999999968,0.175,-1
1223,5203,6.819999999999968,0.175,-1
1224,5204,6.826874999999968,0.175,-1
1225,5205,6.833749999999968,0.175,-1
1226,5206,6.840624999999968,0.175,-1
1227,5207,6.847499999999968,0.175,-1
1228,5208,6.854374999999968,0.175,-1
1229,5209,6.861249999999968,0.175,-1
1230,5210,6.868124999999968,0.175,-1
1231,5211,6.874999999999968,0.175,-1
1232,5212,6.881874999999968,0.175,-1
1233,5213,6.888749999999968,0.175,-1
1234,5214,6.895624999999968,0.175,-1
1235,5215,6.902499999999968,0.175,-1
1236,5216,6.909374999999968,0.175,-1
1237,5217,6.916249999999968,0.175,-1
1238,5218,6.923124999999968,0.175,-1
1239,5219,6.929999999999968,0.175,-1
1240,5220,6.929999999999968,0.19166666666666668,12
1241,5221,6.929999999999968,0.19166666666666668,12
1242,5222,6.929999999999968,0.19166666666666668,12
1243,5223,6.929999999999968,0.19166666666666668,12
1244,5224,6.929999999999968,0.19166666666666668,12
1245,5225,6.929999999999968,0.19166666666666668,12
1246,5226,6.929999999999968,0.19166666666666668,12
1247,5227,6.929999999999968,0.19166666666666668,12
1248,5228,6.929999999999968,0.19166666666666668,12
1249,5229,6.929999999999968,0.19166666666666668,12
1250,5230,6.929999999999968,0.19166666666666668,12
1251,5231,6.929999999999968,0.19166666666666668,12
1252,5232,6.929999999999968,0.19166666666666668,12
1253,5233,6.929999999999968,0.19166666666666668,12
1254,5234,6.929999999999968,0.19166666666666668,12
1255,5235,6.929999999999968,0.19166666666666668,12
1256,5236,6.929999999999968,0.19166666666666668,12
1257,5237,6.929999999999968,0.19166666666666668,12
1258,5238,6.929999999999968,0.19166666666666668,12
1259,5239,6.929999999999968,0.19166666666666668,12
1260,5240,6.929999999999968,0.19166666666666668,12
1261,5241,6.929999999999968,0.19166666666666668,12
1262,5242,6.929999999999968,0.19166666666666668,12
1263,5243,6.929999999999968,0.19166666666666668,12
1264,5244,6.929999999999968,0.19166666666666668,12
1265,5245,6.929999999999968,0.19166666666666668,12
1266,5246,6.929999999999968,0.19166666666666668,12
1267,5247,6.929999999999968,0.19166666666666668,12
1268,5248,6.929999999999968,0.19166666666666668,12
1269,5249,6.929999999999968,0.19166666666666668,12
1270,5250,6.929999999999968,0.19166666666666668,12
1271,5251,6.929999999999968,0.19166666666666668,12
1272,5252,6.929999999999968,0.19166666666666668,12
1273,5253,6.929999999999968,0.19166666666666668,12
1274,5254,6.929999999999968,0.19166666666666668,12
1275,5255,6.929999999999968,0.19166666666666668,12
1276,5256,6.929999999999968,0.19166666666666668,12
1277,5257,6.929999999999968,0.19166666666666668,12
1278,5258,6.929999999999968,0.19166666666666668,12
1279,5259,6.929999999999968,0.19166666666666668,12
1280,5260,6.929999999999968,0.19166666666666668,12
1281,5261,6.929999999999968,0.19166666666666668,12
1282,5262,6.929999999999968,0.19166666666666668,12
1283,5263,6.929999999999968,0.19166666666666668,12
1284,5264,6.929999999999968,0.19166666666666668,12
1285,5265,6.929999999999968,0.19166666666666668,12
1286,5266,6.929999999999968,0.19166666666666668,12
1287,5267,6.929999999999968,0.19166666666666668,12
1288,5268,6.929999999999968,0.19166666666666668,12
1289,5269,6.929999999999968,0.19166666666666668,12
1290,5270,6.929999999999968,0.19166666666666668,12
1291,5271,6.929999999999968,0.19166666666666668,12
1292,5272,6.929999999999968,0.19166666666666668,12
1293,5273,6.929999999999968,0.19166666666666668,12
1294,5274,6.929999999999968,0.19166666666666668,12
1295,5275,6.929999999999968,0.19166666666666668,12
1296,5276,6.929999999999968,0.19166666666666668,12
1297,5277,6.929999999999968,0.19166666666666668,12
1298,5278,6.929999999999968,0.19166666666666668,12
1299,5279,6.929999999999968,0.19166666666666668,12
1300,5280,6.929999999999968,0.19166666666666668,12
1301,5281,6.929999999999968,0.19166666666666668,12
1302,5282,6.929999999999968,0.19166666666666668,12
1303,5283,6.929999999999968,0.19166666666666668,12
1304,5284,6.929999999999968,0.19166666666666668,12
1305,5285,6.929999999999968,0.19166666666666668,12
1306,5286,6.929999999999968,0.19166666666666668,12
1307,5287,6.929999999999968,0.19166666666666668,12
1308,5288,6.929999999999968,0.19166666666666668,12
1309,5289,6.929999999999968,0.19166666666666668,12
1310,5290,6.929999999999968,0.19166666666666668,12
1311,5291,6.929999999999968,0.19166666666666668,12
1312,5292,6.929999999999968,0.19166666666666668,12
1313,5293,6.929999999999968,0.19166666666666668,12
1314,5294,6.929999999999968,0.19166666666666668,12
1315,5295,6.929999999999968,0.19166666666666668,12
1316,5296,6.929999999999968,0.19166666666666668,12
1317,5297,6.929999999999968,0.19166666666666668,12
1318,5298,6.929999999999968,0.19166666666666668,12
1319,5299,6.929999999999968,0.19166666666666668,12
1320,5300,6.929999999999968,0.19166666666666668,12
1321,5301,6.929999999999968,0.19166666666666668,12
1322,5302,6.929999999999968,0.19166666666666668,12
1323,5303,6.929999999999968,0.19166666666666668,12
1324,5304,6.929999999999968,0.19166666666666668,12
1325,5305,6.929999999999968,0.19166666666666668,12
1326,5306,6.936874999999968,0.19166666666666668,-1
1327,5307,6.943749999999968,0.19166666666666668,-1
1328,5308,6.950624999999968,0.19166666666666668,-1
1329,5309,6.957499999999968,0.19166666666666668,-1
1330,5310,6.964374999999968,0.19166666666666668,-1
1331,5311,6.9712499999999675,0.19166666666666668,-1
1332,5312,6.9781249999999675,0.19166666666666668,-1
1333,5313,6.9849999999999675,0.19166666666666668,-1
1334,5314,6.991874999999967,0.19166666666666668,-1
1335,5315,6.998749999999967,0.19166666666666668,-1
1336,5316,7.005624999999967,0.19166666666666668,-1
1337,5317,7.012499999999967,0.19166666666666668,-1
1338,5318,7.019374999999967,0.19166666666666668,-1
1339,5319,7.026249999999967,0.19166666666666668,-1
1340,5320,7.033124999999967,0.19166666666666668,-1
1341,5321,7.039999999999967,0.19166666666666668,-1
1342,5322,7.046874999999967,0.19166666666666668,-1
1343,5323,7.053749999999967,0.19166666666666668,-1
1344,5324,7.060624999999967,0.19166666666666668,-1
1345,5325,7.067499999999967,0.19166666666666668,-1
1346,5326,7.074374999999967,0.19166666666666668,-1
1347,5327,7.081249999999967,0.19166666666666668,-1
1348,5328,7.088124999999967,0.19166666666666668,-1
1349,5329,7.094999999999967,0.19166666666666668,-1
1350,5330,7.101874999999967,0.19166666666666668,-1
1351,5331,7.108749999999967,0.19166666666666668,-1
1352,5332,7.115624999999967,0.19166666666666668,-1
1353,5333,7.122499999999967,0.19166666666666668,-1
1354,5334,7.129374999999967,0.19166666666666668,-1
1355,5335,7.136249999999967,0.19166666666666668,-1
1356,5336,7.143124999999967,0.19166666666666668,-1
1357,5337,7.149999999999967,0.19166666666666668,-1
1358,5338,7.156874999999967,0.19166666666666668,-1
1359,5339,7.1637499999999665,0.19166666666666668,-1
1360,5340,7.1706249999999665,0.19166666666666668,-1
1361,5341,7.1774999999999665,0.19166666666666668,-1
1362,5342,7.184374999999966,0.19166666666666668,-1
1363,5343,7.191249999999966,0.19166666666666668,-1
1364,5344,7.198124999999966,0.19166666666666668,-1
1365,5345,7.204999999999966,0.19166666666666668,-1
1366,5346,7.211874999999966,0.19166666666666668,-1
1367,5347,7.218749999999966,0.19166666666666668,-1
1368,5348,7.225624999999966,0.19166666666666668,-1
1369,5349,7.232499999999966,0.19166666666666668,-1
1370,5350,7.239374999999966,0.19166666666666668,-1
1371,5351,7.246249999999966,0.19166666666666668,-1
1372,5352,7.253124999999966,0.19166666666666668,-1
1373,5353,7.259999999999966,0.19166666666666668,-1
1374,5354,7.266874999999966,0.19166666666666668,-1
1375,5355,7.273749999999966,0.19166666666666668,-1
1376,5356,7.280624999999966,0.19166666666666668,-1
1377,5357,7.287499999999966,0.19166666666666668,-1
1378,5358,7.294374999999966,0.19166666666666668,-1
1379,5359,7.301249999999966,0.19166666666666668,-1
1380,5360,7.301249999999966,0.18333333333333332,13
1381,5361,7.301249999999966,0.18333333333333332,13
1382,5362,7.301249999999966,0.18333333333333332,13
1383,5363,7.301249999999966,0.18333333333333332,13
1384,5364,7.301249999999966,0.18333333333333332,13
1385,5365,7.301249999999966,0.18333333333333332,13
1386,5366,7.301249999999966,0.18333333333333332,13
1387,5367,7.301249999999966,0.18333333333333332,13
1388,5368,7.301249999999966,0.18333333333333332,13
1389,5369,7.301249999999966,0.18333333333333332,13
1390,5370,7.301249999999966,0.18333333333333332,13
1391,5371,7.301249999999966,0.18333333333333332,13
1392,5372,7.301249999999966,0.18333333333333332,13
1393,5373,7.301249999999966,0.18333333333333332,13
1394,5374,7.301249999999966,0.18333333333333332,13
1395,5375,7.301249999999966,0.18333333333333332,13
1396,5376,7.301249999999966,0.18333333333333332,13
1397,5377,7.301249999999966,0.18333333333333332,13
1398,5378,7.301249999999966,0.18333333333333332,13
1399,5379,7.301249999999966,0.18333333333333332,13
1400,5380,7.301249999999966,0.18333333333333332,13
1401,5381,7.301249999999966,0.18333333333333332,13
1402,5382,7.301249999999966,0.18333333333333332,13
1403,5383,7.301249999999966,0.18333333333333332,13
1404,5384,7.301249999999966,0.18333333333333332,13
1405,5385,7.301249999999966,0.18333333333333332,13
1406,5386,7.301249999999966,0.18333333333333332,13
1407,5387,7.301249999999966,0.18333333333333332,13
1408,5388,7.301249999999966,0.18333333333333332,13
1409,5389,7.301249999999966,0.18333333333333332,13
1410,5390,7.301249999999966,0.18333333333333332,13
1411,5391,7.301249999999966,0.18333333333333332,13
1412,5392,7.301249999999966,0.18333333333333332,13
1413,5393,7.301249999999966,0.18333333333333332,13
1414,5394,7.301249999999966,0.18333333333333332,13
1415,5395,7.301249999999966,0.18333333333333332,13
1416,5396,7.301249999999966,0.18333333333333332,13
1417,5397,7.301249999999966,0.18333333333333332,13
1418,5398,7.301249999999966,0.18333333333333332,13
1419,5399,7.301249999999966,0.18333333333333332,13
1420,5400,7.301249999999966,0.18333333333333332,13
1421,5401,7.301249999999966,0.18333333333333332,13
1422,5402,7.301249999999966,0.18333333333333332,13
1423,5403,7.301249999999966,0.18333333333333332,13
1424,5404,7.301249999999966,0.18333333333333332,13
1425,5405,7.301249999999966,0.18333333333333332,13
1426,5406,7.301249999999966,0.18333333333333332,13
1427,5407,7.301249999999966,0.18333333333333332,13
1428,5408,7.301249999999966,0.18333333333333332,13
1429,5409,7.301249999999966,0.18333333333333332,13
1430,5410,7.301249999999966,0.18333333333333332,13
1431,5411,7.301249999999966,0.18333333333333332,13
1432,5412,7.301249999999966,0.18333333333333332,13
1433,5413,7.301249999999966,0.18333333333333332,13
1434,5414,7.301249999999966,0.18333333333333332,13
1435,5415,7.301249999999966,0.18333333333333332,13
1436,5416,7.301249999999966,0.18333333333333332,13
1437,5417,7.301249999999966,0.18333333333333332,13
1438,5418,7.301249999999966,0.18333333333333332,13
1439,5419,7.301249999999966,0.18333333333333332,13
1440,5420,7.301249999999966,0.18333333333333332,13
1441,5421,7.301249999999966,0.18333333333333332,13
1442,5422,7.301249999999966,0.18333333333333332,13
1443,5423,7.301249999999966,0.18333333333333332,13
1444,5424,7.301249999999966,0.18333333333333332,13
1445,5425,7.301249999999966,0.18333333333333332,13
1446,5426,7.301249999999966,0.18333333333333332,13
1447,5427,7.301249999999966,0.18333333333333332,13
1448,5428,7.301249999999966,0.18333333333333332,13
1449,5429,7.301249999999966,0.18333333333333332,13
1450,5430,7.301249999999966,0.18333333333333332,13
1451,5431,7.301249999999966,0.18333333333333332,13
1452,5432,7.301249999999966,0.18333333333333332,13
1453,5433,7.301249999999966,0.18333333333333332,13
1454,5434,7.301249999999966,0.18333333333333332,13
1455,5435,7.301249999999966,0.18333333333333332,13
1456,5436,7.301249999999966,0.18333333333333332,13
1457,5437,7.301249999999966,0.18333333333333332,13
1458,5438,7.301249999999966,0.18333333333333332,13
1459,5439,7.301249999999966,0.18333333333333332,13
1460,5440,7.301249999999966,0.18333333333333332,13
1461,5441,7.301249999999966,0.18333333333333332,13
1462,5442,7.301249999999966,0.18333333333333332,13
1463,5443,7.301249999999966,0.18333333333333332,13
1464,5444,7.301249999999966,0.18333333333333332,13
1465,5445,7.308124999999966,0.18333333333333332,-1
1466,5446,7.314999999999966,0.18333333333333332,-1
1467,5447,7.321874999999966,0.18333333333333332,-1
1468,5448,7.328749999999966,0.18333333333333332,-1
1469,5449,7.335624999999966,0.18333333333333332,-1
1470,5450,7.342499999999966,0.18333333333333332,-1
1471,5451,7.349374999999966,0.18333333333333332,-1
1472,5452,7.3562499999999655,0.18333333333333332,-1
1473,5453,7.3631249999999655,0.18333333333333332,-1
1474,5454,7.3699999999999655,0.18333333333333332,-1
1475,5455,7.376874999999965,0.18333333333333332,-1
1476,5456,7.383749999999965,0.18333333333333332,-1
1477,5457,7.390624999999965,0.18333333333333332,-1
1478,5458,7.397499999999965,0.18333333333333332,-1
1479,5459,7.404374999999965,0.18333333333333332,-1
1480,5460,7.411249999999965,0.18333333333333332,-1
1481,5461,7.418124999999965,0.18333333333333332,-1
1482,5462,7.424999999999965,0.18333333333333332,-1
1483,5463,7.431874999999965,0.18333333333333332,-1
1484,5464,7.438749999999965,0.18333333333333332,-1
1485,5465,7.445624999999965,0.18333333333333332,-1
1486,5466,7.452499999999965,0.18333333333333332,-1
1487,5467,7.459374999999965,0.18333333333333332,-1
1488,5468,7.466249999999965,0.18333333333333332,-1
1489,5469,7.473124999999965,0.18333333333333332,-1
1490,5470,7.479999999999965,0.18333333333333332,-1
1491,5471,7.486874999999965,0.18333333333333332,-1
1492,5472,7.493749999999965,0.18333333333333332,-1
1493,5473,7.500624999999965,0.18333333333333332,-1
1494,5474,7.507499999999965,0.18333333333333332,-1
1495,5475,7.514374999999965,0.18333333333333332,-1
1496,5476,7.521249999999965,0.18333333333333332,-1
1497,5477,7.528124999999965,0.18333333333333332,-1
1498,5478,7.534999999999965,0.18333333333333332,-1
1499,5479,7.541874999999965,0.18333333333333332,-1
1500,5480,7.5487499999999645,0.18333333333333332,-1
1501,5481,7.5556249999999645,0.18333333333333332,-1
1502,5482,7.5624999999999645,0.18333333333333332,-1
1503,5483,7.569374999999964,0.18333333333333332,-1
1504,5484,7.576249999999964,0.18333333333333332,-1
1505,5485,7.583124999999964,0.18333333333333332,-1
1506,5486,7.589999999999964,0.18333333333333332,-1
1507,5487,7.596874999999964,0.18333333333333332,-1
1508,5488,7.603749999999964,0.18333333333333332,-1
1509,5489,7.610624999999964,0.18333333333333332,-1
1510,5490,7.617499999999964,0.18333333333333332,-1
1511,5491,7.624374999999964,0.18333333333333332,-1
1512,5492,7.631249999999964,0.18333333333333332,-1
1513,5493,7.638124999999964,0.18333333333333332,-1
1514,5494,7.644999999999964,0.18333333333333332,-1
1515,5495,7.651874999999964,0.18333333333333332,-1
1516,5496,7.658749999999964,0.18333333333333332,-1
1517,5497,7.665624999999964,0.18333333333333332,-1
1518,5498,7.672499999999964,0.18333333333333332,-1
1519,5499,7.679374999999964,0.18333333333333332,-1
1520,5500,7.686249999999964,0.18333333333333332,-1
1521,5501,7.693124999999964,0.18333333333333332,-1
1522,5502,7.699999999999964,0.18333333333333332,-1
1523,5503,7.706874999999964,0.18333333333333332,-1
1524,5504,7.713749999999964,0.18333333333333332,-1
1525,5505,7.720624999999964,0.18333333333333332,-1
1526,5506,7.727499999999964,0.18333333333333332,-1
1527,5507,7.734374999999964,0.18333333333333332,-1
1528,5508,7.7412499999999635,0.18333333333333332,-1
1529,5509,7.7481249999999635,0.18333333333333332,-1
1530,5510,7.7549999999999635,0.18333333333333332,-1
1531,5511,7.761874999999963,0.18333333333333332,-1
1532,5512,7.768749999999963,0.18333333333333332,-1
1533,5513,7.775624999999963,0.18333333333333332,-1
1534,5514,7.782499999999963,0.18333333333333332,-1
1535,5515,7.789374999999963,0.18333333333333332,-1
1536,5516,7.796249999999963,0.18333333333333332,-1
1537,5517,7.803124999999963,0.18333333333333332,-1
1538,5518,7.809999999999963,0.18333333333333332,-1
1539,5519,7.816874999999963,0.18333333333333332,-1
1540,5520,7.823749999999963,0.18333333333333332,-1
1541,5521,7.830624999999963,0.18333333333333332,-1
1542,5522,7.837499999999963,0.18333333333333332,-1
1543,5523,7.844374999999963,0.18333333333333332,-1
1544,5524,7.851249999999963,0.18333333333333332,-1
1545,5525,7.858124999999963,0.18333333333333332,-1
1546,5526,7.864999999999963,0.18333333333333332,-1
1547,5527,7.871874999999963,0.18333333333333332,-1
1548,5528,7.878749999999963,0.18333333333333332,-1
1549,5529,7.885624999999963,0.18333333333333332,-1
1550,5530,7.892499999999963,0.18333333333333332,-1
1551,5531,7.892499999999963,0.225,14
1552,5532,7.892499999999963,0.225,14
1553,5533,7.892499999999963,0.225,14
1554,5534,7.892499999999963,0.225,14
1555,5535,7.892499999999963,0.225,14
1556,5536,7.892499999999963,0.225,14
1557,5537,7.892499999999963,0.225,14
1558,5538,7.892499999999963,0.225,14
1559,5539,7.892499999999963,0.225,14
1560,5540,7.892499999999963,0.225,14
1561,5541,7.892499999999963,0.225,14
1562,5542,7.892499999999963,0.225,14
1563,5543,7.892499999999963,0.225,14
1564,5544,7.892499999999963,0.225,14
1565,5545,7.892499999999963,0.225,14
1566,5546,7.892499999999963,0.225,14
1567,5547,7.892499999999963,0.225,14
1568,5548,7.892499999999963,0.225,14
1569,5549,7.899374999999963,0.225,-1
1570,5550,7.906249999999963,0.225,-1
1571,5551,7.913124999999963,0.225,-1
1572,5552,7.919999999999963,0.225,-1
1573,5553,7.926874999999963,0.225,-1
1574,5554,7.9337499999999626,0.225,-1
1575,5555,7.9406249999999625,0.225,-1
1576,5556,7.9474999999999625,0.225,-1
1577,5557,7.9543749999999624,0.225,-1
1578,5558,7.961249999999962,0.225,-1
1579,5559,7.968124999999962,0.225,-1
1580,5560,7.974999999999962,0.225,-1
1581,5561,7.981874999999962,0.225,-1
1582,5562,7.988749999999962,0.225,-1
1583,5563,7.995624999999962,0.225,-1
1584,5564,8.002499999999962,0.225,-1
1585,5565,8.009374999999963,0.225,-1
1586,5566,8.016249999999964,0.225,-1
1587,5567,8.023124999999965,0.225,-1
1588,5568,8.029999999999966,0.225,-1
1589,5569,8.036874999999966,0.225,-1
1590,5570,8.043749999999967,0.225,-1
1591,5571,8.050624999999968,0.225,-1
1592,5572,8.057499999999969,0.225,-1
1593,5573,8.06437499999997,0.225,-1
1594,5574,8.07124999999997,0.225,-1
1595,5575,8.078124999999972,0.225,-1
1596,5576,8.084999999999972,0.225,-1
1597,5577,8.091874999999973,0.225,-1
1598,5578,8.098749999999974,0.225,-1
1599,5579,8.105624999999975,0.225,-1
1600,5580,8.112499999999976,0.225,-1
1601,5581,8.119374999999977,0.225,-1
1602,5582,8.126249999999978,0.225,-1
1603,5583,8.133124999999978,0.225,-1
1604,5584,8.13999999999998,0.225,-1
1605,5585,8.14687499999998,0.225,-1
1606,5586,8.153749999999981,0.225,-1
1607,5587,8.160624999999982,0.225,-1
1608,5588,8.167499999999983,0.225,-1
1609,5589,8.174374999999984,0.225,-1
1610,5590,8.181249999999984,0.225,-1
1611,5591,8.188124999999985,0.225,-1
1612,5592,8.194999999999986,0.225,-1
1613,5593,8.201874999999987,0.225,-1
1614,5594,8.208749999999988,0.225,-1
1615,5595,8.215624999999989,0.225,-1
1616,5596,8.22249999999999,0.225,-1
1617,5597,8.22937499999999,0.225,-1
1618,5598,8.236249999999991,0.225,-1
1619,5599,8.243124999999992,0.225,-1
1620,5600,8.249999999999993,0.225,-1
1621,5601,8.256874999999994,0.225,-1
1622,5602,8.263749999999995,0.225,-1
1623,5603,8.270624999999995,0.225,-1
1624,5604,8.270624999999995,0.25,15
1625,5605,8.270624999999995,0.25,15
1626,5606,8.270624999999995,0.25,15
1627,5607,8.270624999999995,0.25,15
1628,5608,8.270624999999995,0.25,15
1629,5609,8.270624999999995,0.25,15
1630,5610,8.270624999999995,0.25,15
1631,5611,8.270624999999995,0.25,15
1632,5612,8.270624999999995,0.25,15
1633,5613,8.270624999999995,0.25,15
1634,5614,8.270624999999995,0.25,15
1635,5615,8.270624999999995,0.25,15
1636,5616,8.270624999999995,0.25,15
1637,5617,8.270624999999995,0.25,15
1638,5618,8.270624999999995,0.25,15
1639,5619,8.270624999999995,0.25,15
1640,5620,8.270624999999995,0.25,15
1641,5621,8.270624999999995,0.25,15
1642,5622,8.270624999999995,0.25,15
1643,5623,8.270624999999995,0.25,15
1644,5624,8.270624999999995,0.25,15
1645,5625,8.270624999999995,0.25,15
1646,5626,8.270624999999995,0.25,15
1647,5627,8.270624999999995,0.25,15
1648,5628,8.270624999999995,0.25,15
1649,5629,8.270624999999995,0.25,15
1650,5630,8.270624999999995,0.25,15
1651,5631,8.270624999999995,0.25,15
1652,5632,8.270624999999995,0.25,15
1653,5633,8.270624999999995,0.25,15
1654,5634,8.270624999999995,0.25,15
1655,5635,8.270624999999995,0.25,15
1656,5636,8.270624999999995,0.25,15
1657,5637,8.270624999999995,0.25,15
1658,5638,8.270624999999995,0.25,15
1659,5639,8.270624999999995,0.25,15
1660,5640,8.270624999999995,0.25,15
1661,5641,8.270624999999995,0.25,15
1662,5642,8.270624999999995,0.25,15
1663,5643,8.270624999999995,0.25,15
1664,5644,8.270624999999995,0.25,15
1665,5645,8.270624999999995,0.25,15
1666,5646,8.270624999999995,0.25,15
1667,5647,8.270624999999995,0.25,15
1668,5648,8.270624999999995,0.25,15
1669,5649,8.270624999999995,0.25,15
1670,5650,8.270624999999995,0.25,15
1671,5651,8.270624999999995,0.25,15
1672,5652,8.270624999999995,0.25,15
1673,5653,8.270624999999995,0.25,15
1674,5654,8.270624999999995,0.25,15
1675,5655,8.270624999999995,0.25,15
1676,5656,8.270624999999995,0.25,15
1677,5657,8.270624999999995,0.25,15
1678,5658,8.277499999999996,0.25,-1
1679,5659,8.284374999999997,0.25,-1
1680,5660,8.291249999999998,0.25,-1
1681,5661,8.298124999999999,0.25,-1
1682,5662,8.305,0.25,-1
1683,5663,8.311875,0.25,-1
1684,5664,8.318750000000001,0.25,-1
1685,5665,8.325625000000002,0.25,-1
1686,5666,8.332500000000003,0.25,-1
1687,5667,8.339375000000004,0.25,-1
1688,5668,8.346250000000005,0.25,-1
1689,5669,8.353125000000006,0.25,-1
1690,5670,8.360000000000007,0.25,-1
1691,5671,8.366875000000007,0.25,-1
1692,5672,8.373750000000008,0.25,-1
1693,5673,8.380625000000009,0.25,-1
1694,5674,8.38750000000001,0.25,-1
1695,5675,8.39437500000001,0.25,-1
1696,5676,8.401250000000012,0.25,-1
1697,5677,8.408125000000013,0.25,-1
1698,5678,8.415000000000013,0.25,-1
1699,5679,8.421875000000014,0.25,-1
1700,5680,8.428750000000015,0.25,-1
1701,5681,8.435625000000016,0.25,-1
1702,5682,8.442500000000017,0.25,-1
1703,5683,8.449375000000018,0.25,-1
1704,5684,8.456250000000018,0.25,-1
1705,5685,8.46312500000002,0.25,-1
1706,5686,8.47000000000002,0.25,-1
1707,5687,8.476875000000021,0.25,-1
1708,5688,8.483750000000022,0.25,-1
1709,5689,8.490625000000023,0.25,-1
1710,5690,8.497500000000024,0.25,-1
1711,5691,8.504375000000024,0.25,-1
1712,5692,8.511250000000025,0.25,-1
1713,5693,8.518125000000026,0.25,-1
1714,5694,8.525000000000027,0.25,-1
1715,5695,8.531875000000028,0.25,-1
1716,5696,8.538750000000029,0.25,-1
1717,5697,8.54562500000003,0.25,-1
1718,5698,8.55250000000003,0.25,-1
1719,5699,8.559375000000031,0.25,-1
1720,5700,8.566250000000032,0.25,-1
1721,5701,8.573125000000033,0.25,-1
1722,5702,8.580000000000034,0.25,-1
1723,5703,8.586875000000035,0.25,-1
1724,5704,8.593750000000036,0.25,-1
1725,5705,8.600625000000036,0.25,-1
1726,5706,8.607500000000037,0.25,-1
1727,5707,8.614375000000038,0.25,-1
1728,5708,8.621250000000039,0.25,-1
1729,5709,8.62812500000004,0.25,-1
1730,5710,8.63500000000004,0.25,-1
1731,5711,8.641875000000041,0.25,-1
1732,5712,8.648750000000042,0.25,-1
1733,5713,8.655625000000043,0.25,-1
1734,5714,8.662500000000044,0.25,-1
1735,5715,8.669375000000045,0.25,-1
1736,5716,8.676250000000046,0.25,-1
1737,5717,8.683125000000047,0.25,-1
1738,5718,8.690000000000047,0.25,-1
1739,5719,8.696875000000048,0.25,-1
1740,5720,8.70375000000005,0.25,-1
1741,5721,8.71062500000005,0.25,-1
1742,5722,8.71750000000005,0.25,-1
1743,5723,8.724375000000052,0.25,-1
1744,5724,8.731250000000053,0.25,-1
1745,5725,8.738125000000053,0.25,-1
1746,5726,8.745000000000054,0.25,-1
1747,5727,8.751875000000055,0.25,-1
1748,5728,8.758750000000056,0.25,-1
1749,5729,8.765625000000057,0.25,-1
1750,5730,8.772500000000058,0.25,-1
1751,5731,8.779375000000059,0.25,-1
1752,5732,8.78625000000006,0.25,-1
1753,5733,8.79312500000006,0.25,-1
1754,5734,8.800000000000061,0.25,-1
1755,5735,8.806875000000062,0.25,-1
1756,5736,8.813750000000063,0.25,-1
1757,5737,8.820625000000064,0.25,-1
1758,5738,8.827500000000065,0.25,-1
1759,5739,8.834375000000065,0.25,-1
1760,5740,8.841250000000066,0.25,-1
1761,5741,8.848125000000067,0.25,-1
1762,5742,8.855000000000068,0.25,-1
1763,5743,8.861875000000069,0.25,-1
1764,5744,8.86875000000007,0.25,-1
1765,5745,8.87562500000007,0.25,-1
1766,5746,8.882500000000071,0.25,-1
1767,5747,8.882500000000071,0.25,16
1768,5748,8.882500000000071,0.25,16
1769,5749,8.882500000000071,0.25,16
1770,5750,8.882500000000071,0.25,16
1771,5751,8.882500000000071,0.25,16
1772,5752,8.882500000000071,0.25,16
1773,5753,8.882500000000071,0.25,16
1774,5754,8.882500000000071,0.25,16
1775,5755,8.882500000000071,0.25,16
1776,5756,8.882500000000071,0.25,16
1777,5757,8.882500000000071,0.25,16
1778,5758,8.882500000000071,0.25,16
1779,5759,8.882500000000071,0.25,16
1780,5760,8.882500000000071,0.25,16
1781,5761,8.882500000000071,0.25,16
1782,5762,8.882500000000071,0.25,16
1783,5763,8.882500000000071,0.25,16
1784,5764,8.882500000000071,0.25,16
1785,5765,8.882500000000071,0.25,16
1786,5766,8.882500000000071,0.25,16
1787,5767,8.882500000000071,0.25,16
1788,5768,8.882500000000071,0.25,16
1789,5769,8.882500000000071,0.25,16
1790,5770,8.882500000000071,0.25,16
1791,5771,8.882500000000071,0.25,16
1792,5772,8.882500000000071,0.25,16
1793,5773,8.882500000000071,0.25,16
1794,5774,8.882500000000071,0.25,16
1795,5775,8.882500000000071,0.25,16
1796,5776,8.882500000000071,0.25,16
1797,5777,8.882500000000071,0.25,16
1798,5778,8.882500000000071,0.25,16
1799,5779,8.882500000000071,0.25,16
1800,5780,8.882500000000071,0.25,16
1801,5781,8.882500000000071,0.25,16
1802,5782,8.882500000000071,0.25,16
1803,5783,8.882500000000071,0.25,16
1804,5784,8.882500000000071,0.25,16
1805,5785,8.882500000000071,0.25,16
1806,5786,8.882500000000071,0.25,16
1807,5787,8.882500000000071,0.25,16
1808,5788,8.882500000000071,0.25,16
1809,5789,8.882500000000071,0.25,16
1810,5790,8.882500000000071,0.25,16
1811,5791,8.882500000000071,0.25,16
1812,5792,8.882500000000071,0.25,16
1813,5793,8.882500000000071,0.25,16
1814,5794,8.882500000000071,0.25,16
1815,5795,8.882500000000071,0.25,16
1816,5796,8.882500000000071,0.25,16
1817,5797,8.882500000000071,0.25,16
1818,5798,8.882500000000071,0.25,16
1819,5799,8.882500000000071,0.25,16
1820,5800,8.882500000000071,0.25,16
1821,5801,8.882500000000071,0.25,16
1822,5802,8.882500000000071,0.25,16
1823,5803,8.889375000000072,0.25,-1
1824,5804,8.896250000000073,0.25,-1
1825,5805,8.903125000000074,0.25,-1
1826,5806,8.910000000000075,0.25,-1
1827,5807,8.916875000000076,0.25,-1
1828,5808,8.923750000000076,0.25,-1
1829,5809,8.930625000000077,0.25,-1
1830,5810,8.937500000000078,0.25,-1
1831,5811,8.944375000000079,0.25,-1
1832,5812,8.95125000000008,0.25,-1
1833,5813,8.95812500000008,0.25,-1
1834,5814,8.965000000000082,0.25,-1
1835,5815,8.971875000000082,0.25,-1
1836,5816,8.978750000000083,0.25,-1
1837,5817,8.985625000000084,0.25,-1
1838,5818,8.992500000000085,0.25,-1
1839,5819,8.999375000000086,0.25,-1
1840,5820,9.006250000000087,0.25,-1
1841,5821,9.013125000000088,0.25,-1
1842,5822,9.020000000000088,0.25,-1
1843,5823,9.02687500000009,0.25,-1
1844,5824,9.03375000000009,0.25,-1
1845,5825,9.040625000000091,0.25,-1
1846,5826,9.047500000000092,0.25,-1
1847,5827,9.054375000000093,0.25,-1
1848,5828,9.061250000000094,0.25,-1
1849,5829,9.068125000000094,0.25,-1
1850,5830,9.075000000000095,0.25,-1
1851,5831,9.081875000000096,0.25,-1
1852,5832,9.088750000000097,0.25,-1
1853,5833,9.095625000000098,0.25,-1
1854,5834,9.102500000000099,0.25,-1
1855,5835,9.1093750000001,0.25,-1
1856,5836,9.1162500000001,0.25,-1
1857,5837,9.123125000000101,0.25,-1
1858,5838,9.130000000000102,0.25,-1
1859,5839,9.136875000000103,0.25,-1
1860,5840,9.143750000000104,0.25,-1
1861,5841,9.150625000000105,0.25,-1
1862,5842,9.157500000000105,0.25,-1
1863,5843,9.164375000000106,0.25,-1
1864,5844,9.171250000000107,0.25,-1
1865,5845,9.178125000000108,0.25,-1
1866,5846,9.185000000000109,0.25,-1
1867,5847,9.19187500000011,0.25,-1
1868,5848,9.19875000000011,0.25,-1
1869,5849,9.205625000000111,0.25,-1
1870,5850,9.212500000000112,0.25,-1
1871,5851,9.219375000000113,0.25,-1
1872,5852,9.226250000000114,0.25,-1
1873,5853,9.233125000000115,0.25,-1
1874,5854,9.240000000000116,0.25,-1
1875,5855,9.246875000000117,0.25,-1
1876,5856,9.253750000000117,0.25,-1
1877,5857,9.260625000000118,0.25,-1
1878,5858,9.267500000000119,0.25,-1
1879,5859,9.27437500000012,0.25,-1
1880,5860,9.28125000000012,0.25,-1
1881,5861,9.288125000000122,0.25,-1
1882,5862,9.295000000000122,0.25,-1
1883,5863,9.301875000000123,0.25,-1
1884,5864,9.308750000000124,0.25,-1
1885,5865,9.315625000000125,0.25,-1
1886,5866,9.322500000000126,0.25,-1
1887,5867,9.329375000000127,0.25,-1
1888,5868,9.336250000000128,0.25,-1
1889,5869,9.343125000000128,0.25,-1
1890,5870,9.35000000000013,0.25,-1
1891,5871,9.35687500000013,0.25,-1
1892,5872,9.35687500000013,0.31666666666666665,17
1893,5873,9.35687500000013,0.31666666666666665,17
1894,5874,9.35687500000013,0.31666666666666665,17
1895,5875,9.35687500000013,0.31666666666666665,17
1896,5876,9.35687500000013,0.31666666666666665,17
1897,5877,9.35687500000013,0.31666666666666665,17
1898,5878,9.35687500000013,0.31666666666666665,17
1899,5879,9.35687500000013,0.31666666666666665,17
1900,5880,9.35687500000013,0.31666666666666665,17
1901,5881,9.35687500000013,0.31666666666666665,17
1902,5882,9.35687500000013,0.31666666666666665,17
1903,5883,9.35687500000013,0.31666666666666665,17
1904,5884,9.35687500000013,0.31666666666666665,17
1905,5885,9.35687500000013,0.31666666666666665,17
1906,5886,9.35687500000013,0.31666666666666665,17
1907,5887,9.35687500000013,0.31666666666666665,17
1908,5888,9.35687500000013,0.31666666666666665,17
1909,5889,9.35687500000013,0.31666666666666665,17
1910,5890,9.35687500000013,0.31666666666666665,17
1911,5891,9.35687500000013,0.31666666666666665,17
1912,5892,9.35687500000013,0.31666666666666665,17
1913,5893,9.35687500000013,0.31666666666666665,17
1914,5894,9.35687500000013,0.31666666666666665,17
1915,5895,9.35687500000013,0.31666666666666665,17
1916,5896,9.35687500000013,0.31666666666666665,17
1917,5897,9.35687500000013,0.31666666666666665,17
1918,5898,9.35687500000013,0.31666666666666665,17
1919,5899,9.35687500000013,0.31666666666666665,17
1920,5900,9.35687500000013,0.31666666666666665,17
1921,5901,9.35687500000013,0.31666666666666665,17
1922,5902,9.35687500000013,0.31666666666666665,17
1923,5903,9.35687500000013,0.31666666666666665,17
1924,5904,9.35687500000013,0.31666666666666665,17
1925,5905,9.35687500000013,0.31666666666666665,17
1926,5906,9.35687500000013,0.31666666666666665,17
1927,5907,9.35687500000013,0.31666666666666665,17
1928,5908,9.35687500000013,0.31666666666666665,17
1929,5909,9.35687500000013,0.31666666666666665,17
1930,5910,9.35687500000013,0.31666666666666665,17
1931,5911,9.35687500000013,0.31666666666666665,17
1932,5912,9.35687500000013,0.31666666666666665,17
1933,5913,9.35687500000013,0.31666666666666665,17
1934,5914,9.35687500000013,0.31666666666666665,17
1935,5915,9.35687500000013,0.31666666666666665,17
1936,5916,9.35687500000013,0.31666666666666665,17
1937,5917,9.35687500000013,0.31666666666666665,17
1938,5918,9.35687500000013,0.31666666666666665,17
1939,5919,9.35687500000013,0.31666666666666665,17
1940,5920,9.35687500000013,0.31666666666666665,17
1941,5921,9.35687500000013,0.31666666666666665,17
1942,5922,9.35687500000013,0.31666666666666665,17
1943,5923,9.35687500000013,0.31666666666666665,17
1944,5924,9.35687500000013,0.31666666666666665,17
1945,5925,9.35687500000013,0.31666666666666665,17
1946,5926,9.35687500000013,0.31666666666666665,17
1947,5927,9.35687500000013,0.31666666666666665,17
1948,5928,9.35687500000013,0.31666666666666665,17
1949,5929,9.35687500000013,0.31666666666666665,17
1950,5930,9.35687500000013,0.31666666666666665,17
1951,5931,9.35687500000013,0.31666666666666665,17
1952,5932,9.35687500000013,0.31666666666666665,17
1953,5933,9.35687500000013,0.31666666666666665,17
1954,5934,9.35687500000013,0.31666666666666665,17
1955,5935,9.35687500000013,0.31666666666666665,17
1956,5936,9.35687500000013,0.31666666666666665,17
1957,5937,9.35687500000013,0.31666666666666665,17
1958,5938,9.35687500000013,0.31666666666666665,17
1959,5939,9.35687500000013,0.31666666666666665,17
1960,5940,9.35687500000013,0.31666666666666665,17
1961,5941,9.35687500000013,0.31666666666666665,17
1962,5942,9.35687500000013,0.31666666666666665,17
1963,5943,9.35687500000013,0.31666666666666665,17
1964,5944,9.35687500000013,0.31666666666666665,17
1965,5945,9.35687500000013,0.31666666666666665,17
1966,5946,9.35687500000013,0.31666666666666665,17
1967,5947,9.35687500000013,0.31666666666666665,17
1968,5948,9.35687500000013,0.31666666666666665,17
1969,5949,9.35687500000013,0.31666666666666665,17
1970,5950,9.35687500000013,0.31666666666666665,17
1971,5951,9.35687500000013,0.31666666666666665,17
1972,5952,9.35687500000013,0.31666666666666665,17
1973,5953,9.35687500000013,0.31666666666666665,17
1974,5954,9.35687500000013,0.31666666666666665,17
1975,5955,9.35687500000013,0.31666666666666665,17
1976,5956,9.35687500000013,0.31666666666666665,17
1977,5957,9.35687500000013,0.31666666666666665,17
1978,5958,9.35687500000013,0.31666666666666665,17
1979,5959,9.35687500000013,0.31666666666666665,17
1980,5960,9.35687500000013,0.31666666666666665,17
1981,5961,9.35687500000013,0.31666666666666665,17
1982,5962,9.35687500000013,0.31666666666666665,17
1983,5963,9.35687500000013,0.31666666666666665,17
1984,5964,9.35687500000013,0.31666666666666665,17
1985,5965,9.363750000000131,0.31666666666666665,-1
1986,5966,9.370625000000132,0.31666666666666665,-1
1987,5967,9.377500000000133,0.31666666666666665,-1
1988,5968,9.384375000000134,0.31666666666666665,-1
1989,5969,9.391250000000134,0.31666666666666665,-1
1990,5970,9.398125000000135,0.31666666666666665,-1
1991,5971,9.405000000000136,0.31666666666666665,-1
1992,5972,9.411875000000137,0.31666666666666665,-1
1993,5973,9.418750000000138,0.31666666666666665,-1
1994,5974,9.425625000000139,0.31666666666666665,-1
1995,5975,9.43250000000014,0.31666666666666665,-1
1996,5976,9.43937500000014,0.31666666666666665,-1
1997,5977,9.446250000000141,0.31666666666666665,-1
1998,5978,9.453125000000142,0.31666666666666665,-1
1999,5979,9.460000000000143,0.31666666666666665,-1
2000,5980,9.466875000000144,0.31666666666666665,-1
2001,5981,9.473750000000145,0.31666666666666665,-1
2002,5982,9.480625000000146,0.31666666666666665,-1
2003,5983,9.487500000000146,0.31666666666666665,-1
2004,5984,9.494375000000147,0.31666666666666665,-1
2005,5985,9.501250000000148,0.31666666666666665,-1
2006,5986,9.508125000000149,0.31666666666666665,-1
2007,5987,9.51500000000015,0.31666666666666665,-1
2008,5988,9.52187500000015,0.31666666666666665,-1
2009,5989,9.528750000000151,0.31666666666666665,-1
2010,5990,9.535625000000152,0.31666666666666665,-1
2011,5991,9.542500000000153,0.31666666666666665,-1
2012,5992,9.549375000000154,0.31666666666666665,-1
2013,5993,9.556250000000155,0.31666666666666665,-1
2014,5994,9.563125000000156,0.31666666666666665,-1
2015,5995,9.570000000000157,0.31666666666666665,-1
2016,5996,9.576875000000157,0.31666666666666665,-1
2017,5997,9.583750000000158,0.31666666666666665,-1
2018,5998,9.59062500000016,0.31666666666666665,-1
2019,5999,9.59750000000016,0.31666666666666665,-1
2020,6000,9.60437500000016,0.31666666666666665,-1
2021,6001,9.611250000000162,0.31666666666666665,-1
2022,6002,9.618125000000163,0.31666666666666665,-1
2023,6003,9.625000000000163,0.31666666666666665,-1
2024,6004,9.631875000000164,0.31666666666666665,-1
2025,6005,9.638750000000165,0.31666666666666665,-1
2026,6006,9.645625000000166,0.31666666666666665,-1
2027,6007,9.652500000000167,0.31666666666666665,-1
2028,6008,9.659375000000168,0.31666666666666665,-1
2029,6009,9.666250000000169,0.31666666666666665,-1
2030,6010,9.67312500000017,0.31666666666666665,-1
2031,6011,9.68000000000017,0.31666666666666665,-1
2032,6012,9.686875000000171,0.31666666666666665,-1
2033,6013,9.693750000000172,0.31666666666666665,-1
2034,6014,9.700625000000173,0.31666666666666665,-1
2035,6015,9.707500000000174,0.31666666666666665,-1
2036,6016,9.714375000000175,0.31666666666666665,-1
2037,6017,9.721250000000175,0.31666666666666665,-1
2038,6018,9.728125000000176,0.31666666666666665,-1
2039,6019,9.735000000000177,0.31666666666666665,-1
2040,6020,9.741875000000178,0.31666666666666665,-1
2041,6021,9.748750000000179,0.31666666666666665,-1
2042,6022,9.75562500000018,0.31666666666666665,-1
2043,6023,9.76250000000018,0.31666666666666665,-1
2044,6024,9.769375000000181,0.31666666666666665,-1
2045,6025,9.776250000000182,0.31666666666666665,-1
2046,6026,9.776250000000182,0.44166666666666665,18
2047,6027,9.776250000000182,0.44166666666666665,18
2048,6028,9.776250000000182,0.44166666666666665,18
2049,6029,9.776250000000182,0.44166666666666665,18
2050,6030,9.776250000000182,0.44166666666666665,18
2051,6031,9.776250000000182,0.44166666666666665,18
2052,6032,9.776250000000182,0.44166666666666665,18
2053,6033,9.776250000000182,0.44166666666666665,18
2054,6034,9.776250000000182,0.44166666666666665,18
2055,6035,9.776250000000182,0.44166666666666665,18
2056,6036,9.776250000000182,0.44166666666666665,18
2057,6037,9.776250000000182,0.44166666666666665,18
2058,6038,9.776250000000182,0.44166666666666665,18
2059,6039,9.776250000000182,0.44166666666666665,18
2060,6040,9.776250000000182,0.44166666666666665,18
2061,6041,9.776250000000182,0.44166666666666665,18
2062,6042,9.776250000000182,0.44166666666666665,18
2063,6043,9.776250000000182,0.44166666666666665,18
2064,6044,9.776250000000182,0.44166666666666665,18
2065,6045,9.776250000000182,0.44166666666666665,18
2066,6046,9.776250000000182,0.44166666666666665,18
2067,6047,9.776250000000182,0.44166666666666665,18
2068,6048,9.776250000000182,0.44166666666666665,18
2069,6049,9.776250000000182,0.44166666666666665,18
2070,6050,9.776250000000182,0.44166666666666665,18
2071,6051,9.776250000000182,0.44166666666666665,18
2072,6052,9.776250000000182,0.44166666666666665,18
2073,6053,9.776250000000182,0.44166666666666665,18
2074,6054,9.776250000000182,0.44166666666666665,18
2075,6055,9.776250000000182,0.44166666666666665,18
2076,6056,9.776250000000182,0.44166666666666665,18
2077,6057,9.776250000000182,0.44166666666666665,18
2078,6058,9.776250000000182,0.44166666666666665,18
2079,6059,9.776250000000182,0.44166666666666665,18
2080,6060,9.776250000000182,0.44166666666666665,18
2081,6061,9.776250000000182,0.44166666666666665,18
2082,6062,9.776250000000182,0.44166666666666665,18
2083,6063,9.776250000000182,0.44166666666666665,18
2084,6064,9.776250000000182,0.44166666666666665,18
2085,6065,9.776250000000182,0.44166666666666665,18
2086,6066,9.776250000000182,0.44166666666666665,18
2087,6067,9.776250000000182,0.44166666666666665,18
2088,6068,9.776250000000182,0.44166666666666665,18
2089,6069,9.776250000000182,0.44166666666666665,18
2090,6070,9.776250000000182,0.44166666666666665,18
2091,6071,9.776250000000182,0.44166666666666665,18
2092,6072,9.776250000000182,0.44166666666666665,18
2093,6073,9.776250000000182,0.44166666666666665,18
2094,6074,9.783125000000183,0.44166666666666665,-1
2095,6075,9.790000000000184,0.44166666666666665,-1
2096,6076,9.796875000000185,0.44166666666666665,-1
2097,6077,9.803750000000186,0.44166666666666665,-1
2098,6078,9.810625000000186,0.44166666666666665,-1
2099,6079,9.817500000000187,0.44166666666666665,-1
2100,6080,9.824375000000188,0.44166666666666665,-1
2101,6081,9.831250000000189,0.44166666666666665,-1
2102,6082,9.83812500000019,0.44166666666666665,-1
2103,6083,9.84500000000019,0.44166666666666665,-1
2104,6084,9.851875000000192,0.44166666666666665,-1
2105,6085,9.858750000000192,0.44166666666666665,-1
2106,6086,9.865625000000193,0.44166666666666665,-1
2107,6087,9.872500000000194,0.44166666666666665,-1
2108,6088,9.879375000000195,0.44166666666666665,-1
2109,6089,9.886250000000196,0.44166666666666665,-1
2110,6090,9.893125000000197,0.44166666666666665,-1
2111,6091,9.900000000000198,0.44166666666666665,-1
2112,6092,9.906875000000198,0.44166666666666665,-1
2113,6093,9.9137500000002,0.44166666666666665,-1
2114,6094,9.9206250000002,0.44166666666666665,-1
2115,6095,9.927500000000201,0.44166666666666665,-1
2116,6096,9.934375000000202,0.44166666666666665,-1
2117,6097,9.941250000000203,0.44166666666666665,-1
2118,6098,9.948125000000203,0.44166666666666665,-1
2119,6099,9.955000000000204,0.44166666666666665,-1
2120,6100,9.961875000000205,0.44166666666666665,-1
2121,6101,9.968750000000206,0.44166666666666665,-1
2122,6102,9.975625000000207,0.44166666666666665,-1
2123,6103,9.982500000000208,0.44166666666666665,-1
2124,6104,9.989375000000209,0.44166666666666665,-1
2125,6105,9.99625000000021,0.44166666666666665,-1
2126,6106,10.00312500000021,0.44166666666666665,-1
2127,6107,10.010000000000211,0.44166666666666665,-1
2128,6108,10.016875000000212,0.44166666666666665,-1
2129,6109,10.023750000000213,0.44166666666666665,-1
2130,6110,10.030625000000214,0.44166666666666665,-1
2131,6111,10.037500000000215,0.44166666666666665,-1
2132,6112,10.044375000000215,0.44166666666666665,-1
2133,6113,10.051250000000216,0.44166666666666665,-1
2134,6114,10.058125000000217,0.44166666666666665,-1
2135,6115,10.065000000000218,0.44166666666666665,-1
2136,6116,10.071875000000219,0.44166666666666665,-1
2137,6117,10.07875000000022,0.44166666666666665,-1
2138,6118,10.08562500000022,0.44166666666666665,-1
2139,6119,10.092500000000221,0.44166666666666665,-1
2140,6120,10.099375000000222,0.44166666666666665,-1
2141,6121,10.106250000000223,0.44166666666666665,-1
2142,6122,10.113125000000224,0.44166666666666665,-1
2143,6123,10.120000000000225,0.44166666666666665,-1
2144,6124,10.126875000000226,0.44166666666666665,-1
2145,6125,10.133750000000227,0.44166666666666665,-1
2146,6126,10.140625000000227,0.44166666666666665,-1
2147,6127,10.147500000000228,0.44166666666666665,-1
2148,6128,10.154375000000229,0.44166666666666665,-1
2149,6129,10.16125000000023,0.44166666666666665,-1
2150,6130,10.16812500000023,0.44166666666666665,-1
2151,6131,10.16812500000023,0.43333333333333335,19
2152,6132,10.16812500000023,0.43333333333333335,19
2153,6133,10.16812500000023,0.43333333333333335,19
2154,6134,10.16812500000023,0.43333333333333335,19
2155,6135,10.16812500000023,0.43333333333333335,19
2156,6136,10.16812500000023,0.43333333333333335,19
2157,6137,10.16812500000023,0.43333333333333335,19
2158,6138,10.16812500000023,0.43333333333333335,19
2159,6139,10.16812500000023,0.43333333333333335,19
2160,6140,10.16812500000023,0.43333333333333335,19
2161,6141,10.16812500000023,0.43333333333333335,19
2162,6142,10.16812500000023,0.43333333333333335,19
2163,6143,10.16812500000023,0.43333333333333335,19
2164,6144,10.16812500000023,0.43333333333333335,19
2165,6145,10.16812500000023,0.43333333333333335,19
2166,6146,10.16812500000023,0.43333333333333335,19
2167,6147,10.16812500000023,0.43333333333333335,19
2168,6148,10.16812500000023,0.43333333333333335,19
2169,6149,10.175000000000232,0.43333333333333335,-1
2170,6150,10.181875000000232,0.43333333333333335,-1
2171,6151,10.188750000000233,0.43333333333333335,-1
2172,6152,10.195625000000234,0.43333333333333335,-1
2173,6153,10.202500000000235,0.43333333333333335,-1
2174,6154,10.209375000000236,0.43333333333333335,-1
2175,6155,10.216250000000237,0.43333333333333335,-1
2176,6156,10.223125000000238,0.43333333333333335,-1
2177,6157,10.230000000000238,0.43333333333333335,-1
2178,6158,10.23687500000024,0.43333333333333335,-1
2179,6159,10.24375000000024,0.43333333333333335,-1
2180,6160,10.250625000000241,0.43333333333333335,-1
2181,6161,10.257500000000242,0.43333333333333335,-1
2182,6162,10.264375000000243,0.43333333333333335,-1
2183,6163,10.271250000000244,0.43333333333333335,-1
2184,6164,10.278125000000244,0.43333333333333335,-1
2185,6165,10.285000000000245,0.43333333333333335,-1
2186,6166,10.291875000000246,0.43333333333333335,-1
2187,6167,10.298750000000247,0.43333333333333335,-1
2188,6168,10.305625000000248,0.43333333333333335,-1
2189,6169,10.312500000000249,0.43333333333333335,-1
2190,6170,10.31937500000025,0.43333333333333335,-1
2191,6171,10.32625000000025,0.43333333333333335,-1
2192,6172,10.333125000000251,0.43333333333333335,-1
2193,6173,10.340000000000252,0.43333333333333335,-1
2194,6174,10.346875000000253,0.43333333333333335,-1
2195,6175,10.353750000000254,0.43333333333333335,-1
2196,6176,10.360625000000255,0.43333333333333335,-1
2197,6177,10.367500000000256,0.43333333333333335,-1
2198,6178,10.374375000000256,0.43333333333333335,-1
2199,6179,10.381250000000257,0.43333333333333335,-1
2200,6180,10.388125000000258,0.43333333333333335,-1
2201,6181,10.395000000000259,0.43333333333333335,-1
2202,6182,10.40187500000026,0.43333333333333335,-1
2203,6183,10.40875000000026,0.43333333333333335,-1
2204,6184,10.415625000000261,0.43333333333333335,-1
2205,6185,10.422500000000262,0.43333333333333335,-1
2206,6186,10.429375000000263,0.43333333333333335,-1
2207,6187,10.436250000000264,0.43333333333333335,-1
2208,6188,10.443125000000265,0.43333333333333335,-1
2209,6189,10.450000000000266,0.43333333333333335,-1
2210,6190,10.456875000000267,0.43333333333333335,-1
2211,6191,10.463750000000267,0.43333333333333335,-1
2212,6192,10.470625000000268,0.43333333333333335,-1
2213,6193,10.47750000000027,0.43333333333333335,-1
2214,6194,10.48437500000027,0.43333333333333335,-1
2215,6195,10.49125000000027,0.43333333333333335,-1
2216,6196,10.498125000000272,0.43333333333333335,-1
2217,6197,10.505000000000273,0.43333333333333335,-1
2218,6198,10.511875000000273,0.43333333333333335,-1
2219,6199,10.518750000000274,0.43333333333333335,-1
2220,6200,10.525625000000275,0.43333333333333335,-1
2221,6201,10.532500000000276,0.43333333333333335,-1
2222,6202,10.539375000000277,0.43333333333333335,-1
2223,6203,10.546250000000278,0.43333333333333335,-1
2224,6204,10.553125000000279,0.43333333333333335,-1
2225,6205,10.56000000000028,0.43333333333333335,-1
2226,6206,10.56687500000028,0.43333333333333335,-1
2227,6207,10.573750000000281,0.43333333333333335,-1
2228,6208,10.580625000000282,0.43333333333333335,-1
2229,6209,10.587500000000283,0.43333333333333335,-1
2230,6210,10.594375000000284,0.43333333333333335,-1
2231,6211,10.601250000000285,0.43333333333333335,-1
2232,6212,10.608125000000285,0.43333333333333335,-1
2233,6213,10.615000000000286,0.43333333333333335,-1
2234,6214,10.621875000000287,0.43333333333333335,-1
2235,6215,10.628750000000288,0.43333333333333335,-1
2236,6216,10.635625000000289,0.43333333333333335,-1
2237,6217,10.64250000000029,0.43333333333333335,-1
2238,6218,10.64937500000029,0.43333333333333335,-1
2239,6219,10.656250000000291,0.43333333333333335,-1
2240,6220,10.663125000000292,0.43333333333333335,-1
2241,6221,10.670000000000293,0.43333333333333335,-1
2242,6222,10.676875000000294,0.43333333333333335,-1
2243,6223,10.683750000000295,0.43333333333333335,-1
2244,6224,10.690625000000296,0.43333333333333335,-1
2245,6225,10.697500000000296,0.43333333333333335,-1
2246,6226,10.704375000000297,0.43333333333333335,-1
2247,6227,10.711250000000298,0.43333333333333335,-1
2248,6228,10.718125000000299,0.43333333333333335,-1
2249,6229,10.7250000000003,0.43333333333333335,-1
2250,6230,10.7318750000003,0.43333333333333335,-1
2251,6231,10.738750000000302,0.43333333333333335,-1
2252,6232,10.745625000000302,0.43333333333333335,-1
2253,6233,10.752500000000303,0.43333333333333335,-1
2254,6234,10.759375000000304,0.43333333333333335,-1
2255,6235,10.766250000000305,0.43333333333333335,-1
2256,6236,10.773125000000306,0.43333333333333335,-1
2257,6237,10.780000000000307,0.43333333333333335,-1
2258,6238,10.786875000000308,0.43333333333333335,-1
2259,6239,10.793750000000308,0.43333333333333335,-1
2260,6240,10.80062500000031,0.43333333333333335,-1
2261,6241,10.80750000000031,0.43333333333333335,-1
2262,6242,10.814375000000311,0.43333333333333335,-1
2263,6243,10.821250000000312,0.43333333333333335,-1
2264,6244,10.828125000000313,0.43333333333333335,-1
2265,6245,10.835000000000313,0.43333333333333335,-1
2266,6246,10.841875000000314,0.43333333333333335,-1
2267,6247,10.848750000000315,0.43333333333333335,-1
2268,6248,10.848750000000315,0.48333333333333334,20
2269,6249,10.848750000000315,0.48333333333333334,20
2270,6250,10.848750000000315,0.48333333333333334,20
2271,6251,10.848750000000315,0.48333333333333334,20
2272,6252,10.848750000000315,0.48333333333333334,20
2273,6253,10.848750000000315,0.48333333333333334,20
2274,6254,10.848750000000315,0.48333333333333334,20
2275,6255,10.848750000000315,0.48333333333333334,20
2276,6256,10.848750000000315,0.48333333333333334,20
2277,6257,10.848750000000315,0.48333333333333334,20
2278,6258,10.848750000000315,0.48333333333333334,20
2279,6259,10.848750000000315,0.48333333333333334,20
2280,6260,10.848750000000315,0.48333333333333334,20
2281,6261,10.848750000000315,0.48333333333333334,20
2282,6262,10.848750000000315,0.48333333333333334,20
2283,6263,10.848750000000315,0.48333333333333334,20
2284,6264,10.848750000000315,0.48333333333333334,20
2285,6265,10.848750000000315,0.48333333333333334,20
2286,6266,10.848750000000315,0.48333333333333334,20
2287,6267,10.848750000000315,0.48333333333333334,20
2288,6268,10.848750000000315,0.48333333333333334,20
2289,6269,10.848750000000315,0.48333333333333334,20
2290,6270,10.848750000000315,0.48333333333333334,20
2291,6271,10.848750000000315,0.48333333333333334,20
2292,6272,10.848750000000315,0.48333333333333334,20
2293,6273,10.848750000000315,0.48333333333333334,20
2294,6274,10.848750000000315,0.48333333333333334,20
2295,6275,10.855625000000316,0.48333333333333334,-1
2296,6276,10.862500000000317,0.48333333333333334,-1
2297,6277,10.869375000000318,0.48333333333333334,-1
2298,6278,10.876250000000319,0.48333333333333334,-1
2299,6279,10.88312500000032,0.48333333333333334,-1
2300,6280,10.89000000000032,0.48333333333333334,-1
2301,6281,10.896875000000321,0.48333333333333334,-1
2302,6282,10.903750000000322,0.48333333333333334,-1
2303,6283,10.910625000000323,0.48333333333333334,-1
2304,6284,10.917500000000324,0.48333333333333334,-1
2305,6285,10.924375000000325,0.48333333333333334,-1
2306,6286,10.931250000000325,0.48333333333333334,-1
2307,6287,10.938125000000326,0.48333333333333334,-1
2308,6288,10.945000000000327,0.48333333333333334,-1
2309,6289,10.951875000000328,0.48333333333333334,-1
2310,6290,10.958750000000329,0.48333333333333334,-1
2311,6291,10.96562500000033,0.48333333333333334,-1
2312,6292,10.97250000000033,0.48333333333333334,-1
2313,6293,10.979375000000331,0.48333333333333334,-1
2314,6294,10.986250000000332,0.48333333333333334,-1
2315,6295,10.993125000000333,0.48333333333333334,-1
2316,6296,11.000000000000334,0.48333333333333334,-1
2317,6297,11.006875000000335,0.48333333333333334,-1
2318,6298,11.013750000000336,0.48333333333333334,-1
2319,6299,11.020625000000337,0.48333333333333334,-1
2320,6300,11.027500000000337,0.48333333333333334,-1
2321,6301,11.034375000000338,0.48333333333333334,-1
2322,6302,11.041250000000339,0.48333333333333334,-1
2323,6303,11.04812500000034,0.48333333333333334,-1
2324,6304,11.05500000000034,0.48333333333333334,-1
2325,6305,11.061875000000342,0.48333333333333334,-1
2326,6306,11.068750000000342,0.48333333333333334,-1
2327,6307,11.075625000000343,0.48333333333333334,-1
2328,6308,11.082500000000344,0.48333333333333334,-1
2329,6309,11.089375000000345,0.48333333333333334,-1
2330,6310,11.096250000000346,0.48333333333333334,-1
2331,6311,11.103125000000347,0.48333333333333334,-1
2332,6312,11.110000000000348,0.48333333333333334,-1
2333,6313,11.116875000000348,0.48333333333333334,-1
2334,6314,11.12375000000035,0.48333333333333334,-1
2335,6315,11.13062500000035,0.48333333333333334,-1
2336,6316,11.137500000000351,0.48333333333333334,-1
2337,6317,11.144375000000352,0.48333333333333334,-1
2338,6318,11.151250000000353,0.48333333333333334,-1
2339,6319,11.158125000000354,0.48333333333333334,-1
2340,6320,11.165000000000354,0.48333333333333334,-1
2341,6321,11.171875000000355,0.48333333333333334,-1
2342,6322,11.178750000000356,0.48333333333333334,-1
2343,6323,11.185625000000357,0.48333333333333334,-1
2344,6324,11.192500000000358,0.48333333333333334,-1
2345,6325,11.199375000000359,0.48333333333333334,-1
2346,6326,11.20625000000036,0.48333333333333334,-1
2347,6327,11.21312500000036,0.48333333333333334,-1
2348,6328,11.220000000000361,0.48333333333333334,-1
2349,6329,11.226875000000362,0.48333333333333334,-1
2350,6330,11.233750000000363,0.48333333333333334,-1
2351,6331,11.240625000000364,0.48333333333333334,-1
2352,6332,11.247500000000365,0.48333333333333334,-1
2353,6333,11.254375000000366,0.48333333333333334,-1
2354,6334,11.261250000000366,0.48333333333333334,-1
2355,6335,11.268125000000367,0.48333333333333334,-1
2356,6336,11.275000000000368,0.48333333333333334,-1
2357,6337,11.281875000000369,0.48333333333333334,-1
2358,6338,11.28875000000037,0.48333333333333334,-1
2359,6339,11.29562500000037,0.48333333333333334,-1
2360,6340,11.302500000000371,0.48333333333333334,-1
2361,6341,11.309375000000372,0.48333333333333334,-1
2362,6342,11.316250000000373,0.48333333333333334,-1
2363,6343,11.323125000000374,0.48333333333333334,-1
2364,6344,11.330000000000375,0.48333333333333334,-1
2365,6345,11.336875000000376,0.48333333333333334,-1
2366,6346,11.343750000000377,0.48333333333333334,-1
2367,6347,11.350625000000377,0.48333333333333334,-1
2368,6348,11.357500000000378,0.48333333333333334,-1
2369,6349,11.36437500000038,0.48333333333333334,-1
2370,6350,11.37125000000038,0.48333333333333334,-1
2371,6351,11.37812500000038,0.48333333333333334,-1
2372,6352,11.385000000000382,0.48333333333333334,-1
2373,6353,11.391875000000383,0.48333333333333334,-1
2374,6354,11.398750000000383,0.48333333333333334,-1
2375,6355,11.405625000000384,0.48333333333333334,-1
2376,6356,11.412500000000385,0.48333333333333334,-1
2377,6357,11.419375000000386,0.48333333333333334,-1
2378,6358,11.426250000000387,0.48333333333333334,-1
2379,6359,11.433125000000388,0.48333333333333334,-1
2380,6360,11.440000000000389,0.48333333333333334,-1
2381,6361,11.44687500000039,0.48333333333333334,-1
2382,6362,11.45375000000039,0.48333333333333334,-1
2383,6363,11.460625000000391,0.48333333333333334,-1
2384,6364,11.467500000000392,0.48333333333333334,-1
2385,6365,11.474375000000393,0.48333333333333334,-1
2386,6366,11.481250000000394,0.48333333333333334,-1
2387,6367,11.488125000000394,0.48333333333333334,-1
2388,6368,11.495000000000395,0.48333333333333334,-1
2389,6369,11.501875000000396,0.48333333333333334,-1
2390,6370,11.501875000000396,0.6,21
2391,6371,11.501875000000396,0.6,21
2392,6372,11.501875000000396,0.6,21
2393,6373,11.501875000000396,0.6,21
2394,6374,11.501875000000396,0.6,21
2395,6375,11.501875000000396,0.6,21
2396,6376,11.501875000000396,0.6,21
2397,6377,11.501875000000396,0.6,21
2398,6378,11.501875000000396,0.6,21
2399,6379,11.501875000000396,0.6,21
2400,6380,11.501875000000396,0.6,21
2401,6381,11.501875000000396,0.6,21
2402,6382,11.501875000000396,0.6,21
2403,6383,11.501875000000396,0.6,21
2404,6384,11.501875000000396,0.6,21
2405,6385,11.501875000000396,0.6,21
2406,6386,11.501875000000396,0.6,21
2407,6387,11.501875000000396,0.6,21
2408,6388,11.501875000000396,0.6,21
2409,6389,11.501875000000396,0.6,21
2410,6390,11.501875000000396,0.6,21
2411,6391,11.501875000000396,0.6,21
2412,6392,11.501875000000396,0.6,21
2413,6393,11.501875000000396,0.6,21
2414,6394,11.501875000000396,0.6,21
2415,6395,11.501875000000396,0.6,21
2416,6396,11.501875000000396,0.6,21
2417,6397,11.501875000000396,0.6,21
2418,6398,11.501875000000396,0.6,21
2419,6399,11.501875000000396,0.6,21
2420,6400,11.501875000000396,0.6,21
2421,6401,11.501875000000396,0.6,21
2422,6402,11.501875000000396,0.6,21
2423,6403,11.501875000000396,0.6,21
2424,6404,11.501875000000396,0.6,21
2425,6405,11.501875000000396,0.6,21
2426,6406,11.501875000000396,0.6,21
2427,6407,11.501875000000396,0.6,21
2428,6408,11.501875000000396,0.6,21
2429,6409,11.501875000000396,0.6,21
2430,6410,11.501875000000396,0.6,21
2431,6411,11.501875000000396,0.6,21
2432,6412,11.501875000000396,0.6,21
2433,6413,11.501875000000396,0.6,21
2434,6414,11.501875000000396,0.6,21
2435,6415,11.501875000000396,0.6,21
2436,6416,11.501875000000396,0.6,21
2437,6417,11.501875000000396,0.6,21
2438,6418,11.501875000000396,0.6,21
2439,6419,11.501875000000396,0.6,21
2440,6420,11.501875000000396,0.6,21
2441,6421,11.508750000000397,0.6,-1
2442,6422,11.515625000000398,0.6,-1
2443,6423,11.522500000000399,0.6,-1
2444,6424,11.5293750000004,0.6,-1
2445,6425,11.5362500000004,0.6,-1
2446,6426,11.543125000000401,0.6,-1
2447,6427,11.550000000000402,0.6,-1
2448,6428,11.556875000000403,0.6,-1
2449,6429,11.563750000000404,0.6,-1
2450,6430,11.570625000000405,0.6,-1
2451,6431,11.577500000000406,0.6,-1
2452,6432,11.584375000000406,0.6,-1
2453,6433,11.591250000000407,0.6,-1
2454,6434,11.598125000000408,0.6,-1
2455,6435,11.605000000000409,0.6,-1
2456,6436,11.61187500000041,0.6,-1
2457,6437,11.61875000000041,0.6,-1
2458,6438,11.625625000000412,0.6,-1
2459,6439,11.632500000000412,0.6,-1
2460,6440,11.639375000000413,0.6,-1
2461,6441,11.646250000000414,0.6,-1
2462,6442,11.653125000000415,0.6,-1
2463,6443,11.660000000000416,0.6,-1
2464,6444,11.666875000000417,0.6,-1
2465,6445,11.673750000000418,0.6,-1
2466,6446,11.680625000000418,0.6,-1
2467,6447,11.68750000000042,0.6,-1
2468,6448,11.69437500000042,0.6,-1
2469,6449,11.701250000000421,0.6,-1
2470,6450,11.708125000000422,0.6,-1
2471,6451,11.715000000000423,0.6,-1
2472,6452,11.721875000000423,0.6,-1
2473,6453,11.728750000000424,0.6,-1
2474,6454,11.735625000000425,0.6,-1
2475,6455,11.742500000000426,0.6,-1
2476,6456,11.749375000000427,0.6,-1
2477,6457,11.756250000000428,0.6,-1
2478,6458,11.763125000000429,0.6,-1
2479,6459,11.77000000000043,0.6,-1
2480,6460,11.77687500000043,0.6,-1
2481,6461,11.783750000000431,0.6,-1
2482,6462,11.790625000000432,0.6,-1
2483,6463,11.797500000000433,0.6,-1
2484,6464,11.804375000000434,0.6,-1
2485,6465,11.811250000000435,0.6,-1
2486,6466,11.818125000000435,0.6,-1
2487,6467,11.825000000000436,0.6,-1
2488,6468,11.831875000000437,0.6,-1
2489,6469,11.838750000000438,0.6,-1
2490,6470,11.845625000000439,0.6,-1
2491,6471,11.85250000000044,0.6,-1
2492,6472,11.85937500000044,0.6,-1
2493,6473,11.866250000000441,0.6,-1
2494,6474,11.873125000000442,0.6,-1
2495,6475,11.880000000000443,0.6,-1
2496,6476,11.886875000000444,0.6,-1
2497,6477,11.893750000000445,0.6,-1
2498,6478,11.900625000000446,0.6,-1
2499,6479,11.907500000000447,0.6,-1
2500,6480,11.914375000000447,0.6,-1
2501,6481,11.921250000000448,0.6,-1
2502,6482,11.928125000000449,0.6,-1
2503,6483,11.93500000000045,0.6,-1
2504,6484,11.94187500000045,0.6,-1
2505,6485,11.948750000000452,0.6,-1
2506,6486,11.955625000000452,0.6,-1
2507,6487,11.962500000000453,0.6,-1
2508,6488,11.969375000000454,0.6,-1
2509,6489,11.976250000000455,0.6,-1
2510,6490,11.983125000000456,0.6,-1
2511,6491,11.990000000000457,0.6,-1
2512,6492,11.996875000000458,0.6,-1
2513,6493,12.003750000000458,0.6,-1
2514,6494,12.01062500000046,0.6,-1
2515,6495,12.01750000000046,0.6,-1
2516,6496,12.024375000000461,0.6,-1
2517,6497,12.031250000000462,0.6,-1
2518,6498,12.038125000000463,0.6,-1
2519,6499,12.045000000000464,0.6,-1
2520,6500,12.051875000000464,0.6,-1
2521,6501,12.058750000000465,0.6,-1
2522,6502,12.065625000000466,0.6,-1
2523,6503,12.072500000000467,0.6,-1
2524,6504,12.079375000000468,0.6,-1
2525,6505,12.086250000000469,0.6,-1
2526,6506,12.09312500000047,0.6,-1
2527,6507,12.10000000000047,0.6,-1
2528,6508,12.106875000000471,0.6,-1
2529,6509,12.113750000000472,0.6,-1
2530,6510,12.120625000000473,0.6,-1
2531,6511,12.127500000000474,0.6,-1
2532,6512,12.134375000000475,0.6,-1
2533,6513,12.141250000000475,0.6,-1
2534,6514,12.148125000000476,0.6,-1
2535,6515,12.155000000000477,0.6,-1
2536,6516,12.161875000000478,0.6,-1
2537,6517,12.168750000000479,0.6,-1
2538,6518,12.17562500000048,0.6,-1
2539,6519,12.18250000000048,0.6,-1
2540,6520,12.189375000000481,0.6,-1
2541,6521,12.196250000000482,0.6,-1
2542,6522,12.203125000000483,0.6,-1
2543,6523,12.210000000000484,0.6,-1
2544,6524,12.216875000000485,0.6,-1
2545,6525,12.223750000000486,0.6,-1
2546,6526,12.230625000000487,0.6,-1
2547,6527,12.237500000000487,0.6,-1
2548,6528,12.244375000000488,0.6,-1
2549,6529,12.25125000000049,0.6,-1
2550,6530,12.25812500000049,0.6,-1
2551,6531,12.26500000000049,0.6,-1
2552,6532,12.271875000000492,0.6,-1
2553,6533,12.278750000000493,0.6,-1
2554,6534,12.285625000000493,0.6,-1
2555,6535,12.285625000000493,0.6666666666666666,22
2556,6536,12.285625000000493,0.6666666666666666,22
2557,6537,12.285625000000493,0.6666666666666666,22
2558,6538,12.285625000000493,0.6666666666666666,22
2559,6539,12.285625000000493,0.6666666666666666,22
2560,6540,12.285625000000493,0.6666666666666666,22
2561,6541,12.285625000000493,0.6666666666666666,22
2562,6542,12.285625000000493,0.6666666666666666,22
2563,6543,12.285625000000493,0.6666666666666666,22
2564,6544,12.285625000000493,0.6666666666666666,22
2565,6545,12.285625000000493,0.6666666666666666,22
2566,6546,12.285625000000493,0.6666666666666666,22
2567,6547,12.285625000000493,0.6666666666666666,22
2568,6548,12.285625000000493,0.6666666666666666,22
2569,6549,12.285625000000493,0.6666666666666666,22
2570,6550,12.285625000000493,0.6666666666666666,22
2571,6551,12.285625000000493,0.6666666666666666,22
2572,6552,12.285625000000493,0.6666666666666666,22
2573,6553,12.285625000000493,0.6666666666666666,22
2574,6554,12.285625000000493,0.6666666666666666,22
2575,6555,12.285625000000493,0.6666666666666666,22
2576,6556,12.285625000000493,0.6666666666666666,22
2577,6557,12.285625000000493,0.6666666666666666,22
2578,6558,12.285625000000493,0.6666666666666666,22
2579,6559,12.285625000000493,0.6666666666666666,22
2580,6560,12.285625000000493,0.6666666666666666,22
2581,6561,12.285625000000493,0.6666666666666666,22
2582,6562,12.285625000000493,0.6666666666666666,22
2583,6563,12.285625000000493,0.6666666666666666,22
2584,6564,12.285625000000493,0.6666666666666666,22
2585,6565,12.285625000000493,0.6666666666666666,22
2586,6566,12.285625000000493,0.6666666666666666,22
2587,6567,12.285625000000493,0.6666666666666666,22
2588,6568,12.285625000000493,0.6666666666666666,22
2589,6569,12.285625000000493,0.6666666666666666,22
2590,6570,12.285625000000493,0.6666666666666666,22
2591,6571,12.285625000000493,0.6666666666666666,22
2592,6572,12.285625000000493,0.6666666666666666,22
2593,6573,12.285625000000493,0.6666666666666666,22
2594,6574,12.285625000000493,0.6666666666666666,22
2595,6575,12.285625000000493,0.6666666666666666,22
2596,6576,12.285625000000493,0.6666666666666666,22
2597,6577,12.285625000000493,0.6666666666666666,22
2598,6578,12.285625000000493,0.6666666666666666,22
2599,6579,12.285625000000493,0.6666666666666666,22
2600,6580,12.285625000000493,0.6666666666666666,22
2601,6581,12.285625000000493,0.6666666666666666,22
2602,6582,12.285625000000493,0.6666666666666666,22
2603,6583,12.285625000000493,0.6666666666666666,22
2604,6584,12.285625000000493,0.6666666666666666,22
2605,6585,12.285625000000493,0.6666666666666666,22
2606,6586,12.285625000000493,0.6666666666666666,22
2607,6587,12.285625000000493,0.6666666666666666,22
2608,6588,12.285625000000493,0.6666666666666666,22
2609,6589,12.285625000000493,0.6666666666666666,22
2610,6590,12.285625000000493,0.6666666666666666,22
2611,6591,12.285625000000493,0.6666666666666666,22
2612,6592,12.285625000000493,0.6666666666666666,22
2613,6593,12.285625000000493,0.6666666666666666,22
2614,6594,12.285625000000493,0.6666666666666666,22
2615,6595,12.285625000000493,0.6666666666666666,22
2616,6596,12.285625000000493,0.6666666666666666,22
2617,6597,12.285625000000493,0.6666666666666666,22
2618,6598,12.285625000000493,0.6666666666666666,22
2619,6599,12.285625000000493,0.6666666666666666,22
2620,6600,12.285625000000493,0.6666666666666666,22
2621,6601,12.285625000000493,0.6666666666666666,22
2622,6602,12.285625000000493,0.6666666666666666,22
2623,6603,12.285625000000493,0.6666666666666666,22
2624,6604,12.285625000000493,0.6666666666666666,22
2625,6605,12.285625000000493,0.6666666666666666,22
2626,6606,12.285625000000493,0.6666666666666666,22
2627,6607,12.285625000000493,0.6666666666666666,22
2628,6608,12.285625000000493,0.6666666666666666,22
2629,6609,12.285625000000493,0.6666666666666666,22
2630,6610,12.285625000000493,0.6666666666666666,22
2631,6611,12.285625000000493,0.6666666666666666,22
2632,6612,12.285625000000493,0.6666666666666666,22
2633,6613,12.285625000000493,0.6666666666666666,22
2634,6614,12.285625000000493,0.6666666666666666,22
2635,6615,12.285625000000493,0.6666666666666666,22
2636,6616,12.285625000000493,0.6666666666666666,22
2637,6617,12.285625000000493,0.6666666666666666,22
2638,6618,12.285625000000493,0.6666666666666666,22
2639,6619,12.285625000000493,0.6666666666666666,22
2640,6620,12.285625000000493,0.6666666666666666,22
2641,6621,12.285625000000493,0.6666666666666666,22
2642,6622,12.285625000000493,0.6666666666666666,22
2643,6623,12.285625000000493,0.6666666666666666,22
2644,6624,12.285625000000493,0.6666666666666666,22
2645,6625,12.285625000000493,0.6666666666666666,22
2646,6626,12.285625000000493,0.6666666666666666,22
2647,6627,12.285625000000493,0.6666666666666666,22
2648,6628,12.285625000000493,0.6666666666666666,22
2649,6629,12.285625000000493,0.6666666666666666,22
2650,6630,12.285625000000493,0.6666666666666666,22
2651,6631,12.285625000000493,0.6666666666666666,22
2652,6632,12.285625000000493,0.6666666666666666,22
2653,6633,12.285625000000493,0.6666666666666666,22
2654,6634,12.285625000000493,0.6666666666666666,22
2655,6635,12.285625000000493,0.6666666666666666,22
2656,6636,12.285625000000493,0.6666666666666666,22
2657,6637,12.285625000000493,0.6666666666666666,22
2658,6638,12.285625000000493,0.6666666666666666,22
2659,6639,12.285625000000493,0.6666666666666666,22
2660,6640,12.285625000000493,0.6666666666666666,22
2661,6641,12.285625000000493,0.6666666666666666,22
2662,6642,12.285625000000493,0.6666666666666666,22
2663,6643,12.285625000000493,0.6666666666666666,22
2664,6644,12.285625000000493,0.6666666666666666,22
2665,6645,12.285625000000493,0.6666666666666666,22
2666,6646,12.285625000000493,0.6666666666666666,22
2667,6647,12.285625000000493,0.6666666666666666,22
2668,6648,12.285625000000493,0.6666666666666666,22
2669,6649,12.285625000000493,0.6666666666666666,22
2670,6650,12.285625000000493,0.6666666666666666,22
2671,6651,12.285625000000493,0.6666666666666666,22
2672,6652,12.285625000000493,0.6666666666666666,22
2673,6653,12.285625000000493,0.6666666666666666,22
2674,6654,12.285625000000493,0.6666666666666666,22
2675,6655,12.285625000000493,0.6666666666666666,22
2676,6656,12.285625000000493,0.6666666666666666,22
2677,6657,12.285625000000493,0.6666666666666666,22
2678,6658,12.285625000000493,0.6666666666666666,22
2679,6659,12.285625000000493,0.6666666666666666,22
2680,6660,12.285625000000493,0.6666666666666666,22
2681,6661,12.285625000000493,0.6666666666666666,22
2682,6662,12.285625000000493,0.6666666666666666,22
2683,6663,12.285625000000493,0.6666666666666666,22
2684,6664,12.285625000000493,0.6666666666666666,22
2685,6665,12.285625000000493,0.6666666666666666,22
2686,6666,12.285625000000493,0.6666666666666666,22
2687,6667,12.285625000000493,0.6666666666666666,22
2688,6668,12.285625000000493,0.6666666666666666,22
2689,6669,12.285625000000493,0.6666666666666666,22
2690,6670,12.285625000000493,0.6666666666666666,22
2691,6671,12.285625000000493,0.6666666666666666,22
2692,6672,12.292500000000494,0.6666666666666666,-1
2693,6673,12.299375000000495,0.6666666666666666,-1
2694,6674,12.306250000000496,0.6666666666666666,-1
2695,6675,12.313125000000497,0.6666666666666666,-1
2696,6676,12.320000000000498,0.6666666666666666,-1
2697,6677,12.326875000000499,0.6666666666666666,-1
2698,6678,12.3337500000005,0.6666666666666666,-1
2699,6679,12.3406250000005,0.6666666666666666,-1
2700,6680,12.347500000000501,0.6666666666666666,-1
2701,6681,12.354375000000502,0.6666666666666666,-1
2702,6682,12.361250000000503,0.6666666666666666,-1
2703,6683,12.368125000000504,0.6666666666666666,-1
2704,6684,12.375000000000504,0.6666666666666666,-1
2705,6685,12.381875000000505,0.6666666666666666,-1
2706,6686,12.388750000000506,0.6666666666666666,-1
2707,6687,12.395625000000507,0.6666666666666666,-1
2708,6688,12.402500000000508,0.6666666666666666,-1
2709,6689,12.409375000000509,0.6666666666666666,-1
2710,6690,12.41625000000051,0.6666666666666666,-1
2711,6691,12.42312500000051,0.6666666666666666,-1
2712,6692,12.430000000000511,0.6666666666666666,-1
2713,6693,12.436875000000512,0.6666666666666666,-1
2714,6694,12.443750000000513,0.6666666666666666,-1
2715,6695,12.450625000000514,0.6666666666666666,-1
2716,6696,12.457500000000515,0.6666666666666666,-1
2717,6697,12.464375000000516,0.6666666666666666,-1
2718,6698,12.471250000000516,0.6666666666666666,-1
2719,6699,12.478125000000517,0.6666666666666666,-1
2720,6700,12.485000000000518,0.6666666666666666,-1
2721,6701,12.491875000000519,0.6666666666666666,-1
2722,6702,12.49875000000052,0.6666666666666666,-1
2723,6703,12.50562500000052,0.6666666666666666,-1
2724,6704,12.512500000000522,0.6666666666666666,-1
2725,6705,12.519375000000522,0.6666666666666666,-1
2726,6706,12.526250000000523,0.6666666666666666,-1
2727,6707,12.533125000000524,0.6666666666666666,-1
2728,6708,12.540000000000525,0.6666666666666666,-1
2729,6709,12.546875000000526,0.6666666666666666,-1
2730,6710,12.553750000000527,0.6666666666666666,-1
2731,6711,12.560625000000528,0.6666666666666666,-1
2732,6712,12.567500000000528,0.6666666666666666,-1
2733,6713,12.57437500000053,0.6666666666666666,-1
2734,6714,12.58125000000053,0.6666666666666666,-1
2735,6715,12.588125000000531,0.6666666666666666,-1
2736,6716,12.595000000000532,0.6666666666666666,-1
2737,6717,12.601875000000533,0.6666666666666666,-1
2738,6718,12.608750000000533,0.6666666666666666,-1
2739,6719,12.615625000000534,0.6666666666666666,-1
2740,6720,12.622500000000535,0.6666666666666666,-1
2741,6721,12.629375000000536,0.6666666666666666,-1
2742,6722,12.636250000000537,0.6666666666666666,-1
2743,6723,12.643125000000538,0.6666666666666666,-1
2744,6724,12.650000000000539,0.6666666666666666,-1
2745,6725,12.65687500000054,0.6666666666666666,-1
2746,6726,12.66375000000054,0.6666666666666666,-1
2747,6727,12.670625000000541,0.6666666666666666,-1
2748,6728,12.677500000000542,0.6666666666666666,-1
2749,6729,12.684375000000543,0.6666666666666666,-1
2750,6730,12.691250000000544,0.6666666666666666,-1
2751,6731,12.691250000000544,0.7083333333333334,23
2752,6732,12.691250000000544,0.7083333333333334,23
2753,6733,12.691250000000544,0.7083333333333334,23
2754,6734,12.691250000000544,0.7083333333333334,23
2755,6735,12.691250000000544,0.7083333333333334,23
2756,6736,12.691250000000544,0.7083333333333334,23
2757,6737,12.691250000000544,0.7083333333333334,23
2758,6738,12.691250000000544,0.7083333333333334,23
2759,6739,12.691250000000544,0.7083333333333334,23
2760,6740,12.691250000000544,0.7083333333333334,23
2761,6741,12.691250000000544,0.7083333333333334,23
2762,6742,12.691250000000544,0.7083333333333334,23
2763,6743,12.691250000000544,0.7083333333333334,23
2764,6744,12.691250000000544,0.7083333333333334,23
2765,6745,12.691250000000544,0.7083333333333334,23
2766,6746,12.691250000000544,0.7083333333333334,23
2767,6747,12.691250000000544,0.7083333333333334,23
2768,6748,12.691250000000544,0.7083333333333334,23
2769,6749,12.691250000000544,0.7083333333333334,23
2770,6750,12.691250000000544,0.7083333333333334,23
2771,6751,12.691250000000544,0.7083333333333334,23
2772,6752,12.691250000000544,0.7083333333333334,23
2773,6753,12.691250000000544,0.7083333333333334,23
2774,6754,12.691250000000544,0.7083333333333334,23
2775,6755,12.691250000000544,0.7083333333333334,23
2776,6756,12.691250000000544,0.7083333333333334,23
2777,6757,12.691250000000544,0.7083333333333334,23
2778,6758,12.691250000000544,0.7083333333333334,23
2779,6759,12.691250000000544,0.7083333333333334,23
2780,6760,12.691250000000544,0.7083333333333334,23
2781,6761,12.691250000000544,0.7083333333333334,23
2782,6762,12.691250000000544,0.7083333333333334,23
2783,6763,12.691250000000544,0.7083333333333334,23
2784,6764,12.691250000000544,0.7083333333333334,23
2785,6765,12.691250000000544,0.7083333333333334,23
2786,6766,12.691250000000544,0.7083333333333334,23
2787,6767,12.691250000000544,0.7083333333333334,23
2788,6768,12.698125000000545,0.7083333333333334,-1
2789,6769,12.705000000000545,0.7083333333333334,-1
2790,6770,12.711875000000546,0.7083333333333334,-1
2791,6771,12.718750000000547,0.7083333333333334,-1
2792,6772,12.725625000000548,0.7083333333333334,-1
2793,6773,12.732500000000549,0.7083333333333334,-1
2794,6774,12.73937500000055,0.7083333333333334,-1
2795,6775,12.74625000000055,0.7083333333333334,-1
2796,6776,12.753125000000551,0.7083333333333334,-1
2797,6777,12.760000000000552,0.7083333333333334,-1
2798,6778,12.766875000000553,0.7083333333333334,-1
2799,6779,12.773750000000554,0.7083333333333334,-1
2800,6780,12.780625000000555,0.7083333333333334,-1
2801,6781,12.787500000000556,0.7083333333333334,-1
2802,6782,12.794375000000556,0.7083333333333334,-1
2803,6783,12.801250000000557,0.7083333333333334,-1
2804,6784,12.808125000000558,0.7083333333333334,-1
2805,6785,12.815000000000559,0.7083333333333334,-1
2806,6786,12.82187500000056,0.7083333333333334,-1
2807,6787,12.82875000000056,0.7083333333333334,-1
2808,6788,12.835625000000562,0.7083333333333334,-1
2809,6789,12.842500000000562,0.7083333333333334,-1
2810,6790,12.849375000000563,0.7083333333333334,-1
2811,6791,12.856250000000564,0.7083333333333334,-1
2812,6792,12.863125000000565,0.7083333333333334,-1
2813,6793,12.870000000000566,0.7083333333333334,-1
2814,6794,12.876875000000567,0.7083333333333334,-1
2815,6795,12.883750000000568,0.7083333333333334,-1
2816,6796,12.890625000000568,0.7083333333333334,-1
2817,6797,12.89750000000057,0.7083333333333334,-1
2818,6798,12.90437500000057,0.7083333333333334,-1
2819,6799,12.911250000000571,0.7083333333333334,-1
2820,6800,12.918125000000572,0.7083333333333334,-1
2821,6801,12.925000000000573,0.7083333333333334,-1
2822,6802,12.931875000000574,0.7083333333333334,-1
2823,6803,12.938750000000574,0.7083333333333334,-1
2824,6804,12.945625000000575,0.7083333333333334,-1
2825,6805,12.952500000000576,0.7083333333333334,-1
2826,6806,12.959375000000577,0.7083333333333334,-1
2827,6807,12.966250000000578,0.7083333333333334,-1
2828,6808,12.973125000000579,0.7083333333333334,-1
2829,6809,12.98000000000058,0.7083333333333334,-1
2830,6810,12.98687500000058,0.7083333333333334,-1
2831,6811,12.993750000000581,0.7083333333333334,-1
2832,6812,13.000625000000582,0.7083333333333334,-1
2833,6813,13.007500000000583,0.7083333333333334,-1
2834,6814,13.014375000000584,0.7083333333333334,-1
2835,6815,13.021250000000585,0.7083333333333334,-1
2836,6816,13.028125000000585,0.7083333333333334,-1
2837,6817,13.035000000000586,0.7083333333333334,-1
2838,6818,13.041875000000587,0.7083333333333334,-1
2839,6819,13.048750000000588,0.7083333333333334,-1
2840,6820,13.055625000000589,0.7083333333333334,-1
2841,6821,13.06250000000059,0.7083333333333334,-1
2842,6822,13.06937500000059,0.7083333333333334,-1
2843,6823,13.076250000000591,0.7083333333333334,-1
2844,6824,13.083125000000592,0.7083333333333334,-1
2845,6825,13.090000000000593,0.7083333333333334,-1
2846,6826,13.096875000000594,0.7083333333333334,-1
2847,6827,13.103750000000595,0.7083333333333334,-1
2848,6828,13.110625000000596,0.7083333333333334,-1
2849,6829,13.117500000000597,0.7083333333333334,-1
2850,6830,13.124375000000597,0.7083333333333334,-1
2851,6831,13.131250000000598,0.7083333333333334,-1
2852,6832,13.1381250000006,0.7083333333333334,-1
2853,6833,13.1450000000006,0.7083333333333334,-1
2854,6834,13.1518750000006,0.7083333333333334,-1
2855,6835,13.158750000000602,0.7083333333333334,-1
2856,6836,13.165625000000603,0.7083333333333334,-1
2857,6837,13.172500000000603,0.7083333333333334,-1
2858,6838,13.179375000000604,0.7083333333333334,-1
2859,6839,13.186250000000605,0.7083333333333334,-1
2860,6840,13.193125000000606,0.7083333333333334,-1
2861,6841,13.200000000000607,0.7083333333333334,-1
2862,6842,13.206875000000608,0.7083333333333334,-1
2863,6843,13.213750000000609,0.7083333333333334,-1
2864,6844,13.22062500000061,0.7083333333333334,-1
2865,6845,13.22750000000061,0.7083333333333334,-1
2866,6846,13.234375000000611,0.7083333333333334,-1
2867,6847,13.241250000000612,0.7083333333333334,-1
2868,6848,13.241250000000612,0.7166666666666667,24
2869,6849,13.241250000000612,0.7166666666666667,24
2870,6850,13.241250000000612,0.7166666666666667,24
2871,6851,13.241250000000612,0.7166666666666667,24
2872,6852,13.241250000000612,0.7166666666666667,24
2873,6853,13.241250000000612,0.7166666666666667,24
2874,6854,13.241250000000612,0.7166666666666667,24
2875,6855,13.241250000000612,0.7166666666666667,24
2876,6856,13.241250000000612,0.7166666666666667,24
2877,6857,13.241250000000612,0.7166666666666667,24
2878,6858,13.241250000000612,0.7166666666666667,24
2879,6859,13.241250000000612,0.7166666666666667,24
2880,6860,13.241250000000612,0.7166666666666667,24
2881,6861,13.241250000000612,0.7166666666666667,24
2882,6862,13.241250000000612,0.7166666666666667,24
2883,6863,13.241250000000612,0.7166666666666667,24
2884,6864,13.241250000000612,0.7166666666666667,24
2885,6865,13.241250000000612,0.7166666666666667,24
2886,6866,13.241250000000612,0.7166666666666667,24
2887,6867,13.241250000000612,0.7166666666666667,24
2888,6868,13.241250000000612,0.7166666666666667,24
2889,6869,13.241250000000612,0.7166666666666667,24
2890,6870,13.241250000000612,0.7166666666666667,24
2891,6871,13.241250000000612,0.7166666666666667,24
2892,6872,13.248125000000613,0.7166666666666667,-1
2893,6873,13.255000000000614,0.7166666666666667,-1
2894,6874,13.261875000000614,0.7166666666666667,-1
2895,6875,13.268750000000615,0.7166666666666667,-1
2896,6876,13.275625000000616,0.7166666666666667,-1
2897,6877,13.282500000000617,0.7166666666666667,-1
2898,6878,13.289375000000618,0.7166666666666667,-1
2899,6879,13.296250000000619,0.7166666666666667,-1
2900,6880,13.30312500000062,0.7166666666666667,-1
2901,6881,13.31000000000062,0.7166666666666667,-1
2902,6882,13.316875000000621,0.7166666666666667,-1
2903,6883,13.323750000000622,0.7166666666666667,-1
2904,6884,13.330625000000623,0.7166666666666667,-1
2905,6885,13.337500000000624,0.7166666666666667,-1
2906,6886,13.344375000000625,0.7166666666666667,-1
2907,6887,13.351250000000626,0.7166666666666667,-1
2908,6888,13.358125000000626,0.7166666666666667,-1
2909,6889,13.365000000000627,0.7166666666666667,-1
2910,6890,13.371875000000628,0.7166666666666667,-1
2911,6891,13.378750000000629,0.7166666666666667,-1
2912,6892,13.38562500000063,0.7166666666666667,-1
2913,6893,13.39250000000063,0.7166666666666667,-1
2914,6894,13.399375000000632,0.7166666666666667,-1
2915,6895,13.406250000000632,0.7166666666666667,-1
2916,6896,13.413125000000633,0.7166666666666667,-1
2917,6897,13.420000000000634,0.7166666666666667,-1
2918,6898,13.426875000000635,0.7166666666666667,-1
2919,6899,13.433750000000636,0.7166666666666667,-1
2920,6900,13.440625000000637,0.7166666666666667,-1
2921,6901,13.447500000000637,0.7166666666666667,-1
2922,6902,13.454375000000638,0.7166666666666667,-1
2923,6903,13.46125000000064,0.7166666666666667,-1
2924,6904,13.46812500000064,0.7166666666666667,-1
2925,6905,13.475000000000641,0.7166666666666667,-1
2926,6906,13.481875000000642,0.7166666666666667,-1
2927,6907,13.488750000000643,0.7166666666666667,-1
2928,6908,13.495625000000643,0.7166666666666667,-1
2929,6909,13.502500000000644,0.7166666666666667,-1
2930,6910,13.509375000000645,0.7166666666666667,-1
2931,6911,13.516250000000646,0.7166666666666667,-1
2932,6912,13.523125000000647,0.7166666666666667,-1
2933,6913,13.530000000000648,0.7166666666666667,-1
2934,6914,13.536875000000649,0.7166666666666667,-1
2935,6915,13.54375000000065,0.7166666666666667,-1
2936,6916,13.55062500000065,0.7166666666666667,-1
2937,6917,13.557500000000651,0.7166666666666667,-1
2938,6918,13.564375000000652,0.7166666666666667,-1
2939,6919,13.571250000000653,0.7166666666666667,-1
2940,6920,13.578125000000654,0.7166666666666667,-1
2941,6921,13.585000000000655,0.7166666666666667,-1
2942,6922,13.591875000000655,0.7166666666666667,-1
2943,6923,13.598750000000656,0.7166666666666667,-1
2944,6924,13.605625000000657,0.7166666666666667,-1
2945,6925,13.612500000000658,0.7166666666666667,-1
2946,6926,13.619375000000659,0.7166666666666667,-1
2947,6927,13.62625000000066,0.7166666666666667,-1
2948,6928,13.63312500000066,0.7166666666666667,-1
2949,6929,13.640000000000661,0.7166666666666667,-1
2950,6930,13.646875000000662,0.7166666666666667,-1
2951,6931,13.653750000000663,0.7166666666666667,-1
2952,6932,13.660625000000664,0.7166666666666667,-1
2953,6933,13.667500000000665,0.7166666666666667,-1
2954,6934,13.674375000000666,0.7166666666666667,-1
2955,6935,13.681250000000666,0.7166666666666667,-1
2956,6936,13.688125000000667,0.7166666666666667,-1
2957,6937,13.695000000000668,0.7166666666666667,-1
2958,6938,13.701875000000669,0.7166666666666667,-1
2959,6939,13.70875000000067,0.7166666666666667,-1
2960,6940,13.71562500000067,0.7166666666666667,-1
2961,6941,13.722500000000672,0.7166666666666667,-1
2962,6942,13.729375000000672,0.7166666666666667,-1
2963,6943,13.736250000000673,0.7166666666666667,-1
2964,6944,13.743125000000674,0.7166666666666667,-1
2965,6945,13.750000000000675,0.7166666666666667,-1
2966,6946,13.756875000000676,0.7166666666666667,-1
2967,6947,13.763750000000677,0.7166666666666667,-1
2968,6948,13.770625000000678,0.7166666666666667,-1
2969,6949,13.777500000000678,0.7166666666666667,-1
2970,6950,13.78437500000068,0.7166666666666667,-1
2971,6951,13.79125000000068,0.7166666666666667,-1
2972,6952,13.798125000000681,0.7166666666666667,-1
2973,6953,13.805000000000682,0.7166666666666667,-1
2974,6954,13.811875000000683,0.7166666666666667,-1
2975,6955,13.818750000000684,0.7166666666666667,-1
2976,6956,13.825625000000684,0.7166666666666667,-1
2977,6957,13.832500000000685,0.7166666666666667,-1
2978,6958,13.839375000000686,0.7166666666666667,-1
2979,6959,13.846250000000687,0.7166666666666667,-1
2980,6960,13.853125000000688,0.7166666666666667,-1
2981,6961,13.860000000000689,0.7166666666666667,-1
2982,6962,13.86687500000069,0.7166666666666667,-1
2983,6963,13.86687500000069,0.75,25
2984,6964,13.86687500000069,0.75,25
2985,6965,13.86687500000069,0.75,25
2986,6966,13.86687500000069,0.75,25
2987,6967,13.86687500000069,0.75,25
2988,6968,13.86687500000069,0.75,25
2989,6969,13.86687500000069,0.75,25
2990,6970,13.86687500000069,0.75,25
2991,6971,13.86687500000069,0.75,25
2992,6972,13.86687500000069,0.75,25
2993,6973,13.86687500000069,0.75,25
2994,6974,13.86687500000069,0.75,25
2995,6975,13.86687500000069,0.75,25
2996,6976,13.86687500000069,0.75,25
2997,6977,13.86687500000069,0.75,25
2998,6978,13.86687500000069,0.75,25
2999,6979,13.86687500000069,0.75,25
3000,6980,13.86687500000069,0.75,25
3001,6981,13.86687500000069,0.75,25
3002,6982,13.86687500000069,0.75,25
3003,6983,13.86687500000069,0.75,25
3004,6984,13.86687500000069,0.75,25
3005,6985,13.86687500000069,0.75,25
3006,6986,13.86687500000069,0.75,25
3007,6987,13.86687500000069,0.75,25
3008,6988,13.86687500000069,0.75,25
3009,6989,13.86687500000069,0.75,25
3010,6990,13.87375000000069,0.75,-1
3011,6991,13.880625000000691,0.75,-1
3012,6992,13.887500000000692,0.75,-1
3013,6993,13.894375000000693,0.75,-1
3014,6994,13.901250000000694,0.75,-1
3015,6995,13.908125000000695,0.75,-1
3016,6996,13.915000000000695,0.75,-1
3017,6997,13.921875000000696,0.75,-1
3018,6998,13.928750000000697,0.75,-1
3019,6999,13.935625000000698,0.75,-1
3020,7000,13.942500000000699,0.75,-1
3021,7001,13.9493750000007,0.75,-1
3022,7002,13.9562500000007,0.75,-1
3023,7003,13.963125000000701,0.75,-1
3024,7004,13.970000000000702,0.75,-1
3025,7005,13.976875000000703,0.75,-1
3026,7006,13.983750000000704,0.75,-1
3027,7007,13.990625000000705,0.75,-1
3028,7008,13.997500000000706,0.75,-1
3029,7009,14.004375000000707,0.75,-1
3030,7010,14.011250000000707,0.75,-1
3031,7011,14.018125000000708,0.75,-1
3032,7012,14.02500000000071,0.75,-1
3033,7013,14.03187500000071,0.75,-1
3034,7014,14.03875000000071,0.75,-1
3035,7015,14.045625000000712,0.75,-1
3036,7016,14.052500000000713,0.75,-1
3037,7017,14.059375000000713,0.75,-1
3038,7018,14.066250000000714,0.75,-1
3039,7019,14.073125000000715,0.75,-1
3040,7020,14.080000000000716,0.75,-1
3041,7021,14.086875000000717,0.75,-1
3042,7022,14.093750000000718,0.75,-1
3043,7023,14.100625000000719,0.75,-1
3044,7024,14.10750000000072,0.75,-1
3045,7025,14.11437500000072,0.75,-1
3046,7026,14.121250000000721,0.75,-1
3047,7027,14.128125000000722,0.75,-1
3048,7028,14.135000000000723,0.75,-1
3049,7029,14.135000000000723,0.7333333333333333,26
3050,7030,14.135000000000723,0.7333333333333333,26
3051,7031,14.135000000000723,0.7333333333333333,26
3052,7032,14.135000000000723,0.7333333333333333,26
3053,7033,14.135000000000723,0.7333333333333333,26
3054,7034,14.135000000000723,0.7333333333333333,26
3055,7035,14.135000000000723,0.7333333333333333,26
3056,7036,14.135000000000723,0.7333333333333333,26
3057,7037,14.135000000000723,0.7333333333333333,26
3058,7038,14.135000000000723,0.7333333333333333,26
3059,7039,14.135000000000723,0.7333333333333333,26
3060,7040,14.135000000000723,0.7333333333333333,26
3061,7041,14.135000000000723,0.7333333333333333,26
3062,7042,14.135000000000723,0.7333333333333333,26
3063,7043,14.135000000000723,0.7333333333333333,26
3064,7044,14.135000000000723,0.7333333333333333,26
3065,7045,14.135000000000723,0.7333333333333333,26
3066,7046,14.135000000000723,0.7333333333333333,26
3067,7047,14.135000000000723,0.7333333333333333,26
3068,7048,14.135000000000723,0.7333333333333333,26
3069,7049,14.135000000000723,0.7333333333333333,26
3070,7050,14.135000000000723,0.7333333333333333,26
3071,7051,14.135000000000723,0.7333333333333333,26
3072,7052,14.135000000000723,0.7333333333333333,26
3073,7053,14.135000000000723,0.7333333333333333,26
3074,7054,14.135000000000723,0.7333333333333333,26
3075,7055,14.135000000000723,0.7333333333333333,26
3076,7056,14.135000000000723,0.7333333333333333,26
3077,7057,14.135000000000723,0.7333333333333333,26
3078,7058,14.135000000000723,0.7333333333333333,26
3079,7059,14.135000000000723,0.7333333333333333,26
3080,7060,14.135000000000723,0.7333333333333333,26
3081,7061,14.135000000000723,0.7333333333333333,26
3082,7062,14.135000000000723,0.7333333333333333,26
3083,7063,14.135000000000723,0.7333333333333333,26
3084,7064,14.135000000000723,0.7333333333333333,26
3085,7065,14.135000000000723,0.7333333333333333,26
3086,7066,14.135000000000723,0.7333333333333333,26
3087,7067,14.135000000000723,0.7333333333333333,26
3088,7068,14.135000000000723,0.7333333333333333,26
3089,7069,14.135000000000723,0.7333333333333333,26
3090,7070,14.135000000000723,0.7333333333333333,26
3091,7071,14.135000000000723,0.7333333333333333,26
3092,7072,14.135000000000723,0.7333333333333333,26
3093,7073,14.135000000000723,0.7333333333333333,26
3094,7074,14.135000000000723,0.7333333333333333,26
3095,7075,14.135000000000723,0.7333333333333333,26
3096,7076,14.135000000000723,0.7333333333333333,26
3097,7077,14.141875000000724,0.7333333333333333,-1
3098,7078,14.148750000000724,0.7333333333333333,-1
3099,7079,14.155625000000725,0.7333333333333333,-1
3100,7080,14.162500000000726,0.7333333333333333,-1
3101,7081,14.169375000000727,0.7333333333333333,-1
3102,7082,14.176250000000728,0.7333333333333333,-1
3103,7083,14.183125000000729,0.7333333333333333,-1
3104,7084,14.19000000000073,0.7333333333333333,-1
3105,7085,14.19687500000073,0.7333333333333333,-1
3106,7086,14.203750000000731,0.7333333333333333,-1
3107,7087,14.210625000000732,0.7333333333333333,-1
3108,7088,14.217500000000733,0.7333333333333333,-1
3109,7089,14.224375000000734,0.7333333333333333,-1
3110,7090,14.231250000000735,0.7333333333333333,-1
3111,7091,14.238125000000736,0.7333333333333333,-1
3112,7092,14.245000000000736,0.7333333333333333,-1
3113,7093,14.251875000000737,0.7333333333333333,-1
3114,7094,14.258750000000738,0.7333333333333333,-1
3115,7095,14.265625000000739,0.7333333333333333,-1
3116,7096,14.27250000000074,0.7333333333333333,-1
3117,7097,14.27937500000074,0.7333333333333333,-1
3118,7098,14.286250000000742,0.7333333333333333,-1
3119,7099,14.293125000000742,0.7333333333333333,-1
3120,7100,14.300000000000743,0.7333333333333333,-1
3121,7101,14.306875000000744,0.7333333333333333,-1
3122,7102,14.313750000000745,0.7333333333333333,-1
3123,7103,14.320625000000746,0.7333333333333333,-1
3124,7104,14.327500000000747,0.7333333333333333,-1
3125,7105,14.334375000000747,0.7333333333333333,-1
3126,7106,14.341250000000748,0.7333333333333333,-1
3127,7107,14.34812500000075,0.7333333333333333,-1
3128,7108,14.35500000000075,0.7333333333333333,-1
3129,7109,14.361875000000751,0.7333333333333333,-1
3130,7110,14.368750000000752,0.7333333333333333,-1
3131,7111,14.375625000000753,0.7333333333333333,-1
3132,7112,14.382500000000753,0.7333333333333333,-1
3133,7113,14.389375000000754,0.7333333333333333,-1
3134,7114,14.389375000000754,0.675,27
3135,7115,14.389375000000754,0.675,27
3136,7116,14.389375000000754,0.675,27
3137,7117,14.389375000000754,0.675,27
3138,7118,14.389375000000754,0.675,27
3139,7119,14.389375000000754,0.675,27
3140,7120,14.389375000000754,0.675,27
3141,7121,14.389375000000754,0.675,27
3142,7122,14.389375000000754,0.675,27
3143,7123,14.389375000000754,0.675,27
3144,7124,14.389375000000754,0.675,27
3145,7125,14.389375000000754,0.675,27
3146,7126,14.389375000000754,0.675,27
3147,7127,14.396250000000755,0.675,-1
3148,7128,14.403125000000756,0.675,-1
3149,7129,14.410000000000757,0.675,-1
3150,7130,14.416875000000758,0.675,-1
3151,7131,14.423750000000759,0.675,-1
3152,7132,14.43062500000076,0.675,-1
3153,7133,14.43750000000076,0.675,-1
3154,7134,14.444375000000761,0.675,-1
3155,7135,14.451250000000762,0.675,-1
3156,7136,14.458125000000763,0.675,-1
3157,7137,14.465000000000764,0.675,-1
3158,7138,14.471875000000765,0.675,-1
3159,7139,14.478750000000765,0.675,-1
3160,7140,14.485625000000766,0.675,-1
3161,7141,14.492500000000767,0.675,-1
3162,7142,14.499375000000768,0.675,-1
3163,7143,14.506250000000769,0.675,-1
3164,7144,14.51312500000077,0.675,-1
3165,7145,14.52000000000077,0.675,-1
3166,7146,14.526875000000771,0.675,-1
3167,7147,14.533750000000772,0.675,-1
3168,7148,14.540625000000773,0.675,-1
3169,7149,14.547500000000774,0.675,-1
3170,7150,14.554375000000775,0.675,-1
3171,7151,14.561250000000776,0.675,-1
3172,7152,14.568125000000776,0.675,-1
3173,7153,14.575000000000777,0.675,-1
3174,7154,14.581875000000778,0.675,-1
3175,7155,14.588750000000779,0.675,-1
3176,7156,14.59562500000078,0.675,-1
3177,7157,14.60250000000078,0.675,-1
3178,7158,14.609375000000782,0.675,-1
3179,7159,14.616250000000782,0.675,-1
3180,7160,14.623125000000783,0.675,-1
3181,7161,14.630000000000784,0.675,-1
3182,7162,14.636875000000785,0.675,-1
3183,7163,14.643750000000786,0.675,-1
3184,7164,14.650625000000787,0.675,-1
3185,7165,14.657500000000788,0.675,-1
3186,7166,14.657500000000788,0.65,28
3187,7167,14.657500000000788,0.65,28
3188,7168,14.657500000000788,0.65,28
3189,7169,14.657500000000788,0.65,28
3190,7170,14.657500000000788,0.65,28
3191,7171,14.657500000000788,0.65,28
3192,7172,14.657500000000788,0.65,28
3193,7173,14.657500000000788,0.65,28
3194,7174,14.657500000000788,0.65,28
3195,7175,14.657500000000788,0.65,28
3196,7176,14.657500000000788,0.65,28
3197,7177,14.657500000000788,0.65,28
3198,7178,14.657500000000788,0.65,28
3199,7179,14.657500000000788,0.65,28
3200,7180,14.657500000000788,0.65,28
3201,7181,14.657500000000788,0.65,28
3202,7182,14.657500000000788,0.65,28
3203,7183,14.657500000000788,0.65,28
3204,7184,14.657500000000788,0.65,28
3205,7185,14.657500000000788,0.65,28
3206,7186,14.657500000000788,0.65,28
3207,7187,14.657500000000788,0.65,28
3208,7188,14.657500000000788,0.65,28
3209,7189,14.657500000000788,0.65,28
3210,7190,14.657500000000788,0.65,28
3211,7191,14.657500000000788,0.65,28
3212,7192,14.657500000000788,0.65,28
3213,7193,14.657500000000788,0.65,28
3214,7194,14.657500000000788,0.65,28
3215,7195,14.657500000000788,0.65,28
3216,7196,14.657500000000788,0.65,28
3217,7197,14.657500000000788,0.65,28
3218,7198,14.657500000000788,0.65,28
3219,7199,14.657500000000788,0.65,28
3220,7200,14.657500000000788,0.65,28
3221,7201,14.657500000000788,0.65,28
3222,7202,14.657500000000788,0.65,28
3223,7203,14.657500000000788,0.65,28
3224,7204,14.657500000000788,0.65,28
3225,7205,14.657500000000788,0.65,28
3226,7206,14.657500000000788,0.65,28
3227,7207,14.657500000000788,0.65,28
3228,7208,14.657500000000788,0.65,28
3229,7209,14.657500000000788,0.65,28
3230,7210,14.657500000000788,0.65,28
3231,7211,14.657500000000788,0.65,28
3232,7212,14.664375000000788,0.65,-1
3233,7213,14.67125000000079,0.65,-1
3234,7214,14.67812500000079,0.65,-1
3235,7215,14.685000000000791,0.65,-1
3236,7216,14.691875000000792,0.65,-1
3237,7217,14.698750000000793,0.65,-1
3238,7218,14.705625000000794,0.65,-1
3239,7219,14.712500000000794,0.65,-1
3240,7220,14.719375000000795,0.65,-1
3241,7221,14.726250000000796,0.65,-1
3242,7222,14.733125000000797,0.65,-1
3243,7223,14.740000000000798,0.65,-1
3244,7224,14.746875000000799,0.65,-1
3245,7225,14.7537500000008,0.65,-1
3246,7226,14.7606250000008,0.65,-1
3247,7227,14.767500000000801,0.65,-1
3248,7228,14.774375000000802,0.65,-1
3249,7229,14.781250000000803,0.65,-1
3250,7230,14.788125000000804,0.65,-1
3251,7231,14.795000000000805,0.65,-1
3252,7232,14.801875000000805,0.65,-1
3253,7233,14.808750000000806,0.65,-1
3254,7234,14.815625000000807,0.65,-1
3255,7235,14.822500000000808,0.65,-1
3256,7236,14.829375000000809,0.65,-1
3257,7237,14.83625000000081,0.65,-1
3258,7238,14.84312500000081,0.65,-1
3259,7239,14.850000000000811,0.65,-1
3260,7240,14.856875000000812,0.65,-1
3261,7241,14.863750000000813,0.65,-1
3262,7242,14.870625000000814,0.65,-1
3263,7243,14.877500000000815,0.65,-1
3264,7244,14.884375000000816,0.65,-1
3265,7245,14.891250000000817,0.65,-1
3266,7246,14.898125000000817,0.65,-1
3267,7247,14.905000000000818,0.65,-1
3268,7248,14.91187500000082,0.65,-1
3269,7249,14.91875000000082,0.65,-1
3270,7250,14.92562500000082,0.65,-1
3271,7251,14.932500000000822,0.65,-1
3272,7252,14.939375000000823,0.65,-1
3273,7253,14.946250000000823,0.65,-1
3274,7254,14.953125000000824,0.65,-1
3275,7255,14.960000000000825,0.65,-1
3276,7256,14.966875000000826,0.65,-1
3277,7257,14.966875000000826,0.55,29
3278,7258,14.966875000000826,0.55,29
3279,7259,14.966875000000826,0.55,29
3280,7260,14.966875000000826,0.55,29
3281,7261,14.966875000000826,0.55,29
3282,7262,14.966875000000826,0.55,29
3283,7263,14.966875000000826,0.55,29
3284,7264,14.966875000000826,0.55,29
3285,7265,14.966875000000826,0.55,29
3286,7266,14.966875000000826,0.55,29
3287,7267,14.966875000000826,0.55,29
3288,7268,14.966875000000826,0.55,29
3289,7269,14.966875000000826,0.55,29
3290,7270,14.966875000000826,0.55,29
3291,7271,14.966875000000826,0.55,29
3292,7272,14.966875000000826,0.55,29
3293,7273,14.966875000000826,0.55,29
3294,7274,14.966875000000826,0.55,29
3295,7275,14.966875000000826,0.55,29
3296,7276,14.966875000000826,0.55,29
3297,7277,14.966875000000826,0.55,29
3298,7278,14.966875000000826,0.55,29
3299,7279,14.966875000000826,0.55,29
3300,7280,14.966875000000826,0.55,29
3301,7281,14.966875000000826,0.55,29
3302,7282,14.966875000000826,0.55,29
3303,7283,14.966875000000826,0.55,29
3304,7284,14.966875000000826,0.55,29
3305,7285,14.966875000000826,0.55,29
3306,7286,14.966875000000826,0.55,29
3307,7287,14.966875000000826,0.55,29
3308,7288,14.966875000000826,0.55,29
3309,7289,14.966875000000826,0.55,29
3310,7290,14.966875000000826,0.55,29
3311,7291,14.966875000000826,0.55,29
3312,7292,14.966875000000826,0.55,29
3313,7293,14.966875000000826,0.55,29
3314,7294,14.966875000000826,0.55,29
3315,7295,14.966875000000826,0.55,29
3316,7296,14.966875000000826,0.55,29
3317,7297,14.966875000000826,0.55,29
3318,7298,14.966875000000826,0.55,29
3319,7299,14.973750000000827,0.55,-1
3320,7300,14.980625000000828,0.55,-1
3321,7301,14.987500000000828,0.55,-1
3322,7302,14.99437500000083,0.55,-1
3323,7303,15.00125000000083,0.55,-1
3324,7304,15.008125000000831,0.55,-1
3325,7305,15.015000000000832,0.55,-1
3326,7306,15.021875000000833,0.55,-1
3327,7307,15.028750000000834,0.55,-1
3328,7308,15.035625000000834,0.55,-1
3329,7309,15.042500000000835,0.55,-1
3330,7310,15.049375000000836,0.55,-1
3331,7311,15.056250000000837,0.55,-1
3332,7312,15.063125000000838,0.55,-1
3333,7313,15.070000000000839,0.55,-1
3334,7314,15.07687500000084,0.55,-1
3335,7315,15.08375000000084,0.55,-1
3336,7316,15.090625000000841,0.55,-1
3337,7317,15.097500000000842,0.55,-1
3338,7318,15.104375000000843,0.55,-1
3339,7319,15.111250000000844,0.55,-1
3340,7320,15.118125000000845,0.55,-1
3341,7321,15.125000000000846,0.55,-1
3342,7322,15.131875000000846,0.55,-1
3343,7323,15.138750000000847,0.55,-1
3344,7324,15.145625000000848,0.55,-1
3345,7325,15.152500000000849,0.55,-1
3346,7326,15.15937500000085,0.55,-1
3347,7327,15.16625000000085,0.55,-1
3348,7328,15.173125000000852,0.55,-1
3349,7329,15.180000000000852,0.55,-1
3350,7330,15.186875000000853,0.55,-1
3351,7331,15.193750000000854,0.55,-1
3352,7332,15.200625000000855,0.55,-1
3353,7333,15.207500000000856,0.55,-1
3354,7334,15.214375000000857,0.55,-1
3355,7335,15.221250000000857,0.55,-1
3356,7336,15.228125000000858,0.55,-1
3357,7337,15.23500000000086,0.55,-1
3358,7338,15.24187500000086,0.55,-1
3359,7339,15.248750000000861,0.55,-1
3360,7340,15.255625000000862,0.55,-1
3361,7341,15.262500000000863,0.55,-1
3362,7342,15.269375000000863,0.55,-1
3363,7343,15.276250000000864,0.55,-1
3364,7344,15.283125000000865,0.55,-1
3365,7345,15.290000000000866,0.55,-1
3366,7346,15.296875000000867,0.55,-1
3367,7347,15.303750000000868,0.55,-1
3368,7348,15.310625000000869,0.55,-1
3369,7349,15.31750000000087,0.55,-1
3370,7350,15.32437500000087,0.55,-1
3371,7351,15.331250000000871,0.55,-1
3372,7352,15.338125000000872,0.55,-1
3373,7353,15.338125000000872,0.5166666666666667,30
3374,7354,15.338125000000872,0.5166666666666667,30
3375,7355,15.338125000000872,0.5166666666666667,30
3376,7356,15.338125000000872,0.5166666666666667,30
3377,7357,15.338125000000872,0.5166666666666667,30
3378,7358,15.338125000000872,0.5166666666666667,30
3379,7359,15.338125000000872,0.5166666666666667,30
3380,7360,15.338125000000872,0.5166666666666667,30
3381,7361,15.338125000000872,0.5166666666666667,30
3382,7362,15.338125000000872,0.5166666666666667,30
3383,7363,15.338125000000872,0.5166666666666667,30
3384,7364,15.338125000000872,0.5166666666666667,30
3385,7365,15.338125000000872,0.5166666666666667,30
3386,7366,15.338125000000872,0.5166666666666667,30
3387,7367,15.338125000000872,0.5166666666666667,30
3388,7368,15.338125000000872,0.5166666666666667,30
3389,7369,15.338125000000872,0.5166666666666667,30
3390,7370,15.338125000000872,0.5166666666666667,30
3391,7371,15.338125000000872,0.5166666666666667,30
3392,7372,15.338125000000872,0.5166666666666667,30
3393,7373,15.338125000000872,0.5166666666666667,30
3394,7374,15.338125000000872,0.5166666666666667,30
3395,7375,15.338125000000872,0.5166666666666667,30
3396,7376,15.338125000000872,0.5166666666666667,30
3397,7377,15.338125000000872,0.5166666666666667,30
3398,7378,15.338125000000872,0.5166666666666667,30
3399,7379,15.338125000000872,0.5166666666666667,30
3400,7380,15.338125000000872,0.5166666666666667,30
3401,7381,15.338125000000872,0.5166666666666667,30
3402,7382,15.338125000000872,0.5166666666666667,30
3403,7383,15.338125000000872,0.5166666666666667,30
3404,7384,15.338125000000872,0.5166666666666667,30
3405,7385,15.338125000000872,0.5166666666666667,30
3406,7386,15.338125000000872,0.5166666666666667,30
3407,7387,15.345000000000873,0.5166666666666667,-1
3408,7388,15.351875000000874,0.5166666666666667,-1
3409,7389,15.358750000000875,0.5166666666666667,-1
3410,7390,15.365625000000875,0.5166666666666667,-1
3411,7391,15.372500000000876,0.5166666666666667,-1
3412,7392,15.379375000000877,0.5166666666666667,-1
3413,7393,15.386250000000878,0.5166666666666667,-1
3414,7394,15.393125000000879,0.5166666666666667,-1
3415,7395,15.40000000000088,0.5166666666666667,-1
3416,7396,15.40687500000088,0.5166666666666667,-1
3417,7397,15.413750000000881,0.5166666666666667,-1
3418,7398,15.420625000000882,0.5166666666666667,-1
3419,7399,15.427500000000883,0.5166666666666667,-1
3420,7400,15.434375000000884,0.5166666666666667,-1
3421,7401,15.441250000000885,0.5166666666666667,-1
3422,7402,15.448125000000886,0.5166666666666667,-1
3423,7403,15.455000000000886,0.5166666666666667,-1
3424,7404,15.461875000000887,0.5166666666666667,-1
3425,7405,15.468750000000888,0.5166666666666667,-1
3426,7406,15.475625000000889,0.5166666666666667,-1
3427,7407,15.48250000000089,0.5166666666666667,-1
3428,7408,15.48937500000089,0.5166666666666667,-1
3429,7409,15.496250000000892,0.5166666666666667,-1
3430,7410,15.503125000000892,0.5166666666666667,-1
3431,7411,15.510000000000893,0.5166666666666667,-1
3432,7412,15.516875000000894,0.5166666666666667,-1
3433,7413,15.523750000000895,0.5166666666666667,-1
3434,7414,15.530625000000896,0.5166666666666667,-1
3435,7415,15.537500000000897,0.5166666666666667,-1
3436,7416,15.544375000000898,0.5166666666666667,-1
3437,7417,15.551250000000898,0.5166666666666667,-1
3438,7418,15.5581250000009,0.5166666666666667,-1
3439,7419,15.5650000000009,0.5166666666666667,-1
3440,7420,15.571875000000901,0.5166666666666667,-1
3441,7421,15.578750000000902,0.5166666666666667,-1
3442,7422,15.585625000000903,0.5166666666666667,-1
3443,7423,15.592500000000904,0.5166666666666667,-1
3444,7424,15.599375000000904,0.5166666666666667,-1
3445,7425,15.606250000000905,0.5166666666666667,-1
3446,7426,15.613125000000906,0.5166666666666667,-1
3447,7427,15.620000000000907,0.5166666666666667,-1
3448,7428,15.626875000000908,0.5166666666666667,-1
3449,7429,15.633750000000909,0.5166666666666667,-1
3450,7430,15.64062500000091,0.5166666666666667,-1
3451,7431,15.64750000000091,0.5166666666666667,-1
3452,7432,15.654375000000911,0.5166666666666667,-1
3453,7433,15.661250000000912,0.5166666666666667,-1
3454,7434,15.668125000000913,0.5166666666666667,-1
3455,7435,15.675000000000914,0.5166666666666667,-1
3456,7436,15.681875000000915,0.5166666666666667,-1
3457,7437,15.688750000000915,0.5166666666666667,-1
3458,7438,15.695625000000916,0.5166666666666667,-1
3459,7439,15.702500000000917,0.5166666666666667,-1
3460,7440,15.709375000000918,0.5166666666666667,-1
3461,7441,15.716250000000919,0.5166666666666667,-1
3462,7442,15.72312500000092,0.5166666666666667,-1
3463,7443,15.73000000000092,0.5166666666666667,-1
3464,7444,15.736875000000921,0.5166666666666667,-1
3465,7445,15.743750000000922,0.5166666666666667,-1
3466,7446,15.750625000000923,0.5166666666666667,-1
3467,7447,15.757500000000924,0.5166666666666667,-1
3468,7448,15.764375000000925,0.5166666666666667,-1
3469,7449,15.771250000000926,0.5166666666666667,-1
3470,7450,15.778125000000927,0.5166666666666667,-1
3471,7451,15.785000000000927,0.5166666666666667,-1
3472,7452,15.791875000000928,0.5166666666666667,-1
3473,7453,15.798750000000929,0.5166666666666667,-1
3474,7454,15.80562500000093,0.5166666666666667,-1
3475,7455,15.81250000000093,0.5166666666666667,-1
3476,7456,15.819375000000932,0.5166666666666667,-1
3477,7457,15.826250000000933,0.5166666666666667,-1
3478,7458,15.833125000000933,0.5166666666666667,-1
3479,7459,15.840000000000934,0.5166666666666667,-1
3480,7460,15.846875000000935,0.5166666666666667,-1
3481,7461,15.853750000000936,0.5166666666666667,-1
3482,7462,15.860625000000937,0.5166666666666667,-1
3483,7463,15.860625000000937,0.49166666666666664,31
3484,7464,15.860625000000937,0.49166666666666664,31
3485,7465,15.860625000000937,0.49166666666666664,31
3486,7466,15.860625000000937,0.49166666666666664,31
3487,7467,15.860625000000937,0.49166666666666664,31
3488,7468,15.860625000000937,0.49166666666666664,31
3489,7469,15.860625000000937,0.49166666666666664,31
3490,7470,15.860625000000937,0.49166666666666664,31
3491,7471,15.860625000000937,0.49166666666666664,31
3492,7472,15.860625000000937,0.49166666666666664,31
3493,7473,15.860625000000937,0.49166666666666664,31
3494,7474,15.860625000000937,0.49166666666666664,31
3495,7475,15.860625000000937,0.49166666666666664,31
3496,7476,15.860625000000937,0.49166666666666664,31
3497,7477,15.860625000000937,0.49166666666666664,31
3498,7478,15.860625000000937,0.49166666666666664,31
3499,7479,15.860625000000937,0.49166666666666664,31
3500,7480,15.860625000000937,0.49166666666666664,31
3501,7481,15.860625000000937,0.49166666666666664,31
3502,7482,15.860625000000937,0.49166666666666664,31
3503,7483,15.860625000000937,0.49166666666666664,31
3504,7484,15.860625000000937,0.49166666666666664,31
3505,7485,15.860625000000937,0.49166666666666664,31
3506,7486,15.860625000000937,0.49166666666666664,31
3507,7487,15.860625000000937,0.49166666666666664,31
3508,7488,15.860625000000937,0.49166666666666664,31
3509,7489,15.860625000000937,0.49166666666666664,31
3510,7490,15.860625000000937,0.49166666666666664,31
3511,7491,15.860625000000937,0.49166666666666664,31
3512,7492,15.860625000000937,0.49166666666666664,31
3513,7493,15.860625000000937,0.49166666666666664,31
3514,7494,15.860625000000937,0.49166666666666664,31
3515,7495,15.860625000000937,0.49166666666666664,31
3516,7496,15.860625000000937,0.49166666666666664,31
3517,7497,15.860625000000937,0.49166666666666664,31
3518,7498,15.860625000000937,0.49166666666666664,31
3519,7499,15.860625000000937,0.49166666666666664,31
3520,7500,15.860625000000937,0.49166666666666664,31
3521,7501,15.860625000000937,0.49166666666666664,31
3522,7502,15.860625000000937,0.49166666666666664,31
3523,7503,15.860625000000937,0.49166666666666664,31
3524,7504,15.860625000000937,0.49166666666666664,31
3525,7505,15.860625000000937,0.49166666666666664,31
3526,7506,15.860625000000937,0.49166666666666664,31
3527,7507,15.867500000000938,0.49166666666666664,-1
3528,7508,15.874375000000938,0.49166666666666664,-1
3529,7509,15.88125000000094,0.49166666666666664,-1
3530,7510,15.88812500000094,0.49166666666666664,-1
3531,7511,15.895000000000941,0.49166666666666664,-1
3532,7512,15.901875000000942,0.49166666666666664,-1
3533,7513,15.908750000000943,0.49166666666666664,-1
3534,7514,15.915625000000944,0.49166666666666664,-1
3535,7515,15.922500000000944,0.49166666666666664,-1
3536,7516,15.929375000000945,0.49166666666666664,-1
3537,7517,15.936250000000946,0.49166666666666664,-1
3538,7518,15.943125000000947,0.49166666666666664,-1
3539,7519,15.950000000000948,0.49166666666666664,-1
3540,7520,15.956875000000949,0.49166666666666664,-1
3541,7521,15.96375000000095,0.49166666666666664,-1
3542,7522,15.97062500000095,0.49166666666666664,-1
3543,7523,15.977500000000951,0.49166666666666664,-1
3544,7524,15.984375000000952,0.49166666666666664,-1
3545,7525,15.991250000000953,0.49166666666666664,-1
3546,7526,15.998125000000954,0.49166666666666664,-1
3547,7527,16.005000000000955,0.49166666666666664,-1
3548,7528,16.011875000000956,0.49166666666666664,-1
3549,7529,16.018750000000956,0.49166666666666664,-1
3550,7530,16.025625000000957,0.49166666666666664,-1
3551,7531,16.032500000000958,0.49166666666666664,-1
3552,7532,16.03937500000096,0.49166666666666664,-1
3553,7533,16.04625000000096,0.49166666666666664,-1
3554,7534,16.05312500000096,0.49166666666666664,-1
3555,7535,16.06000000000096,0.49166666666666664,-1
3556,7536,16.066875000000962,0.49166666666666664,-1
3557,7537,16.073750000000963,0.49166666666666664,-1
3558,7538,16.080625000000964,0.49166666666666664,-1
3559,7539,16.087500000000965,0.49166666666666664,-1
3560,7540,16.094375000000966,0.49166666666666664,-1
3561,7541,16.101250000000967,0.49166666666666664,-1
3562,7542,16.108125000000967,0.49166666666666664,-1
3563,7543,16.11500000000097,0.49166666666666664,-1
3564,7544,16.12187500000097,0.49166666666666664,-1
3565,7545,16.12875000000097,0.49166666666666664,-1
3566,7546,16.13562500000097,0.49166666666666664,-1
3567,7547,16.14250000000097,0.49166666666666664,-1
3568,7548,16.149375000000973,0.49166666666666664,-1
3569,7549,16.156250000000973,0.49166666666666664,-1
3570,7550,16.163125000000974,0.49166666666666664,-1
3571,7551,16.170000000000975,0.49166666666666664,-1
3572,7552,16.176875000000976,0.49166666666666664,-1
3573,7553,16.183750000000977,0.49166666666666664,-1
3574,7554,16.190625000000978,0.49166666666666664,-1
3575,7555,16.19750000000098,0.49166666666666664,-1
3576,7556,16.20437500000098,0.49166666666666664,-1
3577,7557,16.21125000000098,0.49166666666666664,-1
3578,7558,16.21812500000098,0.49166666666666664,-1
3579,7559,16.225000000000982,0.49166666666666664,-1
3580,7560,16.231875000000983,0.49166666666666664,-1
3581,7561,16.238750000000984,0.49166666666666664,-1
3582,7562,16.245625000000985,0.49166666666666664,-1
3583,7563,16.252500000000985,0.49166666666666664,-1
3584,7564,16.259375000000986,0.49166666666666664,-1
3585,7565,16.266250000000987,0.49166666666666664,-1
3586,7566,16.273125000000988,0.49166666666666664,-1
3587,7567,16.28000000000099,0.49166666666666664,-1
3588,7568,16.28687500000099,0.49166666666666664,-1
3589,7569,16.29375000000099,0.49166666666666664,-1
3590,7570,16.30062500000099,0.49166666666666664,-1
3591,7571,16.307500000000992,0.49166666666666664,-1
3592,7572,16.314375000000993,0.49166666666666664,-1
3593,7573,16.321250000000994,0.49166666666666664,-1
3594,7574,16.328125000000995,0.49166666666666664,-1
3595,7575,16.335000000000996,0.49166666666666664,-1
3596,7576,16.341875000000996,0.49166666666666664,-1
3597,7577,16.348750000000997,0.49166666666666664,-1
3598,7578,16.355625000000998,0.49166666666666664,-1
3599,7579,16.362500000001,0.49166666666666664,-1
3600,7580,16.369375000001,0.49166666666666664,-1
3601,7581,16.376250000001,0.49166666666666664,-1
3602,7582,16.383125000001,0.49166666666666664,-1
3603,7583,16.390000000001002,0.49166666666666664,-1
3604,7584,16.396875000001003,0.49166666666666664,-1
3605,7585,16.403750000001004,0.49166666666666664,-1
3606,7586,16.410625000001005,0.49166666666666664,-1
3607,7587,16.417500000001006,0.49166666666666664,-1
3608,7588,16.424375000001007,0.49166666666666664,-1
3609,7589,16.431250000001008,0.49166666666666664,-1
3610,7590,16.43812500000101,0.49166666666666664,-1
3611,7591,16.44500000000101,0.49166666666666664,-1
3612,7592,16.45187500000101,0.49166666666666664,-1
3613,7593,16.45875000000101,0.49166666666666664,-1
3614,7594,16.465625000001012,0.49166666666666664,-1
3615,7595,16.472500000001013,0.49166666666666664,-1
3616,7596,16.479375000001014,0.49166666666666664,-1
3617,7597,16.486250000001014,0.49166666666666664,-1
3618,7598,16.493125000001015,0.49166666666666664,-1
3619,7599,16.500000000001016,0.49166666666666664,-1
3620,7600,16.506875000001017,0.49166666666666664,-1
3621,7601,16.513750000001018,0.49166666666666664,-1
3622,7602,16.52062500000102,0.49166666666666664,-1
3623,7603,16.52750000000102,0.49166666666666664,-1
3624,7604,16.53437500000102,0.49166666666666664,-1
3625,7605,16.54125000000102,0.49166666666666664,-1
3626,7606,16.548125000001022,0.49166666666666664,-1
3627,7607,16.555000000001023,0.49166666666666664,-1
3628,7608,16.561875000001024,0.49166666666666664,-1
3629,7609,16.568750000001025,0.49166666666666664,-1
3630,7610,16.575625000001025,0.49166666666666664,-1
3631,7611,16.582500000001026,0.49166666666666664,-1
3632,7612,16.589375000001027,0.49166666666666664,-1
3633,7613,16.596250000001028,0.49166666666666664,-1
3634,7614,16.60312500000103,0.49166666666666664,-1
3635,7615,16.60312500000103,0.45,32
3636,7616,16.60312500000103,0.45,32
3637,7617,16.60312500000103,0.45,32
3638,7618,16.60312500000103,0.45,32
3639,7619,16.60312500000103,0.45,32
3640,7620,16.60312500000103,0.45,32
3641,7621,16.60312500000103,0.45,32
3642,7622,16.60312500000103,0.45,32
3643,7623,16.60312500000103,0.45,32
3644,7624,16.60312500000103,0.45,32
3645,7625,16.60312500000103,0.45,32
3646,7626,16.60312500000103,0.45,32
3647,7627,16.60312500000103,0.45,32
3648,7628,16.60312500000103,0.45,32
3649,7629,16.60312500000103,0.45,32
3650,7630,16.60312500000103,0.45,32
3651,7631,16.60312500000103,0.45,32
3652,7632,16.60312500000103,0.45,32
3653,7633,16.60312500000103,0.45,32
3654,7634,16.60312500000103,0.45,32
3655,7635,16.60312500000103,0.45,32
3656,7636,16.60312500000103,0.45,32
3657,7637,16.60312500000103,0.45,32
3658,7638,16.60312500000103,0.45,32
3659,7639,16.60312500000103,0.45,32
3660,7640,16.60312500000103,0.45,32
3661,7641,16.60312500000103,0.45,32
3662,7642,16.60312500000103,0.45,32
3663,7643,16.60312500000103,0.45,32
3664,7644,16.60312500000103,0.45,32
3665,7645,16.60312500000103,0.45,32
3666,7646,16.60312500000103,0.45,32
3667,7647,16.60312500000103,0.45,32
3668,7648,16.60312500000103,0.45,32
3669,7649,16.60312500000103,0.45,32
3670,7650,16.60312500000103,0.45,32
3671,7651,16.60312500000103,0.45,32
3672,7652,16.60312500000103,0.45,32
3673,7653,16.60312500000103,0.45,32
3674,7654,16.60312500000103,0.45,32
3675,7655,16.60312500000103,0.45,32
3676,7656,16.60312500000103,0.45,32
3677,7657,16.60312500000103,0.45,32
3678,7658,16.60312500000103,0.45,32
3679,7659,16.60312500000103,0.45,32
3680,7660,16.60312500000103,0.45,32
3681,7661,16.60312500000103,0.45,32
3682,7662,16.60312500000103,0.45,32
3683,7663,16.60312500000103,0.45,32
3684,7664,16.60312500000103,0.45,32
3685,7665,16.60312500000103,0.45,32
3686,7666,16.60312500000103,0.45,32
3687,7667,16.60312500000103,0.45,32
3688,7668,16.60312500000103,0.45,32
3689,7669,16.60312500000103,0.45,32
3690,7670,16.60312500000103,0.45,32
3691,7671,16.60312500000103,0.45,32
3692,7672,16.60312500000103,0.45,32
3693,7673,16.60312500000103,0.45,32
3694,7674,16.60312500000103,0.45,32
3695,7675,16.60312500000103,0.45,32
3696,7676,16.60312500000103,0.45,32
3697,7677,16.60312500000103,0.45,32
3698,7678,16.60312500000103,0.45,32
3699,7679,16.60312500000103,0.45,32
3700,7680,16.60312500000103,0.45,32
3701,7681,16.60312500000103,0.45,32
3702,7682,16.61000000000103,0.45,-1
3703,7683,16.61687500000103,0.45,-1
3704,7684,16.62375000000103,0.45,-1
3705,7685,16.630625000001032,0.45,-1
3706,7686,16.637500000001033,0.45,-1
3707,7687,16.644375000001034,0.45,-1
3708,7688,16.651250000001035,0.45,-1
3709,7689,16.658125000001036,0.45,-1
3710,7690,16.665000000001037,0.45,-1
3711,7691,16.671875000001037,0.45,-1
3712,7692,16.67875000000104,0.45,-1
3713,7693,16.68562500000104,0.45,-1
3714,7694,16.69250000000104,0.45,-1
3715,7695,16.69937500000104,0.45,-1
3716,7696,16.70625000000104,0.45,-1
3717,7697,16.713125000001043,0.45,-1
3718,7698,16.720000000001043,0.45,-1
3719,7699,16.726875000001044,0.45,-1
3720,7700,16.733750000001045,0.45,-1
3721,7701,16.740625000001046,0.45,-1
3722,7702,16.747500000001047,0.45,-1
3723,7703,16.754375000001048,0.45,-1
3724,7704,16.76125000000105,0.45,-1
3725,7705,16.76812500000105,0.45,-1
3726,7706,16.77500000000105,0.45,-1
3727,7707,16.78187500000105,0.45,-1
3728,7708,16.788750000001052,0.45,-1
3729,7709,16.795625000001053,0.45,-1
3730,7710,16.802500000001054,0.45,-1
3731,7711,16.809375000001054,0.45,-1
3732,7712,16.816250000001055,0.45,-1
3733,7713,16.823125000001056,0.45,-1
3734,7714,16.830000000001057,0.45,-1
3735,7715,16.836875000001058,0.45,-1
3736,7716,16.84375000000106,0.45,-1
3737,7717,16.85062500000106,0.45,-1
3738,7718,16.85750000000106,0.45,-1
3739,7719,16.86437500000106,0.45,-1
3740,7720,16.871250000001062,0.45,-1
3741,7721,16.878125000001063,0.45,-1
3742,7722,16.885000000001064,0.45,-1
3743,7723,16.891875000001065,0.45,-1
3744,7724,16.898750000001066,0.45,-1
3745,7725,16.905625000001066,0.45,-1
3746,7726,16.912500000001067,0.45,-1
3747,7727,16.919375000001068,0.45,-1
3748,7728,16.92625000000107,0.45,-1
3749,7729,16.93312500000107,0.45,-1
3750,7730,16.94000000000107,0.45,-1
3751,7731,16.94687500000107,0.45,-1
3752,7732,16.953750000001072,0.45,-1
3753,7733,16.960625000001073,0.45,-1
3754,7734,16.967500000001074,0.45,-1
3755,7735,16.967500000001074,0.39166666666666666,33
3756,7736,16.967500000001074,0.39166666666666666,33
3757,7737,16.967500000001074,0.39166666666666666,33
3758,7738,16.967500000001074,0.39166666666666666,33
3759,7739,16.967500000001074,0.39166666666666666,33
3760,7740,16.967500000001074,0.39166666666666666,33
3761,7741,16.967500000001074,0.39166666666666666,33
3762,7742,16.967500000001074,0.39166666666666666,33
3763,7743,16.967500000001074,0.39166666666666666,33
3764,7744,16.967500000001074,0.39166666666666666,33
3765,7745,16.967500000001074,0.39166666666666666,33
3766,7746,16.967500000001074,0.39166666666666666,33
3767,7747,16.967500000001074,0.39166666666666666,33
3768,7748,16.967500000001074,0.39166666666666666,33
3769,7749,16.967500000001074,0.39166666666666666,33
3770,7750,16.967500000001074,0.39166666666666666,33
3771,7751,16.967500000001074,0.39166666666666666,33
3772,7752,16.974375000001075,0.39166666666666666,-1
3773,7753,16.981250000001076,0.39166666666666666,-1
3774,7754,16.988125000001077,0.39166666666666666,-1
3775,7755,16.995000000001077,0.39166666666666666,-1
3776,7756,17.00187500000108,0.39166666666666666,-1
3777,7757,17.00875000000108,0.39166666666666666,-1
3778,7758,17.01562500000108,0.39166666666666666,-1
3779,7759,17.02250000000108,0.39166666666666666,-1
3780,7760,17.02937500000108,0.39166666666666666,-1
3781,7761,17.036250000001083,0.39166666666666666,-1
3782,7762,17.043125000001083,0.39166666666666666,-1
3783,7763,17.050000000001084,0.39166666666666666,-1
3784,7764,17.056875000001085,0.39166666666666666,-1
3785,7765,17.063750000001086,0.39166666666666666,-1
3786,7766,17.070625000001087,0.39166666666666666,-1
3787,7767,17.077500000001088,0.39166666666666666,-1
3788,7768,17.08437500000109,0.39166666666666666,-1
3789,7769,17.09125000000109,0.39166666666666666,-1
3790,7770,17.09812500000109,0.39166666666666666,-1
3791,7771,17.10500000000109,0.39166666666666666,-1
3792,7772,17.111875000001092,0.39166666666666666,-1
3793,7773,17.118750000001093,0.39166666666666666,-1
3794,7774,17.125625000001094,0.39166666666666666,-1
3795,7775,17.132500000001095,0.39166666666666666,-1
3796,7776,17.139375000001095,0.39166666666666666,-1
3797,7777,17.146250000001096,0.39166666666666666,-1
3798,7778,17.153125000001097,0.39166666666666666,-1
3799,7779,17.160000000001098,0.39166666666666666,-1
3800,7780,17.1668750000011,0.39166666666666666,-1
3801,7781,17.1737500000011,0.39166666666666666,-1
3802,7782,17.1806250000011,0.39166666666666666,-1
3803,7783,17.1875000000011,0.39166666666666666,-1
3804,7784,17.194375000001102,0.39166666666666666,-1
3805,7785,17.201250000001103,0.39166666666666666,-1
3806,7786,17.208125000001104,0.39166666666666666,-1
3807,7787,17.215000000001105,0.39166666666666666,-1
3808,7788,17.221875000001106,0.39166666666666666,-1
3809,7789,17.228750000001106,0.39166666666666666,-1
3810,7790,17.235625000001107,0.39166666666666666,-1
3811,7791,17.242500000001108,0.39166666666666666,-1
3812,7792,17.24937500000111,0.39166666666666666,-1
3813,7793,17.25625000000111,0.39166666666666666,-1
3814,7794,17.26312500000111,0.39166666666666666,-1
3815,7795,17.27000000000111,0.39166666666666666,-1
3816,7796,17.276875000001112,0.39166666666666666,-1
3817,7797,17.283750000001113,0.39166666666666666,-1
3818,7798,17.290625000001114,0.39166666666666666,-1
3819,7799,17.297500000001115,0.39166666666666666,-1
3820,7800,17.304375000001116,0.39166666666666666,-1
3821,7801,17.311250000001117,0.39166666666666666,-1
3822,7802,17.318125000001118,0.39166666666666666,-1
3823,7803,17.32500000000112,0.39166666666666666,-1
3824,7804,17.33187500000112,0.39166666666666666,-1
3825,7805,17.33875000000112,0.39166666666666666,-1
3826,7806,17.34562500000112,0.39166666666666666,-1
3827,7807,17.352500000001122,0.39166666666666666,-1
3828,7808,17.359375000001123,0.39166666666666666,-1
3829,7809,17.366250000001124,0.39166666666666666,-1
3830,7810,17.373125000001124,0.39166666666666666,-1
3831,7811,17.380000000001125,0.39166666666666666,-1
3832,7812,17.386875000001126,0.39166666666666666,-1
3833,7813,17.393750000001127,0.39166666666666666,-1
3834,7814,17.400625000001128,0.39166666666666666,-1
3835,7815,17.40750000000113,0.39166666666666666,-1
3836,7816,17.41437500000113,0.39166666666666666,-1
3837,7817,17.42125000000113,0.39166666666666666,-1
3838,7818,17.42812500000113,0.39166666666666666,-1
3839,7819,17.435000000001132,0.39166666666666666,-1
3840,7820,17.441875000001133,0.39166666666666666,-1
3841,7821,17.448750000001134,0.39166666666666666,-1
3842,7822,17.455625000001135,0.39166666666666666,-1
3843,7823,17.462500000001135,0.39166666666666666,-1
3844,7824,17.469375000001136,0.39166666666666666,-1
3845,7825,17.476250000001137,0.39166666666666666,-1
3846,7826,17.483125000001138,0.39166666666666666,-1
3847,7827,17.49000000000114,0.39166666666666666,-1
3848,7828,17.49687500000114,0.39166666666666666,-1
3849,7829,17.50375000000114,0.39166666666666666,-1
3850,7830,17.51062500000114,0.39166666666666666,-1
3851,7831,17.517500000001142,0.39166666666666666,-1
3852,7832,17.524375000001143,0.39166666666666666,-1
3853,7833,17.531250000001144,0.39166666666666666,-1
3854,7834,17.538125000001145,0.39166666666666666,-1
3855,7835,17.545000000001146,0.39166666666666666,-1
3856,7836,17.551875000001147,0.39166666666666666,-1
3857,7837,17.558750000001147,0.39166666666666666,-1
3858,7838,17.56562500000115,0.39166666666666666,-1
3859,7839,17.57250000000115,0.39166666666666666,-1
3860,7840,17.57937500000115,0.39166666666666666,-1
3861,7841,17.58625000000115,0.39166666666666666,-1
3862,7842,17.59312500000115,0.39166666666666666,-1
3863,7843,17.600000000001153,0.39166666666666666,-1
3864,7844,17.606875000001153,0.39166666666666666,-1
3865,7845,17.613750000001154,0.39166666666666666,-1
3866,7846,17.613750000001154,0.3333333333333333,34
3867,7847,17.613750000001154,0.3333333333333333,34
3868,7848,17.613750000001154,0.3333333333333333,34
3869,7849,17.613750000001154,0.3333333333333333,34
3870,7850,17.613750000001154,0.3333333333333333,34
3871,7851,17.613750000001154,0.3333333333333333,34
3872,7852,17.613750000001154,0.3333333333333333,34
3873,7853,17.613750000001154,0.3333333333333333,34
3874,7854,17.613750000001154,0.3333333333333333,34
3875,7855,17.613750000001154,0.3333333333333333,34
3876,7856,17.613750000001154,0.3333333333333333,34
3877,7857,17.613750000001154,0.3333333333333333,34
3878,7858,17.613750000001154,0.3333333333333333,34
3879,7859,17.613750000001154,0.3333333333333333,34
3880,7860,17.613750000001154,0.3333333333333333,34
3881,7861,17.613750000001154,0.3333333333333333,34
3882,7862,17.613750000001154,0.3333333333333333,34
3883,7863,17.620625000001155,0.3333333333333333,-1
3884,7864,17.627500000001156,0.3333333333333333,-1
3885,7865,17.634375000001157,0.3333333333333333,-1
3886,7866,17.641250000001158,0.3333333333333333,-1
3887,7867,17.64812500000116,0.3333333333333333,-1
3888,7868,17.65500000000116,0.3333333333333333,-1
3889,7869,17.66187500000116,0.3333333333333333,-1
3890,7870,17.66875000000116,0.3333333333333333,-1
3891,7871,17.675625000001162,0.3333333333333333,-1
3892,7872,17.682500000001163,0.3333333333333333,-1
3893,7873,17.689375000001164,0.3333333333333333,-1
3894,7874,17.696250000001164,0.3333333333333333,-1
3895,7875,17.703125000001165,0.3333333333333333,-1
3896,7876,17.710000000001166,0.3333333333333333,-1
3897,7877,17.716875000001167,0.3333333333333333,-1
3898,7878,17.723750000001168,0.3333333333333333,-1
3899,7879,17.73062500000117,0.3333333333333333,-1
3900,7880,17.73750000000117,0.3333333333333333,-1
3901,7881,17.74437500000117,0.3333333333333333,-1
3902,7882,17.75125000000117,0.3333333333333333,-1
3903,7883,17.758125000001172,0.3333333333333333,-1
3904,7884,17.765000000001173,0.3333333333333333,-1
3905,7885,17.771875000001174,0.3333333333333333,-1
3906,7886,17.778750000001175,0.3333333333333333,-1
3907,7887,17.785625000001176,0.3333333333333333,-1
3908,7888,17.792500000001176,0.3333333333333333,-1
3909,7889,17.799375000001177,0.3333333333333333,-1
3910,7890,17.806250000001178,0.3333333333333333,-1
3911,7891,17.81312500000118,0.3333333333333333,-1
3912,7892,17.82000000000118,0.3333333333333333,-1
3913,7893,17.82687500000118,0.3333333333333333,-1
3914,7894,17.83375000000118,0.3333333333333333,-1
3915,7895,17.840625000001182,0.3333333333333333,-1
3916,7896,17.847500000001183,0.3333333333333333,-1
3917,7897,17.854375000001184,0.3333333333333333,-1
3918,7898,17.861250000001185,0.3333333333333333,-1
3919,7899,17.868125000001186,0.3333333333333333,-1
3920,7900,17.875000000001187,0.3333333333333333,-1
3921,7901,17.881875000001187,0.3333333333333333,-1
3922,7902,17.88875000000119,0.3333333333333333,-1
3923,7903,17.89562500000119,0.3333333333333333,-1
3924,7904,17.90250000000119,0.3333333333333333,-1
3925,7905,17.90937500000119,0.3333333333333333,-1
3926,7906,17.91625000000119,0.3333333333333333,-1
3927,7907,17.923125000001193,0.3333333333333333,-1
3928,7908,17.930000000001193,0.3333333333333333,-1
3929,7909,17.936875000001194,0.3333333333333333,-1
3930,7910,17.943750000001195,0.3333333333333333,-1
3931,7911,17.950625000001196,0.3333333333333333,-1
3932,7912,17.957500000001197,0.3333333333333333,-1
3933,7913,17.964375000001198,0.3333333333333333,-1
3934,7914,17.9712500000012,0.3333333333333333,-1
3935,7915,17.9781250000012,0.3333333333333333,-1
3936,7916,17.9850000000012,0.3333333333333333,-1
3937,7917,17.9918750000012,0.3333333333333333,-1
3938,7918,17.998750000001202,0.3333333333333333,-1
3939,7919,18.005625000001203,0.3333333333333333,-1
3940,7920,18.012500000001204,0.3333333333333333,-1
3941,7921,18.019375000001205,0.3333333333333333,-1
3942,7922,18.026250000001205,0.3333333333333333,-1
3943,7923,18.033125000001206,0.3333333333333333,-1
3944,7924,18.040000000001207,0.3333333333333333,-1
3945,7925,18.046875000001208,0.3333333333333333,-1
3946,7926,18.05375000000121,0.3333333333333333,-1
3947,7927,18.06062500000121,0.3333333333333333,-1
3948,7928,18.06750000000121,0.3333333333333333,-1
3949,7929,18.07437500000121,0.3333333333333333,-1
3950,7930,18.081250000001212,0.3333333333333333,-1
3951,7931,18.088125000001213,0.3333333333333333,-1
3952,7932,18.095000000001214,0.3333333333333333,-1
3953,7933,18.101875000001215,0.3333333333333333,-1
3954,7934,18.108750000001216,0.3333333333333333,-1
3955,7935,18.115625000001216,0.3333333333333333,-1
3956,7936,18.122500000001217,0.3333333333333333,-1
3957,7937,18.129375000001218,0.3333333333333333,-1
3958,7938,18.13625000000122,0.3333333333333333,-1
3959,7939,18.14312500000122,0.3333333333333333,-1
3960,7940,18.15000000000122,0.3333333333333333,-1
3961,7941,18.15687500000122,0.3333333333333333,-1
3962,7942,18.163750000001222,0.3333333333333333,-1
3963,7943,18.170625000001223,0.3333333333333333,-1
3964,7944,18.177500000001224,0.3333333333333333,-1
3965,7945,18.184375000001225,0.3333333333333333,-1
3966,7946,18.191250000001226,0.3333333333333333,-1
3967,7947,18.198125000001227,0.3333333333333333,-1
3968,7948,18.205000000001228,0.3333333333333333,-1
3969,7949,18.21187500000123,0.3333333333333333,-1
3970,7950,18.21875000000123,0.3333333333333333,-1
3971,7951,18.22562500000123,0.3333333333333333,-1
3972,7952,18.23250000000123,0.3333333333333333,-1
3973,7953,18.239375000001232,0.3333333333333333,-1
3974,7954,18.246250000001233,0.3333333333333333,-1
3975,7955,18.253125000001234,0.3333333333333333,-1
3976,7956,18.260000000001234,0.3333333333333333,-1
3977,7957,18.266875000001235,0.3333333333333333,-1
3978,7958,18.273750000001236,0.3333333333333333,-1
3979,7959,18.280625000001237,0.3333333333333333,-1
3980,7960,18.287500000001238,0.3333333333333333,-1
3981,7961,18.29437500000124,0.3333333333333333,-1
3982,7962,18.30125000000124,0.3333333333333333,-1
3983,7963,18.30812500000124,0.3333333333333333,-1
3984,7964,18.31500000000124,0.3333333333333333,-1
3985,7965,18.321875000001242,0.3333333333333333,-1
3986,7966,18.328750000001243,0.3333333333333333,-1
3987,7967,18.335625000001244,0.3333333333333333,-1
3988,7968,18.342500000001245,0.3333333333333333,-1
3989,7969,18.349375000001245,0.3333333333333333,-1
3990,7970,18.356250000001246,0.3333333333333333,-1
3991,7971,18.363125000001247,0.3333333333333333,-1
3992,7972,18.370000000001248,0.3333333333333333,-1
3993,7973,18.37687500000125,0.3333333333333333,-1
3994,7974,18.38375000000125,0.3333333333333333,-1
3995,7975,18.39062500000125,0.3333333333333333,-1
3996,7976,18.39750000000125,0.3333333333333333,-1
3997,7977,18.404375000001252,0.3333333333333333,-1
3998,7978,18.411250000001253,0.3333333333333333,-1
3999,7979,18.418125000001254,0.3333333333333333,-1
4000,7980,18.425000000001255,0.3333333333333333,-1
4001,7981,18.431875000001256,0.3333333333333333,-1
4002,7982,18.438750000001257,0.3333333333333333,-1
4003,7983,18.445625000001257,0.3333333333333333,-1
4004,7984,18.45250000000126,0.3333333333333333,-1
4005,7985,18.45937500000126,0.3333333333333333,-1
4006,7986,18.46625000000126,0.3333333333333333,-1
4007,7987,18.47312500000126,0.3333333333333333,-1
4008,7988,18.48000000000126,0.3333333333333333,-1
4009,7989,18.486875000001262,0.3333333333333333,-1
4010,7990,18.493750000001263,0.3333333333333333,-1
4011,7991,18.500625000001264,0.3333333333333333,-1
4012,7992,18.507500000001265,0.3333333333333333,-1
4013,7993,18.514375000001266,0.3333333333333333,-1
4014,7994,18.521250000001267,0.3333333333333333,-1
4015,7995,18.528125000001268,0.3333333333333333,-1
4016,7996,18.53500000000127,0.3333333333333333,-1
4017,7997,18.54187500000127,0.3333333333333333,-1
4018,7998,18.54875000000127,0.3333333333333333,-1
4019,7999,18.55562500000127,0.3333333333333333,-1
4020,8000,18.562500000001272,0.3333333333333333,-1
4021,8001,18.569375000001273,0.3333333333333333,-1
4022,8002,18.576250000001274,0.3333333333333333,-1
4023,8003,18.583125000001274,0.3333333333333333,-1
4024,8004,18.590000000001275,0.3333333333333333,-1
4025,8005,18.596875000001276,0.3333333333333333,-1
4026,8006,18.603750000001277,0.3333333333333333,-1
4027,8007,18.610625000001278,0.3333333333333333,-1
4028,8008,18.61750000000128,0.3333333333333333,-1
4029,8009,18.62437500000128,0.3333333333333333,-1
4030,8010,18.63125000000128,0.3333333333333333,-1
4031,8011,18.63812500000128,0.3333333333333333,-1
4032,8012,18.645000000001282,0.3333333333333333,-1
4033,8013,18.651875000001283,0.3333333333333333,-1
4034,8014,18.658750000001284,0.3333333333333333,-1
4035,8015,18.665625000001285,0.3333333333333333,-1
4036,8016,18.672500000001286,0.3333333333333333,-1
4037,8017,18.679375000001286,0.3333333333333333,-1
4038,8018,18.686250000001287,0.3333333333333333,-1
4039,8019,18.693125000001288,0.3333333333333333,-1
4040,8020,18.70000000000129,0.3333333333333333,-1
4041,8021,18.70687500000129,0.3333333333333333,-1
4042,8022,18.71375000000129,0.3333333333333333,-1
4043,8023,18.72062500000129,0.3333333333333333,-1
4044,8024,18.727500000001292,0.3333333333333333,-1
4045,8025,18.734375000001293,0.3333333333333333,-1
4046,8026,18.741250000001294,0.3333333333333333,-1
4047,8027,18.748125000001295,0.3333333333333333,-1
4048,8028,18.755000000001296,0.3333333333333333,-1
4049,8029,18.761875000001297,0.3333333333333333,-1
4050,8030,18.768750000001297,0.3333333333333333,-1
4051,8031,18.7756250000013,0.3333333333333333,-1
4052,8032,18.7825000000013,0.3333333333333333,-1
4053,8033,18.7893750000013,0.3333333333333333,-1
4054,8034,18.7962500000013,0.3333333333333333,-1
4055,8035,18.8031250000013,0.3333333333333333,-1
4056,8036,18.810000000001303,0.3333333333333333,-1
4057,8037,18.816875000001303,0.3333333333333333,-1
4058,8038,18.823750000001304,0.3333333333333333,-1
4059,8039,18.830625000001305,0.3333333333333333,-1
4060,8040,18.837500000001306,0.3333333333333333,-1
4061,8041,18.844375000001307,0.3333333333333333,-1
4062,8042,18.851250000001308,0.3333333333333333,-1
4063,8043,18.85812500000131,0.3333333333333333,-1
4064,8044,18.86500000000131,0.3333333333333333,-1
4065,8045,18.87187500000131,0.3333333333333333,-1
4066,8046,18.87875000000131,0.3333333333333333,-1
4067,8047,18.885625000001312,0.3333333333333333,-1
4068,8048,18.892500000001313,0.3333333333333333,-1
4069,8049,18.899375000001314,0.3333333333333333,-1
4070,8050,18.906250000001315,0.3333333333333333,-1
4071,8051,18.913125000001315,0.3333333333333333,-1
4072,8052,18.920000000001316,0.3333333333333333,-1
4073,8053,18.926875000001317,0.3333333333333333,-1
4074,8054,18.933750000001318,0.3333333333333333,-1
4075,8055,18.94062500000132,0.3333333333333333,-1
4076,8056,18.94750000000132,0.3333333333333333,-1
4077,8057,18.95437500000132,0.3333333333333333,-1
4078,8058,18.96125000000132,0.3333333333333333,-1
4079,8059,18.968125000001322,0.3333333333333333,-1
4080,8060,18.975000000001323,0.3333333333333333,-1
4081,8061,18.981875000001324,0.3333333333333333,-1
4082,8062,18.988750000001325,0.3333333333333333,-1
4083,8063,18.995625000001326,0.3333333333333333,-1
4084,8064,19.002500000001326,0.3333333333333333,-1
4085,8065,19.009375000001327,0.3333333333333333,-1
4086,8066,19.016250000001328,0.3333333333333333,-1
4087,8067,19.02312500000133,0.3333333333333333,-1
4088,8068,19.03000000000133,0.3333333333333333,-1
4089,8069,19.03687500000133,0.3333333333333333,-1
4090,8070,19.04375000000133,0.3333333333333333,-1
4091,8071,19.050625000001332,0.3333333333333333,-1
4092,8072,19.057500000001333,0.3333333333333333,-1
4093,8073,19.064375000001334,0.3333333333333333,-1
4094,8074,19.071250000001335,0.3333333333333333,-1
4095,8075,19.078125000001336,0.3333333333333333,-1
4096,8076,19.085000000001337,0.3333333333333333,-1
4097,8077,19.091875000001338,0.3333333333333333,-1
4098,8078,19.09875000000134,0.3333333333333333,-1
4099,8079,19.10562500000134,0.3333333333333333,-1
4100,8080,19.11250000000134,0.3333333333333333,-1
4101,8081,19.11937500000134,0.3333333333333333,-1
4102,8082,19.126250000001342,0.3333333333333333,-1
4103,8083,19.133125000001343,0.3333333333333333,-1
4104,8084,19.140000000001343,0.3333333333333333,-1
4105,8085,19.146875000001344,0.3333333333333333,-1
4106,8086,19.153750000001345,0.3333333333333333,-1
4107,8087,19.160625000001346,0.3333333333333333,-1
4108,8088,19.167500000001347,0.3333333333333333,-1
4109,8089,19.174375000001348,0.3333333333333333,-1
4110,8090,19.18125000000135,0.3333333333333333,-1
4111,8091,19.18812500000135,0.3333333333333333,-1
4112,8092,19.19500000000135,0.3333333333333333,-1
4113,8093,19.20187500000135,0.3333333333333333,-1
4114,8094,19.208750000001352,0.3333333333333333,-1
4115,8095,19.215625000001353,0.3333333333333333,-1
4116,8096,19.222500000001354,0.3333333333333333,-1
4117,8097,19.229375000001355,0.3333333333333333,-1
4118,8098,19.236250000001355,0.3333333333333333,-1
4119,8099,19.243125000001356,0.3333333333333333,-1
4120,8100,19.250000000001357,0.3333333333333333,-1
4121,8101,19.256875000001358,0.3333333333333333,-1
4122,8102,19.26375000000136,0.3333333333333333,-1
4123,8103,19.27062500000136,0.3333333333333333,-1
4124,8104,19.27750000000136,0.3333333333333333,-1
4125,8105,19.28437500000136,0.3333333333333333,-1
4126,8106,19.291250000001362,0.3333333333333333,-1
4127,8107,19.298125000001363,0.3333333333333333,-1
4128,8108,19.305000000001364,0.3333333333333333,-1
4129,8109,19.311875000001365,0.3333333333333333,-1
4130,8110,19.318750000001366,0.3333333333333333,-1
4131,8111,19.325625000001367,0.3333333333333333,-1
4132,8112,19.332500000001367,0.3333333333333333,-1
4133,8113,19.339375000001368,0.3333333333333333,-1
4134,8114,19.34625000000137,0.3333333333333333,-1
4135,8115,19.35312500000137,0.3333333333333333,-1
4136,8116,19.36000000000137,0.3333333333333333,-1
4137,8117,19.36687500000137,0.3333333333333333,-1
4138,8118,19.373750000001372,0.3333333333333333,-1
4139,8119,19.380625000001373,0.3333333333333333,-1
4140,8120,19.387500000001374,0.3333333333333333,-1
4141,8121,19.394375000001375,0.3333333333333333,-1
4142,8122,19.401250000001376,0.3333333333333333,-1
4143,8123,19.408125000001377,0.3333333333333333,-1
4144,8124,19.415000000001378,0.3333333333333333,-1
4145,8125,19.42187500000138,0.3333333333333333,-1
4146,8126,19.42875000000138,0.3333333333333333,-1
4147,8127,19.42875000000138,0.26666666666666666,35
4148,8128,19.42875000000138,0.26666666666666666,35
4149,8129,19.42875000000138,0.26666666666666666,35
4150,8130,19.42875000000138,0.26666666666666666,35
4151,8131,19.42875000000138,0.26666666666666666,35
4152,8132,19.42875000000138,0.26666666666666666,35
4153,8133,19.42875000000138,0.26666666666666666,35
4154,8134,19.42875000000138,0.26666666666666666,35
4155,8135,19.42875000000138,0.26666666666666666,35
4156,8136,19.42875000000138,0.26666666666666666,35
4157,8137,19.42875000000138,0.26666666666666666,35
4158,8138,19.42875000000138,0.26666666666666666,35
4159,8139,19.42875000000138,0.26666666666666666,35
4160,8140,19.42875000000138,0.26666666666666666,35
4161,8141,19.42875000000138,0.26666666666666666,35
4162,8142,19.42875000000138,0.26666666666666666,35
4163,8143,19.42875000000138,0.26666666666666666,35
4164,8144,19.42875000000138,0.26666666666666666,35
4165,8145,19.42875000000138,0.26666666666666666,35
4166,8146,19.42875000000138,0.26666666666666666,35
4167,8147,19.42875000000138,0.26666666666666666,35
4168,8148,19.42875000000138,0.26666666666666666,35
4169,8149,19.42875000000138,0.26666666666666666,35
4170,8150,19.42875000000138,0.26666666666666666,35
4171,8151,19.42875000000138,0.26666666666666666,35
4172,8152,19.42875000000138,0.26666666666666666,35
4173,8153,19.42875000000138,0.26666666666666666,35
4174,8154,19.42875000000138,0.26666666666666666,35
4175,8155,19.42875000000138,0.26666666666666666,35
4176,8156,19.42875000000138,0.26666666666666666,35
4177,8157,19.42875000000138,0.26666666666666666,35
4178,8158,19.42875000000138,0.26666666666666666,35
4179,8159,19.42875000000138,0.26666666666666666,35
4180,8160,19.42875000000138,0.26666666666666666,35
4181,8161,19.42875000000138,0.26666666666666666,35
4182,8162,19.42875000000138,0.26666666666666666,35
4183,8163,19.42875000000138,0.26666666666666666,35
4184,8164,19.42875000000138,0.26666666666666666,35
4185,8165,19.42875000000138,0.26666666666666666,35
4186,8166,19.42875000000138,0.26666666666666666,35
4187,8167,19.42875000000138,0.26666666666666666,35
4188,8168,19.42875000000138,0.26666666666666666,35
4189,8169,19.42875000000138,0.26666666666666666,35
4190,8170,19.42875000000138,0.26666666666666666,35
4191,8171,19.42875000000138,0.26666666666666666,35
4192,8172,19.42875000000138,0.26666666666666666,35
4193,8173,19.42875000000138,0.26666666666666666,35
4194,8174,19.42875000000138,0.26666666666666666,35
4195,8175,19.42875000000138,0.26666666666666666,35
4196,8176,19.42875000000138,0.26666666666666666,35
4197,8177,19.42875000000138,0.26666666666666666,35
4198,8178,19.42875000000138,0.26666666666666666,35
4199,8179,19.42875000000138,0.26666666666666666,35
4200,8180,19.42875000000138,0.26666666666666666,35
4201,8181,19.42875000000138,0.26666666666666666,35
4202,8182,19.42875000000138,0.26666666666666666,35
4203,8183,19.42875000000138,0.26666666666666666,35
4204,8184,19.42875000000138,0.26666666666666666,35
4205,8185,19.42875000000138,0.26666666666666666,35
4206,8186,19.42875000000138,0.26666666666666666,35
4207,8187,19.42875000000138,0.26666666666666666,35
4208,8188,19.42875000000138,0.26666666666666666,35
4209,8189,19.42875000000138,0.26666666666666666,35
4210,8190,19.42875000000138,0.26666666666666666,35
4211,8191,19.42875000000138,0.26666666666666666,35
4212,8192,19.42875000000138,0.26666666666666666,35
4213,8193,19.42875000000138,0.26666666666666666,35
4214,8194,19.42875000000138,0.26666666666666666,35
4215,8195,19.42875000000138,0.26666666666666666,35
4216,8196,19.42875000000138,0.26666666666666666,35
4217,8197,19.42875000000138,0.26666666666666666,35
4218,8198,19.42875000000138,0.26666666666666666,35
4219,8199,19.42875000000138,0.26666666666666666,35
4220,8200,19.42875000000138,0.26666666666666666,35
4221,8201,19.42875000000138,0.26666666666666666,35
4222,8202,19.42875000000138,0.26666666666666666,35
4223,8203,19.42875000000138,0.26666666666666666,35
4224,8204,19.42875000000138,0.26666666666666666,35
4225,8205,19.42875000000138,0.26666666666666666,35
4226,8206,19.42875000000138,0.26666666666666666,35
4227,8207,19.42875000000138,0.26666666666666666,35
4228,8208,19.42875000000138,0.26666666666666666,35
4229,8209,19.42875000000138,0.26666666666666666,35
4230,8210,19.42875000000138,0.26666666666666666,35
4231,8211,19.42875000000138,0.26666666666666666,35
4232,8212,19.42875000000138,0.26666666666666666,35
4233,8213,19.42875000000138,0.26666666666666666,35
4234,8214,19.42875000000138,0.26666666666666666,35
4235,8215,19.42875000000138,0.26666666666666666,35
4236,8216,19.42875000000138,0.26666666666666666,35
4237,8217,19.42875000000138,0.26666666666666666,35
4238,8218,19.42875000000138,0.26666666666666666,35
4239,8219,19.42875000000138,0.26666666666666666,35
4240,8220,19.42875000000138,0.26666666666666666,35
4241,8221,19.42875000000138,0.26666666666666666,35
4242,8222,19.42875000000138,0.26666666666666666,35
4243,8223,19.42875000000138,0.26666666666666666,35
4244,8224,19.42875000000138,0.26666666666666666,35
4245,8225,19.42875000000138,0.26666666666666666,35
4246,8226,19.42875000000138,0.26666666666666666,35
4247,8227,19.42875000000138,0.26666666666666666,35
4248,8228,19.42875000000138,0.26666666666666666,35
4249,8229,19.42875000000138,0.26666666666666666,35
4250,8230,19.42875000000138,0.26666666666666666,35
4251,8231,19.42875000000138,0.26666666666666666,35
4252,8232,19.42875000000138,0.26666666666666666,35
4253,8233,19.42875000000138,0.26666666666666666,35
4254,8234,19.42875000000138,0.26666666666666666,35
4255,8235,19.42875000000138,0.26666666666666666,35
4256,8236,19.42875000000138,0.26666666666666666,35
4257,8237,19.42875000000138,0.26666666666666666,35
4258,8238,19.42875000000138,0.26666666666666666,35
4259,8239,19.42875000000138,0.26666666666666666,35
4260,8240,19.42875000000138,0.26666666666666666,35
4261,8241,19.42875000000138,0.26666666666666666,35
4262,8242,19.42875000000138,0.26666666666666666,35
4263,8243,19.42875000000138,0.26666666666666666,35
4264,8244,19.42875000000138,0.26666666666666666,35
4265,8245,19.42875000000138,0.26666666666666666,35
4266,8246,19.42875000000138,0.26666666666666666,35
4267,8247,19.42875000000138,0.26666666666666666,35
4268,8248,19.42875000000138,0.26666666666666666,35
4269,8249,19.42875000000138,0.26666666666666666,35
4270,8250,19.42875000000138,0.26666666666666666,35
4271,8251,19.42875000000138,0.26666666666666666,35
4272,8252,19.42875000000138,0.26666666666666666,35
4273,8253,19.42875000000138,0.26666666666666666,35
4274,8254,19.42875000000138,0.26666666666666666,35
4275,8255,19.42875000000138,0.26666666666666666,35
4276,8256,19.42875000000138,0.26666666666666666,35
4277,8257,19.42875000000138,0.26666666666666666,35
4278,8258,19.42875000000138,0.26666666666666666,35
4279,8259,19.42875000000138,0.26666666666666666,35
4280,8260,19.42875000000138,0.26666666666666666,35
4281,8261,19.42875000000138,0.26666666666666666,35
4282,8262,19.42875000000138,0.26666666666666666,35
4283,8263,19.42875000000138,0.26666666666666666,35
4284,8264,19.42875000000138,0.26666666666666666,35
4285,8265,19.42875000000138,0.26666666666666666,35
4286,8266,19.42875000000138,0.26666666666666666,35
4287,8267,19.42875000000138,0.26666666666666666,35
4288,8268,19.42875000000138,0.26666666666666666,35
4289,8269,19.42875000000138,0.26666666666666666,35
4290,8270,19.42875000000138,0.26666666666666666,35
4291,8271,19.42875000000138,0.26666666666666666,35
4292,8272,19.42875000000138,0.26666666666666666,35
4293,8273,19.42875000000138,0.26666666666666666,35
4294,8274,19.42875000000138,0.26666666666666666,35
4295,8275,19.42875000000138,0.26666666666666666,35
4296,8276,19.42875000000138,0.26666666666666666,35
4297,8277,19.42875000000138,0.26666666666666666,35
4298,8278,19.42875000000138,0.26666666666666666,35
4299,8279,19.42875000000138,0.26666666666666666,35
4300,8280,19.42875000000138,0.26666666666666666,35
4301,8281,19.42875000000138,0.26666666666666666,35
4302,8282,19.42875000000138,0.26666666666666666,35
4303,8283,19.42875000000138,0.26666666666666666,35
4304,8284,19.42875000000138,0.26666666666666666,35
4305,8285,19.42875000000138,0.26666666666666666,35
4306,8286,19.42875000000138,0.26666666666666666,35
4307,8287,19.42875000000138,0.26666666666666666,35
4308,8288,19.42875000000138,0.26666666666666666,35
4309,8289,19.42875000000138,0.26666666666666666,35
4310,8290,19.42875000000138,0.26666666666666666,35
4311,8291,19.42875000000138,0.26666666666666666,35
4312,8292,19.42875000000138,0.26666666666666666,35
4313,8293,19.42875000000138,0.26666666666666666,35
4314,8294,19.42875000000138,0.26666666666666666,35
4315,8295,19.42875000000138,0.26666666666666666,35
4316,8296,19.42875000000138,0.26666666666666666,35
4317,8297,19.42875000000138,0.26666666666666666,35
4318,8298,19.42875000000138,0.26666666666666666,35
4319,8299,19.42875000000138,0.26666666666666666,35
4320,8300,19.42875000000138,0.26666666666666666,35
4321,8301,19.42875000000138,0.26666666666666666,35
4322,8302,19.42875000000138,0.26666666666666666,35
4323,8303,19.42875000000138,0.26666666666666666,35
4324,8304,19.42875000000138,0.26666666666666666,35
4325,8305,19.42875000000138,0.26666666666666666,35
4326,8306,19.42875000000138,0.26666666666666666,35
4327,8307,19.43562500000138,0.26666666666666666,-1
4328,8308,19.43562500000138,0.275,36
4329,8309,19.43562500000138,0.275,36
4330,8310,19.43562500000138,0.275,36
4331,8311,19.43562500000138,0.275,36
4332,8312,19.43562500000138,0.275,36
4333,8313,19.43562500000138,0.275,36
4334,8314,19.43562500000138,0.275,36
4335,8315,19.43562500000138,0.275,36
4336,8316,19.43562500000138,0.275,36
4337,8317,19.43562500000138,0.275,36
4338,8318,19.43562500000138,0.275,36
4339,8319,19.43562500000138,0.275,36
4340,8320,19.43562500000138,0.275,36
4341,8321,19.43562500000138,0.275,36
4342,8322,19.43562500000138,0.275,36
4343,8323,19.43562500000138,0.275,36
4344,8324,19.43562500000138,0.275,36
4345,8325,19.43562500000138,0.275,36
4346,8326,19.43562500000138,0.275,36
4347,8327,19.43562500000138,0.275,36
4348,8328,19.43562500000138,0.275,36
4349,8329,19.43562500000138,0.275,36
4350,8330,19.43562500000138,0.275,36
4351,8331,19.43562500000138,0.275,36
4352,8332,19.43562500000138,0.275,36
4353,8333,19.43562500000138,0.275,36
4354,8334,19.43562500000138,0.275,36
4355,8335,19.43562500000138,0.275,36
4356,8336,19.43562500000138,0.275,36
4357,8337,19.43562500000138,0.275,36
4358,8338,19.43562500000138,0.275,36
4359,8339,19.43562500000138,0.275,36
4360,8340,19.43562500000138,0.275,36
4361,8341,19.43562500000138,0.275,36
4362,8342,19.43562500000138,0.275,36
4363,8343,19.43562500000138,0.275,36
4364,8344,19.43562500000138,0.275,36
4365,8345,19.44250000000138,0.275,-1
4366,8346,19.449375000001382,0.275,-1
4367,8347,19.456250000001383,0.275,-1
4368,8348,19.463125000001384,0.275,-1
4369,8349,19.470000000001384,0.275,-1
4370,8350,19.476875000001385,0.275,-1
4371,8351,19.483750000001386,0.275,-1
4372,8352,19.490625000001387,0.275,-1
4373,8353,19.497500000001388,0.275,-1
4374,8354,19.50437500000139,0.275,-1
4375,8355,19.51125000000139,0.275,-1
4376,8356,19.51812500000139,0.275,-1
4377,8357,19.52500000000139,0.275,-1
4378,8358,19.531875000001392,0.275,-1
4379,8359,19.538750000001393,0.275,-1
4380,8360,19.545625000001394,0.275,-1
4381,8361,19.552500000001395,0.275,-1
4382,8362,19.559375000001396,0.275,-1
4383,8363,19.566250000001396,0.275,-1
4384,8364,19.573125000001397,0.275,-1
4385,8365,19.580000000001398,0.275,-1
4386,8366,19.5868750000014,0.275,-1
4387,8367,19.5937500000014,0.275,-1
4388,8368,19.6006250000014,0.275,-1
4389,8369,19.6075000000014,0.275,-1
4390,8370,19.614375000001402,0.275,-1
4391,8371,19.621250000001403,0.275,-1
4392,8372,19.628125000001404,0.275,-1
4393,8373,19.635000000001405,0.275,-1
4394,8374,19.641875000001406,0.275,-1
4395,8375,19.648750000001407,0.275,-1
4396,8376,19.655625000001407,0.275,-1
4397,8377,19.66250000000141,0.275,-1
4398,8378,19.66937500000141,0.275,-1
4399,8379,19.67625000000141,0.275,-1
4400,8380,19.68312500000141,0.275,-1
4401,8381,19.69000000000141,0.275,-1
4402,8382,19.696875000001413,0.275,-1
4403,8383,19.703750000001413,0.275,-1
4404,8384,19.710625000001414,0.275,-1
4405,8385,19.717500000001415,0.275,-1
4406,8386,19.724375000001416,0.275,-1
4407,8387,19.731250000001417,0.275,-1
4408,8388,19.738125000001418,0.275,-1
4409,8389,19.74500000000142,0.275,-1
4410,8390,19.75187500000142,0.275,-1
4411,8391,19.75875000000142,0.275,-1
4412,8392,19.76562500000142,0.275,-1
4413,8393,19.772500000001422,0.275,-1
4414,8394,19.779375000001423,0.275,-1
4415,8395,19.786250000001424,0.275,-1
4416,8396,19.786250000001424,0.2,37
4417,8397,19.786250000001424,0.2,37
4418,8398,19.786250000001424,0.2,37
4419,8399,19.786250000001424,0.2,37
4420,8400,19.786250000001424,0.2,37
4421,8401,19.786250000001424,0.2,37
4422,8402,19.786250000001424,0.2,37
4423,8403,19.786250000001424,0.2,37
4424,8404,19.786250000001424,0.2,37
4425,8405,19.786250000001424,0.2,37
4426,8406,19.786250000001424,0.2,37
4427,8407,19.786250000001424,0.2,37
4428,8408,19.786250000001424,0.2,37
4429,8409,19.786250000001424,0.2,37
4430,8410,19.786250000001424,0.2,37
4431,8411,19.786250000001424,0.2,37
4432,8412,19.786250000001424,0.2,37
4433,8413,19.786250000001424,0.2,37
4434,8414,19.786250000001424,0.2,37
4435,8415,19.786250000001424,0.2,37
4436,8416,19.793125000001424,0.2,-1
4437,8417,19.800000000001425,0.2,-1
4438,8418,19.806875000001426,0.2,-1
4439,8419,19.813750000001427,0.2,-1
4440,8420,19.820625000001428,0.2,-1
4441,8421,19.82750000000143,0.2,-1
4442,8422,19.83437500000143,0.2,-1
4443,8423,19.84125000000143,0.2,-1
4444,8424,19.84812500000143,0.2,-1
4445,8425,19.855000000001432,0.2,-1
4446,8426,19.861875000001433,0.2,-1
4447,8427,19.868750000001434,0.2,-1
4448,8428,19.875625000001435,0.2,-1
4449,8429,19.882500000001436,0.2,-1
4450,8430,19.889375000001436,0.2,-1
4451,8431,19.896250000001437,0.2,-1
4452,8432,19.903125000001438,0.2,-1
4453,8433,19.91000000000144,0.2,-1
4454,8434,19.91687500000144,0.2,-1
4455,8435,19.92375000000144,0.2,-1
4456,8436,19.93062500000144,0.2,-1
4457,8437,19.937500000001442,0.2,-1
4458,8438,19.944375000001443,0.2,-1
4459,8439,19.951250000001444,0.2,-1
4460,8440,19.958125000001445,0.2,-1
4461,8441,19.965000000001446,0.2,-1
4462,8442,19.971875000001447,0.2,-1
4463,8443,19.978750000001448,0.2,-1
4464,8444,19.98562500000145,0.2,-1
4465,8445,19.99250000000145,0.2,-1
4466,8446,19.99937500000145,0.2,-1
4467,8447,20.00625000000145,0.2,-1
4468,8448,20.013125000001452,0.2,-1
4469,8449,20.020000000001453,0.2,-1
4470,8450,20.026875000001453,0.2,-1
4471,8451,20.033750000001454,0.2,-1
4472,8452,20.040625000001455,0.2,-1
4473,8453,20.047500000001456,0.2,-1
4474,8454,20.054375000001457,0.2,-1
4475,8455,20.061250000001458,0.2,-1
4476,8456,20.06812500000146,0.2,-1
4477,8457,20.07500000000146,0.2,-1
4478,8458,20.08187500000146,0.2,-1
4479,8459,20.08875000000146,0.2,-1
4480,8460,20.095625000001462,0.2,-1
4481,8461,20.102500000001463,0.2,-1
4482,8462,20.109375000001464,0.2,-1
4483,8463,20.116250000001465,0.2,-1
4484,8464,20.123125000001465,0.2,-1
4485,8465,20.130000000001466,0.2,-1
4486,8466,20.136875000001467,0.2,-1
4487,8467,20.143750000001468,0.2,-1
4488,8468,20.15062500000147,0.2,-1
4489,8469,20.15750000000147,0.2,-1
4490,8470,20.16437500000147,0.2,-1
4491,8471,20.17125000000147,0.2,-1
4492,8472,20.178125000001472,0.2,-1
4493,8473,20.185000000001473,0.2,-1
4494,8474,20.191875000001474,0.2,-1
4495,8475,20.198750000001475,0.2,-1
4496,8476,20.205625000001476,0.2,-1
4497,8477,20.212500000001477,0.2,-1
4498,8478,20.219375000001477,0.2,-1
4499,8479,20.226250000001478,0.2,-1
4500,8480,20.23312500000148,0.2,-1
4501,8481,20.24000000000148,0.2,-1
4502,8482,20.24687500000148,0.2,-1
4503,8483,20.25375000000148,0.2,-1
4504,8484,20.260625000001482,0.2,-1
4505,8485,20.267500000001483,0.2,-1
4506,8486,20.274375000001484,0.2,-1
4507,8487,20.281250000001485,0.2,-1
4508,8488,20.288125000001486,0.2,-1
4509,8489,20.295000000001487,0.2,-1
4510,8490,20.301875000001488,0.2,-1
4511,8491,20.30875000000149,0.2,-1
4512,8492,20.31562500000149,0.2,-1
4513,8493,20.32250000000149,0.2,-1
4514,8494,20.32937500000149,0.2,-1
4515,8495,20.32937500000149,0.1,38
4516,8496,20.32937500000149,0.1,38
4517,8497,20.32937500000149,0.1,38
4518,8498,20.32937500000149,0.1,38
4519,8499,20.32937500000149,0.1,38
4520,8500,20.32937500000149,0.1,38
4521,8501,20.32937500000149,0.1,38
4522,8502,20.32937500000149,0.1,38
4523,8503,20.32937500000149,0.1,38
4524,8504,20.32937500000149,0.1,38
4525,8505,20.32937500000149,0.1,38
4526,8506,20.32937500000149,0.1,38
4527,8507,20.32937500000149,0.1,38
4528,8508,20.32937500000149,0.1,38
4529,8509,20.32937500000149,0.1,38
4530,8510,20.32937500000149,0.1,38
4531,8511,20.32937500000149,0.1,38
4532,8512,20.32937500000149,0.1,38
4533,8513,20.32937500000149,0.1,38
4534,8514,20.32937500000149,0.1,38
4535,8515,20.32937500000149,0.1,38
4536,8516,20.32937500000149,0.1,38
4537,8517,20.32937500000149,0.1,38
4538,8518,20.32937500000149,0.1,38
4539,8519,20.32937500000149,0.1,38
4540,8520,20.32937500000149,0.1,38
4541,8521,20.336250000001492,0.1,-1
4542,8522,20.343125000001493,0.1,-1
4543,8523,20.350000000001494,0.1,-1
4544,8524,20.356875000001494,0.1,-1
4545,8525,20.363750000001495,0.1,-1
4546,8526,20.370625000001496,0.1,-1
4547,8527,20.377500000001497,0.1,-1
4548,8528,20.384375000001498,0.1,-1
4549,8529,20.3912500000015,0.1,-1
4550,8530,20.3981250000015,0.1,-1
4551,8531,20.4050000000015,0.1,-1
4552,8532,20.4118750000015,0.1,-1
4553,8533,20.418750000001502,0.1,-1
4554,8534,20.425625000001503,0.1,-1
4555,8535,20.432500000001504,0.1,-1
4556,8536,20.439375000001505,0.1,-1
4557,8537,20.446250000001505,0.1,-1
4558,8538,20.453125000001506,0.1,-1
4559,8539,20.460000000001507,0.1,-1
4560,8540,20.466875000001508,0.1,-1
4561,8541,20.47375000000151,0.1,-1
4562,8542,20.48062500000151,0.1,-1
4563,8543,20.48750000000151,0.1,-1
4564,8544,20.49437500000151,0.1,-1
4565,8545,20.501250000001512,0.1,-1
4566,8546,20.508125000001513,0.1,-1
4567,8547,20.515000000001514,0.1,-1
4568,8548,20.521875000001515,0.1,-1
4569,8549,20.528750000001516,0.1,-1
4570,8550,20.535625000001517,0.1,-1
4571,8551,20.542500000001517,0.1,-1
4572,8552,20.54937500000152,0.1,-1
4573,8553,20.55625000000152,0.1,-1
4574,8554,20.56312500000152,0.1,-1
4575,8555,20.57000000000152,0.1,-1
4576,8556,20.57687500000152,0.1,-1
4577,8557,20.583750000001523,0.1,-1
4578,8558,20.590625000001523,0.1,-1
4579,8559,20.597500000001524,0.1,-1
4580,8560,20.604375000001525,0.1,-1
4581,8561,20.611250000001526,0.1,-1
4582,8562,20.618125000001527,0.1,-1
4583,8563,20.625000000001528,0.1,-1
4584,8564,20.63187500000153,0.1,-1
4585,8565,20.63875000000153,0.1,-1
4586,8566,20.64562500000153,0.1,-1
4587,8567,20.65250000000153,0.1,-1
4588,8568,20.659375000001532,0.1,-1
4589,8569,20.666250000001533,0.1,-1
4590,8570,20.673125000001534,0.1,-1
4591,8571,20.680000000001534,0.1,-1
4592,8572,20.686875000001535,0.1,-1
4593,8573,20.693750000001536,0.1,-1
4594,8574,20.700625000001537,0.1,-1
4595,8575,20.707500000001538,0.1,-1
4596,8576,20.71437500000154,0.1,-1
4597,8577,20.72125000000154,0.1,-1
4598,8578,20.72812500000154,0.1,-1
4599,8579,20.73500000000154,0.1,-1
4600,8580,20.741875000001542,0.1,-1
4601,8581,20.748750000001543,0.1,-1
4602,8582,20.755625000001544,0.1,-1
4603,8583,20.762500000001545,0.1,-1
4604,8584,20.769375000001546,0.1,-1
4605,8585,20.776250000001546,0.1,-1
4606,8586,20.783125000001547,0.1,-1
4607,8587,20.790000000001548,0.1,-1
4608,8588,20.79687500000155,0.1,-1
4609,8589,20.80375000000155,0.1,-1
4610,8590,20.81062500000155,0.1,-1
4611,8591,20.81750000000155,0.1,-1
4612,8592,20.824375000001552,0.1,-1
4613,8593,20.831250000001553,0.1,-1
4614,8594,20.838125000001554,0.1,-1
4615,8595,20.845000000001555,0.1,-1
4616,8596,20.851875000001556,0.1,-1
4617,8597,20.858750000001557,0.1,-1
4618,8598,20.865625000001558,0.1,-1
4619,8599,20.87250000000156,0.1,-1
4620,8600,20.87937500000156,0.1,-1
4621,8601,20.88625000000156,0.1,-1
4622,8602,20.89312500000156,0.1,-1
4623,8603,20.90000000000156,0.1,-1
4624,8604,20.906875000001563,0.1,-1
4625,8605,20.913750000001563,0.1,-1
4626,8606,20.920625000001564,0.1,-1
4627,8607,20.927500000001565,0.1,-1
4628,8608,20.934375000001566,0.1,-1
4629,8609,20.941250000001567,0.1,-1
4630,8610,20.948125000001568,0.1,-1
4631,8611,20.95500000000157,0.1,-1
4632,8612,20.96187500000157,0.1,-1
4633,8613,20.96875000000157,0.1,-1
4634,8614,20.97562500000157,0.1,-1
4635,8615,20.982500000001572,0.1,-1
4636,8616,20.989375000001573,0.1,-1
4637,8617,20.996250000001574,0.1,-1
4638,8618,21.003125000001575,0.1,-1
4639,8619,21.003125000001575,0.0,39
