,time,loc,op,stop
0,4688,0.0,0.0,-1
1,4689,0.0,0.008333333333333333,1
2,4690,0.0,0.008333333333333333,1
3,4691,0.0,0.008333333333333333,1
4,4692,0.005625,0.008333333333333333,-1
5,4693,0.01125,0.008333333333333333,-1
6,4694,0.016875,0.008333333333333333,-1
7,4695,0.0225,0.008333333333333333,-1
8,4696,0.028124999999999997,0.008333333333333333,-1
9,4697,0.033749999999999995,0.008333333333333333,-1
10,4698,0.03937499999999999,0.008333333333333333,-1
11,4699,0.04499999999999999,0.008333333333333333,-1
12,4700,0.05062499999999999,0.008333333333333333,-1
13,4701,0.05624999999999999,0.008333333333333333,-1
14,4702,0.061874999999999986,0.008333333333333333,-1
15,4703,0.06749999999999999,0.008333333333333333,-1
16,4704,0.073125,0.008333333333333333,-1
17,4705,0.07875,0.008333333333333333,-1
18,4706,0.084375,0.008333333333333333,-1
19,4707,0.09000000000000001,0.008333333333333333,-1
20,4708,0.09562500000000002,0.008333333333333333,-1
21,4709,0.10125000000000002,0.008333333333333333,-1
22,4710,0.10687500000000003,0.008333333333333333,-1
23,4711,0.11250000000000003,0.008333333333333333,-1
24,4712,0.11812500000000004,0.008333333333333333,-1
25,4713,0.12375000000000004,0.008333333333333333,-1
26,4714,0.12937500000000005,0.008333333333333333,-1
27,4715,0.13500000000000004,0.008333333333333333,-1
28,4716,0.14062500000000003,0.008333333333333333,-1
29,4717,0.14625000000000002,0.008333333333333333,-1
30,4718,0.151875,0.008333333333333333,-1
31,4719,0.1575,0.008333333333333333,-1
32,4720,0.163125,0.008333333333333333,-1
33,4721,0.16874999999999998,0.008333333333333333,-1
34,4722,0.17437499999999997,0.008333333333333333,-1
35,4723,0.17999999999999997,0.008333333333333333,-1
36,4724,0.18562499999999996,0.008333333333333333,-1
37,4725,0.19124999999999995,0.008333333333333333,-1
38,4726,0.19687499999999994,0.008333333333333333,-1
39,4727,0.20249999999999993,0.008333333333333333,-1
40,4728,0.20812499999999992,0.008333333333333333,-1
41,4729,0.2137499999999999,0.008333333333333333,-1
42,4730,0.2193749999999999,0.008333333333333333,-1
43,4731,0.2249999999999999,0.008333333333333333,-1
44,4732,0.23062499999999989,0.008333333333333333,-1
45,4733,0.23624999999999988,0.008333333333333333,-1
46,4734,0.24187499999999987,0.008333333333333333,-1
47,4735,0.24749999999999986,0.008333333333333333,-1
48,4736,0.2531249999999999,0.008333333333333333,-1
49,4737,0.25874999999999987,0.008333333333333333,-1
50,4738,0.26437499999999986,0.008333333333333333,-1
51,4739,0.26999999999999985,0.008333333333333333,-1
52,4740,0.27562499999999984,0.008333333333333333,-1
53,4741,0.28124999999999983,0.008333333333333333,-1
54,4742,0.2868749999999998,0.008333333333333333,-1
55,4743,0.2924999999999998,0.008333333333333333,-1
56,4744,0.2981249999999998,0.008333333333333333,-1
57,4745,0.3037499999999998,0.008333333333333333,-1
58,4746,0.3093749999999998,0.008333333333333333,-1
59,4747,0.3149999999999998,0.008333333333333333,-1
60,4748,0.32062499999999977,0.008333333333333333,-1
61,4749,0.32624999999999976,0.008333333333333333,-1
62,4750,0.33187499999999975,0.008333333333333333,-1
63,4751,0.33749999999999974,0.008333333333333333,-1
64,4752,0.33749999999999974,0.05,2
65,4753,0.33749999999999974,0.05,2
66,4754,0.33749999999999974,0.05,2
67,4755,0.33749999999999974,0.05,2
68,4756,0.33749999999999974,0.05,2
69,4757,0.33749999999999974,0.05,2
70,4758,0.33749999999999974,0.05,2
71,4759,0.33749999999999974,0.05,2
72,4760,0.33749999999999974,0.05,2
73,4761,0.33749999999999974,0.05,2
74,4762,0.33749999999999974,0.05,2
75,4763,0.33749999999999974,0.05,2
76,4764,0.33749999999999974,0.05,2
77,4765,0.33749999999999974,0.05,2
78,4766,0.33749999999999974,0.05,2
79,4767,0.34312499999999974,0.05,-1
80,4768,0.3487499999999997,0.05,-1
81,4769,0.3543749999999997,0.05,-1
82,4770,0.3599999999999997,0.05,-1
83,4771,0.3656249999999997,0.05,-1
84,4772,0.3712499999999997,0.05,-1
85,4773,0.3768749999999997,0.05,-1
86,4774,0.3824999999999997,0.05,-1
87,4775,0.38812499999999966,0.05,-1
88,4776,0.39374999999999966,0.05,-1
89,4777,0.39937499999999965,0.05,-1
90,4778,0.40499999999999964,0.05,-1
91,4779,0.41062499999999963,0.05,-1
92,4780,0.4162499999999996,0.05,-1
93,4781,0.4218749999999996,0.05,-1
94,4782,0.4274999999999996,0.05,-1
95,4783,0.4331249999999996,0.05,-1
96,4784,0.4387499999999996,0.05,-1
97,4785,0.4443749999999996,0.05,-1
98,4786,0.44999999999999957,0.05,-1
99,4787,0.45562499999999956,0.05,-1
100,4788,0.46124999999999955,0.05,-1
101,4789,0.46687499999999954,0.05,-1
102,4790,0.47249999999999953,0.05,-1
103,4791,0.4781249999999995,0.05,-1
104,4792,0.4837499999999995,0.05,-1
105,4793,0.4893749999999995,0.05,-1
106,4794,0.4949999999999995,0.05,-1
107,4795,0.5006249999999995,0.05,-1
108,4796,0.5062499999999995,0.05,-1
109,4797,0.5118749999999995,0.05,-1
110,4798,0.5174999999999995,0.05,-1
111,4799,0.5231249999999995,0.05,-1
112,4800,0.5287499999999995,0.05,-1
113,4801,0.5343749999999995,0.05,-1
114,4802,0.5399999999999995,0.05,-1
115,4803,0.5456249999999995,0.05,-1
116,4804,0.5512499999999995,0.05,-1
117,4805,0.5568749999999995,0.05,-1
118,4806,0.5624999999999994,0.05,-1
119,4807,0.5681249999999994,0.05,-1
120,4808,0.5737499999999994,0.05,-1
121,4809,0.5793749999999994,0.05,-1
122,4810,0.5849999999999994,0.05,-1
123,4811,0.5906249999999994,0.05,-1
124,4812,0.5962499999999994,0.05,-1
125,4813,0.6018749999999994,0.05,-1
126,4814,0.6074999999999994,0.05,-1
127,4815,0.6131249999999994,0.05,-1
128,4816,0.6187499999999994,0.05,-1
129,4817,0.6243749999999993,0.05,-1
130,4818,0.6299999999999993,0.05,-1
131,4819,0.6356249999999993,0.05,-1
132,4820,0.6412499999999993,0.05,-1
133,4821,0.6468749999999993,0.05,-1
134,4822,0.6524999999999993,0.05,-1
135,4823,0.6581249999999993,0.05,-1
136,4824,0.6637499999999993,0.05,-1
137,4825,0.6693749999999993,0.05,-1
138,4826,0.6749999999999993,0.05,-1
139,4827,0.6806249999999993,0.05,-1
140,4828,0.6862499999999992,0.05,-1
141,4829,0.6918749999999992,0.05,-1
142,4830,0.6974999999999992,0.05,-1
143,4831,0.7031249999999992,0.05,-1
144,4832,0.7087499999999992,0.05,-1
145,4833,0.7143749999999992,0.05,-1
146,4834,0.7199999999999992,0.05,-1
147,4835,0.7256249999999992,0.05,-1
148,4836,0.7312499999999992,0.05,-1
149,4837,0.7368749999999992,0.05,-1
150,4838,0.7424999999999992,0.05,-1
151,4839,0.7481249999999992,0.05,-1
152,4840,0.7537499999999991,0.05,-1
153,4841,0.7593749999999991,0.05,-1
154,4842,0.7649999999999991,0.05,-1
155,4843,0.7706249999999991,0.05,-1
156,4844,0.7762499999999991,0.05,-1
157,4845,0.7818749999999991,0.05,-1
158,4846,0.7874999999999991,0.05,-1
159,4847,0.7931249999999991,0.05,-1
160,4848,0.7987499999999991,0.05,-1
161,4849,0.8043749999999991,0.05,-1
162,4850,0.809999999999999,0.05,-1
163,4851,0.815624999999999,0.05,-1
164,4852,0.821249999999999,0.05,-1
165,4853,0.826874999999999,0.05,-1
166,4854,0.832499999999999,0.05,-1
167,4855,0.838124999999999,0.05,-1
168,4856,0.843749999999999,0.05,-1
169,4857,0.849374999999999,0.05,-1
170,4858,0.854999999999999,0.05,-1
171,4859,0.860624999999999,0.05,-1
172,4860,0.866249999999999,0.05,-1
173,4861,0.871874999999999,0.05,-1
174,4862,0.877499999999999,0.05,-1
175,4863,0.8831249999999989,0.05,-1
176,4864,0.8887499999999989,0.05,-1
177,4865,0.8943749999999989,0.05,-1
178,4866,0.8999999999999989,0.05,-1
179,4867,0.9056249999999989,0.05,-1
180,4868,0.9112499999999989,0.05,-1
181,4869,0.9168749999999989,0.05,-1
182,4870,0.9224999999999989,0.05,-1
183,4871,0.9281249999999989,0.05,-1
184,4872,0.9337499999999989,0.05,-1
185,4873,0.9393749999999988,0.05,-1
186,4874,0.9449999999999988,0.05,-1
187,4875,0.9506249999999988,0.05,-1
188,4876,0.9562499999999988,0.05,-1
189,4877,0.9618749999999988,0.05,-1
190,4878,0.9674999999999988,0.05,-1
191,4879,0.9731249999999988,0.05,-1
192,4880,0.9787499999999988,0.05,-1
193,4881,0.9843749999999988,0.05,-1
194,4882,0.9899999999999988,0.05,-1
195,4883,0.9956249999999988,0.05,-1
196,4884,1.0012499999999989,0.05,-1
197,4885,1.0068749999999989,0.05,-1
198,4886,1.0124999999999988,0.05,-1
199,4887,1.0181249999999988,0.05,-1
200,4888,1.0237499999999988,0.05,-1
201,4889,1.0293749999999988,0.05,-1
202,4890,1.0349999999999988,0.05,-1
203,4891,1.0406249999999988,0.05,-1
204,4892,1.0462499999999988,0.05,-1
205,4893,1.0518749999999988,0.05,-1
206,4894,1.0574999999999988,0.05,-1
207,4895,1.0631249999999988,0.05,-1
208,4896,1.0687499999999988,0.05,-1
209,4897,1.0743749999999987,0.05,-1
210,4898,1.0799999999999987,0.05,-1
211,4899,1.0856249999999987,0.05,-1
212,4900,1.0912499999999987,0.05,-1
213,4901,1.0968749999999987,0.05,-1
214,4902,1.1024999999999987,0.05,-1
215,4903,1.1081249999999987,0.05,-1
216,4904,1.1137499999999987,0.05,-1
217,4905,1.1193749999999987,0.05,-1
218,4906,1.1249999999999987,0.05,-1
219,4907,1.1306249999999987,0.05,-1
220,4908,1.1362499999999986,0.05,-1
221,4909,1.1418749999999986,0.05,-1
222,4910,1.1474999999999986,0.05,-1
223,4911,1.1531249999999986,0.05,-1
224,4912,1.1587499999999986,0.05,-1
225,4913,1.1643749999999986,0.05,-1
226,4914,1.1699999999999986,0.05,-1
227,4915,1.1756249999999986,0.05,-1
228,4916,1.1812499999999986,0.05,-1
229,4917,1.1868749999999986,0.05,-1
230,4918,1.1924999999999986,0.05,-1
231,4919,1.1981249999999986,0.05,-1
232,4920,1.2037499999999985,0.05,-1
233,4921,1.2093749999999985,0.05,-1
234,4922,1.2149999999999985,0.05,-1
235,4923,1.2206249999999985,0.05,-1
236,4924,1.2262499999999985,0.05,-1
237,4925,1.2318749999999985,0.05,-1
238,4926,1.2374999999999985,0.05,-1
239,4927,1.2431249999999985,0.05,-1
240,4928,1.2487499999999985,0.05,-1
241,4929,1.2543749999999985,0.05,-1
242,4930,1.2599999999999985,0.05,-1
243,4931,1.2656249999999984,0.05,-1
244,4932,1.2712499999999984,0.05,-1
245,4933,1.2768749999999984,0.05,-1
246,4934,1.2824999999999984,0.05,-1
247,4935,1.2881249999999984,0.05,-1
248,4936,1.2937499999999984,0.05,-1
249,4937,1.2993749999999984,0.05,-1
250,4938,1.3049999999999984,0.05,-1
251,4939,1.3106249999999984,0.05,-1
252,4940,1.3162499999999984,0.05,-1
253,4941,1.3218749999999984,0.05,-1
254,4942,1.3274999999999983,0.05,-1
255,4943,1.3331249999999983,0.05,-1
256,4944,1.3387499999999983,0.05,-1
257,4945,1.3443749999999983,0.05,-1
258,4946,1.3499999999999983,0.05,-1
259,4947,1.3556249999999983,0.05,-1
260,4948,1.3612499999999983,0.05,-1
261,4949,1.3668749999999983,0.05,-1
262,4950,1.3724999999999983,0.05,-1
263,4951,1.3781249999999983,0.05,-1
264,4952,1.3837499999999983,0.05,-1
265,4953,1.3893749999999983,0.05,-1
266,4954,1.3949999999999982,0.05,-1
267,4955,1.4006249999999982,0.05,-1
268,4956,1.4062499999999982,0.05,-1
269,4957,1.4118749999999982,0.05,-1
270,4958,1.4174999999999982,0.05,-1
271,4959,1.4231249999999982,0.05,-1
272,4960,1.4287499999999982,0.05,-1
273,4961,1.4287499999999982,0.10833333333333334,4
274,4962,1.4287499999999982,0.10833333333333334,4
275,4963,1.4287499999999982,0.10833333333333334,4
276,4964,1.4287499999999982,0.10833333333333334,4
277,4965,1.4287499999999982,0.10833333333333334,4
278,4966,1.4287499999999982,0.10833333333333334,4
279,4967,1.4287499999999982,0.10833333333333334,4
280,4968,1.4287499999999982,0.10833333333333334,4
281,4969,1.4287499999999982,0.10833333333333334,4
282,4970,1.4287499999999982,0.10833333333333334,4
283,4971,1.4287499999999982,0.10833333333333334,4
284,4972,1.4287499999999982,0.10833333333333334,4
285,4973,1.4287499999999982,0.10833333333333334,4
286,4974,1.4287499999999982,0.10833333333333334,4
287,4975,1.4287499999999982,0.10833333333333334,4
288,4976,1.4287499999999982,0.10833333333333334,4
289,4977,1.4287499999999982,0.10833333333333334,4
290,4978,1.4287499999999982,0.10833333333333334,4
291,4979,1.4287499999999982,0.10833333333333334,4
292,4980,1.4287499999999982,0.10833333333333334,4
293,4981,1.4287499999999982,0.10833333333333334,4
294,4982,1.4287499999999982,0.10833333333333334,4
295,4983,1.4287499999999982,0.10833333333333334,4
296,4984,1.4287499999999982,0.10833333333333334,4
297,4985,1.4287499999999982,0.10833333333333334,4
298,4986,1.4287499999999982,0.10833333333333334,4
299,4987,1.4287499999999982,0.10833333333333334,4
300,4988,1.4287499999999982,0.10833333333333334,4
301,4989,1.4287499999999982,0.10833333333333334,4
302,4990,1.4287499999999982,0.10833333333333334,4
303,4991,1.4287499999999982,0.10833333333333334,4
304,4992,1.4287499999999982,0.10833333333333334,4
305,4993,1.4287499999999982,0.10833333333333334,4
306,4994,1.4287499999999982,0.10833333333333334,4
307,4995,1.4287499999999982,0.10833333333333334,4
308,4996,1.4287499999999982,0.10833333333333334,4
309,4997,1.4287499999999982,0.10833333333333334,4
310,4998,1.4287499999999982,0.10833333333333334,4
311,4999,1.4287499999999982,0.10833333333333334,4
312,5000,1.4287499999999982,0.10833333333333334,4
313,5001,1.4287499999999982,0.10833333333333334,4
314,5002,1.4287499999999982,0.10833333333333334,4
315,5003,1.4287499999999982,0.10833333333333334,4
316,5004,1.4287499999999982,0.10833333333333334,4
317,5005,1.4287499999999982,0.10833333333333334,4
318,5006,1.4287499999999982,0.10833333333333334,4
319,5007,1.4287499999999982,0.10833333333333334,4
320,5008,1.4287499999999982,0.10833333333333334,4
321,5009,1.4287499999999982,0.10833333333333334,4
322,5010,1.4287499999999982,0.10833333333333334,4
323,5011,1.4287499999999982,0.10833333333333334,4
324,5012,1.4287499999999982,0.10833333333333334,4
325,5013,1.4287499999999982,0.10833333333333334,4
326,5014,1.4287499999999982,0.10833333333333334,4
327,5015,1.4287499999999982,0.10833333333333334,4
328,5016,1.4287499999999982,0.10833333333333334,4
329,5017,1.4287499999999982,0.10833333333333334,4
330,5018,1.4287499999999982,0.10833333333333334,4
331,5019,1.4287499999999982,0.10833333333333334,4
332,5020,1.4287499999999982,0.10833333333333334,4
333,5021,1.4287499999999982,0.10833333333333334,4
334,5022,1.4287499999999982,0.10833333333333334,4
335,5023,1.4287499999999982,0.10833333333333334,4
336,5024,1.4287499999999982,0.10833333333333334,4
337,5025,1.4343749999999982,0.10833333333333334,-1
338,5026,1.4399999999999982,0.10833333333333334,-1
339,5027,1.4456249999999982,0.10833333333333334,-1
340,5028,1.4512499999999982,0.10833333333333334,-1
341,5029,1.4568749999999981,0.10833333333333334,-1
342,5030,1.4624999999999981,0.10833333333333334,-1
343,5031,1.4681249999999981,0.10833333333333334,-1
344,5032,1.4737499999999981,0.10833333333333334,-1
345,5033,1.479374999999998,0.10833333333333334,-1
346,5034,1.484999999999998,0.10833333333333334,-1
347,5035,1.490624999999998,0.10833333333333334,-1
348,5036,1.496249999999998,0.10833333333333334,-1
349,5037,1.501874999999998,0.10833333333333334,-1
350,5038,1.507499999999998,0.10833333333333334,-1
351,5039,1.513124999999998,0.10833333333333334,-1
352,5040,1.518749999999998,0.10833333333333334,-1
353,5041,1.524374999999998,0.10833333333333334,-1
354,5042,1.529999999999998,0.10833333333333334,-1
355,5043,1.535624999999998,0.10833333333333334,-1
356,5044,1.541249999999998,0.10833333333333334,-1
357,5045,1.546874999999998,0.10833333333333334,-1
358,5046,1.552499999999998,0.10833333333333334,-1
359,5047,1.558124999999998,0.10833333333333334,-1
360,5048,1.563749999999998,0.10833333333333334,-1
361,5049,1.569374999999998,0.10833333333333334,-1
362,5050,1.574999999999998,0.10833333333333334,-1
363,5051,1.580624999999998,0.10833333333333334,-1
364,5052,1.586249999999998,0.10833333333333334,-1
365,5053,1.591874999999998,0.10833333333333334,-1
366,5054,1.597499999999998,0.10833333333333334,-1
367,5055,1.603124999999998,0.10833333333333334,-1
368,5056,1.608749999999998,0.10833333333333334,-1
369,5057,1.614374999999998,0.10833333333333334,-1
370,5058,1.6199999999999979,0.10833333333333334,-1
371,5059,1.6256249999999979,0.10833333333333334,-1
372,5060,1.6312499999999979,0.10833333333333334,-1
373,5061,1.6368749999999979,0.10833333333333334,-1
374,5062,1.6424999999999979,0.10833333333333334,-1
375,5063,1.6481249999999978,0.10833333333333334,-1
376,5064,1.6537499999999978,0.10833333333333334,-1
377,5065,1.6593749999999978,0.10833333333333334,-1
378,5066,1.6649999999999978,0.10833333333333334,-1
379,5067,1.6706249999999978,0.10833333333333334,-1
380,5068,1.6762499999999978,0.10833333333333334,-1
381,5069,1.6818749999999978,0.10833333333333334,-1
382,5070,1.6874999999999978,0.10833333333333334,-1
383,5071,1.6931249999999978,0.10833333333333334,-1
384,5072,1.6987499999999978,0.10833333333333334,-1
385,5073,1.7043749999999978,0.10833333333333334,-1
386,5074,1.7099999999999977,0.10833333333333334,-1
387,5075,1.7156249999999977,0.10833333333333334,-1
388,5076,1.7212499999999977,0.10833333333333334,-1
389,5077,1.7268749999999977,0.10833333333333334,-1
390,5078,1.7324999999999977,0.10833333333333334,-1
391,5079,1.7381249999999977,0.10833333333333334,-1
392,5080,1.7437499999999977,0.10833333333333334,-1
393,5081,1.7493749999999977,0.10833333333333334,-1
394,5082,1.7549999999999977,0.10833333333333334,-1
395,5083,1.7606249999999977,0.10833333333333334,-1
396,5084,1.7662499999999977,0.10833333333333334,-1
397,5085,1.7718749999999976,0.10833333333333334,-1
398,5086,1.7774999999999976,0.10833333333333334,-1
399,5087,1.7831249999999976,0.10833333333333334,-1
400,5088,1.7887499999999976,0.10833333333333334,-1
401,5089,1.7943749999999976,0.10833333333333334,-1
402,5090,1.7999999999999976,0.10833333333333334,-1
403,5091,1.8056249999999976,0.10833333333333334,-1
404,5092,1.8112499999999976,0.10833333333333334,-1
405,5093,1.8168749999999976,0.10833333333333334,-1
406,5094,1.8224999999999976,0.10833333333333334,-1
407,5095,1.8281249999999976,0.10833333333333334,-1
408,5096,1.8337499999999975,0.10833333333333334,-1
409,5097,1.8393749999999975,0.10833333333333334,-1
410,5098,1.8449999999999975,0.10833333333333334,-1
411,5099,1.8506249999999975,0.10833333333333334,-1
412,5100,1.8562499999999975,0.10833333333333334,-1
413,5101,1.8618749999999975,0.10833333333333334,-1
414,5102,1.8674999999999975,0.10833333333333334,-1
415,5103,1.8731249999999975,0.10833333333333334,-1
416,5104,1.8787499999999975,0.10833333333333334,-1
417,5105,1.8843749999999975,0.10833333333333334,-1
418,5106,1.8899999999999975,0.10833333333333334,-1
419,5107,1.8956249999999975,0.10833333333333334,-1
420,5108,1.9012499999999974,0.10833333333333334,-1
421,5109,1.9068749999999974,0.10833333333333334,-1
422,5110,1.9124999999999974,0.10833333333333334,-1
423,5111,1.9181249999999974,0.10833333333333334,-1
424,5112,1.9237499999999974,0.10833333333333334,-1
425,5113,1.9293749999999974,0.10833333333333334,-1
426,5114,1.9349999999999974,0.10833333333333334,-1
427,5115,1.9406249999999974,0.10833333333333334,-1
428,5116,1.9462499999999974,0.10833333333333334,-1
429,5117,1.9518749999999974,0.10833333333333334,-1
430,5118,1.9574999999999974,0.10833333333333334,-1
431,5119,1.9631249999999973,0.10833333333333334,-1
432,5120,1.9687499999999973,0.10833333333333334,-1
433,5121,1.9743749999999973,0.10833333333333334,-1
434,5122,1.9799999999999973,0.10833333333333334,-1
435,5123,1.9856249999999973,0.10833333333333334,-1
436,5124,1.9912499999999973,0.10833333333333334,-1
437,5125,1.9968749999999973,0.10833333333333334,-1
438,5126,2.0024999999999973,0.10833333333333334,-1
439,5127,2.0081249999999975,0.10833333333333334,-1
440,5128,2.0137499999999977,0.10833333333333334,-1
441,5129,2.019374999999998,0.10833333333333334,-1
442,5130,2.024999999999998,0.10833333333333334,-1
443,5131,2.0306249999999983,0.10833333333333334,-1
444,5132,2.0362499999999986,0.10833333333333334,-1
445,5133,2.0418749999999988,0.10833333333333334,-1
446,5134,2.047499999999999,0.10833333333333334,-1
447,5135,2.053124999999999,0.10833333333333334,-1
448,5136,2.0587499999999994,0.10833333333333334,-1
449,5137,2.0643749999999996,0.10833333333333334,-1
450,5138,2.07,0.10833333333333334,-1
451,5139,2.075625,0.10833333333333334,-1
452,5140,2.0812500000000003,0.10833333333333334,-1
453,5141,2.0868750000000005,0.10833333333333334,-1
454,5142,2.0925000000000007,0.10833333333333334,-1
455,5143,2.098125000000001,0.10833333333333334,-1
456,5144,2.103750000000001,0.10833333333333334,-1
457,5145,2.1093750000000013,0.10833333333333334,-1
458,5146,2.1150000000000015,0.10833333333333334,-1
459,5147,2.1206250000000018,0.10833333333333334,-1
460,5148,2.126250000000002,0.10833333333333334,-1
461,5149,2.131875000000002,0.10833333333333334,-1
462,5150,2.1375000000000024,0.10833333333333334,-1
463,5151,2.1431250000000026,0.10833333333333334,-1
464,5152,2.148750000000003,0.10833333333333334,-1
465,5153,2.154375000000003,0.10833333333333334,-1
466,5154,2.1600000000000033,0.10833333333333334,-1
467,5155,2.1656250000000035,0.10833333333333334,-1
468,5156,2.1712500000000037,0.10833333333333334,-1
469,5157,2.176875000000004,0.10833333333333334,-1
470,5158,2.182500000000004,0.10833333333333334,-1
471,5159,2.1881250000000043,0.10833333333333334,-1
472,5160,2.1937500000000045,0.10833333333333334,-1
473,5161,2.1993750000000047,0.10833333333333334,-1
474,5162,2.205000000000005,0.10833333333333334,-1
475,5163,2.210625000000005,0.10833333333333334,-1
476,5164,2.2162500000000054,0.10833333333333334,-1
477,5165,2.2218750000000056,0.10833333333333334,-1
478,5166,2.227500000000006,0.10833333333333334,-1
479,5167,2.233125000000006,0.10833333333333334,-1
480,5168,2.2387500000000062,0.10833333333333334,-1
481,5169,2.2443750000000064,0.10833333333333334,-1
482,5170,2.2500000000000067,0.10833333333333334,-1
483,5171,2.255625000000007,0.10833333333333334,-1
484,5172,2.261250000000007,0.10833333333333334,-1
485,5173,2.2668750000000073,0.10833333333333334,-1
486,5174,2.2725000000000075,0.10833333333333334,-1
487,5175,2.2781250000000077,0.10833333333333334,-1
488,5176,2.2781250000000077,0.14166666666666666,5
489,5177,2.2781250000000077,0.14166666666666666,5
490,5178,2.2781250000000077,0.14166666666666666,5
491,5179,2.2781250000000077,0.14166666666666666,5
492,5180,2.2781250000000077,0.14166666666666666,5
493,5181,2.2781250000000077,0.14166666666666666,5
494,5182,2.2781250000000077,0.14166666666666666,5
495,5183,2.2781250000000077,0.14166666666666666,5
496,5184,2.2781250000000077,0.14166666666666666,5
497,5185,2.2781250000000077,0.14166666666666666,5
498,5186,2.2781250000000077,0.14166666666666666,5
499,5187,2.2781250000000077,0.14166666666666666,5
500,5188,2.2781250000000077,0.14166666666666666,5
501,5189,2.2781250000000077,0.14166666666666666,5
502,5190,2.2781250000000077,0.14166666666666666,5
503,5191,2.2781250000000077,0.14166666666666666,5
504,5192,2.2781250000000077,0.14166666666666666,5
505,5193,2.2781250000000077,0.14166666666666666,5
506,5194,2.2781250000000077,0.14166666666666666,5
507,5195,2.2781250000000077,0.14166666666666666,5
508,5196,2.2781250000000077,0.14166666666666666,5
509,5197,2.2781250000000077,0.14166666666666666,5
510,5198,2.2781250000000077,0.14166666666666666,5
511,5199,2.2781250000000077,0.14166666666666666,5
512,5200,2.2781250000000077,0.14166666666666666,5
513,5201,2.2781250000000077,0.14166666666666666,5
514,5202,2.2781250000000077,0.14166666666666666,5
515,5203,2.2781250000000077,0.14166666666666666,5
516,5204,2.2781250000000077,0.14166666666666666,5
517,5205,2.2781250000000077,0.14166666666666666,5
518,5206,2.2781250000000077,0.14166666666666666,5
519,5207,2.2781250000000077,0.14166666666666666,5
520,5208,2.2781250000000077,0.14166666666666666,5
521,5209,2.2781250000000077,0.14166666666666666,5
522,5210,2.2781250000000077,0.14166666666666666,5
523,5211,2.2781250000000077,0.14166666666666666,5
524,5212,2.2781250000000077,0.14166666666666666,5
525,5213,2.2781250000000077,0.14166666666666666,5
526,5214,2.2781250000000077,0.14166666666666666,5
527,5215,2.2781250000000077,0.14166666666666666,5
528,5216,2.2781250000000077,0.14166666666666666,5
529,5217,2.2781250000000077,0.14166666666666666,5
530,5218,2.2781250000000077,0.14166666666666666,5
531,5219,2.2781250000000077,0.14166666666666666,5
532,5220,2.2781250000000077,0.14166666666666666,5
533,5221,2.2781250000000077,0.14166666666666666,5
534,5222,2.2781250000000077,0.14166666666666666,5
535,5223,2.2781250000000077,0.14166666666666666,5
536,5224,2.2781250000000077,0.14166666666666666,5
537,5225,2.2781250000000077,0.14166666666666666,5
538,5226,2.2781250000000077,0.14166666666666666,5
539,5227,2.2781250000000077,0.14166666666666666,5
540,5228,2.2781250000000077,0.14166666666666666,5
541,5229,2.2781250000000077,0.14166666666666666,5
542,5230,2.2781250000000077,0.14166666666666666,5
543,5231,2.2781250000000077,0.14166666666666666,5
544,5232,2.2781250000000077,0.14166666666666666,5
545,5233,2.2781250000000077,0.14166666666666666,5
546,5234,2.2781250000000077,0.14166666666666666,5
547,5235,2.2781250000000077,0.14166666666666666,5
548,5236,2.2781250000000077,0.14166666666666666,5
549,5237,2.283750000000008,0.14166666666666666,-1
550,5238,2.289375000000008,0.14166666666666666,-1
551,5239,2.2950000000000084,0.14166666666666666,-1
552,5240,2.3006250000000086,0.14166666666666666,-1
553,5241,2.306250000000009,0.14166666666666666,-1
554,5242,2.311875000000009,0.14166666666666666,-1
555,5243,2.317500000000009,0.14166666666666666,-1
556,5244,2.3231250000000094,0.14166666666666666,-1
557,5245,2.3287500000000096,0.14166666666666666,-1
558,5246,2.33437500000001,0.14166666666666666,-1
559,5247,2.34000000000001,0.14166666666666666,-1
560,5248,2.3456250000000103,0.14166666666666666,-1
561,5249,2.3512500000000105,0.14166666666666666,-1
562,5250,2.3568750000000107,0.14166666666666666,-1
563,5251,2.362500000000011,0.14166666666666666,-1
564,5252,2.368125000000011,0.14166666666666666,-1
565,5253,2.3737500000000114,0.14166666666666666,-1
566,5254,2.3793750000000116,0.14166666666666666,-1
567,5255,2.3850000000000118,0.14166666666666666,-1
568,5256,2.390625000000012,0.14166666666666666,-1
569,5257,2.396250000000012,0.14166666666666666,-1
570,5258,2.4018750000000124,0.14166666666666666,-1
571,5259,2.4075000000000126,0.14166666666666666,-1
572,5260,2.413125000000013,0.14166666666666666,-1
573,5261,2.418750000000013,0.14166666666666666,-1
574,5262,2.4243750000000133,0.14166666666666666,-1
575,5263,2.4300000000000135,0.14166666666666666,-1
576,5264,2.4356250000000137,0.14166666666666666,-1
577,5265,2.441250000000014,0.14166666666666666,-1
578,5266,2.446875000000014,0.14166666666666666,-1
579,5267,2.4525000000000143,0.14166666666666666,-1
580,5268,2.4581250000000145,0.14166666666666666,-1
581,5269,2.4637500000000148,0.14166666666666666,-1
582,5270,2.469375000000015,0.14166666666666666,-1
583,5271,2.475000000000015,0.14166666666666666,-1
584,5272,2.4806250000000154,0.14166666666666666,-1
585,5273,2.4862500000000156,0.14166666666666666,-1
586,5274,2.491875000000016,0.14166666666666666,-1
587,5275,2.497500000000016,0.14166666666666666,-1
588,5276,2.5031250000000163,0.14166666666666666,-1
589,5277,2.5087500000000165,0.14166666666666666,-1
590,5278,2.5143750000000167,0.14166666666666666,-1
591,5279,2.520000000000017,0.14166666666666666,-1
592,5280,2.525625000000017,0.14166666666666666,-1
593,5281,2.5312500000000173,0.14166666666666666,-1
594,5282,2.5368750000000175,0.14166666666666666,-1
595,5283,2.5425000000000177,0.14166666666666666,-1
596,5284,2.548125000000018,0.14166666666666666,-1
597,5285,2.553750000000018,0.14166666666666666,-1
598,5286,2.5593750000000184,0.14166666666666666,-1
599,5287,2.5650000000000186,0.14166666666666666,-1
600,5288,2.570625000000019,0.14166666666666666,-1
601,5289,2.576250000000019,0.14166666666666666,-1
602,5290,2.5818750000000192,0.14166666666666666,-1
603,5291,2.5875000000000195,0.14166666666666666,-1
604,5292,2.5931250000000197,0.14166666666666666,-1
605,5293,2.59875000000002,0.14166666666666666,-1
606,5294,2.60437500000002,0.14166666666666666,-1
607,5295,2.6100000000000203,0.14166666666666666,-1
608,5296,2.6156250000000205,0.14166666666666666,-1
609,5297,2.6212500000000207,0.14166666666666666,-1
610,5298,2.626875000000021,0.14166666666666666,-1
611,5299,2.632500000000021,0.14166666666666666,-1
612,5300,2.6381250000000214,0.14166666666666666,-1
613,5301,2.6437500000000216,0.14166666666666666,-1
614,5302,2.649375000000022,0.14166666666666666,-1
615,5303,2.655000000000022,0.14166666666666666,-1
616,5304,2.6606250000000222,0.14166666666666666,-1
617,5305,2.6662500000000224,0.14166666666666666,-1
618,5306,2.6718750000000226,0.14166666666666666,-1
619,5307,2.677500000000023,0.14166666666666666,-1
620,5308,2.683125000000023,0.14166666666666666,-1
621,5309,2.6887500000000233,0.14166666666666666,-1
622,5310,2.6943750000000235,0.14166666666666666,-1
623,5311,2.7000000000000237,0.14166666666666666,-1
624,5312,2.705625000000024,0.14166666666666666,-1
625,5313,2.711250000000024,0.14166666666666666,-1
626,5314,2.7168750000000244,0.14166666666666666,-1
627,5315,2.7225000000000246,0.14166666666666666,-1
628,5316,2.728125000000025,0.14166666666666666,-1
629,5317,2.733750000000025,0.14166666666666666,-1
630,5318,2.739375000000025,0.14166666666666666,-1
631,5319,2.7450000000000254,0.14166666666666666,-1
632,5320,2.7506250000000256,0.14166666666666666,-1
633,5321,2.756250000000026,0.14166666666666666,-1
634,5322,2.761875000000026,0.14166666666666666,-1
635,5323,2.7675000000000263,0.14166666666666666,-1
636,5324,2.7731250000000265,0.14166666666666666,-1
637,5325,2.7787500000000267,0.14166666666666666,-1
638,5326,2.784375000000027,0.14166666666666666,-1
639,5327,2.790000000000027,0.14166666666666666,-1
640,5328,2.7956250000000273,0.14166666666666666,-1
641,5329,2.8012500000000276,0.14166666666666666,-1
642,5330,2.8068750000000278,0.14166666666666666,-1
643,5331,2.812500000000028,0.14166666666666666,-1
644,5332,2.818125000000028,0.14166666666666666,-1
645,5333,2.8237500000000284,0.14166666666666666,-1
646,5334,2.8293750000000286,0.14166666666666666,-1
647,5335,2.835000000000029,0.14166666666666666,-1
648,5336,2.840625000000029,0.14166666666666666,-1
649,5337,2.8462500000000293,0.14166666666666666,-1
650,5338,2.8518750000000295,0.14166666666666666,-1
651,5339,2.8575000000000297,0.14166666666666666,-1
652,5340,2.86312500000003,0.14166666666666666,-1
653,5341,2.86875000000003,0.14166666666666666,-1
654,5342,2.8743750000000303,0.14166666666666666,-1
655,5343,2.8800000000000305,0.14166666666666666,-1
656,5344,2.8856250000000307,0.14166666666666666,-1
657,5345,2.891250000000031,0.14166666666666666,-1
658,5346,2.896875000000031,0.14166666666666666,-1
659,5347,2.9025000000000314,0.14166666666666666,-1
660,5348,2.9081250000000316,0.14166666666666666,-1
661,5349,2.913750000000032,0.14166666666666666,-1
662,5350,2.919375000000032,0.14166666666666666,-1
663,5351,2.9250000000000322,0.14166666666666666,-1
664,5352,2.9306250000000325,0.14166666666666666,-1
665,5353,2.9362500000000327,0.14166666666666666,-1
666,5354,2.941875000000033,0.14166666666666666,-1
667,5355,2.947500000000033,0.14166666666666666,-1
668,5356,2.9531250000000333,0.14166666666666666,-1
669,5357,2.9587500000000335,0.14166666666666666,-1
670,5358,2.9643750000000337,0.14166666666666666,-1
671,5359,2.970000000000034,0.14166666666666666,-1
672,5360,2.975625000000034,0.14166666666666666,-1
673,5361,2.9812500000000344,0.14166666666666666,-1
674,5362,2.9868750000000346,0.14166666666666666,-1
675,5363,2.992500000000035,0.14166666666666666,-1
676,5364,2.998125000000035,0.14166666666666666,-1
677,5365,3.0037500000000352,0.14166666666666666,-1
678,5366,3.0093750000000354,0.14166666666666666,-1
679,5367,3.0150000000000357,0.14166666666666666,-1
680,5368,3.020625000000036,0.14166666666666666,-1
681,5369,3.026250000000036,0.14166666666666666,-1
682,5370,3.0318750000000363,0.14166666666666666,-1
683,5371,3.0375000000000365,0.14166666666666666,-1
684,5372,3.0431250000000367,0.14166666666666666,-1
685,5373,3.048750000000037,0.14166666666666666,-1
686,5374,3.054375000000037,0.14166666666666666,-1
687,5375,3.0600000000000374,0.14166666666666666,-1
688,5376,3.0656250000000376,0.14166666666666666,-1
689,5377,3.071250000000038,0.14166666666666666,-1
690,5378,3.076875000000038,0.14166666666666666,-1
691,5379,3.082500000000038,0.14166666666666666,-1
692,5380,3.0881250000000384,0.14166666666666666,-1
693,5381,3.0937500000000386,0.14166666666666666,-1
694,5382,3.099375000000039,0.14166666666666666,-1
695,5383,3.105000000000039,0.14166666666666666,-1
696,5384,3.1106250000000393,0.14166666666666666,-1
697,5385,3.1162500000000395,0.14166666666666666,-1
698,5386,3.1218750000000397,0.14166666666666666,-1
699,5387,3.12750000000004,0.14166666666666666,-1
700,5388,3.13312500000004,0.14166666666666666,-1
701,5389,3.1387500000000403,0.14166666666666666,-1
702,5390,3.1387500000000403,0.16666666666666666,6
703,5391,3.1387500000000403,0.16666666666666666,6
704,5392,3.1387500000000403,0.16666666666666666,6
705,5393,3.1387500000000403,0.16666666666666666,6
706,5394,3.1387500000000403,0.16666666666666666,6
707,5395,3.1387500000000403,0.16666666666666666,6
708,5396,3.1387500000000403,0.16666666666666666,6
709,5397,3.1387500000000403,0.16666666666666666,6
710,5398,3.1387500000000403,0.16666666666666666,6
711,5399,3.1387500000000403,0.16666666666666666,6
712,5400,3.1387500000000403,0.16666666666666666,6
713,5401,3.1387500000000403,0.16666666666666666,6
714,5402,3.1387500000000403,0.16666666666666666,6
715,5403,3.1387500000000403,0.16666666666666666,6
716,5404,3.1387500000000403,0.16666666666666666,6
717,5405,3.1387500000000403,0.16666666666666666,6
718,5406,3.1387500000000403,0.16666666666666666,6
719,5407,3.1387500000000403,0.16666666666666666,6
720,5408,3.1387500000000403,0.16666666666666666,6
721,5409,3.1387500000000403,0.16666666666666666,6
722,5410,3.1387500000000403,0.16666666666666666,6
723,5411,3.1387500000000403,0.16666666666666666,6
724,5412,3.1387500000000403,0.16666666666666666,6
725,5413,3.1387500000000403,0.16666666666666666,6
726,5414,3.1387500000000403,0.16666666666666666,6
727,5415,3.1387500000000403,0.16666666666666666,6
728,5416,3.1387500000000403,0.16666666666666666,6
729,5417,3.1387500000000403,0.16666666666666666,6
730,5418,3.1387500000000403,0.16666666666666666,6
731,5419,3.1387500000000403,0.16666666666666666,6
732,5420,3.1387500000000403,0.16666666666666666,6
733,5421,3.1387500000000403,0.16666666666666666,6
734,5422,3.1387500000000403,0.16666666666666666,6
735,5423,3.1387500000000403,0.16666666666666666,6
736,5424,3.1387500000000403,0.16666666666666666,6
737,5425,3.1387500000000403,0.16666666666666666,6
738,5426,3.1387500000000403,0.16666666666666666,6
739,5427,3.1387500000000403,0.16666666666666666,6
740,5428,3.1387500000000403,0.16666666666666666,6
741,5429,3.1387500000000403,0.16666666666666666,6
742,5430,3.1387500000000403,0.16666666666666666,6
743,5431,3.1387500000000403,0.16666666666666666,6
744,5432,3.1387500000000403,0.16666666666666666,6
745,5433,3.1443750000000406,0.16666666666666666,-1
746,5434,3.1500000000000408,0.16666666666666666,-1
747,5435,3.155625000000041,0.16666666666666666,-1
748,5436,3.161250000000041,0.16666666666666666,-1
749,5437,3.1668750000000414,0.16666666666666666,-1
750,5438,3.1725000000000416,0.16666666666666666,-1
751,5439,3.178125000000042,0.16666666666666666,-1
752,5440,3.183750000000042,0.16666666666666666,-1
753,5441,3.1893750000000423,0.16666666666666666,-1
754,5442,3.1950000000000425,0.16666666666666666,-1
755,5443,3.2006250000000427,0.16666666666666666,-1
756,5444,3.206250000000043,0.16666666666666666,-1
757,5445,3.211875000000043,0.16666666666666666,-1
758,5446,3.2175000000000433,0.16666666666666666,-1
759,5447,3.2231250000000435,0.16666666666666666,-1
760,5448,3.2287500000000438,0.16666666666666666,-1
761,5449,3.234375000000044,0.16666666666666666,-1
762,5450,3.240000000000044,0.16666666666666666,-1
763,5451,3.2456250000000444,0.16666666666666666,-1
764,5452,3.2512500000000446,0.16666666666666666,-1
765,5453,3.256875000000045,0.16666666666666666,-1
766,5454,3.262500000000045,0.16666666666666666,-1
767,5455,3.2681250000000452,0.16666666666666666,-1
768,5456,3.2737500000000455,0.16666666666666666,-1
769,5457,3.2793750000000457,0.16666666666666666,-1
770,5458,3.285000000000046,0.16666666666666666,-1
771,5459,3.290625000000046,0.16666666666666666,-1
772,5460,3.2962500000000463,0.16666666666666666,-1
773,5461,3.3018750000000465,0.16666666666666666,-1
774,5462,3.3075000000000467,0.16666666666666666,-1
775,5463,3.313125000000047,0.16666666666666666,-1
776,5464,3.318750000000047,0.16666666666666666,-1
777,5465,3.3243750000000474,0.16666666666666666,-1
778,5466,3.3300000000000476,0.16666666666666666,-1
779,5467,3.335625000000048,0.16666666666666666,-1
780,5468,3.341250000000048,0.16666666666666666,-1
781,5469,3.3468750000000482,0.16666666666666666,-1
782,5470,3.3525000000000484,0.16666666666666666,-1
783,5471,3.3581250000000487,0.16666666666666666,-1
784,5472,3.363750000000049,0.16666666666666666,-1
785,5473,3.369375000000049,0.16666666666666666,-1
786,5474,3.3750000000000493,0.16666666666666666,-1
787,5475,3.3806250000000495,0.16666666666666666,-1
788,5476,3.3862500000000497,0.16666666666666666,-1
789,5477,3.39187500000005,0.16666666666666666,-1
790,5478,3.39750000000005,0.16666666666666666,-1
791,5479,3.4031250000000504,0.16666666666666666,-1
792,5480,3.4087500000000506,0.16666666666666666,-1
793,5481,3.414375000000051,0.16666666666666666,-1
794,5482,3.420000000000051,0.16666666666666666,-1
795,5483,3.425625000000051,0.16666666666666666,-1
796,5484,3.4312500000000514,0.16666666666666666,-1
797,5485,3.4368750000000516,0.16666666666666666,-1
798,5486,3.442500000000052,0.16666666666666666,-1
799,5487,3.448125000000052,0.16666666666666666,-1
800,5488,3.4537500000000523,0.16666666666666666,-1
801,5489,3.4593750000000525,0.16666666666666666,-1
802,5490,3.4650000000000527,0.16666666666666666,-1
803,5491,3.470625000000053,0.16666666666666666,-1
804,5492,3.476250000000053,0.16666666666666666,-1
805,5493,3.4818750000000533,0.16666666666666666,-1
806,5494,3.4875000000000536,0.16666666666666666,-1
807,5495,3.4931250000000538,0.16666666666666666,-1
808,5496,3.498750000000054,0.16666666666666666,-1
809,5497,3.504375000000054,0.16666666666666666,-1
810,5498,3.5100000000000544,0.16666666666666666,-1
811,5499,3.5156250000000546,0.16666666666666666,-1
812,5500,3.521250000000055,0.16666666666666666,-1
813,5501,3.526875000000055,0.16666666666666666,-1
814,5502,3.5325000000000553,0.16666666666666666,-1
815,5503,3.5381250000000555,0.16666666666666666,-1
816,5504,3.5437500000000557,0.16666666666666666,-1
817,5505,3.549375000000056,0.16666666666666666,-1
818,5506,3.555000000000056,0.16666666666666666,-1
819,5507,3.5606250000000563,0.16666666666666666,-1
820,5508,3.5662500000000565,0.16666666666666666,-1
821,5509,3.5718750000000568,0.16666666666666666,-1
822,5510,3.577500000000057,0.16666666666666666,-1
823,5511,3.583125000000057,0.16666666666666666,-1
824,5512,3.5887500000000574,0.16666666666666666,-1
825,5513,3.5943750000000576,0.16666666666666666,-1
826,5514,3.600000000000058,0.16666666666666666,-1
827,5515,3.605625000000058,0.16666666666666666,-1
828,5516,3.6112500000000582,0.16666666666666666,-1
829,5517,3.6168750000000585,0.16666666666666666,-1
830,5518,3.6225000000000587,0.16666666666666666,-1
831,5519,3.628125000000059,0.16666666666666666,-1
832,5520,3.633750000000059,0.16666666666666666,-1
833,5521,3.6393750000000593,0.16666666666666666,-1
834,5522,3.6450000000000595,0.16666666666666666,-1
835,5523,3.6506250000000597,0.16666666666666666,-1
836,5524,3.65625000000006,0.16666666666666666,-1
837,5525,3.66187500000006,0.16666666666666666,-1
838,5526,3.6675000000000604,0.16666666666666666,-1
839,5527,3.6731250000000606,0.16666666666666666,-1
840,5528,3.678750000000061,0.16666666666666666,-1
841,5529,3.684375000000061,0.16666666666666666,-1
842,5530,3.6900000000000612,0.16666666666666666,-1
843,5531,3.6956250000000614,0.16666666666666666,-1
844,5532,3.7012500000000617,0.16666666666666666,-1
845,5533,3.706875000000062,0.16666666666666666,-1
846,5534,3.712500000000062,0.16666666666666666,-1
847,5535,3.7181250000000623,0.16666666666666666,-1
848,5536,3.7237500000000625,0.16666666666666666,-1
849,5537,3.7293750000000627,0.16666666666666666,-1
850,5538,3.735000000000063,0.16666666666666666,-1
851,5539,3.740625000000063,0.16666666666666666,-1
852,5540,3.7462500000000634,0.16666666666666666,-1
853,5541,3.7518750000000636,0.16666666666666666,-1
854,5542,3.757500000000064,0.16666666666666666,-1
855,5543,3.763125000000064,0.16666666666666666,-1
856,5544,3.768750000000064,0.16666666666666666,-1
857,5545,3.7743750000000644,0.16666666666666666,-1
858,5546,3.7800000000000646,0.16666666666666666,-1
859,5547,3.785625000000065,0.16666666666666666,-1
860,5548,3.791250000000065,0.16666666666666666,-1
861,5549,3.7968750000000653,0.16666666666666666,-1
862,5550,3.8025000000000655,0.16666666666666666,-1
863,5551,3.8081250000000657,0.16666666666666666,-1
864,5552,3.813750000000066,0.16666666666666666,-1
865,5553,3.819375000000066,0.16666666666666666,-1
866,5554,3.8250000000000663,0.16666666666666666,-1
867,5555,3.8306250000000666,0.16666666666666666,-1
868,5556,3.8362500000000668,0.16666666666666666,-1
869,5557,3.841875000000067,0.16666666666666666,-1
870,5558,3.847500000000067,0.16666666666666666,-1
871,5559,3.8531250000000674,0.16666666666666666,-1
872,5560,3.8587500000000676,0.16666666666666666,-1
873,5561,3.864375000000068,0.16666666666666666,-1
874,5562,3.870000000000068,0.16666666666666666,-1
875,5563,3.8756250000000683,0.16666666666666666,-1
876,5564,3.8812500000000685,0.16666666666666666,-1
877,5565,3.8868750000000687,0.16666666666666666,-1
878,5566,3.892500000000069,0.16666666666666666,-1
879,5567,3.898125000000069,0.16666666666666666,-1
880,5568,3.9037500000000693,0.16666666666666666,-1
881,5569,3.9093750000000695,0.16666666666666666,-1
882,5570,3.9150000000000698,0.16666666666666666,-1
883,5571,3.92062500000007,0.16666666666666666,-1
884,5572,3.92625000000007,0.16666666666666666,-1
885,5573,3.9318750000000704,0.16666666666666666,-1
886,5574,3.9375000000000706,0.16666666666666666,-1
887,5575,3.943125000000071,0.16666666666666666,-1
888,5576,3.948750000000071,0.16666666666666666,-1
889,5577,3.9543750000000712,0.16666666666666666,-1
890,5578,3.9600000000000715,0.16666666666666666,-1
891,5579,3.9656250000000717,0.16666666666666666,-1
892,5580,3.971250000000072,0.16666666666666666,-1
893,5581,3.976875000000072,0.16666666666666666,-1
894,5582,3.9825000000000723,0.16666666666666666,-1
895,5583,3.9881250000000725,0.16666666666666666,-1
896,5584,3.9937500000000727,0.16666666666666666,-1
897,5585,3.999375000000073,0.16666666666666666,-1
898,5586,4.005000000000073,0.16666666666666666,-1
899,5587,4.010625000000073,0.16666666666666666,-1
900,5588,4.016250000000073,0.16666666666666666,-1
901,5589,4.021875000000073,0.16666666666666666,-1
902,5590,4.027500000000074,0.16666666666666666,-1
903,5591,4.033125000000074,0.16666666666666666,-1
904,5592,4.033125000000074,0.2,7
905,5593,4.033125000000074,0.2,7
906,5594,4.033125000000074,0.2,7
907,5595,4.033125000000074,0.2,7
908,5596,4.033125000000074,0.2,7
909,5597,4.033125000000074,0.2,7
910,5598,4.033125000000074,0.2,7
911,5599,4.033125000000074,0.2,7
912,5600,4.033125000000074,0.2,7
913,5601,4.033125000000074,0.2,7
914,5602,4.033125000000074,0.2,7
915,5603,4.033125000000074,0.2,7
916,5604,4.033125000000074,0.2,7
917,5605,4.033125000000074,0.2,7
918,5606,4.033125000000074,0.2,7
919,5607,4.033125000000074,0.2,7
920,5608,4.033125000000074,0.2,7
921,5609,4.033125000000074,0.2,7
922,5610,4.033125000000074,0.2,7
923,5611,4.033125000000074,0.2,7
924,5612,4.033125000000074,0.2,7
925,5613,4.033125000000074,0.2,7
926,5614,4.033125000000074,0.2,7
927,5615,4.033125000000074,0.2,7
928,5616,4.033125000000074,0.2,7
929,5617,4.033125000000074,0.2,7
930,5618,4.033125000000074,0.2,7
931,5619,4.033125000000074,0.2,7
932,5620,4.033125000000074,0.2,7
933,5621,4.033125000000074,0.2,7
934,5622,4.033125000000074,0.2,7
935,5623,4.033125000000074,0.2,7
936,5624,4.033125000000074,0.2,7
937,5625,4.033125000000074,0.2,7
938,5626,4.033125000000074,0.2,7
939,5627,4.033125000000074,0.2,7
940,5628,4.033125000000074,0.2,7
941,5629,4.033125000000074,0.2,7
942,5630,4.033125000000074,0.2,7
943,5631,4.033125000000074,0.2,7
944,5632,4.033125000000074,0.2,7
945,5633,4.033125000000074,0.2,7
946,5634,4.033125000000074,0.2,7
947,5635,4.033125000000074,0.2,7
948,5636,4.033125000000074,0.2,7
949,5637,4.033125000000074,0.2,7
950,5638,4.033125000000074,0.2,7
951,5639,4.033125000000074,0.2,7
952,5640,4.033125000000074,0.2,7
953,5641,4.033125000000074,0.2,7
954,5642,4.038750000000074,0.2,-1
955,5643,4.044375000000074,0.2,-1
956,5644,4.050000000000074,0.2,-1
957,5645,4.055625000000075,0.2,-1
958,5646,4.061250000000075,0.2,-1
959,5647,4.066875000000075,0.2,-1
960,5648,4.072500000000075,0.2,-1
961,5649,4.0781250000000755,0.2,-1
962,5650,4.083750000000076,0.2,-1
963,5651,4.089375000000076,0.2,-1
964,5652,4.095000000000076,0.2,-1
965,5653,4.100625000000076,0.2,-1
966,5654,4.106250000000077,0.2,-1
967,5655,4.111875000000077,0.2,-1
968,5656,4.117500000000077,0.2,-1
969,5657,4.123125000000077,0.2,-1
970,5658,4.128750000000077,0.2,-1
971,5659,4.134375000000078,0.2,-1
972,5660,4.140000000000078,0.2,-1
973,5661,4.145625000000078,0.2,-1
974,5662,4.151250000000078,0.2,-1
975,5663,4.1568750000000785,0.2,-1
976,5664,4.162500000000079,0.2,-1
977,5665,4.168125000000079,0.2,-1
978,5666,4.173750000000079,0.2,-1
979,5667,4.179375000000079,0.2,-1
980,5668,4.1850000000000795,0.2,-1
981,5669,4.19062500000008,0.2,-1
982,5670,4.19625000000008,0.2,-1
983,5671,4.20187500000008,0.2,-1
984,5672,4.20750000000008,0.2,-1
985,5673,4.213125000000081,0.2,-1
986,5674,4.218750000000081,0.2,-1
987,5675,4.224375000000081,0.2,-1
988,5676,4.230000000000081,0.2,-1
989,5677,4.2356250000000815,0.2,-1
990,5678,4.241250000000082,0.2,-1
991,5679,4.246875000000082,0.2,-1
992,5680,4.252500000000082,0.2,-1
993,5681,4.258125000000082,0.2,-1
994,5682,4.2637500000000825,0.2,-1
995,5683,4.269375000000083,0.2,-1
996,5684,4.275000000000083,0.2,-1
997,5685,4.280625000000083,0.2,-1
998,5686,4.286250000000083,0.2,-1
999,5687,4.291875000000084,0.2,-1
1000,5688,4.297500000000084,0.2,-1
1001,5689,4.303125000000084,0.2,-1
1002,5690,4.308750000000084,0.2,-1
1003,5691,4.3143750000000844,0.2,-1
1004,5692,4.320000000000085,0.2,-1
1005,5693,4.325625000000085,0.2,-1
1006,5694,4.331250000000085,0.2,-1
1007,5695,4.331250000000085,0.26666666666666666,8
1008,5696,4.331250000000085,0.26666666666666666,8
1009,5697,4.331250000000085,0.26666666666666666,8
1010,5698,4.331250000000085,0.26666666666666666,8
1011,5699,4.331250000000085,0.26666666666666666,8
1012,5700,4.331250000000085,0.26666666666666666,8
1013,5701,4.331250000000085,0.26666666666666666,8
1014,5702,4.331250000000085,0.26666666666666666,8
1015,5703,4.331250000000085,0.26666666666666666,8
1016,5704,4.331250000000085,0.26666666666666666,8
1017,5705,4.331250000000085,0.26666666666666666,8
1018,5706,4.331250000000085,0.26666666666666666,8
1019,5707,4.331250000000085,0.26666666666666666,8
1020,5708,4.331250000000085,0.26666666666666666,8
1021,5709,4.331250000000085,0.26666666666666666,8
1022,5710,4.331250000000085,0.26666666666666666,8
1023,5711,4.331250000000085,0.26666666666666666,8
1024,5712,4.331250000000085,0.26666666666666666,8
1025,5713,4.331250000000085,0.26666666666666666,8
1026,5714,4.331250000000085,0.26666666666666666,8
1027,5715,4.331250000000085,0.26666666666666666,8
1028,5716,4.331250000000085,0.26666666666666666,8
1029,5717,4.331250000000085,0.26666666666666666,8
1030,5718,4.331250000000085,0.26666666666666666,8
1031,5719,4.331250000000085,0.26666666666666666,8
1032,5720,4.331250000000085,0.26666666666666666,8
1033,5721,4.331250000000085,0.26666666666666666,8
1034,5722,4.336875000000085,0.26666666666666666,-1
1035,5723,4.3425000000000855,0.26666666666666666,-1
1036,5724,4.348125000000086,0.26666666666666666,-1
1037,5725,4.353750000000086,0.26666666666666666,-1
1038,5726,4.359375000000086,0.26666666666666666,-1
1039,5727,4.365000000000086,0.26666666666666666,-1
1040,5728,4.370625000000087,0.26666666666666666,-1
1041,5729,4.376250000000087,0.26666666666666666,-1
1042,5730,4.381875000000087,0.26666666666666666,-1
1043,5731,4.387500000000087,0.26666666666666666,-1
1044,5732,4.393125000000087,0.26666666666666666,-1
1045,5733,4.398750000000088,0.26666666666666666,-1
1046,5734,4.404375000000088,0.26666666666666666,-1
1047,5735,4.410000000000088,0.26666666666666666,-1
1048,5736,4.415625000000088,0.26666666666666666,-1
1049,5737,4.4212500000000885,0.26666666666666666,-1
1050,5738,4.426875000000089,0.26666666666666666,-1
1051,5739,4.432500000000089,0.26666666666666666,-1
1052,5740,4.438125000000089,0.26666666666666666,-1
1053,5741,4.443750000000089,0.26666666666666666,-1
1054,5742,4.44937500000009,0.26666666666666666,-1
1055,5743,4.45500000000009,0.26666666666666666,-1
1056,5744,4.46062500000009,0.26666666666666666,-1
1057,5745,4.46625000000009,0.26666666666666666,-1
1058,5746,4.47187500000009,0.26666666666666666,-1
1059,5747,4.477500000000091,0.26666666666666666,-1
1060,5748,4.483125000000091,0.26666666666666666,-1
1061,5749,4.488750000000091,0.26666666666666666,-1
1062,5750,4.494375000000091,0.26666666666666666,-1
1063,5751,4.5000000000000915,0.26666666666666666,-1
1064,5752,4.505625000000092,0.26666666666666666,-1
1065,5753,4.511250000000092,0.26666666666666666,-1
1066,5754,4.516875000000092,0.26666666666666666,-1
1067,5755,4.522500000000092,0.26666666666666666,-1
1068,5756,4.5281250000000925,0.26666666666666666,-1
1069,5757,4.533750000000093,0.26666666666666666,-1
1070,5758,4.539375000000093,0.26666666666666666,-1
1071,5759,4.545000000000093,0.26666666666666666,-1
1072,5760,4.550625000000093,0.26666666666666666,-1
1073,5761,4.556250000000094,0.26666666666666666,-1
1074,5762,4.561875000000094,0.26666666666666666,-1
1075,5763,4.567500000000094,0.26666666666666666,-1
1076,5764,4.573125000000094,0.26666666666666666,-1
1077,5765,4.5787500000000945,0.26666666666666666,-1
1078,5766,4.584375000000095,0.26666666666666666,-1
1079,5767,4.590000000000095,0.26666666666666666,-1
1080,5768,4.595625000000095,0.26666666666666666,-1
1081,5769,4.601250000000095,0.26666666666666666,-1
1082,5770,4.6068750000000955,0.26666666666666666,-1
1083,5771,4.612500000000096,0.26666666666666666,-1
1084,5772,4.618125000000096,0.26666666666666666,-1
1085,5773,4.623750000000096,0.26666666666666666,-1
1086,5774,4.629375000000096,0.26666666666666666,-1
1087,5775,4.635000000000097,0.26666666666666666,-1
1088,5776,4.640625000000097,0.26666666666666666,-1
1089,5777,4.646250000000097,0.26666666666666666,-1
1090,5778,4.651875000000097,0.26666666666666666,-1
1091,5779,4.6575000000000975,0.26666666666666666,-1
1092,5780,4.663125000000098,0.26666666666666666,-1
1093,5781,4.668750000000098,0.26666666666666666,-1
1094,5782,4.674375000000098,0.26666666666666666,-1
1095,5783,4.680000000000098,0.26666666666666666,-1
1096,5784,4.6856250000000985,0.26666666666666666,-1
1097,5785,4.691250000000099,0.26666666666666666,-1
1098,5786,4.696875000000099,0.26666666666666666,-1
1099,5787,4.702500000000099,0.26666666666666666,-1
1100,5788,4.708125000000099,0.26666666666666666,-1
1101,5789,4.7137500000001,0.26666666666666666,-1
1102,5790,4.7193750000001,0.26666666666666666,-1
1103,5791,4.7250000000001,0.26666666666666666,-1
1104,5792,4.7306250000001,0.26666666666666666,-1
1105,5793,4.7362500000001,0.26666666666666666,-1
1106,5794,4.741875000000101,0.26666666666666666,-1
1107,5795,4.747500000000101,0.26666666666666666,-1
1108,5796,4.753125000000101,0.26666666666666666,-1
1109,5797,4.758750000000101,0.26666666666666666,-1
1110,5798,4.7643750000001015,0.26666666666666666,-1
1111,5799,4.770000000000102,0.26666666666666666,-1
1112,5800,4.775625000000102,0.26666666666666666,-1
1113,5801,4.781250000000102,0.26666666666666666,-1
1114,5802,4.786875000000102,0.26666666666666666,-1
1115,5803,4.792500000000103,0.26666666666666666,-1
1116,5804,4.798125000000103,0.26666666666666666,-1
1117,5805,4.803750000000103,0.26666666666666666,-1
1118,5806,4.809375000000103,0.26666666666666666,-1
1119,5807,4.815000000000103,0.26666666666666666,-1
1120,5808,4.820625000000104,0.26666666666666666,-1
1121,5809,4.826250000000104,0.26666666666666666,-1
1122,5810,4.831875000000104,0.26666666666666666,-1
1123,5811,4.837500000000104,0.26666666666666666,-1
1124,5812,4.8431250000001045,0.26666666666666666,-1
1125,5813,4.848750000000105,0.26666666666666666,-1
1126,5814,4.854375000000105,0.26666666666666666,-1
1127,5815,4.860000000000105,0.26666666666666666,-1
1128,5816,4.865625000000105,0.26666666666666666,-1
1129,5817,4.8712500000001056,0.26666666666666666,-1
1130,5818,4.876875000000106,0.26666666666666666,-1
1131,5819,4.882500000000106,0.26666666666666666,-1
1132,5820,4.888125000000106,0.26666666666666666,-1
1133,5821,4.893750000000106,0.26666666666666666,-1
1134,5822,4.899375000000107,0.26666666666666666,-1
1135,5823,4.905000000000107,0.26666666666666666,-1
1136,5824,4.910625000000107,0.26666666666666666,-1
1137,5825,4.916250000000107,0.26666666666666666,-1
1138,5826,4.9218750000001075,0.26666666666666666,-1
1139,5827,4.927500000000108,0.26666666666666666,-1
1140,5828,4.927500000000108,0.275,9
1141,5829,4.927500000000108,0.275,9
1142,5830,4.927500000000108,0.275,9
1143,5831,4.933125000000108,0.275,-1
1144,5832,4.938750000000108,0.275,-1
1145,5833,4.944375000000108,0.275,-1
1146,5834,4.9500000000001085,0.275,-1
1147,5835,4.955625000000109,0.275,-1
1148,5836,4.961250000000109,0.275,-1
1149,5837,4.966875000000109,0.275,-1
1150,5838,4.972500000000109,0.275,-1
1151,5839,4.97812500000011,0.275,-1
1152,5840,4.98375000000011,0.275,-1
1153,5841,4.98937500000011,0.275,-1
1154,5842,4.99500000000011,0.275,-1
1155,5843,5.0006250000001105,0.275,-1
1156,5844,5.006250000000111,0.275,-1
1157,5845,5.011875000000111,0.275,-1
1158,5846,5.017500000000111,0.275,-1
1159,5847,5.023125000000111,0.275,-1
1160,5848,5.0287500000001115,0.275,-1
1161,5849,5.034375000000112,0.275,-1
1162,5850,5.040000000000112,0.275,-1
1163,5851,5.045625000000112,0.275,-1
1164,5852,5.051250000000112,0.275,-1
1165,5853,5.056875000000113,0.275,-1
1166,5854,5.062500000000113,0.275,-1
1167,5855,5.068125000000113,0.275,-1
1168,5856,5.073750000000113,0.275,-1
1169,5857,5.079375000000113,0.275,-1
1170,5858,5.085000000000114,0.275,-1
1171,5859,5.090625000000114,0.275,-1
1172,5860,5.096250000000114,0.275,-1
1173,5861,5.101875000000114,0.275,-1
1174,5862,5.1075000000001145,0.275,-1
1175,5863,5.113125000000115,0.275,-1
1176,5864,5.118750000000115,0.275,-1
1177,5865,5.124375000000115,0.275,-1
1178,5866,5.130000000000115,0.275,-1
1179,5867,5.135625000000116,0.275,-1
1180,5868,5.141250000000116,0.275,-1
1181,5869,5.146875000000116,0.275,-1
1182,5870,5.152500000000116,0.275,-1
1183,5871,5.158125000000116,0.275,-1
1184,5872,5.163750000000117,0.275,-1
1185,5873,5.169375000000117,0.275,-1
1186,5874,5.175000000000117,0.275,-1
1187,5875,5.180625000000117,0.275,-1
1188,5876,5.1862500000001175,0.275,-1
1189,5877,5.191875000000118,0.275,-1
1190,5878,5.197500000000118,0.275,-1
1191,5879,5.203125000000118,0.275,-1
1192,5880,5.208750000000118,0.275,-1
1193,5881,5.2143750000001186,0.275,-1
1194,5882,5.220000000000119,0.275,-1
1195,5883,5.225625000000119,0.275,-1
1196,5884,5.231250000000119,0.275,-1
1197,5885,5.236875000000119,0.275,-1
1198,5886,5.24250000000012,0.275,-1
1199,5887,5.24812500000012,0.275,-1
1200,5888,5.25375000000012,0.275,-1
1201,5889,5.25937500000012,0.275,-1
1202,5890,5.2650000000001205,0.275,-1
1203,5891,5.270625000000121,0.275,-1
1204,5892,5.276250000000121,0.275,-1
1205,5893,5.281875000000121,0.275,-1
1206,5894,5.287500000000121,0.275,-1
1207,5895,5.2931250000001215,0.275,-1
1208,5896,5.298750000000122,0.275,-1
1209,5897,5.304375000000122,0.275,-1
1210,5898,5.310000000000122,0.275,-1
1211,5899,5.315625000000122,0.275,-1
1212,5900,5.321250000000123,0.275,-1
1213,5901,5.326875000000123,0.275,-1
1214,5902,5.332500000000123,0.275,-1
1215,5903,5.338125000000123,0.275,-1
1216,5904,5.3437500000001235,0.275,-1
1217,5905,5.349375000000124,0.275,-1
1218,5906,5.355000000000124,0.275,-1
1219,5907,5.355000000000124,0.25,10
1220,5908,5.355000000000124,0.25,10
1221,5909,5.355000000000124,0.25,10
1222,5910,5.355000000000124,0.25,10
1223,5911,5.355000000000124,0.25,10
1224,5912,5.355000000000124,0.25,10
1225,5913,5.355000000000124,0.25,10
1226,5914,5.355000000000124,0.25,10
1227,5915,5.355000000000124,0.25,10
1228,5916,5.355000000000124,0.25,10
1229,5917,5.355000000000124,0.25,10
1230,5918,5.355000000000124,0.25,10
1231,5919,5.355000000000124,0.25,10
1232,5920,5.355000000000124,0.25,10
1233,5921,5.355000000000124,0.25,10
1234,5922,5.355000000000124,0.25,10
1235,5923,5.355000000000124,0.25,10
1236,5924,5.355000000000124,0.25,10
1237,5925,5.355000000000124,0.25,10
1238,5926,5.355000000000124,0.25,10
1239,5927,5.355000000000124,0.25,10
1240,5928,5.355000000000124,0.25,10
1241,5929,5.355000000000124,0.25,10
1242,5930,5.355000000000124,0.25,10
1243,5931,5.355000000000124,0.25,10
1244,5932,5.355000000000124,0.25,10
1245,5933,5.355000000000124,0.25,10
1246,5934,5.355000000000124,0.25,10
1247,5935,5.355000000000124,0.25,10
1248,5936,5.355000000000124,0.25,10
1249,5937,5.355000000000124,0.25,10
1250,5938,5.355000000000124,0.25,10
1251,5939,5.355000000000124,0.25,10
1252,5940,5.355000000000124,0.25,10
1253,5941,5.355000000000124,0.25,10
1254,5942,5.355000000000124,0.25,10
1255,5943,5.355000000000124,0.25,10
1256,5944,5.355000000000124,0.25,10
1257,5945,5.360625000000124,0.25,-1
1258,5946,5.366250000000124,0.25,-1
1259,5947,5.3718750000001245,0.25,-1
1260,5948,5.377500000000125,0.25,-1
1261,5949,5.383125000000125,0.25,-1
1262,5950,5.388750000000125,0.25,-1
1263,5951,5.394375000000125,0.25,-1
1264,5952,5.400000000000126,0.25,-1
1265,5953,5.405625000000126,0.25,-1
1266,5954,5.411250000000126,0.25,-1
1267,5955,5.416875000000126,0.25,-1
1268,5956,5.422500000000126,0.25,-1
1269,5957,5.428125000000127,0.25,-1
1270,5958,5.433750000000127,0.25,-1
1271,5959,5.439375000000127,0.25,-1
1272,5960,5.445000000000127,0.25,-1
1273,5961,5.4506250000001275,0.25,-1
1274,5962,5.456250000000128,0.25,-1
1275,5963,5.461875000000128,0.25,-1
1276,5964,5.467500000000128,0.25,-1
1277,5965,5.473125000000128,0.25,-1
1278,5966,5.478750000000129,0.25,-1
1279,5967,5.484375000000129,0.25,-1
1280,5968,5.490000000000129,0.25,-1
1281,5969,5.495625000000129,0.25,-1
1282,5970,5.501250000000129,0.25,-1
1283,5971,5.50687500000013,0.25,-1
1284,5972,5.51250000000013,0.25,-1
1285,5973,5.51812500000013,0.25,-1
1286,5974,5.52375000000013,0.25,-1
1287,5975,5.5293750000001305,0.25,-1
1288,5976,5.535000000000131,0.25,-1
1289,5977,5.540625000000131,0.25,-1
1290,5978,5.546250000000131,0.25,-1
1291,5979,5.551875000000131,0.25,-1
1292,5980,5.557500000000132,0.25,-1
1293,5981,5.563125000000132,0.25,-1
1294,5982,5.568750000000132,0.25,-1
1295,5983,5.574375000000132,0.25,-1
1296,5984,5.580000000000132,0.25,-1
1297,5985,5.585625000000133,0.25,-1
1298,5986,5.591250000000133,0.25,-1
1299,5987,5.596875000000133,0.25,-1
1300,5988,5.602500000000133,0.25,-1
1301,5989,5.6081250000001335,0.25,-1
1302,5990,5.613750000000134,0.25,-1
1303,5991,5.619375000000134,0.25,-1
1304,5992,5.625000000000134,0.25,-1
1305,5993,5.630625000000134,0.25,-1
1306,5994,5.6362500000001345,0.25,-1
1307,5995,5.641875000000135,0.25,-1
1308,5996,5.647500000000135,0.25,-1
1309,5997,5.653125000000135,0.25,-1
1310,5998,5.658750000000135,0.25,-1
1311,5999,5.664375000000136,0.25,-1
1312,6000,5.670000000000136,0.25,-1
1313,6001,5.675625000000136,0.25,-1
1314,6002,5.681250000000136,0.25,-1
1315,6003,5.6868750000001365,0.25,-1
1316,6004,5.692500000000137,0.25,-1
1317,6005,5.698125000000137,0.25,-1
1318,6006,5.703750000000137,0.25,-1
1319,6007,5.709375000000137,0.25,-1
1320,6008,5.7150000000001375,0.25,-1
1321,6009,5.720625000000138,0.25,-1
1322,6010,5.726250000000138,0.25,-1
1323,6011,5.731875000000138,0.25,-1
1324,6012,5.737500000000138,0.25,-1
1325,6013,5.743125000000139,0.25,-1
1326,6014,5.748750000000139,0.25,-1
1327,6015,5.754375000000139,0.25,-1
1328,6016,5.760000000000139,0.25,-1
1329,6017,5.765625000000139,0.25,-1
1330,6018,5.77125000000014,0.25,-1
1331,6019,5.77687500000014,0.25,-1
1332,6020,5.78250000000014,0.25,-1
1333,6021,5.78812500000014,0.25,-1
1334,6022,5.7937500000001405,0.25,-1
1335,6023,5.799375000000141,0.25,-1
1336,6024,5.805000000000141,0.25,-1
1337,6025,5.810625000000141,0.25,-1
1338,6026,5.816250000000141,0.25,-1
1339,6027,5.821875000000142,0.25,-1
1340,6028,5.827500000000142,0.25,-1
1341,6029,5.833125000000142,0.25,-1
1342,6030,5.838750000000142,0.25,-1
1343,6031,5.844375000000142,0.25,-1
1344,6032,5.850000000000143,0.25,-1
1345,6033,5.855625000000143,0.25,-1
1346,6034,5.861250000000143,0.25,-1
1347,6035,5.866875000000143,0.25,-1
1348,6036,5.8725000000001435,0.25,-1
1349,6037,5.878125000000144,0.25,-1
1350,6038,5.883750000000144,0.25,-1
1351,6039,5.889375000000144,0.25,-1
1352,6040,5.895000000000144,0.25,-1
1353,6041,5.900625000000145,0.25,-1
1354,6042,5.906250000000145,0.25,-1
1355,6043,5.911875000000145,0.25,-1
1356,6044,5.917500000000145,0.25,-1
1357,6045,5.923125000000145,0.25,-1
1358,6046,5.928750000000146,0.25,-1
1359,6047,5.934375000000146,0.25,-1
1360,6048,5.940000000000146,0.25,-1
1361,6049,5.945625000000146,0.25,-1
1362,6050,5.9512500000001465,0.25,-1
1363,6051,5.956875000000147,0.25,-1
1364,6052,5.962500000000147,0.25,-1
1365,6053,5.968125000000147,0.25,-1
1366,6054,5.973750000000147,0.25,-1
1367,6055,5.9793750000001475,0.25,-1
1368,6056,5.985000000000148,0.25,-1
1369,6057,5.990625000000148,0.25,-1
1370,6058,5.996250000000148,0.25,-1
1371,6059,6.001875000000148,0.25,-1
1372,6060,6.007500000000149,0.25,-1
1373,6061,6.013125000000149,0.25,-1
1374,6062,6.018750000000149,0.25,-1
1375,6063,6.024375000000149,0.25,-1
1376,6064,6.0300000000001495,0.25,-1
1377,6065,6.03562500000015,0.25,-1
1378,6066,6.04125000000015,0.25,-1
1379,6067,6.04687500000015,0.25,-1
1380,6068,6.05250000000015,0.25,-1
1381,6069,6.0581250000001505,0.25,-1
1382,6070,6.063750000000151,0.25,-1
1383,6071,6.069375000000151,0.25,-1
1384,6072,6.075000000000151,0.25,-1
1385,6073,6.080625000000151,0.25,-1
1386,6074,6.086250000000152,0.25,-1
1387,6075,6.091875000000152,0.25,-1
1388,6076,6.097500000000152,0.25,-1
1389,6077,6.103125000000152,0.25,-1
1390,6078,6.1087500000001524,0.25,-1
1391,6079,6.114375000000153,0.25,-1
1392,6080,6.120000000000153,0.25,-1
1393,6081,6.125625000000153,0.25,-1
1394,6082,6.131250000000153,0.25,-1
1395,6083,6.1368750000001535,0.25,-1
1396,6084,6.142500000000154,0.25,-1
1397,6085,6.148125000000154,0.25,-1
1398,6086,6.153750000000154,0.25,-1
1399,6087,6.159375000000154,0.25,-1
1400,6088,6.165000000000155,0.25,-1
1401,6089,6.170625000000155,0.25,-1
1402,6090,6.176250000000155,0.25,-1
1403,6091,6.181875000000155,0.25,-1
1404,6092,6.187500000000155,0.25,-1
1405,6093,6.193125000000156,0.25,-1
1406,6094,6.198750000000156,0.25,-1
1407,6095,6.204375000000156,0.25,-1
1408,6096,6.210000000000156,0.25,-1
1409,6097,6.2156250000001565,0.25,-1
1410,6098,6.221250000000157,0.25,-1
1411,6099,6.226875000000157,0.25,-1
1412,6100,6.232500000000157,0.25,-1
1413,6101,6.238125000000157,0.25,-1
1414,6102,6.243750000000158,0.25,-1
1415,6103,6.249375000000158,0.25,-1
1416,6104,6.255000000000158,0.25,-1
1417,6105,6.260625000000158,0.25,-1
1418,6106,6.266250000000158,0.25,-1
1419,6107,6.271875000000159,0.25,-1
1420,6108,6.277500000000159,0.25,-1
1421,6109,6.283125000000159,0.25,-1
1422,6110,6.288750000000159,0.25,-1
1423,6111,6.2943750000001595,0.25,-1
1424,6112,6.30000000000016,0.25,-1
1425,6113,6.30562500000016,0.25,-1
1426,6114,6.31125000000016,0.25,-1
1427,6115,6.31687500000016,0.25,-1
1428,6116,6.3225000000001605,0.25,-1
1429,6117,6.328125000000161,0.25,-1
1430,6118,6.333750000000161,0.25,-1
1431,6119,6.339375000000161,0.25,-1
1432,6120,6.345000000000161,0.25,-1
1433,6121,6.350625000000162,0.25,-1
1434,6122,6.356250000000162,0.25,-1
1435,6123,6.361875000000162,0.25,-1
1436,6124,6.367500000000162,0.25,-1
1437,6125,6.3731250000001625,0.25,-1
1438,6126,6.378750000000163,0.25,-1
1439,6127,6.384375000000163,0.25,-1
1440,6128,6.390000000000163,0.25,-1
1441,6129,6.395625000000163,0.25,-1
1442,6130,6.4012500000001635,0.25,-1
1443,6131,6.406875000000164,0.25,-1
1444,6132,6.412500000000164,0.25,-1
1445,6133,6.418125000000164,0.25,-1
1446,6134,6.423750000000164,0.25,-1
1447,6135,6.429375000000165,0.25,-1
1448,6136,6.435000000000165,0.25,-1
1449,6137,6.440625000000165,0.25,-1
1450,6138,6.446250000000165,0.25,-1
1451,6139,6.4518750000001654,0.25,-1
1452,6140,6.457500000000166,0.25,-1
1453,6141,6.463125000000166,0.25,-1
1454,6142,6.468750000000166,0.25,-1
1455,6143,6.474375000000166,0.25,-1
1456,6144,6.4800000000001665,0.25,-1
1457,6145,6.485625000000167,0.25,-1
1458,6146,6.491250000000167,0.25,-1
1459,6147,6.491250000000167,0.2916666666666667,11
1460,6148,6.491250000000167,0.2916666666666667,11
1461,6149,6.491250000000167,0.2916666666666667,11
1462,6150,6.491250000000167,0.2916666666666667,11
1463,6151,6.491250000000167,0.2916666666666667,11
1464,6152,6.491250000000167,0.2916666666666667,11
1465,6153,6.491250000000167,0.2916666666666667,11
1466,6154,6.491250000000167,0.2916666666666667,11
1467,6155,6.491250000000167,0.2916666666666667,11
1468,6156,6.491250000000167,0.2916666666666667,11
1469,6157,6.491250000000167,0.2916666666666667,11
1470,6158,6.491250000000167,0.2916666666666667,11
1471,6159,6.491250000000167,0.2916666666666667,11
1472,6160,6.491250000000167,0.2916666666666667,11
1473,6161,6.491250000000167,0.2916666666666667,11
1474,6162,6.491250000000167,0.2916666666666667,11
1475,6163,6.491250000000167,0.2916666666666667,11
1476,6164,6.491250000000167,0.2916666666666667,11
1477,6165,6.496875000000167,0.2916666666666667,-1
1478,6166,6.502500000000167,0.2916666666666667,-1
1479,6167,6.508125000000168,0.2916666666666667,-1
1480,6168,6.513750000000168,0.2916666666666667,-1
1481,6169,6.519375000000168,0.2916666666666667,-1
1482,6170,6.525000000000168,0.2916666666666667,-1
1483,6171,6.530625000000168,0.2916666666666667,-1
1484,6172,6.536250000000169,0.2916666666666667,-1
1485,6173,6.541875000000169,0.2916666666666667,-1
1486,6174,6.547500000000169,0.2916666666666667,-1
1487,6175,6.553125000000169,0.2916666666666667,-1
1488,6176,6.5587500000001695,0.2916666666666667,-1
1489,6177,6.56437500000017,0.2916666666666667,-1
1490,6178,6.57000000000017,0.2916666666666667,-1
1491,6179,6.57562500000017,0.2916666666666667,-1
1492,6180,6.58125000000017,0.2916666666666667,-1
1493,6181,6.586875000000171,0.2916666666666667,-1
1494,6182,6.592500000000171,0.2916666666666667,-1
1495,6183,6.598125000000171,0.2916666666666667,-1
1496,6184,6.603750000000171,0.2916666666666667,-1
1497,6185,6.609375000000171,0.2916666666666667,-1
1498,6186,6.615000000000172,0.2916666666666667,-1
1499,6187,6.620625000000172,0.2916666666666667,-1
1500,6188,6.626250000000172,0.2916666666666667,-1
1501,6189,6.631875000000172,0.2916666666666667,-1
1502,6190,6.6375000000001725,0.2916666666666667,-1
1503,6191,6.643125000000173,0.2916666666666667,-1
1504,6192,6.648750000000173,0.2916666666666667,-1
1505,6193,6.654375000000173,0.2916666666666667,-1
1506,6194,6.660000000000173,0.2916666666666667,-1
1507,6195,6.6656250000001736,0.2916666666666667,-1
1508,6196,6.671250000000174,0.2916666666666667,-1
1509,6197,6.676875000000174,0.2916666666666667,-1
1510,6198,6.682500000000174,0.2916666666666667,-1
1511,6199,6.688125000000174,0.2916666666666667,-1
1512,6200,6.693750000000175,0.2916666666666667,-1
1513,6201,6.699375000000175,0.2916666666666667,-1
1514,6202,6.705000000000175,0.2916666666666667,-1
1515,6203,6.710625000000175,0.2916666666666667,-1
1516,6204,6.7162500000001755,0.2916666666666667,-1
1517,6205,6.721875000000176,0.2916666666666667,-1
1518,6206,6.727500000000176,0.2916666666666667,-1
1519,6207,6.733125000000176,0.2916666666666667,-1
1520,6208,6.738750000000176,0.2916666666666667,-1
1521,6209,6.7443750000001765,0.2916666666666667,-1
1522,6210,6.750000000000177,0.2916666666666667,-1
1523,6211,6.755625000000177,0.2916666666666667,-1
1524,6212,6.761250000000177,0.2916666666666667,-1
1525,6213,6.766875000000177,0.2916666666666667,-1
1526,6214,6.772500000000178,0.2916666666666667,-1
1527,6215,6.778125000000178,0.2916666666666667,-1
1528,6216,6.783750000000178,0.2916666666666667,-1
1529,6217,6.789375000000178,0.2916666666666667,-1
1530,6218,6.7950000000001785,0.2916666666666667,-1
1531,6219,6.800625000000179,0.2916666666666667,-1
1532,6220,6.806250000000179,0.2916666666666667,-1
1533,6221,6.811875000000179,0.2916666666666667,-1
1534,6222,6.817500000000179,0.2916666666666667,-1
1535,6223,6.8231250000001795,0.2916666666666667,-1
1536,6224,6.82875000000018,0.2916666666666667,-1
1537,6225,6.83437500000018,0.2916666666666667,-1
1538,6226,6.84000000000018,0.2916666666666667,-1
1539,6227,6.84562500000018,0.2916666666666667,-1
1540,6228,6.851250000000181,0.2916666666666667,-1
1541,6229,6.856875000000181,0.2916666666666667,-1
1542,6230,6.862500000000181,0.2916666666666667,-1
1543,6231,6.868125000000181,0.2916666666666667,-1
1544,6232,6.873750000000181,0.2916666666666667,-1
1545,6233,6.879375000000182,0.2916666666666667,-1
1546,6234,6.885000000000182,0.2916666666666667,-1
1547,6235,6.890625000000182,0.2916666666666667,-1
1548,6236,6.896250000000182,0.2916666666666667,-1
1549,6237,6.9018750000001825,0.2916666666666667,-1
1550,6238,6.907500000000183,0.2916666666666667,-1
1551,6239,6.913125000000183,0.2916666666666667,-1
1552,6240,6.918750000000183,0.2916666666666667,-1
1553,6241,6.924375000000183,0.2916666666666667,-1
1554,6242,6.930000000000184,0.2916666666666667,-1
1555,6243,6.930000000000184,0.2916666666666667,12
1556,6244,6.930000000000184,0.2916666666666667,12
1557,6245,6.930000000000184,0.2916666666666667,12
1558,6246,6.930000000000184,0.2916666666666667,12
1559,6247,6.930000000000184,0.2916666666666667,12
1560,6248,6.930000000000184,0.2916666666666667,12
1561,6249,6.930000000000184,0.2916666666666667,12
1562,6250,6.930000000000184,0.2916666666666667,12
1563,6251,6.930000000000184,0.2916666666666667,12
1564,6252,6.930000000000184,0.2916666666666667,12
1565,6253,6.930000000000184,0.2916666666666667,12
1566,6254,6.930000000000184,0.2916666666666667,12
1567,6255,6.930000000000184,0.2916666666666667,12
1568,6256,6.930000000000184,0.2916666666666667,12
1569,6257,6.930000000000184,0.2916666666666667,12
1570,6258,6.930000000000184,0.2916666666666667,12
1571,6259,6.930000000000184,0.2916666666666667,12
1572,6260,6.930000000000184,0.2916666666666667,12
1573,6261,6.930000000000184,0.2916666666666667,12
1574,6262,6.930000000000184,0.2916666666666667,12
1575,6263,6.930000000000184,0.2916666666666667,12
1576,6264,6.930000000000184,0.2916666666666667,12
1577,6265,6.930000000000184,0.2916666666666667,12
1578,6266,6.930000000000184,0.2916666666666667,12
1579,6267,6.930000000000184,0.2916666666666667,12
1580,6268,6.930000000000184,0.2916666666666667,12
1581,6269,6.930000000000184,0.2916666666666667,12
1582,6270,6.930000000000184,0.2916666666666667,12
1583,6271,6.930000000000184,0.2916666666666667,12
1584,6272,6.930000000000184,0.2916666666666667,12
1585,6273,6.930000000000184,0.2916666666666667,12
1586,6274,6.930000000000184,0.2916666666666667,12
1587,6275,6.930000000000184,0.2916666666666667,12
1588,6276,6.930000000000184,0.2916666666666667,12
1589,6277,6.930000000000184,0.2916666666666667,12
1590,6278,6.930000000000184,0.2916666666666667,12
1591,6279,6.930000000000184,0.2916666666666667,12
1592,6280,6.930000000000184,0.2916666666666667,12
1593,6281,6.930000000000184,0.2916666666666667,12
1594,6282,6.930000000000184,0.2916666666666667,12
1595,6283,6.930000000000184,0.2916666666666667,12
1596,6284,6.930000000000184,0.2916666666666667,12
1597,6285,6.930000000000184,0.2916666666666667,12
1598,6286,6.930000000000184,0.2916666666666667,12
1599,6287,6.930000000000184,0.2916666666666667,12
1600,6288,6.930000000000184,0.2916666666666667,12
1601,6289,6.930000000000184,0.2916666666666667,12
1602,6290,6.930000000000184,0.2916666666666667,12
1603,6291,6.930000000000184,0.2916666666666667,12
1604,6292,6.930000000000184,0.2916666666666667,12
1605,6293,6.930000000000184,0.2916666666666667,12
1606,6294,6.930000000000184,0.2916666666666667,12
1607,6295,6.930000000000184,0.2916666666666667,12
1608,6296,6.930000000000184,0.2916666666666667,12
1609,6297,6.930000000000184,0.2916666666666667,12
1610,6298,6.930000000000184,0.2916666666666667,12
1611,6299,6.930000000000184,0.2916666666666667,12
1612,6300,6.930000000000184,0.2916666666666667,12
1613,6301,6.930000000000184,0.2916666666666667,12
1614,6302,6.935625000000184,0.2916666666666667,-1
1615,6303,6.941250000000184,0.2916666666666667,-1
1616,6304,6.946875000000184,0.2916666666666667,-1
1617,6305,6.952500000000184,0.2916666666666667,-1
1618,6306,6.958125000000185,0.2916666666666667,-1
1619,6307,6.963750000000185,0.2916666666666667,-1
1620,6308,6.969375000000185,0.2916666666666667,-1
1621,6309,6.975000000000185,0.2916666666666667,-1
1622,6310,6.9806250000001855,0.2916666666666667,-1
1623,6311,6.986250000000186,0.2916666666666667,-1
1624,6312,6.991875000000186,0.2916666666666667,-1
1625,6313,6.997500000000186,0.2916666666666667,-1
1626,6314,7.003125000000186,0.2916666666666667,-1
1627,6315,7.0087500000001866,0.2916666666666667,-1
1628,6316,7.014375000000187,0.2916666666666667,-1
1629,6317,7.020000000000187,0.2916666666666667,-1
1630,6318,7.025625000000187,0.2916666666666667,-1
1631,6319,7.031250000000187,0.2916666666666667,-1
1632,6320,7.036875000000188,0.2916666666666667,-1
1633,6321,7.042500000000188,0.2916666666666667,-1
1634,6322,7.048125000000188,0.2916666666666667,-1
1635,6323,7.053750000000188,0.2916666666666667,-1
1636,6324,7.0593750000001885,0.2916666666666667,-1
1637,6325,7.065000000000189,0.2916666666666667,-1
1638,6326,7.070625000000189,0.2916666666666667,-1
1639,6327,7.076250000000189,0.2916666666666667,-1
1640,6328,7.081875000000189,0.2916666666666667,-1
1641,6329,7.0875000000001895,0.2916666666666667,-1
1642,6330,7.09312500000019,0.2916666666666667,-1
1643,6331,7.09875000000019,0.2916666666666667,-1
1644,6332,7.10437500000019,0.2916666666666667,-1
1645,6333,7.11000000000019,0.2916666666666667,-1
1646,6334,7.115625000000191,0.2916666666666667,-1
1647,6335,7.121250000000191,0.2916666666666667,-1
1648,6336,7.126875000000191,0.2916666666666667,-1
1649,6337,7.132500000000191,0.2916666666666667,-1
1650,6338,7.1381250000001915,0.2916666666666667,-1
1651,6339,7.143750000000192,0.2916666666666667,-1
1652,6340,7.149375000000192,0.2916666666666667,-1
1653,6341,7.155000000000192,0.2916666666666667,-1
1654,6342,7.160625000000192,0.2916666666666667,-1
1655,6343,7.1662500000001925,0.2916666666666667,-1
1656,6344,7.171875000000193,0.2916666666666667,-1
1657,6345,7.177500000000193,0.2916666666666667,-1
1658,6346,7.183125000000193,0.2916666666666667,-1
1659,6347,7.188750000000193,0.2916666666666667,-1
1660,6348,7.194375000000194,0.2916666666666667,-1
1661,6349,7.200000000000194,0.2916666666666667,-1
1662,6350,7.205625000000194,0.2916666666666667,-1
1663,6351,7.211250000000194,0.2916666666666667,-1
1664,6352,7.216875000000194,0.2916666666666667,-1
1665,6353,7.222500000000195,0.2916666666666667,-1
1666,6354,7.228125000000195,0.2916666666666667,-1
1667,6355,7.233750000000195,0.2916666666666667,-1
1668,6356,7.239375000000195,0.2916666666666667,-1
1669,6357,7.2450000000001955,0.2916666666666667,-1
1670,6358,7.250625000000196,0.2916666666666667,-1
1671,6359,7.256250000000196,0.2916666666666667,-1
1672,6360,7.261875000000196,0.2916666666666667,-1
1673,6361,7.267500000000196,0.2916666666666667,-1
1674,6362,7.273125000000197,0.2916666666666667,-1
1675,6363,7.278750000000197,0.2916666666666667,-1
1676,6364,7.284375000000197,0.2916666666666667,-1
1677,6365,7.290000000000197,0.2916666666666667,-1
1678,6366,7.295625000000197,0.2916666666666667,-1
1679,6367,7.301250000000198,0.2916666666666667,-1
1680,6368,7.301250000000198,0.2916666666666667,13
1681,6369,7.301250000000198,0.2916666666666667,13
1682,6370,7.301250000000198,0.2916666666666667,13
1683,6371,7.301250000000198,0.2916666666666667,13
1684,6372,7.301250000000198,0.2916666666666667,13
1685,6373,7.301250000000198,0.2916666666666667,13
1686,6374,7.306875000000198,0.2916666666666667,-1
1687,6375,7.312500000000198,0.2916666666666667,-1
1688,6376,7.318125000000198,0.2916666666666667,-1
1689,6377,7.3237500000001985,0.2916666666666667,-1
1690,6378,7.329375000000199,0.2916666666666667,-1
1691,6379,7.335000000000199,0.2916666666666667,-1
1692,6380,7.340625000000199,0.2916666666666667,-1
1693,6381,7.346250000000199,0.2916666666666667,-1
1694,6382,7.3518750000002,0.2916666666666667,-1
1695,6383,7.3575000000002,0.2916666666666667,-1
1696,6384,7.3631250000002,0.2916666666666667,-1
1697,6385,7.3687500000002,0.2916666666666667,-1
1698,6386,7.3743750000002,0.2916666666666667,-1
1699,6387,7.380000000000201,0.2916666666666667,-1
1700,6388,7.385625000000201,0.2916666666666667,-1
1701,6389,7.391250000000201,0.2916666666666667,-1
1702,6390,7.396875000000201,0.2916666666666667,-1
1703,6391,7.4025000000002015,0.2916666666666667,-1
1704,6392,7.408125000000202,0.2916666666666667,-1
1705,6393,7.413750000000202,0.2916666666666667,-1
1706,6394,7.419375000000202,0.2916666666666667,-1
1707,6395,7.425000000000202,0.2916666666666667,-1
1708,6396,7.4306250000002025,0.2916666666666667,-1
1709,6397,7.436250000000203,0.2916666666666667,-1
1710,6398,7.441875000000203,0.2916666666666667,-1
1711,6399,7.447500000000203,0.2916666666666667,-1
1712,6400,7.453125000000203,0.2916666666666667,-1
1713,6401,7.458750000000204,0.2916666666666667,-1
1714,6402,7.464375000000204,0.2916666666666667,-1
1715,6403,7.470000000000204,0.2916666666666667,-1
1716,6404,7.475625000000204,0.2916666666666667,-1
1717,6405,7.4812500000002045,0.2916666666666667,-1
1718,6406,7.486875000000205,0.2916666666666667,-1
1719,6407,7.492500000000205,0.2916666666666667,-1
1720,6408,7.498125000000205,0.2916666666666667,-1
1721,6409,7.503750000000205,0.2916666666666667,-1
1722,6410,7.5093750000002055,0.2916666666666667,-1
1723,6411,7.515000000000206,0.2916666666666667,-1
1724,6412,7.520625000000206,0.2916666666666667,-1
1725,6413,7.526250000000206,0.2916666666666667,-1
1726,6414,7.531875000000206,0.2916666666666667,-1
1727,6415,7.537500000000207,0.2916666666666667,-1
1728,6416,7.543125000000207,0.2916666666666667,-1
1729,6417,7.548750000000207,0.2916666666666667,-1
1730,6418,7.554375000000207,0.2916666666666667,-1
1731,6419,7.560000000000207,0.2916666666666667,-1
1732,6420,7.565625000000208,0.2916666666666667,-1
1733,6421,7.571250000000208,0.2916666666666667,-1
1734,6422,7.576875000000208,0.2916666666666667,-1
1735,6423,7.582500000000208,0.2916666666666667,-1
1736,6424,7.5881250000002085,0.2916666666666667,-1
1737,6425,7.593750000000209,0.2916666666666667,-1
1738,6426,7.599375000000209,0.2916666666666667,-1
1739,6427,7.605000000000209,0.2916666666666667,-1
1740,6428,7.610625000000209,0.2916666666666667,-1
1741,6429,7.61625000000021,0.2916666666666667,-1
1742,6430,7.62187500000021,0.2916666666666667,-1
1743,6431,7.62750000000021,0.2916666666666667,-1
1744,6432,7.63312500000021,0.2916666666666667,-1
1745,6433,7.63875000000021,0.2916666666666667,-1
1746,6434,7.644375000000211,0.2916666666666667,-1
1747,6435,7.650000000000211,0.2916666666666667,-1
1748,6436,7.655625000000211,0.2916666666666667,-1
1749,6437,7.661250000000211,0.2916666666666667,-1
1750,6438,7.6668750000002115,0.2916666666666667,-1
1751,6439,7.672500000000212,0.2916666666666667,-1
1752,6440,7.678125000000212,0.2916666666666667,-1
1753,6441,7.683750000000212,0.2916666666666667,-1
1754,6442,7.689375000000212,0.2916666666666667,-1
1755,6443,7.695000000000213,0.2916666666666667,-1
1756,6444,7.700625000000213,0.2916666666666667,-1
1757,6445,7.706250000000213,0.2916666666666667,-1
1758,6446,7.711875000000213,0.2916666666666667,-1
1759,6447,7.717500000000213,0.2916666666666667,-1
1760,6448,7.723125000000214,0.2916666666666667,-1
1761,6449,7.728750000000214,0.2916666666666667,-1
1762,6450,7.734375000000214,0.2916666666666667,-1
1763,6451,7.740000000000214,0.2916666666666667,-1
1764,6452,7.7456250000002145,0.2916666666666667,-1
1765,6453,7.751250000000215,0.2916666666666667,-1
1766,6454,7.756875000000215,0.2916666666666667,-1
1767,6455,7.762500000000215,0.2916666666666667,-1
1768,6456,7.768125000000215,0.2916666666666667,-1
1769,6457,7.7737500000002155,0.2916666666666667,-1
1770,6458,7.779375000000216,0.2916666666666667,-1
1771,6459,7.785000000000216,0.2916666666666667,-1
1772,6460,7.790625000000216,0.2916666666666667,-1
1773,6461,7.796250000000216,0.2916666666666667,-1
1774,6462,7.801875000000217,0.2916666666666667,-1
1775,6463,7.807500000000217,0.2916666666666667,-1
1776,6464,7.813125000000217,0.2916666666666667,-1
1777,6465,7.818750000000217,0.2916666666666667,-1
1778,6466,7.8243750000002175,0.2916666666666667,-1
1779,6467,7.830000000000218,0.2916666666666667,-1
1780,6468,7.835625000000218,0.2916666666666667,-1
1781,6469,7.841250000000218,0.2916666666666667,-1
1782,6470,7.846875000000218,0.2916666666666667,-1
1783,6471,7.8525000000002185,0.2916666666666667,-1
1784,6472,7.858125000000219,0.2916666666666667,-1
1785,6473,7.863750000000219,0.2916666666666667,-1
1786,6474,7.869375000000219,0.2916666666666667,-1
1787,6475,7.875000000000219,0.2916666666666667,-1
1788,6476,7.88062500000022,0.2916666666666667,-1
1789,6477,7.88625000000022,0.2916666666666667,-1
1790,6478,7.89187500000022,0.2916666666666667,-1
1791,6479,7.89187500000022,0.36666666666666664,14
1792,6480,7.89187500000022,0.36666666666666664,14
1793,6481,7.89187500000022,0.36666666666666664,14
1794,6482,7.89187500000022,0.36666666666666664,14
1795,6483,7.89187500000022,0.36666666666666664,14
1796,6484,7.89187500000022,0.36666666666666664,14
1797,6485,7.89187500000022,0.36666666666666664,14
1798,6486,7.89187500000022,0.36666666666666664,14
1799,6487,7.89187500000022,0.36666666666666664,14
1800,6488,7.89187500000022,0.36666666666666664,14
1801,6489,7.89187500000022,0.36666666666666664,14
1802,6490,7.89187500000022,0.36666666666666664,14
1803,6491,7.89187500000022,0.36666666666666664,14
1804,6492,7.89187500000022,0.36666666666666664,14
1805,6493,7.89187500000022,0.36666666666666664,14
1806,6494,7.89187500000022,0.36666666666666664,14
1807,6495,7.89187500000022,0.36666666666666664,14
1808,6496,7.89187500000022,0.36666666666666664,14
1809,6497,7.89187500000022,0.36666666666666664,14
1810,6498,7.89187500000022,0.36666666666666664,14
1811,6499,7.89187500000022,0.36666666666666664,14
1812,6500,7.89187500000022,0.36666666666666664,14
1813,6501,7.89187500000022,0.36666666666666664,14
1814,6502,7.89187500000022,0.36666666666666664,14
1815,6503,7.89187500000022,0.36666666666666664,14
1816,6504,7.89187500000022,0.36666666666666664,14
1817,6505,7.89187500000022,0.36666666666666664,14
1818,6506,7.89187500000022,0.36666666666666664,14
1819,6507,7.89187500000022,0.36666666666666664,14
1820,6508,7.89187500000022,0.36666666666666664,14
1821,6509,7.89750000000022,0.36666666666666664,-1
1822,6510,7.9031250000002204,0.36666666666666664,-1
1823,6511,7.908750000000221,0.36666666666666664,-1
1824,6512,7.914375000000221,0.36666666666666664,-1
1825,6513,7.920000000000221,0.36666666666666664,-1
1826,6514,7.925625000000221,0.36666666666666664,-1
1827,6515,7.9312500000002215,0.36666666666666664,-1
1828,6516,7.936875000000222,0.36666666666666664,-1
1829,6517,7.942500000000222,0.36666666666666664,-1
1830,6518,7.948125000000222,0.36666666666666664,-1
1831,6519,7.953750000000222,0.36666666666666664,-1
1832,6520,7.959375000000223,0.36666666666666664,-1
1833,6521,7.965000000000223,0.36666666666666664,-1
1834,6522,7.970625000000223,0.36666666666666664,-1
1835,6523,7.976250000000223,0.36666666666666664,-1
1836,6524,7.981875000000223,0.36666666666666664,-1
1837,6525,7.987500000000224,0.36666666666666664,-1
1838,6526,7.993125000000224,0.36666666666666664,-1
1839,6527,7.998750000000224,0.36666666666666664,-1
1840,6528,8.004375000000223,0.36666666666666664,-1
1841,6529,8.010000000000224,0.36666666666666664,-1
1842,6530,8.015625000000224,0.36666666666666664,-1
1843,6531,8.021250000000224,0.36666666666666664,-1
1844,6532,8.026875000000224,0.36666666666666664,-1
1845,6533,8.032500000000224,0.36666666666666664,-1
1846,6534,8.038125000000225,0.36666666666666664,-1
1847,6535,8.043750000000225,0.36666666666666664,-1
1848,6536,8.049375000000225,0.36666666666666664,-1
1849,6537,8.055000000000225,0.36666666666666664,-1
1850,6538,8.060625000000226,0.36666666666666664,-1
1851,6539,8.066250000000226,0.36666666666666664,-1
1852,6540,8.071875000000226,0.36666666666666664,-1
1853,6541,8.077500000000226,0.36666666666666664,-1
1854,6542,8.083125000000226,0.36666666666666664,-1
1855,6543,8.088750000000227,0.36666666666666664,-1
1856,6544,8.094375000000227,0.36666666666666664,-1
1857,6545,8.100000000000227,0.36666666666666664,-1
1858,6546,8.105625000000227,0.36666666666666664,-1
1859,6547,8.111250000000227,0.36666666666666664,-1
1860,6548,8.116875000000228,0.36666666666666664,-1
1861,6549,8.122500000000228,0.36666666666666664,-1
1862,6550,8.128125000000228,0.36666666666666664,-1
1863,6551,8.133750000000228,0.36666666666666664,-1
1864,6552,8.139375000000229,0.36666666666666664,-1
1865,6553,8.145000000000229,0.36666666666666664,-1
1866,6554,8.150625000000229,0.36666666666666664,-1
1867,6555,8.15625000000023,0.36666666666666664,-1
1868,6556,8.16187500000023,0.36666666666666664,-1
1869,6557,8.16750000000023,0.36666666666666664,-1
1870,6558,8.17312500000023,0.36666666666666664,-1
1871,6559,8.17875000000023,0.36666666666666664,-1
1872,6560,8.18437500000023,0.36666666666666664,-1
1873,6561,8.19000000000023,0.36666666666666664,-1
1874,6562,8.19562500000023,0.36666666666666664,-1
1875,6563,8.20125000000023,0.36666666666666664,-1
1876,6564,8.206875000000231,0.36666666666666664,-1
1877,6565,8.212500000000231,0.36666666666666664,-1
1878,6566,8.218125000000231,0.36666666666666664,-1
1879,6567,8.223750000000232,0.36666666666666664,-1
1880,6568,8.229375000000232,0.36666666666666664,-1
1881,6569,8.235000000000232,0.36666666666666664,-1
1882,6570,8.240625000000232,0.36666666666666664,-1
1883,6571,8.246250000000233,0.36666666666666664,-1
1884,6572,8.251875000000233,0.36666666666666664,-1
1885,6573,8.257500000000233,0.36666666666666664,-1
1886,6574,8.263125000000233,0.36666666666666664,-1
1887,6575,8.268750000000233,0.36666666666666664,-1
1888,6576,8.268750000000233,0.45,15
1889,6577,8.268750000000233,0.45,15
1890,6578,8.268750000000233,0.45,15
1891,6579,8.268750000000233,0.45,15
1892,6580,8.268750000000233,0.45,15
1893,6581,8.268750000000233,0.45,15
1894,6582,8.268750000000233,0.45,15
1895,6583,8.268750000000233,0.45,15
1896,6584,8.268750000000233,0.45,15
1897,6585,8.268750000000233,0.45,15
1898,6586,8.268750000000233,0.45,15
1899,6587,8.268750000000233,0.45,15
1900,6588,8.268750000000233,0.45,15
1901,6589,8.268750000000233,0.45,15
1902,6590,8.268750000000233,0.45,15
1903,6591,8.268750000000233,0.45,15
1904,6592,8.268750000000233,0.45,15
1905,6593,8.268750000000233,0.45,15
1906,6594,8.268750000000233,0.45,15
1907,6595,8.268750000000233,0.45,15
1908,6596,8.268750000000233,0.45,15
1909,6597,8.268750000000233,0.45,15
1910,6598,8.268750000000233,0.45,15
1911,6599,8.268750000000233,0.45,15
1912,6600,8.268750000000233,0.45,15
1913,6601,8.268750000000233,0.45,15
1914,6602,8.268750000000233,0.45,15
1915,6603,8.268750000000233,0.45,15
1916,6604,8.268750000000233,0.45,15
1917,6605,8.268750000000233,0.45,15
1918,6606,8.268750000000233,0.45,15
1919,6607,8.268750000000233,0.45,15
1920,6608,8.268750000000233,0.45,15
1921,6609,8.268750000000233,0.45,15
1922,6610,8.268750000000233,0.45,15
1923,6611,8.268750000000233,0.45,15
1924,6612,8.268750000000233,0.45,15
1925,6613,8.268750000000233,0.45,15
1926,6614,8.268750000000233,0.45,15
1927,6615,8.268750000000233,0.45,15
1928,6616,8.268750000000233,0.45,15
1929,6617,8.268750000000233,0.45,15
1930,6618,8.274375000000234,0.45,-1
1931,6619,8.280000000000234,0.45,-1
1932,6620,8.285625000000234,0.45,-1
1933,6621,8.291250000000234,0.45,-1
1934,6622,8.296875000000234,0.45,-1
1935,6623,8.302500000000235,0.45,-1
1936,6624,8.308125000000235,0.45,-1
1937,6625,8.313750000000235,0.45,-1
1938,6626,8.319375000000235,0.45,-1
1939,6627,8.325000000000236,0.45,-1
1940,6628,8.330625000000236,0.45,-1
1941,6629,8.336250000000236,0.45,-1
1942,6630,8.341875000000236,0.45,-1
1943,6631,8.347500000000236,0.45,-1
1944,6632,8.353125000000237,0.45,-1
1945,6633,8.358750000000237,0.45,-1
1946,6634,8.364375000000237,0.45,-1
1947,6635,8.370000000000237,0.45,-1
1948,6636,8.375625000000237,0.45,-1
1949,6637,8.381250000000238,0.45,-1
1950,6638,8.386875000000238,0.45,-1
1951,6639,8.392500000000238,0.45,-1
1952,6640,8.398125000000238,0.45,-1
1953,6641,8.403750000000239,0.45,-1
1954,6642,8.409375000000239,0.45,-1
1955,6643,8.415000000000239,0.45,-1
1956,6644,8.42062500000024,0.45,-1
1957,6645,8.42625000000024,0.45,-1
1958,6646,8.43187500000024,0.45,-1
1959,6647,8.43750000000024,0.45,-1
1960,6648,8.44312500000024,0.45,-1
1961,6649,8.44875000000024,0.45,-1
1962,6650,8.45437500000024,0.45,-1
1963,6651,8.46000000000024,0.45,-1
1964,6652,8.46562500000024,0.45,-1
1965,6653,8.471250000000241,0.45,-1
1966,6654,8.476875000000241,0.45,-1
1967,6655,8.482500000000242,0.45,-1
1968,6656,8.488125000000242,0.45,-1
1969,6657,8.493750000000242,0.45,-1
1970,6658,8.499375000000242,0.45,-1
1971,6659,8.505000000000242,0.45,-1
1972,6660,8.510625000000243,0.45,-1
1973,6661,8.516250000000243,0.45,-1
1974,6662,8.521875000000243,0.45,-1
1975,6663,8.527500000000243,0.45,-1
1976,6664,8.533125000000243,0.45,-1
1977,6665,8.538750000000244,0.45,-1
1978,6666,8.544375000000244,0.45,-1
1979,6667,8.550000000000244,0.45,-1
1980,6668,8.555625000000244,0.45,-1
1981,6669,8.561250000000244,0.45,-1
1982,6670,8.566875000000245,0.45,-1
1983,6671,8.572500000000245,0.45,-1
1984,6672,8.578125000000245,0.45,-1
1985,6673,8.583750000000245,0.45,-1
1986,6674,8.589375000000246,0.45,-1
1987,6675,8.595000000000246,0.45,-1
1988,6676,8.600625000000246,0.45,-1
1989,6677,8.606250000000246,0.45,-1
1990,6678,8.611875000000246,0.45,-1
1991,6679,8.617500000000247,0.45,-1
1992,6680,8.623125000000247,0.45,-1
1993,6681,8.628750000000247,0.45,-1
1994,6682,8.634375000000247,0.45,-1
1995,6683,8.640000000000247,0.45,-1
1996,6684,8.645625000000248,0.45,-1
1997,6685,8.651250000000248,0.45,-1
1998,6686,8.656875000000248,0.45,-1
1999,6687,8.662500000000248,0.45,-1
2000,6688,8.668125000000249,0.45,-1
2001,6689,8.673750000000249,0.45,-1
2002,6690,8.679375000000249,0.45,-1
2003,6691,8.68500000000025,0.45,-1
2004,6692,8.69062500000025,0.45,-1
2005,6693,8.69625000000025,0.45,-1
2006,6694,8.70187500000025,0.45,-1
2007,6695,8.70750000000025,0.45,-1
2008,6696,8.71312500000025,0.45,-1
2009,6697,8.71875000000025,0.45,-1
2010,6698,8.72437500000025,0.45,-1
2011,6699,8.730000000000251,0.45,-1
2012,6700,8.735625000000251,0.45,-1
2013,6701,8.741250000000251,0.45,-1
2014,6702,8.746875000000252,0.45,-1
2015,6703,8.752500000000252,0.45,-1
2016,6704,8.758125000000252,0.45,-1
2017,6705,8.763750000000252,0.45,-1
2018,6706,8.769375000000252,0.45,-1
2019,6707,8.775000000000253,0.45,-1
2020,6708,8.780625000000253,0.45,-1
2021,6709,8.786250000000253,0.45,-1
2022,6710,8.791875000000253,0.45,-1
2023,6711,8.797500000000253,0.45,-1
2024,6712,8.803125000000254,0.45,-1
2025,6713,8.808750000000254,0.45,-1
2026,6714,8.814375000000254,0.45,-1
2027,6715,8.820000000000254,0.45,-1
2028,6716,8.825625000000255,0.45,-1
2029,6717,8.831250000000255,0.45,-1
2030,6718,8.836875000000255,0.45,-1
2031,6719,8.842500000000255,0.45,-1
2032,6720,8.848125000000255,0.45,-1
2033,6721,8.853750000000256,0.45,-1
2034,6722,8.859375000000256,0.45,-1
2035,6723,8.865000000000256,0.45,-1
2036,6724,8.870625000000256,0.45,-1
2037,6725,8.876250000000256,0.45,-1
2038,6726,8.881875000000257,0.45,-1
2039,6727,8.887500000000257,0.45,-1
2040,6728,8.887500000000257,0.5333333333333333,16
2041,6729,8.887500000000257,0.5333333333333333,16
2042,6730,8.887500000000257,0.5333333333333333,16
2043,6731,8.887500000000257,0.5333333333333333,16
2044,6732,8.887500000000257,0.5333333333333333,16
2045,6733,8.887500000000257,0.5333333333333333,16
2046,6734,8.887500000000257,0.5333333333333333,16
2047,6735,8.887500000000257,0.5333333333333333,16
2048,6736,8.887500000000257,0.5333333333333333,16
2049,6737,8.887500000000257,0.5333333333333333,16
2050,6738,8.887500000000257,0.5333333333333333,16
2051,6739,8.887500000000257,0.5333333333333333,16
2052,6740,8.887500000000257,0.5333333333333333,16
2053,6741,8.887500000000257,0.5333333333333333,16
2054,6742,8.887500000000257,0.5333333333333333,16
2055,6743,8.887500000000257,0.5333333333333333,16
2056,6744,8.887500000000257,0.5333333333333333,16
2057,6745,8.887500000000257,0.5333333333333333,16
2058,6746,8.887500000000257,0.5333333333333333,16
2059,6747,8.887500000000257,0.5333333333333333,16
2060,6748,8.887500000000257,0.5333333333333333,16
2061,6749,8.887500000000257,0.5333333333333333,16
2062,6750,8.887500000000257,0.5333333333333333,16
2063,6751,8.887500000000257,0.5333333333333333,16
2064,6752,8.887500000000257,0.5333333333333333,16
2065,6753,8.887500000000257,0.5333333333333333,16
2066,6754,8.887500000000257,0.5333333333333333,16
2067,6755,8.887500000000257,0.5333333333333333,16
2068,6756,8.887500000000257,0.5333333333333333,16
2069,6757,8.887500000000257,0.5333333333333333,16
2070,6758,8.887500000000257,0.5333333333333333,16
2071,6759,8.887500000000257,0.5333333333333333,16
2072,6760,8.887500000000257,0.5333333333333333,16
2073,6761,8.887500000000257,0.5333333333333333,16
2074,6762,8.887500000000257,0.5333333333333333,16
2075,6763,8.887500000000257,0.5333333333333333,16
2076,6764,8.887500000000257,0.5333333333333333,16
2077,6765,8.887500000000257,0.5333333333333333,16
2078,6766,8.887500000000257,0.5333333333333333,16
2079,6767,8.893125000000257,0.5333333333333333,-1
2080,6768,8.898750000000257,0.5333333333333333,-1
2081,6769,8.904375000000258,0.5333333333333333,-1
2082,6770,8.910000000000258,0.5333333333333333,-1
2083,6771,8.915625000000258,0.5333333333333333,-1
2084,6772,8.921250000000258,0.5333333333333333,-1
2085,6773,8.926875000000258,0.5333333333333333,-1
2086,6774,8.932500000000259,0.5333333333333333,-1
2087,6775,8.938125000000259,0.5333333333333333,-1
2088,6776,8.943750000000259,0.5333333333333333,-1
2089,6777,8.94937500000026,0.5333333333333333,-1
2090,6778,8.95500000000026,0.5333333333333333,-1
2091,6779,8.96062500000026,0.5333333333333333,-1
2092,6780,8.96625000000026,0.5333333333333333,-1
2093,6781,8.97187500000026,0.5333333333333333,-1
2094,6782,8.97750000000026,0.5333333333333333,-1
2095,6783,8.98312500000026,0.5333333333333333,-1
2096,6784,8.98875000000026,0.5333333333333333,-1
2097,6785,8.994375000000261,0.5333333333333333,-1
2098,6786,9.000000000000261,0.5333333333333333,-1
2099,6787,9.005625000000261,0.5333333333333333,-1
2100,6788,9.011250000000262,0.5333333333333333,-1
2101,6789,9.016875000000262,0.5333333333333333,-1
2102,6790,9.022500000000262,0.5333333333333333,-1
2103,6791,9.028125000000262,0.5333333333333333,-1
2104,6792,9.033750000000262,0.5333333333333333,-1
2105,6793,9.039375000000263,0.5333333333333333,-1
2106,6794,9.045000000000263,0.5333333333333333,-1
2107,6795,9.050625000000263,0.5333333333333333,-1
2108,6796,9.056250000000263,0.5333333333333333,-1
2109,6797,9.061875000000263,0.5333333333333333,-1
2110,6798,9.067500000000264,0.5333333333333333,-1
2111,6799,9.073125000000264,0.5333333333333333,-1
2112,6800,9.078750000000264,0.5333333333333333,-1
2113,6801,9.084375000000264,0.5333333333333333,-1
2114,6802,9.090000000000265,0.5333333333333333,-1
2115,6803,9.095625000000265,0.5333333333333333,-1
2116,6804,9.101250000000265,0.5333333333333333,-1
2117,6805,9.106875000000265,0.5333333333333333,-1
2118,6806,9.112500000000265,0.5333333333333333,-1
2119,6807,9.118125000000266,0.5333333333333333,-1
2120,6808,9.123750000000266,0.5333333333333333,-1
2121,6809,9.129375000000266,0.5333333333333333,-1
2122,6810,9.135000000000266,0.5333333333333333,-1
2123,6811,9.140625000000266,0.5333333333333333,-1
2124,6812,9.146250000000267,0.5333333333333333,-1
2125,6813,9.151875000000267,0.5333333333333333,-1
2126,6814,9.157500000000267,0.5333333333333333,-1
2127,6815,9.163125000000267,0.5333333333333333,-1
2128,6816,9.168750000000268,0.5333333333333333,-1
2129,6817,9.174375000000268,0.5333333333333333,-1
2130,6818,9.180000000000268,0.5333333333333333,-1
2131,6819,9.185625000000268,0.5333333333333333,-1
2132,6820,9.191250000000268,0.5333333333333333,-1
2133,6821,9.196875000000269,0.5333333333333333,-1
2134,6822,9.202500000000269,0.5333333333333333,-1
2135,6823,9.208125000000269,0.5333333333333333,-1
2136,6824,9.21375000000027,0.5333333333333333,-1
2137,6825,9.21937500000027,0.5333333333333333,-1
2138,6826,9.22500000000027,0.5333333333333333,-1
2139,6827,9.23062500000027,0.5333333333333333,-1
2140,6828,9.23625000000027,0.5333333333333333,-1
2141,6829,9.24187500000027,0.5333333333333333,-1
2142,6830,9.24750000000027,0.5333333333333333,-1
2143,6831,9.25312500000027,0.5333333333333333,-1
2144,6832,9.258750000000271,0.5333333333333333,-1
2145,6833,9.264375000000271,0.5333333333333333,-1
2146,6834,9.270000000000271,0.5333333333333333,-1
2147,6835,9.275625000000272,0.5333333333333333,-1
2148,6836,9.281250000000272,0.5333333333333333,-1
2149,6837,9.286875000000272,0.5333333333333333,-1
2150,6838,9.292500000000272,0.5333333333333333,-1
2151,6839,9.298125000000272,0.5333333333333333,-1
2152,6840,9.303750000000273,0.5333333333333333,-1
2153,6841,9.309375000000273,0.5333333333333333,-1
2154,6842,9.315000000000273,0.5333333333333333,-1
2155,6843,9.320625000000273,0.5333333333333333,-1
2156,6844,9.326250000000273,0.5333333333333333,-1
2157,6845,9.331875000000274,0.5333333333333333,-1
2158,6846,9.337500000000274,0.5333333333333333,-1
2159,6847,9.343125000000274,0.5333333333333333,-1
2160,6848,9.348750000000274,0.5333333333333333,-1
2161,6849,9.354375000000275,0.5333333333333333,-1
2162,6850,9.354375000000275,0.65,17
2163,6851,9.354375000000275,0.65,17
2164,6852,9.354375000000275,0.65,17
2165,6853,9.354375000000275,0.65,17
2166,6854,9.354375000000275,0.65,17
2167,6855,9.354375000000275,0.65,17
2168,6856,9.354375000000275,0.65,17
2169,6857,9.354375000000275,0.65,17
2170,6858,9.354375000000275,0.65,17
2171,6859,9.354375000000275,0.65,17
2172,6860,9.354375000000275,0.65,17
2173,6861,9.354375000000275,0.65,17
2174,6862,9.354375000000275,0.65,17
2175,6863,9.354375000000275,0.65,17
2176,6864,9.354375000000275,0.65,17
2177,6865,9.354375000000275,0.65,17
2178,6866,9.354375000000275,0.65,17
2179,6867,9.354375000000275,0.65,17
2180,6868,9.354375000000275,0.65,17
2181,6869,9.354375000000275,0.65,17
2182,6870,9.354375000000275,0.65,17
2183,6871,9.354375000000275,0.65,17
2184,6872,9.354375000000275,0.65,17
2185,6873,9.354375000000275,0.65,17
2186,6874,9.354375000000275,0.65,17
2187,6875,9.354375000000275,0.65,17
2188,6876,9.354375000000275,0.65,17
2189,6877,9.354375000000275,0.65,17
2190,6878,9.354375000000275,0.65,17
2191,6879,9.354375000000275,0.65,17
2192,6880,9.354375000000275,0.65,17
2193,6881,9.354375000000275,0.65,17
2194,6882,9.354375000000275,0.65,17
2195,6883,9.354375000000275,0.65,17
2196,6884,9.354375000000275,0.65,17
2197,6885,9.354375000000275,0.65,17
2198,6886,9.354375000000275,0.65,17
2199,6887,9.354375000000275,0.65,17
2200,6888,9.354375000000275,0.65,17
2201,6889,9.354375000000275,0.65,17
2202,6890,9.354375000000275,0.65,17
2203,6891,9.354375000000275,0.65,17
2204,6892,9.354375000000275,0.65,17
2205,6893,9.354375000000275,0.65,17
2206,6894,9.354375000000275,0.65,17
2207,6895,9.354375000000275,0.65,17
2208,6896,9.354375000000275,0.65,17
2209,6897,9.354375000000275,0.65,17
2210,6898,9.354375000000275,0.65,17
2211,6899,9.354375000000275,0.65,17
2212,6900,9.354375000000275,0.65,17
2213,6901,9.360000000000275,0.65,-1
2214,6902,9.365625000000275,0.65,-1
2215,6903,9.371250000000275,0.65,-1
2216,6904,9.376875000000275,0.65,-1
2217,6905,9.382500000000276,0.65,-1
2218,6906,9.388125000000276,0.65,-1
2219,6907,9.393750000000276,0.65,-1
2220,6908,9.399375000000276,0.65,-1
2221,6909,9.405000000000276,0.65,-1
2222,6910,9.410625000000277,0.65,-1
2223,6911,9.416250000000277,0.65,-1
2224,6912,9.421875000000277,0.65,-1
2225,6913,9.427500000000277,0.65,-1
2226,6914,9.433125000000278,0.65,-1
2227,6915,9.438750000000278,0.65,-1
2228,6916,9.444375000000278,0.65,-1
2229,6917,9.450000000000278,0.65,-1
2230,6918,9.455625000000278,0.65,-1
2231,6919,9.461250000000279,0.65,-1
2232,6920,9.466875000000279,0.65,-1
2233,6921,9.472500000000279,0.65,-1
2234,6922,9.47812500000028,0.65,-1
2235,6923,9.48375000000028,0.65,-1
2236,6924,9.48937500000028,0.65,-1
2237,6925,9.49500000000028,0.65,-1
2238,6926,9.50062500000028,0.65,-1
2239,6927,9.50625000000028,0.65,-1
2240,6928,9.51187500000028,0.65,-1
2241,6929,9.51750000000028,0.65,-1
2242,6930,9.523125000000281,0.65,-1
2243,6931,9.528750000000281,0.65,-1
2244,6932,9.534375000000281,0.65,-1
2245,6933,9.540000000000282,0.65,-1
2246,6934,9.545625000000282,0.65,-1
2247,6935,9.551250000000282,0.65,-1
2248,6936,9.556875000000282,0.65,-1
2249,6937,9.562500000000282,0.65,-1
2250,6938,9.568125000000283,0.65,-1
2251,6939,9.573750000000283,0.65,-1
2252,6940,9.579375000000283,0.65,-1
2253,6941,9.585000000000283,0.65,-1
2254,6942,9.590625000000284,0.65,-1
2255,6943,9.596250000000284,0.65,-1
2256,6944,9.601875000000284,0.65,-1
2257,6945,9.607500000000284,0.65,-1
2258,6946,9.613125000000284,0.65,-1
2259,6947,9.618750000000285,0.65,-1
2260,6948,9.624375000000285,0.65,-1
2261,6949,9.630000000000285,0.65,-1
2262,6950,9.635625000000285,0.65,-1
2263,6951,9.641250000000285,0.65,-1
2264,6952,9.646875000000286,0.65,-1
2265,6953,9.652500000000286,0.65,-1
2266,6954,9.658125000000286,0.65,-1
2267,6955,9.663750000000286,0.65,-1
2268,6956,9.669375000000286,0.65,-1
2269,6957,9.675000000000287,0.65,-1
2270,6958,9.680625000000287,0.65,-1
2271,6959,9.686250000000287,0.65,-1
2272,6960,9.691875000000287,0.65,-1
2273,6961,9.697500000000288,0.65,-1
2274,6962,9.703125000000288,0.65,-1
2275,6963,9.708750000000288,0.65,-1
2276,6964,9.714375000000288,0.65,-1
2277,6965,9.720000000000288,0.65,-1
2278,6966,9.725625000000289,0.65,-1
2279,6967,9.731250000000289,0.65,-1
2280,6968,9.736875000000289,0.65,-1
2281,6969,9.74250000000029,0.65,-1
2282,6970,9.74812500000029,0.65,-1
2283,6971,9.75375000000029,0.65,-1
2284,6972,9.75937500000029,0.65,-1
2285,6973,9.76500000000029,0.65,-1
2286,6974,9.77062500000029,0.65,-1
2287,6975,9.77625000000029,0.65,-1
2288,6976,9.77625000000029,0.75,18
2289,6977,9.77625000000029,0.75,18
2290,6978,9.77625000000029,0.75,18
2291,6979,9.77625000000029,0.75,18
2292,6980,9.77625000000029,0.75,18
2293,6981,9.77625000000029,0.75,18
2294,6982,9.77625000000029,0.75,18
2295,6983,9.77625000000029,0.75,18
2296,6984,9.77625000000029,0.75,18
2297,6985,9.77625000000029,0.75,18
2298,6986,9.77625000000029,0.75,18
2299,6987,9.77625000000029,0.75,18
2300,6988,9.77625000000029,0.75,18
2301,6989,9.77625000000029,0.75,18
2302,6990,9.77625000000029,0.75,18
2303,6991,9.77625000000029,0.75,18
2304,6992,9.77625000000029,0.75,18
2305,6993,9.77625000000029,0.75,18
2306,6994,9.77625000000029,0.75,18
2307,6995,9.77625000000029,0.75,18
2308,6996,9.77625000000029,0.75,18
2309,6997,9.77625000000029,0.75,18
2310,6998,9.77625000000029,0.75,18
2311,6999,9.77625000000029,0.75,18
2312,7000,9.77625000000029,0.75,18
2313,7001,9.77625000000029,0.75,18
2314,7002,9.77625000000029,0.75,18
2315,7003,9.77625000000029,0.75,18
2316,7004,9.77625000000029,0.75,18
2317,7005,9.77625000000029,0.75,18
2318,7006,9.77625000000029,0.75,18
2319,7007,9.77625000000029,0.75,18
2320,7008,9.77625000000029,0.75,18
2321,7009,9.77625000000029,0.75,18
2322,7010,9.77625000000029,0.75,18
2323,7011,9.77625000000029,0.75,18
2324,7012,9.77625000000029,0.75,18
2325,7013,9.77625000000029,0.75,18
2326,7014,9.77625000000029,0.75,18
2327,7015,9.77625000000029,0.75,18
2328,7016,9.77625000000029,0.75,18
2329,7017,9.77625000000029,0.75,18
2330,7018,9.77625000000029,0.75,18
2331,7019,9.77625000000029,0.75,18
2332,7020,9.77625000000029,0.75,18
2333,7021,9.78187500000029,0.75,-1
2334,7022,9.787500000000291,0.75,-1
2335,7023,9.793125000000291,0.75,-1
2336,7024,9.798750000000291,0.75,-1
2337,7025,9.804375000000292,0.75,-1
2338,7026,9.810000000000292,0.75,-1
2339,7027,9.815625000000292,0.75,-1
2340,7028,9.821250000000292,0.75,-1
2341,7029,9.826875000000292,0.75,-1
2342,7030,9.832500000000293,0.75,-1
2343,7031,9.838125000000293,0.75,-1
2344,7032,9.843750000000293,0.75,-1
2345,7033,9.849375000000293,0.75,-1
2346,7034,9.855000000000294,0.75,-1
2347,7035,9.860625000000294,0.75,-1
2348,7036,9.866250000000294,0.75,-1
2349,7037,9.871875000000294,0.75,-1
2350,7038,9.877500000000294,0.75,-1
2351,7039,9.883125000000295,0.75,-1
2352,7040,9.888750000000295,0.75,-1
2353,7041,9.894375000000295,0.75,-1
2354,7042,9.900000000000295,0.75,-1
2355,7043,9.905625000000295,0.75,-1
2356,7044,9.911250000000296,0.75,-1
2357,7045,9.916875000000296,0.75,-1
2358,7046,9.922500000000296,0.75,-1
2359,7047,9.928125000000296,0.75,-1
2360,7048,9.933750000000297,0.75,-1
2361,7049,9.939375000000297,0.75,-1
2362,7050,9.945000000000297,0.75,-1
2363,7051,9.950625000000297,0.75,-1
2364,7052,9.956250000000297,0.75,-1
2365,7053,9.961875000000298,0.75,-1
2366,7054,9.967500000000298,0.75,-1
2367,7055,9.973125000000298,0.75,-1
2368,7056,9.978750000000298,0.75,-1
2369,7057,9.984375000000298,0.75,-1
2370,7058,9.990000000000299,0.75,-1
2371,7059,9.995625000000299,0.75,-1
2372,7060,10.001250000000299,0.75,-1
2373,7061,10.0068750000003,0.75,-1
2374,7062,10.0125000000003,0.75,-1
2375,7063,10.0181250000003,0.75,-1
2376,7064,10.0237500000003,0.75,-1
2377,7065,10.0293750000003,0.75,-1
2378,7066,10.0350000000003,0.75,-1
2379,7067,10.0406250000003,0.75,-1
2380,7068,10.0462500000003,0.75,-1
2381,7069,10.051875000000301,0.75,-1
2382,7070,10.057500000000301,0.75,-1
2383,7071,10.063125000000301,0.75,-1
2384,7072,10.068750000000302,0.75,-1
2385,7073,10.074375000000302,0.75,-1
2386,7074,10.080000000000302,0.75,-1
2387,7075,10.085625000000302,0.75,-1
2388,7076,10.091250000000302,0.75,-1
2389,7077,10.096875000000303,0.75,-1
2390,7078,10.102500000000303,0.75,-1
2391,7079,10.108125000000303,0.75,-1
2392,7080,10.113750000000303,0.75,-1
2393,7081,10.119375000000304,0.75,-1
2394,7082,10.125000000000304,0.75,-1
2395,7083,10.130625000000304,0.75,-1
2396,7084,10.136250000000304,0.75,-1
2397,7085,10.141875000000304,0.75,-1
2398,7086,10.147500000000305,0.75,-1
2399,7087,10.153125000000305,0.75,-1
2400,7088,10.158750000000305,0.75,-1
2401,7089,10.164375000000305,0.75,-1
2402,7090,10.170000000000305,0.75,-1
2403,7091,10.170000000000305,0.8583333333333333,19
2404,7092,10.170000000000305,0.8583333333333333,19
2405,7093,10.170000000000305,0.8583333333333333,19
2406,7094,10.170000000000305,0.8583333333333333,19
2407,7095,10.170000000000305,0.8583333333333333,19
2408,7096,10.170000000000305,0.8583333333333333,19
2409,7097,10.170000000000305,0.8583333333333333,19
2410,7098,10.170000000000305,0.8583333333333333,19
2411,7099,10.170000000000305,0.8583333333333333,19
2412,7100,10.170000000000305,0.8583333333333333,19
2413,7101,10.170000000000305,0.8583333333333333,19
2414,7102,10.170000000000305,0.8583333333333333,19
2415,7103,10.170000000000305,0.8583333333333333,19
2416,7104,10.170000000000305,0.8583333333333333,19
2417,7105,10.170000000000305,0.8583333333333333,19
2418,7106,10.170000000000305,0.8583333333333333,19
2419,7107,10.170000000000305,0.8583333333333333,19
2420,7108,10.170000000000305,0.8583333333333333,19
2421,7109,10.170000000000305,0.8583333333333333,19
2422,7110,10.170000000000305,0.8583333333333333,19
2423,7111,10.170000000000305,0.8583333333333333,19
2424,7112,10.170000000000305,0.8583333333333333,19
2425,7113,10.170000000000305,0.8583333333333333,19
2426,7114,10.170000000000305,0.8583333333333333,19
2427,7115,10.170000000000305,0.8583333333333333,19
2428,7116,10.170000000000305,0.8583333333333333,19
2429,7117,10.170000000000305,0.8583333333333333,19
2430,7118,10.170000000000305,0.8583333333333333,19
2431,7119,10.170000000000305,0.8583333333333333,19
2432,7120,10.170000000000305,0.8583333333333333,19
2433,7121,10.170000000000305,0.8583333333333333,19
2434,7122,10.170000000000305,0.8583333333333333,19
2435,7123,10.170000000000305,0.8583333333333333,19
2436,7124,10.170000000000305,0.8583333333333333,19
2437,7125,10.170000000000305,0.8583333333333333,19
2438,7126,10.170000000000305,0.8583333333333333,19
2439,7127,10.170000000000305,0.8583333333333333,19
2440,7128,10.170000000000305,0.8583333333333333,19
2441,7129,10.170000000000305,0.8583333333333333,19
2442,7130,10.170000000000305,0.8583333333333333,19
2443,7131,10.170000000000305,0.8583333333333333,19
2444,7132,10.170000000000305,0.8583333333333333,19
2445,7133,10.170000000000305,0.8583333333333333,19
2446,7134,10.170000000000305,0.8583333333333333,19
2447,7135,10.170000000000305,0.8583333333333333,19
2448,7136,10.170000000000305,0.8583333333333333,19
2449,7137,10.170000000000305,0.8583333333333333,19
2450,7138,10.170000000000305,0.8583333333333333,19
2451,7139,10.170000000000305,0.8583333333333333,19
2452,7140,10.170000000000305,0.8583333333333333,19
2453,7141,10.170000000000305,0.8583333333333333,19
2454,7142,10.175625000000306,0.8583333333333333,-1
2455,7143,10.181250000000306,0.8583333333333333,-1
2456,7144,10.186875000000306,0.8583333333333333,-1
2457,7145,10.192500000000306,0.8583333333333333,-1
2458,7146,10.198125000000307,0.8583333333333333,-1
2459,7147,10.203750000000307,0.8583333333333333,-1
2460,7148,10.209375000000307,0.8583333333333333,-1
2461,7149,10.215000000000307,0.8583333333333333,-1
2462,7150,10.220625000000307,0.8583333333333333,-1
2463,7151,10.226250000000308,0.8583333333333333,-1
2464,7152,10.231875000000308,0.8583333333333333,-1
2465,7153,10.237500000000308,0.8583333333333333,-1
2466,7154,10.243125000000308,0.8583333333333333,-1
2467,7155,10.248750000000308,0.8583333333333333,-1
2468,7156,10.254375000000309,0.8583333333333333,-1
2469,7157,10.260000000000309,0.8583333333333333,-1
2470,7158,10.265625000000309,0.8583333333333333,-1
2471,7159,10.27125000000031,0.8583333333333333,-1
2472,7160,10.27687500000031,0.8583333333333333,-1
2473,7161,10.28250000000031,0.8583333333333333,-1
2474,7162,10.28812500000031,0.8583333333333333,-1
2475,7163,10.29375000000031,0.8583333333333333,-1
2476,7164,10.29937500000031,0.8583333333333333,-1
2477,7165,10.30500000000031,0.8583333333333333,-1
2478,7166,10.31062500000031,0.8583333333333333,-1
2479,7167,10.316250000000311,0.8583333333333333,-1
2480,7168,10.321875000000311,0.8583333333333333,-1
2481,7169,10.327500000000311,0.8583333333333333,-1
2482,7170,10.333125000000312,0.8583333333333333,-1
2483,7171,10.338750000000312,0.8583333333333333,-1
2484,7172,10.344375000000312,0.8583333333333333,-1
2485,7173,10.350000000000312,0.8583333333333333,-1
2486,7174,10.355625000000312,0.8583333333333333,-1
2487,7175,10.361250000000313,0.8583333333333333,-1
2488,7176,10.366875000000313,0.8583333333333333,-1
2489,7177,10.372500000000313,0.8583333333333333,-1
2490,7178,10.378125000000313,0.8583333333333333,-1
2491,7179,10.383750000000314,0.8583333333333333,-1
2492,7180,10.389375000000314,0.8583333333333333,-1
2493,7181,10.395000000000314,0.8583333333333333,-1
2494,7182,10.400625000000314,0.8583333333333333,-1
2495,7183,10.406250000000314,0.8583333333333333,-1
2496,7184,10.411875000000315,0.8583333333333333,-1
2497,7185,10.417500000000315,0.8583333333333333,-1
2498,7186,10.423125000000315,0.8583333333333333,-1
2499,7187,10.428750000000315,0.8583333333333333,-1
2500,7188,10.434375000000315,0.8583333333333333,-1
2501,7189,10.440000000000316,0.8583333333333333,-1
2502,7190,10.445625000000316,0.8583333333333333,-1
2503,7191,10.451250000000316,0.8583333333333333,-1
2504,7192,10.456875000000316,0.8583333333333333,-1
2505,7193,10.462500000000317,0.8583333333333333,-1
2506,7194,10.468125000000317,0.8583333333333333,-1
2507,7195,10.473750000000317,0.8583333333333333,-1
2508,7196,10.479375000000317,0.8583333333333333,-1
2509,7197,10.485000000000317,0.8583333333333333,-1
2510,7198,10.490625000000318,0.8583333333333333,-1
2511,7199,10.496250000000318,0.8583333333333333,-1
2512,7200,10.501875000000318,0.8583333333333333,-1
2513,7201,10.507500000000318,0.8583333333333333,-1
2514,7202,10.513125000000318,0.8583333333333333,-1
2515,7203,10.518750000000319,0.8583333333333333,-1
2516,7204,10.524375000000319,0.8583333333333333,-1
2517,7205,10.530000000000319,0.8583333333333333,-1
2518,7206,10.53562500000032,0.8583333333333333,-1
2519,7207,10.54125000000032,0.8583333333333333,-1
2520,7208,10.54687500000032,0.8583333333333333,-1
2521,7209,10.55250000000032,0.8583333333333333,-1
2522,7210,10.55812500000032,0.8583333333333333,-1
2523,7211,10.56375000000032,0.8583333333333333,-1
2524,7212,10.56937500000032,0.8583333333333333,-1
2525,7213,10.57500000000032,0.8583333333333333,-1
2526,7214,10.580625000000321,0.8583333333333333,-1
2527,7215,10.586250000000321,0.8583333333333333,-1
2528,7216,10.591875000000321,0.8583333333333333,-1
2529,7217,10.597500000000322,0.8583333333333333,-1
2530,7218,10.603125000000322,0.8583333333333333,-1
2531,7219,10.608750000000322,0.8583333333333333,-1
2532,7220,10.614375000000322,0.8583333333333333,-1
2533,7221,10.620000000000323,0.8583333333333333,-1
2534,7222,10.625625000000323,0.8583333333333333,-1
2535,7223,10.631250000000323,0.8583333333333333,-1
2536,7224,10.636875000000323,0.8583333333333333,-1
2537,7225,10.642500000000323,0.8583333333333333,-1
2538,7226,10.648125000000324,0.8583333333333333,-1
2539,7227,10.653750000000324,0.8583333333333333,-1
2540,7228,10.659375000000324,0.8583333333333333,-1
2541,7229,10.665000000000324,0.8583333333333333,-1
2542,7230,10.670625000000324,0.8583333333333333,-1
2543,7231,10.676250000000325,0.8583333333333333,-1
2544,7232,10.681875000000325,0.8583333333333333,-1
2545,7233,10.687500000000325,0.8583333333333333,-1
2546,7234,10.693125000000325,0.8583333333333333,-1
2547,7235,10.698750000000325,0.8583333333333333,-1
2548,7236,10.704375000000326,0.8583333333333333,-1
2549,7237,10.710000000000326,0.8583333333333333,-1
2550,7238,10.715625000000326,0.8583333333333333,-1
2551,7239,10.721250000000326,0.8583333333333333,-1
2552,7240,10.726875000000327,0.8583333333333333,-1
2553,7241,10.732500000000327,0.8583333333333333,-1
2554,7242,10.738125000000327,0.8583333333333333,-1
2555,7243,10.743750000000327,0.8583333333333333,-1
2556,7244,10.749375000000327,0.8583333333333333,-1
2557,7245,10.755000000000328,0.8583333333333333,-1
2558,7246,10.760625000000328,0.8583333333333333,-1
2559,7247,10.766250000000328,0.8583333333333333,-1
2560,7248,10.771875000000328,0.8583333333333333,-1
2561,7249,10.777500000000328,0.8583333333333333,-1
2562,7250,10.783125000000329,0.8583333333333333,-1
2563,7251,10.788750000000329,0.8583333333333333,-1
2564,7252,10.79437500000033,0.8583333333333333,-1
2565,7253,10.80000000000033,0.8583333333333333,-1
2566,7254,10.80562500000033,0.8583333333333333,-1
2567,7255,10.81125000000033,0.8583333333333333,-1
2568,7256,10.81687500000033,0.8583333333333333,-1
2569,7257,10.82250000000033,0.8583333333333333,-1
2570,7258,10.82812500000033,0.8583333333333333,-1
2571,7259,10.83375000000033,0.8583333333333333,-1
2572,7260,10.83937500000033,0.8583333333333333,-1
2573,7261,10.845000000000331,0.8583333333333333,-1
2574,7262,10.845000000000331,0.9166666666666666,20
2575,7263,10.845000000000331,0.9166666666666666,20
2576,7264,10.845000000000331,0.9166666666666666,20
2577,7265,10.845000000000331,0.9166666666666666,20
2578,7266,10.845000000000331,0.9166666666666666,20
2579,7267,10.845000000000331,0.9166666666666666,20
2580,7268,10.845000000000331,0.9166666666666666,20
2581,7269,10.845000000000331,0.9166666666666666,20
2582,7270,10.845000000000331,0.9166666666666666,20
2583,7271,10.845000000000331,0.9166666666666666,20
2584,7272,10.845000000000331,0.9166666666666666,20
2585,7273,10.845000000000331,0.9166666666666666,20
2586,7274,10.845000000000331,0.9166666666666666,20
2587,7275,10.845000000000331,0.9166666666666666,20
2588,7276,10.845000000000331,0.9166666666666666,20
2589,7277,10.845000000000331,0.9166666666666666,20
2590,7278,10.845000000000331,0.9166666666666666,20
2591,7279,10.845000000000331,0.9166666666666666,20
2592,7280,10.845000000000331,0.9166666666666666,20
2593,7281,10.845000000000331,0.9166666666666666,20
2594,7282,10.845000000000331,0.9166666666666666,20
2595,7283,10.845000000000331,0.9166666666666666,20
2596,7284,10.845000000000331,0.9166666666666666,20
2597,7285,10.845000000000331,0.9166666666666666,20
2598,7286,10.845000000000331,0.9166666666666666,20
2599,7287,10.845000000000331,0.9166666666666666,20
2600,7288,10.845000000000331,0.9166666666666666,20
2601,7289,10.845000000000331,0.9166666666666666,20
2602,7290,10.845000000000331,0.9166666666666666,20
2603,7291,10.845000000000331,0.9166666666666666,20
2604,7292,10.845000000000331,0.9166666666666666,20
2605,7293,10.845000000000331,0.9166666666666666,20
2606,7294,10.845000000000331,0.9166666666666666,20
2607,7295,10.845000000000331,0.9166666666666666,20
2608,7296,10.850625000000331,0.9166666666666666,-1
2609,7297,10.856250000000331,0.9166666666666666,-1
2610,7298,10.861875000000332,0.9166666666666666,-1
2611,7299,10.867500000000332,0.9166666666666666,-1
2612,7300,10.873125000000332,0.9166666666666666,-1
2613,7301,10.878750000000332,0.9166666666666666,-1
2614,7302,10.884375000000333,0.9166666666666666,-1
2615,7303,10.890000000000333,0.9166666666666666,-1
2616,7304,10.895625000000333,0.9166666666666666,-1
2617,7305,10.901250000000333,0.9166666666666666,-1
2618,7306,10.906875000000333,0.9166666666666666,-1
2619,7307,10.912500000000334,0.9166666666666666,-1
2620,7308,10.918125000000334,0.9166666666666666,-1
2621,7309,10.923750000000334,0.9166666666666666,-1
2622,7310,10.929375000000334,0.9166666666666666,-1
2623,7311,10.935000000000334,0.9166666666666666,-1
2624,7312,10.940625000000335,0.9166666666666666,-1
2625,7313,10.946250000000335,0.9166666666666666,-1
2626,7314,10.951875000000335,0.9166666666666666,-1
2627,7315,10.957500000000335,0.9166666666666666,-1
2628,7316,10.963125000000336,0.9166666666666666,-1
2629,7317,10.968750000000336,0.9166666666666666,-1
2630,7318,10.974375000000336,0.9166666666666666,-1
2631,7319,10.980000000000336,0.9166666666666666,-1
2632,7320,10.985625000000336,0.9166666666666666,-1
2633,7321,10.991250000000337,0.9166666666666666,-1
2634,7322,10.996875000000337,0.9166666666666666,-1
2635,7323,11.002500000000337,0.9166666666666666,-1
2636,7324,11.008125000000337,0.9166666666666666,-1
2637,7325,11.013750000000337,0.9166666666666666,-1
2638,7326,11.019375000000338,0.9166666666666666,-1
2639,7327,11.025000000000338,0.9166666666666666,-1
2640,7328,11.030625000000338,0.9166666666666666,-1
2641,7329,11.036250000000338,0.9166666666666666,-1
2642,7330,11.041875000000339,0.9166666666666666,-1
2643,7331,11.047500000000339,0.9166666666666666,-1
2644,7332,11.053125000000339,0.9166666666666666,-1
2645,7333,11.05875000000034,0.9166666666666666,-1
2646,7334,11.06437500000034,0.9166666666666666,-1
2647,7335,11.07000000000034,0.9166666666666666,-1
2648,7336,11.07562500000034,0.9166666666666666,-1
2649,7337,11.08125000000034,0.9166666666666666,-1
2650,7338,11.08687500000034,0.9166666666666666,-1
2651,7339,11.09250000000034,0.9166666666666666,-1
2652,7340,11.09812500000034,0.9166666666666666,-1
2653,7341,11.10375000000034,0.9166666666666666,-1
2654,7342,11.109375000000341,0.9166666666666666,-1
2655,7343,11.115000000000341,0.9166666666666666,-1
2656,7344,11.120625000000341,0.9166666666666666,-1
2657,7345,11.126250000000342,0.9166666666666666,-1
2658,7346,11.131875000000342,0.9166666666666666,-1
2659,7347,11.137500000000342,0.9166666666666666,-1
2660,7348,11.143125000000342,0.9166666666666666,-1
2661,7349,11.148750000000343,0.9166666666666666,-1
2662,7350,11.154375000000343,0.9166666666666666,-1
2663,7351,11.160000000000343,0.9166666666666666,-1
2664,7352,11.165625000000343,0.9166666666666666,-1
2665,7353,11.171250000000343,0.9166666666666666,-1
2666,7354,11.176875000000344,0.9166666666666666,-1
2667,7355,11.182500000000344,0.9166666666666666,-1
2668,7356,11.188125000000344,0.9166666666666666,-1
2669,7357,11.193750000000344,0.9166666666666666,-1
2670,7358,11.199375000000344,0.9166666666666666,-1
2671,7359,11.205000000000345,0.9166666666666666,-1
2672,7360,11.210625000000345,0.9166666666666666,-1
2673,7361,11.216250000000345,0.9166666666666666,-1
2674,7362,11.221875000000345,0.9166666666666666,-1
2675,7363,11.227500000000346,0.9166666666666666,-1
2676,7364,11.233125000000346,0.9166666666666666,-1
2677,7365,11.238750000000346,0.9166666666666666,-1
2678,7366,11.244375000000346,0.9166666666666666,-1
2679,7367,11.250000000000346,0.9166666666666666,-1
2680,7368,11.255625000000347,0.9166666666666666,-1
2681,7369,11.261250000000347,0.9166666666666666,-1
2682,7370,11.266875000000347,0.9166666666666666,-1
2683,7371,11.272500000000347,0.9166666666666666,-1
2684,7372,11.278125000000347,0.9166666666666666,-1
2685,7373,11.283750000000348,0.9166666666666666,-1
2686,7374,11.289375000000348,0.9166666666666666,-1
2687,7375,11.295000000000348,0.9166666666666666,-1
2688,7376,11.300625000000348,0.9166666666666666,-1
2689,7377,11.306250000000349,0.9166666666666666,-1
2690,7378,11.311875000000349,0.9166666666666666,-1
2691,7379,11.317500000000349,0.9166666666666666,-1
2692,7380,11.32312500000035,0.9166666666666666,-1
2693,7381,11.32875000000035,0.9166666666666666,-1
2694,7382,11.33437500000035,0.9166666666666666,-1
2695,7383,11.34000000000035,0.9166666666666666,-1
2696,7384,11.34562500000035,0.9166666666666666,-1
2697,7385,11.35125000000035,0.9166666666666666,-1
2698,7386,11.35687500000035,0.9166666666666666,-1
2699,7387,11.36250000000035,0.9166666666666666,-1
2700,7388,11.36812500000035,0.9166666666666666,-1
2701,7389,11.373750000000351,0.9166666666666666,-1
2702,7390,11.379375000000351,0.9166666666666666,-1
2703,7391,11.385000000000352,0.9166666666666666,-1
2704,7392,11.390625000000352,0.9166666666666666,-1
2705,7393,11.396250000000352,0.9166666666666666,-1
2706,7394,11.401875000000352,0.9166666666666666,-1
2707,7395,11.407500000000352,0.9166666666666666,-1
2708,7396,11.413125000000353,0.9166666666666666,-1
2709,7397,11.418750000000353,0.9166666666666666,-1
2710,7398,11.424375000000353,0.9166666666666666,-1
2711,7399,11.430000000000353,0.9166666666666666,-1
2712,7400,11.435625000000353,0.9166666666666666,-1
2713,7401,11.441250000000354,0.9166666666666666,-1
2714,7402,11.446875000000354,0.9166666666666666,-1
2715,7403,11.452500000000354,0.9166666666666666,-1
2716,7404,11.458125000000354,0.9166666666666666,-1
2717,7405,11.463750000000354,0.9166666666666666,-1
2718,7406,11.469375000000355,0.9166666666666666,-1
2719,7407,11.475000000000355,0.9166666666666666,-1
2720,7408,11.480625000000355,0.9166666666666666,-1
2721,7409,11.486250000000355,0.9166666666666666,-1
2722,7410,11.491875000000356,0.9166666666666666,-1
2723,7411,11.497500000000356,0.9166666666666666,-1
2724,7412,11.497500000000356,0.9583333333333334,21
2725,7413,11.497500000000356,0.9583333333333334,21
2726,7414,11.497500000000356,0.9583333333333334,21
2727,7415,11.497500000000356,0.9583333333333334,21
2728,7416,11.497500000000356,0.9583333333333334,21
2729,7417,11.497500000000356,0.9583333333333334,21
2730,7418,11.497500000000356,0.9583333333333334,21
2731,7419,11.497500000000356,0.9583333333333334,21
2732,7420,11.497500000000356,0.9583333333333334,21
2733,7421,11.497500000000356,0.9583333333333334,21
2734,7422,11.497500000000356,0.9583333333333334,21
2735,7423,11.497500000000356,0.9583333333333334,21
2736,7424,11.497500000000356,0.9583333333333334,21
2737,7425,11.497500000000356,0.9583333333333334,21
2738,7426,11.497500000000356,0.9583333333333334,21
2739,7427,11.497500000000356,0.9583333333333334,21
2740,7428,11.497500000000356,0.9583333333333334,21
2741,7429,11.497500000000356,0.9583333333333334,21
2742,7430,11.497500000000356,0.9583333333333334,21
2743,7431,11.497500000000356,0.9583333333333334,21
2744,7432,11.497500000000356,0.9583333333333334,21
2745,7433,11.497500000000356,0.9583333333333334,21
2746,7434,11.497500000000356,0.9583333333333334,21
2747,7435,11.497500000000356,0.9583333333333334,21
2748,7436,11.497500000000356,0.9583333333333334,21
2749,7437,11.497500000000356,0.9583333333333334,21
2750,7438,11.497500000000356,0.9583333333333334,21
2751,7439,11.497500000000356,0.9583333333333334,21
2752,7440,11.497500000000356,0.9583333333333334,21
2753,7441,11.497500000000356,0.9583333333333334,21
2754,7442,11.497500000000356,0.9583333333333334,21
2755,7443,11.497500000000356,0.9583333333333334,21
2756,7444,11.497500000000356,0.9583333333333334,21
2757,7445,11.497500000000356,0.9583333333333334,21
2758,7446,11.497500000000356,0.9583333333333334,21
2759,7447,11.497500000000356,0.9583333333333334,21
2760,7448,11.497500000000356,0.9583333333333334,21
2761,7449,11.497500000000356,0.9583333333333334,21
2762,7450,11.497500000000356,0.9583333333333334,21
2763,7451,11.497500000000356,0.9583333333333334,21
2764,7452,11.497500000000356,0.9583333333333334,21
2765,7453,11.497500000000356,0.9583333333333334,21
2766,7454,11.497500000000356,0.9583333333333334,21
2767,7455,11.497500000000356,0.9583333333333334,21
2768,7456,11.497500000000356,0.9583333333333334,21
2769,7457,11.497500000000356,0.9583333333333334,21
2770,7458,11.497500000000356,0.9583333333333334,21
2771,7459,11.497500000000356,0.9583333333333334,21
2772,7460,11.497500000000356,0.9583333333333334,21
2773,7461,11.497500000000356,0.9583333333333334,21
2774,7462,11.503125000000356,0.9583333333333334,-1
2775,7463,11.508750000000356,0.9583333333333334,-1
2776,7464,11.514375000000356,0.9583333333333334,-1
2777,7465,11.520000000000357,0.9583333333333334,-1
2778,7466,11.525625000000357,0.9583333333333334,-1
2779,7467,11.531250000000357,0.9583333333333334,-1
2780,7468,11.536875000000357,0.9583333333333334,-1
2781,7469,11.542500000000357,0.9583333333333334,-1
2782,7470,11.548125000000358,0.9583333333333334,-1
2783,7471,11.553750000000358,0.9583333333333334,-1
2784,7472,11.559375000000358,0.9583333333333334,-1
2785,7473,11.565000000000358,0.9583333333333334,-1
2786,7474,11.570625000000359,0.9583333333333334,-1
2787,7475,11.576250000000359,0.9583333333333334,-1
2788,7476,11.581875000000359,0.9583333333333334,-1
2789,7477,11.58750000000036,0.9583333333333334,-1
2790,7478,11.59312500000036,0.9583333333333334,-1
2791,7479,11.59875000000036,0.9583333333333334,-1
2792,7480,11.60437500000036,0.9583333333333334,-1
2793,7481,11.61000000000036,0.9583333333333334,-1
2794,7482,11.61562500000036,0.9583333333333334,-1
2795,7483,11.62125000000036,0.9583333333333334,-1
2796,7484,11.62687500000036,0.9583333333333334,-1
2797,7485,11.63250000000036,0.9583333333333334,-1
2798,7486,11.638125000000361,0.9583333333333334,-1
2799,7487,11.643750000000361,0.9583333333333334,-1
2800,7488,11.649375000000362,0.9583333333333334,-1
2801,7489,11.655000000000362,0.9583333333333334,-1
2802,7490,11.660625000000362,0.9583333333333334,-1
2803,7491,11.666250000000362,0.9583333333333334,-1
2804,7492,11.671875000000362,0.9583333333333334,-1
2805,7493,11.677500000000363,0.9583333333333334,-1
2806,7494,11.683125000000363,0.9583333333333334,-1
2807,7495,11.688750000000363,0.9583333333333334,-1
2808,7496,11.694375000000363,0.9583333333333334,-1
2809,7497,11.700000000000363,0.9583333333333334,-1
2810,7498,11.705625000000364,0.9583333333333334,-1
2811,7499,11.711250000000364,0.9583333333333334,-1
2812,7500,11.716875000000364,0.9583333333333334,-1
2813,7501,11.722500000000364,0.9583333333333334,-1
2814,7502,11.728125000000365,0.9583333333333334,-1
2815,7503,11.733750000000365,0.9583333333333334,-1
2816,7504,11.739375000000365,0.9583333333333334,-1
2817,7505,11.745000000000365,0.9583333333333334,-1
2818,7506,11.750625000000365,0.9583333333333334,-1
2819,7507,11.756250000000366,0.9583333333333334,-1
2820,7508,11.761875000000366,0.9583333333333334,-1
2821,7509,11.767500000000366,0.9583333333333334,-1
2822,7510,11.773125000000366,0.9583333333333334,-1
2823,7511,11.778750000000366,0.9583333333333334,-1
2824,7512,11.784375000000367,0.9583333333333334,-1
2825,7513,11.790000000000367,0.9583333333333334,-1
2826,7514,11.795625000000367,0.9583333333333334,-1
2827,7515,11.801250000000367,0.9583333333333334,-1
2828,7516,11.806875000000367,0.9583333333333334,-1
2829,7517,11.812500000000368,0.9583333333333334,-1
2830,7518,11.818125000000368,0.9583333333333334,-1
2831,7519,11.823750000000368,0.9583333333333334,-1
2832,7520,11.829375000000368,0.9583333333333334,-1
2833,7521,11.835000000000369,0.9583333333333334,-1
2834,7522,11.840625000000369,0.9583333333333334,-1
2835,7523,11.846250000000369,0.9583333333333334,-1
2836,7524,11.85187500000037,0.9583333333333334,-1
2837,7525,11.85750000000037,0.9583333333333334,-1
2838,7526,11.86312500000037,0.9583333333333334,-1
2839,7527,11.86875000000037,0.9583333333333334,-1
2840,7528,11.87437500000037,0.9583333333333334,-1
2841,7529,11.88000000000037,0.9583333333333334,-1
2842,7530,11.88562500000037,0.9583333333333334,-1
2843,7531,11.89125000000037,0.9583333333333334,-1
2844,7532,11.896875000000371,0.9583333333333334,-1
2845,7533,11.902500000000371,0.9583333333333334,-1
2846,7534,11.908125000000371,0.9583333333333334,-1
2847,7535,11.913750000000372,0.9583333333333334,-1
2848,7536,11.919375000000372,0.9583333333333334,-1
2849,7537,11.925000000000372,0.9583333333333334,-1
2850,7538,11.930625000000372,0.9583333333333334,-1
2851,7539,11.936250000000372,0.9583333333333334,-1
2852,7540,11.941875000000373,0.9583333333333334,-1
2853,7541,11.947500000000373,0.9583333333333334,-1
2854,7542,11.953125000000373,0.9583333333333334,-1
2855,7543,11.958750000000373,0.9583333333333334,-1
2856,7544,11.964375000000373,0.9583333333333334,-1
2857,7545,11.970000000000374,0.9583333333333334,-1
2858,7546,11.975625000000374,0.9583333333333334,-1
2859,7547,11.981250000000374,0.9583333333333334,-1
2860,7548,11.986875000000374,0.9583333333333334,-1
2861,7549,11.992500000000375,0.9583333333333334,-1
2862,7550,11.998125000000375,0.9583333333333334,-1
2863,7551,12.003750000000375,0.9583333333333334,-1
2864,7552,12.009375000000375,0.9583333333333334,-1
2865,7553,12.015000000000375,0.9583333333333334,-1
2866,7554,12.020625000000376,0.9583333333333334,-1
2867,7555,12.026250000000376,0.9583333333333334,-1
2868,7556,12.031875000000376,0.9583333333333334,-1
2869,7557,12.037500000000376,0.9583333333333334,-1
2870,7558,12.043125000000376,0.9583333333333334,-1
2871,7559,12.048750000000377,0.9583333333333334,-1
2872,7560,12.054375000000377,0.9583333333333334,-1
2873,7561,12.060000000000377,0.9583333333333334,-1
2874,7562,12.065625000000377,0.9583333333333334,-1
2875,7563,12.071250000000378,0.9583333333333334,-1
2876,7564,12.076875000000378,0.9583333333333334,-1
2877,7565,12.082500000000378,0.9583333333333334,-1
2878,7566,12.088125000000378,0.9583333333333334,-1
2879,7567,12.093750000000378,0.9583333333333334,-1
2880,7568,12.099375000000379,0.9583333333333334,-1
2881,7569,12.105000000000379,0.9583333333333334,-1
2882,7570,12.110625000000379,0.9583333333333334,-1
2883,7571,12.11625000000038,0.9583333333333334,-1
2884,7572,12.12187500000038,0.9583333333333334,-1
2885,7573,12.12750000000038,0.9583333333333334,-1
2886,7574,12.13312500000038,0.9583333333333334,-1
2887,7575,12.13875000000038,0.9583333333333334,-1
2888,7576,12.14437500000038,0.9583333333333334,-1
2889,7577,12.15000000000038,0.9583333333333334,-1
2890,7578,12.15562500000038,0.9583333333333334,-1
2891,7579,12.161250000000381,0.9583333333333334,-1
2892,7580,12.166875000000381,0.9583333333333334,-1
2893,7581,12.172500000000381,0.9583333333333334,-1
2894,7582,12.178125000000382,0.9583333333333334,-1
2895,7583,12.183750000000382,0.9583333333333334,-1
2896,7584,12.189375000000382,0.9583333333333334,-1
2897,7585,12.195000000000382,0.9583333333333334,-1
2898,7586,12.200625000000382,0.9583333333333334,-1
2899,7587,12.206250000000383,0.9583333333333334,-1
2900,7588,12.211875000000383,0.9583333333333334,-1
2901,7589,12.217500000000383,0.9583333333333334,-1
2902,7590,12.223125000000383,0.9583333333333334,-1
2903,7591,12.228750000000383,0.9583333333333334,-1
2904,7592,12.234375000000384,0.9583333333333334,-1
2905,7593,12.240000000000384,0.9583333333333334,-1
2906,7594,12.245625000000384,0.9583333333333334,-1
2907,7595,12.251250000000384,0.9583333333333334,-1
2908,7596,12.256875000000385,0.9583333333333334,-1
2909,7597,12.262500000000385,0.9583333333333334,-1
2910,7598,12.268125000000385,0.9583333333333334,-1
2911,7599,12.273750000000385,0.9583333333333334,-1
2912,7600,12.279375000000385,0.9583333333333334,-1
2913,7601,12.285000000000386,0.9583333333333334,-1
2914,7602,12.290625000000386,0.9583333333333334,-1
2915,7603,12.290625000000386,1.0,22
2916,7604,12.290625000000386,1.0,22
2917,7605,12.290625000000386,1.0,22
2918,7606,12.290625000000386,1.0,22
2919,7607,12.290625000000386,1.0,22
2920,7608,12.290625000000386,1.0,22
2921,7609,12.290625000000386,1.0,22
2922,7610,12.290625000000386,1.0,22
2923,7611,12.290625000000386,1.0,22
2924,7612,12.290625000000386,1.0,22
2925,7613,12.290625000000386,1.0,22
2926,7614,12.290625000000386,1.0,22
2927,7615,12.290625000000386,1.0,22
2928,7616,12.290625000000386,1.0,22
2929,7617,12.290625000000386,1.0,22
2930,7618,12.290625000000386,1.0,22
2931,7619,12.290625000000386,1.0,22
2932,7620,12.290625000000386,1.0,22
2933,7621,12.290625000000386,1.0,22
2934,7622,12.290625000000386,1.0,22
2935,7623,12.290625000000386,1.0,22
2936,7624,12.290625000000386,1.0,22
2937,7625,12.290625000000386,1.0,22
2938,7626,12.290625000000386,1.0,22
2939,7627,12.290625000000386,1.0,22
2940,7628,12.290625000000386,1.0,22
2941,7629,12.290625000000386,1.0,22
2942,7630,12.290625000000386,1.0,22
2943,7631,12.290625000000386,1.0,22
2944,7632,12.290625000000386,1.0,22
2945,7633,12.290625000000386,1.0,22
2946,7634,12.290625000000386,1.0,22
2947,7635,12.290625000000386,1.0,22
2948,7636,12.296250000000386,1.0,-1
2949,7637,12.301875000000386,1.0,-1
2950,7638,12.307500000000386,1.0,-1
2951,7639,12.313125000000387,1.0,-1
2952,7640,12.318750000000387,1.0,-1
2953,7641,12.324375000000387,1.0,-1
2954,7642,12.330000000000387,1.0,-1
2955,7643,12.335625000000388,1.0,-1
2956,7644,12.341250000000388,1.0,-1
2957,7645,12.346875000000388,1.0,-1
2958,7646,12.352500000000388,1.0,-1
2959,7647,12.358125000000388,1.0,-1
2960,7648,12.363750000000389,1.0,-1
2961,7649,12.369375000000389,1.0,-1
2962,7650,12.375000000000389,1.0,-1
2963,7651,12.38062500000039,1.0,-1
2964,7652,12.38625000000039,1.0,-1
2965,7653,12.39187500000039,1.0,-1
2966,7654,12.39750000000039,1.0,-1
2967,7655,12.40312500000039,1.0,-1
2968,7656,12.40875000000039,1.0,-1
2969,7657,12.41437500000039,1.0,-1
2970,7658,12.42000000000039,1.0,-1
2971,7659,12.425625000000391,1.0,-1
2972,7660,12.431250000000391,1.0,-1
2973,7661,12.436875000000391,1.0,-1
2974,7662,12.442500000000392,1.0,-1
2975,7663,12.448125000000392,1.0,-1
2976,7664,12.453750000000392,1.0,-1
2977,7665,12.459375000000392,1.0,-1
2978,7666,12.465000000000392,1.0,-1
2979,7667,12.470625000000393,1.0,-1
2980,7668,12.476250000000393,1.0,-1
2981,7669,12.481875000000393,1.0,-1
2982,7670,12.487500000000393,1.0,-1
2983,7671,12.493125000000393,1.0,-1
2984,7672,12.498750000000394,1.0,-1
2985,7673,12.504375000000394,1.0,-1
2986,7674,12.510000000000394,1.0,-1
2987,7675,12.515625000000394,1.0,-1
2988,7676,12.521250000000395,1.0,-1
2989,7677,12.526875000000395,1.0,-1
2990,7678,12.532500000000395,1.0,-1
2991,7679,12.538125000000395,1.0,-1
2992,7680,12.543750000000395,1.0,-1
2993,7681,12.549375000000396,1.0,-1
2994,7682,12.555000000000396,1.0,-1
2995,7683,12.560625000000396,1.0,-1
2996,7684,12.566250000000396,1.0,-1
2997,7685,12.571875000000396,1.0,-1
2998,7686,12.577500000000397,1.0,-1
2999,7687,12.583125000000397,1.0,-1
3000,7688,12.588750000000397,1.0,-1
3001,7689,12.594375000000397,1.0,-1
3002,7690,12.600000000000398,1.0,-1
3003,7691,12.605625000000398,1.0,-1
3004,7692,12.611250000000398,1.0,-1
3005,7693,12.616875000000398,1.0,-1
3006,7694,12.622500000000398,1.0,-1
3007,7695,12.628125000000399,1.0,-1
3008,7696,12.633750000000399,1.0,-1
3009,7697,12.639375000000399,1.0,-1
3010,7698,12.6450000000004,1.0,-1
3011,7699,12.6506250000004,1.0,-1
3012,7700,12.6562500000004,1.0,-1
3013,7701,12.6618750000004,1.0,-1
3014,7702,12.6675000000004,1.0,-1
3015,7703,12.6731250000004,1.0,-1
3016,7704,12.6787500000004,1.0,-1
3017,7705,12.6843750000004,1.0,-1
3018,7706,12.690000000000401,1.0,-1
3019,7707,12.695625000000401,1.0,-1
3020,7708,12.695625000000401,1.0,23
3021,7709,12.695625000000401,1.0,23
3022,7710,12.695625000000401,1.0,23
3023,7711,12.695625000000401,1.0,23
3024,7712,12.695625000000401,1.0,23
3025,7713,12.695625000000401,1.0,23
3026,7714,12.695625000000401,1.0,23
3027,7715,12.695625000000401,1.0,23
3028,7716,12.695625000000401,1.0,23
3029,7717,12.695625000000401,1.0,23
3030,7718,12.695625000000401,1.0,23
3031,7719,12.695625000000401,1.0,23
3032,7720,12.695625000000401,1.0,23
3033,7721,12.695625000000401,1.0,23
3034,7722,12.695625000000401,1.0,23
3035,7723,12.695625000000401,1.0,23
3036,7724,12.695625000000401,1.0,23
3037,7725,12.695625000000401,1.0,23
3038,7726,12.695625000000401,1.0,23
3039,7727,12.695625000000401,1.0,23
3040,7728,12.695625000000401,1.0,23
3041,7729,12.701250000000401,1.0,-1
3042,7730,12.706875000000402,1.0,-1
3043,7731,12.712500000000402,1.0,-1
3044,7732,12.718125000000402,1.0,-1
3045,7733,12.723750000000402,1.0,-1
3046,7734,12.729375000000402,1.0,-1
3047,7735,12.735000000000403,1.0,-1
3048,7736,12.740625000000403,1.0,-1
3049,7737,12.746250000000403,1.0,-1
3050,7738,12.751875000000403,1.0,-1
3051,7739,12.757500000000404,1.0,-1
3052,7740,12.763125000000404,1.0,-1
3053,7741,12.768750000000404,1.0,-1
3054,7742,12.774375000000404,1.0,-1
3055,7743,12.780000000000404,1.0,-1
3056,7744,12.785625000000405,1.0,-1
3057,7745,12.791250000000405,1.0,-1
3058,7746,12.796875000000405,1.0,-1
3059,7747,12.802500000000405,1.0,-1
3060,7748,12.808125000000405,1.0,-1
3061,7749,12.813750000000406,1.0,-1
3062,7750,12.819375000000406,1.0,-1
3063,7751,12.825000000000406,1.0,-1
3064,7752,12.830625000000406,1.0,-1
3065,7753,12.836250000000407,1.0,-1
3066,7754,12.841875000000407,1.0,-1
3067,7755,12.847500000000407,1.0,-1
3068,7756,12.853125000000407,1.0,-1
3069,7757,12.858750000000407,1.0,-1
3070,7758,12.864375000000408,1.0,-1
3071,7759,12.870000000000408,1.0,-1
3072,7760,12.875625000000408,1.0,-1
3073,7761,12.881250000000408,1.0,-1
3074,7762,12.886875000000408,1.0,-1
3075,7763,12.892500000000409,1.0,-1
3076,7764,12.898125000000409,1.0,-1
3077,7765,12.903750000000409,1.0,-1
3078,7766,12.90937500000041,1.0,-1
3079,7767,12.91500000000041,1.0,-1
3080,7768,12.92062500000041,1.0,-1
3081,7769,12.92625000000041,1.0,-1
3082,7770,12.93187500000041,1.0,-1
3083,7771,12.93750000000041,1.0,-1
3084,7772,12.94312500000041,1.0,-1
3085,7773,12.94875000000041,1.0,-1
3086,7774,12.954375000000411,1.0,-1
3087,7775,12.960000000000411,1.0,-1
3088,7776,12.965625000000411,1.0,-1
3089,7777,12.971250000000412,1.0,-1
3090,7778,12.976875000000412,1.0,-1
3091,7779,12.982500000000412,1.0,-1
3092,7780,12.988125000000412,1.0,-1
3093,7781,12.993750000000412,1.0,-1
3094,7782,12.999375000000413,1.0,-1
3095,7783,13.005000000000413,1.0,-1
3096,7784,13.010625000000413,1.0,-1
3097,7785,13.016250000000413,1.0,-1
3098,7786,13.021875000000414,1.0,-1
3099,7787,13.027500000000414,1.0,-1
3100,7788,13.033125000000414,1.0,-1
3101,7789,13.038750000000414,1.0,-1
3102,7790,13.044375000000414,1.0,-1
3103,7791,13.050000000000415,1.0,-1
3104,7792,13.055625000000415,1.0,-1
3105,7793,13.061250000000415,1.0,-1
3106,7794,13.066875000000415,1.0,-1
3107,7795,13.072500000000415,1.0,-1
3108,7796,13.078125000000416,1.0,-1
3109,7797,13.083750000000416,1.0,-1
3110,7798,13.089375000000416,1.0,-1
3111,7799,13.095000000000416,1.0,-1
3112,7800,13.100625000000417,1.0,-1
3113,7801,13.106250000000417,1.0,-1
3114,7802,13.111875000000417,1.0,-1
3115,7803,13.117500000000417,1.0,-1
3116,7804,13.123125000000417,1.0,-1
3117,7805,13.128750000000418,1.0,-1
3118,7806,13.134375000000418,1.0,-1
3119,7807,13.140000000000418,1.0,-1
3120,7808,13.145625000000418,1.0,-1
3121,7809,13.151250000000418,1.0,-1
3122,7810,13.156875000000419,1.0,-1
3123,7811,13.162500000000419,1.0,-1
3124,7812,13.168125000000419,1.0,-1
3125,7813,13.17375000000042,1.0,-1
3126,7814,13.17937500000042,1.0,-1
3127,7815,13.18500000000042,1.0,-1
3128,7816,13.19062500000042,1.0,-1
3129,7817,13.19625000000042,1.0,-1
3130,7818,13.20187500000042,1.0,-1
3131,7819,13.20750000000042,1.0,-1
3132,7820,13.21312500000042,1.0,-1
3133,7821,13.218750000000421,1.0,-1
3134,7822,13.224375000000421,1.0,-1
3135,7823,13.230000000000421,1.0,-1
3136,7824,13.235625000000422,1.0,-1
3137,7825,13.241250000000422,1.0,-1
3138,7826,13.241250000000422,1.0,24
3139,7827,13.241250000000422,1.0,24
3140,7828,13.241250000000422,1.0,24
3141,7829,13.241250000000422,1.0,24
3142,7830,13.241250000000422,1.0,24
3143,7831,13.241250000000422,1.0,24
3144,7832,13.241250000000422,1.0,24
3145,7833,13.241250000000422,1.0,24
3146,7834,13.241250000000422,1.0,24
3147,7835,13.241250000000422,1.0,24
3148,7836,13.241250000000422,1.0,24
3149,7837,13.241250000000422,1.0,24
3150,7838,13.241250000000422,1.0,24
3151,7839,13.241250000000422,1.0,24
3152,7840,13.241250000000422,1.0,24
3153,7841,13.241250000000422,1.0,24
3154,7842,13.241250000000422,1.0,24
3155,7843,13.241250000000422,1.0,24
3156,7844,13.241250000000422,1.0,24
3157,7845,13.241250000000422,1.0,24
3158,7846,13.241250000000422,1.0,24
3159,7847,13.241250000000422,1.0,24
3160,7848,13.241250000000422,1.0,24
3161,7849,13.241250000000422,1.0,24
3162,7850,13.241250000000422,1.0,24
3163,7851,13.241250000000422,1.0,24
3164,7852,13.241250000000422,1.0,24
3165,7853,13.241250000000422,1.0,24
3166,7854,13.241250000000422,1.0,24
3167,7855,13.241250000000422,1.0,24
3168,7856,13.241250000000422,1.0,24
3169,7857,13.241250000000422,1.0,24
3170,7858,13.241250000000422,1.0,24
3171,7859,13.241250000000422,1.0,24
3172,7860,13.241250000000422,1.0,24
3173,7861,13.241250000000422,1.0,24
3174,7862,13.241250000000422,1.0,24
3175,7863,13.241250000000422,1.0,24
3176,7864,13.241250000000422,1.0,24
3177,7865,13.241250000000422,1.0,24
3178,7866,13.241250000000422,1.0,24
3179,7867,13.241250000000422,1.0,24
3180,7868,13.246875000000422,1.0,-1
3181,7869,13.252500000000422,1.0,-1
3182,7870,13.258125000000422,1.0,-1
3183,7871,13.263750000000423,1.0,-1
3184,7872,13.269375000000423,1.0,-1
3185,7873,13.275000000000423,1.0,-1
3186,7874,13.280625000000423,1.0,-1
3187,7875,13.286250000000424,1.0,-1
3188,7876,13.291875000000424,1.0,-1
3189,7877,13.297500000000424,1.0,-1
3190,7878,13.303125000000424,1.0,-1
3191,7879,13.308750000000424,1.0,-1
3192,7880,13.314375000000425,1.0,-1
3193,7881,13.320000000000425,1.0,-1
3194,7882,13.325625000000425,1.0,-1
3195,7883,13.331250000000425,1.0,-1
3196,7884,13.336875000000425,1.0,-1
3197,7885,13.342500000000426,1.0,-1
3198,7886,13.348125000000426,1.0,-1
3199,7887,13.353750000000426,1.0,-1
3200,7888,13.359375000000426,1.0,-1
3201,7889,13.365000000000427,1.0,-1
3202,7890,13.370625000000427,1.0,-1
3203,7891,13.376250000000427,1.0,-1
3204,7892,13.381875000000427,1.0,-1
3205,7893,13.387500000000427,1.0,-1
3206,7894,13.393125000000428,1.0,-1
3207,7895,13.398750000000428,1.0,-1
3208,7896,13.404375000000428,1.0,-1
3209,7897,13.410000000000428,1.0,-1
3210,7898,13.415625000000428,1.0,-1
3211,7899,13.421250000000429,1.0,-1
3212,7900,13.426875000000429,1.0,-1
3213,7901,13.432500000000429,1.0,-1
3214,7902,13.43812500000043,1.0,-1
3215,7903,13.44375000000043,1.0,-1
3216,7904,13.44937500000043,1.0,-1
3217,7905,13.45500000000043,1.0,-1
3218,7906,13.46062500000043,1.0,-1
3219,7907,13.46625000000043,1.0,-1
3220,7908,13.47187500000043,1.0,-1
3221,7909,13.47750000000043,1.0,-1
3222,7910,13.483125000000431,1.0,-1
3223,7911,13.488750000000431,1.0,-1
3224,7912,13.494375000000431,1.0,-1
3225,7913,13.500000000000432,1.0,-1
3226,7914,13.505625000000432,1.0,-1
3227,7915,13.511250000000432,1.0,-1
3228,7916,13.516875000000432,1.0,-1
3229,7917,13.522500000000433,1.0,-1
3230,7918,13.528125000000433,1.0,-1
3231,7919,13.533750000000433,1.0,-1
3232,7920,13.539375000000433,1.0,-1
3233,7921,13.545000000000433,1.0,-1
3234,7922,13.550625000000434,1.0,-1
3235,7923,13.556250000000434,1.0,-1
3236,7924,13.561875000000434,1.0,-1
3237,7925,13.567500000000434,1.0,-1
3238,7926,13.573125000000434,1.0,-1
3239,7927,13.578750000000435,1.0,-1
3240,7928,13.584375000000435,1.0,-1
3241,7929,13.590000000000435,1.0,-1
3242,7930,13.595625000000435,1.0,-1
3243,7931,13.601250000000435,1.0,-1
3244,7932,13.606875000000436,1.0,-1
3245,7933,13.612500000000436,1.0,-1
3246,7934,13.618125000000436,1.0,-1
3247,7935,13.623750000000436,1.0,-1
3248,7936,13.629375000000437,1.0,-1
3249,7937,13.635000000000437,1.0,-1
3250,7938,13.640625000000437,1.0,-1
3251,7939,13.646250000000437,1.0,-1
3252,7940,13.651875000000437,1.0,-1
3253,7941,13.657500000000438,1.0,-1
3254,7942,13.663125000000438,1.0,-1
3255,7943,13.668750000000438,1.0,-1
3256,7944,13.674375000000438,1.0,-1
3257,7945,13.680000000000438,1.0,-1
3258,7946,13.685625000000439,1.0,-1
3259,7947,13.691250000000439,1.0,-1
3260,7948,13.69687500000044,1.0,-1
3261,7949,13.70250000000044,1.0,-1
3262,7950,13.70812500000044,1.0,-1
3263,7951,13.71375000000044,1.0,-1
3264,7952,13.71937500000044,1.0,-1
3265,7953,13.72500000000044,1.0,-1
3266,7954,13.73062500000044,1.0,-1
3267,7955,13.73625000000044,1.0,-1
3268,7956,13.74187500000044,1.0,-1
3269,7957,13.747500000000441,1.0,-1
3270,7958,13.753125000000441,1.0,-1
3271,7959,13.758750000000441,1.0,-1
3272,7960,13.764375000000442,1.0,-1
3273,7961,13.770000000000442,1.0,-1
3274,7962,13.775625000000442,1.0,-1
3275,7963,13.781250000000442,1.0,-1
3276,7964,13.786875000000443,1.0,-1
3277,7965,13.792500000000443,1.0,-1
3278,7966,13.798125000000443,1.0,-1
3279,7967,13.803750000000443,1.0,-1
3280,7968,13.809375000000443,1.0,-1
3281,7969,13.815000000000444,1.0,-1
3282,7970,13.820625000000444,1.0,-1
3283,7971,13.826250000000444,1.0,-1
3284,7972,13.831875000000444,1.0,-1
3285,7973,13.837500000000444,1.0,-1
3286,7974,13.843125000000445,1.0,-1
3287,7975,13.848750000000445,1.0,-1
3288,7976,13.854375000000445,1.0,-1
3289,7977,13.860000000000445,1.0,-1
3290,7978,13.865625000000446,1.0,-1
3291,7979,13.865625000000446,1.0,25
3292,7980,13.865625000000446,1.0,25
3293,7981,13.865625000000446,1.0,25
3294,7982,13.865625000000446,1.0,25
3295,7983,13.865625000000446,1.0,25
3296,7984,13.865625000000446,1.0,25
3297,7985,13.865625000000446,1.0,25
3298,7986,13.865625000000446,1.0,25
3299,7987,13.865625000000446,1.0,25
3300,7988,13.865625000000446,1.0,25
3301,7989,13.865625000000446,1.0,25
3302,7990,13.865625000000446,1.0,25
3303,7991,13.865625000000446,1.0,25
3304,7992,13.865625000000446,1.0,25
3305,7993,13.865625000000446,1.0,25
3306,7994,13.865625000000446,1.0,25
3307,7995,13.865625000000446,1.0,25
3308,7996,13.865625000000446,1.0,25
3309,7997,13.865625000000446,1.0,25
3310,7998,13.865625000000446,1.0,25
3311,7999,13.865625000000446,1.0,25
3312,8000,13.865625000000446,1.0,25
3313,8001,13.865625000000446,1.0,25
3314,8002,13.865625000000446,1.0,25
3315,8003,13.865625000000446,1.0,25
3316,8004,13.865625000000446,1.0,25
3317,8005,13.865625000000446,1.0,25
3318,8006,13.865625000000446,1.0,25
3319,8007,13.865625000000446,1.0,25
3320,8008,13.865625000000446,1.0,25
3321,8009,13.865625000000446,1.0,25
3322,8010,13.865625000000446,1.0,25
3323,8011,13.865625000000446,1.0,25
3324,8012,13.865625000000446,1.0,25
3325,8013,13.865625000000446,1.0,25
3326,8014,13.865625000000446,1.0,25
3327,8015,13.865625000000446,1.0,25
3328,8016,13.865625000000446,1.0,25
3329,8017,13.865625000000446,1.0,25
3330,8018,13.865625000000446,1.0,25
3331,8019,13.865625000000446,1.0,25
3332,8020,13.865625000000446,1.0,25
3333,8021,13.865625000000446,1.0,25
3334,8022,13.865625000000446,1.0,25
3335,8023,13.865625000000446,1.0,25
3336,8024,13.865625000000446,1.0,25
3337,8025,13.865625000000446,1.0,25
3338,8026,13.865625000000446,1.0,25
3339,8027,13.865625000000446,1.0,25
3340,8028,13.865625000000446,1.0,25
3341,8029,13.865625000000446,1.0,25
3342,8030,13.865625000000446,1.0,25
3343,8031,13.865625000000446,1.0,25
3344,8032,13.865625000000446,1.0,25
3345,8033,13.865625000000446,1.0,25
3346,8034,13.865625000000446,1.0,25
3347,8035,13.865625000000446,1.0,25
3348,8036,13.865625000000446,1.0,25
3349,8037,13.865625000000446,1.0,25
3350,8038,13.865625000000446,1.0,25
3351,8039,13.865625000000446,1.0,25
3352,8040,13.865625000000446,1.0,25
3353,8041,13.865625000000446,1.0,25
3354,8042,13.865625000000446,1.0,25
3355,8043,13.865625000000446,1.0,25
3356,8044,13.865625000000446,1.0,25
3357,8045,13.865625000000446,1.0,25
3358,8046,13.865625000000446,1.0,25
3359,8047,13.865625000000446,1.0,25
3360,8048,13.865625000000446,1.0,25
3361,8049,13.865625000000446,1.0,25
3362,8050,13.865625000000446,1.0,25
3363,8051,13.865625000000446,1.0,25
3364,8052,13.865625000000446,1.0,25
3365,8053,13.871250000000446,1.0,-1
3366,8054,13.876875000000446,1.0,-1
3367,8055,13.882500000000446,1.0,-1
3368,8056,13.888125000000446,1.0,-1
3369,8057,13.893750000000447,1.0,-1
3370,8058,13.899375000000447,1.0,-1
3371,8059,13.905000000000447,1.0,-1
3372,8060,13.910625000000447,1.0,-1
3373,8061,13.916250000000447,1.0,-1
3374,8062,13.921875000000448,1.0,-1
3375,8063,13.927500000000448,1.0,-1
3376,8064,13.933125000000448,1.0,-1
3377,8065,13.938750000000448,1.0,-1
3378,8066,13.944375000000448,1.0,-1
3379,8067,13.950000000000449,1.0,-1
3380,8068,13.955625000000449,1.0,-1
3381,8069,13.96125000000045,1.0,-1
3382,8070,13.96687500000045,1.0,-1
3383,8071,13.97250000000045,1.0,-1
3384,8072,13.97812500000045,1.0,-1
3385,8073,13.98375000000045,1.0,-1
3386,8074,13.98937500000045,1.0,-1
3387,8075,13.99500000000045,1.0,-1
3388,8076,14.00062500000045,1.0,-1
3389,8077,14.00625000000045,1.0,-1
3390,8078,14.011875000000451,1.0,-1
3391,8079,14.017500000000451,1.0,-1
3392,8080,14.023125000000451,1.0,-1
3393,8081,14.028750000000452,1.0,-1
3394,8082,14.034375000000452,1.0,-1
3395,8083,14.040000000000452,1.0,-1
3396,8084,14.045625000000452,1.0,-1
3397,8085,14.051250000000453,1.0,-1
3398,8086,14.056875000000453,1.0,-1
3399,8087,14.062500000000453,1.0,-1
3400,8088,14.068125000000453,1.0,-1
3401,8089,14.073750000000453,1.0,-1
3402,8090,14.079375000000454,1.0,-1
3403,8091,14.085000000000454,1.0,-1
3404,8092,14.090625000000454,1.0,-1
3405,8093,14.096250000000454,1.0,-1
3406,8094,14.101875000000454,1.0,-1
3407,8095,14.107500000000455,1.0,-1
3408,8096,14.113125000000455,1.0,-1
3409,8097,14.118750000000455,1.0,-1
3410,8098,14.124375000000455,1.0,-1
3411,8099,14.130000000000456,1.0,-1
3412,8100,14.135625000000456,1.0,-1
3413,8101,14.135625000000456,1.0,26
3414,8102,14.135625000000456,1.0,26
3415,8103,14.135625000000456,1.0,26
3416,8104,14.135625000000456,1.0,26
3417,8105,14.135625000000456,1.0,26
3418,8106,14.135625000000456,1.0,26
3419,8107,14.135625000000456,1.0,26
3420,8108,14.135625000000456,1.0,26
3421,8109,14.135625000000456,1.0,26
3422,8110,14.135625000000456,1.0,26
3423,8111,14.135625000000456,1.0,26
3424,8112,14.135625000000456,1.0,26
3425,8113,14.135625000000456,1.0,26
3426,8114,14.135625000000456,1.0,26
3427,8115,14.135625000000456,1.0,26
3428,8116,14.135625000000456,1.0,26
3429,8117,14.135625000000456,1.0,26
3430,8118,14.135625000000456,1.0,26
3431,8119,14.135625000000456,1.0,26
3432,8120,14.135625000000456,1.0,26
3433,8121,14.135625000000456,1.0,26
3434,8122,14.135625000000456,1.0,26
3435,8123,14.135625000000456,1.0,26
3436,8124,14.135625000000456,1.0,26
3437,8125,14.135625000000456,1.0,26
3438,8126,14.135625000000456,1.0,26
3439,8127,14.135625000000456,1.0,26
3440,8128,14.135625000000456,1.0,26
3441,8129,14.135625000000456,1.0,26
3442,8130,14.135625000000456,1.0,26
3443,8131,14.135625000000456,1.0,26
3444,8132,14.135625000000456,1.0,26
3445,8133,14.135625000000456,1.0,26
3446,8134,14.135625000000456,1.0,26
3447,8135,14.135625000000456,1.0,26
3448,8136,14.135625000000456,1.0,26
3449,8137,14.135625000000456,1.0,26
3450,8138,14.135625000000456,1.0,26
3451,8139,14.135625000000456,1.0,26
3452,8140,14.141250000000456,1.0,-1
3453,8141,14.146875000000456,1.0,-1
3454,8142,14.152500000000456,1.0,-1
3455,8143,14.158125000000457,1.0,-1
3456,8144,14.163750000000457,1.0,-1
3457,8145,14.169375000000457,1.0,-1
3458,8146,14.175000000000457,1.0,-1
3459,8147,14.180625000000457,1.0,-1
3460,8148,14.186250000000458,1.0,-1
3461,8149,14.191875000000458,1.0,-1
3462,8150,14.197500000000458,1.0,-1
3463,8151,14.203125000000458,1.0,-1
3464,8152,14.208750000000459,1.0,-1
3465,8153,14.214375000000459,1.0,-1
3466,8154,14.220000000000459,1.0,-1
3467,8155,14.22562500000046,1.0,-1
3468,8156,14.23125000000046,1.0,-1
3469,8157,14.23687500000046,1.0,-1
3470,8158,14.24250000000046,1.0,-1
3471,8159,14.24812500000046,1.0,-1
3472,8160,14.25375000000046,1.0,-1
3473,8161,14.25937500000046,1.0,-1
3474,8162,14.26500000000046,1.0,-1
3475,8163,14.27062500000046,1.0,-1
3476,8164,14.276250000000461,1.0,-1
3477,8165,14.281875000000461,1.0,-1
3478,8166,14.287500000000461,1.0,-1
3479,8167,14.293125000000462,1.0,-1
3480,8168,14.298750000000462,1.0,-1
3481,8169,14.304375000000462,1.0,-1
3482,8170,14.310000000000462,1.0,-1
3483,8171,14.315625000000463,1.0,-1
3484,8172,14.321250000000463,1.0,-1
3485,8173,14.326875000000463,1.0,-1
3486,8174,14.332500000000463,1.0,-1
3487,8175,14.338125000000463,1.0,-1
3488,8176,14.343750000000464,1.0,-1
3489,8177,14.349375000000464,1.0,-1
3490,8178,14.355000000000464,1.0,-1
3491,8179,14.360625000000464,1.0,-1
3492,8180,14.366250000000464,1.0,-1
3493,8181,14.371875000000465,1.0,-1
3494,8182,14.377500000000465,1.0,-1
3495,8183,14.383125000000465,1.0,-1
3496,8184,14.388750000000465,1.0,-1
3497,8185,14.388750000000465,1.0,27
3498,8186,14.388750000000465,1.0,27
3499,8187,14.388750000000465,1.0,27
3500,8188,14.388750000000465,1.0,27
3501,8189,14.388750000000465,1.0,27
3502,8190,14.388750000000465,1.0,27
3503,8191,14.388750000000465,1.0,27
3504,8192,14.388750000000465,1.0,27
3505,8193,14.388750000000465,1.0,27
3506,8194,14.388750000000465,1.0,27
3507,8195,14.388750000000465,1.0,27
3508,8196,14.388750000000465,1.0,27
3509,8197,14.388750000000465,1.0,27
3510,8198,14.388750000000465,1.0,27
3511,8199,14.388750000000465,1.0,27
3512,8200,14.388750000000465,1.0,27
3513,8201,14.388750000000465,1.0,27
3514,8202,14.388750000000465,1.0,27
3515,8203,14.394375000000466,1.0,-1
3516,8204,14.400000000000466,1.0,-1
3517,8205,14.405625000000466,1.0,-1
3518,8206,14.411250000000466,1.0,-1
3519,8207,14.416875000000466,1.0,-1
3520,8208,14.422500000000467,1.0,-1
3521,8209,14.428125000000467,1.0,-1
3522,8210,14.433750000000467,1.0,-1
3523,8211,14.439375000000467,1.0,-1
3524,8212,14.445000000000467,1.0,-1
3525,8213,14.450625000000468,1.0,-1
3526,8214,14.456250000000468,1.0,-1
3527,8215,14.461875000000468,1.0,-1
3528,8216,14.467500000000468,1.0,-1
3529,8217,14.473125000000469,1.0,-1
3530,8218,14.478750000000469,1.0,-1
3531,8219,14.484375000000469,1.0,-1
3532,8220,14.49000000000047,1.0,-1
3533,8221,14.49562500000047,1.0,-1
3534,8222,14.50125000000047,1.0,-1
3535,8223,14.50687500000047,1.0,-1
3536,8224,14.51250000000047,1.0,-1
3537,8225,14.51812500000047,1.0,-1
3538,8226,14.52375000000047,1.0,-1
3539,8227,14.52937500000047,1.0,-1
3540,8228,14.53500000000047,1.0,-1
3541,8229,14.540625000000471,1.0,-1
3542,8230,14.546250000000471,1.0,-1
3543,8231,14.551875000000472,1.0,-1
3544,8232,14.557500000000472,1.0,-1
3545,8233,14.563125000000472,1.0,-1
3546,8234,14.568750000000472,1.0,-1
3547,8235,14.574375000000472,1.0,-1
3548,8236,14.580000000000473,1.0,-1
3549,8237,14.585625000000473,1.0,-1
3550,8238,14.591250000000473,1.0,-1
3551,8239,14.596875000000473,1.0,-1
3552,8240,14.602500000000473,1.0,-1
3553,8241,14.608125000000474,1.0,-1
3554,8242,14.613750000000474,1.0,-1
3555,8243,14.619375000000474,1.0,-1
3556,8244,14.625000000000474,1.0,-1
3557,8245,14.630625000000475,1.0,-1
3558,8246,14.636250000000475,1.0,-1
3559,8247,14.641875000000475,1.0,-1
3560,8248,14.647500000000475,1.0,-1
3561,8249,14.653125000000475,1.0,-1
3562,8250,14.658750000000476,1.0,-1
3563,8251,14.658750000000476,0.9666666666666667,28
3564,8252,14.658750000000476,0.9666666666666667,28
3565,8253,14.658750000000476,0.9666666666666667,28
3566,8254,14.658750000000476,0.9666666666666667,28
3567,8255,14.658750000000476,0.9666666666666667,28
3568,8256,14.658750000000476,0.9666666666666667,28
3569,8257,14.658750000000476,0.9666666666666667,28
3570,8258,14.658750000000476,0.9666666666666667,28
3571,8259,14.658750000000476,0.9666666666666667,28
3572,8260,14.658750000000476,0.9666666666666667,28
3573,8261,14.658750000000476,0.9666666666666667,28
3574,8262,14.658750000000476,0.9666666666666667,28
3575,8263,14.658750000000476,0.9666666666666667,28
3576,8264,14.658750000000476,0.9666666666666667,28
3577,8265,14.658750000000476,0.9666666666666667,28
3578,8266,14.658750000000476,0.9666666666666667,28
3579,8267,14.658750000000476,0.9666666666666667,28
3580,8268,14.664375000000476,0.9666666666666667,-1
3581,8269,14.670000000000476,0.9666666666666667,-1
3582,8270,14.675625000000476,0.9666666666666667,-1
3583,8271,14.681250000000476,0.9666666666666667,-1
3584,8272,14.686875000000477,0.9666666666666667,-1
3585,8273,14.692500000000477,0.9666666666666667,-1
3586,8274,14.698125000000477,0.9666666666666667,-1
3587,8275,14.703750000000477,0.9666666666666667,-1
3588,8276,14.709375000000477,0.9666666666666667,-1
3589,8277,14.715000000000478,0.9666666666666667,-1
3590,8278,14.720625000000478,0.9666666666666667,-1
3591,8279,14.726250000000478,0.9666666666666667,-1
3592,8280,14.731875000000478,0.9666666666666667,-1
3593,8281,14.737500000000479,0.9666666666666667,-1
3594,8282,14.743125000000479,0.9666666666666667,-1
3595,8283,14.748750000000479,0.9666666666666667,-1
3596,8284,14.75437500000048,0.9666666666666667,-1
3597,8285,14.76000000000048,0.9666666666666667,-1
3598,8286,14.76562500000048,0.9666666666666667,-1
3599,8287,14.77125000000048,0.9666666666666667,-1
3600,8288,14.77687500000048,0.9666666666666667,-1
3601,8289,14.78250000000048,0.9666666666666667,-1
3602,8290,14.78812500000048,0.9666666666666667,-1
3603,8291,14.79375000000048,0.9666666666666667,-1
3604,8292,14.799375000000481,0.9666666666666667,-1
3605,8293,14.805000000000481,0.9666666666666667,-1
3606,8294,14.810625000000481,0.9666666666666667,-1
3607,8295,14.816250000000482,0.9666666666666667,-1
3608,8296,14.821875000000482,0.9666666666666667,-1
3609,8297,14.827500000000482,0.9666666666666667,-1
3610,8298,14.833125000000482,0.9666666666666667,-1
3611,8299,14.838750000000482,0.9666666666666667,-1
3612,8300,14.844375000000483,0.9666666666666667,-1
3613,8301,14.850000000000483,0.9666666666666667,-1
3614,8302,14.855625000000483,0.9666666666666667,-1
3615,8303,14.861250000000483,0.9666666666666667,-1
3616,8304,14.866875000000483,0.9666666666666667,-1
3617,8305,14.872500000000484,0.9666666666666667,-1
3618,8306,14.878125000000484,0.9666666666666667,-1
3619,8307,14.883750000000484,0.9666666666666667,-1
3620,8308,14.889375000000484,0.9666666666666667,-1
3621,8309,14.895000000000485,0.9666666666666667,-1
3622,8310,14.900625000000485,0.9666666666666667,-1
3623,8311,14.906250000000485,0.9666666666666667,-1
3624,8312,14.911875000000485,0.9666666666666667,-1
3625,8313,14.917500000000485,0.9666666666666667,-1
3626,8314,14.923125000000486,0.9666666666666667,-1
3627,8315,14.928750000000486,0.9666666666666667,-1
3628,8316,14.934375000000486,0.9666666666666667,-1
3629,8317,14.940000000000486,0.9666666666666667,-1
3630,8318,14.945625000000486,0.9666666666666667,-1
3631,8319,14.951250000000487,0.9666666666666667,-1
3632,8320,14.956875000000487,0.9666666666666667,-1
3633,8321,14.962500000000487,0.9666666666666667,-1
3634,8322,14.968125000000487,0.9666666666666667,-1
3635,8323,14.968125000000487,0.8916666666666667,29
3636,8324,14.968125000000487,0.8916666666666667,29
3637,8325,14.968125000000487,0.8916666666666667,29
3638,8326,14.968125000000487,0.8916666666666667,29
3639,8327,14.968125000000487,0.8916666666666667,29
3640,8328,14.968125000000487,0.8916666666666667,29
3641,8329,14.968125000000487,0.8916666666666667,29
3642,8330,14.968125000000487,0.8916666666666667,29
3643,8331,14.968125000000487,0.8916666666666667,29
3644,8332,14.968125000000487,0.8916666666666667,29
3645,8333,14.968125000000487,0.8916666666666667,29
3646,8334,14.968125000000487,0.8916666666666667,29
3647,8335,14.968125000000487,0.8916666666666667,29
3648,8336,14.968125000000487,0.8916666666666667,29
3649,8337,14.968125000000487,0.8916666666666667,29
3650,8338,14.968125000000487,0.8916666666666667,29
3651,8339,14.968125000000487,0.8916666666666667,29
3652,8340,14.968125000000487,0.8916666666666667,29
3653,8341,14.968125000000487,0.8916666666666667,29
3654,8342,14.968125000000487,0.8916666666666667,29
3655,8343,14.968125000000487,0.8916666666666667,29
3656,8344,14.968125000000487,0.8916666666666667,29
3657,8345,14.968125000000487,0.8916666666666667,29
3658,8346,14.968125000000487,0.8916666666666667,29
3659,8347,14.968125000000487,0.8916666666666667,29
3660,8348,14.968125000000487,0.8916666666666667,29
3661,8349,14.968125000000487,0.8916666666666667,29
3662,8350,14.968125000000487,0.8916666666666667,29
3663,8351,14.968125000000487,0.8916666666666667,29
3664,8352,14.968125000000487,0.8916666666666667,29
3665,8353,14.968125000000487,0.8916666666666667,29
3666,8354,14.968125000000487,0.8916666666666667,29
3667,8355,14.968125000000487,0.8916666666666667,29
3668,8356,14.968125000000487,0.8916666666666667,29
3669,8357,14.968125000000487,0.8916666666666667,29
3670,8358,14.968125000000487,0.8916666666666667,29
3671,8359,14.973750000000488,0.8916666666666667,-1
3672,8360,14.979375000000488,0.8916666666666667,-1
3673,8361,14.985000000000488,0.8916666666666667,-1
3674,8362,14.990625000000488,0.8916666666666667,-1
3675,8363,14.996250000000488,0.8916666666666667,-1
3676,8364,15.001875000000489,0.8916666666666667,-1
3677,8365,15.007500000000489,0.8916666666666667,-1
3678,8366,15.013125000000489,0.8916666666666667,-1
3679,8367,15.01875000000049,0.8916666666666667,-1
3680,8368,15.02437500000049,0.8916666666666667,-1
3681,8369,15.03000000000049,0.8916666666666667,-1
3682,8370,15.03562500000049,0.8916666666666667,-1
3683,8371,15.04125000000049,0.8916666666666667,-1
3684,8372,15.04687500000049,0.8916666666666667,-1
3685,8373,15.05250000000049,0.8916666666666667,-1
3686,8374,15.05812500000049,0.8916666666666667,-1
3687,8375,15.063750000000491,0.8916666666666667,-1
3688,8376,15.069375000000491,0.8916666666666667,-1
3689,8377,15.075000000000491,0.8916666666666667,-1
3690,8378,15.080625000000492,0.8916666666666667,-1
3691,8379,15.086250000000492,0.8916666666666667,-1
3692,8380,15.091875000000492,0.8916666666666667,-1
3693,8381,15.097500000000492,0.8916666666666667,-1
3694,8382,15.103125000000492,0.8916666666666667,-1
3695,8383,15.108750000000493,0.8916666666666667,-1
3696,8384,15.114375000000493,0.8916666666666667,-1
3697,8385,15.120000000000493,0.8916666666666667,-1
3698,8386,15.125625000000493,0.8916666666666667,-1
3699,8387,15.131250000000493,0.8916666666666667,-1
3700,8388,15.136875000000494,0.8916666666666667,-1
3701,8389,15.142500000000494,0.8916666666666667,-1
3702,8390,15.148125000000494,0.8916666666666667,-1
3703,8391,15.153750000000494,0.8916666666666667,-1
3704,8392,15.159375000000495,0.8916666666666667,-1
3705,8393,15.165000000000495,0.8916666666666667,-1
3706,8394,15.170625000000495,0.8916666666666667,-1
3707,8395,15.176250000000495,0.8916666666666667,-1
3708,8396,15.181875000000495,0.8916666666666667,-1
3709,8397,15.187500000000496,0.8916666666666667,-1
3710,8398,15.193125000000496,0.8916666666666667,-1
3711,8399,15.198750000000496,0.8916666666666667,-1
3712,8400,15.204375000000496,0.8916666666666667,-1
3713,8401,15.210000000000496,0.8916666666666667,-1
3714,8402,15.215625000000497,0.8916666666666667,-1
3715,8403,15.221250000000497,0.8916666666666667,-1
3716,8404,15.226875000000497,0.8916666666666667,-1
3717,8405,15.232500000000497,0.8916666666666667,-1
3718,8406,15.238125000000498,0.8916666666666667,-1
3719,8407,15.243750000000498,0.8916666666666667,-1
3720,8408,15.249375000000498,0.8916666666666667,-1
3721,8409,15.255000000000498,0.8916666666666667,-1
3722,8410,15.260625000000498,0.8916666666666667,-1
3723,8411,15.266250000000499,0.8916666666666667,-1
3724,8412,15.271875000000499,0.8916666666666667,-1
3725,8413,15.277500000000499,0.8916666666666667,-1
3726,8414,15.2831250000005,0.8916666666666667,-1
3727,8415,15.2887500000005,0.8916666666666667,-1
3728,8416,15.2943750000005,0.8916666666666667,-1
3729,8417,15.3000000000005,0.8916666666666667,-1
3730,8418,15.3056250000005,0.8916666666666667,-1
3731,8419,15.3112500000005,0.8916666666666667,-1
3732,8420,15.3168750000005,0.8916666666666667,-1
3733,8421,15.3225000000005,0.8916666666666667,-1
3734,8422,15.328125000000501,0.8916666666666667,-1
3735,8423,15.333750000000501,0.8916666666666667,-1
3736,8424,15.339375000000501,0.8916666666666667,-1
3737,8425,15.339375000000501,0.825,30
3738,8426,15.339375000000501,0.825,30
3739,8427,15.339375000000501,0.825,30
3740,8428,15.339375000000501,0.825,30
3741,8429,15.339375000000501,0.825,30
3742,8430,15.339375000000501,0.825,30
3743,8431,15.339375000000501,0.825,30
3744,8432,15.339375000000501,0.825,30
3745,8433,15.339375000000501,0.825,30
3746,8434,15.339375000000501,0.825,30
3747,8435,15.339375000000501,0.825,30
3748,8436,15.339375000000501,0.825,30
3749,8437,15.339375000000501,0.825,30
3750,8438,15.339375000000501,0.825,30
3751,8439,15.339375000000501,0.825,30
3752,8440,15.339375000000501,0.825,30
3753,8441,15.339375000000501,0.825,30
3754,8442,15.339375000000501,0.825,30
3755,8443,15.339375000000501,0.825,30
3756,8444,15.339375000000501,0.825,30
3757,8445,15.339375000000501,0.825,30
3758,8446,15.339375000000501,0.825,30
3759,8447,15.339375000000501,0.825,30
3760,8448,15.339375000000501,0.825,30
3761,8449,15.339375000000501,0.825,30
3762,8450,15.339375000000501,0.825,30
3763,8451,15.345000000000502,0.825,-1
3764,8452,15.350625000000502,0.825,-1
3765,8453,15.356250000000502,0.825,-1
3766,8454,15.361875000000502,0.825,-1
3767,8455,15.367500000000502,0.825,-1
3768,8456,15.373125000000503,0.825,-1
3769,8457,15.378750000000503,0.825,-1
3770,8458,15.384375000000503,0.825,-1
3771,8459,15.390000000000503,0.825,-1
3772,8460,15.395625000000503,0.825,-1
3773,8461,15.401250000000504,0.825,-1
3774,8462,15.406875000000504,0.825,-1
3775,8463,15.412500000000504,0.825,-1
3776,8464,15.418125000000504,0.825,-1
3777,8465,15.423750000000505,0.825,-1
3778,8466,15.429375000000505,0.825,-1
3779,8467,15.435000000000505,0.825,-1
3780,8468,15.440625000000505,0.825,-1
3781,8469,15.446250000000505,0.825,-1
3782,8470,15.451875000000506,0.825,-1
3783,8471,15.457500000000506,0.825,-1
3784,8472,15.463125000000506,0.825,-1
3785,8473,15.468750000000506,0.825,-1
3786,8474,15.474375000000506,0.825,-1
3787,8475,15.480000000000507,0.825,-1
3788,8476,15.485625000000507,0.825,-1
3789,8477,15.491250000000507,0.825,-1
3790,8478,15.496875000000507,0.825,-1
3791,8479,15.502500000000508,0.825,-1
3792,8480,15.508125000000508,0.825,-1
3793,8481,15.513750000000508,0.825,-1
3794,8482,15.519375000000508,0.825,-1
3795,8483,15.525000000000508,0.825,-1
3796,8484,15.530625000000509,0.825,-1
3797,8485,15.536250000000509,0.825,-1
3798,8486,15.541875000000509,0.825,-1
3799,8487,15.54750000000051,0.825,-1
3800,8488,15.55312500000051,0.825,-1
3801,8489,15.55875000000051,0.825,-1
3802,8490,15.56437500000051,0.825,-1
3803,8491,15.57000000000051,0.825,-1
3804,8492,15.57562500000051,0.825,-1
3805,8493,15.58125000000051,0.825,-1
3806,8494,15.58687500000051,0.825,-1
3807,8495,15.592500000000511,0.825,-1
3808,8496,15.598125000000511,0.825,-1
3809,8497,15.603750000000511,0.825,-1
3810,8498,15.609375000000512,0.825,-1
3811,8499,15.615000000000512,0.825,-1
3812,8500,15.620625000000512,0.825,-1
3813,8501,15.626250000000512,0.825,-1
3814,8502,15.631875000000512,0.825,-1
3815,8503,15.637500000000513,0.825,-1
3816,8504,15.643125000000513,0.825,-1
3817,8505,15.648750000000513,0.825,-1
3818,8506,15.654375000000513,0.825,-1
3819,8507,15.660000000000514,0.825,-1
3820,8508,15.665625000000514,0.825,-1
3821,8509,15.671250000000514,0.825,-1
3822,8510,15.676875000000514,0.825,-1
3823,8511,15.682500000000514,0.825,-1
3824,8512,15.688125000000515,0.825,-1
3825,8513,15.693750000000515,0.825,-1
3826,8514,15.699375000000515,0.825,-1
3827,8515,15.705000000000515,0.825,-1
3828,8516,15.710625000000515,0.825,-1
3829,8517,15.716250000000516,0.825,-1
3830,8518,15.721875000000516,0.825,-1
3831,8519,15.727500000000516,0.825,-1
3832,8520,15.733125000000516,0.825,-1
3833,8521,15.738750000000516,0.825,-1
3834,8522,15.744375000000517,0.825,-1
3835,8523,15.750000000000517,0.825,-1
3836,8524,15.755625000000517,0.825,-1
3837,8525,15.761250000000517,0.825,-1
3838,8526,15.766875000000518,0.825,-1
3839,8527,15.772500000000518,0.825,-1
3840,8528,15.778125000000518,0.825,-1
3841,8529,15.783750000000518,0.825,-1
3842,8530,15.789375000000518,0.825,-1
3843,8531,15.795000000000519,0.825,-1
3844,8532,15.800625000000519,0.825,-1
3845,8533,15.806250000000519,0.825,-1
3846,8534,15.81187500000052,0.825,-1
3847,8535,15.81750000000052,0.825,-1
3848,8536,15.82312500000052,0.825,-1
3849,8537,15.82875000000052,0.825,-1
3850,8538,15.83437500000052,0.825,-1
3851,8539,15.84000000000052,0.825,-1
3852,8540,15.84562500000052,0.825,-1
3853,8541,15.85125000000052,0.825,-1
3854,8542,15.856875000000521,0.825,-1
3855,8543,15.862500000000521,0.825,-1
3856,8544,15.862500000000521,0.8,31
3857,8545,15.862500000000521,0.8,31
3858,8546,15.862500000000521,0.8,31
3859,8547,15.862500000000521,0.8,31
3860,8548,15.862500000000521,0.8,31
3861,8549,15.862500000000521,0.8,31
3862,8550,15.862500000000521,0.8,31
3863,8551,15.862500000000521,0.8,31
3864,8552,15.862500000000521,0.8,31
3865,8553,15.862500000000521,0.8,31
3866,8554,15.862500000000521,0.8,31
3867,8555,15.862500000000521,0.8,31
3868,8556,15.862500000000521,0.8,31
3869,8557,15.862500000000521,0.8,31
3870,8558,15.862500000000521,0.8,31
3871,8559,15.868125000000521,0.8,-1
3872,8560,15.873750000000522,0.8,-1
3873,8561,15.879375000000522,0.8,-1
3874,8562,15.885000000000522,0.8,-1
3875,8563,15.890625000000522,0.8,-1
3876,8564,15.896250000000522,0.8,-1
3877,8565,15.901875000000523,0.8,-1
3878,8566,15.907500000000523,0.8,-1
3879,8567,15.913125000000523,0.8,-1
3880,8568,15.918750000000523,0.8,-1
3881,8569,15.924375000000524,0.8,-1
3882,8570,15.930000000000524,0.8,-1
3883,8571,15.935625000000524,0.8,-1
3884,8572,15.941250000000524,0.8,-1
3885,8573,15.946875000000524,0.8,-1
3886,8574,15.952500000000525,0.8,-1
3887,8575,15.958125000000525,0.8,-1
3888,8576,15.963750000000525,0.8,-1
3889,8577,15.969375000000525,0.8,-1
3890,8578,15.975000000000525,0.8,-1
3891,8579,15.980625000000526,0.8,-1
3892,8580,15.986250000000526,0.8,-1
3893,8581,15.991875000000526,0.8,-1
3894,8582,15.997500000000526,0.8,-1
3895,8583,16.003125000000527,0.8,-1
3896,8584,16.008750000000525,0.8,-1
3897,8585,16.014375000000523,0.8,-1
3898,8586,16.020000000000522,0.8,-1
3899,8587,16.02562500000052,0.8,-1
3900,8588,16.03125000000052,0.8,-1
3901,8589,16.036875000000517,0.8,-1
3902,8590,16.042500000000516,0.8,-1
3903,8591,16.048125000000514,0.8,-1
3904,8592,16.053750000000512,0.8,-1
3905,8593,16.05937500000051,0.8,-1
3906,8594,16.06500000000051,0.8,-1
3907,8595,16.070625000000508,0.8,-1
3908,8596,16.076250000000506,0.8,-1
3909,8597,16.081875000000505,0.8,-1
3910,8598,16.087500000000503,0.8,-1
3911,8599,16.0931250000005,0.8,-1
3912,8600,16.0987500000005,0.8,-1
3913,8601,16.1043750000005,0.8,-1
3914,8602,16.110000000000497,0.8,-1
3915,8603,16.115625000000495,0.8,-1
3916,8604,16.121250000000494,0.8,-1
3917,8605,16.126875000000492,0.8,-1
3918,8606,16.13250000000049,0.8,-1
3919,8607,16.13812500000049,0.8,-1
3920,8608,16.143750000000487,0.8,-1
3921,8609,16.149375000000486,0.8,-1
3922,8610,16.155000000000484,0.8,-1
3923,8611,16.160625000000483,0.8,-1
3924,8612,16.16625000000048,0.8,-1
3925,8613,16.17187500000048,0.8,-1
3926,8614,16.177500000000478,0.8,-1
3927,8615,16.183125000000476,0.8,-1
3928,8616,16.188750000000475,0.8,-1
3929,8617,16.194375000000473,0.8,-1
3930,8618,16.200000000000472,0.8,-1
3931,8619,16.20562500000047,0.8,-1
3932,8620,16.21125000000047,0.8,-1
3933,8621,16.216875000000467,0.8,-1
3934,8622,16.222500000000466,0.8,-1
3935,8623,16.228125000000464,0.8,-1
3936,8624,16.233750000000462,0.8,-1
3937,8625,16.23937500000046,0.8,-1
3938,8626,16.24500000000046,0.8,-1
3939,8627,16.250625000000458,0.8,-1
3940,8628,16.256250000000456,0.8,-1
3941,8629,16.261875000000455,0.8,-1
3942,8630,16.267500000000453,0.8,-1
3943,8631,16.27312500000045,0.8,-1
3944,8632,16.27875000000045,0.8,-1
3945,8633,16.28437500000045,0.8,-1
3946,8634,16.290000000000447,0.8,-1
3947,8635,16.295625000000445,0.8,-1
3948,8636,16.301250000000444,0.8,-1
3949,8637,16.306875000000442,0.8,-1
3950,8638,16.31250000000044,0.8,-1
3951,8639,16.31812500000044,0.8,-1
3952,8640,16.323750000000437,0.8,-1
3953,8641,16.329375000000436,0.8,-1
3954,8642,16.335000000000434,0.8,-1
3955,8643,16.340625000000433,0.8,-1
3956,8644,16.34625000000043,0.8,-1
3957,8645,16.35187500000043,0.8,-1
3958,8646,16.357500000000428,0.8,-1
3959,8647,16.363125000000426,0.8,-1
3960,8648,16.368750000000425,0.8,-1
3961,8649,16.374375000000423,0.8,-1
3962,8650,16.380000000000422,0.8,-1
3963,8651,16.38562500000042,0.8,-1
3964,8652,16.39125000000042,0.8,-1
3965,8653,16.396875000000417,0.8,-1
3966,8654,16.402500000000416,0.8,-1
3967,8655,16.408125000000414,0.8,-1
3968,8656,16.413750000000412,0.8,-1
3969,8657,16.41937500000041,0.8,-1
3970,8658,16.42500000000041,0.8,-1
3971,8659,16.430625000000408,0.8,-1
3972,8660,16.436250000000406,0.8,-1
3973,8661,16.441875000000405,0.8,-1
3974,8662,16.447500000000403,0.8,-1
3975,8663,16.4531250000004,0.8,-1
3976,8664,16.4587500000004,0.8,-1
3977,8665,16.4643750000004,0.8,-1
3978,8666,16.470000000000397,0.8,-1
3979,8667,16.475625000000395,0.8,-1
3980,8668,16.481250000000394,0.8,-1
3981,8669,16.486875000000392,0.8,-1
3982,8670,16.49250000000039,0.8,-1
3983,8671,16.49812500000039,0.8,-1
3984,8672,16.503750000000387,0.8,-1
3985,8673,16.509375000000386,0.8,-1
3986,8674,16.515000000000384,0.8,-1
3987,8675,16.520625000000383,0.8,-1
3988,8676,16.52625000000038,0.8,-1
3989,8677,16.53187500000038,0.8,-1
3990,8678,16.537500000000378,0.8,-1
3991,8679,16.543125000000376,0.8,-1
3992,8680,16.548750000000375,0.8,-1
3993,8681,16.554375000000373,0.8,-1
3994,8682,16.56000000000037,0.8,-1
3995,8683,16.56562500000037,0.8,-1
3996,8684,16.57125000000037,0.8,-1
3997,8685,16.576875000000367,0.8,-1
3998,8686,16.582500000000366,0.8,-1
3999,8687,16.588125000000364,0.8,-1
4000,8688,16.593750000000362,0.8,-1
4001,8689,16.59937500000036,0.8,-1
4002,8690,16.59937500000036,0.7583333333333333,32
4003,8691,16.59937500000036,0.7583333333333333,32
4004,8692,16.59937500000036,0.7583333333333333,32
4005,8693,16.59937500000036,0.7583333333333333,32
4006,8694,16.59937500000036,0.7583333333333333,32
4007,8695,16.59937500000036,0.7583333333333333,32
4008,8696,16.59937500000036,0.7583333333333333,32
4009,8697,16.59937500000036,0.7583333333333333,32
4010,8698,16.59937500000036,0.7583333333333333,32
4011,8699,16.59937500000036,0.7583333333333333,32
4012,8700,16.59937500000036,0.7583333333333333,32
4013,8701,16.59937500000036,0.7583333333333333,32
4014,8702,16.59937500000036,0.7583333333333333,32
4015,8703,16.59937500000036,0.7583333333333333,32
4016,8704,16.59937500000036,0.7583333333333333,32
4017,8705,16.59937500000036,0.7583333333333333,32
4018,8706,16.59937500000036,0.7583333333333333,32
4019,8707,16.59937500000036,0.7583333333333333,32
4020,8708,16.59937500000036,0.7583333333333333,32
4021,8709,16.59937500000036,0.7583333333333333,32
4022,8710,16.59937500000036,0.7583333333333333,32
4023,8711,16.59937500000036,0.7583333333333333,32
4024,8712,16.59937500000036,0.7583333333333333,32
4025,8713,16.59937500000036,0.7583333333333333,32
4026,8714,16.59937500000036,0.7583333333333333,32
4027,8715,16.59937500000036,0.7583333333333333,32
4028,8716,16.59937500000036,0.7583333333333333,32
4029,8717,16.59937500000036,0.7583333333333333,32
4030,8718,16.59937500000036,0.7583333333333333,32
4031,8719,16.59937500000036,0.7583333333333333,32
4032,8720,16.59937500000036,0.7583333333333333,32
4033,8721,16.59937500000036,0.7583333333333333,32
4034,8722,16.59937500000036,0.7583333333333333,32
4035,8723,16.59937500000036,0.7583333333333333,32
4036,8724,16.59937500000036,0.7583333333333333,32
4037,8725,16.59937500000036,0.7583333333333333,32
4038,8726,16.59937500000036,0.7583333333333333,32
4039,8727,16.59937500000036,0.7583333333333333,32
4040,8728,16.59937500000036,0.7583333333333333,32
4041,8729,16.59937500000036,0.7583333333333333,32
4042,8730,16.59937500000036,0.7583333333333333,32
4043,8731,16.59937500000036,0.7583333333333333,32
4044,8732,16.59937500000036,0.7583333333333333,32
4045,8733,16.59937500000036,0.7583333333333333,32
4046,8734,16.59937500000036,0.7583333333333333,32
4047,8735,16.59937500000036,0.7583333333333333,32
4048,8736,16.59937500000036,0.7583333333333333,32
4049,8737,16.59937500000036,0.7583333333333333,32
4050,8738,16.59937500000036,0.7583333333333333,32
4051,8739,16.59937500000036,0.7583333333333333,32
4052,8740,16.59937500000036,0.7583333333333333,32
4053,8741,16.59937500000036,0.7583333333333333,32
4054,8742,16.59937500000036,0.7583333333333333,32
4055,8743,16.59937500000036,0.7583333333333333,32
4056,8744,16.59937500000036,0.7583333333333333,32
4057,8745,16.59937500000036,0.7583333333333333,32
4058,8746,16.60500000000036,0.7583333333333333,-1
4059,8747,16.610625000000358,0.7583333333333333,-1
4060,8748,16.616250000000356,0.7583333333333333,-1
4061,8749,16.621875000000355,0.7583333333333333,-1
4062,8750,16.627500000000353,0.7583333333333333,-1
4063,8751,16.63312500000035,0.7583333333333333,-1
4064,8752,16.63875000000035,0.7583333333333333,-1
4065,8753,16.64437500000035,0.7583333333333333,-1
4066,8754,16.650000000000347,0.7583333333333333,-1
4067,8755,16.655625000000345,0.7583333333333333,-1
4068,8756,16.661250000000344,0.7583333333333333,-1
4069,8757,16.666875000000342,0.7583333333333333,-1
4070,8758,16.67250000000034,0.7583333333333333,-1
4071,8759,16.67812500000034,0.7583333333333333,-1
4072,8760,16.683750000000337,0.7583333333333333,-1
4073,8761,16.689375000000336,0.7583333333333333,-1
4074,8762,16.695000000000334,0.7583333333333333,-1
4075,8763,16.700625000000333,0.7583333333333333,-1
4076,8764,16.70625000000033,0.7583333333333333,-1
4077,8765,16.71187500000033,0.7583333333333333,-1
4078,8766,16.717500000000328,0.7583333333333333,-1
4079,8767,16.723125000000326,0.7583333333333333,-1
4080,8768,16.728750000000325,0.7583333333333333,-1
4081,8769,16.734375000000323,0.7583333333333333,-1
4082,8770,16.74000000000032,0.7583333333333333,-1
4083,8771,16.74562500000032,0.7583333333333333,-1
4084,8772,16.75125000000032,0.7583333333333333,-1
4085,8773,16.756875000000317,0.7583333333333333,-1
4086,8774,16.762500000000315,0.7583333333333333,-1
4087,8775,16.768125000000314,0.7583333333333333,-1
4088,8776,16.773750000000312,0.7583333333333333,-1
4089,8777,16.77937500000031,0.7583333333333333,-1
4090,8778,16.78500000000031,0.7583333333333333,-1
4091,8779,16.790625000000308,0.7583333333333333,-1
4092,8780,16.796250000000306,0.7583333333333333,-1
4093,8781,16.801875000000305,0.7583333333333333,-1
4094,8782,16.807500000000303,0.7583333333333333,-1
4095,8783,16.8131250000003,0.7583333333333333,-1
4096,8784,16.8187500000003,0.7583333333333333,-1
4097,8785,16.8243750000003,0.7583333333333333,-1
4098,8786,16.830000000000297,0.7583333333333333,-1
4099,8787,16.835625000000295,0.7583333333333333,-1
4100,8788,16.841250000000294,0.7583333333333333,-1
4101,8789,16.846875000000292,0.7583333333333333,-1
4102,8790,16.85250000000029,0.7583333333333333,-1
4103,8791,16.85812500000029,0.7583333333333333,-1
4104,8792,16.863750000000287,0.7583333333333333,-1
4105,8793,16.869375000000286,0.7583333333333333,-1
4106,8794,16.875000000000284,0.7583333333333333,-1
4107,8795,16.880625000000283,0.7583333333333333,-1
4108,8796,16.88625000000028,0.7583333333333333,-1
4109,8797,16.89187500000028,0.7583333333333333,-1
4110,8798,16.897500000000278,0.7583333333333333,-1
4111,8799,16.903125000000276,0.7583333333333333,-1
4112,8800,16.908750000000275,0.7583333333333333,-1
4113,8801,16.914375000000273,0.7583333333333333,-1
4114,8802,16.92000000000027,0.7583333333333333,-1
4115,8803,16.92562500000027,0.7583333333333333,-1
4116,8804,16.93125000000027,0.7583333333333333,-1
4117,8805,16.936875000000267,0.7583333333333333,-1
4118,8806,16.942500000000265,0.7583333333333333,-1
4119,8807,16.948125000000264,0.7583333333333333,-1
4120,8808,16.953750000000262,0.7583333333333333,-1
4121,8809,16.95937500000026,0.7583333333333333,-1
4122,8810,16.96500000000026,0.7583333333333333,-1
4123,8811,16.970625000000258,0.7583333333333333,-1
4124,8812,16.970625000000258,0.6583333333333333,33
4125,8813,16.970625000000258,0.6583333333333333,33
4126,8814,16.970625000000258,0.6583333333333333,33
4127,8815,16.970625000000258,0.6583333333333333,33
4128,8816,16.970625000000258,0.6583333333333333,33
4129,8817,16.970625000000258,0.6583333333333333,33
4130,8818,16.970625000000258,0.6583333333333333,33
4131,8819,16.970625000000258,0.6583333333333333,33
4132,8820,16.970625000000258,0.6583333333333333,33
4133,8821,16.970625000000258,0.6583333333333333,33
4134,8822,16.970625000000258,0.6583333333333333,33
4135,8823,16.970625000000258,0.6583333333333333,33
4136,8824,16.970625000000258,0.6583333333333333,33
4137,8825,16.970625000000258,0.6583333333333333,33
4138,8826,16.970625000000258,0.6583333333333333,33
4139,8827,16.970625000000258,0.6583333333333333,33
4140,8828,16.970625000000258,0.6583333333333333,33
4141,8829,16.970625000000258,0.6583333333333333,33
4142,8830,16.970625000000258,0.6583333333333333,33
4143,8831,16.970625000000258,0.6583333333333333,33
4144,8832,16.970625000000258,0.6583333333333333,33
4145,8833,16.970625000000258,0.6583333333333333,33
4146,8834,16.970625000000258,0.6583333333333333,33
4147,8835,16.970625000000258,0.6583333333333333,33
4148,8836,16.970625000000258,0.6583333333333333,33
4149,8837,16.970625000000258,0.6583333333333333,33
4150,8838,16.970625000000258,0.6583333333333333,33
4151,8839,16.970625000000258,0.6583333333333333,33
4152,8840,16.970625000000258,0.6583333333333333,33
4153,8841,16.976250000000256,0.6583333333333333,-1
4154,8842,16.981875000000255,0.6583333333333333,-1
4155,8843,16.987500000000253,0.6583333333333333,-1
4156,8844,16.99312500000025,0.6583333333333333,-1
4157,8845,16.99875000000025,0.6583333333333333,-1
4158,8846,17.00437500000025,0.6583333333333333,-1
4159,8847,17.010000000000247,0.6583333333333333,-1
4160,8848,17.015625000000245,0.6583333333333333,-1
4161,8849,17.021250000000244,0.6583333333333333,-1
4162,8850,17.026875000000242,0.6583333333333333,-1
4163,8851,17.03250000000024,0.6583333333333333,-1
4164,8852,17.03812500000024,0.6583333333333333,-1
4165,8853,17.043750000000237,0.6583333333333333,-1
4166,8854,17.049375000000236,0.6583333333333333,-1
4167,8855,17.055000000000234,0.6583333333333333,-1
4168,8856,17.060625000000233,0.6583333333333333,-1
4169,8857,17.06625000000023,0.6583333333333333,-1
4170,8858,17.07187500000023,0.6583333333333333,-1
4171,8859,17.077500000000228,0.6583333333333333,-1
4172,8860,17.083125000000226,0.6583333333333333,-1
4173,8861,17.088750000000225,0.6583333333333333,-1
4174,8862,17.094375000000223,0.6583333333333333,-1
4175,8863,17.10000000000022,0.6583333333333333,-1
4176,8864,17.10562500000022,0.6583333333333333,-1
4177,8865,17.11125000000022,0.6583333333333333,-1
4178,8866,17.116875000000217,0.6583333333333333,-1
4179,8867,17.122500000000215,0.6583333333333333,-1
4180,8868,17.128125000000214,0.6583333333333333,-1
4181,8869,17.133750000000212,0.6583333333333333,-1
4182,8870,17.13937500000021,0.6583333333333333,-1
4183,8871,17.14500000000021,0.6583333333333333,-1
4184,8872,17.150625000000208,0.6583333333333333,-1
4185,8873,17.156250000000206,0.6583333333333333,-1
4186,8874,17.161875000000204,0.6583333333333333,-1
4187,8875,17.167500000000203,0.6583333333333333,-1
4188,8876,17.1731250000002,0.6583333333333333,-1
4189,8877,17.1787500000002,0.6583333333333333,-1
4190,8878,17.1843750000002,0.6583333333333333,-1
4191,8879,17.190000000000197,0.6583333333333333,-1
4192,8880,17.195625000000195,0.6583333333333333,-1
4193,8881,17.201250000000194,0.6583333333333333,-1
4194,8882,17.206875000000192,0.6583333333333333,-1
4195,8883,17.21250000000019,0.6583333333333333,-1
4196,8884,17.21812500000019,0.6583333333333333,-1
4197,8885,17.223750000000187,0.6583333333333333,-1
4198,8886,17.229375000000186,0.6583333333333333,-1
4199,8887,17.235000000000184,0.6583333333333333,-1
4200,8888,17.240625000000183,0.6583333333333333,-1
4201,8889,17.24625000000018,0.6583333333333333,-1
4202,8890,17.25187500000018,0.6583333333333333,-1
4203,8891,17.257500000000178,0.6583333333333333,-1
4204,8892,17.263125000000176,0.6583333333333333,-1
4205,8893,17.268750000000175,0.6583333333333333,-1
4206,8894,17.274375000000173,0.6583333333333333,-1
4207,8895,17.28000000000017,0.6583333333333333,-1
4208,8896,17.28562500000017,0.6583333333333333,-1
4209,8897,17.29125000000017,0.6583333333333333,-1
4210,8898,17.296875000000167,0.6583333333333333,-1
4211,8899,17.302500000000165,0.6583333333333333,-1
4212,8900,17.308125000000164,0.6583333333333333,-1
4213,8901,17.313750000000162,0.6583333333333333,-1
4214,8902,17.31937500000016,0.6583333333333333,-1
4215,8903,17.32500000000016,0.6583333333333333,-1
4216,8904,17.330625000000158,0.6583333333333333,-1
4217,8905,17.336250000000156,0.6583333333333333,-1
4218,8906,17.341875000000154,0.6583333333333333,-1
4219,8907,17.347500000000153,0.6583333333333333,-1
4220,8908,17.35312500000015,0.6583333333333333,-1
4221,8909,17.35875000000015,0.6583333333333333,-1
4222,8910,17.364375000000148,0.6583333333333333,-1
4223,8911,17.370000000000147,0.6583333333333333,-1
4224,8912,17.375625000000145,0.6583333333333333,-1
4225,8913,17.381250000000144,0.6583333333333333,-1
4226,8914,17.386875000000142,0.6583333333333333,-1
4227,8915,17.39250000000014,0.6583333333333333,-1
4228,8916,17.39812500000014,0.6583333333333333,-1
4229,8917,17.403750000000137,0.6583333333333333,-1
4230,8918,17.409375000000136,0.6583333333333333,-1
4231,8919,17.415000000000134,0.6583333333333333,-1
4232,8920,17.420625000000133,0.6583333333333333,-1
4233,8921,17.42625000000013,0.6583333333333333,-1
4234,8922,17.43187500000013,0.6583333333333333,-1
4235,8923,17.437500000000128,0.6583333333333333,-1
4236,8924,17.443125000000126,0.6583333333333333,-1
4237,8925,17.448750000000125,0.6583333333333333,-1
4238,8926,17.454375000000123,0.6583333333333333,-1
4239,8927,17.46000000000012,0.6583333333333333,-1
4240,8928,17.46562500000012,0.6583333333333333,-1
4241,8929,17.47125000000012,0.6583333333333333,-1
4242,8930,17.476875000000117,0.6583333333333333,-1
4243,8931,17.482500000000115,0.6583333333333333,-1
4244,8932,17.488125000000114,0.6583333333333333,-1
4245,8933,17.493750000000112,0.6583333333333333,-1
4246,8934,17.49937500000011,0.6583333333333333,-1
4247,8935,17.50500000000011,0.6583333333333333,-1
4248,8936,17.510625000000108,0.6583333333333333,-1
4249,8937,17.516250000000106,0.6583333333333333,-1
4250,8938,17.521875000000104,0.6583333333333333,-1
4251,8939,17.527500000000103,0.6583333333333333,-1
4252,8940,17.5331250000001,0.6583333333333333,-1
4253,8941,17.5387500000001,0.6583333333333333,-1
4254,8942,17.544375000000098,0.6583333333333333,-1
4255,8943,17.550000000000097,0.6583333333333333,-1
4256,8944,17.555625000000095,0.6583333333333333,-1
4257,8945,17.561250000000094,0.6583333333333333,-1
4258,8946,17.566875000000092,0.6583333333333333,-1
4259,8947,17.57250000000009,0.6583333333333333,-1
4260,8948,17.57812500000009,0.6583333333333333,-1
4261,8949,17.583750000000087,0.6583333333333333,-1
4262,8950,17.589375000000086,0.6583333333333333,-1
4263,8951,17.595000000000084,0.6583333333333333,-1
4264,8952,17.600625000000083,0.6583333333333333,-1
4265,8953,17.60625000000008,0.6583333333333333,-1
4266,8954,17.61187500000008,0.6583333333333333,-1
4267,8955,17.61187500000008,0.5833333333333334,34
4268,8956,17.61187500000008,0.5833333333333334,34
4269,8957,17.61187500000008,0.5833333333333334,34
4270,8958,17.61187500000008,0.5833333333333334,34
4271,8959,17.61187500000008,0.5833333333333334,34
4272,8960,17.61187500000008,0.5833333333333334,34
4273,8961,17.61187500000008,0.5833333333333334,34
4274,8962,17.61187500000008,0.5833333333333334,34
4275,8963,17.61187500000008,0.5833333333333334,34
4276,8964,17.61187500000008,0.5833333333333334,34
4277,8965,17.61187500000008,0.5833333333333334,34
4278,8966,17.61187500000008,0.5833333333333334,34
4279,8967,17.61187500000008,0.5833333333333334,34
4280,8968,17.61187500000008,0.5833333333333334,34
4281,8969,17.61187500000008,0.5833333333333334,34
4282,8970,17.61187500000008,0.5833333333333334,34
4283,8971,17.61187500000008,0.5833333333333334,34
4284,8972,17.61187500000008,0.5833333333333334,34
4285,8973,17.61187500000008,0.5833333333333334,34
4286,8974,17.61187500000008,0.5833333333333334,34
4287,8975,17.61187500000008,0.5833333333333334,34
4288,8976,17.61187500000008,0.5833333333333334,34
4289,8977,17.61187500000008,0.5833333333333334,34
4290,8978,17.61187500000008,0.5833333333333334,34
4291,8979,17.61187500000008,0.5833333333333334,34
4292,8980,17.61187500000008,0.5833333333333334,34
4293,8981,17.617500000000078,0.5833333333333334,-1
4294,8982,17.623125000000076,0.5833333333333334,-1
4295,8983,17.628750000000075,0.5833333333333334,-1
4296,8984,17.634375000000073,0.5833333333333334,-1
4297,8985,17.64000000000007,0.5833333333333334,-1
4298,8986,17.64562500000007,0.5833333333333334,-1
4299,8987,17.65125000000007,0.5833333333333334,-1
4300,8988,17.656875000000067,0.5833333333333334,-1
4301,8989,17.662500000000065,0.5833333333333334,-1
4302,8990,17.668125000000064,0.5833333333333334,-1
4303,8991,17.673750000000062,0.5833333333333334,-1
4304,8992,17.67937500000006,0.5833333333333334,-1
4305,8993,17.68500000000006,0.5833333333333334,-1
4306,8994,17.690625000000058,0.5833333333333334,-1
4307,8995,17.696250000000056,0.5833333333333334,-1
4308,8996,17.701875000000054,0.5833333333333334,-1
4309,8997,17.707500000000053,0.5833333333333334,-1
4310,8998,17.71312500000005,0.5833333333333334,-1
4311,8999,17.71875000000005,0.5833333333333334,-1
4312,9000,17.724375000000048,0.5833333333333334,-1
4313,9001,17.730000000000047,0.5833333333333334,-1
4314,9002,17.735625000000045,0.5833333333333334,-1
4315,9003,17.741250000000043,0.5833333333333334,-1
4316,9004,17.746875000000042,0.5833333333333334,-1
4317,9005,17.75250000000004,0.5833333333333334,-1
4318,9006,17.75812500000004,0.5833333333333334,-1
4319,9007,17.763750000000037,0.5833333333333334,-1
4320,9008,17.769375000000036,0.5833333333333334,-1
4321,9009,17.775000000000034,0.5833333333333334,-1
4322,9010,17.780625000000033,0.5833333333333334,-1
4323,9011,17.78625000000003,0.5833333333333334,-1
4324,9012,17.79187500000003,0.5833333333333334,-1
4325,9013,17.797500000000028,0.5833333333333334,-1
4326,9014,17.803125000000026,0.5833333333333334,-1
4327,9015,17.808750000000025,0.5833333333333334,-1
4328,9016,17.814375000000023,0.5833333333333334,-1
4329,9017,17.82000000000002,0.5833333333333334,-1
4330,9018,17.82562500000002,0.5833333333333334,-1
4331,9019,17.83125000000002,0.5833333333333334,-1
4332,9020,17.836875000000017,0.5833333333333334,-1
4333,9021,17.842500000000015,0.5833333333333334,-1
4334,9022,17.848125000000014,0.5833333333333334,-1
4335,9023,17.853750000000012,0.5833333333333334,-1
4336,9024,17.85937500000001,0.5833333333333334,-1
4337,9025,17.86500000000001,0.5833333333333334,-1
4338,9026,17.870625000000008,0.5833333333333334,-1
4339,9027,17.876250000000006,0.5833333333333334,-1
4340,9028,17.881875000000004,0.5833333333333334,-1
4341,9029,17.887500000000003,0.5833333333333334,-1
4342,9030,17.893125,0.5833333333333334,-1
4343,9031,17.89875,0.5833333333333334,-1
4344,9032,17.904374999999998,0.5833333333333334,-1
4345,9033,17.909999999999997,0.5833333333333334,-1
4346,9034,17.915624999999995,0.5833333333333334,-1
4347,9035,17.921249999999993,0.5833333333333334,-1
4348,9036,17.926874999999992,0.5833333333333334,-1
4349,9037,17.93249999999999,0.5833333333333334,-1
4350,9038,17.93812499999999,0.5833333333333334,-1
4351,9039,17.943749999999987,0.5833333333333334,-1
4352,9040,17.949374999999986,0.5833333333333334,-1
4353,9041,17.954999999999984,0.5833333333333334,-1
4354,9042,17.960624999999983,0.5833333333333334,-1
4355,9043,17.96624999999998,0.5833333333333334,-1
4356,9044,17.97187499999998,0.5833333333333334,-1
4357,9045,17.977499999999978,0.5833333333333334,-1
4358,9046,17.983124999999976,0.5833333333333334,-1
4359,9047,17.988749999999975,0.5833333333333334,-1
4360,9048,17.994374999999973,0.5833333333333334,-1
4361,9049,17.99999999999997,0.5833333333333334,-1
4362,9050,18.00562499999997,0.5833333333333334,-1
4363,9051,18.01124999999997,0.5833333333333334,-1
4364,9052,18.016874999999967,0.5833333333333334,-1
4365,9053,18.022499999999965,0.5833333333333334,-1
4366,9054,18.028124999999964,0.5833333333333334,-1
4367,9055,18.033749999999962,0.5833333333333334,-1
4368,9056,18.03937499999996,0.5833333333333334,-1
4369,9057,18.04499999999996,0.5833333333333334,-1
4370,9058,18.050624999999958,0.5833333333333334,-1
4371,9059,18.056249999999956,0.5833333333333334,-1
4372,9060,18.061874999999954,0.5833333333333334,-1
4373,9061,18.067499999999953,0.5833333333333334,-1
4374,9062,18.07312499999995,0.5833333333333334,-1
4375,9063,18.07874999999995,0.5833333333333334,-1
4376,9064,18.084374999999948,0.5833333333333334,-1
4377,9065,18.089999999999947,0.5833333333333334,-1
4378,9066,18.095624999999945,0.5833333333333334,-1
4379,9067,18.101249999999943,0.5833333333333334,-1
4380,9068,18.106874999999942,0.5833333333333334,-1
4381,9069,18.11249999999994,0.5833333333333334,-1
4382,9070,18.11812499999994,0.5833333333333334,-1
4383,9071,18.123749999999937,0.5833333333333334,-1
4384,9072,18.129374999999936,0.5833333333333334,-1
4385,9073,18.134999999999934,0.5833333333333334,-1
4386,9074,18.140624999999932,0.5833333333333334,-1
4387,9075,18.14624999999993,0.5833333333333334,-1
4388,9076,18.15187499999993,0.5833333333333334,-1
4389,9077,18.157499999999928,0.5833333333333334,-1
4390,9078,18.163124999999926,0.5833333333333334,-1
4391,9079,18.168749999999925,0.5833333333333334,-1
4392,9080,18.174374999999923,0.5833333333333334,-1
4393,9081,18.17999999999992,0.5833333333333334,-1
4394,9082,18.18562499999992,0.5833333333333334,-1
4395,9083,18.19124999999992,0.5833333333333334,-1
4396,9084,18.196874999999917,0.5833333333333334,-1
4397,9085,18.202499999999915,0.5833333333333334,-1
4398,9086,18.208124999999914,0.5833333333333334,-1
4399,9087,18.213749999999912,0.5833333333333334,-1
4400,9088,18.21937499999991,0.5833333333333334,-1
4401,9089,18.22499999999991,0.5833333333333334,-1
4402,9090,18.230624999999907,0.5833333333333334,-1
4403,9091,18.236249999999906,0.5833333333333334,-1
4404,9092,18.241874999999904,0.5833333333333334,-1
4405,9093,18.247499999999903,0.5833333333333334,-1
4406,9094,18.2531249999999,0.5833333333333334,-1
4407,9095,18.2587499999999,0.5833333333333334,-1
4408,9096,18.264374999999898,0.5833333333333334,-1
4409,9097,18.269999999999897,0.5833333333333334,-1
4410,9098,18.275624999999895,0.5833333333333334,-1
4411,9099,18.281249999999893,0.5833333333333334,-1
4412,9100,18.286874999999892,0.5833333333333334,-1
4413,9101,18.29249999999989,0.5833333333333334,-1
4414,9102,18.29812499999989,0.5833333333333334,-1
4415,9103,18.303749999999887,0.5833333333333334,-1
4416,9104,18.309374999999886,0.5833333333333334,-1
4417,9105,18.314999999999884,0.5833333333333334,-1
4418,9106,18.320624999999882,0.5833333333333334,-1
4419,9107,18.32624999999988,0.5833333333333334,-1
4420,9108,18.33187499999988,0.5833333333333334,-1
4421,9109,18.337499999999878,0.5833333333333334,-1
4422,9110,18.343124999999876,0.5833333333333334,-1
4423,9111,18.348749999999875,0.5833333333333334,-1
4424,9112,18.354374999999873,0.5833333333333334,-1
4425,9113,18.35999999999987,0.5833333333333334,-1
4426,9114,18.36562499999987,0.5833333333333334,-1
4427,9115,18.37124999999987,0.5833333333333334,-1
4428,9116,18.376874999999867,0.5833333333333334,-1
4429,9117,18.382499999999865,0.5833333333333334,-1
4430,9118,18.388124999999864,0.5833333333333334,-1
4431,9119,18.393749999999862,0.5833333333333334,-1
4432,9120,18.39937499999986,0.5833333333333334,-1
4433,9121,18.40499999999986,0.5833333333333334,-1
4434,9122,18.410624999999857,0.5833333333333334,-1
4435,9123,18.416249999999856,0.5833333333333334,-1
4436,9124,18.421874999999854,0.5833333333333334,-1
4437,9125,18.427499999999853,0.5833333333333334,-1
4438,9126,18.43312499999985,0.5833333333333334,-1
4439,9127,18.43874999999985,0.5833333333333334,-1
4440,9128,18.444374999999848,0.5833333333333334,-1
4441,9129,18.449999999999847,0.5833333333333334,-1
4442,9130,18.455624999999845,0.5833333333333334,-1
4443,9131,18.461249999999843,0.5833333333333334,-1
4444,9132,18.466874999999842,0.5833333333333334,-1
4445,9133,18.47249999999984,0.5833333333333334,-1
4446,9134,18.47812499999984,0.5833333333333334,-1
4447,9135,18.483749999999837,0.5833333333333334,-1
4448,9136,18.489374999999836,0.5833333333333334,-1
4449,9137,18.494999999999834,0.5833333333333334,-1
4450,9138,18.500624999999832,0.5833333333333334,-1
4451,9139,18.50624999999983,0.5833333333333334,-1
4452,9140,18.51187499999983,0.5833333333333334,-1
4453,9141,18.517499999999828,0.5833333333333334,-1
4454,9142,18.523124999999826,0.5833333333333334,-1
4455,9143,18.528749999999825,0.5833333333333334,-1
4456,9144,18.534374999999823,0.5833333333333334,-1
4457,9145,18.53999999999982,0.5833333333333334,-1
4458,9146,18.54562499999982,0.5833333333333334,-1
4459,9147,18.55124999999982,0.5833333333333334,-1
4460,9148,18.556874999999817,0.5833333333333334,-1
4461,9149,18.562499999999815,0.5833333333333334,-1
4462,9150,18.568124999999814,0.5833333333333334,-1
4463,9151,18.573749999999812,0.5833333333333334,-1
4464,9152,18.57937499999981,0.5833333333333334,-1
4465,9153,18.58499999999981,0.5833333333333334,-1
4466,9154,18.590624999999807,0.5833333333333334,-1
4467,9155,18.596249999999806,0.5833333333333334,-1
4468,9156,18.601874999999804,0.5833333333333334,-1
4469,9157,18.607499999999803,0.5833333333333334,-1
4470,9158,18.6131249999998,0.5833333333333334,-1
4471,9159,18.6187499999998,0.5833333333333334,-1
4472,9160,18.624374999999798,0.5833333333333334,-1
4473,9161,18.629999999999797,0.5833333333333334,-1
4474,9162,18.635624999999795,0.5833333333333334,-1
4475,9163,18.641249999999793,0.5833333333333334,-1
4476,9164,18.646874999999792,0.5833333333333334,-1
4477,9165,18.65249999999979,0.5833333333333334,-1
4478,9166,18.65812499999979,0.5833333333333334,-1
4479,9167,18.663749999999787,0.5833333333333334,-1
4480,9168,18.669374999999786,0.5833333333333334,-1
4481,9169,18.674999999999784,0.5833333333333334,-1
4482,9170,18.680624999999782,0.5833333333333334,-1
4483,9171,18.68624999999978,0.5833333333333334,-1
4484,9172,18.69187499999978,0.5833333333333334,-1
4485,9173,18.697499999999778,0.5833333333333334,-1
4486,9174,18.703124999999776,0.5833333333333334,-1
4487,9175,18.708749999999775,0.5833333333333334,-1
4488,9176,18.714374999999773,0.5833333333333334,-1
4489,9177,18.71999999999977,0.5833333333333334,-1
4490,9178,18.72562499999977,0.5833333333333334,-1
4491,9179,18.73124999999977,0.5833333333333334,-1
4492,9180,18.736874999999767,0.5833333333333334,-1
4493,9181,18.742499999999765,0.5833333333333334,-1
4494,9182,18.748124999999764,0.5833333333333334,-1
4495,9183,18.753749999999762,0.5833333333333334,-1
4496,9184,18.75937499999976,0.5833333333333334,-1
4497,9185,18.76499999999976,0.5833333333333334,-1
4498,9186,18.770624999999757,0.5833333333333334,-1
4499,9187,18.776249999999756,0.5833333333333334,-1
4500,9188,18.781874999999754,0.5833333333333334,-1
4501,9189,18.787499999999753,0.5833333333333334,-1
4502,9190,18.79312499999975,0.5833333333333334,-1
4503,9191,18.79874999999975,0.5833333333333334,-1
4504,9192,18.804374999999748,0.5833333333333334,-1
4505,9193,18.809999999999746,0.5833333333333334,-1
4506,9194,18.815624999999745,0.5833333333333334,-1
4507,9195,18.821249999999743,0.5833333333333334,-1
4508,9196,18.826874999999742,0.5833333333333334,-1
4509,9197,18.83249999999974,0.5833333333333334,-1
4510,9198,18.83812499999974,0.5833333333333334,-1
4511,9199,18.843749999999737,0.5833333333333334,-1
4512,9200,18.849374999999736,0.5833333333333334,-1
4513,9201,18.854999999999734,0.5833333333333334,-1
4514,9202,18.860624999999732,0.5833333333333334,-1
4515,9203,18.86624999999973,0.5833333333333334,-1
4516,9204,18.87187499999973,0.5833333333333334,-1
4517,9205,18.877499999999728,0.5833333333333334,-1
4518,9206,18.883124999999726,0.5833333333333334,-1
4519,9207,18.888749999999725,0.5833333333333334,-1
4520,9208,18.894374999999723,0.5833333333333334,-1
4521,9209,18.89999999999972,0.5833333333333334,-1
4522,9210,18.90562499999972,0.5833333333333334,-1
4523,9211,18.91124999999972,0.5833333333333334,-1
4524,9212,18.916874999999717,0.5833333333333334,-1
4525,9213,18.922499999999715,0.5833333333333334,-1
4526,9214,18.928124999999714,0.5833333333333334,-1
4527,9215,18.933749999999712,0.5833333333333334,-1
4528,9216,18.93937499999971,0.5833333333333334,-1
4529,9217,18.94499999999971,0.5833333333333334,-1
4530,9218,18.950624999999707,0.5833333333333334,-1
4531,9219,18.956249999999706,0.5833333333333334,-1
4532,9220,18.961874999999704,0.5833333333333334,-1
4533,9221,18.967499999999703,0.5833333333333334,-1
4534,9222,18.9731249999997,0.5833333333333334,-1
4535,9223,18.9787499999997,0.5833333333333334,-1
4536,9224,18.984374999999698,0.5833333333333334,-1
4537,9225,18.989999999999696,0.5833333333333334,-1
4538,9226,18.995624999999695,0.5833333333333334,-1
4539,9227,19.001249999999693,0.5833333333333334,-1
4540,9228,19.00687499999969,0.5833333333333334,-1
4541,9229,19.01249999999969,0.5833333333333334,-1
4542,9230,19.01812499999969,0.5833333333333334,-1
4543,9231,19.023749999999687,0.5833333333333334,-1
4544,9232,19.029374999999686,0.5833333333333334,-1
4545,9233,19.034999999999684,0.5833333333333334,-1
4546,9234,19.040624999999682,0.5833333333333334,-1
4547,9235,19.04624999999968,0.5833333333333334,-1
4548,9236,19.05187499999968,0.5833333333333334,-1
4549,9237,19.057499999999678,0.5833333333333334,-1
4550,9238,19.063124999999676,0.5833333333333334,-1
4551,9239,19.068749999999675,0.5833333333333334,-1
4552,9240,19.074374999999673,0.5833333333333334,-1
4553,9241,19.07999999999967,0.5833333333333334,-1
4554,9242,19.08562499999967,0.5833333333333334,-1
4555,9243,19.09124999999967,0.5833333333333334,-1
4556,9244,19.096874999999667,0.5833333333333334,-1
4557,9245,19.102499999999665,0.5833333333333334,-1
4558,9246,19.108124999999664,0.5833333333333334,-1
4559,9247,19.113749999999662,0.5833333333333334,-1
4560,9248,19.11937499999966,0.5833333333333334,-1
4561,9249,19.12499999999966,0.5833333333333334,-1
4562,9250,19.130624999999657,0.5833333333333334,-1
4563,9251,19.136249999999656,0.5833333333333334,-1
4564,9252,19.141874999999654,0.5833333333333334,-1
4565,9253,19.147499999999653,0.5833333333333334,-1
4566,9254,19.15312499999965,0.5833333333333334,-1
4567,9255,19.15874999999965,0.5833333333333334,-1
4568,9256,19.164374999999648,0.5833333333333334,-1
4569,9257,19.169999999999646,0.5833333333333334,-1
4570,9258,19.175624999999645,0.5833333333333334,-1
4571,9259,19.181249999999643,0.5833333333333334,-1
4572,9260,19.18687499999964,0.5833333333333334,-1
4573,9261,19.19249999999964,0.5833333333333334,-1
4574,9262,19.19812499999964,0.5833333333333334,-1
4575,9263,19.203749999999637,0.5833333333333334,-1
4576,9264,19.209374999999635,0.5833333333333334,-1
4577,9265,19.214999999999634,0.5833333333333334,-1
4578,9266,19.220624999999632,0.5833333333333334,-1
4579,9267,19.22624999999963,0.5833333333333334,-1
4580,9268,19.23187499999963,0.5833333333333334,-1
4581,9269,19.237499999999628,0.5833333333333334,-1
4582,9270,19.243124999999626,0.5833333333333334,-1
4583,9271,19.248749999999625,0.5833333333333334,-1
4584,9272,19.254374999999623,0.5833333333333334,-1
4585,9273,19.25999999999962,0.5833333333333334,-1
4586,9274,19.26562499999962,0.5833333333333334,-1
4587,9275,19.27124999999962,0.5833333333333334,-1
4588,9276,19.276874999999617,0.5833333333333334,-1
4589,9277,19.282499999999615,0.5833333333333334,-1
4590,9278,19.288124999999614,0.5833333333333334,-1
4591,9279,19.293749999999612,0.5833333333333334,-1
4592,9280,19.29937499999961,0.5833333333333334,-1
4593,9281,19.30499999999961,0.5833333333333334,-1
4594,9282,19.310624999999607,0.5833333333333334,-1
4595,9283,19.316249999999606,0.5833333333333334,-1
4596,9284,19.321874999999604,0.5833333333333334,-1
4597,9285,19.327499999999603,0.5833333333333334,-1
4598,9286,19.3331249999996,0.5833333333333334,-1
4599,9287,19.3387499999996,0.5833333333333334,-1
4600,9288,19.344374999999598,0.5833333333333334,-1
4601,9289,19.349999999999596,0.5833333333333334,-1
4602,9290,19.355624999999595,0.5833333333333334,-1
4603,9291,19.361249999999593,0.5833333333333334,-1
4604,9292,19.36687499999959,0.5833333333333334,-1
4605,9293,19.37249999999959,0.5833333333333334,-1
4606,9294,19.37812499999959,0.5833333333333334,-1
4607,9295,19.383749999999587,0.5833333333333334,-1
4608,9296,19.389374999999585,0.5833333333333334,-1
4609,9297,19.394999999999584,0.5833333333333334,-1
4610,9298,19.400624999999582,0.5833333333333334,-1
4611,9299,19.40624999999958,0.5833333333333334,-1
4612,9300,19.41187499999958,0.5833333333333334,-1
4613,9301,19.417499999999578,0.5833333333333334,-1
4614,9302,19.423124999999576,0.5833333333333334,-1
4615,9303,19.428749999999575,0.5833333333333334,-1
4616,9304,19.428749999999575,0.4583333333333333,35
4617,9305,19.428749999999575,0.4583333333333333,35
4618,9306,19.428749999999575,0.4583333333333333,35
4619,9307,19.428749999999575,0.4583333333333333,35
4620,9308,19.428749999999575,0.4583333333333333,35
4621,9309,19.428749999999575,0.4583333333333333,35
4622,9310,19.428749999999575,0.4583333333333333,35
4623,9311,19.428749999999575,0.4583333333333333,35
4624,9312,19.428749999999575,0.4583333333333333,35
4625,9313,19.428749999999575,0.4583333333333333,35
4626,9314,19.428749999999575,0.4583333333333333,35
4627,9315,19.428749999999575,0.4583333333333333,35
4628,9316,19.428749999999575,0.4583333333333333,35
4629,9317,19.428749999999575,0.4583333333333333,35
4630,9318,19.428749999999575,0.4583333333333333,35
4631,9319,19.428749999999575,0.4583333333333333,35
4632,9320,19.428749999999575,0.4583333333333333,35
4633,9321,19.428749999999575,0.4583333333333333,35
4634,9322,19.428749999999575,0.4583333333333333,35
4635,9323,19.428749999999575,0.4583333333333333,35
4636,9324,19.428749999999575,0.4583333333333333,35
4637,9325,19.428749999999575,0.4583333333333333,35
4638,9326,19.428749999999575,0.4583333333333333,35
4639,9327,19.428749999999575,0.4583333333333333,35
4640,9328,19.428749999999575,0.4583333333333333,35
4641,9329,19.428749999999575,0.4583333333333333,35
4642,9330,19.428749999999575,0.4583333333333333,35
4643,9331,19.434374999999573,0.4583333333333333,-1
4644,9332,19.434374999999573,0.43333333333333335,36
4645,9333,19.434374999999573,0.43333333333333335,36
4646,9334,19.434374999999573,0.43333333333333335,36
4647,9335,19.434374999999573,0.43333333333333335,36
4648,9336,19.434374999999573,0.43333333333333335,36
4649,9337,19.434374999999573,0.43333333333333335,36
4650,9338,19.434374999999573,0.43333333333333335,36
4651,9339,19.434374999999573,0.43333333333333335,36
4652,9340,19.434374999999573,0.43333333333333335,36
4653,9341,19.434374999999573,0.43333333333333335,36
4654,9342,19.434374999999573,0.43333333333333335,36
4655,9343,19.434374999999573,0.43333333333333335,36
4656,9344,19.434374999999573,0.43333333333333335,36
4657,9345,19.434374999999573,0.43333333333333335,36
4658,9346,19.434374999999573,0.43333333333333335,36
4659,9347,19.434374999999573,0.43333333333333335,36
4660,9348,19.434374999999573,0.43333333333333335,36
4661,9349,19.434374999999573,0.43333333333333335,36
4662,9350,19.434374999999573,0.43333333333333335,36
4663,9351,19.434374999999573,0.43333333333333335,36
4664,9352,19.434374999999573,0.43333333333333335,36
4665,9353,19.434374999999573,0.43333333333333335,36
4666,9354,19.434374999999573,0.43333333333333335,36
4667,9355,19.434374999999573,0.43333333333333335,36
4668,9356,19.434374999999573,0.43333333333333335,36
4669,9357,19.434374999999573,0.43333333333333335,36
4670,9358,19.434374999999573,0.43333333333333335,36
4671,9359,19.434374999999573,0.43333333333333335,36
4672,9360,19.434374999999573,0.43333333333333335,36
4673,9361,19.434374999999573,0.43333333333333335,36
4674,9362,19.43999999999957,0.43333333333333335,-1
4675,9363,19.44562499999957,0.43333333333333335,-1
4676,9364,19.45124999999957,0.43333333333333335,-1
4677,9365,19.456874999999567,0.43333333333333335,-1
4678,9366,19.462499999999565,0.43333333333333335,-1
4679,9367,19.468124999999564,0.43333333333333335,-1
4680,9368,19.473749999999562,0.43333333333333335,-1
4681,9369,19.47937499999956,0.43333333333333335,-1
4682,9370,19.48499999999956,0.43333333333333335,-1
4683,9371,19.490624999999557,0.43333333333333335,-1
4684,9372,19.496249999999556,0.43333333333333335,-1
4685,9373,19.501874999999554,0.43333333333333335,-1
4686,9374,19.507499999999553,0.43333333333333335,-1
4687,9375,19.51312499999955,0.43333333333333335,-1
4688,9376,19.51874999999955,0.43333333333333335,-1
4689,9377,19.524374999999548,0.43333333333333335,-1
4690,9378,19.529999999999546,0.43333333333333335,-1
4691,9379,19.535624999999545,0.43333333333333335,-1
4692,9380,19.541249999999543,0.43333333333333335,-1
4693,9381,19.54687499999954,0.43333333333333335,-1
4694,9382,19.55249999999954,0.43333333333333335,-1
4695,9383,19.55812499999954,0.43333333333333335,-1
4696,9384,19.563749999999537,0.43333333333333335,-1
4697,9385,19.569374999999535,0.43333333333333335,-1
4698,9386,19.574999999999534,0.43333333333333335,-1
4699,9387,19.580624999999532,0.43333333333333335,-1
4700,9388,19.58624999999953,0.43333333333333335,-1
4701,9389,19.59187499999953,0.43333333333333335,-1
4702,9390,19.597499999999528,0.43333333333333335,-1
4703,9391,19.603124999999526,0.43333333333333335,-1
4704,9392,19.608749999999525,0.43333333333333335,-1
4705,9393,19.614374999999523,0.43333333333333335,-1
4706,9394,19.61999999999952,0.43333333333333335,-1
4707,9395,19.62562499999952,0.43333333333333335,-1
4708,9396,19.63124999999952,0.43333333333333335,-1
4709,9397,19.636874999999517,0.43333333333333335,-1
4710,9398,19.642499999999515,0.43333333333333335,-1
4711,9399,19.648124999999514,0.43333333333333335,-1
4712,9400,19.653749999999512,0.43333333333333335,-1
4713,9401,19.65937499999951,0.43333333333333335,-1
4714,9402,19.66499999999951,0.43333333333333335,-1
4715,9403,19.670624999999507,0.43333333333333335,-1
4716,9404,19.676249999999506,0.43333333333333335,-1
4717,9405,19.681874999999504,0.43333333333333335,-1
4718,9406,19.687499999999503,0.43333333333333335,-1
4719,9407,19.6931249999995,0.43333333333333335,-1
4720,9408,19.6987499999995,0.43333333333333335,-1
4721,9409,19.704374999999498,0.43333333333333335,-1
4722,9410,19.709999999999496,0.43333333333333335,-1
4723,9411,19.715624999999495,0.43333333333333335,-1
4724,9412,19.721249999999493,0.43333333333333335,-1
4725,9413,19.72687499999949,0.43333333333333335,-1
4726,9414,19.73249999999949,0.43333333333333335,-1
4727,9415,19.73812499999949,0.43333333333333335,-1
4728,9416,19.743749999999487,0.43333333333333335,-1
4729,9417,19.749374999999485,0.43333333333333335,-1
4730,9418,19.754999999999484,0.43333333333333335,-1
4731,9419,19.760624999999482,0.43333333333333335,-1
4732,9420,19.76624999999948,0.43333333333333335,-1
4733,9421,19.77187499999948,0.43333333333333335,-1
4734,9422,19.777499999999478,0.43333333333333335,-1
4735,9423,19.783124999999476,0.43333333333333335,-1
4736,9424,19.788749999999474,0.43333333333333335,-1
4737,9425,19.788749999999474,0.30833333333333335,37
4738,9426,19.788749999999474,0.30833333333333335,37
4739,9427,19.788749999999474,0.30833333333333335,37
4740,9428,19.788749999999474,0.30833333333333335,37
4741,9429,19.788749999999474,0.30833333333333335,37
4742,9430,19.788749999999474,0.30833333333333335,37
4743,9431,19.788749999999474,0.30833333333333335,37
4744,9432,19.788749999999474,0.30833333333333335,37
4745,9433,19.788749999999474,0.30833333333333335,37
4746,9434,19.788749999999474,0.30833333333333335,37
4747,9435,19.788749999999474,0.30833333333333335,37
4748,9436,19.788749999999474,0.30833333333333335,37
4749,9437,19.788749999999474,0.30833333333333335,37
4750,9438,19.788749999999474,0.30833333333333335,37
4751,9439,19.788749999999474,0.30833333333333335,37
4752,9440,19.788749999999474,0.30833333333333335,37
4753,9441,19.788749999999474,0.30833333333333335,37
4754,9442,19.788749999999474,0.30833333333333335,37
4755,9443,19.788749999999474,0.30833333333333335,37
4756,9444,19.788749999999474,0.30833333333333335,37
4757,9445,19.788749999999474,0.30833333333333335,37
4758,9446,19.788749999999474,0.30833333333333335,37
4759,9447,19.788749999999474,0.30833333333333335,37
4760,9448,19.788749999999474,0.30833333333333335,37
4761,9449,19.788749999999474,0.30833333333333335,37
4762,9450,19.788749999999474,0.30833333333333335,37
4763,9451,19.788749999999474,0.30833333333333335,37
4764,9452,19.788749999999474,0.30833333333333335,37
4765,9453,19.788749999999474,0.30833333333333335,37
4766,9454,19.788749999999474,0.30833333333333335,37
4767,9455,19.788749999999474,0.30833333333333335,37
4768,9456,19.788749999999474,0.30833333333333335,37
4769,9457,19.788749999999474,0.30833333333333335,37
4770,9458,19.788749999999474,0.30833333333333335,37
4771,9459,19.788749999999474,0.30833333333333335,37
4772,9460,19.794374999999473,0.30833333333333335,-1
4773,9461,19.79999999999947,0.30833333333333335,-1
4774,9462,19.80562499999947,0.30833333333333335,-1
4775,9463,19.81124999999947,0.30833333333333335,-1
4776,9464,19.816874999999467,0.30833333333333335,-1
4777,9465,19.822499999999465,0.30833333333333335,-1
4778,9466,19.828124999999464,0.30833333333333335,-1
4779,9467,19.833749999999462,0.30833333333333335,-1
4780,9468,19.83937499999946,0.30833333333333335,-1
4781,9469,19.84499999999946,0.30833333333333335,-1
4782,9470,19.850624999999457,0.30833333333333335,-1
4783,9471,19.856249999999456,0.30833333333333335,-1
4784,9472,19.861874999999454,0.30833333333333335,-1
4785,9473,19.867499999999453,0.30833333333333335,-1
4786,9474,19.87312499999945,0.30833333333333335,-1
4787,9475,19.87874999999945,0.30833333333333335,-1
4788,9476,19.884374999999448,0.30833333333333335,-1
4789,9477,19.889999999999446,0.30833333333333335,-1
4790,9478,19.895624999999445,0.30833333333333335,-1
4791,9479,19.901249999999443,0.30833333333333335,-1
4792,9480,19.90687499999944,0.30833333333333335,-1
4793,9481,19.91249999999944,0.30833333333333335,-1
4794,9482,19.91812499999944,0.30833333333333335,-1
4795,9483,19.923749999999437,0.30833333333333335,-1
4796,9484,19.929374999999435,0.30833333333333335,-1
4797,9485,19.934999999999434,0.30833333333333335,-1
4798,9486,19.940624999999432,0.30833333333333335,-1
4799,9487,19.94624999999943,0.30833333333333335,-1
4800,9488,19.95187499999943,0.30833333333333335,-1
4801,9489,19.957499999999428,0.30833333333333335,-1
4802,9490,19.963124999999426,0.30833333333333335,-1
4803,9491,19.968749999999424,0.30833333333333335,-1
4804,9492,19.974374999999423,0.30833333333333335,-1
4805,9493,19.97999999999942,0.30833333333333335,-1
4806,9494,19.98562499999942,0.30833333333333335,-1
4807,9495,19.991249999999418,0.30833333333333335,-1
4808,9496,19.996874999999417,0.30833333333333335,-1
4809,9497,20.002499999999415,0.30833333333333335,-1
4810,9498,20.008124999999414,0.30833333333333335,-1
4811,9499,20.013749999999412,0.30833333333333335,-1
4812,9500,20.01937499999941,0.30833333333333335,-1
4813,9501,20.02499999999941,0.30833333333333335,-1
4814,9502,20.030624999999407,0.30833333333333335,-1
4815,9503,20.036249999999406,0.30833333333333335,-1
4816,9504,20.041874999999404,0.30833333333333335,-1
4817,9505,20.047499999999403,0.30833333333333335,-1
4818,9506,20.0531249999994,0.30833333333333335,-1
4819,9507,20.0587499999994,0.30833333333333335,-1
4820,9508,20.064374999999398,0.30833333333333335,-1
4821,9509,20.069999999999396,0.30833333333333335,-1
4822,9510,20.075624999999395,0.30833333333333335,-1
4823,9511,20.081249999999393,0.30833333333333335,-1
4824,9512,20.08687499999939,0.30833333333333335,-1
4825,9513,20.09249999999939,0.30833333333333335,-1
4826,9514,20.09812499999939,0.30833333333333335,-1
4827,9515,20.103749999999387,0.30833333333333335,-1
4828,9516,20.109374999999385,0.30833333333333335,-1
4829,9517,20.114999999999384,0.30833333333333335,-1
4830,9518,20.120624999999382,0.30833333333333335,-1
4831,9519,20.12624999999938,0.30833333333333335,-1
4832,9520,20.13187499999938,0.30833333333333335,-1
4833,9521,20.137499999999378,0.30833333333333335,-1
4834,9522,20.143124999999376,0.30833333333333335,-1
4835,9523,20.148749999999374,0.30833333333333335,-1
4836,9524,20.154374999999373,0.30833333333333335,-1
4837,9525,20.15999999999937,0.30833333333333335,-1
4838,9526,20.16562499999937,0.30833333333333335,-1
4839,9527,20.171249999999368,0.30833333333333335,-1
4840,9528,20.176874999999367,0.30833333333333335,-1
4841,9529,20.182499999999365,0.30833333333333335,-1
4842,9530,20.188124999999363,0.30833333333333335,-1
4843,9531,20.193749999999362,0.30833333333333335,-1
4844,9532,20.19937499999936,0.30833333333333335,-1
4845,9533,20.20499999999936,0.30833333333333335,-1
4846,9534,20.210624999999357,0.30833333333333335,-1
4847,9535,20.216249999999356,0.30833333333333335,-1
4848,9536,20.221874999999354,0.30833333333333335,-1
4849,9537,20.227499999999353,0.30833333333333335,-1
4850,9538,20.23312499999935,0.30833333333333335,-1
4851,9539,20.23874999999935,0.30833333333333335,-1
4852,9540,20.244374999999348,0.30833333333333335,-1
4853,9541,20.249999999999346,0.30833333333333335,-1
4854,9542,20.255624999999345,0.30833333333333335,-1
4855,9543,20.261249999999343,0.30833333333333335,-1
4856,9544,20.26687499999934,0.30833333333333335,-1
4857,9545,20.27249999999934,0.30833333333333335,-1
4858,9546,20.27812499999934,0.30833333333333335,-1
4859,9547,20.283749999999337,0.30833333333333335,-1
4860,9548,20.289374999999335,0.30833333333333335,-1
4861,9549,20.294999999999334,0.30833333333333335,-1
4862,9550,20.300624999999332,0.30833333333333335,-1
4863,9551,20.30624999999933,0.30833333333333335,-1
4864,9552,20.31187499999933,0.30833333333333335,-1
4865,9553,20.317499999999328,0.30833333333333335,-1
4866,9554,20.323124999999326,0.30833333333333335,-1
4867,9555,20.328749999999324,0.30833333333333335,-1
4868,9556,20.328749999999324,0.13333333333333333,38
4869,9557,20.328749999999324,0.13333333333333333,38
4870,9558,20.328749999999324,0.13333333333333333,38
4871,9559,20.328749999999324,0.13333333333333333,38
4872,9560,20.328749999999324,0.13333333333333333,38
4873,9561,20.328749999999324,0.13333333333333333,38
4874,9562,20.328749999999324,0.13333333333333333,38
4875,9563,20.328749999999324,0.13333333333333333,38
4876,9564,20.328749999999324,0.13333333333333333,38
4877,9565,20.328749999999324,0.13333333333333333,38
4878,9566,20.328749999999324,0.13333333333333333,38
4879,9567,20.328749999999324,0.13333333333333333,38
4880,9568,20.328749999999324,0.13333333333333333,38
4881,9569,20.328749999999324,0.13333333333333333,38
4882,9570,20.328749999999324,0.13333333333333333,38
4883,9571,20.328749999999324,0.13333333333333333,38
4884,9572,20.328749999999324,0.13333333333333333,38
4885,9573,20.328749999999324,0.13333333333333333,38
4886,9574,20.328749999999324,0.13333333333333333,38
4887,9575,20.328749999999324,0.13333333333333333,38
4888,9576,20.328749999999324,0.13333333333333333,38
4889,9577,20.328749999999324,0.13333333333333333,38
4890,9578,20.328749999999324,0.13333333333333333,38
4891,9579,20.328749999999324,0.13333333333333333,38
4892,9580,20.328749999999324,0.13333333333333333,38
4893,9581,20.328749999999324,0.13333333333333333,38
4894,9582,20.328749999999324,0.13333333333333333,38
4895,9583,20.328749999999324,0.13333333333333333,38
4896,9584,20.328749999999324,0.13333333333333333,38
4897,9585,20.328749999999324,0.13333333333333333,38
4898,9586,20.328749999999324,0.13333333333333333,38
4899,9587,20.328749999999324,0.13333333333333333,38
4900,9588,20.328749999999324,0.13333333333333333,38
4901,9589,20.328749999999324,0.13333333333333333,38
4902,9590,20.328749999999324,0.13333333333333333,38
4903,9591,20.328749999999324,0.13333333333333333,38
4904,9592,20.328749999999324,0.13333333333333333,38
4905,9593,20.328749999999324,0.13333333333333333,38
4906,9594,20.328749999999324,0.13333333333333333,38
4907,9595,20.328749999999324,0.13333333333333333,38
4908,9596,20.334374999999323,0.13333333333333333,-1
4909,9597,20.33999999999932,0.13333333333333333,-1
4910,9598,20.34562499999932,0.13333333333333333,-1
4911,9599,20.351249999999318,0.13333333333333333,-1
4912,9600,20.356874999999317,0.13333333333333333,-1
4913,9601,20.362499999999315,0.13333333333333333,-1
4914,9602,20.368124999999313,0.13333333333333333,-1
4915,9603,20.373749999999312,0.13333333333333333,-1
4916,9604,20.37937499999931,0.13333333333333333,-1
4917,9605,20.38499999999931,0.13333333333333333,-1
4918,9606,20.390624999999307,0.13333333333333333,-1
4919,9607,20.396249999999306,0.13333333333333333,-1
4920,9608,20.401874999999304,0.13333333333333333,-1
4921,9609,20.407499999999303,0.13333333333333333,-1
4922,9610,20.4131249999993,0.13333333333333333,-1
4923,9611,20.4187499999993,0.13333333333333333,-1
4924,9612,20.424374999999298,0.13333333333333333,-1
4925,9613,20.429999999999296,0.13333333333333333,-1
4926,9614,20.435624999999295,0.13333333333333333,-1
4927,9615,20.441249999999293,0.13333333333333333,-1
4928,9616,20.44687499999929,0.13333333333333333,-1
4929,9617,20.45249999999929,0.13333333333333333,-1
4930,9618,20.45812499999929,0.13333333333333333,-1
4931,9619,20.463749999999287,0.13333333333333333,-1
4932,9620,20.469374999999285,0.13333333333333333,-1
4933,9621,20.474999999999284,0.13333333333333333,-1
4934,9622,20.480624999999282,0.13333333333333333,-1
4935,9623,20.48624999999928,0.13333333333333333,-1
4936,9624,20.49187499999928,0.13333333333333333,-1
4937,9625,20.497499999999278,0.13333333333333333,-1
4938,9626,20.503124999999276,0.13333333333333333,-1
4939,9627,20.508749999999274,0.13333333333333333,-1
4940,9628,20.514374999999273,0.13333333333333333,-1
4941,9629,20.51999999999927,0.13333333333333333,-1
4942,9630,20.52562499999927,0.13333333333333333,-1
4943,9631,20.531249999999268,0.13333333333333333,-1
4944,9632,20.536874999999267,0.13333333333333333,-1
4945,9633,20.542499999999265,0.13333333333333333,-1
4946,9634,20.548124999999263,0.13333333333333333,-1
4947,9635,20.553749999999262,0.13333333333333333,-1
4948,9636,20.55937499999926,0.13333333333333333,-1
4949,9637,20.56499999999926,0.13333333333333333,-1
4950,9638,20.570624999999257,0.13333333333333333,-1
4951,9639,20.576249999999256,0.13333333333333333,-1
4952,9640,20.581874999999254,0.13333333333333333,-1
4953,9641,20.587499999999253,0.13333333333333333,-1
4954,9642,20.59312499999925,0.13333333333333333,-1
4955,9643,20.59874999999925,0.13333333333333333,-1
4956,9644,20.604374999999248,0.13333333333333333,-1
4957,9645,20.609999999999246,0.13333333333333333,-1
4958,9646,20.615624999999245,0.13333333333333333,-1
4959,9647,20.621249999999243,0.13333333333333333,-1
4960,9648,20.62687499999924,0.13333333333333333,-1
4961,9649,20.63249999999924,0.13333333333333333,-1
4962,9650,20.63812499999924,0.13333333333333333,-1
4963,9651,20.643749999999237,0.13333333333333333,-1
4964,9652,20.649374999999235,0.13333333333333333,-1
4965,9653,20.654999999999234,0.13333333333333333,-1
4966,9654,20.660624999999232,0.13333333333333333,-1
4967,9655,20.66624999999923,0.13333333333333333,-1
4968,9656,20.67187499999923,0.13333333333333333,-1
4969,9657,20.677499999999227,0.13333333333333333,-1
4970,9658,20.683124999999226,0.13333333333333333,-1
4971,9659,20.688749999999224,0.13333333333333333,-1
4972,9660,20.694374999999223,0.13333333333333333,-1
4973,9661,20.69999999999922,0.13333333333333333,-1
4974,9662,20.70562499999922,0.13333333333333333,-1
4975,9663,20.711249999999218,0.13333333333333333,-1
4976,9664,20.716874999999217,0.13333333333333333,-1
4977,9665,20.722499999999215,0.13333333333333333,-1
4978,9666,20.728124999999213,0.13333333333333333,-1
4979,9667,20.733749999999212,0.13333333333333333,-1
4980,9668,20.73937499999921,0.13333333333333333,-1
4981,9669,20.74499999999921,0.13333333333333333,-1
4982,9670,20.750624999999207,0.13333333333333333,-1
4983,9671,20.756249999999206,0.13333333333333333,-1
4984,9672,20.761874999999204,0.13333333333333333,-1
4985,9673,20.767499999999202,0.13333333333333333,-1
4986,9674,20.7731249999992,0.13333333333333333,-1
4987,9675,20.7787499999992,0.13333333333333333,-1
4988,9676,20.784374999999198,0.13333333333333333,-1
4989,9677,20.789999999999196,0.13333333333333333,-1
4990,9678,20.795624999999195,0.13333333333333333,-1
4991,9679,20.801249999999193,0.13333333333333333,-1
4992,9680,20.80687499999919,0.13333333333333333,-1
4993,9681,20.81249999999919,0.13333333333333333,-1
4994,9682,20.81812499999919,0.13333333333333333,-1
4995,9683,20.823749999999187,0.13333333333333333,-1
4996,9684,20.829374999999185,0.13333333333333333,-1
4997,9685,20.834999999999184,0.13333333333333333,-1
4998,9686,20.840624999999182,0.13333333333333333,-1
4999,9687,20.84624999999918,0.13333333333333333,-1
5000,9688,20.85187499999918,0.13333333333333333,-1
5001,9689,20.857499999999177,0.13333333333333333,-1
5002,9690,20.863124999999176,0.13333333333333333,-1
5003,9691,20.868749999999174,0.13333333333333333,-1
5004,9692,20.874374999999173,0.13333333333333333,-1
5005,9693,20.87999999999917,0.13333333333333333,-1
5006,9694,20.88562499999917,0.13333333333333333,-1
5007,9695,20.891249999999168,0.13333333333333333,-1
5008,9696,20.896874999999167,0.13333333333333333,-1
5009,9697,20.902499999999165,0.13333333333333333,-1
5010,9698,20.908124999999163,0.13333333333333333,-1
5011,9699,20.913749999999162,0.13333333333333333,-1
5012,9700,20.91937499999916,0.13333333333333333,-1
5013,9701,20.92499999999916,0.13333333333333333,-1
5014,9702,20.930624999999157,0.13333333333333333,-1
5015,9703,20.936249999999156,0.13333333333333333,-1
5016,9704,20.941874999999154,0.13333333333333333,-1
5017,9705,20.947499999999152,0.13333333333333333,-1
5018,9706,20.95312499999915,0.13333333333333333,-1
5019,9707,20.95874999999915,0.13333333333333333,-1
5020,9708,20.964374999999148,0.13333333333333333,-1
5021,9709,20.969999999999146,0.13333333333333333,-1
5022,9710,20.975624999999145,0.13333333333333333,-1
5023,9711,20.981249999999143,0.13333333333333333,-1
5024,9712,20.98687499999914,0.13333333333333333,-1
5025,9713,20.99249999999914,0.13333333333333333,-1
5026,9714,20.99812499999914,0.13333333333333333,-1
5027,9715,21.003749999999137,0.13333333333333333,-1
5028,9716,21.003749999999137,0.0,39
