,time,loc,op,stop
0,5382,0.0,0.0,-1
1,5383,0.006597222222222222,0.0,-1
2,5384,0.013194444444444444,0.0,-1
3,5385,0.019791666666666666,0.0,-1
4,5386,0.02638888888888889,0.0,-1
5,5387,0.03298611111111111,0.0,-1
6,5388,0.03958333333333333,0.0,-1
7,5389,0.04618055555555555,0.0,-1
8,5390,0.05277777777777777,0.0,-1
9,5391,0.05937499999999999,0.0,-1
10,5392,0.06597222222222221,0.0,-1
11,5393,0.07256944444444444,0.0,-1
12,5394,0.07916666666666666,0.0,-1
13,5395,0.08576388888888889,0.0,-1
14,5396,0.09236111111111112,0.0,-1
15,5397,0.09895833333333334,0.0,-1
16,5398,0.10555555555555557,0.0,-1
17,5399,0.1121527777777778,0.0,-1
18,5400,0.11875000000000002,0.0,-1
19,5401,0.12534722222222225,0.0,-1
20,5402,0.13194444444444448,0.0,-1
21,5403,0.1385416666666667,0.0,-1
22,5404,0.14513888888888893,0.0,-1
23,5405,0.15173611111111115,0.0,-1
24,5406,0.15833333333333338,0.0,-1
25,5407,0.1649305555555556,0.0,-1
26,5408,0.17152777777777783,0.0,-1
27,5409,0.17812500000000006,0.0,-1
28,5410,0.1847222222222223,0.0,-1
29,5411,0.19131944444444451,0.0,-1
30,5412,0.19791666666666674,0.0,-1
31,5413,0.20451388888888897,0.0,-1
32,5414,0.2111111111111112,0.0,-1
33,5415,0.21770833333333342,0.0,-1
34,5416,0.22430555555555565,0.0,-1
35,5417,0.23090277777777787,0.0,-1
36,5418,0.2375000000000001,0.0,-1
37,5419,0.24409722222222233,0.0,-1
38,5420,0.25069444444444455,0.0,-1
39,5421,0.25729166666666675,0.0,-1
40,5422,0.26388888888888895,0.0,-1
41,5423,0.27048611111111115,0.0,-1
42,5424,0.27708333333333335,0.0,-1
43,5425,0.28368055555555555,0.0,-1
44,5426,0.29027777777777775,0.0,-1
45,5427,0.29687499999999994,0.0,-1
46,5428,0.30347222222222214,0.0,-1
47,5429,0.31006944444444434,0.0,-1
48,5430,0.31666666666666654,0.0,-1
49,5431,0.32326388888888874,0.0,-1
50,5432,0.32986111111111094,0.0,-1
51,5433,0.33645833333333314,0.0,-1
52,5434,0.33645833333333314,0.016666666666666666,2
53,5435,0.33645833333333314,0.016666666666666666,2
54,5436,0.33645833333333314,0.016666666666666666,2
55,5437,0.33645833333333314,0.016666666666666666,2
56,5438,0.33645833333333314,0.016666666666666666,2
57,5439,0.33645833333333314,0.016666666666666666,2
58,5440,0.34305555555555534,0.016666666666666666,-1
59,5441,0.34965277777777753,0.016666666666666666,-1
60,5442,0.35624999999999973,0.016666666666666666,-1
61,5443,0.36284722222222193,0.016666666666666666,-1
62,5444,0.36944444444444413,0.016666666666666666,-1
63,5445,0.37604166666666633,0.016666666666666666,-1
64,5446,0.38263888888888853,0.016666666666666666,-1
65,5447,0.3892361111111107,0.016666666666666666,-1
66,5448,0.3958333333333329,0.016666666666666666,-1
67,5449,0.4024305555555551,0.016666666666666666,-1
68,5450,0.4090277777777773,0.016666666666666666,-1
69,5451,0.4156249999999995,0.016666666666666666,-1
70,5452,0.4222222222222217,0.016666666666666666,-1
71,5453,0.4288194444444439,0.016666666666666666,-1
72,5454,0.4354166666666661,0.016666666666666666,-1
73,5455,0.4420138888888883,0.016666666666666666,-1
74,5456,0.4486111111111105,0.016666666666666666,-1
75,5457,0.4552083333333327,0.016666666666666666,-1
76,5458,0.4618055555555549,0.016666666666666666,-1
77,5459,0.4684027777777771,0.016666666666666666,-1
78,5460,0.4749999999999993,0.016666666666666666,-1
79,5461,0.4815972222222215,0.016666666666666666,-1
80,5462,0.4881944444444437,0.016666666666666666,-1
81,5463,0.4947916666666659,0.016666666666666666,-1
82,5464,0.5013888888888881,0.016666666666666666,-1
83,5465,0.5079861111111104,0.016666666666666666,-1
84,5466,0.5145833333333326,0.016666666666666666,-1
85,5467,0.5211805555555549,0.016666666666666666,-1
86,5468,0.5277777777777771,0.016666666666666666,-1
87,5469,0.5343749999999994,0.016666666666666666,-1
88,5470,0.5409722222222216,0.016666666666666666,-1
89,5471,0.5475694444444439,0.016666666666666666,-1
90,5472,0.5541666666666661,0.016666666666666666,-1
91,5473,0.5607638888888884,0.016666666666666666,-1
92,5474,0.5673611111111106,0.016666666666666666,-1
93,5475,0.5739583333333329,0.016666666666666666,-1
94,5476,0.5805555555555552,0.016666666666666666,-1
95,5477,0.5871527777777774,0.016666666666666666,-1
96,5478,0.5937499999999997,0.016666666666666666,-1
97,5479,0.6003472222222219,0.016666666666666666,-1
98,5480,0.6069444444444442,0.016666666666666666,-1
99,5481,0.6135416666666664,0.016666666666666666,-1
100,5482,0.6201388888888887,0.016666666666666666,-1
101,5483,0.6267361111111109,0.016666666666666666,-1
102,5484,0.6333333333333332,0.016666666666666666,-1
103,5485,0.6399305555555554,0.016666666666666666,-1
104,5486,0.6465277777777777,0.016666666666666666,-1
105,5487,0.653125,0.016666666666666666,-1
106,5488,0.6597222222222222,0.016666666666666666,-1
107,5489,0.6663194444444445,0.016666666666666666,-1
108,5490,0.6729166666666667,0.016666666666666666,-1
109,5491,0.679513888888889,0.016666666666666666,-1
110,5492,0.6861111111111112,0.016666666666666666,-1
111,5493,0.6927083333333335,0.016666666666666666,-1
112,5494,0.6993055555555557,0.016666666666666666,-1
113,5495,0.705902777777778,0.016666666666666666,-1
114,5496,0.7125000000000002,0.016666666666666666,-1
115,5497,0.7190972222222225,0.016666666666666666,-1
116,5498,0.7256944444444448,0.016666666666666666,-1
117,5499,0.732291666666667,0.016666666666666666,-1
118,5500,0.7388888888888893,0.016666666666666666,-1
119,5501,0.7454861111111115,0.016666666666666666,-1
120,5502,0.7520833333333338,0.016666666666666666,-1
121,5503,0.758680555555556,0.016666666666666666,-1
122,5504,0.7652777777777783,0.016666666666666666,-1
123,5505,0.7718750000000005,0.016666666666666666,-1
124,5506,0.7784722222222228,0.016666666666666666,-1
125,5507,0.785069444444445,0.016666666666666666,-1
126,5508,0.7916666666666673,0.016666666666666666,-1
127,5509,0.7982638888888896,0.016666666666666666,-1
128,5510,0.8048611111111118,0.016666666666666666,-1
129,5511,0.8114583333333341,0.016666666666666666,-1
130,5512,0.8180555555555563,0.016666666666666666,-1
131,5513,0.8246527777777786,0.016666666666666666,-1
132,5514,0.8312500000000008,0.016666666666666666,-1
133,5515,0.8378472222222231,0.016666666666666666,-1
134,5516,0.8444444444444453,0.016666666666666666,-1
135,5517,0.8510416666666676,0.016666666666666666,-1
136,5518,0.8576388888888898,0.016666666666666666,-1
137,5519,0.8642361111111121,0.016666666666666666,-1
138,5520,0.8708333333333343,0.016666666666666666,-1
139,5521,0.8774305555555566,0.016666666666666666,-1
140,5522,0.8840277777777789,0.016666666666666666,-1
141,5523,0.8906250000000011,0.016666666666666666,-1
142,5524,0.8972222222222234,0.016666666666666666,-1
143,5525,0.9038194444444456,0.016666666666666666,-1
144,5526,0.9104166666666679,0.016666666666666666,-1
145,5527,0.9170138888888901,0.016666666666666666,-1
146,5528,0.9236111111111124,0.016666666666666666,-1
147,5529,0.9236111111111124,0.025,3
148,5530,0.9236111111111124,0.025,3
149,5531,0.9236111111111124,0.025,3
150,5532,0.9302083333333346,0.025,-1
151,5533,0.9368055555555569,0.025,-1
152,5534,0.9434027777777791,0.025,-1
153,5535,0.9500000000000014,0.025,-1
154,5536,0.9565972222222237,0.025,-1
155,5537,0.9631944444444459,0.025,-1
156,5538,0.9697916666666682,0.025,-1
157,5539,0.9763888888888904,0.025,-1
158,5540,0.9829861111111127,0.025,-1
159,5541,0.9895833333333349,0.025,-1
160,5542,0.9961805555555572,0.025,-1
161,5543,1.0027777777777793,0.025,-1
162,5544,1.0093750000000015,0.025,-1
163,5545,1.0159722222222236,0.025,-1
164,5546,1.0225694444444458,0.025,-1
165,5547,1.029166666666668,0.025,-1
166,5548,1.03576388888889,0.025,-1
167,5549,1.0423611111111122,0.025,-1
168,5550,1.0489583333333343,0.025,-1
169,5551,1.0555555555555565,0.025,-1
170,5552,1.0621527777777786,0.025,-1
171,5553,1.0687500000000008,0.025,-1
172,5554,1.075347222222223,0.025,-1
173,5555,1.081944444444445,0.025,-1
174,5556,1.0885416666666672,0.025,-1
175,5557,1.0951388888888893,0.025,-1
176,5558,1.1017361111111115,0.025,-1
177,5559,1.1083333333333336,0.025,-1
178,5560,1.1149305555555558,0.025,-1
179,5561,1.121527777777778,0.025,-1
180,5562,1.128125,0.025,-1
181,5563,1.1347222222222222,0.025,-1
182,5564,1.1413194444444443,0.025,-1
183,5565,1.1479166666666665,0.025,-1
184,5566,1.1545138888888886,0.025,-1
185,5567,1.1611111111111108,0.025,-1
186,5568,1.167708333333333,0.025,-1
187,5569,1.174305555555555,0.025,-1
188,5570,1.1809027777777772,0.025,-1
189,5571,1.1874999999999993,0.025,-1
190,5572,1.1940972222222215,0.025,-1
191,5573,1.2006944444444436,0.025,-1
192,5574,1.2072916666666658,0.025,-1
193,5575,1.213888888888888,0.025,-1
194,5576,1.22048611111111,0.025,-1
195,5577,1.2270833333333322,0.025,-1
196,5578,1.2336805555555543,0.025,-1
197,5579,1.2402777777777765,0.025,-1
198,5580,1.2468749999999986,0.025,-1
199,5581,1.2534722222222208,0.025,-1
200,5582,1.260069444444443,0.025,-1
201,5583,1.266666666666665,0.025,-1
202,5584,1.2732638888888872,0.025,-1
203,5585,1.2798611111111093,0.025,-1
204,5586,1.2864583333333315,0.025,-1
205,5587,1.2930555555555536,0.025,-1
206,5588,1.2996527777777758,0.025,-1
207,5589,1.306249999999998,0.025,-1
208,5590,1.31284722222222,0.025,-1
209,5591,1.3194444444444422,0.025,-1
210,5592,1.3260416666666643,0.025,-1
211,5593,1.3326388888888865,0.025,-1
212,5594,1.3392361111111086,0.025,-1
213,5595,1.3458333333333308,0.025,-1
214,5596,1.352430555555553,0.025,-1
215,5597,1.359027777777775,0.025,-1
216,5598,1.3656249999999972,0.025,-1
217,5599,1.3722222222222193,0.025,-1
218,5600,1.3788194444444415,0.025,-1
219,5601,1.3854166666666636,0.025,-1
220,5602,1.3920138888888858,0.025,-1
221,5603,1.398611111111108,0.025,-1
222,5604,1.40520833333333,0.025,-1
223,5605,1.4118055555555522,0.025,-1
224,5606,1.4184027777777743,0.025,-1
225,5607,1.4249999999999965,0.025,-1
226,5608,1.4249999999999965,0.08333333333333333,4
227,5609,1.4249999999999965,0.08333333333333333,4
228,5610,1.4249999999999965,0.08333333333333333,4
229,5611,1.4249999999999965,0.08333333333333333,4
230,5612,1.4249999999999965,0.08333333333333333,4
231,5613,1.4249999999999965,0.08333333333333333,4
232,5614,1.4249999999999965,0.08333333333333333,4
233,5615,1.4249999999999965,0.08333333333333333,4
234,5616,1.4249999999999965,0.08333333333333333,4
235,5617,1.4249999999999965,0.08333333333333333,4
236,5618,1.4249999999999965,0.08333333333333333,4
237,5619,1.4249999999999965,0.08333333333333333,4
238,5620,1.4249999999999965,0.08333333333333333,4
239,5621,1.4249999999999965,0.08333333333333333,4
240,5622,1.4249999999999965,0.08333333333333333,4
241,5623,1.4249999999999965,0.08333333333333333,4
242,5624,1.4249999999999965,0.08333333333333333,4
243,5625,1.4249999999999965,0.08333333333333333,4
244,5626,1.4249999999999965,0.08333333333333333,4
245,5627,1.4249999999999965,0.08333333333333333,4
246,5628,1.4249999999999965,0.08333333333333333,4
247,5629,1.4315972222222186,0.08333333333333333,-1
248,5630,1.4381944444444408,0.08333333333333333,-1
249,5631,1.444791666666663,0.08333333333333333,-1
250,5632,1.451388888888885,0.08333333333333333,-1
251,5633,1.4579861111111072,0.08333333333333333,-1
252,5634,1.4645833333333294,0.08333333333333333,-1
253,5635,1.4711805555555515,0.08333333333333333,-1
254,5636,1.4777777777777736,0.08333333333333333,-1
255,5637,1.4843749999999958,0.08333333333333333,-1
256,5638,1.490972222222218,0.08333333333333333,-1
257,5639,1.49756944444444,0.08333333333333333,-1
258,5640,1.5041666666666622,0.08333333333333333,-1
259,5641,1.5107638888888844,0.08333333333333333,-1
260,5642,1.5173611111111065,0.08333333333333333,-1
261,5643,1.5239583333333286,0.08333333333333333,-1
262,5644,1.5305555555555508,0.08333333333333333,-1
263,5645,1.537152777777773,0.08333333333333333,-1
264,5646,1.543749999999995,0.08333333333333333,-1
265,5647,1.5503472222222172,0.08333333333333333,-1
266,5648,1.5569444444444394,0.08333333333333333,-1
267,5649,1.5635416666666615,0.08333333333333333,-1
268,5650,1.5701388888888836,0.08333333333333333,-1
269,5651,1.5767361111111058,0.08333333333333333,-1
270,5652,1.583333333333328,0.08333333333333333,-1
271,5653,1.58993055555555,0.08333333333333333,-1
272,5654,1.5965277777777722,0.08333333333333333,-1
273,5655,1.6031249999999944,0.08333333333333333,-1
274,5656,1.6097222222222165,0.08333333333333333,-1
275,5657,1.6163194444444386,0.08333333333333333,-1
276,5658,1.6229166666666608,0.08333333333333333,-1
277,5659,1.629513888888883,0.08333333333333333,-1
278,5660,1.636111111111105,0.08333333333333333,-1
279,5661,1.6427083333333272,0.08333333333333333,-1
280,5662,1.6493055555555494,0.08333333333333333,-1
281,5663,1.6559027777777715,0.08333333333333333,-1
282,5664,1.6624999999999936,0.08333333333333333,-1
283,5665,1.6690972222222158,0.08333333333333333,-1
284,5666,1.675694444444438,0.08333333333333333,-1
285,5667,1.68229166666666,0.08333333333333333,-1
286,5668,1.6888888888888822,0.08333333333333333,-1
287,5669,1.6954861111111044,0.08333333333333333,-1
288,5670,1.7020833333333265,0.08333333333333333,-1
289,5671,1.7086805555555487,0.08333333333333333,-1
290,5672,1.7152777777777708,0.08333333333333333,-1
291,5673,1.721874999999993,0.08333333333333333,-1
292,5674,1.728472222222215,0.08333333333333333,-1
293,5675,1.7350694444444372,0.08333333333333333,-1
294,5676,1.7416666666666594,0.08333333333333333,-1
295,5677,1.7482638888888815,0.08333333333333333,-1
296,5678,1.7548611111111037,0.08333333333333333,-1
297,5679,1.7614583333333258,0.08333333333333333,-1
298,5680,1.768055555555548,0.08333333333333333,-1
299,5681,1.77465277777777,0.08333333333333333,-1
300,5682,1.7812499999999922,0.08333333333333333,-1
301,5683,1.7878472222222144,0.08333333333333333,-1
302,5684,1.7944444444444365,0.08333333333333333,-1
303,5685,1.8010416666666587,0.08333333333333333,-1
304,5686,1.8076388888888808,0.08333333333333333,-1
305,5687,1.814236111111103,0.08333333333333333,-1
306,5688,1.820833333333325,0.08333333333333333,-1
307,5689,1.8274305555555472,0.08333333333333333,-1
308,5690,1.8340277777777694,0.08333333333333333,-1
309,5691,1.8406249999999915,0.08333333333333333,-1
310,5692,1.8472222222222137,0.08333333333333333,-1
311,5693,1.8538194444444358,0.08333333333333333,-1
312,5694,1.860416666666658,0.08333333333333333,-1
313,5695,1.86701388888888,0.08333333333333333,-1
314,5696,1.8736111111111022,0.08333333333333333,-1
315,5697,1.8802083333333244,0.08333333333333333,-1
316,5698,1.8868055555555465,0.08333333333333333,-1
317,5699,1.8934027777777687,0.08333333333333333,-1
318,5700,1.8999999999999908,0.08333333333333333,-1
319,5701,1.906597222222213,0.08333333333333333,-1
320,5702,1.913194444444435,0.08333333333333333,-1
321,5703,1.9197916666666572,0.08333333333333333,-1
322,5704,1.9263888888888794,0.08333333333333333,-1
323,5705,1.9329861111111015,0.08333333333333333,-1
324,5706,1.9395833333333237,0.08333333333333333,-1
325,5707,1.9461805555555458,0.08333333333333333,-1
326,5708,1.952777777777768,0.08333333333333333,-1
327,5709,1.95937499999999,0.08333333333333333,-1
328,5710,1.9659722222222122,0.08333333333333333,-1
329,5711,1.9725694444444344,0.08333333333333333,-1
330,5712,1.9791666666666565,0.08333333333333333,-1
331,5713,1.9857638888888787,0.08333333333333333,-1
332,5714,1.9923611111111008,0.08333333333333333,-1
333,5715,1.998958333333323,0.08333333333333333,-1
334,5716,2.0055555555555453,0.08333333333333333,-1
335,5717,2.0121527777777675,0.08333333333333333,-1
336,5718,2.0187499999999896,0.08333333333333333,-1
337,5719,2.0253472222222118,0.08333333333333333,-1
338,5720,2.031944444444434,0.08333333333333333,-1
339,5721,2.038541666666656,0.08333333333333333,-1
340,5722,2.045138888888878,0.08333333333333333,-1
341,5723,2.0517361111111003,0.08333333333333333,-1
342,5724,2.0583333333333225,0.08333333333333333,-1
343,5725,2.0649305555555446,0.08333333333333333,-1
344,5726,2.0715277777777668,0.08333333333333333,-1
345,5727,2.078124999999989,0.08333333333333333,-1
346,5728,2.084722222222211,0.08333333333333333,-1
347,5729,2.091319444444433,0.08333333333333333,-1
348,5730,2.0979166666666553,0.08333333333333333,-1
349,5731,2.1045138888888775,0.08333333333333333,-1
350,5732,2.1111111111110996,0.08333333333333333,-1
351,5733,2.1177083333333218,0.08333333333333333,-1
352,5734,2.124305555555544,0.08333333333333333,-1
353,5735,2.130902777777766,0.08333333333333333,-1
354,5736,2.137499999999988,0.08333333333333333,-1
355,5737,2.1440972222222103,0.08333333333333333,-1
356,5738,2.1506944444444325,0.08333333333333333,-1
357,5739,2.1572916666666546,0.08333333333333333,-1
358,5740,2.1638888888888768,0.08333333333333333,-1
359,5741,2.170486111111099,0.08333333333333333,-1
360,5742,2.177083333333321,0.08333333333333333,-1
361,5743,2.183680555555543,0.08333333333333333,-1
362,5744,2.1902777777777653,0.08333333333333333,-1
363,5745,2.1968749999999875,0.08333333333333333,-1
364,5746,2.2034722222222096,0.08333333333333333,-1
365,5747,2.2100694444444318,0.08333333333333333,-1
366,5748,2.216666666666654,0.08333333333333333,-1
367,5749,2.223263888888876,0.08333333333333333,-1
368,5750,2.229861111111098,0.08333333333333333,-1
369,5751,2.2364583333333203,0.08333333333333333,-1
370,5752,2.2430555555555425,0.08333333333333333,-1
371,5753,2.2496527777777646,0.08333333333333333,-1
372,5754,2.2562499999999868,0.08333333333333333,-1
373,5755,2.262847222222209,0.08333333333333333,-1
374,5756,2.269444444444431,0.08333333333333333,-1
375,5757,2.276041666666653,0.08333333333333333,-1
376,5758,2.276041666666653,0.125,5
377,5759,2.276041666666653,0.125,5
378,5760,2.276041666666653,0.125,5
379,5761,2.276041666666653,0.125,5
380,5762,2.276041666666653,0.125,5
381,5763,2.276041666666653,0.125,5
382,5764,2.276041666666653,0.125,5
383,5765,2.276041666666653,0.125,5
384,5766,2.276041666666653,0.125,5
385,5767,2.276041666666653,0.125,5
386,5768,2.276041666666653,0.125,5
387,5769,2.276041666666653,0.125,5
388,5770,2.276041666666653,0.125,5
389,5771,2.276041666666653,0.125,5
390,5772,2.276041666666653,0.125,5
391,5773,2.276041666666653,0.125,5
392,5774,2.276041666666653,0.125,5
393,5775,2.276041666666653,0.125,5
394,5776,2.276041666666653,0.125,5
395,5777,2.276041666666653,0.125,5
396,5778,2.276041666666653,0.125,5
397,5779,2.276041666666653,0.125,5
398,5780,2.276041666666653,0.125,5
399,5781,2.276041666666653,0.125,5
400,5782,2.276041666666653,0.125,5
401,5783,2.276041666666653,0.125,5
402,5784,2.276041666666653,0.125,5
403,5785,2.276041666666653,0.125,5
404,5786,2.276041666666653,0.125,5
405,5787,2.276041666666653,0.125,5
406,5788,2.276041666666653,0.125,5
407,5789,2.276041666666653,0.125,5
408,5790,2.276041666666653,0.125,5
409,5791,2.276041666666653,0.125,5
410,5792,2.276041666666653,0.125,5
411,5793,2.276041666666653,0.125,5
412,5794,2.276041666666653,0.125,5
413,5795,2.276041666666653,0.125,5
414,5796,2.276041666666653,0.125,5
415,5797,2.276041666666653,0.125,5
416,5798,2.276041666666653,0.125,5
417,5799,2.276041666666653,0.125,5
418,5800,2.276041666666653,0.125,5
419,5801,2.276041666666653,0.125,5
420,5802,2.276041666666653,0.125,5
421,5803,2.276041666666653,0.125,5
422,5804,2.276041666666653,0.125,5
423,5805,2.276041666666653,0.125,5
424,5806,2.276041666666653,0.125,5
425,5807,2.276041666666653,0.125,5
426,5808,2.276041666666653,0.125,5
427,5809,2.276041666666653,0.125,5
428,5810,2.276041666666653,0.125,5
429,5811,2.276041666666653,0.125,5
430,5812,2.276041666666653,0.125,5
431,5813,2.276041666666653,0.125,5
432,5814,2.276041666666653,0.125,5
433,5815,2.276041666666653,0.125,5
434,5816,2.276041666666653,0.125,5
435,5817,2.276041666666653,0.125,5
436,5818,2.276041666666653,0.125,5
437,5819,2.276041666666653,0.125,5
438,5820,2.276041666666653,0.125,5
439,5821,2.276041666666653,0.125,5
440,5822,2.276041666666653,0.125,5
441,5823,2.276041666666653,0.125,5
442,5824,2.276041666666653,0.125,5
443,5825,2.276041666666653,0.125,5
444,5826,2.276041666666653,0.125,5
445,5827,2.276041666666653,0.125,5
446,5828,2.276041666666653,0.125,5
447,5829,2.276041666666653,0.125,5
448,5830,2.276041666666653,0.125,5
449,5831,2.276041666666653,0.125,5
450,5832,2.276041666666653,0.125,5
451,5833,2.276041666666653,0.125,5
452,5834,2.276041666666653,0.125,5
453,5835,2.276041666666653,0.125,5
454,5836,2.276041666666653,0.125,5
455,5837,2.276041666666653,0.125,5
456,5838,2.276041666666653,0.125,5
457,5839,2.276041666666653,0.125,5
458,5840,2.276041666666653,0.125,5
459,5841,2.276041666666653,0.125,5
460,5842,2.276041666666653,0.125,5
461,5843,2.276041666666653,0.125,5
462,5844,2.276041666666653,0.125,5
463,5845,2.276041666666653,0.125,5
464,5846,2.276041666666653,0.125,5
465,5847,2.276041666666653,0.125,5
466,5848,2.276041666666653,0.125,5
467,5849,2.276041666666653,0.125,5
468,5850,2.276041666666653,0.125,5
469,5851,2.276041666666653,0.125,5
470,5852,2.276041666666653,0.125,5
471,5853,2.276041666666653,0.125,5
472,5854,2.276041666666653,0.125,5
473,5855,2.276041666666653,0.125,5
474,5856,2.276041666666653,0.125,5
475,5857,2.276041666666653,0.125,5
476,5858,2.276041666666653,0.125,5
477,5859,2.276041666666653,0.125,5
478,5860,2.276041666666653,0.125,5
479,5861,2.276041666666653,0.125,5
480,5862,2.276041666666653,0.125,5
481,5863,2.276041666666653,0.125,5
482,5864,2.276041666666653,0.125,5
483,5865,2.276041666666653,0.125,5
484,5866,2.276041666666653,0.125,5
485,5867,2.276041666666653,0.125,5
486,5868,2.276041666666653,0.125,5
487,5869,2.276041666666653,0.125,5
488,5870,2.276041666666653,0.125,5
489,5871,2.276041666666653,0.125,5
490,5872,2.276041666666653,0.125,5
491,5873,2.276041666666653,0.125,5
492,5874,2.276041666666653,0.125,5
493,5875,2.276041666666653,0.125,5
494,5876,2.276041666666653,0.125,5
495,5877,2.276041666666653,0.125,5
496,5878,2.276041666666653,0.125,5
497,5879,2.2826388888888753,0.125,-1
498,5880,2.2892361111110975,0.125,-1
499,5881,2.2958333333333196,0.125,-1
500,5882,2.3024305555555418,0.125,-1
501,5883,2.309027777777764,0.125,-1
502,5884,2.315624999999986,0.125,-1
503,5885,2.322222222222208,0.125,-1
504,5886,2.3288194444444303,0.125,-1
505,5887,2.3354166666666525,0.125,-1
506,5888,2.3420138888888746,0.125,-1
507,5889,2.3486111111110968,0.125,-1
508,5890,2.355208333333319,0.125,-1
509,5891,2.361805555555541,0.125,-1
510,5892,2.368402777777763,0.125,-1
511,5893,2.3749999999999853,0.125,-1
512,5894,2.3815972222222075,0.125,-1
513,5895,2.3881944444444296,0.125,-1
514,5896,2.3947916666666518,0.125,-1
515,5897,2.401388888888874,0.125,-1
516,5898,2.407986111111096,0.125,-1
517,5899,2.414583333333318,0.125,-1
518,5900,2.4211805555555403,0.125,-1
519,5901,2.4277777777777625,0.125,-1
520,5902,2.4343749999999846,0.125,-1
521,5903,2.4409722222222068,0.125,-1
522,5904,2.447569444444429,0.125,-1
523,5905,2.454166666666651,0.125,-1
524,5906,2.460763888888873,0.125,-1
525,5907,2.4673611111110954,0.125,-1
526,5908,2.4739583333333175,0.125,-1
527,5909,2.4805555555555396,0.125,-1
528,5910,2.487152777777762,0.125,-1
529,5911,2.493749999999984,0.125,-1
530,5912,2.500347222222206,0.125,-1
531,5913,2.506944444444428,0.125,-1
532,5914,2.5135416666666504,0.125,-1
533,5915,2.5201388888888725,0.125,-1
534,5916,2.5267361111110946,0.125,-1
535,5917,2.533333333333317,0.125,-1
536,5918,2.539930555555539,0.125,-1
537,5919,2.546527777777761,0.125,-1
538,5920,2.553124999999983,0.125,-1
539,5921,2.5597222222222054,0.125,-1
540,5922,2.5663194444444275,0.125,-1
541,5923,2.5729166666666496,0.125,-1
542,5924,2.579513888888872,0.125,-1
543,5925,2.586111111111094,0.125,-1
544,5926,2.592708333333316,0.125,-1
545,5927,2.599305555555538,0.125,-1
546,5928,2.6059027777777604,0.125,-1
547,5929,2.6124999999999825,0.125,-1
548,5930,2.6190972222222046,0.125,-1
549,5931,2.625694444444427,0.125,-1
550,5932,2.632291666666649,0.125,-1
551,5933,2.638888888888871,0.125,-1
552,5934,2.645486111111093,0.125,-1
553,5935,2.6520833333333154,0.125,-1
554,5936,2.6586805555555375,0.125,-1
555,5937,2.6652777777777596,0.125,-1
556,5938,2.671874999999982,0.125,-1
557,5939,2.678472222222204,0.125,-1
558,5940,2.685069444444426,0.125,-1
559,5941,2.6916666666666482,0.125,-1
560,5942,2.6982638888888704,0.125,-1
561,5943,2.7048611111110925,0.125,-1
562,5944,2.7114583333333147,0.125,-1
563,5945,2.718055555555537,0.125,-1
564,5946,2.724652777777759,0.125,-1
565,5947,2.731249999999981,0.125,-1
566,5948,2.7378472222222032,0.125,-1
567,5949,2.7444444444444254,0.125,-1
568,5950,2.7510416666666475,0.125,-1
569,5951,2.7576388888888697,0.125,-1
570,5952,2.764236111111092,0.125,-1
571,5953,2.770833333333314,0.125,-1
572,5954,2.777430555555536,0.125,-1
573,5955,2.7840277777777582,0.125,-1
574,5956,2.7906249999999804,0.125,-1
575,5957,2.7972222222222025,0.125,-1
576,5958,2.8038194444444247,0.125,-1
577,5959,2.810416666666647,0.125,-1
578,5960,2.817013888888869,0.125,-1
579,5961,2.823611111111091,0.125,-1
580,5962,2.8302083333333132,0.125,-1
581,5963,2.8368055555555354,0.125,-1
582,5964,2.8434027777777575,0.125,-1
583,5965,2.8499999999999797,0.125,-1
584,5966,2.856597222222202,0.125,-1
585,5967,2.863194444444424,0.125,-1
586,5968,2.869791666666646,0.125,-1
587,5969,2.8763888888888682,0.125,-1
588,5970,2.8829861111110904,0.125,-1
589,5971,2.8895833333333125,0.125,-1
590,5972,2.8961805555555347,0.125,-1
591,5973,2.902777777777757,0.125,-1
592,5974,2.909374999999979,0.125,-1
593,5975,2.915972222222201,0.125,-1
594,5976,2.9225694444444232,0.125,-1
595,5977,2.9291666666666454,0.125,-1
596,5978,2.9357638888888675,0.125,-1
597,5979,2.9423611111110897,0.125,-1
598,5980,2.948958333333312,0.125,-1
599,5981,2.955555555555534,0.125,-1
600,5982,2.962152777777756,0.125,-1
601,5983,2.9687499999999782,0.125,-1
602,5984,2.9753472222222004,0.125,-1
603,5985,2.9819444444444225,0.125,-1
604,5986,2.9885416666666447,0.125,-1
605,5987,2.995138888888867,0.125,-1
606,5988,3.001736111111089,0.125,-1
607,5989,3.008333333333311,0.125,-1
608,5990,3.0149305555555332,0.125,-1
609,5991,3.0215277777777554,0.125,-1
610,5992,3.0281249999999775,0.125,-1
611,5993,3.0347222222221997,0.125,-1
612,5994,3.041319444444422,0.125,-1
613,5995,3.047916666666644,0.125,-1
614,5996,3.054513888888866,0.125,-1
615,5997,3.0611111111110882,0.125,-1
616,5998,3.0677083333333104,0.125,-1
617,5999,3.0743055555555325,0.125,-1
618,6000,3.0809027777777547,0.125,-1
619,6001,3.087499999999977,0.125,-1
620,6002,3.094097222222199,0.125,-1
621,6003,3.100694444444421,0.125,-1
622,6004,3.1072916666666432,0.125,-1
623,6005,3.1138888888888654,0.125,-1
624,6006,3.1204861111110875,0.125,-1
625,6007,3.1270833333333097,0.125,-1
626,6008,3.133680555555532,0.125,-1
627,6009,3.140277777777754,0.125,-1
628,6010,3.140277777777754,0.125,6
629,6011,3.140277777777754,0.125,6
630,6012,3.140277777777754,0.125,6
631,6013,3.140277777777754,0.125,6
632,6014,3.140277777777754,0.125,6
633,6015,3.140277777777754,0.125,6
634,6016,3.140277777777754,0.125,6
635,6017,3.140277777777754,0.125,6
636,6018,3.140277777777754,0.125,6
637,6019,3.140277777777754,0.125,6
638,6020,3.140277777777754,0.125,6
639,6021,3.140277777777754,0.125,6
640,6022,3.140277777777754,0.125,6
641,6023,3.140277777777754,0.125,6
642,6024,3.140277777777754,0.125,6
643,6025,3.140277777777754,0.125,6
644,6026,3.140277777777754,0.125,6
645,6027,3.140277777777754,0.125,6
646,6028,3.140277777777754,0.125,6
647,6029,3.140277777777754,0.125,6
648,6030,3.140277777777754,0.125,6
649,6031,3.140277777777754,0.125,6
650,6032,3.140277777777754,0.125,6
651,6033,3.140277777777754,0.125,6
652,6034,3.140277777777754,0.125,6
653,6035,3.140277777777754,0.125,6
654,6036,3.140277777777754,0.125,6
655,6037,3.140277777777754,0.125,6
656,6038,3.140277777777754,0.125,6
657,6039,3.140277777777754,0.125,6
658,6040,3.140277777777754,0.125,6
659,6041,3.140277777777754,0.125,6
660,6042,3.140277777777754,0.125,6
661,6043,3.140277777777754,0.125,6
662,6044,3.140277777777754,0.125,6
663,6045,3.140277777777754,0.125,6
664,6046,3.140277777777754,0.125,6
665,6047,3.140277777777754,0.125,6
666,6048,3.140277777777754,0.125,6
667,6049,3.140277777777754,0.125,6
668,6050,3.140277777777754,0.125,6
669,6051,3.140277777777754,0.125,6
670,6052,3.140277777777754,0.125,6
671,6053,3.140277777777754,0.125,6
672,6054,3.140277777777754,0.125,6
673,6055,3.140277777777754,0.125,6
674,6056,3.140277777777754,0.125,6
675,6057,3.140277777777754,0.125,6
676,6058,3.140277777777754,0.125,6
677,6059,3.140277777777754,0.125,6
678,6060,3.140277777777754,0.125,6
679,6061,3.140277777777754,0.125,6
680,6062,3.140277777777754,0.125,6
681,6063,3.140277777777754,0.125,6
682,6064,3.140277777777754,0.125,6
683,6065,3.140277777777754,0.125,6
684,6066,3.140277777777754,0.125,6
685,6067,3.140277777777754,0.125,6
686,6068,3.140277777777754,0.125,6
687,6069,3.140277777777754,0.125,6
688,6070,3.140277777777754,0.125,6
689,6071,3.140277777777754,0.125,6
690,6072,3.140277777777754,0.125,6
691,6073,3.140277777777754,0.125,6
692,6074,3.140277777777754,0.125,6
693,6075,3.140277777777754,0.125,6
694,6076,3.140277777777754,0.125,6
695,6077,3.140277777777754,0.125,6
696,6078,3.140277777777754,0.125,6
697,6079,3.140277777777754,0.125,6
698,6080,3.140277777777754,0.125,6
699,6081,3.140277777777754,0.125,6
700,6082,3.140277777777754,0.125,6
701,6083,3.140277777777754,0.125,6
702,6084,3.140277777777754,0.125,6
703,6085,3.140277777777754,0.125,6
704,6086,3.140277777777754,0.125,6
705,6087,3.140277777777754,0.125,6
706,6088,3.140277777777754,0.125,6
707,6089,3.146874999999976,0.125,-1
708,6090,3.1534722222221983,0.125,-1
709,6091,3.1600694444444204,0.125,-1
710,6092,3.1666666666666425,0.125,-1
711,6093,3.1732638888888647,0.125,-1
712,6094,3.179861111111087,0.125,-1
713,6095,3.186458333333309,0.125,-1
714,6096,3.193055555555531,0.125,-1
715,6097,3.1996527777777533,0.125,-1
716,6098,3.2062499999999754,0.125,-1
717,6099,3.2128472222221975,0.125,-1
718,6100,3.2194444444444197,0.125,-1
719,6101,3.226041666666642,0.125,-1
720,6102,3.232638888888864,0.125,-1
721,6103,3.239236111111086,0.125,-1
722,6104,3.2458333333333083,0.125,-1
723,6105,3.2524305555555304,0.125,-1
724,6106,3.2590277777777525,0.125,-1
725,6107,3.2656249999999747,0.125,-1
726,6108,3.272222222222197,0.125,-1
727,6109,3.278819444444419,0.125,-1
728,6110,3.285416666666641,0.125,-1
729,6111,3.2920138888888633,0.125,-1
730,6112,3.2986111111110854,0.125,-1
731,6113,3.3052083333333075,0.125,-1
732,6114,3.3118055555555297,0.125,-1
733,6115,3.318402777777752,0.125,-1
734,6116,3.324999999999974,0.125,-1
735,6117,3.331597222222196,0.125,-1
736,6118,3.3381944444444183,0.125,-1
737,6119,3.3447916666666404,0.125,-1
738,6120,3.3513888888888625,0.125,-1
739,6121,3.3579861111110847,0.125,-1
740,6122,3.364583333333307,0.125,-1
741,6123,3.371180555555529,0.125,-1
742,6124,3.377777777777751,0.125,-1
743,6125,3.3843749999999733,0.125,-1
744,6126,3.3909722222221954,0.125,-1
745,6127,3.3975694444444176,0.125,-1
746,6128,3.4041666666666397,0.125,-1
747,6129,3.410763888888862,0.125,-1
748,6130,3.417361111111084,0.125,-1
749,6131,3.423958333333306,0.125,-1
750,6132,3.4305555555555283,0.125,-1
751,6133,3.4371527777777504,0.125,-1
752,6134,3.4437499999999726,0.125,-1
753,6135,3.4503472222221947,0.125,-1
754,6136,3.456944444444417,0.125,-1
755,6137,3.463541666666639,0.125,-1
756,6138,3.470138888888861,0.125,-1
757,6139,3.4767361111110833,0.125,-1
758,6140,3.4833333333333054,0.125,-1
759,6141,3.4899305555555276,0.125,-1
760,6142,3.4965277777777497,0.125,-1
761,6143,3.503124999999972,0.125,-1
762,6144,3.509722222222194,0.125,-1
763,6145,3.516319444444416,0.125,-1
764,6146,3.5229166666666383,0.125,-1
765,6147,3.5295138888888604,0.125,-1
766,6148,3.5361111111110826,0.125,-1
767,6149,3.5427083333333047,0.125,-1
768,6150,3.549305555555527,0.125,-1
769,6151,3.555902777777749,0.125,-1
770,6152,3.562499999999971,0.125,-1
771,6153,3.5690972222221933,0.125,-1
772,6154,3.5756944444444154,0.125,-1
773,6155,3.5822916666666376,0.125,-1
774,6156,3.5888888888888597,0.125,-1
775,6157,3.595486111111082,0.125,-1
776,6158,3.602083333333304,0.125,-1
777,6159,3.608680555555526,0.125,-1
778,6160,3.6152777777777483,0.125,-1
779,6161,3.6218749999999704,0.125,-1
780,6162,3.6284722222221926,0.125,-1
781,6163,3.6350694444444147,0.125,-1
782,6164,3.641666666666637,0.125,-1
783,6165,3.648263888888859,0.125,-1
784,6166,3.654861111111081,0.125,-1
785,6167,3.6614583333333033,0.125,-1
786,6168,3.6680555555555254,0.125,-1
787,6169,3.6746527777777476,0.125,-1
788,6170,3.6812499999999697,0.125,-1
789,6171,3.687847222222192,0.125,-1
790,6172,3.694444444444414,0.125,-1
791,6173,3.701041666666636,0.125,-1
792,6174,3.7076388888888583,0.125,-1
793,6175,3.7142361111110804,0.125,-1
794,6176,3.7208333333333026,0.125,-1
795,6177,3.7274305555555247,0.125,-1
796,6178,3.734027777777747,0.125,-1
797,6179,3.740624999999969,0.125,-1
798,6180,3.747222222222191,0.125,-1
799,6181,3.7538194444444133,0.125,-1
800,6182,3.7604166666666354,0.125,-1
801,6183,3.7670138888888576,0.125,-1
802,6184,3.7736111111110797,0.125,-1
803,6185,3.780208333333302,0.125,-1
804,6186,3.786805555555524,0.125,-1
805,6187,3.793402777777746,0.125,-1
806,6188,3.7999999999999683,0.125,-1
807,6189,3.8065972222221904,0.125,-1
808,6190,3.8131944444444126,0.125,-1
809,6191,3.8197916666666347,0.125,-1
810,6192,3.826388888888857,0.125,-1
811,6193,3.832986111111079,0.125,-1
812,6194,3.839583333333301,0.125,-1
813,6195,3.8461805555555233,0.125,-1
814,6196,3.8527777777777454,0.125,-1
815,6197,3.8593749999999676,0.125,-1
816,6198,3.8659722222221897,0.125,-1
817,6199,3.872569444444412,0.125,-1
818,6200,3.879166666666634,0.125,-1
819,6201,3.885763888888856,0.125,-1
820,6202,3.8923611111110783,0.125,-1
821,6203,3.8989583333333004,0.125,-1
822,6204,3.9055555555555226,0.125,-1
823,6205,3.9121527777777447,0.125,-1
824,6206,3.918749999999967,0.125,-1
825,6207,3.925347222222189,0.125,-1
826,6208,3.931944444444411,0.125,-1
827,6209,3.9385416666666333,0.125,-1
828,6210,3.9451388888888554,0.125,-1
829,6211,3.9517361111110776,0.125,-1
830,6212,3.9583333333332997,0.125,-1
831,6213,3.964930555555522,0.125,-1
832,6214,3.971527777777744,0.125,-1
833,6215,3.978124999999966,0.125,-1
834,6216,3.9847222222221883,0.125,-1
835,6217,3.9913194444444104,0.125,-1
836,6218,3.9979166666666326,0.125,-1
837,6219,4.004513888888855,0.125,-1
838,6220,4.011111111111077,0.125,-1
839,6221,4.0177083333332995,0.125,-1
840,6222,4.024305555555522,0.125,-1
841,6223,4.030902777777744,0.125,-1
842,6224,4.037499999999966,0.125,-1
843,6225,4.037499999999966,0.14166666666666666,7
844,6226,4.037499999999966,0.14166666666666666,7
845,6227,4.037499999999966,0.14166666666666666,7
846,6228,4.037499999999966,0.14166666666666666,7
847,6229,4.037499999999966,0.14166666666666666,7
848,6230,4.037499999999966,0.14166666666666666,7
849,6231,4.037499999999966,0.14166666666666666,7
850,6232,4.037499999999966,0.14166666666666666,7
851,6233,4.037499999999966,0.14166666666666666,7
852,6234,4.037499999999966,0.14166666666666666,7
853,6235,4.037499999999966,0.14166666666666666,7
854,6236,4.037499999999966,0.14166666666666666,7
855,6237,4.037499999999966,0.14166666666666666,7
856,6238,4.037499999999966,0.14166666666666666,7
857,6239,4.037499999999966,0.14166666666666666,7
858,6240,4.037499999999966,0.14166666666666666,7
859,6241,4.037499999999966,0.14166666666666666,7
860,6242,4.037499999999966,0.14166666666666666,7
861,6243,4.037499999999966,0.14166666666666666,7
862,6244,4.037499999999966,0.14166666666666666,7
863,6245,4.037499999999966,0.14166666666666666,7
864,6246,4.037499999999966,0.14166666666666666,7
865,6247,4.037499999999966,0.14166666666666666,7
866,6248,4.037499999999966,0.14166666666666666,7
867,6249,4.037499999999966,0.14166666666666666,7
868,6250,4.037499999999966,0.14166666666666666,7
869,6251,4.037499999999966,0.14166666666666666,7
870,6252,4.037499999999966,0.14166666666666666,7
871,6253,4.037499999999966,0.14166666666666666,7
872,6254,4.037499999999966,0.14166666666666666,7
873,6255,4.037499999999966,0.14166666666666666,7
874,6256,4.037499999999966,0.14166666666666666,7
875,6257,4.037499999999966,0.14166666666666666,7
876,6258,4.037499999999966,0.14166666666666666,7
877,6259,4.037499999999966,0.14166666666666666,7
878,6260,4.037499999999966,0.14166666666666666,7
879,6261,4.037499999999966,0.14166666666666666,7
880,6262,4.037499999999966,0.14166666666666666,7
881,6263,4.037499999999966,0.14166666666666666,7
882,6264,4.037499999999966,0.14166666666666666,7
883,6265,4.037499999999966,0.14166666666666666,7
884,6266,4.037499999999966,0.14166666666666666,7
885,6267,4.037499999999966,0.14166666666666666,7
886,6268,4.037499999999966,0.14166666666666666,7
887,6269,4.037499999999966,0.14166666666666666,7
888,6270,4.037499999999966,0.14166666666666666,7
889,6271,4.037499999999966,0.14166666666666666,7
890,6272,4.037499999999966,0.14166666666666666,7
891,6273,4.037499999999966,0.14166666666666666,7
892,6274,4.037499999999966,0.14166666666666666,7
893,6275,4.037499999999966,0.14166666666666666,7
894,6276,4.037499999999966,0.14166666666666666,7
895,6277,4.037499999999966,0.14166666666666666,7
896,6278,4.037499999999966,0.14166666666666666,7
897,6279,4.037499999999966,0.14166666666666666,7
898,6280,4.037499999999966,0.14166666666666666,7
899,6281,4.037499999999966,0.14166666666666666,7
900,6282,4.037499999999966,0.14166666666666666,7
901,6283,4.037499999999966,0.14166666666666666,7
902,6284,4.037499999999966,0.14166666666666666,7
903,6285,4.037499999999966,0.14166666666666666,7
904,6286,4.037499999999966,0.14166666666666666,7
905,6287,4.037499999999966,0.14166666666666666,7
906,6288,4.037499999999966,0.14166666666666666,7
907,6289,4.037499999999966,0.14166666666666666,7
908,6290,4.037499999999966,0.14166666666666666,7
909,6291,4.044097222222188,0.14166666666666666,-1
910,6292,4.05069444444441,0.14166666666666666,-1
911,6293,4.057291666666632,0.14166666666666666,-1
912,6294,4.0638888888888545,0.14166666666666666,-1
913,6295,4.070486111111077,0.14166666666666666,-1
914,6296,4.077083333333299,0.14166666666666666,-1
915,6297,4.083680555555521,0.14166666666666666,-1
916,6298,4.090277777777743,0.14166666666666666,-1
917,6299,4.096874999999965,0.14166666666666666,-1
918,6300,4.103472222222187,0.14166666666666666,-1
919,6301,4.1100694444444095,0.14166666666666666,-1
920,6302,4.116666666666632,0.14166666666666666,-1
921,6303,4.123263888888854,0.14166666666666666,-1
922,6304,4.129861111111076,0.14166666666666666,-1
923,6305,4.136458333333298,0.14166666666666666,-1
924,6306,4.14305555555552,0.14166666666666666,-1
925,6307,4.149652777777742,0.14166666666666666,-1
926,6308,4.1562499999999645,0.14166666666666666,-1
927,6309,4.162847222222187,0.14166666666666666,-1
928,6310,4.169444444444409,0.14166666666666666,-1
929,6311,4.176041666666631,0.14166666666666666,-1
930,6312,4.182638888888853,0.14166666666666666,-1
931,6313,4.189236111111075,0.14166666666666666,-1
932,6314,4.195833333333297,0.14166666666666666,-1
933,6315,4.2024305555555195,0.14166666666666666,-1
934,6316,4.209027777777742,0.14166666666666666,-1
935,6317,4.215624999999964,0.14166666666666666,-1
936,6318,4.222222222222186,0.14166666666666666,-1
937,6319,4.228819444444408,0.14166666666666666,-1
938,6320,4.23541666666663,0.14166666666666666,-1
939,6321,4.242013888888852,0.14166666666666666,-1
940,6322,4.2486111111110745,0.14166666666666666,-1
941,6323,4.255208333333297,0.14166666666666666,-1
942,6324,4.261805555555519,0.14166666666666666,-1
943,6325,4.268402777777741,0.14166666666666666,-1
944,6326,4.274999999999963,0.14166666666666666,-1
945,6327,4.281597222222185,0.14166666666666666,-1
946,6328,4.288194444444407,0.14166666666666666,-1
947,6329,4.2947916666666295,0.14166666666666666,-1
948,6330,4.301388888888852,0.14166666666666666,-1
949,6331,4.307986111111074,0.14166666666666666,-1
950,6332,4.314583333333296,0.14166666666666666,-1
951,6333,4.321180555555518,0.14166666666666666,-1
952,6334,4.32777777777774,0.14166666666666666,-1
953,6335,4.32777777777774,0.15,8
954,6336,4.32777777777774,0.15,8
955,6337,4.32777777777774,0.15,8
956,6338,4.32777777777774,0.15,8
957,6339,4.32777777777774,0.15,8
958,6340,4.32777777777774,0.15,8
959,6341,4.334374999999962,0.15,-1
960,6342,4.3409722222221845,0.15,-1
961,6343,4.347569444444407,0.15,-1
962,6344,4.354166666666629,0.15,-1
963,6345,4.360763888888851,0.15,-1
964,6346,4.367361111111073,0.15,-1
965,6347,4.373958333333295,0.15,-1
966,6348,4.380555555555517,0.15,-1
967,6349,4.3871527777777395,0.15,-1
968,6350,4.393749999999962,0.15,-1
969,6351,4.400347222222184,0.15,-1
970,6352,4.406944444444406,0.15,-1
971,6353,4.413541666666628,0.15,-1
972,6354,4.42013888888885,0.15,-1
973,6355,4.426736111111072,0.15,-1
974,6356,4.4333333333332945,0.15,-1
975,6357,4.439930555555517,0.15,-1
976,6358,4.446527777777739,0.15,-1
977,6359,4.453124999999961,0.15,-1
978,6360,4.459722222222183,0.15,-1
979,6361,4.466319444444405,0.15,-1
980,6362,4.472916666666627,0.15,-1
981,6363,4.4795138888888495,0.15,-1
982,6364,4.486111111111072,0.15,-1
983,6365,4.492708333333294,0.15,-1
984,6366,4.499305555555516,0.15,-1
985,6367,4.505902777777738,0.15,-1
986,6368,4.51249999999996,0.15,-1
987,6369,4.519097222222182,0.15,-1
988,6370,4.5256944444444045,0.15,-1
989,6371,4.532291666666627,0.15,-1
990,6372,4.538888888888849,0.15,-1
991,6373,4.545486111111071,0.15,-1
992,6374,4.552083333333293,0.15,-1
993,6375,4.558680555555515,0.15,-1
994,6376,4.565277777777737,0.15,-1
995,6377,4.5718749999999595,0.15,-1
996,6378,4.578472222222182,0.15,-1
997,6379,4.585069444444404,0.15,-1
998,6380,4.591666666666626,0.15,-1
999,6381,4.598263888888848,0.15,-1
1000,6382,4.60486111111107,0.15,-1
1001,6383,4.611458333333292,0.15,-1
1002,6384,4.6180555555555145,0.15,-1
1003,6385,4.624652777777737,0.15,-1
1004,6386,4.631249999999959,0.15,-1
1005,6387,4.637847222222181,0.15,-1
1006,6388,4.644444444444403,0.15,-1
1007,6389,4.651041666666625,0.15,-1
1008,6390,4.657638888888847,0.15,-1
1009,6391,4.6642361111110695,0.15,-1
1010,6392,4.670833333333292,0.15,-1
1011,6393,4.677430555555514,0.15,-1
1012,6394,4.684027777777736,0.15,-1
1013,6395,4.690624999999958,0.15,-1
1014,6396,4.69722222222218,0.15,-1
1015,6397,4.703819444444402,0.15,-1
1016,6398,4.7104166666666245,0.15,-1
1017,6399,4.717013888888847,0.15,-1
1018,6400,4.723611111111069,0.15,-1
1019,6401,4.730208333333291,0.15,-1
1020,6402,4.736805555555513,0.15,-1
1021,6403,4.743402777777735,0.15,-1
1022,6404,4.749999999999957,0.15,-1
1023,6405,4.7565972222221795,0.15,-1
1024,6406,4.763194444444402,0.15,-1
1025,6407,4.769791666666624,0.15,-1
1026,6408,4.776388888888846,0.15,-1
1027,6409,4.782986111111068,0.15,-1
1028,6410,4.78958333333329,0.15,-1
1029,6411,4.796180555555512,0.15,-1
1030,6412,4.8027777777777345,0.15,-1
1031,6413,4.809374999999957,0.15,-1
1032,6414,4.815972222222179,0.15,-1
1033,6415,4.822569444444401,0.15,-1
1034,6416,4.829166666666623,0.15,-1
1035,6417,4.835763888888845,0.15,-1
1036,6418,4.842361111111067,0.15,-1
1037,6419,4.8489583333332895,0.15,-1
1038,6420,4.855555555555512,0.15,-1
1039,6421,4.862152777777734,0.15,-1
1040,6422,4.868749999999956,0.15,-1
1041,6423,4.875347222222178,0.15,-1
1042,6424,4.8819444444444,0.15,-1
1043,6425,4.888541666666622,0.15,-1
1044,6426,4.8951388888888445,0.15,-1
1045,6427,4.901736111111067,0.15,-1
1046,6428,4.908333333333289,0.15,-1
1047,6429,4.914930555555511,0.15,-1
1048,6430,4.921527777777733,0.15,-1
1049,6431,4.928124999999955,0.15,-1
1050,6432,4.928124999999955,0.15,9
1051,6433,4.928124999999955,0.15,9
1052,6434,4.928124999999955,0.15,9
1053,6435,4.928124999999955,0.15,9
1054,6436,4.928124999999955,0.15,9
1055,6437,4.928124999999955,0.15,9
1056,6438,4.928124999999955,0.15,9
1057,6439,4.928124999999955,0.15,9
1058,6440,4.928124999999955,0.15,9
1059,6441,4.928124999999955,0.15,9
1060,6442,4.928124999999955,0.15,9
1061,6443,4.928124999999955,0.15,9
1062,6444,4.928124999999955,0.15,9
1063,6445,4.928124999999955,0.15,9
1064,6446,4.928124999999955,0.15,9
1065,6447,4.928124999999955,0.15,9
1066,6448,4.928124999999955,0.15,9
1067,6449,4.928124999999955,0.15,9
1068,6450,4.928124999999955,0.15,9
1069,6451,4.928124999999955,0.15,9
1070,6452,4.928124999999955,0.15,9
1071,6453,4.928124999999955,0.15,9
1072,6454,4.928124999999955,0.15,9
1073,6455,4.928124999999955,0.15,9
1074,6456,4.928124999999955,0.15,9
1075,6457,4.928124999999955,0.15,9
1076,6458,4.928124999999955,0.15,9
1077,6459,4.928124999999955,0.15,9
1078,6460,4.928124999999955,0.15,9
1079,6461,4.928124999999955,0.15,9
1080,6462,4.928124999999955,0.15,9
1081,6463,4.928124999999955,0.15,9
1082,6464,4.928124999999955,0.15,9
1083,6465,4.928124999999955,0.15,9
1084,6466,4.928124999999955,0.15,9
1085,6467,4.928124999999955,0.15,9
1086,6468,4.928124999999955,0.15,9
1087,6469,4.928124999999955,0.15,9
1088,6470,4.928124999999955,0.15,9
1089,6471,4.928124999999955,0.15,9
1090,6472,4.928124999999955,0.15,9
1091,6473,4.928124999999955,0.15,9
1092,6474,4.928124999999955,0.15,9
1093,6475,4.928124999999955,0.15,9
1094,6476,4.928124999999955,0.15,9
1095,6477,4.928124999999955,0.15,9
1096,6478,4.928124999999955,0.15,9
1097,6479,4.928124999999955,0.15,9
1098,6480,4.928124999999955,0.15,9
1099,6481,4.928124999999955,0.15,9
1100,6482,4.928124999999955,0.15,9
1101,6483,4.928124999999955,0.15,9
1102,6484,4.928124999999955,0.15,9
1103,6485,4.928124999999955,0.15,9
1104,6486,4.928124999999955,0.15,9
1105,6487,4.928124999999955,0.15,9
1106,6488,4.928124999999955,0.15,9
1107,6489,4.928124999999955,0.15,9
1108,6490,4.928124999999955,0.15,9
1109,6491,4.928124999999955,0.15,9
1110,6492,4.928124999999955,0.15,9
1111,6493,4.928124999999955,0.15,9
1112,6494,4.928124999999955,0.15,9
1113,6495,4.928124999999955,0.15,9
1114,6496,4.928124999999955,0.15,9
1115,6497,4.928124999999955,0.15,9
1116,6498,4.928124999999955,0.15,9
1117,6499,4.928124999999955,0.15,9
1118,6500,4.928124999999955,0.15,9
1119,6501,4.928124999999955,0.15,9
1120,6502,4.928124999999955,0.15,9
1121,6503,4.928124999999955,0.15,9
1122,6504,4.928124999999955,0.15,9
1123,6505,4.928124999999955,0.15,9
1124,6506,4.928124999999955,0.15,9
1125,6507,4.928124999999955,0.15,9
1126,6508,4.928124999999955,0.15,9
1127,6509,4.928124999999955,0.15,9
1128,6510,4.928124999999955,0.15,9
1129,6511,4.928124999999955,0.15,9
1130,6512,4.934722222222177,0.15,-1
1131,6513,4.9413194444443995,0.15,-1
1132,6514,4.947916666666622,0.15,-1
1133,6515,4.954513888888844,0.15,-1
1134,6516,4.961111111111066,0.15,-1
1135,6517,4.967708333333288,0.15,-1
1136,6518,4.97430555555551,0.15,-1
1137,6519,4.980902777777732,0.15,-1
1138,6520,4.9874999999999545,0.15,-1
1139,6521,4.994097222222177,0.15,-1
1140,6522,5.000694444444399,0.15,-1
1141,6523,5.007291666666621,0.15,-1
1142,6524,5.013888888888843,0.15,-1
1143,6525,5.020486111111065,0.15,-1
1144,6526,5.027083333333287,0.15,-1
1145,6527,5.0336805555555095,0.15,-1
1146,6528,5.040277777777732,0.15,-1
1147,6529,5.046874999999954,0.15,-1
1148,6530,5.053472222222176,0.15,-1
1149,6531,5.060069444444398,0.15,-1
1150,6532,5.06666666666662,0.15,-1
1151,6533,5.073263888888842,0.15,-1
1152,6534,5.0798611111110645,0.15,-1
1153,6535,5.086458333333287,0.15,-1
1154,6536,5.093055555555509,0.15,-1
1155,6537,5.099652777777731,0.15,-1
1156,6538,5.106249999999953,0.15,-1
1157,6539,5.112847222222175,0.15,-1
1158,6540,5.119444444444397,0.15,-1
1159,6541,5.1260416666666195,0.15,-1
1160,6542,5.132638888888842,0.15,-1
1161,6543,5.139236111111064,0.15,-1
1162,6544,5.145833333333286,0.15,-1
1163,6545,5.152430555555508,0.15,-1
1164,6546,5.15902777777773,0.15,-1
1165,6547,5.165624999999952,0.15,-1
1166,6548,5.1722222222221745,0.15,-1
1167,6549,5.178819444444397,0.15,-1
1168,6550,5.185416666666619,0.15,-1
1169,6551,5.192013888888841,0.15,-1
1170,6552,5.198611111111063,0.15,-1
1171,6553,5.205208333333285,0.15,-1
1172,6554,5.211805555555507,0.15,-1
1173,6555,5.2184027777777295,0.15,-1
1174,6556,5.224999999999952,0.15,-1
1175,6557,5.231597222222174,0.15,-1
1176,6558,5.238194444444396,0.15,-1
1177,6559,5.244791666666618,0.15,-1
1178,6560,5.25138888888884,0.15,-1
1179,6561,5.257986111111062,0.15,-1
1180,6562,5.2645833333332845,0.15,-1
1181,6563,5.271180555555507,0.15,-1
1182,6564,5.277777777777729,0.15,-1
1183,6565,5.284374999999951,0.15,-1
1184,6566,5.290972222222173,0.15,-1
1185,6567,5.297569444444395,0.15,-1
1186,6568,5.304166666666617,0.15,-1
1187,6569,5.3107638888888395,0.15,-1
1188,6570,5.317361111111062,0.15,-1
1189,6571,5.323958333333284,0.15,-1
1190,6572,5.330555555555506,0.15,-1
1191,6573,5.337152777777728,0.15,-1
1192,6574,5.34374999999995,0.15,-1
1193,6575,5.350347222222172,0.15,-1
1194,6576,5.3569444444443945,0.15,-1
1195,6577,5.363541666666617,0.15,-1
1196,6578,5.370138888888839,0.15,-1
1197,6579,5.376736111111061,0.15,-1
1198,6580,5.383333333333283,0.15,-1
1199,6581,5.389930555555505,0.15,-1
1200,6582,5.396527777777727,0.15,-1
1201,6583,5.4031249999999496,0.15,-1
1202,6584,5.409722222222172,0.15,-1
1203,6585,5.416319444444394,0.15,-1
1204,6586,5.422916666666616,0.15,-1
1205,6587,5.429513888888838,0.15,-1
1206,6588,5.43611111111106,0.15,-1
1207,6589,5.442708333333282,0.15,-1
1208,6590,5.4493055555555046,0.15,-1
1209,6591,5.455902777777727,0.15,-1
1210,6592,5.462499999999949,0.15,-1
1211,6593,5.469097222222171,0.15,-1
1212,6594,5.475694444444393,0.15,-1
1213,6595,5.482291666666615,0.15,-1
1214,6596,5.488888888888837,0.15,-1
1215,6597,5.49548611111106,0.15,-1
1216,6598,5.502083333333282,0.15,-1
1217,6599,5.508680555555504,0.15,-1
1218,6600,5.515277777777726,0.15,-1
1219,6601,5.521874999999948,0.15,-1
1220,6602,5.52847222222217,0.15,-1
1221,6603,5.535069444444392,0.15,-1
1222,6604,5.541666666666615,0.15,-1
1223,6605,5.548263888888837,0.15,-1
1224,6606,5.554861111111059,0.15,-1
1225,6607,5.561458333333281,0.15,-1
1226,6608,5.568055555555503,0.15,-1
1227,6609,5.574652777777725,0.15,-1
1228,6610,5.581249999999947,0.15,-1
1229,6611,5.58784722222217,0.15,-1
1230,6612,5.594444444444392,0.15,-1
1231,6613,5.601041666666614,0.15,-1
1232,6614,5.607638888888836,0.15,-1
1233,6615,5.614236111111058,0.15,-1
1234,6616,5.62083333333328,0.15,-1
1235,6617,5.627430555555502,0.15,-1
1236,6618,5.634027777777725,0.15,-1
1237,6619,5.640624999999947,0.15,-1
1238,6620,5.647222222222169,0.15,-1
1239,6621,5.653819444444391,0.15,-1
1240,6622,5.660416666666613,0.15,-1
1241,6623,5.667013888888835,0.15,-1
1242,6624,5.673611111111057,0.15,-1
1243,6625,5.68020833333328,0.15,-1
1244,6626,5.686805555555502,0.15,-1
1245,6627,5.693402777777724,0.15,-1
1246,6628,5.699999999999946,0.15,-1
1247,6629,5.706597222222168,0.15,-1
1248,6630,5.71319444444439,0.15,-1
1249,6631,5.719791666666612,0.15,-1
1250,6632,5.726388888888835,0.15,-1
1251,6633,5.732986111111057,0.15,-1
1252,6634,5.739583333333279,0.15,-1
1253,6635,5.746180555555501,0.15,-1
1254,6636,5.752777777777723,0.15,-1
1255,6637,5.759374999999945,0.15,-1
1256,6638,5.765972222222167,0.15,-1
1257,6639,5.77256944444439,0.15,-1
1258,6640,5.779166666666612,0.15,-1
1259,6641,5.785763888888834,0.15,-1
1260,6642,5.792361111111056,0.15,-1
1261,6643,5.798958333333278,0.15,-1
1262,6644,5.8055555555555,0.15,-1
1263,6645,5.812152777777722,0.15,-1
1264,6646,5.818749999999945,0.15,-1
1265,6647,5.825347222222167,0.15,-1
1266,6648,5.831944444444389,0.15,-1
1267,6649,5.838541666666611,0.15,-1
1268,6650,5.845138888888833,0.15,-1
1269,6651,5.851736111111055,0.15,-1
1270,6652,5.858333333333277,0.15,-1
1271,6653,5.8649305555555,0.15,-1
1272,6654,5.871527777777722,0.15,-1
1273,6655,5.878124999999944,0.15,-1
1274,6656,5.884722222222166,0.15,-1
1275,6657,5.891319444444388,0.15,-1
1276,6658,5.89791666666661,0.15,-1
1277,6659,5.904513888888832,0.15,-1
1278,6660,5.911111111111055,0.15,-1
1279,6661,5.917708333333277,0.15,-1
1280,6662,5.924305555555499,0.15,-1
1281,6663,5.930902777777721,0.15,-1
1282,6664,5.937499999999943,0.15,-1
1283,6665,5.944097222222165,0.15,-1
1284,6666,5.950694444444387,0.15,-1
1285,6667,5.95729166666661,0.15,-1
1286,6668,5.963888888888832,0.15,-1
1287,6669,5.970486111111054,0.15,-1
1288,6670,5.977083333333276,0.15,-1
1289,6671,5.983680555555498,0.15,-1
1290,6672,5.99027777777772,0.15,-1
1291,6673,5.9968749999999424,0.15,-1
1292,6674,6.003472222222165,0.15,-1
1293,6675,6.010069444444387,0.15,-1
1294,6676,6.016666666666609,0.15,-1
1295,6677,6.023263888888831,0.15,-1
1296,6678,6.029861111111053,0.15,-1
1297,6679,6.036458333333275,0.15,-1
1298,6680,6.0430555555554974,0.15,-1
1299,6681,6.04965277777772,0.15,-1
1300,6682,6.056249999999942,0.15,-1
1301,6683,6.062847222222164,0.15,-1
1302,6684,6.069444444444386,0.15,-1
1303,6685,6.076041666666608,0.15,-1
1304,6686,6.08263888888883,0.15,-1
1305,6687,6.0892361111110525,0.15,-1
1306,6688,6.095833333333275,0.15,-1
1307,6689,6.102430555555497,0.15,-1
1308,6690,6.109027777777719,0.15,-1
1309,6691,6.115624999999941,0.15,-1
1310,6692,6.122222222222163,0.15,-1
1311,6693,6.128819444444385,0.15,-1
1312,6694,6.1354166666666075,0.15,-1
1313,6695,6.14201388888883,0.15,-1
1314,6696,6.148611111111052,0.15,-1
1315,6697,6.155208333333274,0.15,-1
1316,6698,6.161805555555496,0.15,-1
1317,6699,6.168402777777718,0.15,-1
1318,6700,6.17499999999994,0.15,-1
1319,6701,6.1815972222221625,0.15,-1
1320,6702,6.188194444444385,0.15,-1
1321,6703,6.194791666666607,0.15,-1
1322,6704,6.201388888888829,0.15,-1
1323,6705,6.207986111111051,0.15,-1
1324,6706,6.214583333333273,0.15,-1
1325,6707,6.221180555555495,0.15,-1
1326,6708,6.2277777777777175,0.15,-1
1327,6709,6.23437499999994,0.15,-1
1328,6710,6.240972222222162,0.15,-1
1329,6711,6.247569444444384,0.15,-1
1330,6712,6.254166666666606,0.15,-1
1331,6713,6.260763888888828,0.15,-1
1332,6714,6.26736111111105,0.15,-1
1333,6715,6.2739583333332725,0.15,-1
1334,6716,6.280555555555495,0.15,-1
1335,6717,6.287152777777717,0.15,-1
1336,6718,6.293749999999939,0.15,-1
1337,6719,6.300347222222161,0.15,-1
1338,6720,6.306944444444383,0.15,-1
1339,6721,6.313541666666605,0.15,-1
1340,6722,6.3201388888888275,0.15,-1
1341,6723,6.32673611111105,0.15,-1
1342,6724,6.333333333333272,0.15,-1
1343,6725,6.339930555555494,0.15,-1
1344,6726,6.346527777777716,0.15,-1
1345,6727,6.353124999999938,0.15,-1
1346,6728,6.35972222222216,0.15,-1
1347,6729,6.3663194444443825,0.15,-1
1348,6730,6.372916666666605,0.15,-1
1349,6731,6.379513888888827,0.15,-1
1350,6732,6.386111111111049,0.15,-1
1351,6733,6.392708333333271,0.15,-1
1352,6734,6.399305555555493,0.15,-1
1353,6735,6.405902777777715,0.15,-1
1354,6736,6.4124999999999375,0.15,-1
1355,6737,6.41909722222216,0.15,-1
1356,6738,6.425694444444382,0.15,-1
1357,6739,6.432291666666604,0.15,-1
1358,6740,6.438888888888826,0.15,-1
1359,6741,6.445486111111048,0.15,-1
1360,6742,6.45208333333327,0.15,-1
1361,6743,6.4586805555554925,0.15,-1
1362,6744,6.465277777777715,0.15,-1
1363,6745,6.471874999999937,0.15,-1
1364,6746,6.478472222222159,0.15,-1
1365,6747,6.485069444444381,0.15,-1
1366,6748,6.491666666666603,0.15,-1
1367,6749,6.491666666666603,0.16666666666666666,11
1368,6750,6.491666666666603,0.16666666666666666,11
1369,6751,6.491666666666603,0.16666666666666666,11
1370,6752,6.491666666666603,0.16666666666666666,11
1371,6753,6.491666666666603,0.16666666666666666,11
1372,6754,6.491666666666603,0.16666666666666666,11
1373,6755,6.491666666666603,0.16666666666666666,11
1374,6756,6.491666666666603,0.16666666666666666,11
1375,6757,6.491666666666603,0.16666666666666666,11
1376,6758,6.491666666666603,0.16666666666666666,11
1377,6759,6.491666666666603,0.16666666666666666,11
1378,6760,6.491666666666603,0.16666666666666666,11
1379,6761,6.491666666666603,0.16666666666666666,11
1380,6762,6.491666666666603,0.16666666666666666,11
1381,6763,6.491666666666603,0.16666666666666666,11
1382,6764,6.491666666666603,0.16666666666666666,11
1383,6765,6.491666666666603,0.16666666666666666,11
1384,6766,6.491666666666603,0.16666666666666666,11
1385,6767,6.491666666666603,0.16666666666666666,11
1386,6768,6.491666666666603,0.16666666666666666,11
1387,6769,6.491666666666603,0.16666666666666666,11
1388,6770,6.491666666666603,0.16666666666666666,11
1389,6771,6.491666666666603,0.16666666666666666,11
1390,6772,6.491666666666603,0.16666666666666666,11
1391,6773,6.491666666666603,0.16666666666666666,11
1392,6774,6.491666666666603,0.16666666666666666,11
1393,6775,6.491666666666603,0.16666666666666666,11
1394,6776,6.491666666666603,0.16666666666666666,11
1395,6777,6.491666666666603,0.16666666666666666,11
1396,6778,6.491666666666603,0.16666666666666666,11
1397,6779,6.491666666666603,0.16666666666666666,11
1398,6780,6.491666666666603,0.16666666666666666,11
1399,6781,6.491666666666603,0.16666666666666666,11
1400,6782,6.491666666666603,0.16666666666666666,11
1401,6783,6.491666666666603,0.16666666666666666,11
1402,6784,6.491666666666603,0.16666666666666666,11
1403,6785,6.491666666666603,0.16666666666666666,11
1404,6786,6.491666666666603,0.16666666666666666,11
1405,6787,6.491666666666603,0.16666666666666666,11
1406,6788,6.491666666666603,0.16666666666666666,11
1407,6789,6.491666666666603,0.16666666666666666,11
1408,6790,6.491666666666603,0.16666666666666666,11
1409,6791,6.491666666666603,0.16666666666666666,11
1410,6792,6.491666666666603,0.16666666666666666,11
1411,6793,6.491666666666603,0.16666666666666666,11
1412,6794,6.491666666666603,0.16666666666666666,11
1413,6795,6.491666666666603,0.16666666666666666,11
1414,6796,6.491666666666603,0.16666666666666666,11
1415,6797,6.491666666666603,0.16666666666666666,11
1416,6798,6.491666666666603,0.16666666666666666,11
1417,6799,6.491666666666603,0.16666666666666666,11
1418,6800,6.491666666666603,0.16666666666666666,11
1419,6801,6.491666666666603,0.16666666666666666,11
1420,6802,6.491666666666603,0.16666666666666666,11
1421,6803,6.491666666666603,0.16666666666666666,11
1422,6804,6.491666666666603,0.16666666666666666,11
1423,6805,6.491666666666603,0.16666666666666666,11
1424,6806,6.491666666666603,0.16666666666666666,11
1425,6807,6.491666666666603,0.16666666666666666,11
1426,6808,6.491666666666603,0.16666666666666666,11
1427,6809,6.491666666666603,0.16666666666666666,11
1428,6810,6.491666666666603,0.16666666666666666,11
1429,6811,6.491666666666603,0.16666666666666666,11
1430,6812,6.491666666666603,0.16666666666666666,11
1431,6813,6.491666666666603,0.16666666666666666,11
1432,6814,6.491666666666603,0.16666666666666666,11
1433,6815,6.491666666666603,0.16666666666666666,11
1434,6816,6.498263888888825,0.16666666666666666,-1
1435,6817,6.5048611111110475,0.16666666666666666,-1
1436,6818,6.51145833333327,0.16666666666666666,-1
1437,6819,6.518055555555492,0.16666666666666666,-1
1438,6820,6.524652777777714,0.16666666666666666,-1
1439,6821,6.531249999999936,0.16666666666666666,-1
1440,6822,6.537847222222158,0.16666666666666666,-1
1441,6823,6.54444444444438,0.16666666666666666,-1
1442,6824,6.5510416666666025,0.16666666666666666,-1
1443,6825,6.557638888888825,0.16666666666666666,-1
1444,6826,6.564236111111047,0.16666666666666666,-1
1445,6827,6.570833333333269,0.16666666666666666,-1
1446,6828,6.577430555555491,0.16666666666666666,-1
1447,6829,6.584027777777713,0.16666666666666666,-1
1448,6830,6.590624999999935,0.16666666666666666,-1
1449,6831,6.5972222222221575,0.16666666666666666,-1
1450,6832,6.60381944444438,0.16666666666666666,-1
1451,6833,6.610416666666602,0.16666666666666666,-1
1452,6834,6.617013888888824,0.16666666666666666,-1
1453,6835,6.623611111111046,0.16666666666666666,-1
1454,6836,6.630208333333268,0.16666666666666666,-1
1455,6837,6.63680555555549,0.16666666666666666,-1
1456,6838,6.6434027777777125,0.16666666666666666,-1
1457,6839,6.649999999999935,0.16666666666666666,-1
1458,6840,6.656597222222157,0.16666666666666666,-1
1459,6841,6.663194444444379,0.16666666666666666,-1
1460,6842,6.669791666666601,0.16666666666666666,-1
1461,6843,6.676388888888823,0.16666666666666666,-1
1462,6844,6.682986111111045,0.16666666666666666,-1
1463,6845,6.6895833333332675,0.16666666666666666,-1
1464,6846,6.69618055555549,0.16666666666666666,-1
1465,6847,6.702777777777712,0.16666666666666666,-1
1466,6848,6.709374999999934,0.16666666666666666,-1
1467,6849,6.715972222222156,0.16666666666666666,-1
1468,6850,6.722569444444378,0.16666666666666666,-1
1469,6851,6.7291666666666,0.16666666666666666,-1
1470,6852,6.7357638888888225,0.16666666666666666,-1
1471,6853,6.742361111111045,0.16666666666666666,-1
1472,6854,6.748958333333267,0.16666666666666666,-1
1473,6855,6.755555555555489,0.16666666666666666,-1
1474,6856,6.762152777777711,0.16666666666666666,-1
1475,6857,6.768749999999933,0.16666666666666666,-1
1476,6858,6.775347222222155,0.16666666666666666,-1
1477,6859,6.7819444444443775,0.16666666666666666,-1
1478,6860,6.7885416666666,0.16666666666666666,-1
1479,6861,6.795138888888822,0.16666666666666666,-1
1480,6862,6.801736111111044,0.16666666666666666,-1
1481,6863,6.808333333333266,0.16666666666666666,-1
1482,6864,6.814930555555488,0.16666666666666666,-1
1483,6865,6.82152777777771,0.16666666666666666,-1
1484,6866,6.8281249999999325,0.16666666666666666,-1
1485,6867,6.834722222222155,0.16666666666666666,-1
1486,6868,6.841319444444377,0.16666666666666666,-1
1487,6869,6.847916666666599,0.16666666666666666,-1
1488,6870,6.854513888888821,0.16666666666666666,-1
1489,6871,6.861111111111043,0.16666666666666666,-1
1490,6872,6.867708333333265,0.16666666666666666,-1
1491,6873,6.8743055555554875,0.16666666666666666,-1
1492,6874,6.88090277777771,0.16666666666666666,-1
1493,6875,6.887499999999932,0.16666666666666666,-1
1494,6876,6.894097222222154,0.16666666666666666,-1
1495,6877,6.900694444444376,0.16666666666666666,-1
1496,6878,6.907291666666598,0.16666666666666666,-1
1497,6879,6.91388888888882,0.16666666666666666,-1
1498,6880,6.9204861111110425,0.16666666666666666,-1
1499,6881,6.927083333333265,0.16666666666666666,-1
1500,6882,6.933680555555487,0.16666666666666666,-1
1501,6883,6.933680555555487,0.175,12
1502,6884,6.933680555555487,0.175,12
1503,6885,6.933680555555487,0.175,12
1504,6886,6.940277777777709,0.175,-1
1505,6887,6.946874999999931,0.175,-1
1506,6888,6.953472222222153,0.175,-1
1507,6889,6.960069444444375,0.175,-1
1508,6890,6.9666666666665975,0.175,-1
1509,6891,6.97326388888882,0.175,-1
1510,6892,6.979861111111042,0.175,-1
1511,6893,6.986458333333264,0.175,-1
1512,6894,6.993055555555486,0.175,-1
1513,6895,6.999652777777708,0.175,-1
1514,6896,7.00624999999993,0.175,-1
1515,6897,7.0128472222221525,0.175,-1
1516,6898,7.019444444444375,0.175,-1
1517,6899,7.026041666666597,0.175,-1
1518,6900,7.032638888888819,0.175,-1
1519,6901,7.039236111111041,0.175,-1
1520,6902,7.045833333333263,0.175,-1
1521,6903,7.052430555555485,0.175,-1
1522,6904,7.0590277777777075,0.175,-1
1523,6905,7.06562499999993,0.175,-1
1524,6906,7.072222222222152,0.175,-1
1525,6907,7.078819444444374,0.175,-1
1526,6908,7.085416666666596,0.175,-1
1527,6909,7.092013888888818,0.175,-1
1528,6910,7.09861111111104,0.175,-1
1529,6911,7.1052083333332625,0.175,-1
1530,6912,7.111805555555485,0.175,-1
1531,6913,7.118402777777707,0.175,-1
1532,6914,7.124999999999929,0.175,-1
1533,6915,7.131597222222151,0.175,-1
1534,6916,7.138194444444373,0.175,-1
1535,6917,7.144791666666595,0.175,-1
1536,6918,7.1513888888888175,0.175,-1
1537,6919,7.15798611111104,0.175,-1
1538,6920,7.164583333333262,0.175,-1
1539,6921,7.171180555555484,0.175,-1
1540,6922,7.177777777777706,0.175,-1
1541,6923,7.184374999999928,0.175,-1
1542,6924,7.19097222222215,0.175,-1
1543,6925,7.1975694444443725,0.175,-1
1544,6926,7.204166666666595,0.175,-1
1545,6927,7.210763888888817,0.175,-1
1546,6928,7.217361111111039,0.175,-1
1547,6929,7.223958333333261,0.175,-1
1548,6930,7.230555555555483,0.175,-1
1549,6931,7.237152777777705,0.175,-1
1550,6932,7.2437499999999275,0.175,-1
1551,6933,7.25034722222215,0.175,-1
1552,6934,7.256944444444372,0.175,-1
1553,6935,7.263541666666594,0.175,-1
1554,6936,7.270138888888816,0.175,-1
1555,6937,7.276736111111038,0.175,-1
1556,6938,7.28333333333326,0.175,-1
1557,6939,7.2899305555554825,0.175,-1
1558,6940,7.296527777777705,0.175,-1
1559,6941,7.296527777777705,0.18333333333333332,13
1560,6942,7.296527777777705,0.18333333333333332,13
1561,6943,7.296527777777705,0.18333333333333332,13
1562,6944,7.296527777777705,0.18333333333333332,13
1563,6945,7.296527777777705,0.18333333333333332,13
1564,6946,7.296527777777705,0.18333333333333332,13
1565,6947,7.296527777777705,0.18333333333333332,13
1566,6948,7.296527777777705,0.18333333333333332,13
1567,6949,7.296527777777705,0.18333333333333332,13
1568,6950,7.296527777777705,0.18333333333333332,13
1569,6951,7.296527777777705,0.18333333333333332,13
1570,6952,7.296527777777705,0.18333333333333332,13
1571,6953,7.296527777777705,0.18333333333333332,13
1572,6954,7.296527777777705,0.18333333333333332,13
1573,6955,7.296527777777705,0.18333333333333332,13
1574,6956,7.296527777777705,0.18333333333333332,13
1575,6957,7.296527777777705,0.18333333333333332,13
1576,6958,7.296527777777705,0.18333333333333332,13
1577,6959,7.296527777777705,0.18333333333333332,13
1578,6960,7.296527777777705,0.18333333333333332,13
1579,6961,7.296527777777705,0.18333333333333332,13
1580,6962,7.296527777777705,0.18333333333333332,13
1581,6963,7.296527777777705,0.18333333333333332,13
1582,6964,7.296527777777705,0.18333333333333332,13
1583,6965,7.296527777777705,0.18333333333333332,13
1584,6966,7.296527777777705,0.18333333333333332,13
1585,6967,7.296527777777705,0.18333333333333332,13
1586,6968,7.296527777777705,0.18333333333333332,13
1587,6969,7.296527777777705,0.18333333333333332,13
1588,6970,7.296527777777705,0.18333333333333332,13
1589,6971,7.296527777777705,0.18333333333333332,13
1590,6972,7.296527777777705,0.18333333333333332,13
1591,6973,7.296527777777705,0.18333333333333332,13
1592,6974,7.296527777777705,0.18333333333333332,13
1593,6975,7.296527777777705,0.18333333333333332,13
1594,6976,7.296527777777705,0.18333333333333332,13
1595,6977,7.296527777777705,0.18333333333333332,13
1596,6978,7.296527777777705,0.18333333333333332,13
1597,6979,7.296527777777705,0.18333333333333332,13
1598,6980,7.296527777777705,0.18333333333333332,13
1599,6981,7.296527777777705,0.18333333333333332,13
1600,6982,7.296527777777705,0.18333333333333332,13
1601,6983,7.296527777777705,0.18333333333333332,13
1602,6984,7.296527777777705,0.18333333333333332,13
1603,6985,7.296527777777705,0.18333333333333332,13
1604,6986,7.296527777777705,0.18333333333333332,13
1605,6987,7.296527777777705,0.18333333333333332,13
1606,6988,7.296527777777705,0.18333333333333332,13
1607,6989,7.296527777777705,0.18333333333333332,13
1608,6990,7.296527777777705,0.18333333333333332,13
1609,6991,7.296527777777705,0.18333333333333332,13
1610,6992,7.296527777777705,0.18333333333333332,13
1611,6993,7.296527777777705,0.18333333333333332,13
1612,6994,7.296527777777705,0.18333333333333332,13
1613,6995,7.296527777777705,0.18333333333333332,13
1614,6996,7.296527777777705,0.18333333333333332,13
1615,6997,7.296527777777705,0.18333333333333332,13
1616,6998,7.296527777777705,0.18333333333333332,13
1617,6999,7.296527777777705,0.18333333333333332,13
1618,7000,7.296527777777705,0.18333333333333332,13
1619,7001,7.296527777777705,0.18333333333333332,13
1620,7002,7.296527777777705,0.18333333333333332,13
1621,7003,7.296527777777705,0.18333333333333332,13
1622,7004,7.296527777777705,0.18333333333333332,13
1623,7005,7.296527777777705,0.18333333333333332,13
1624,7006,7.296527777777705,0.18333333333333332,13
1625,7007,7.296527777777705,0.18333333333333332,13
1626,7008,7.296527777777705,0.18333333333333332,13
1627,7009,7.296527777777705,0.18333333333333332,13
1628,7010,7.296527777777705,0.18333333333333332,13
1629,7011,7.296527777777705,0.18333333333333332,13
1630,7012,7.296527777777705,0.18333333333333332,13
1631,7013,7.296527777777705,0.18333333333333332,13
1632,7014,7.296527777777705,0.18333333333333332,13
1633,7015,7.296527777777705,0.18333333333333332,13
1634,7016,7.296527777777705,0.18333333333333332,13
1635,7017,7.296527777777705,0.18333333333333332,13
1636,7018,7.296527777777705,0.18333333333333332,13
1637,7019,7.296527777777705,0.18333333333333332,13
1638,7020,7.296527777777705,0.18333333333333332,13
1639,7021,7.296527777777705,0.18333333333333332,13
1640,7022,7.296527777777705,0.18333333333333332,13
1641,7023,7.296527777777705,0.18333333333333332,13
1642,7024,7.296527777777705,0.18333333333333332,13
1643,7025,7.296527777777705,0.18333333333333332,13
1644,7026,7.296527777777705,0.18333333333333332,13
1645,7027,7.296527777777705,0.18333333333333332,13
1646,7028,7.296527777777705,0.18333333333333332,13
1647,7029,7.296527777777705,0.18333333333333332,13
1648,7030,7.296527777777705,0.18333333333333332,13
1649,7031,7.296527777777705,0.18333333333333332,13
1650,7032,7.296527777777705,0.18333333333333332,13
1651,7033,7.296527777777705,0.18333333333333332,13
1652,7034,7.296527777777705,0.18333333333333332,13
1653,7035,7.296527777777705,0.18333333333333332,13
1654,7036,7.296527777777705,0.18333333333333332,13
1655,7037,7.296527777777705,0.18333333333333332,13
1656,7038,7.296527777777705,0.18333333333333332,13
1657,7039,7.296527777777705,0.18333333333333332,13
1658,7040,7.296527777777705,0.18333333333333332,13
1659,7041,7.296527777777705,0.18333333333333332,13
1660,7042,7.296527777777705,0.18333333333333332,13
1661,7043,7.296527777777705,0.18333333333333332,13
1662,7044,7.296527777777705,0.18333333333333332,13
1663,7045,7.296527777777705,0.18333333333333332,13
1664,7046,7.296527777777705,0.18333333333333332,13
1665,7047,7.296527777777705,0.18333333333333332,13
1666,7048,7.296527777777705,0.18333333333333332,13
1667,7049,7.296527777777705,0.18333333333333332,13
1668,7050,7.296527777777705,0.18333333333333332,13
1669,7051,7.296527777777705,0.18333333333333332,13
1670,7052,7.296527777777705,0.18333333333333332,13
1671,7053,7.296527777777705,0.18333333333333332,13
1672,7054,7.296527777777705,0.18333333333333332,13
1673,7055,7.296527777777705,0.18333333333333332,13
1674,7056,7.296527777777705,0.18333333333333332,13
1675,7057,7.296527777777705,0.18333333333333332,13
1676,7058,7.296527777777705,0.18333333333333332,13
1677,7059,7.296527777777705,0.18333333333333332,13
1678,7060,7.296527777777705,0.18333333333333332,13
1679,7061,7.296527777777705,0.18333333333333332,13
1680,7062,7.296527777777705,0.18333333333333332,13
1681,7063,7.296527777777705,0.18333333333333332,13
1682,7064,7.296527777777705,0.18333333333333332,13
1683,7065,7.296527777777705,0.18333333333333332,13
1684,7066,7.296527777777705,0.18333333333333332,13
1685,7067,7.296527777777705,0.18333333333333332,13
1686,7068,7.296527777777705,0.18333333333333332,13
1687,7069,7.296527777777705,0.18333333333333332,13
1688,7070,7.296527777777705,0.18333333333333332,13
1689,7071,7.296527777777705,0.18333333333333332,13
1690,7072,7.296527777777705,0.18333333333333332,13
1691,7073,7.296527777777705,0.18333333333333332,13
1692,7074,7.296527777777705,0.18333333333333332,13
1693,7075,7.296527777777705,0.18333333333333332,13
1694,7076,7.296527777777705,0.18333333333333332,13
1695,7077,7.296527777777705,0.18333333333333332,13
1696,7078,7.296527777777705,0.18333333333333332,13
1697,7079,7.296527777777705,0.18333333333333332,13
1698,7080,7.296527777777705,0.18333333333333332,13
1699,7081,7.296527777777705,0.18333333333333332,13
1700,7082,7.296527777777705,0.18333333333333332,13
1701,7083,7.296527777777705,0.18333333333333332,13
1702,7084,7.296527777777705,0.18333333333333332,13
1703,7085,7.296527777777705,0.18333333333333332,13
1704,7086,7.296527777777705,0.18333333333333332,13
1705,7087,7.296527777777705,0.18333333333333332,13
1706,7088,7.296527777777705,0.18333333333333332,13
1707,7089,7.296527777777705,0.18333333333333332,13
1708,7090,7.296527777777705,0.18333333333333332,13
1709,7091,7.296527777777705,0.18333333333333332,13
1710,7092,7.296527777777705,0.18333333333333332,13
1711,7093,7.296527777777705,0.18333333333333332,13
1712,7094,7.296527777777705,0.18333333333333332,13
1713,7095,7.296527777777705,0.18333333333333332,13
1714,7096,7.296527777777705,0.18333333333333332,13
1715,7097,7.296527777777705,0.18333333333333332,13
1716,7098,7.296527777777705,0.18333333333333332,13
1717,7099,7.296527777777705,0.18333333333333332,13
1718,7100,7.296527777777705,0.18333333333333332,13
1719,7101,7.296527777777705,0.18333333333333332,13
1720,7102,7.296527777777705,0.18333333333333332,13
1721,7103,7.296527777777705,0.18333333333333332,13
1722,7104,7.296527777777705,0.18333333333333332,13
1723,7105,7.296527777777705,0.18333333333333332,13
1724,7106,7.296527777777705,0.18333333333333332,13
1725,7107,7.296527777777705,0.18333333333333332,13
1726,7108,7.296527777777705,0.18333333333333332,13
1727,7109,7.303124999999927,0.18333333333333332,-1
1728,7110,7.309722222222149,0.18333333333333332,-1
1729,7111,7.316319444444371,0.18333333333333332,-1
1730,7112,7.322916666666593,0.18333333333333332,-1
1731,7113,7.329513888888815,0.18333333333333332,-1
1732,7114,7.3361111111110375,0.18333333333333332,-1
1733,7115,7.34270833333326,0.18333333333333332,-1
1734,7116,7.349305555555482,0.18333333333333332,-1
1735,7117,7.355902777777704,0.18333333333333332,-1
1736,7118,7.362499999999926,0.18333333333333332,-1
1737,7119,7.369097222222148,0.18333333333333332,-1
1738,7120,7.37569444444437,0.18333333333333332,-1
1739,7121,7.3822916666665925,0.18333333333333332,-1
1740,7122,7.388888888888815,0.18333333333333332,-1
1741,7123,7.395486111111037,0.18333333333333332,-1
1742,7124,7.402083333333259,0.18333333333333332,-1
1743,7125,7.408680555555481,0.18333333333333332,-1
1744,7126,7.415277777777703,0.18333333333333332,-1
1745,7127,7.421874999999925,0.18333333333333332,-1
1746,7128,7.4284722222221475,0.18333333333333332,-1
1747,7129,7.43506944444437,0.18333333333333332,-1
1748,7130,7.441666666666592,0.18333333333333332,-1
1749,7131,7.448263888888814,0.18333333333333332,-1
1750,7132,7.454861111111036,0.18333333333333332,-1
1751,7133,7.461458333333258,0.18333333333333332,-1
1752,7134,7.46805555555548,0.18333333333333332,-1
1753,7135,7.4746527777777025,0.18333333333333332,-1
1754,7136,7.481249999999925,0.18333333333333332,-1
1755,7137,7.487847222222147,0.18333333333333332,-1
1756,7138,7.494444444444369,0.18333333333333332,-1
1757,7139,7.501041666666591,0.18333333333333332,-1
1758,7140,7.507638888888813,0.18333333333333332,-1
1759,7141,7.514236111111035,0.18333333333333332,-1
1760,7142,7.5208333333332575,0.18333333333333332,-1
1761,7143,7.52743055555548,0.18333333333333332,-1
1762,7144,7.534027777777702,0.18333333333333332,-1
1763,7145,7.540624999999924,0.18333333333333332,-1
1764,7146,7.547222222222146,0.18333333333333332,-1
1765,7147,7.553819444444368,0.18333333333333332,-1
1766,7148,7.56041666666659,0.18333333333333332,-1
1767,7149,7.5670138888888125,0.18333333333333332,-1
1768,7150,7.573611111111035,0.18333333333333332,-1
1769,7151,7.580208333333257,0.18333333333333332,-1
1770,7152,7.586805555555479,0.18333333333333332,-1
1771,7153,7.593402777777701,0.18333333333333332,-1
1772,7154,7.599999999999923,0.18333333333333332,-1
1773,7155,7.606597222222145,0.18333333333333332,-1
1774,7156,7.6131944444443675,0.18333333333333332,-1
1775,7157,7.61979166666659,0.18333333333333332,-1
1776,7158,7.626388888888812,0.18333333333333332,-1
1777,7159,7.632986111111034,0.18333333333333332,-1
1778,7160,7.639583333333256,0.18333333333333332,-1
1779,7161,7.646180555555478,0.18333333333333332,-1
1780,7162,7.6527777777777,0.18333333333333332,-1
1781,7163,7.6593749999999226,0.18333333333333332,-1
1782,7164,7.665972222222145,0.18333333333333332,-1
1783,7165,7.672569444444367,0.18333333333333332,-1
1784,7166,7.679166666666589,0.18333333333333332,-1
1785,7167,7.685763888888811,0.18333333333333332,-1
1786,7168,7.692361111111033,0.18333333333333332,-1
1787,7169,7.698958333333255,0.18333333333333332,-1
1788,7170,7.7055555555554776,0.18333333333333332,-1
1789,7171,7.7121527777777,0.18333333333333332,-1
1790,7172,7.718749999999922,0.18333333333333332,-1
1791,7173,7.725347222222144,0.18333333333333332,-1
1792,7174,7.731944444444366,0.18333333333333332,-1
1793,7175,7.738541666666588,0.18333333333333332,-1
1794,7176,7.74513888888881,0.18333333333333332,-1
1795,7177,7.751736111111033,0.18333333333333332,-1
1796,7178,7.758333333333255,0.18333333333333332,-1
1797,7179,7.764930555555477,0.18333333333333332,-1
1798,7180,7.771527777777699,0.18333333333333332,-1
1799,7181,7.778124999999921,0.18333333333333332,-1
1800,7182,7.784722222222143,0.18333333333333332,-1
1801,7183,7.791319444444365,0.18333333333333332,-1
1802,7184,7.797916666666588,0.18333333333333332,-1
1803,7185,7.80451388888881,0.18333333333333332,-1
1804,7186,7.811111111111032,0.18333333333333332,-1
1805,7187,7.817708333333254,0.18333333333333332,-1
1806,7188,7.824305555555476,0.18333333333333332,-1
1807,7189,7.830902777777698,0.18333333333333332,-1
1808,7190,7.83749999999992,0.18333333333333332,-1
1809,7191,7.844097222222143,0.18333333333333332,-1
1810,7192,7.850694444444365,0.18333333333333332,-1
1811,7193,7.857291666666587,0.18333333333333332,-1
1812,7194,7.863888888888809,0.18333333333333332,-1
1813,7195,7.870486111111031,0.18333333333333332,-1
1814,7196,7.877083333333253,0.18333333333333332,-1
1815,7197,7.883680555555475,0.18333333333333332,-1
1816,7198,7.890277777777698,0.18333333333333332,-1
1817,7199,7.89687499999992,0.18333333333333332,-1
1818,7200,7.89687499999992,0.23333333333333334,14
1819,7201,7.89687499999992,0.23333333333333334,14
1820,7202,7.89687499999992,0.23333333333333334,14
1821,7203,7.89687499999992,0.23333333333333334,14
1822,7204,7.89687499999992,0.23333333333333334,14
1823,7205,7.89687499999992,0.23333333333333334,14
1824,7206,7.89687499999992,0.23333333333333334,14
1825,7207,7.89687499999992,0.23333333333333334,14
1826,7208,7.89687499999992,0.23333333333333334,14
1827,7209,7.89687499999992,0.23333333333333334,14
1828,7210,7.89687499999992,0.23333333333333334,14
1829,7211,7.89687499999992,0.23333333333333334,14
1830,7212,7.89687499999992,0.23333333333333334,14
1831,7213,7.89687499999992,0.23333333333333334,14
1832,7214,7.89687499999992,0.23333333333333334,14
1833,7215,7.89687499999992,0.23333333333333334,14
1834,7216,7.89687499999992,0.23333333333333334,14
1835,7217,7.89687499999992,0.23333333333333334,14
1836,7218,7.903472222222142,0.23333333333333334,-1
1837,7219,7.910069444444364,0.23333333333333334,-1
1838,7220,7.916666666666586,0.23333333333333334,-1
1839,7221,7.923263888888808,0.23333333333333334,-1
1840,7222,7.92986111111103,0.23333333333333334,-1
1841,7223,7.936458333333253,0.23333333333333334,-1
1842,7224,7.943055555555475,0.23333333333333334,-1
1843,7225,7.949652777777697,0.23333333333333334,-1
1844,7226,7.956249999999919,0.23333333333333334,-1
1845,7227,7.962847222222141,0.23333333333333334,-1
1846,7228,7.969444444444363,0.23333333333333334,-1
1847,7229,7.976041666666585,0.23333333333333334,-1
1848,7230,7.982638888888808,0.23333333333333334,-1
1849,7231,7.98923611111103,0.23333333333333334,-1
1850,7232,7.995833333333252,0.23333333333333334,-1
1851,7233,8.002430555555474,0.23333333333333334,-1
1852,7234,8.009027777777696,0.23333333333333334,-1
1853,7235,8.015624999999918,0.23333333333333334,-1
1854,7236,8.02222222222214,0.23333333333333334,-1
1855,7237,8.028819444444363,0.23333333333333334,-1
1856,7238,8.035416666666585,0.23333333333333334,-1
1857,7239,8.042013888888807,0.23333333333333334,-1
1858,7240,8.048611111111029,0.23333333333333334,-1
1859,7241,8.055208333333251,0.23333333333333334,-1
1860,7242,8.061805555555473,0.23333333333333334,-1
1861,7243,8.068402777777695,0.23333333333333334,-1
1862,7244,8.074999999999918,0.23333333333333334,-1
1863,7245,8.08159722222214,0.23333333333333334,-1
1864,7246,8.088194444444362,0.23333333333333334,-1
1865,7247,8.094791666666584,0.23333333333333334,-1
1866,7248,8.101388888888806,0.23333333333333334,-1
1867,7249,8.107986111111028,0.23333333333333334,-1
1868,7250,8.11458333333325,0.23333333333333334,-1
1869,7251,8.121180555555473,0.23333333333333334,-1
1870,7252,8.127777777777695,0.23333333333333334,-1
1871,7253,8.134374999999917,0.23333333333333334,-1
1872,7254,8.140972222222139,0.23333333333333334,-1
1873,7255,8.147569444444361,0.23333333333333334,-1
1874,7256,8.154166666666583,0.23333333333333334,-1
1875,7257,8.160763888888805,0.23333333333333334,-1
1876,7258,8.167361111111028,0.23333333333333334,-1
1877,7259,8.17395833333325,0.23333333333333334,-1
1878,7260,8.180555555555472,0.23333333333333334,-1
1879,7261,8.187152777777694,0.23333333333333334,-1
1880,7262,8.193749999999916,0.23333333333333334,-1
1881,7263,8.200347222222138,0.23333333333333334,-1
1882,7264,8.20694444444436,0.23333333333333334,-1
1883,7265,8.213541666666583,0.23333333333333334,-1
1884,7266,8.220138888888805,0.23333333333333334,-1
1885,7267,8.226736111111027,0.23333333333333334,-1
1886,7268,8.233333333333249,0.23333333333333334,-1
1887,7269,8.239930555555471,0.23333333333333334,-1
1888,7270,8.246527777777693,0.23333333333333334,-1
1889,7271,8.253124999999915,0.23333333333333334,-1
1890,7272,8.259722222222138,0.23333333333333334,-1
1891,7273,8.26631944444436,0.23333333333333334,-1
1892,7274,8.272916666666582,0.23333333333333334,-1
1893,7275,8.272916666666582,0.3416666666666667,15
1894,7276,8.272916666666582,0.3416666666666667,15
1895,7277,8.272916666666582,0.3416666666666667,15
1896,7278,8.272916666666582,0.3416666666666667,15
1897,7279,8.272916666666582,0.3416666666666667,15
1898,7280,8.272916666666582,0.3416666666666667,15
1899,7281,8.272916666666582,0.3416666666666667,15
1900,7282,8.272916666666582,0.3416666666666667,15
1901,7283,8.272916666666582,0.3416666666666667,15
1902,7284,8.272916666666582,0.3416666666666667,15
1903,7285,8.272916666666582,0.3416666666666667,15
1904,7286,8.272916666666582,0.3416666666666667,15
1905,7287,8.272916666666582,0.3416666666666667,15
1906,7288,8.272916666666582,0.3416666666666667,15
1907,7289,8.272916666666582,0.3416666666666667,15
1908,7290,8.272916666666582,0.3416666666666667,15
1909,7291,8.272916666666582,0.3416666666666667,15
1910,7292,8.272916666666582,0.3416666666666667,15
1911,7293,8.272916666666582,0.3416666666666667,15
1912,7294,8.272916666666582,0.3416666666666667,15
1913,7295,8.272916666666582,0.3416666666666667,15
1914,7296,8.272916666666582,0.3416666666666667,15
1915,7297,8.272916666666582,0.3416666666666667,15
1916,7298,8.272916666666582,0.3416666666666667,15
1917,7299,8.272916666666582,0.3416666666666667,15
1918,7300,8.272916666666582,0.3416666666666667,15
1919,7301,8.272916666666582,0.3416666666666667,15
1920,7302,8.272916666666582,0.3416666666666667,15
1921,7303,8.272916666666582,0.3416666666666667,15
1922,7304,8.272916666666582,0.3416666666666667,15
1923,7305,8.272916666666582,0.3416666666666667,15
1924,7306,8.272916666666582,0.3416666666666667,15
1925,7307,8.272916666666582,0.3416666666666667,15
1926,7308,8.272916666666582,0.3416666666666667,15
1927,7309,8.272916666666582,0.3416666666666667,15
1928,7310,8.272916666666582,0.3416666666666667,15
1929,7311,8.272916666666582,0.3416666666666667,15
1930,7312,8.272916666666582,0.3416666666666667,15
1931,7313,8.272916666666582,0.3416666666666667,15
1932,7314,8.272916666666582,0.3416666666666667,15
1933,7315,8.272916666666582,0.3416666666666667,15
1934,7316,8.272916666666582,0.3416666666666667,15
1935,7317,8.272916666666582,0.3416666666666667,15
1936,7318,8.272916666666582,0.3416666666666667,15
1937,7319,8.272916666666582,0.3416666666666667,15
1938,7320,8.272916666666582,0.3416666666666667,15
1939,7321,8.272916666666582,0.3416666666666667,15
1940,7322,8.279513888888804,0.3416666666666667,-1
1941,7323,8.286111111111026,0.3416666666666667,-1
1942,7324,8.292708333333248,0.3416666666666667,-1
1943,7325,8.29930555555547,0.3416666666666667,-1
1944,7326,8.305902777777693,0.3416666666666667,-1
1945,7327,8.312499999999915,0.3416666666666667,-1
1946,7328,8.319097222222137,0.3416666666666667,-1
1947,7329,8.325694444444359,0.3416666666666667,-1
1948,7330,8.332291666666581,0.3416666666666667,-1
1949,7331,8.338888888888803,0.3416666666666667,-1
1950,7332,8.345486111111025,0.3416666666666667,-1
1951,7333,8.352083333333248,0.3416666666666667,-1
1952,7334,8.35868055555547,0.3416666666666667,-1
1953,7335,8.365277777777692,0.3416666666666667,-1
1954,7336,8.371874999999914,0.3416666666666667,-1
1955,7337,8.378472222222136,0.3416666666666667,-1
1956,7338,8.385069444444358,0.3416666666666667,-1
1957,7339,8.39166666666658,0.3416666666666667,-1
1958,7340,8.398263888888803,0.3416666666666667,-1
1959,7341,8.404861111111025,0.3416666666666667,-1
1960,7342,8.411458333333247,0.3416666666666667,-1
1961,7343,8.418055555555469,0.3416666666666667,-1
1962,7344,8.424652777777691,0.3416666666666667,-1
1963,7345,8.431249999999913,0.3416666666666667,-1
1964,7346,8.437847222222135,0.3416666666666667,-1
1965,7347,8.444444444444358,0.3416666666666667,-1
1966,7348,8.45104166666658,0.3416666666666667,-1
1967,7349,8.457638888888802,0.3416666666666667,-1
1968,7350,8.464236111111024,0.3416666666666667,-1
1969,7351,8.470833333333246,0.3416666666666667,-1
1970,7352,8.477430555555468,0.3416666666666667,-1
1971,7353,8.48402777777769,0.3416666666666667,-1
1972,7354,8.490624999999913,0.3416666666666667,-1
1973,7355,8.497222222222135,0.3416666666666667,-1
1974,7356,8.503819444444357,0.3416666666666667,-1
1975,7357,8.510416666666579,0.3416666666666667,-1
1976,7358,8.517013888888801,0.3416666666666667,-1
1977,7359,8.523611111111023,0.3416666666666667,-1
1978,7360,8.530208333333245,0.3416666666666667,-1
1979,7361,8.536805555555468,0.3416666666666667,-1
1980,7362,8.54340277777769,0.3416666666666667,-1
1981,7363,8.549999999999912,0.3416666666666667,-1
1982,7364,8.556597222222134,0.3416666666666667,-1
1983,7365,8.563194444444356,0.3416666666666667,-1
1984,7366,8.569791666666578,0.3416666666666667,-1
1985,7367,8.5763888888888,0.3416666666666667,-1
1986,7368,8.582986111111023,0.3416666666666667,-1
1987,7369,8.589583333333245,0.3416666666666667,-1
1988,7370,8.596180555555467,0.3416666666666667,-1
1989,7371,8.602777777777689,0.3416666666666667,-1
1990,7372,8.609374999999911,0.3416666666666667,-1
1991,7373,8.615972222222133,0.3416666666666667,-1
1992,7374,8.622569444444355,0.3416666666666667,-1
1993,7375,8.629166666666578,0.3416666666666667,-1
1994,7376,8.6357638888888,0.3416666666666667,-1
1995,7377,8.642361111111022,0.3416666666666667,-1
1996,7378,8.648958333333244,0.3416666666666667,-1
1997,7379,8.655555555555466,0.3416666666666667,-1
1998,7380,8.662152777777688,0.3416666666666667,-1
1999,7381,8.66874999999991,0.3416666666666667,-1
2000,7382,8.675347222222133,0.3416666666666667,-1
2001,7383,8.681944444444355,0.3416666666666667,-1
2002,7384,8.688541666666577,0.3416666666666667,-1
2003,7385,8.695138888888799,0.3416666666666667,-1
2004,7386,8.701736111111021,0.3416666666666667,-1
2005,7387,8.708333333333243,0.3416666666666667,-1
2006,7388,8.714930555555465,0.3416666666666667,-1
2007,7389,8.721527777777688,0.3416666666666667,-1
2008,7390,8.72812499999991,0.3416666666666667,-1
2009,7391,8.734722222222132,0.3416666666666667,-1
2010,7392,8.741319444444354,0.3416666666666667,-1
2011,7393,8.747916666666576,0.3416666666666667,-1
2012,7394,8.754513888888798,0.3416666666666667,-1
2013,7395,8.76111111111102,0.3416666666666667,-1
2014,7396,8.767708333333243,0.3416666666666667,-1
2015,7397,8.774305555555465,0.3416666666666667,-1
2016,7398,8.780902777777687,0.3416666666666667,-1
2017,7399,8.787499999999909,0.3416666666666667,-1
2018,7400,8.794097222222131,0.3416666666666667,-1
2019,7401,8.800694444444353,0.3416666666666667,-1
2020,7402,8.807291666666575,0.3416666666666667,-1
2021,7403,8.813888888888798,0.3416666666666667,-1
2022,7404,8.82048611111102,0.3416666666666667,-1
2023,7405,8.827083333333242,0.3416666666666667,-1
2024,7406,8.833680555555464,0.3416666666666667,-1
2025,7407,8.840277777777686,0.3416666666666667,-1
2026,7408,8.846874999999908,0.3416666666666667,-1
2027,7409,8.85347222222213,0.3416666666666667,-1
2028,7410,8.860069444444353,0.3416666666666667,-1
2029,7411,8.866666666666575,0.3416666666666667,-1
2030,7412,8.873263888888797,0.3416666666666667,-1
2031,7413,8.879861111111019,0.3416666666666667,-1
2032,7414,8.886458333333241,0.3416666666666667,-1
2033,7415,8.886458333333241,0.4583333333333333,16
2034,7416,8.886458333333241,0.4583333333333333,16
2035,7417,8.886458333333241,0.4583333333333333,16
2036,7418,8.886458333333241,0.4583333333333333,16
2037,7419,8.886458333333241,0.4583333333333333,16
2038,7420,8.886458333333241,0.4583333333333333,16
2039,7421,8.886458333333241,0.4583333333333333,16
2040,7422,8.886458333333241,0.4583333333333333,16
2041,7423,8.886458333333241,0.4583333333333333,16
2042,7424,8.886458333333241,0.4583333333333333,16
2043,7425,8.886458333333241,0.4583333333333333,16
2044,7426,8.886458333333241,0.4583333333333333,16
2045,7427,8.886458333333241,0.4583333333333333,16
2046,7428,8.886458333333241,0.4583333333333333,16
2047,7429,8.886458333333241,0.4583333333333333,16
2048,7430,8.886458333333241,0.4583333333333333,16
2049,7431,8.886458333333241,0.4583333333333333,16
2050,7432,8.886458333333241,0.4583333333333333,16
2051,7433,8.886458333333241,0.4583333333333333,16
2052,7434,8.886458333333241,0.4583333333333333,16
2053,7435,8.886458333333241,0.4583333333333333,16
2054,7436,8.886458333333241,0.4583333333333333,16
2055,7437,8.886458333333241,0.4583333333333333,16
2056,7438,8.886458333333241,0.4583333333333333,16
2057,7439,8.886458333333241,0.4583333333333333,16
2058,7440,8.886458333333241,0.4583333333333333,16
2059,7441,8.886458333333241,0.4583333333333333,16
2060,7442,8.886458333333241,0.4583333333333333,16
2061,7443,8.886458333333241,0.4583333333333333,16
2062,7444,8.886458333333241,0.4583333333333333,16
2063,7445,8.886458333333241,0.4583333333333333,16
2064,7446,8.886458333333241,0.4583333333333333,16
2065,7447,8.886458333333241,0.4583333333333333,16
2066,7448,8.886458333333241,0.4583333333333333,16
2067,7449,8.886458333333241,0.4583333333333333,16
2068,7450,8.886458333333241,0.4583333333333333,16
2069,7451,8.886458333333241,0.4583333333333333,16
2070,7452,8.886458333333241,0.4583333333333333,16
2071,7453,8.886458333333241,0.4583333333333333,16
2072,7454,8.886458333333241,0.4583333333333333,16
2073,7455,8.886458333333241,0.4583333333333333,16
2074,7456,8.886458333333241,0.4583333333333333,16
2075,7457,8.893055555555463,0.4583333333333333,-1
2076,7458,8.899652777777685,0.4583333333333333,-1
2077,7459,8.906249999999908,0.4583333333333333,-1
2078,7460,8.91284722222213,0.4583333333333333,-1
2079,7461,8.919444444444352,0.4583333333333333,-1
2080,7462,8.926041666666574,0.4583333333333333,-1
2081,7463,8.932638888888796,0.4583333333333333,-1
2082,7464,8.939236111111018,0.4583333333333333,-1
2083,7465,8.94583333333324,0.4583333333333333,-1
2084,7466,8.952430555555463,0.4583333333333333,-1
2085,7467,8.959027777777685,0.4583333333333333,-1
2086,7468,8.965624999999907,0.4583333333333333,-1
2087,7469,8.972222222222129,0.4583333333333333,-1
2088,7470,8.978819444444351,0.4583333333333333,-1
2089,7471,8.985416666666573,0.4583333333333333,-1
2090,7472,8.992013888888795,0.4583333333333333,-1
2091,7473,8.998611111111018,0.4583333333333333,-1
2092,7474,9.00520833333324,0.4583333333333333,-1
2093,7475,9.011805555555462,0.4583333333333333,-1
2094,7476,9.018402777777684,0.4583333333333333,-1
2095,7477,9.024999999999906,0.4583333333333333,-1
2096,7478,9.031597222222128,0.4583333333333333,-1
2097,7479,9.03819444444435,0.4583333333333333,-1
2098,7480,9.044791666666573,0.4583333333333333,-1
2099,7481,9.051388888888795,0.4583333333333333,-1
2100,7482,9.057986111111017,0.4583333333333333,-1
2101,7483,9.064583333333239,0.4583333333333333,-1
2102,7484,9.071180555555461,0.4583333333333333,-1
2103,7485,9.077777777777683,0.4583333333333333,-1
2104,7486,9.084374999999905,0.4583333333333333,-1
2105,7487,9.090972222222128,0.4583333333333333,-1
2106,7488,9.09756944444435,0.4583333333333333,-1
2107,7489,9.104166666666572,0.4583333333333333,-1
2108,7490,9.110763888888794,0.4583333333333333,-1
2109,7491,9.117361111111016,0.4583333333333333,-1
2110,7492,9.123958333333238,0.4583333333333333,-1
2111,7493,9.13055555555546,0.4583333333333333,-1
2112,7494,9.137152777777683,0.4583333333333333,-1
2113,7495,9.143749999999905,0.4583333333333333,-1
2114,7496,9.150347222222127,0.4583333333333333,-1
2115,7497,9.156944444444349,0.4583333333333333,-1
2116,7498,9.163541666666571,0.4583333333333333,-1
2117,7499,9.170138888888793,0.4583333333333333,-1
2118,7500,9.176736111111016,0.4583333333333333,-1
2119,7501,9.183333333333238,0.4583333333333333,-1
2120,7502,9.18993055555546,0.4583333333333333,-1
2121,7503,9.196527777777682,0.4583333333333333,-1
2122,7504,9.203124999999904,0.4583333333333333,-1
2123,7505,9.209722222222126,0.4583333333333333,-1
2124,7506,9.216319444444348,0.4583333333333333,-1
2125,7507,9.22291666666657,0.4583333333333333,-1
2126,7508,9.229513888888793,0.4583333333333333,-1
2127,7509,9.236111111111015,0.4583333333333333,-1
2128,7510,9.242708333333237,0.4583333333333333,-1
2129,7511,9.249305555555459,0.4583333333333333,-1
2130,7512,9.255902777777681,0.4583333333333333,-1
2131,7513,9.262499999999903,0.4583333333333333,-1
2132,7514,9.269097222222126,0.4583333333333333,-1
2133,7515,9.275694444444348,0.4583333333333333,-1
2134,7516,9.28229166666657,0.4583333333333333,-1
2135,7517,9.288888888888792,0.4583333333333333,-1
2136,7518,9.295486111111014,0.4583333333333333,-1
2137,7519,9.302083333333236,0.4583333333333333,-1
2138,7520,9.308680555555458,0.4583333333333333,-1
2139,7521,9.31527777777768,0.4583333333333333,-1
2140,7522,9.321874999999903,0.4583333333333333,-1
2141,7523,9.328472222222125,0.4583333333333333,-1
2142,7524,9.335069444444347,0.4583333333333333,-1
2143,7525,9.341666666666569,0.4583333333333333,-1
2144,7526,9.348263888888791,0.4583333333333333,-1
2145,7527,9.354861111111013,0.4583333333333333,-1
2146,7528,9.354861111111013,0.525,17
2147,7529,9.354861111111013,0.525,17
2148,7530,9.354861111111013,0.525,17
2149,7531,9.354861111111013,0.525,17
2150,7532,9.354861111111013,0.525,17
2151,7533,9.354861111111013,0.525,17
2152,7534,9.354861111111013,0.525,17
2153,7535,9.354861111111013,0.525,17
2154,7536,9.354861111111013,0.525,17
2155,7537,9.354861111111013,0.525,17
2156,7538,9.354861111111013,0.525,17
2157,7539,9.354861111111013,0.525,17
2158,7540,9.354861111111013,0.525,17
2159,7541,9.354861111111013,0.525,17
2160,7542,9.354861111111013,0.525,17
2161,7543,9.354861111111013,0.525,17
2162,7544,9.354861111111013,0.525,17
2163,7545,9.354861111111013,0.525,17
2164,7546,9.354861111111013,0.525,17
2165,7547,9.354861111111013,0.525,17
2166,7548,9.354861111111013,0.525,17
2167,7549,9.354861111111013,0.525,17
2168,7550,9.354861111111013,0.525,17
2169,7551,9.354861111111013,0.525,17
2170,7552,9.361458333333236,0.525,-1
2171,7553,9.368055555555458,0.525,-1
2172,7554,9.37465277777768,0.525,-1
2173,7555,9.381249999999902,0.525,-1
2174,7556,9.387847222222124,0.525,-1
2175,7557,9.394444444444346,0.525,-1
2176,7558,9.401041666666568,0.525,-1
2177,7559,9.40763888888879,0.525,-1
2178,7560,9.414236111111013,0.525,-1
2179,7561,9.420833333333235,0.525,-1
2180,7562,9.427430555555457,0.525,-1
2181,7563,9.434027777777679,0.525,-1
2182,7564,9.440624999999901,0.525,-1
2183,7565,9.447222222222123,0.525,-1
2184,7566,9.453819444444346,0.525,-1
2185,7567,9.460416666666568,0.525,-1
2186,7568,9.46701388888879,0.525,-1
2187,7569,9.473611111111012,0.525,-1
2188,7570,9.480208333333234,0.525,-1
2189,7571,9.486805555555456,0.525,-1
2190,7572,9.493402777777678,0.525,-1
2191,7573,9.4999999999999,0.525,-1
2192,7574,9.506597222222123,0.525,-1
2193,7575,9.513194444444345,0.525,-1
2194,7576,9.519791666666567,0.525,-1
2195,7577,9.526388888888789,0.525,-1
2196,7578,9.532986111111011,0.525,-1
2197,7579,9.539583333333233,0.525,-1
2198,7580,9.546180555555456,0.525,-1
2199,7581,9.552777777777678,0.525,-1
2200,7582,9.5593749999999,0.525,-1
2201,7583,9.565972222222122,0.525,-1
2202,7584,9.572569444444344,0.525,-1
2203,7585,9.579166666666566,0.525,-1
2204,7586,9.585763888888788,0.525,-1
2205,7587,9.59236111111101,0.525,-1
2206,7588,9.598958333333233,0.525,-1
2207,7589,9.605555555555455,0.525,-1
2208,7590,9.612152777777677,0.525,-1
2209,7591,9.618749999999899,0.525,-1
2210,7592,9.625347222222121,0.525,-1
2211,7593,9.631944444444343,0.525,-1
2212,7594,9.638541666666566,0.525,-1
2213,7595,9.645138888888788,0.525,-1
2214,7596,9.65173611111101,0.525,-1
2215,7597,9.658333333333232,0.525,-1
2216,7598,9.664930555555454,0.525,-1
2217,7599,9.671527777777676,0.525,-1
2218,7600,9.678124999999898,0.525,-1
2219,7601,9.68472222222212,0.525,-1
2220,7602,9.691319444444343,0.525,-1
2221,7603,9.697916666666565,0.525,-1
2222,7604,9.704513888888787,0.525,-1
2223,7605,9.711111111111009,0.525,-1
2224,7606,9.717708333333231,0.525,-1
2225,7607,9.724305555555453,0.525,-1
2226,7608,9.730902777777676,0.525,-1
2227,7609,9.737499999999898,0.525,-1
2228,7610,9.74409722222212,0.525,-1
2229,7611,9.750694444444342,0.525,-1
2230,7612,9.757291666666564,0.525,-1
2231,7613,9.763888888888786,0.525,-1
2232,7614,9.770486111111008,0.525,-1
2233,7615,9.77708333333323,0.525,-1
2234,7616,9.77708333333323,0.6,18
2235,7617,9.77708333333323,0.6,18
2236,7618,9.77708333333323,0.6,18
2237,7619,9.77708333333323,0.6,18
2238,7620,9.77708333333323,0.6,18
2239,7621,9.77708333333323,0.6,18
2240,7622,9.77708333333323,0.6,18
2241,7623,9.77708333333323,0.6,18
2242,7624,9.77708333333323,0.6,18
2243,7625,9.77708333333323,0.6,18
2244,7626,9.77708333333323,0.6,18
2245,7627,9.77708333333323,0.6,18
2246,7628,9.77708333333323,0.6,18
2247,7629,9.77708333333323,0.6,18
2248,7630,9.77708333333323,0.6,18
2249,7631,9.77708333333323,0.6,18
2250,7632,9.77708333333323,0.6,18
2251,7633,9.77708333333323,0.6,18
2252,7634,9.77708333333323,0.6,18
2253,7635,9.77708333333323,0.6,18
2254,7636,9.77708333333323,0.6,18
2255,7637,9.77708333333323,0.6,18
2256,7638,9.77708333333323,0.6,18
2257,7639,9.77708333333323,0.6,18
2258,7640,9.77708333333323,0.6,18
2259,7641,9.77708333333323,0.6,18
2260,7642,9.77708333333323,0.6,18
2261,7643,9.77708333333323,0.6,18
2262,7644,9.77708333333323,0.6,18
2263,7645,9.77708333333323,0.6,18
2264,7646,9.77708333333323,0.6,18
2265,7647,9.77708333333323,0.6,18
2266,7648,9.77708333333323,0.6,18
2267,7649,9.77708333333323,0.6,18
2268,7650,9.77708333333323,0.6,18
2269,7651,9.77708333333323,0.6,18
2270,7652,9.77708333333323,0.6,18
2271,7653,9.77708333333323,0.6,18
2272,7654,9.77708333333323,0.6,18
2273,7655,9.77708333333323,0.6,18
2274,7656,9.77708333333323,0.6,18
2275,7657,9.783680555555453,0.6,-1
2276,7658,9.790277777777675,0.6,-1
2277,7659,9.796874999999897,0.6,-1
2278,7660,9.80347222222212,0.6,-1
2279,7661,9.810069444444341,0.6,-1
2280,7662,9.816666666666563,0.6,-1
2281,7663,9.823263888888786,0.6,-1
2282,7664,9.829861111111008,0.6,-1
2283,7665,9.83645833333323,0.6,-1
2284,7666,9.843055555555452,0.6,-1
2285,7667,9.849652777777674,0.6,-1
2286,7668,9.856249999999896,0.6,-1
2287,7669,9.862847222222118,0.6,-1
2288,7670,9.86944444444434,0.6,-1
2289,7671,9.876041666666563,0.6,-1
2290,7672,9.882638888888785,0.6,-1
2291,7673,9.889236111111007,0.6,-1
2292,7674,9.89583333333323,0.6,-1
2293,7675,9.902430555555451,0.6,-1
2294,7676,9.909027777777673,0.6,-1
2295,7677,9.915624999999896,0.6,-1
2296,7678,9.922222222222118,0.6,-1
2297,7679,9.92881944444434,0.6,-1
2298,7680,9.935416666666562,0.6,-1
2299,7681,9.942013888888784,0.6,-1
2300,7682,9.948611111111006,0.6,-1
2301,7683,9.955208333333228,0.6,-1
2302,7684,9.96180555555545,0.6,-1
2303,7685,9.968402777777673,0.6,-1
2304,7686,9.974999999999895,0.6,-1
2305,7687,9.981597222222117,0.6,-1
2306,7688,9.98819444444434,0.6,-1
2307,7689,9.994791666666561,0.6,-1
2308,7690,10.001388888888783,0.6,-1
2309,7691,10.007986111111006,0.6,-1
2310,7692,10.014583333333228,0.6,-1
2311,7693,10.02118055555545,0.6,-1
2312,7694,10.027777777777672,0.6,-1
2313,7695,10.034374999999894,0.6,-1
2314,7696,10.040972222222116,0.6,-1
2315,7697,10.047569444444338,0.6,-1
2316,7698,10.05416666666656,0.6,-1
2317,7699,10.060763888888783,0.6,-1
2318,7700,10.067361111111005,0.6,-1
2319,7701,10.073958333333227,0.6,-1
2320,7702,10.08055555555545,0.6,-1
2321,7703,10.087152777777671,0.6,-1
2322,7704,10.093749999999893,0.6,-1
2323,7705,10.100347222222116,0.6,-1
2324,7706,10.106944444444338,0.6,-1
2325,7707,10.11354166666656,0.6,-1
2326,7708,10.120138888888782,0.6,-1
2327,7709,10.126736111111004,0.6,-1
2328,7710,10.133333333333226,0.6,-1
2329,7711,10.139930555555448,0.6,-1
2330,7712,10.14652777777767,0.6,-1
2331,7713,10.153124999999893,0.6,-1
2332,7714,10.159722222222115,0.6,-1
2333,7715,10.166319444444337,0.6,-1
2334,7716,10.166319444444337,0.6666666666666666,19
2335,7717,10.166319444444337,0.6666666666666666,19
2336,7718,10.166319444444337,0.6666666666666666,19
2337,7719,10.166319444444337,0.6666666666666666,19
2338,7720,10.166319444444337,0.6666666666666666,19
2339,7721,10.166319444444337,0.6666666666666666,19
2340,7722,10.166319444444337,0.6666666666666666,19
2341,7723,10.166319444444337,0.6666666666666666,19
2342,7724,10.166319444444337,0.6666666666666666,19
2343,7725,10.166319444444337,0.6666666666666666,19
2344,7726,10.166319444444337,0.6666666666666666,19
2345,7727,10.166319444444337,0.6666666666666666,19
2346,7728,10.166319444444337,0.6666666666666666,19
2347,7729,10.166319444444337,0.6666666666666666,19
2348,7730,10.166319444444337,0.6666666666666666,19
2349,7731,10.166319444444337,0.6666666666666666,19
2350,7732,10.166319444444337,0.6666666666666666,19
2351,7733,10.166319444444337,0.6666666666666666,19
2352,7734,10.166319444444337,0.6666666666666666,19
2353,7735,10.166319444444337,0.6666666666666666,19
2354,7736,10.166319444444337,0.6666666666666666,19
2355,7737,10.166319444444337,0.6666666666666666,19
2356,7738,10.166319444444337,0.6666666666666666,19
2357,7739,10.166319444444337,0.6666666666666666,19
2358,7740,10.166319444444337,0.6666666666666666,19
2359,7741,10.166319444444337,0.6666666666666666,19
2360,7742,10.166319444444337,0.6666666666666666,19
2361,7743,10.166319444444337,0.6666666666666666,19
2362,7744,10.166319444444337,0.6666666666666666,19
2363,7745,10.166319444444337,0.6666666666666666,19
2364,7746,10.17291666666656,0.6666666666666666,-1
2365,7747,10.179513888888781,0.6666666666666666,-1
2366,7748,10.186111111111003,0.6666666666666666,-1
2367,7749,10.192708333333226,0.6666666666666666,-1
2368,7750,10.199305555555448,0.6666666666666666,-1
2369,7751,10.20590277777767,0.6666666666666666,-1
2370,7752,10.212499999999892,0.6666666666666666,-1
2371,7753,10.219097222222114,0.6666666666666666,-1
2372,7754,10.225694444444336,0.6666666666666666,-1
2373,7755,10.232291666666558,0.6666666666666666,-1
2374,7756,10.23888888888878,0.6666666666666666,-1
2375,7757,10.245486111111003,0.6666666666666666,-1
2376,7758,10.252083333333225,0.6666666666666666,-1
2377,7759,10.258680555555447,0.6666666666666666,-1
2378,7760,10.26527777777767,0.6666666666666666,-1
2379,7761,10.271874999999891,0.6666666666666666,-1
2380,7762,10.278472222222113,0.6666666666666666,-1
2381,7763,10.285069444444336,0.6666666666666666,-1
2382,7764,10.291666666666558,0.6666666666666666,-1
2383,7765,10.29826388888878,0.6666666666666666,-1
2384,7766,10.304861111111002,0.6666666666666666,-1
2385,7767,10.311458333333224,0.6666666666666666,-1
2386,7768,10.318055555555446,0.6666666666666666,-1
2387,7769,10.324652777777668,0.6666666666666666,-1
2388,7770,10.33124999999989,0.6666666666666666,-1
2389,7771,10.337847222222113,0.6666666666666666,-1
2390,7772,10.344444444444335,0.6666666666666666,-1
2391,7773,10.351041666666557,0.6666666666666666,-1
2392,7774,10.35763888888878,0.6666666666666666,-1
2393,7775,10.364236111111001,0.6666666666666666,-1
2394,7776,10.370833333333223,0.6666666666666666,-1
2395,7777,10.377430555555446,0.6666666666666666,-1
2396,7778,10.384027777777668,0.6666666666666666,-1
2397,7779,10.39062499999989,0.6666666666666666,-1
2398,7780,10.397222222222112,0.6666666666666666,-1
2399,7781,10.403819444444334,0.6666666666666666,-1
2400,7782,10.410416666666556,0.6666666666666666,-1
2401,7783,10.417013888888778,0.6666666666666666,-1
2402,7784,10.423611111111,0.6666666666666666,-1
2403,7785,10.430208333333223,0.6666666666666666,-1
2404,7786,10.436805555555445,0.6666666666666666,-1
2405,7787,10.443402777777667,0.6666666666666666,-1
2406,7788,10.44999999999989,0.6666666666666666,-1
2407,7789,10.456597222222111,0.6666666666666666,-1
2408,7790,10.463194444444333,0.6666666666666666,-1
2409,7791,10.469791666666556,0.6666666666666666,-1
2410,7792,10.476388888888778,0.6666666666666666,-1
2411,7793,10.482986111111,0.6666666666666666,-1
2412,7794,10.489583333333222,0.6666666666666666,-1
2413,7795,10.496180555555444,0.6666666666666666,-1
2414,7796,10.502777777777666,0.6666666666666666,-1
2415,7797,10.509374999999888,0.6666666666666666,-1
2416,7798,10.51597222222211,0.6666666666666666,-1
2417,7799,10.522569444444333,0.6666666666666666,-1
2418,7800,10.529166666666555,0.6666666666666666,-1
2419,7801,10.535763888888777,0.6666666666666666,-1
2420,7802,10.542361111111,0.6666666666666666,-1
2421,7803,10.548958333333221,0.6666666666666666,-1
2422,7804,10.555555555555443,0.6666666666666666,-1
2423,7805,10.562152777777666,0.6666666666666666,-1
2424,7806,10.568749999999888,0.6666666666666666,-1
2425,7807,10.57534722222211,0.6666666666666666,-1
2426,7808,10.581944444444332,0.6666666666666666,-1
2427,7809,10.588541666666554,0.6666666666666666,-1
2428,7810,10.595138888888776,0.6666666666666666,-1
2429,7811,10.601736111110998,0.6666666666666666,-1
2430,7812,10.60833333333322,0.6666666666666666,-1
2431,7813,10.614930555555443,0.6666666666666666,-1
2432,7814,10.621527777777665,0.6666666666666666,-1
2433,7815,10.628124999999887,0.6666666666666666,-1
2434,7816,10.63472222222211,0.6666666666666666,-1
2435,7817,10.641319444444331,0.6666666666666666,-1
2436,7818,10.647916666666553,0.6666666666666666,-1
2437,7819,10.654513888888776,0.6666666666666666,-1
2438,7820,10.661111111110998,0.6666666666666666,-1
2439,7821,10.66770833333322,0.6666666666666666,-1
2440,7822,10.674305555555442,0.6666666666666666,-1
2441,7823,10.680902777777664,0.6666666666666666,-1
2442,7824,10.687499999999886,0.6666666666666666,-1
2443,7825,10.694097222222108,0.6666666666666666,-1
2444,7826,10.70069444444433,0.6666666666666666,-1
2445,7827,10.707291666666553,0.6666666666666666,-1
2446,7828,10.713888888888775,0.6666666666666666,-1
2447,7829,10.720486111110997,0.6666666666666666,-1
2448,7830,10.72708333333322,0.6666666666666666,-1
2449,7831,10.733680555555441,0.6666666666666666,-1
2450,7832,10.740277777777663,0.6666666666666666,-1
2451,7833,10.746874999999886,0.6666666666666666,-1
2452,7834,10.753472222222108,0.6666666666666666,-1
2453,7835,10.76006944444433,0.6666666666666666,-1
2454,7836,10.766666666666552,0.6666666666666666,-1
2455,7837,10.773263888888774,0.6666666666666666,-1
2456,7838,10.779861111110996,0.6666666666666666,-1
2457,7839,10.786458333333218,0.6666666666666666,-1
2458,7840,10.79305555555544,0.6666666666666666,-1
2459,7841,10.799652777777663,0.6666666666666666,-1
2460,7842,10.806249999999885,0.6666666666666666,-1
2461,7843,10.812847222222107,0.6666666666666666,-1
2462,7844,10.81944444444433,0.6666666666666666,-1
2463,7845,10.826041666666551,0.6666666666666666,-1
2464,7846,10.832638888888773,0.6666666666666666,-1
2465,7847,10.839236111110996,0.6666666666666666,-1
2466,7848,10.845833333333218,0.6666666666666666,-1
2467,7849,10.845833333333218,0.6833333333333333,20
2468,7850,10.845833333333218,0.6833333333333333,20
2469,7851,10.845833333333218,0.6833333333333333,20
2470,7852,10.845833333333218,0.6833333333333333,20
2471,7853,10.845833333333218,0.6833333333333333,20
2472,7854,10.845833333333218,0.6833333333333333,20
2473,7855,10.845833333333218,0.6833333333333333,20
2474,7856,10.845833333333218,0.6833333333333333,20
2475,7857,10.845833333333218,0.6833333333333333,20
2476,7858,10.845833333333218,0.6833333333333333,20
2477,7859,10.845833333333218,0.6833333333333333,20
2478,7860,10.845833333333218,0.6833333333333333,20
2479,7861,10.845833333333218,0.6833333333333333,20
2480,7862,10.845833333333218,0.6833333333333333,20
2481,7863,10.845833333333218,0.6833333333333333,20
2482,7864,10.845833333333218,0.6833333333333333,20
2483,7865,10.845833333333218,0.6833333333333333,20
2484,7866,10.845833333333218,0.6833333333333333,20
2485,7867,10.845833333333218,0.6833333333333333,20
2486,7868,10.845833333333218,0.6833333333333333,20
2487,7869,10.845833333333218,0.6833333333333333,20
2488,7870,10.845833333333218,0.6833333333333333,20
2489,7871,10.845833333333218,0.6833333333333333,20
2490,7872,10.845833333333218,0.6833333333333333,20
2491,7873,10.845833333333218,0.6833333333333333,20
2492,7874,10.845833333333218,0.6833333333333333,20
2493,7875,10.845833333333218,0.6833333333333333,20
2494,7876,10.845833333333218,0.6833333333333333,20
2495,7877,10.845833333333218,0.6833333333333333,20
2496,7878,10.845833333333218,0.6833333333333333,20
2497,7879,10.845833333333218,0.6833333333333333,20
2498,7880,10.845833333333218,0.6833333333333333,20
2499,7881,10.845833333333218,0.6833333333333333,20
2500,7882,10.845833333333218,0.6833333333333333,20
2501,7883,10.845833333333218,0.6833333333333333,20
2502,7884,10.845833333333218,0.6833333333333333,20
2503,7885,10.845833333333218,0.6833333333333333,20
2504,7886,10.845833333333218,0.6833333333333333,20
2505,7887,10.845833333333218,0.6833333333333333,20
2506,7888,10.845833333333218,0.6833333333333333,20
2507,7889,10.845833333333218,0.6833333333333333,20
2508,7890,10.85243055555544,0.6833333333333333,-1
2509,7891,10.859027777777662,0.6833333333333333,-1
2510,7892,10.865624999999884,0.6833333333333333,-1
2511,7893,10.872222222222106,0.6833333333333333,-1
2512,7894,10.878819444444328,0.6833333333333333,-1
2513,7895,10.88541666666655,0.6833333333333333,-1
2514,7896,10.892013888888773,0.6833333333333333,-1
2515,7897,10.898611111110995,0.6833333333333333,-1
2516,7898,10.905208333333217,0.6833333333333333,-1
2517,7899,10.91180555555544,0.6833333333333333,-1
2518,7900,10.918402777777661,0.6833333333333333,-1
2519,7901,10.924999999999883,0.6833333333333333,-1
2520,7902,10.931597222222106,0.6833333333333333,-1
2521,7903,10.938194444444328,0.6833333333333333,-1
2522,7904,10.94479166666655,0.6833333333333333,-1
2523,7905,10.951388888888772,0.6833333333333333,-1
2524,7906,10.957986111110994,0.6833333333333333,-1
2525,7907,10.964583333333216,0.6833333333333333,-1
2526,7908,10.971180555555438,0.6833333333333333,-1
2527,7909,10.97777777777766,0.6833333333333333,-1
2528,7910,10.984374999999883,0.6833333333333333,-1
2529,7911,10.990972222222105,0.6833333333333333,-1
2530,7912,10.997569444444327,0.6833333333333333,-1
2531,7913,11.00416666666655,0.6833333333333333,-1
2532,7914,11.010763888888771,0.6833333333333333,-1
2533,7915,11.017361111110993,0.6833333333333333,-1
2534,7916,11.023958333333216,0.6833333333333333,-1
2535,7917,11.030555555555438,0.6833333333333333,-1
2536,7918,11.03715277777766,0.6833333333333333,-1
2537,7919,11.043749999999882,0.6833333333333333,-1
2538,7920,11.050347222222104,0.6833333333333333,-1
2539,7921,11.056944444444326,0.6833333333333333,-1
2540,7922,11.063541666666548,0.6833333333333333,-1
2541,7923,11.07013888888877,0.6833333333333333,-1
2542,7924,11.076736111110993,0.6833333333333333,-1
2543,7925,11.083333333333215,0.6833333333333333,-1
2544,7926,11.089930555555437,0.6833333333333333,-1
2545,7927,11.09652777777766,0.6833333333333333,-1
2546,7928,11.103124999999881,0.6833333333333333,-1
2547,7929,11.109722222222103,0.6833333333333333,-1
2548,7930,11.116319444444326,0.6833333333333333,-1
2549,7931,11.122916666666548,0.6833333333333333,-1
2550,7932,11.12951388888877,0.6833333333333333,-1
2551,7933,11.136111111110992,0.6833333333333333,-1
2552,7934,11.142708333333214,0.6833333333333333,-1
2553,7935,11.149305555555436,0.6833333333333333,-1
2554,7936,11.155902777777658,0.6833333333333333,-1
2555,7937,11.16249999999988,0.6833333333333333,-1
2556,7938,11.169097222222103,0.6833333333333333,-1
2557,7939,11.175694444444325,0.6833333333333333,-1
2558,7940,11.182291666666547,0.6833333333333333,-1
2559,7941,11.18888888888877,0.6833333333333333,-1
2560,7942,11.195486111110991,0.6833333333333333,-1
2561,7943,11.202083333333213,0.6833333333333333,-1
2562,7944,11.208680555555436,0.6833333333333333,-1
2563,7945,11.215277777777658,0.6833333333333333,-1
2564,7946,11.22187499999988,0.6833333333333333,-1
2565,7947,11.228472222222102,0.6833333333333333,-1
2566,7948,11.235069444444324,0.6833333333333333,-1
2567,7949,11.241666666666546,0.6833333333333333,-1
2568,7950,11.248263888888768,0.6833333333333333,-1
2569,7951,11.25486111111099,0.6833333333333333,-1
2570,7952,11.261458333333213,0.6833333333333333,-1
2571,7953,11.268055555555435,0.6833333333333333,-1
2572,7954,11.274652777777657,0.6833333333333333,-1
2573,7955,11.28124999999988,0.6833333333333333,-1
2574,7956,11.287847222222101,0.6833333333333333,-1
2575,7957,11.294444444444323,0.6833333333333333,-1
2576,7958,11.301041666666546,0.6833333333333333,-1
2577,7959,11.307638888888768,0.6833333333333333,-1
2578,7960,11.31423611111099,0.6833333333333333,-1
2579,7961,11.320833333333212,0.6833333333333333,-1
2580,7962,11.327430555555434,0.6833333333333333,-1
2581,7963,11.334027777777656,0.6833333333333333,-1
2582,7964,11.340624999999878,0.6833333333333333,-1
2583,7965,11.3472222222221,0.6833333333333333,-1
2584,7966,11.353819444444323,0.6833333333333333,-1
2585,7967,11.360416666666545,0.6833333333333333,-1
2586,7968,11.367013888888767,0.6833333333333333,-1
2587,7969,11.37361111111099,0.6833333333333333,-1
2588,7970,11.380208333333211,0.6833333333333333,-1
2589,7971,11.386805555555434,0.6833333333333333,-1
2590,7972,11.393402777777656,0.6833333333333333,-1
2591,7973,11.399999999999878,0.6833333333333333,-1
2592,7974,11.4065972222221,0.6833333333333333,-1
2593,7975,11.413194444444322,0.6833333333333333,-1
2594,7976,11.419791666666544,0.6833333333333333,-1
2595,7977,11.426388888888766,0.6833333333333333,-1
2596,7978,11.432986111110989,0.6833333333333333,-1
2597,7979,11.43958333333321,0.6833333333333333,-1
2598,7980,11.446180555555433,0.6833333333333333,-1
2599,7981,11.452777777777655,0.6833333333333333,-1
2600,7982,11.459374999999877,0.6833333333333333,-1
2601,7983,11.4659722222221,0.6833333333333333,-1
2602,7984,11.472569444444321,0.6833333333333333,-1
2603,7985,11.479166666666544,0.6833333333333333,-1
2604,7986,11.485763888888766,0.6833333333333333,-1
2605,7987,11.492361111110988,0.6833333333333333,-1
2606,7988,11.49895833333321,0.6833333333333333,-1
2607,7989,11.49895833333321,0.7166666666666667,21
2608,7990,11.49895833333321,0.7166666666666667,21
2609,7991,11.49895833333321,0.7166666666666667,21
2610,7992,11.49895833333321,0.7166666666666667,21
2611,7993,11.49895833333321,0.7166666666666667,21
2612,7994,11.49895833333321,0.7166666666666667,21
2613,7995,11.49895833333321,0.7166666666666667,21
2614,7996,11.49895833333321,0.7166666666666667,21
2615,7997,11.49895833333321,0.7166666666666667,21
2616,7998,11.49895833333321,0.7166666666666667,21
2617,7999,11.49895833333321,0.7166666666666667,21
2618,8000,11.49895833333321,0.7166666666666667,21
2619,8001,11.49895833333321,0.7166666666666667,21
2620,8002,11.49895833333321,0.7166666666666667,21
2621,8003,11.49895833333321,0.7166666666666667,21
2622,8004,11.49895833333321,0.7166666666666667,21
2623,8005,11.49895833333321,0.7166666666666667,21
2624,8006,11.49895833333321,0.7166666666666667,21
2625,8007,11.49895833333321,0.7166666666666667,21
2626,8008,11.49895833333321,0.7166666666666667,21
2627,8009,11.49895833333321,0.7166666666666667,21
2628,8010,11.49895833333321,0.7166666666666667,21
2629,8011,11.49895833333321,0.7166666666666667,21
2630,8012,11.49895833333321,0.7166666666666667,21
2631,8013,11.49895833333321,0.7166666666666667,21
2632,8014,11.49895833333321,0.7166666666666667,21
2633,8015,11.49895833333321,0.7166666666666667,21
2634,8016,11.49895833333321,0.7166666666666667,21
2635,8017,11.49895833333321,0.7166666666666667,21
2636,8018,11.49895833333321,0.7166666666666667,21
2637,8019,11.49895833333321,0.7166666666666667,21
2638,8020,11.49895833333321,0.7166666666666667,21
2639,8021,11.49895833333321,0.7166666666666667,21
2640,8022,11.49895833333321,0.7166666666666667,21
2641,8023,11.49895833333321,0.7166666666666667,21
2642,8024,11.49895833333321,0.7166666666666667,21
2643,8025,11.49895833333321,0.7166666666666667,21
2644,8026,11.49895833333321,0.7166666666666667,21
2645,8027,11.49895833333321,0.7166666666666667,21
2646,8028,11.49895833333321,0.7166666666666667,21
2647,8029,11.49895833333321,0.7166666666666667,21
2648,8030,11.49895833333321,0.7166666666666667,21
2649,8031,11.49895833333321,0.7166666666666667,21
2650,8032,11.49895833333321,0.7166666666666667,21
2651,8033,11.49895833333321,0.7166666666666667,21
2652,8034,11.49895833333321,0.7166666666666667,21
2653,8035,11.49895833333321,0.7166666666666667,21
2654,8036,11.49895833333321,0.7166666666666667,21
2655,8037,11.49895833333321,0.7166666666666667,21
2656,8038,11.49895833333321,0.7166666666666667,21
2657,8039,11.49895833333321,0.7166666666666667,21
2658,8040,11.49895833333321,0.7166666666666667,21
2659,8041,11.49895833333321,0.7166666666666667,21
2660,8042,11.49895833333321,0.7166666666666667,21
2661,8043,11.49895833333321,0.7166666666666667,21
2662,8044,11.49895833333321,0.7166666666666667,21
2663,8045,11.49895833333321,0.7166666666666667,21
2664,8046,11.49895833333321,0.7166666666666667,21
2665,8047,11.49895833333321,0.7166666666666667,21
2666,8048,11.49895833333321,0.7166666666666667,21
2667,8049,11.49895833333321,0.7166666666666667,21
2668,8050,11.49895833333321,0.7166666666666667,21
2669,8051,11.49895833333321,0.7166666666666667,21
2670,8052,11.49895833333321,0.7166666666666667,21
2671,8053,11.49895833333321,0.7166666666666667,21
2672,8054,11.49895833333321,0.7166666666666667,21
2673,8055,11.49895833333321,0.7166666666666667,21
2674,8056,11.49895833333321,0.7166666666666667,21
2675,8057,11.49895833333321,0.7166666666666667,21
2676,8058,11.49895833333321,0.7166666666666667,21
2677,8059,11.49895833333321,0.7166666666666667,21
2678,8060,11.49895833333321,0.7166666666666667,21
2679,8061,11.49895833333321,0.7166666666666667,21
2680,8062,11.49895833333321,0.7166666666666667,21
2681,8063,11.49895833333321,0.7166666666666667,21
2682,8064,11.49895833333321,0.7166666666666667,21
2683,8065,11.49895833333321,0.7166666666666667,21
2684,8066,11.49895833333321,0.7166666666666667,21
2685,8067,11.49895833333321,0.7166666666666667,21
2686,8068,11.49895833333321,0.7166666666666667,21
2687,8069,11.49895833333321,0.7166666666666667,21
2688,8070,11.49895833333321,0.7166666666666667,21
2689,8071,11.49895833333321,0.7166666666666667,21
2690,8072,11.49895833333321,0.7166666666666667,21
2691,8073,11.49895833333321,0.7166666666666667,21
2692,8074,11.49895833333321,0.7166666666666667,21
2693,8075,11.49895833333321,0.7166666666666667,21
2694,8076,11.49895833333321,0.7166666666666667,21
2695,8077,11.49895833333321,0.7166666666666667,21
2696,8078,11.49895833333321,0.7166666666666667,21
2697,8079,11.49895833333321,0.7166666666666667,21
2698,8080,11.49895833333321,0.7166666666666667,21
2699,8081,11.49895833333321,0.7166666666666667,21
2700,8082,11.49895833333321,0.7166666666666667,21
2701,8083,11.49895833333321,0.7166666666666667,21
2702,8084,11.49895833333321,0.7166666666666667,21
2703,8085,11.49895833333321,0.7166666666666667,21
2704,8086,11.49895833333321,0.7166666666666667,21
2705,8087,11.49895833333321,0.7166666666666667,21
2706,8088,11.49895833333321,0.7166666666666667,21
2707,8089,11.49895833333321,0.7166666666666667,21
2708,8090,11.49895833333321,0.7166666666666667,21
2709,8091,11.49895833333321,0.7166666666666667,21
2710,8092,11.49895833333321,0.7166666666666667,21
2711,8093,11.49895833333321,0.7166666666666667,21
2712,8094,11.49895833333321,0.7166666666666667,21
2713,8095,11.49895833333321,0.7166666666666667,21
2714,8096,11.49895833333321,0.7166666666666667,21
2715,8097,11.505555555555432,0.7166666666666667,-1
2716,8098,11.512152777777654,0.7166666666666667,-1
2717,8099,11.518749999999876,0.7166666666666667,-1
2718,8100,11.525347222222099,0.7166666666666667,-1
2719,8101,11.53194444444432,0.7166666666666667,-1
2720,8102,11.538541666666543,0.7166666666666667,-1
2721,8103,11.545138888888765,0.7166666666666667,-1
2722,8104,11.551736111110987,0.7166666666666667,-1
2723,8105,11.55833333333321,0.7166666666666667,-1
2724,8106,11.564930555555431,0.7166666666666667,-1
2725,8107,11.571527777777654,0.7166666666666667,-1
2726,8108,11.578124999999876,0.7166666666666667,-1
2727,8109,11.584722222222098,0.7166666666666667,-1
2728,8110,11.59131944444432,0.7166666666666667,-1
2729,8111,11.597916666666542,0.7166666666666667,-1
2730,8112,11.604513888888764,0.7166666666666667,-1
2731,8113,11.611111111110986,0.7166666666666667,-1
2732,8114,11.617708333333209,0.7166666666666667,-1
2733,8115,11.62430555555543,0.7166666666666667,-1
2734,8116,11.630902777777653,0.7166666666666667,-1
2735,8117,11.637499999999875,0.7166666666666667,-1
2736,8118,11.644097222222097,0.7166666666666667,-1
2737,8119,11.65069444444432,0.7166666666666667,-1
2738,8120,11.657291666666541,0.7166666666666667,-1
2739,8121,11.663888888888764,0.7166666666666667,-1
2740,8122,11.670486111110986,0.7166666666666667,-1
2741,8123,11.677083333333208,0.7166666666666667,-1
2742,8124,11.68368055555543,0.7166666666666667,-1
2743,8125,11.690277777777652,0.7166666666666667,-1
2744,8126,11.696874999999874,0.7166666666666667,-1
2745,8127,11.703472222222096,0.7166666666666667,-1
2746,8128,11.710069444444319,0.7166666666666667,-1
2747,8129,11.71666666666654,0.7166666666666667,-1
2748,8130,11.723263888888763,0.7166666666666667,-1
2749,8131,11.729861111110985,0.7166666666666667,-1
2750,8132,11.736458333333207,0.7166666666666667,-1
2751,8133,11.74305555555543,0.7166666666666667,-1
2752,8134,11.749652777777651,0.7166666666666667,-1
2753,8135,11.756249999999874,0.7166666666666667,-1
2754,8136,11.762847222222096,0.7166666666666667,-1
2755,8137,11.769444444444318,0.7166666666666667,-1
2756,8138,11.77604166666654,0.7166666666666667,-1
2757,8139,11.782638888888762,0.7166666666666667,-1
2758,8140,11.789236111110984,0.7166666666666667,-1
2759,8141,11.795833333333206,0.7166666666666667,-1
2760,8142,11.802430555555429,0.7166666666666667,-1
2761,8143,11.80902777777765,0.7166666666666667,-1
2762,8144,11.815624999999873,0.7166666666666667,-1
2763,8145,11.822222222222095,0.7166666666666667,-1
2764,8146,11.828819444444317,0.7166666666666667,-1
2765,8147,11.83541666666654,0.7166666666666667,-1
2766,8148,11.842013888888761,0.7166666666666667,-1
2767,8149,11.848611111110984,0.7166666666666667,-1
2768,8150,11.855208333333206,0.7166666666666667,-1
2769,8151,11.861805555555428,0.7166666666666667,-1
2770,8152,11.86840277777765,0.7166666666666667,-1
2771,8153,11.874999999999872,0.7166666666666667,-1
2772,8154,11.881597222222094,0.7166666666666667,-1
2773,8155,11.888194444444316,0.7166666666666667,-1
2774,8156,11.894791666666539,0.7166666666666667,-1
2775,8157,11.90138888888876,0.7166666666666667,-1
2776,8158,11.907986111110983,0.7166666666666667,-1
2777,8159,11.914583333333205,0.7166666666666667,-1
2778,8160,11.921180555555427,0.7166666666666667,-1
2779,8161,11.92777777777765,0.7166666666666667,-1
2780,8162,11.934374999999871,0.7166666666666667,-1
2781,8163,11.940972222222094,0.7166666666666667,-1
2782,8164,11.947569444444316,0.7166666666666667,-1
2783,8165,11.954166666666538,0.7166666666666667,-1
2784,8166,11.96076388888876,0.7166666666666667,-1
2785,8167,11.967361111110982,0.7166666666666667,-1
2786,8168,11.973958333333204,0.7166666666666667,-1
2787,8169,11.980555555555426,0.7166666666666667,-1
2788,8170,11.987152777777649,0.7166666666666667,-1
2789,8171,11.99374999999987,0.7166666666666667,-1
2790,8172,12.000347222222093,0.7166666666666667,-1
2791,8173,12.006944444444315,0.7166666666666667,-1
2792,8174,12.013541666666537,0.7166666666666667,-1
2793,8175,12.02013888888876,0.7166666666666667,-1
2794,8176,12.026736111110981,0.7166666666666667,-1
2795,8177,12.033333333333204,0.7166666666666667,-1
2796,8178,12.039930555555426,0.7166666666666667,-1
2797,8179,12.046527777777648,0.7166666666666667,-1
2798,8180,12.05312499999987,0.7166666666666667,-1
2799,8181,12.059722222222092,0.7166666666666667,-1
2800,8182,12.066319444444314,0.7166666666666667,-1
2801,8183,12.072916666666536,0.7166666666666667,-1
2802,8184,12.079513888888759,0.7166666666666667,-1
2803,8185,12.08611111111098,0.7166666666666667,-1
2804,8186,12.092708333333203,0.7166666666666667,-1
2805,8187,12.099305555555425,0.7166666666666667,-1
2806,8188,12.105902777777647,0.7166666666666667,-1
2807,8189,12.11249999999987,0.7166666666666667,-1
2808,8190,12.119097222222091,0.7166666666666667,-1
2809,8191,12.125694444444314,0.7166666666666667,-1
2810,8192,12.132291666666536,0.7166666666666667,-1
2811,8193,12.138888888888758,0.7166666666666667,-1
2812,8194,12.14548611111098,0.7166666666666667,-1
2813,8195,12.152083333333202,0.7166666666666667,-1
2814,8196,12.158680555555424,0.7166666666666667,-1
2815,8197,12.165277777777646,0.7166666666666667,-1
2816,8198,12.171874999999869,0.7166666666666667,-1
2817,8199,12.17847222222209,0.7166666666666667,-1
2818,8200,12.185069444444313,0.7166666666666667,-1
2819,8201,12.191666666666535,0.7166666666666667,-1
2820,8202,12.198263888888757,0.7166666666666667,-1
2821,8203,12.20486111111098,0.7166666666666667,-1
2822,8204,12.211458333333201,0.7166666666666667,-1
2823,8205,12.218055555555424,0.7166666666666667,-1
2824,8206,12.224652777777646,0.7166666666666667,-1
2825,8207,12.231249999999868,0.7166666666666667,-1
2826,8208,12.23784722222209,0.7166666666666667,-1
2827,8209,12.244444444444312,0.7166666666666667,-1
2828,8210,12.251041666666534,0.7166666666666667,-1
2829,8211,12.257638888888756,0.7166666666666667,-1
2830,8212,12.264236111110979,0.7166666666666667,-1
2831,8213,12.2708333333332,0.7166666666666667,-1
2832,8214,12.277430555555423,0.7166666666666667,-1
2833,8215,12.284027777777645,0.7166666666666667,-1
2834,8216,12.290624999999867,0.7166666666666667,-1
2835,8217,12.290624999999867,0.7166666666666667,22
2836,8218,12.290624999999867,0.7166666666666667,22
2837,8219,12.290624999999867,0.7166666666666667,22
2838,8220,12.290624999999867,0.7166666666666667,22
2839,8221,12.290624999999867,0.7166666666666667,22
2840,8222,12.290624999999867,0.7166666666666667,22
2841,8223,12.290624999999867,0.7166666666666667,22
2842,8224,12.290624999999867,0.7166666666666667,22
2843,8225,12.290624999999867,0.7166666666666667,22
2844,8226,12.290624999999867,0.7166666666666667,22
2845,8227,12.290624999999867,0.7166666666666667,22
2846,8228,12.290624999999867,0.7166666666666667,22
2847,8229,12.290624999999867,0.7166666666666667,22
2848,8230,12.290624999999867,0.7166666666666667,22
2849,8231,12.290624999999867,0.7166666666666667,22
2850,8232,12.29722222222209,0.7166666666666667,-1
2851,8233,12.303819444444311,0.7166666666666667,-1
2852,8234,12.310416666666534,0.7166666666666667,-1
2853,8235,12.317013888888756,0.7166666666666667,-1
2854,8236,12.323611111110978,0.7166666666666667,-1
2855,8237,12.3302083333332,0.7166666666666667,-1
2856,8238,12.336805555555422,0.7166666666666667,-1
2857,8239,12.343402777777644,0.7166666666666667,-1
2858,8240,12.349999999999866,0.7166666666666667,-1
2859,8241,12.356597222222089,0.7166666666666667,-1
2860,8242,12.36319444444431,0.7166666666666667,-1
2861,8243,12.369791666666533,0.7166666666666667,-1
2862,8244,12.376388888888755,0.7166666666666667,-1
2863,8245,12.382986111110977,0.7166666666666667,-1
2864,8246,12.3895833333332,0.7166666666666667,-1
2865,8247,12.396180555555421,0.7166666666666667,-1
2866,8248,12.402777777777644,0.7166666666666667,-1
2867,8249,12.409374999999866,0.7166666666666667,-1
2868,8250,12.415972222222088,0.7166666666666667,-1
2869,8251,12.42256944444431,0.7166666666666667,-1
2870,8252,12.429166666666532,0.7166666666666667,-1
2871,8253,12.435763888888754,0.7166666666666667,-1
2872,8254,12.442361111110976,0.7166666666666667,-1
2873,8255,12.448958333333199,0.7166666666666667,-1
2874,8256,12.45555555555542,0.7166666666666667,-1
2875,8257,12.462152777777643,0.7166666666666667,-1
2876,8258,12.468749999999865,0.7166666666666667,-1
2877,8259,12.475347222222087,0.7166666666666667,-1
2878,8260,12.48194444444431,0.7166666666666667,-1
2879,8261,12.488541666666531,0.7166666666666667,-1
2880,8262,12.495138888888754,0.7166666666666667,-1
2881,8263,12.501736111110976,0.7166666666666667,-1
2882,8264,12.508333333333198,0.7166666666666667,-1
2883,8265,12.51493055555542,0.7166666666666667,-1
2884,8266,12.521527777777642,0.7166666666666667,-1
2885,8267,12.528124999999864,0.7166666666666667,-1
2886,8268,12.534722222222086,0.7166666666666667,-1
2887,8269,12.541319444444309,0.7166666666666667,-1
2888,8270,12.54791666666653,0.7166666666666667,-1
2889,8271,12.554513888888753,0.7166666666666667,-1
2890,8272,12.561111111110975,0.7166666666666667,-1
2891,8273,12.567708333333197,0.7166666666666667,-1
2892,8274,12.57430555555542,0.7166666666666667,-1
2893,8275,12.580902777777641,0.7166666666666667,-1
2894,8276,12.587499999999864,0.7166666666666667,-1
2895,8277,12.594097222222086,0.7166666666666667,-1
2896,8278,12.600694444444308,0.7166666666666667,-1
2897,8279,12.60729166666653,0.7166666666666667,-1
2898,8280,12.613888888888752,0.7166666666666667,-1
2899,8281,12.620486111110974,0.7166666666666667,-1
2900,8282,12.627083333333196,0.7166666666666667,-1
2901,8283,12.633680555555419,0.7166666666666667,-1
2902,8284,12.64027777777764,0.7166666666666667,-1
2903,8285,12.646874999999863,0.7166666666666667,-1
2904,8286,12.653472222222085,0.7166666666666667,-1
2905,8287,12.660069444444307,0.7166666666666667,-1
2906,8288,12.66666666666653,0.7166666666666667,-1
2907,8289,12.673263888888751,0.7166666666666667,-1
2908,8290,12.679861111110974,0.7166666666666667,-1
2909,8291,12.686458333333196,0.7166666666666667,-1
2910,8292,12.693055555555418,0.7166666666666667,-1
2911,8293,12.693055555555418,0.7166666666666667,23
2912,8294,12.693055555555418,0.7166666666666667,23
2913,8295,12.693055555555418,0.7166666666666667,23
2914,8296,12.693055555555418,0.7166666666666667,23
2915,8297,12.693055555555418,0.7166666666666667,23
2916,8298,12.693055555555418,0.7166666666666667,23
2917,8299,12.693055555555418,0.7166666666666667,23
2918,8300,12.693055555555418,0.7166666666666667,23
2919,8301,12.693055555555418,0.7166666666666667,23
2920,8302,12.693055555555418,0.7166666666666667,23
2921,8303,12.693055555555418,0.7166666666666667,23
2922,8304,12.693055555555418,0.7166666666666667,23
2923,8305,12.693055555555418,0.7166666666666667,23
2924,8306,12.693055555555418,0.7166666666666667,23
2925,8307,12.693055555555418,0.7166666666666667,23
2926,8308,12.693055555555418,0.7166666666666667,23
2927,8309,12.693055555555418,0.7166666666666667,23
2928,8310,12.693055555555418,0.7166666666666667,23
2929,8311,12.693055555555418,0.7166666666666667,23
2930,8312,12.693055555555418,0.7166666666666667,23
2931,8313,12.693055555555418,0.7166666666666667,23
2932,8314,12.693055555555418,0.7166666666666667,23
2933,8315,12.693055555555418,0.7166666666666667,23
2934,8316,12.693055555555418,0.7166666666666667,23
2935,8317,12.693055555555418,0.7166666666666667,23
2936,8318,12.693055555555418,0.7166666666666667,23
2937,8319,12.693055555555418,0.7166666666666667,23
2938,8320,12.693055555555418,0.7166666666666667,23
2939,8321,12.693055555555418,0.7166666666666667,23
2940,8322,12.693055555555418,0.7166666666666667,23
2941,8323,12.693055555555418,0.7166666666666667,23
2942,8324,12.693055555555418,0.7166666666666667,23
2943,8325,12.693055555555418,0.7166666666666667,23
2944,8326,12.693055555555418,0.7166666666666667,23
2945,8327,12.693055555555418,0.7166666666666667,23
2946,8328,12.693055555555418,0.7166666666666667,23
2947,8329,12.693055555555418,0.7166666666666667,23
2948,8330,12.693055555555418,0.7166666666666667,23
2949,8331,12.693055555555418,0.7166666666666667,23
2950,8332,12.693055555555418,0.7166666666666667,23
2951,8333,12.693055555555418,0.7166666666666667,23
2952,8334,12.693055555555418,0.7166666666666667,23
2953,8335,12.693055555555418,0.7166666666666667,23
2954,8336,12.693055555555418,0.7166666666666667,23
2955,8337,12.693055555555418,0.7166666666666667,23
2956,8338,12.693055555555418,0.7166666666666667,23
2957,8339,12.693055555555418,0.7166666666666667,23
2958,8340,12.693055555555418,0.7166666666666667,23
2959,8341,12.693055555555418,0.7166666666666667,23
2960,8342,12.693055555555418,0.7166666666666667,23
2961,8343,12.693055555555418,0.7166666666666667,23
2962,8344,12.693055555555418,0.7166666666666667,23
2963,8345,12.693055555555418,0.7166666666666667,23
2964,8346,12.693055555555418,0.7166666666666667,23
2965,8347,12.693055555555418,0.7166666666666667,23
2966,8348,12.693055555555418,0.7166666666666667,23
2967,8349,12.693055555555418,0.7166666666666667,23
2968,8350,12.693055555555418,0.7166666666666667,23
2969,8351,12.693055555555418,0.7166666666666667,23
2970,8352,12.693055555555418,0.7166666666666667,23
2971,8353,12.693055555555418,0.7166666666666667,23
2972,8354,12.693055555555418,0.7166666666666667,23
2973,8355,12.693055555555418,0.7166666666666667,23
2974,8356,12.693055555555418,0.7166666666666667,23
2975,8357,12.693055555555418,0.7166666666666667,23
2976,8358,12.693055555555418,0.7166666666666667,23
2977,8359,12.693055555555418,0.7166666666666667,23
2978,8360,12.693055555555418,0.7166666666666667,23
2979,8361,12.693055555555418,0.7166666666666667,23
2980,8362,12.693055555555418,0.7166666666666667,23
2981,8363,12.693055555555418,0.7166666666666667,23
2982,8364,12.693055555555418,0.7166666666666667,23
2983,8365,12.693055555555418,0.7166666666666667,23
2984,8366,12.693055555555418,0.7166666666666667,23
2985,8367,12.693055555555418,0.7166666666666667,23
2986,8368,12.693055555555418,0.7166666666666667,23
2987,8369,12.693055555555418,0.7166666666666667,23
2988,8370,12.693055555555418,0.7166666666666667,23
2989,8371,12.693055555555418,0.7166666666666667,23
2990,8372,12.693055555555418,0.7166666666666667,23
2991,8373,12.693055555555418,0.7166666666666667,23
2992,8374,12.693055555555418,0.7166666666666667,23
2993,8375,12.693055555555418,0.7166666666666667,23
2994,8376,12.693055555555418,0.7166666666666667,23
2995,8377,12.693055555555418,0.7166666666666667,23
2996,8378,12.693055555555418,0.7166666666666667,23
2997,8379,12.693055555555418,0.7166666666666667,23
2998,8380,12.693055555555418,0.7166666666666667,23
2999,8381,12.693055555555418,0.7166666666666667,23
3000,8382,12.693055555555418,0.7166666666666667,23
3001,8383,12.693055555555418,0.7166666666666667,23
3002,8384,12.693055555555418,0.7166666666666667,23
3003,8385,12.693055555555418,0.7166666666666667,23
3004,8386,12.693055555555418,0.7166666666666667,23
3005,8387,12.693055555555418,0.7166666666666667,23
3006,8388,12.693055555555418,0.7166666666666667,23
3007,8389,12.693055555555418,0.7166666666666667,23
3008,8390,12.693055555555418,0.7166666666666667,23
3009,8391,12.693055555555418,0.7166666666666667,23
3010,8392,12.693055555555418,0.7166666666666667,23
3011,8393,12.693055555555418,0.7166666666666667,23
3012,8394,12.693055555555418,0.7166666666666667,23
3013,8395,12.693055555555418,0.7166666666666667,23
3014,8396,12.693055555555418,0.7166666666666667,23
3015,8397,12.693055555555418,0.7166666666666667,23
3016,8398,12.693055555555418,0.7166666666666667,23
3017,8399,12.693055555555418,0.7166666666666667,23
3018,8400,12.693055555555418,0.7166666666666667,23
3019,8401,12.693055555555418,0.7166666666666667,23
3020,8402,12.693055555555418,0.7166666666666667,23
3021,8403,12.693055555555418,0.7166666666666667,23
3022,8404,12.693055555555418,0.7166666666666667,23
3023,8405,12.693055555555418,0.7166666666666667,23
3024,8406,12.693055555555418,0.7166666666666667,23
3025,8407,12.693055555555418,0.7166666666666667,23
3026,8408,12.693055555555418,0.7166666666666667,23
3027,8409,12.693055555555418,0.7166666666666667,23
3028,8410,12.693055555555418,0.7166666666666667,23
3029,8411,12.693055555555418,0.7166666666666667,23
3030,8412,12.693055555555418,0.7166666666666667,23
3031,8413,12.693055555555418,0.7166666666666667,23
3032,8414,12.693055555555418,0.7166666666666667,23
3033,8415,12.693055555555418,0.7166666666666667,23
3034,8416,12.693055555555418,0.7166666666666667,23
3035,8417,12.693055555555418,0.7166666666666667,23
3036,8418,12.693055555555418,0.7166666666666667,23
3037,8419,12.693055555555418,0.7166666666666667,23
3038,8420,12.693055555555418,0.7166666666666667,23
3039,8421,12.693055555555418,0.7166666666666667,23
3040,8422,12.693055555555418,0.7166666666666667,23
3041,8423,12.693055555555418,0.7166666666666667,23
3042,8424,12.693055555555418,0.7166666666666667,23
3043,8425,12.693055555555418,0.7166666666666667,23
3044,8426,12.693055555555418,0.7166666666666667,23
3045,8427,12.693055555555418,0.7166666666666667,23
3046,8428,12.693055555555418,0.7166666666666667,23
3047,8429,12.693055555555418,0.7166666666666667,23
3048,8430,12.693055555555418,0.7166666666666667,23
3049,8431,12.693055555555418,0.7166666666666667,23
3050,8432,12.693055555555418,0.7166666666666667,23
3051,8433,12.693055555555418,0.7166666666666667,23
3052,8434,12.693055555555418,0.7166666666666667,23
3053,8435,12.693055555555418,0.7166666666666667,23
3054,8436,12.693055555555418,0.7166666666666667,23
3055,8437,12.693055555555418,0.7166666666666667,23
3056,8438,12.693055555555418,0.7166666666666667,23
3057,8439,12.693055555555418,0.7166666666666667,23
3058,8440,12.693055555555418,0.7166666666666667,23
3059,8441,12.693055555555418,0.7166666666666667,23
3060,8442,12.693055555555418,0.7166666666666667,23
3061,8443,12.69965277777764,0.7166666666666667,-1
3062,8444,12.706249999999862,0.7166666666666667,-1
3063,8445,12.712847222222084,0.7166666666666667,-1
3064,8446,12.719444444444306,0.7166666666666667,-1
3065,8447,12.726041666666529,0.7166666666666667,-1
3066,8448,12.73263888888875,0.7166666666666667,-1
3067,8449,12.739236111110973,0.7166666666666667,-1
3068,8450,12.745833333333195,0.7166666666666667,-1
3069,8451,12.752430555555417,0.7166666666666667,-1
3070,8452,12.75902777777764,0.7166666666666667,-1
3071,8453,12.765624999999861,0.7166666666666667,-1
3072,8454,12.772222222222084,0.7166666666666667,-1
3073,8455,12.778819444444306,0.7166666666666667,-1
3074,8456,12.785416666666528,0.7166666666666667,-1
3075,8457,12.79201388888875,0.7166666666666667,-1
3076,8458,12.798611111110972,0.7166666666666667,-1
3077,8459,12.805208333333194,0.7166666666666667,-1
3078,8460,12.811805555555416,0.7166666666666667,-1
3079,8461,12.818402777777639,0.7166666666666667,-1
3080,8462,12.82499999999986,0.7166666666666667,-1
3081,8463,12.831597222222083,0.7166666666666667,-1
3082,8464,12.838194444444305,0.7166666666666667,-1
3083,8465,12.844791666666527,0.7166666666666667,-1
3084,8466,12.85138888888875,0.7166666666666667,-1
3085,8467,12.857986111110971,0.7166666666666667,-1
3086,8468,12.864583333333194,0.7166666666666667,-1
3087,8469,12.871180555555416,0.7166666666666667,-1
3088,8470,12.877777777777638,0.7166666666666667,-1
3089,8471,12.88437499999986,0.7166666666666667,-1
3090,8472,12.890972222222082,0.7166666666666667,-1
3091,8473,12.897569444444304,0.7166666666666667,-1
3092,8474,12.904166666666526,0.7166666666666667,-1
3093,8475,12.910763888888749,0.7166666666666667,-1
3094,8476,12.91736111111097,0.7166666666666667,-1
3095,8477,12.923958333333193,0.7166666666666667,-1
3096,8478,12.930555555555415,0.7166666666666667,-1
3097,8479,12.937152777777637,0.7166666666666667,-1
3098,8480,12.94374999999986,0.7166666666666667,-1
3099,8481,12.950347222222081,0.7166666666666667,-1
3100,8482,12.956944444444304,0.7166666666666667,-1
3101,8483,12.963541666666526,0.7166666666666667,-1
3102,8484,12.970138888888748,0.7166666666666667,-1
3103,8485,12.97673611111097,0.7166666666666667,-1
3104,8486,12.983333333333192,0.7166666666666667,-1
3105,8487,12.989930555555414,0.7166666666666667,-1
3106,8488,12.996527777777636,0.7166666666666667,-1
3107,8489,13.003124999999859,0.7166666666666667,-1
3108,8490,13.00972222222208,0.7166666666666667,-1
3109,8491,13.016319444444303,0.7166666666666667,-1
3110,8492,13.022916666666525,0.7166666666666667,-1
3111,8493,13.029513888888747,0.7166666666666667,-1
3112,8494,13.03611111111097,0.7166666666666667,-1
3113,8495,13.042708333333191,0.7166666666666667,-1
3114,8496,13.049305555555414,0.7166666666666667,-1
3115,8497,13.055902777777636,0.7166666666666667,-1
3116,8498,13.062499999999858,0.7166666666666667,-1
3117,8499,13.06909722222208,0.7166666666666667,-1
3118,8500,13.075694444444302,0.7166666666666667,-1
3119,8501,13.082291666666524,0.7166666666666667,-1
3120,8502,13.088888888888746,0.7166666666666667,-1
3121,8503,13.095486111110969,0.7166666666666667,-1
3122,8504,13.10208333333319,0.7166666666666667,-1
3123,8505,13.108680555555413,0.7166666666666667,-1
3124,8506,13.115277777777635,0.7166666666666667,-1
3125,8507,13.121874999999857,0.7166666666666667,-1
3126,8508,13.12847222222208,0.7166666666666667,-1
3127,8509,13.135069444444301,0.7166666666666667,-1
3128,8510,13.141666666666524,0.7166666666666667,-1
3129,8511,13.148263888888746,0.7166666666666667,-1
3130,8512,13.154861111110968,0.7166666666666667,-1
3131,8513,13.16145833333319,0.7166666666666667,-1
3132,8514,13.168055555555412,0.7166666666666667,-1
3133,8515,13.174652777777634,0.7166666666666667,-1
3134,8516,13.181249999999856,0.7166666666666667,-1
3135,8517,13.187847222222079,0.7166666666666667,-1
3136,8518,13.1944444444443,0.7166666666666667,-1
3137,8519,13.201041666666523,0.7166666666666667,-1
3138,8520,13.207638888888745,0.7166666666666667,-1
3139,8521,13.214236111110967,0.7166666666666667,-1
3140,8522,13.22083333333319,0.7166666666666667,-1
3141,8523,13.227430555555411,0.7166666666666667,-1
3142,8524,13.234027777777634,0.7166666666666667,-1
3143,8525,13.240624999999856,0.7166666666666667,-1
3144,8526,13.240624999999856,0.7666666666666667,24
3145,8527,13.240624999999856,0.7666666666666667,24
3146,8528,13.240624999999856,0.7666666666666667,24
3147,8529,13.240624999999856,0.7666666666666667,24
3148,8530,13.240624999999856,0.7666666666666667,24
3149,8531,13.240624999999856,0.7666666666666667,24
3150,8532,13.240624999999856,0.7666666666666667,24
3151,8533,13.240624999999856,0.7666666666666667,24
3152,8534,13.240624999999856,0.7666666666666667,24
3153,8535,13.240624999999856,0.7666666666666667,24
3154,8536,13.240624999999856,0.7666666666666667,24
3155,8537,13.240624999999856,0.7666666666666667,24
3156,8538,13.240624999999856,0.7666666666666667,24
3157,8539,13.240624999999856,0.7666666666666667,24
3158,8540,13.240624999999856,0.7666666666666667,24
3159,8541,13.240624999999856,0.7666666666666667,24
3160,8542,13.240624999999856,0.7666666666666667,24
3161,8543,13.240624999999856,0.7666666666666667,24
3162,8544,13.240624999999856,0.7666666666666667,24
3163,8545,13.240624999999856,0.7666666666666667,24
3164,8546,13.240624999999856,0.7666666666666667,24
3165,8547,13.240624999999856,0.7666666666666667,24
3166,8548,13.240624999999856,0.7666666666666667,24
3167,8549,13.240624999999856,0.7666666666666667,24
3168,8550,13.240624999999856,0.7666666666666667,24
3169,8551,13.240624999999856,0.7666666666666667,24
3170,8552,13.240624999999856,0.7666666666666667,24
3171,8553,13.240624999999856,0.7666666666666667,24
3172,8554,13.240624999999856,0.7666666666666667,24
3173,8555,13.240624999999856,0.7666666666666667,24
3174,8556,13.240624999999856,0.7666666666666667,24
3175,8557,13.240624999999856,0.7666666666666667,24
3176,8558,13.240624999999856,0.7666666666666667,24
3177,8559,13.240624999999856,0.7666666666666667,24
3178,8560,13.240624999999856,0.7666666666666667,24
3179,8561,13.240624999999856,0.7666666666666667,24
3180,8562,13.240624999999856,0.7666666666666667,24
3181,8563,13.240624999999856,0.7666666666666667,24
3182,8564,13.240624999999856,0.7666666666666667,24
3183,8565,13.240624999999856,0.7666666666666667,24
3184,8566,13.240624999999856,0.7666666666666667,24
3185,8567,13.240624999999856,0.7666666666666667,24
3186,8568,13.240624999999856,0.7666666666666667,24
3187,8569,13.240624999999856,0.7666666666666667,24
3188,8570,13.240624999999856,0.7666666666666667,24
3189,8571,13.240624999999856,0.7666666666666667,24
3190,8572,13.240624999999856,0.7666666666666667,24
3191,8573,13.240624999999856,0.7666666666666667,24
3192,8574,13.240624999999856,0.7666666666666667,24
3193,8575,13.240624999999856,0.7666666666666667,24
3194,8576,13.240624999999856,0.7666666666666667,24
3195,8577,13.240624999999856,0.7666666666666667,24
3196,8578,13.240624999999856,0.7666666666666667,24
3197,8579,13.240624999999856,0.7666666666666667,24
3198,8580,13.240624999999856,0.7666666666666667,24
3199,8581,13.240624999999856,0.7666666666666667,24
3200,8582,13.240624999999856,0.7666666666666667,24
3201,8583,13.240624999999856,0.7666666666666667,24
3202,8584,13.247222222222078,0.7666666666666667,-1
3203,8585,13.2538194444443,0.7666666666666667,-1
3204,8586,13.260416666666522,0.7666666666666667,-1
3205,8587,13.267013888888744,0.7666666666666667,-1
3206,8588,13.273611111110966,0.7666666666666667,-1
3207,8589,13.280208333333189,0.7666666666666667,-1
3208,8590,13.28680555555541,0.7666666666666667,-1
3209,8591,13.293402777777633,0.7666666666666667,-1
3210,8592,13.299999999999855,0.7666666666666667,-1
3211,8593,13.306597222222077,0.7666666666666667,-1
3212,8594,13.3131944444443,0.7666666666666667,-1
3213,8595,13.319791666666521,0.7666666666666667,-1
3214,8596,13.326388888888744,0.7666666666666667,-1
3215,8597,13.332986111110966,0.7666666666666667,-1
3216,8598,13.339583333333188,0.7666666666666667,-1
3217,8599,13.34618055555541,0.7666666666666667,-1
3218,8600,13.352777777777632,0.7666666666666667,-1
3219,8601,13.359374999999854,0.7666666666666667,-1
3220,8602,13.365972222222076,0.7666666666666667,-1
3221,8603,13.372569444444299,0.7666666666666667,-1
3222,8604,13.37916666666652,0.7666666666666667,-1
3223,8605,13.385763888888743,0.7666666666666667,-1
3224,8606,13.392361111110965,0.7666666666666667,-1
3225,8607,13.398958333333187,0.7666666666666667,-1
3226,8608,13.40555555555541,0.7666666666666667,-1
3227,8609,13.412152777777631,0.7666666666666667,-1
3228,8610,13.418749999999854,0.7666666666666667,-1
3229,8611,13.425347222222076,0.7666666666666667,-1
3230,8612,13.431944444444298,0.7666666666666667,-1
3231,8613,13.43854166666652,0.7666666666666667,-1
3232,8614,13.445138888888742,0.7666666666666667,-1
3233,8615,13.451736111110964,0.7666666666666667,-1
3234,8616,13.458333333333186,0.7666666666666667,-1
3235,8617,13.464930555555409,0.7666666666666667,-1
3236,8618,13.47152777777763,0.7666666666666667,-1
3237,8619,13.478124999999853,0.7666666666666667,-1
3238,8620,13.484722222222075,0.7666666666666667,-1
3239,8621,13.491319444444297,0.7666666666666667,-1
3240,8622,13.49791666666652,0.7666666666666667,-1
3241,8623,13.504513888888741,0.7666666666666667,-1
3242,8624,13.511111111110964,0.7666666666666667,-1
3243,8625,13.517708333333186,0.7666666666666667,-1
3244,8626,13.524305555555408,0.7666666666666667,-1
3245,8627,13.53090277777763,0.7666666666666667,-1
3246,8628,13.537499999999852,0.7666666666666667,-1
3247,8629,13.544097222222074,0.7666666666666667,-1
3248,8630,13.550694444444296,0.7666666666666667,-1
3249,8631,13.557291666666519,0.7666666666666667,-1
3250,8632,13.56388888888874,0.7666666666666667,-1
3251,8633,13.570486111110963,0.7666666666666667,-1
3252,8634,13.577083333333185,0.7666666666666667,-1
3253,8635,13.583680555555407,0.7666666666666667,-1
3254,8636,13.59027777777763,0.7666666666666667,-1
3255,8637,13.596874999999851,0.7666666666666667,-1
3256,8638,13.603472222222074,0.7666666666666667,-1
3257,8639,13.610069444444296,0.7666666666666667,-1
3258,8640,13.616666666666518,0.7666666666666667,-1
3259,8641,13.62326388888874,0.7666666666666667,-1
3260,8642,13.629861111110962,0.7666666666666667,-1
3261,8643,13.636458333333184,0.7666666666666667,-1
3262,8644,13.643055555555406,0.7666666666666667,-1
3263,8645,13.649652777777629,0.7666666666666667,-1
3264,8646,13.65624999999985,0.7666666666666667,-1
3265,8647,13.662847222222073,0.7666666666666667,-1
3266,8648,13.669444444444295,0.7666666666666667,-1
3267,8649,13.676041666666517,0.7666666666666667,-1
3268,8650,13.68263888888874,0.7666666666666667,-1
3269,8651,13.689236111110962,0.7666666666666667,-1
3270,8652,13.695833333333184,0.7666666666666667,-1
3271,8653,13.702430555555406,0.7666666666666667,-1
3272,8654,13.709027777777628,0.7666666666666667,-1
3273,8655,13.71562499999985,0.7666666666666667,-1
3274,8656,13.722222222222072,0.7666666666666667,-1
3275,8657,13.728819444444294,0.7666666666666667,-1
3276,8658,13.735416666666517,0.7666666666666667,-1
3277,8659,13.742013888888739,0.7666666666666667,-1
3278,8660,13.74861111111096,0.7666666666666667,-1
3279,8661,13.755208333333183,0.7666666666666667,-1
3280,8662,13.761805555555405,0.7666666666666667,-1
3281,8663,13.768402777777627,0.7666666666666667,-1
3282,8664,13.77499999999985,0.7666666666666667,-1
3283,8665,13.781597222222072,0.7666666666666667,-1
3284,8666,13.788194444444294,0.7666666666666667,-1
3285,8667,13.794791666666516,0.7666666666666667,-1
3286,8668,13.801388888888738,0.7666666666666667,-1
3287,8669,13.80798611111096,0.7666666666666667,-1
3288,8670,13.814583333333182,0.7666666666666667,-1
3289,8671,13.821180555555404,0.7666666666666667,-1
3290,8672,13.827777777777627,0.7666666666666667,-1
3291,8673,13.834374999999849,0.7666666666666667,-1
3292,8674,13.84097222222207,0.7666666666666667,-1
3293,8675,13.847569444444293,0.7666666666666667,-1
3294,8676,13.854166666666515,0.7666666666666667,-1
3295,8677,13.860763888888737,0.7666666666666667,-1
3296,8678,13.86736111111096,0.7666666666666667,-1
3297,8679,13.86736111111096,0.75,25
3298,8680,13.86736111111096,0.75,25
3299,8681,13.86736111111096,0.75,25
3300,8682,13.86736111111096,0.75,25
3301,8683,13.86736111111096,0.75,25
3302,8684,13.86736111111096,0.75,25
3303,8685,13.86736111111096,0.75,25
3304,8686,13.86736111111096,0.75,25
3305,8687,13.86736111111096,0.75,25
3306,8688,13.86736111111096,0.75,25
3307,8689,13.86736111111096,0.75,25
3308,8690,13.86736111111096,0.75,25
3309,8691,13.86736111111096,0.75,25
3310,8692,13.86736111111096,0.75,25
3311,8693,13.86736111111096,0.75,25
3312,8694,13.86736111111096,0.75,25
3313,8695,13.86736111111096,0.75,25
3314,8696,13.86736111111096,0.75,25
3315,8697,13.86736111111096,0.75,25
3316,8698,13.86736111111096,0.75,25
3317,8699,13.86736111111096,0.75,25
3318,8700,13.86736111111096,0.75,25
3319,8701,13.86736111111096,0.75,25
3320,8702,13.86736111111096,0.75,25
3321,8703,13.873958333333182,0.75,-1
3322,8704,13.880555555555404,0.75,-1
3323,8705,13.887152777777626,0.75,-1
3324,8706,13.893749999999848,0.75,-1
3325,8707,13.90034722222207,0.75,-1
3326,8708,13.906944444444292,0.75,-1
3327,8709,13.913541666666514,0.75,-1
3328,8710,13.920138888888737,0.75,-1
3329,8711,13.926736111110959,0.75,-1
3330,8712,13.93333333333318,0.75,-1
3331,8713,13.939930555555403,0.75,-1
3332,8714,13.946527777777625,0.75,-1
3333,8715,13.953124999999847,0.75,-1
3334,8716,13.95972222222207,0.75,-1
3335,8717,13.966319444444292,0.75,-1
3336,8718,13.972916666666514,0.75,-1
3337,8719,13.979513888888736,0.75,-1
3338,8720,13.986111111110958,0.75,-1
3339,8721,13.99270833333318,0.75,-1
3340,8722,13.999305555555402,0.75,-1
3341,8723,14.005902777777624,0.75,-1
3342,8724,14.012499999999847,0.75,-1
3343,8725,14.019097222222069,0.75,-1
3344,8726,14.02569444444429,0.75,-1
3345,8727,14.032291666666513,0.75,-1
3346,8728,14.038888888888735,0.75,-1
3347,8729,14.045486111110957,0.75,-1
3348,8730,14.05208333333318,0.75,-1
3349,8731,14.058680555555402,0.75,-1
3350,8732,14.065277777777624,0.75,-1
3351,8733,14.071874999999846,0.75,-1
3352,8734,14.078472222222068,0.75,-1
3353,8735,14.08506944444429,0.75,-1
3354,8736,14.091666666666512,0.75,-1
3355,8737,14.098263888888734,0.75,-1
3356,8738,14.104861111110957,0.75,-1
3357,8739,14.111458333333179,0.75,-1
3358,8740,14.1180555555554,0.75,-1
3359,8741,14.124652777777623,0.75,-1
3360,8742,14.131249999999845,0.75,-1
3361,8743,14.131249999999845,0.7833333333333333,26
3362,8744,14.131249999999845,0.7833333333333333,26
3363,8745,14.131249999999845,0.7833333333333333,26
3364,8746,14.131249999999845,0.7833333333333333,26
3365,8747,14.131249999999845,0.7833333333333333,26
3366,8748,14.131249999999845,0.7833333333333333,26
3367,8749,14.131249999999845,0.7833333333333333,26
3368,8750,14.131249999999845,0.7833333333333333,26
3369,8751,14.131249999999845,0.7833333333333333,26
3370,8752,14.131249999999845,0.7833333333333333,26
3371,8753,14.131249999999845,0.7833333333333333,26
3372,8754,14.131249999999845,0.7833333333333333,26
3373,8755,14.131249999999845,0.7833333333333333,26
3374,8756,14.131249999999845,0.7833333333333333,26
3375,8757,14.131249999999845,0.7833333333333333,26
3376,8758,14.131249999999845,0.7833333333333333,26
3377,8759,14.131249999999845,0.7833333333333333,26
3378,8760,14.131249999999845,0.7833333333333333,26
3379,8761,14.131249999999845,0.7833333333333333,26
3380,8762,14.131249999999845,0.7833333333333333,26
3381,8763,14.131249999999845,0.7833333333333333,26
3382,8764,14.131249999999845,0.7833333333333333,26
3383,8765,14.131249999999845,0.7833333333333333,26
3384,8766,14.131249999999845,0.7833333333333333,26
3385,8767,14.131249999999845,0.7833333333333333,26
3386,8768,14.131249999999845,0.7833333333333333,26
3387,8769,14.131249999999845,0.7833333333333333,26
3388,8770,14.131249999999845,0.7833333333333333,26
3389,8771,14.131249999999845,0.7833333333333333,26
3390,8772,14.131249999999845,0.7833333333333333,26
3391,8773,14.131249999999845,0.7833333333333333,26
3392,8774,14.131249999999845,0.7833333333333333,26
3393,8775,14.131249999999845,0.7833333333333333,26
3394,8776,14.131249999999845,0.7833333333333333,26
3395,8777,14.131249999999845,0.7833333333333333,26
3396,8778,14.131249999999845,0.7833333333333333,26
3397,8779,14.131249999999845,0.7833333333333333,26
3398,8780,14.131249999999845,0.7833333333333333,26
3399,8781,14.131249999999845,0.7833333333333333,26
3400,8782,14.137847222222067,0.7833333333333333,-1
3401,8783,14.14444444444429,0.7833333333333333,-1
3402,8784,14.151041666666512,0.7833333333333333,-1
3403,8785,14.157638888888734,0.7833333333333333,-1
3404,8786,14.164236111110956,0.7833333333333333,-1
3405,8787,14.170833333333178,0.7833333333333333,-1
3406,8788,14.1774305555554,0.7833333333333333,-1
3407,8789,14.184027777777622,0.7833333333333333,-1
3408,8790,14.190624999999844,0.7833333333333333,-1
3409,8791,14.197222222222067,0.7833333333333333,-1
3410,8792,14.203819444444289,0.7833333333333333,-1
3411,8793,14.21041666666651,0.7833333333333333,-1
3412,8794,14.217013888888733,0.7833333333333333,-1
3413,8795,14.223611111110955,0.7833333333333333,-1
3414,8796,14.230208333333177,0.7833333333333333,-1
3415,8797,14.2368055555554,0.7833333333333333,-1
3416,8798,14.243402777777622,0.7833333333333333,-1
3417,8799,14.249999999999844,0.7833333333333333,-1
3418,8800,14.256597222222066,0.7833333333333333,-1
3419,8801,14.263194444444288,0.7833333333333333,-1
3420,8802,14.26979166666651,0.7833333333333333,-1
3421,8803,14.276388888888732,0.7833333333333333,-1
3422,8804,14.282986111110954,0.7833333333333333,-1
3423,8805,14.289583333333177,0.7833333333333333,-1
3424,8806,14.296180555555399,0.7833333333333333,-1
3425,8807,14.30277777777762,0.7833333333333333,-1
3426,8808,14.309374999999843,0.7833333333333333,-1
3427,8809,14.315972222222065,0.7833333333333333,-1
3428,8810,14.322569444444287,0.7833333333333333,-1
3429,8811,14.32916666666651,0.7833333333333333,-1
3430,8812,14.335763888888732,0.7833333333333333,-1
3431,8813,14.342361111110954,0.7833333333333333,-1
3432,8814,14.348958333333176,0.7833333333333333,-1
3433,8815,14.355555555555398,0.7833333333333333,-1
3434,8816,14.36215277777762,0.7833333333333333,-1
3435,8817,14.368749999999842,0.7833333333333333,-1
3436,8818,14.375347222222064,0.7833333333333333,-1
3437,8819,14.381944444444287,0.7833333333333333,-1
3438,8820,14.388541666666509,0.7833333333333333,-1
3439,8821,14.388541666666509,0.7916666666666666,27
3440,8822,14.388541666666509,0.7916666666666666,27
3441,8823,14.388541666666509,0.7916666666666666,27
3442,8824,14.388541666666509,0.7916666666666666,27
3443,8825,14.388541666666509,0.7916666666666666,27
3444,8826,14.388541666666509,0.7916666666666666,27
3445,8827,14.388541666666509,0.7916666666666666,27
3446,8828,14.388541666666509,0.7916666666666666,27
3447,8829,14.388541666666509,0.7916666666666666,27
3448,8830,14.388541666666509,0.7916666666666666,27
3449,8831,14.388541666666509,0.7916666666666666,27
3450,8832,14.388541666666509,0.7916666666666666,27
3451,8833,14.39513888888873,0.7916666666666666,-1
3452,8834,14.401736111110953,0.7916666666666666,-1
3453,8835,14.408333333333175,0.7916666666666666,-1
3454,8836,14.414930555555397,0.7916666666666666,-1
3455,8837,14.42152777777762,0.7916666666666666,-1
3456,8838,14.428124999999842,0.7916666666666666,-1
3457,8839,14.434722222222064,0.7916666666666666,-1
3458,8840,14.441319444444286,0.7916666666666666,-1
3459,8841,14.447916666666508,0.7916666666666666,-1
3460,8842,14.45451388888873,0.7916666666666666,-1
3461,8843,14.461111111110952,0.7916666666666666,-1
3462,8844,14.467708333333174,0.7916666666666666,-1
3463,8845,14.474305555555397,0.7916666666666666,-1
3464,8846,14.480902777777619,0.7916666666666666,-1
3465,8847,14.48749999999984,0.7916666666666666,-1
3466,8848,14.494097222222063,0.7916666666666666,-1
3467,8849,14.500694444444285,0.7916666666666666,-1
3468,8850,14.507291666666507,0.7916666666666666,-1
3469,8851,14.51388888888873,0.7916666666666666,-1
3470,8852,14.520486111110952,0.7916666666666666,-1
3471,8853,14.527083333333174,0.7916666666666666,-1
3472,8854,14.533680555555396,0.7916666666666666,-1
3473,8855,14.540277777777618,0.7916666666666666,-1
3474,8856,14.54687499999984,0.7916666666666666,-1
3475,8857,14.553472222222062,0.7916666666666666,-1
3476,8858,14.560069444444284,0.7916666666666666,-1
3477,8859,14.566666666666507,0.7916666666666666,-1
3478,8860,14.573263888888729,0.7916666666666666,-1
3479,8861,14.57986111111095,0.7916666666666666,-1
3480,8862,14.586458333333173,0.7916666666666666,-1
3481,8863,14.593055555555395,0.7916666666666666,-1
3482,8864,14.599652777777617,0.7916666666666666,-1
3483,8865,14.60624999999984,0.7916666666666666,-1
3484,8866,14.612847222222062,0.7916666666666666,-1
3485,8867,14.619444444444284,0.7916666666666666,-1
3486,8868,14.626041666666506,0.7916666666666666,-1
3487,8869,14.632638888888728,0.7916666666666666,-1
3488,8870,14.63923611111095,0.7916666666666666,-1
3489,8871,14.645833333333172,0.7916666666666666,-1
3490,8872,14.652430555555394,0.7916666666666666,-1
3491,8873,14.659027777777617,0.7916666666666666,-1
3492,8874,14.659027777777617,0.775,28
3493,8875,14.659027777777617,0.775,28
3494,8876,14.659027777777617,0.775,28
3495,8877,14.659027777777617,0.775,28
3496,8878,14.659027777777617,0.775,28
3497,8879,14.659027777777617,0.775,28
3498,8880,14.659027777777617,0.775,28
3499,8881,14.659027777777617,0.775,28
3500,8882,14.659027777777617,0.775,28
3501,8883,14.659027777777617,0.775,28
3502,8884,14.659027777777617,0.775,28
3503,8885,14.659027777777617,0.775,28
3504,8886,14.659027777777617,0.775,28
3505,8887,14.659027777777617,0.775,28
3506,8888,14.659027777777617,0.775,28
3507,8889,14.659027777777617,0.775,28
3508,8890,14.659027777777617,0.775,28
3509,8891,14.659027777777617,0.775,28
3510,8892,14.659027777777617,0.775,28
3511,8893,14.659027777777617,0.775,28
3512,8894,14.659027777777617,0.775,28
3513,8895,14.659027777777617,0.775,28
3514,8896,14.659027777777617,0.775,28
3515,8897,14.659027777777617,0.775,28
3516,8898,14.659027777777617,0.775,28
3517,8899,14.659027777777617,0.775,28
3518,8900,14.659027777777617,0.775,28
3519,8901,14.659027777777617,0.775,28
3520,8902,14.659027777777617,0.775,28
3521,8903,14.659027777777617,0.775,28
3522,8904,14.659027777777617,0.775,28
3523,8905,14.665624999999839,0.775,-1
3524,8906,14.67222222222206,0.775,-1
3525,8907,14.678819444444283,0.775,-1
3526,8908,14.685416666666505,0.775,-1
3527,8909,14.692013888888727,0.775,-1
3528,8910,14.69861111111095,0.775,-1
3529,8911,14.705208333333172,0.775,-1
3530,8912,14.711805555555394,0.775,-1
3531,8913,14.718402777777616,0.775,-1
3532,8914,14.724999999999838,0.775,-1
3533,8915,14.73159722222206,0.775,-1
3534,8916,14.738194444444282,0.775,-1
3535,8917,14.744791666666504,0.775,-1
3536,8918,14.751388888888727,0.775,-1
3537,8919,14.757986111110949,0.775,-1
3538,8920,14.76458333333317,0.775,-1
3539,8921,14.771180555555393,0.775,-1
3540,8922,14.777777777777615,0.775,-1
3541,8923,14.784374999999837,0.775,-1
3542,8924,14.79097222222206,0.775,-1
3543,8925,14.797569444444282,0.775,-1
3544,8926,14.804166666666504,0.775,-1
3545,8927,14.810763888888726,0.775,-1
3546,8928,14.817361111110948,0.775,-1
3547,8929,14.82395833333317,0.775,-1
3548,8930,14.830555555555392,0.775,-1
3549,8931,14.837152777777614,0.775,-1
3550,8932,14.843749999999837,0.775,-1
3551,8933,14.850347222222059,0.775,-1
3552,8934,14.85694444444428,0.775,-1
3553,8935,14.863541666666503,0.775,-1
3554,8936,14.870138888888725,0.775,-1
3555,8937,14.876736111110947,0.775,-1
3556,8938,14.88333333333317,0.775,-1
3557,8939,14.889930555555392,0.775,-1
3558,8940,14.896527777777614,0.775,-1
3559,8941,14.903124999999836,0.775,-1
3560,8942,14.909722222222058,0.775,-1
3561,8943,14.91631944444428,0.775,-1
3562,8944,14.922916666666502,0.775,-1
3563,8945,14.929513888888724,0.775,-1
3564,8946,14.936111111110947,0.775,-1
3565,8947,14.942708333333169,0.775,-1
3566,8948,14.94930555555539,0.775,-1
3567,8949,14.955902777777613,0.775,-1
3568,8950,14.962499999999835,0.775,-1
3569,8951,14.962499999999835,0.7083333333333334,29
3570,8952,14.962499999999835,0.7083333333333334,29
3571,8953,14.962499999999835,0.7083333333333334,29
3572,8954,14.962499999999835,0.7083333333333334,29
3573,8955,14.962499999999835,0.7083333333333334,29
3574,8956,14.962499999999835,0.7083333333333334,29
3575,8957,14.962499999999835,0.7083333333333334,29
3576,8958,14.962499999999835,0.7083333333333334,29
3577,8959,14.962499999999835,0.7083333333333334,29
3578,8960,14.962499999999835,0.7083333333333334,29
3579,8961,14.962499999999835,0.7083333333333334,29
3580,8962,14.962499999999835,0.7083333333333334,29
3581,8963,14.962499999999835,0.7083333333333334,29
3582,8964,14.962499999999835,0.7083333333333334,29
3583,8965,14.962499999999835,0.7083333333333334,29
3584,8966,14.962499999999835,0.7083333333333334,29
3585,8967,14.962499999999835,0.7083333333333334,29
3586,8968,14.969097222222057,0.7083333333333334,-1
3587,8969,14.97569444444428,0.7083333333333334,-1
3588,8970,14.982291666666502,0.7083333333333334,-1
3589,8971,14.988888888888724,0.7083333333333334,-1
3590,8972,14.995486111110946,0.7083333333333334,-1
3591,8973,15.002083333333168,0.7083333333333334,-1
3592,8974,15.00868055555539,0.7083333333333334,-1
3593,8975,15.015277777777612,0.7083333333333334,-1
3594,8976,15.021874999999834,0.7083333333333334,-1
3595,8977,15.028472222222057,0.7083333333333334,-1
3596,8978,15.035069444444279,0.7083333333333334,-1
3597,8979,15.0416666666665,0.7083333333333334,-1
3598,8980,15.048263888888723,0.7083333333333334,-1
3599,8981,15.054861111110945,0.7083333333333334,-1
3600,8982,15.061458333333167,0.7083333333333334,-1
3601,8983,15.06805555555539,0.7083333333333334,-1
3602,8984,15.074652777777612,0.7083333333333334,-1
3603,8985,15.081249999999834,0.7083333333333334,-1
3604,8986,15.087847222222056,0.7083333333333334,-1
3605,8987,15.094444444444278,0.7083333333333334,-1
3606,8988,15.1010416666665,0.7083333333333334,-1
3607,8989,15.107638888888722,0.7083333333333334,-1
3608,8990,15.114236111110944,0.7083333333333334,-1
3609,8991,15.120833333333167,0.7083333333333334,-1
3610,8992,15.127430555555389,0.7083333333333334,-1
3611,8993,15.13402777777761,0.7083333333333334,-1
3612,8994,15.140624999999833,0.7083333333333334,-1
3613,8995,15.147222222222055,0.7083333333333334,-1
3614,8996,15.153819444444277,0.7083333333333334,-1
3615,8997,15.1604166666665,0.7083333333333334,-1
3616,8998,15.167013888888722,0.7083333333333334,-1
3617,8999,15.173611111110944,0.7083333333333334,-1
3618,9000,15.180208333333166,0.7083333333333334,-1
3619,9001,15.186805555555388,0.7083333333333334,-1
3620,9002,15.19340277777761,0.7083333333333334,-1
3621,9003,15.199999999999832,0.7083333333333334,-1
3622,9004,15.206597222222054,0.7083333333333334,-1
3623,9005,15.213194444444277,0.7083333333333334,-1
3624,9006,15.219791666666499,0.7083333333333334,-1
3625,9007,15.22638888888872,0.7083333333333334,-1
3626,9008,15.232986111110943,0.7083333333333334,-1
3627,9009,15.239583333333165,0.7083333333333334,-1
3628,9010,15.246180555555387,0.7083333333333334,-1
3629,9011,15.25277777777761,0.7083333333333334,-1
3630,9012,15.259374999999832,0.7083333333333334,-1
3631,9013,15.265972222222054,0.7083333333333334,-1
3632,9014,15.272569444444276,0.7083333333333334,-1
3633,9015,15.279166666666498,0.7083333333333334,-1
3634,9016,15.28576388888872,0.7083333333333334,-1
3635,9017,15.292361111110942,0.7083333333333334,-1
3636,9018,15.298958333333164,0.7083333333333334,-1
3637,9019,15.305555555555387,0.7083333333333334,-1
3638,9020,15.312152777777609,0.7083333333333334,-1
3639,9021,15.318749999999831,0.7083333333333334,-1
3640,9022,15.325347222222053,0.7083333333333334,-1
3641,9023,15.331944444444275,0.7083333333333334,-1
3642,9024,15.338541666666497,0.7083333333333334,-1
3643,9025,15.338541666666497,0.6916666666666667,30
3644,9026,15.338541666666497,0.6916666666666667,30
3645,9027,15.338541666666497,0.6916666666666667,30
3646,9028,15.338541666666497,0.6916666666666667,30
3647,9029,15.34513888888872,0.6916666666666667,-1
3648,9030,15.351736111110942,0.6916666666666667,-1
3649,9031,15.358333333333164,0.6916666666666667,-1
3650,9032,15.364930555555386,0.6916666666666667,-1
3651,9033,15.371527777777608,0.6916666666666667,-1
3652,9034,15.37812499999983,0.6916666666666667,-1
3653,9035,15.384722222222052,0.6916666666666667,-1
3654,9036,15.391319444444274,0.6916666666666667,-1
3655,9037,15.397916666666497,0.6916666666666667,-1
3656,9038,15.404513888888719,0.6916666666666667,-1
3657,9039,15.411111111110941,0.6916666666666667,-1
3658,9040,15.417708333333163,0.6916666666666667,-1
3659,9041,15.424305555555385,0.6916666666666667,-1
3660,9042,15.430902777777607,0.6916666666666667,-1
3661,9043,15.43749999999983,0.6916666666666667,-1
3662,9044,15.444097222222052,0.6916666666666667,-1
3663,9045,15.450694444444274,0.6916666666666667,-1
3664,9046,15.457291666666496,0.6916666666666667,-1
3665,9047,15.463888888888718,0.6916666666666667,-1
3666,9048,15.47048611111094,0.6916666666666667,-1
3667,9049,15.477083333333162,0.6916666666666667,-1
3668,9050,15.483680555555384,0.6916666666666667,-1
3669,9051,15.490277777777607,0.6916666666666667,-1
3670,9052,15.496874999999829,0.6916666666666667,-1
3671,9053,15.503472222222051,0.6916666666666667,-1
3672,9054,15.510069444444273,0.6916666666666667,-1
3673,9055,15.516666666666495,0.6916666666666667,-1
3674,9056,15.523263888888717,0.6916666666666667,-1
3675,9057,15.52986111111094,0.6916666666666667,-1
3676,9058,15.536458333333162,0.6916666666666667,-1
3677,9059,15.543055555555384,0.6916666666666667,-1
3678,9060,15.549652777777606,0.6916666666666667,-1
3679,9061,15.556249999999828,0.6916666666666667,-1
3680,9062,15.56284722222205,0.6916666666666667,-1
3681,9063,15.569444444444272,0.6916666666666667,-1
3682,9064,15.576041666666494,0.6916666666666667,-1
3683,9065,15.582638888888717,0.6916666666666667,-1
3684,9066,15.589236111110939,0.6916666666666667,-1
3685,9067,15.595833333333161,0.6916666666666667,-1
3686,9068,15.602430555555383,0.6916666666666667,-1
3687,9069,15.609027777777605,0.6916666666666667,-1
3688,9070,15.615624999999827,0.6916666666666667,-1
3689,9071,15.62222222222205,0.6916666666666667,-1
3690,9072,15.628819444444272,0.6916666666666667,-1
3691,9073,15.635416666666494,0.6916666666666667,-1
3692,9074,15.642013888888716,0.6916666666666667,-1
3693,9075,15.648611111110938,0.6916666666666667,-1
3694,9076,15.65520833333316,0.6916666666666667,-1
3695,9077,15.661805555555382,0.6916666666666667,-1
3696,9078,15.668402777777604,0.6916666666666667,-1
3697,9079,15.674999999999827,0.6916666666666667,-1
3698,9080,15.681597222222049,0.6916666666666667,-1
3699,9081,15.688194444444271,0.6916666666666667,-1
3700,9082,15.694791666666493,0.6916666666666667,-1
3701,9083,15.701388888888715,0.6916666666666667,-1
3702,9084,15.707986111110937,0.6916666666666667,-1
3703,9085,15.71458333333316,0.6916666666666667,-1
3704,9086,15.721180555555382,0.6916666666666667,-1
3705,9087,15.727777777777604,0.6916666666666667,-1
3706,9088,15.734374999999826,0.6916666666666667,-1
3707,9089,15.740972222222048,0.6916666666666667,-1
3708,9090,15.74756944444427,0.6916666666666667,-1
3709,9091,15.754166666666492,0.6916666666666667,-1
3710,9092,15.760763888888714,0.6916666666666667,-1
3711,9093,15.767361111110937,0.6916666666666667,-1
3712,9094,15.773958333333159,0.6916666666666667,-1
3713,9095,15.780555555555381,0.6916666666666667,-1
3714,9096,15.787152777777603,0.6916666666666667,-1
3715,9097,15.793749999999825,0.6916666666666667,-1
3716,9098,15.800347222222047,0.6916666666666667,-1
3717,9099,15.80694444444427,0.6916666666666667,-1
3718,9100,15.813541666666492,0.6916666666666667,-1
3719,9101,15.820138888888714,0.6916666666666667,-1
3720,9102,15.826736111110936,0.6916666666666667,-1
3721,9103,15.833333333333158,0.6916666666666667,-1
3722,9104,15.83993055555538,0.6916666666666667,-1
3723,9105,15.846527777777602,0.6916666666666667,-1
3724,9106,15.853124999999824,0.6916666666666667,-1
3725,9107,15.859722222222047,0.6916666666666667,-1
3726,9108,15.859722222222047,0.675,31
3727,9109,15.859722222222047,0.675,31
3728,9110,15.859722222222047,0.675,31
3729,9111,15.859722222222047,0.675,31
3730,9112,15.859722222222047,0.675,31
3731,9113,15.859722222222047,0.675,31
3732,9114,15.859722222222047,0.675,31
3733,9115,15.859722222222047,0.675,31
3734,9116,15.859722222222047,0.675,31
3735,9117,15.859722222222047,0.675,31
3736,9118,15.859722222222047,0.675,31
3737,9119,15.859722222222047,0.675,31
3738,9120,15.859722222222047,0.675,31
3739,9121,15.859722222222047,0.675,31
3740,9122,15.859722222222047,0.675,31
3741,9123,15.859722222222047,0.675,31
3742,9124,15.859722222222047,0.675,31
3743,9125,15.859722222222047,0.675,31
3744,9126,15.859722222222047,0.675,31
3745,9127,15.859722222222047,0.675,31
3746,9128,15.859722222222047,0.675,31
3747,9129,15.859722222222047,0.675,31
3748,9130,15.859722222222047,0.675,31
3749,9131,15.859722222222047,0.675,31
3750,9132,15.859722222222047,0.675,31
3751,9133,15.859722222222047,0.675,31
3752,9134,15.859722222222047,0.675,31
3753,9135,15.859722222222047,0.675,31
3754,9136,15.859722222222047,0.675,31
3755,9137,15.859722222222047,0.675,31
3756,9138,15.859722222222047,0.675,31
3757,9139,15.859722222222047,0.675,31
3758,9140,15.859722222222047,0.675,31
3759,9141,15.859722222222047,0.675,31
3760,9142,15.859722222222047,0.675,31
3761,9143,15.859722222222047,0.675,31
3762,9144,15.859722222222047,0.675,31
3763,9145,15.859722222222047,0.675,31
3764,9146,15.859722222222047,0.675,31
3765,9147,15.859722222222047,0.675,31
3766,9148,15.859722222222047,0.675,31
3767,9149,15.859722222222047,0.675,31
3768,9150,15.859722222222047,0.675,31
3769,9151,15.859722222222047,0.675,31
3770,9152,15.859722222222047,0.675,31
3771,9153,15.859722222222047,0.675,31
3772,9154,15.859722222222047,0.675,31
3773,9155,15.859722222222047,0.675,31
3774,9156,15.859722222222047,0.675,31
3775,9157,15.859722222222047,0.675,31
3776,9158,15.859722222222047,0.675,31
3777,9159,15.859722222222047,0.675,31
3778,9160,15.859722222222047,0.675,31
3779,9161,15.859722222222047,0.675,31
3780,9162,15.859722222222047,0.675,31
3781,9163,15.859722222222047,0.675,31
3782,9164,15.859722222222047,0.675,31
3783,9165,15.859722222222047,0.675,31
3784,9166,15.859722222222047,0.675,31
3785,9167,15.859722222222047,0.675,31
3786,9168,15.859722222222047,0.675,31
3787,9169,15.859722222222047,0.675,31
3788,9170,15.859722222222047,0.675,31
3789,9171,15.859722222222047,0.675,31
3790,9172,15.859722222222047,0.675,31
3791,9173,15.859722222222047,0.675,31
3792,9174,15.859722222222047,0.675,31
3793,9175,15.859722222222047,0.675,31
3794,9176,15.859722222222047,0.675,31
3795,9177,15.859722222222047,0.675,31
3796,9178,15.859722222222047,0.675,31
3797,9179,15.859722222222047,0.675,31
3798,9180,15.859722222222047,0.675,31
3799,9181,15.859722222222047,0.675,31
3800,9182,15.859722222222047,0.675,31
3801,9183,15.859722222222047,0.675,31
3802,9184,15.859722222222047,0.675,31
3803,9185,15.859722222222047,0.675,31
3804,9186,15.859722222222047,0.675,31
3805,9187,15.859722222222047,0.675,31
3806,9188,15.859722222222047,0.675,31
3807,9189,15.859722222222047,0.675,31
3808,9190,15.859722222222047,0.675,31
3809,9191,15.859722222222047,0.675,31
3810,9192,15.859722222222047,0.675,31
3811,9193,15.859722222222047,0.675,31
3812,9194,15.859722222222047,0.675,31
3813,9195,15.859722222222047,0.675,31
3814,9196,15.859722222222047,0.675,31
3815,9197,15.859722222222047,0.675,31
3816,9198,15.859722222222047,0.675,31
3817,9199,15.859722222222047,0.675,31
3818,9200,15.859722222222047,0.675,31
3819,9201,15.859722222222047,0.675,31
3820,9202,15.859722222222047,0.675,31
3821,9203,15.859722222222047,0.675,31
3822,9204,15.859722222222047,0.675,31
3823,9205,15.859722222222047,0.675,31
3824,9206,15.859722222222047,0.675,31
3825,9207,15.859722222222047,0.675,31
3826,9208,15.859722222222047,0.675,31
3827,9209,15.859722222222047,0.675,31
3828,9210,15.859722222222047,0.675,31
3829,9211,15.866319444444269,0.675,-1
3830,9212,15.872916666666491,0.675,-1
3831,9213,15.879513888888713,0.675,-1
3832,9214,15.886111111110935,0.675,-1
3833,9215,15.892708333333157,0.675,-1
3834,9216,15.89930555555538,0.675,-1
3835,9217,15.905902777777602,0.675,-1
3836,9218,15.912499999999824,0.675,-1
3837,9219,15.919097222222046,0.675,-1
3838,9220,15.925694444444268,0.675,-1
3839,9221,15.93229166666649,0.675,-1
3840,9222,15.938888888888712,0.675,-1
3841,9223,15.945486111110935,0.675,-1
3842,9224,15.952083333333157,0.675,-1
3843,9225,15.958680555555379,0.675,-1
3844,9226,15.965277777777601,0.675,-1
3845,9227,15.971874999999823,0.675,-1
3846,9228,15.978472222222045,0.675,-1
3847,9229,15.985069444444267,0.675,-1
3848,9230,15.99166666666649,0.675,-1
3849,9231,15.998263888888712,0.675,-1
3850,9232,16.004861111110934,0.675,-1
3851,9233,16.011458333333156,0.675,-1
3852,9234,16.018055555555378,0.675,-1
3853,9235,16.0246527777776,0.675,-1
3854,9236,16.031249999999822,0.675,-1
3855,9237,16.037847222222045,0.675,-1
3856,9238,16.044444444444267,0.675,-1
3857,9239,16.05104166666649,0.675,-1
3858,9240,16.05763888888871,0.675,-1
3859,9241,16.064236111110933,0.675,-1
3860,9242,16.070833333333155,0.675,-1
3861,9243,16.077430555555377,0.675,-1
3862,9244,16.0840277777776,0.675,-1
3863,9245,16.09062499999982,0.675,-1
3864,9246,16.097222222222044,0.675,-1
3865,9247,16.103819444444266,0.675,-1
3866,9248,16.110416666666488,0.675,-1
3867,9249,16.11701388888871,0.675,-1
3868,9250,16.123611111110932,0.675,-1
3869,9251,16.130208333333155,0.675,-1
3870,9252,16.136805555555377,0.675,-1
3871,9253,16.1434027777776,0.675,-1
3872,9254,16.14999999999982,0.675,-1
3873,9255,16.156597222222043,0.675,-1
3874,9256,16.163194444444265,0.675,-1
3875,9257,16.169791666666487,0.675,-1
3876,9258,16.17638888888871,0.675,-1
3877,9259,16.18298611111093,0.675,-1
3878,9260,16.189583333333154,0.675,-1
3879,9261,16.196180555555376,0.675,-1
3880,9262,16.202777777777598,0.675,-1
3881,9263,16.20937499999982,0.675,-1
3882,9264,16.215972222222042,0.675,-1
3883,9265,16.222569444444265,0.675,-1
3884,9266,16.229166666666487,0.675,-1
3885,9267,16.23576388888871,0.675,-1
3886,9268,16.24236111111093,0.675,-1
3887,9269,16.248958333333153,0.675,-1
3888,9270,16.255555555555375,0.675,-1
3889,9271,16.262152777777597,0.675,-1
3890,9272,16.26874999999982,0.675,-1
3891,9273,16.27534722222204,0.675,-1
3892,9274,16.281944444444264,0.675,-1
3893,9275,16.288541666666486,0.675,-1
3894,9276,16.295138888888708,0.675,-1
3895,9277,16.30173611111093,0.675,-1
3896,9278,16.308333333333152,0.675,-1
3897,9279,16.314930555555375,0.675,-1
3898,9280,16.321527777777597,0.675,-1
3899,9281,16.32812499999982,0.675,-1
3900,9282,16.33472222222204,0.675,-1
3901,9283,16.341319444444263,0.675,-1
3902,9284,16.347916666666485,0.675,-1
3903,9285,16.354513888888707,0.675,-1
3904,9286,16.36111111111093,0.675,-1
3905,9287,16.36770833333315,0.675,-1
3906,9288,16.374305555555374,0.675,-1
3907,9289,16.380902777777596,0.675,-1
3908,9290,16.387499999999818,0.675,-1
3909,9291,16.39409722222204,0.675,-1
3910,9292,16.400694444444262,0.675,-1
3911,9293,16.407291666666485,0.675,-1
3912,9294,16.413888888888707,0.675,-1
3913,9295,16.42048611111093,0.675,-1
3914,9296,16.42708333333315,0.675,-1
3915,9297,16.433680555555373,0.675,-1
3916,9298,16.440277777777595,0.675,-1
3917,9299,16.446874999999817,0.675,-1
3918,9300,16.45347222222204,0.675,-1
3919,9301,16.46006944444426,0.675,-1
3920,9302,16.466666666666484,0.675,-1
3921,9303,16.473263888888706,0.675,-1
3922,9304,16.479861111110928,0.675,-1
3923,9305,16.48645833333315,0.675,-1
3924,9306,16.493055555555372,0.675,-1
3925,9307,16.499652777777595,0.675,-1
3926,9308,16.506249999999817,0.675,-1
3927,9309,16.51284722222204,0.675,-1
3928,9310,16.51944444444426,0.675,-1
3929,9311,16.526041666666483,0.675,-1
3930,9312,16.532638888888705,0.675,-1
3931,9313,16.539236111110927,0.675,-1
3932,9314,16.54583333333315,0.675,-1
3933,9315,16.55243055555537,0.675,-1
3934,9316,16.559027777777594,0.675,-1
3935,9317,16.565624999999816,0.675,-1
3936,9318,16.572222222222038,0.675,-1
3937,9319,16.57881944444426,0.675,-1
3938,9320,16.585416666666482,0.675,-1
3939,9321,16.592013888888705,0.675,-1
3940,9322,16.598611111110927,0.675,-1
3941,9323,16.598611111110927,0.6416666666666667,32
3942,9324,16.598611111110927,0.6416666666666667,32
3943,9325,16.598611111110927,0.6416666666666667,32
3944,9326,16.598611111110927,0.6416666666666667,32
3945,9327,16.598611111110927,0.6416666666666667,32
3946,9328,16.598611111110927,0.6416666666666667,32
3947,9329,16.598611111110927,0.6416666666666667,32
3948,9330,16.598611111110927,0.6416666666666667,32
3949,9331,16.598611111110927,0.6416666666666667,32
3950,9332,16.598611111110927,0.6416666666666667,32
3951,9333,16.598611111110927,0.6416666666666667,32
3952,9334,16.598611111110927,0.6416666666666667,32
3953,9335,16.598611111110927,0.6416666666666667,32
3954,9336,16.598611111110927,0.6416666666666667,32
3955,9337,16.598611111110927,0.6416666666666667,32
3956,9338,16.598611111110927,0.6416666666666667,32
3957,9339,16.598611111110927,0.6416666666666667,32
3958,9340,16.598611111110927,0.6416666666666667,32
3959,9341,16.598611111110927,0.6416666666666667,32
3960,9342,16.598611111110927,0.6416666666666667,32
3961,9343,16.598611111110927,0.6416666666666667,32
3962,9344,16.598611111110927,0.6416666666666667,32
3963,9345,16.598611111110927,0.6416666666666667,32
3964,9346,16.598611111110927,0.6416666666666667,32
3965,9347,16.598611111110927,0.6416666666666667,32
3966,9348,16.598611111110927,0.6416666666666667,32
3967,9349,16.598611111110927,0.6416666666666667,32
3968,9350,16.598611111110927,0.6416666666666667,32
3969,9351,16.598611111110927,0.6416666666666667,32
3970,9352,16.598611111110927,0.6416666666666667,32
3971,9353,16.598611111110927,0.6416666666666667,32
3972,9354,16.598611111110927,0.6416666666666667,32
3973,9355,16.598611111110927,0.6416666666666667,32
3974,9356,16.598611111110927,0.6416666666666667,32
3975,9357,16.598611111110927,0.6416666666666667,32
3976,9358,16.598611111110927,0.6416666666666667,32
3977,9359,16.598611111110927,0.6416666666666667,32
3978,9360,16.598611111110927,0.6416666666666667,32
3979,9361,16.598611111110927,0.6416666666666667,32
3980,9362,16.598611111110927,0.6416666666666667,32
3981,9363,16.598611111110927,0.6416666666666667,32
3982,9364,16.598611111110927,0.6416666666666667,32
3983,9365,16.598611111110927,0.6416666666666667,32
3984,9366,16.598611111110927,0.6416666666666667,32
3985,9367,16.598611111110927,0.6416666666666667,32
3986,9368,16.598611111110927,0.6416666666666667,32
3987,9369,16.598611111110927,0.6416666666666667,32
3988,9370,16.598611111110927,0.6416666666666667,32
3989,9371,16.598611111110927,0.6416666666666667,32
3990,9372,16.598611111110927,0.6416666666666667,32
3991,9373,16.598611111110927,0.6416666666666667,32
3992,9374,16.598611111110927,0.6416666666666667,32
3993,9375,16.598611111110927,0.6416666666666667,32
3994,9376,16.598611111110927,0.6416666666666667,32
3995,9377,16.598611111110927,0.6416666666666667,32
3996,9378,16.598611111110927,0.6416666666666667,32
3997,9379,16.598611111110927,0.6416666666666667,32
3998,9380,16.598611111110927,0.6416666666666667,32
3999,9381,16.598611111110927,0.6416666666666667,32
4000,9382,16.598611111110927,0.6416666666666667,32
4001,9383,16.60520833333315,0.6416666666666667,-1
4002,9384,16.61180555555537,0.6416666666666667,-1
4003,9385,16.618402777777593,0.6416666666666667,-1
4004,9386,16.624999999999815,0.6416666666666667,-1
4005,9387,16.631597222222037,0.6416666666666667,-1
4006,9388,16.63819444444426,0.6416666666666667,-1
4007,9389,16.64479166666648,0.6416666666666667,-1
4008,9390,16.651388888888704,0.6416666666666667,-1
4009,9391,16.657986111110926,0.6416666666666667,-1
4010,9392,16.664583333333148,0.6416666666666667,-1
4011,9393,16.67118055555537,0.6416666666666667,-1
4012,9394,16.677777777777592,0.6416666666666667,-1
4013,9395,16.684374999999815,0.6416666666666667,-1
4014,9396,16.690972222222037,0.6416666666666667,-1
4015,9397,16.69756944444426,0.6416666666666667,-1
4016,9398,16.70416666666648,0.6416666666666667,-1
4017,9399,16.710763888888703,0.6416666666666667,-1
4018,9400,16.717361111110925,0.6416666666666667,-1
4019,9401,16.723958333333147,0.6416666666666667,-1
4020,9402,16.73055555555537,0.6416666666666667,-1
4021,9403,16.73715277777759,0.6416666666666667,-1
4022,9404,16.743749999999814,0.6416666666666667,-1
4023,9405,16.750347222222036,0.6416666666666667,-1
4024,9406,16.756944444444258,0.6416666666666667,-1
4025,9407,16.76354166666648,0.6416666666666667,-1
4026,9408,16.770138888888702,0.6416666666666667,-1
4027,9409,16.776736111110925,0.6416666666666667,-1
4028,9410,16.783333333333147,0.6416666666666667,-1
4029,9411,16.78993055555537,0.6416666666666667,-1
4030,9412,16.79652777777759,0.6416666666666667,-1
4031,9413,16.803124999999813,0.6416666666666667,-1
4032,9414,16.809722222222035,0.6416666666666667,-1
4033,9415,16.816319444444257,0.6416666666666667,-1
4034,9416,16.82291666666648,0.6416666666666667,-1
4035,9417,16.8295138888887,0.6416666666666667,-1
4036,9418,16.836111111110924,0.6416666666666667,-1
4037,9419,16.842708333333146,0.6416666666666667,-1
4038,9420,16.849305555555368,0.6416666666666667,-1
4039,9421,16.85590277777759,0.6416666666666667,-1
4040,9422,16.862499999999812,0.6416666666666667,-1
4041,9423,16.869097222222035,0.6416666666666667,-1
4042,9424,16.875694444444257,0.6416666666666667,-1
4043,9425,16.88229166666648,0.6416666666666667,-1
4044,9426,16.8888888888887,0.6416666666666667,-1
4045,9427,16.895486111110923,0.6416666666666667,-1
4046,9428,16.902083333333145,0.6416666666666667,-1
4047,9429,16.908680555555367,0.6416666666666667,-1
4048,9430,16.91527777777759,0.6416666666666667,-1
4049,9431,16.92187499999981,0.6416666666666667,-1
4050,9432,16.928472222222034,0.6416666666666667,-1
4051,9433,16.935069444444256,0.6416666666666667,-1
4052,9434,16.941666666666478,0.6416666666666667,-1
4053,9435,16.9482638888887,0.6416666666666667,-1
4054,9436,16.954861111110922,0.6416666666666667,-1
4055,9437,16.961458333333145,0.6416666666666667,-1
4056,9438,16.968055555555367,0.6416666666666667,-1
4057,9439,16.968055555555367,0.6,33
4058,9440,16.968055555555367,0.6,33
4059,9441,16.968055555555367,0.6,33
4060,9442,16.968055555555367,0.6,33
4061,9443,16.968055555555367,0.6,33
4062,9444,16.968055555555367,0.6,33
4063,9445,16.968055555555367,0.6,33
4064,9446,16.968055555555367,0.6,33
4065,9447,16.968055555555367,0.6,33
4066,9448,16.968055555555367,0.6,33
4067,9449,16.968055555555367,0.6,33
4068,9450,16.968055555555367,0.6,33
4069,9451,16.968055555555367,0.6,33
4070,9452,16.968055555555367,0.6,33
4071,9453,16.968055555555367,0.6,33
4072,9454,16.97465277777759,0.6,-1
4073,9455,16.98124999999981,0.6,-1
4074,9456,16.987847222222033,0.6,-1
4075,9457,16.994444444444255,0.6,-1
4076,9458,17.001041666666477,0.6,-1
4077,9459,17.0076388888887,0.6,-1
4078,9460,17.01423611111092,0.6,-1
4079,9461,17.020833333333144,0.6,-1
4080,9462,17.027430555555366,0.6,-1
4081,9463,17.034027777777588,0.6,-1
4082,9464,17.04062499999981,0.6,-1
4083,9465,17.047222222222032,0.6,-1
4084,9466,17.053819444444255,0.6,-1
4085,9467,17.060416666666477,0.6,-1
4086,9468,17.0670138888887,0.6,-1
4087,9469,17.07361111111092,0.6,-1
4088,9470,17.080208333333143,0.6,-1
4089,9471,17.086805555555365,0.6,-1
4090,9472,17.093402777777587,0.6,-1
4091,9473,17.09999999999981,0.6,-1
4092,9474,17.10659722222203,0.6,-1
4093,9475,17.113194444444254,0.6,-1
4094,9476,17.119791666666476,0.6,-1
4095,9477,17.126388888888698,0.6,-1
4096,9478,17.13298611111092,0.6,-1
4097,9479,17.139583333333142,0.6,-1
4098,9480,17.146180555555365,0.6,-1
4099,9481,17.152777777777587,0.6,-1
4100,9482,17.15937499999981,0.6,-1
4101,9483,17.16597222222203,0.6,-1
4102,9484,17.172569444444253,0.6,-1
4103,9485,17.179166666666475,0.6,-1
4104,9486,17.185763888888697,0.6,-1
4105,9487,17.19236111111092,0.6,-1
4106,9488,17.19895833333314,0.6,-1
4107,9489,17.205555555555364,0.6,-1
4108,9490,17.212152777777586,0.6,-1
4109,9491,17.218749999999808,0.6,-1
4110,9492,17.22534722222203,0.6,-1
4111,9493,17.231944444444252,0.6,-1
4112,9494,17.238541666666475,0.6,-1
4113,9495,17.245138888888697,0.6,-1
4114,9496,17.25173611111092,0.6,-1
4115,9497,17.25833333333314,0.6,-1
4116,9498,17.264930555555363,0.6,-1
4117,9499,17.271527777777585,0.6,-1
4118,9500,17.278124999999807,0.6,-1
4119,9501,17.28472222222203,0.6,-1
4120,9502,17.29131944444425,0.6,-1
4121,9503,17.297916666666474,0.6,-1
4122,9504,17.304513888888696,0.6,-1
4123,9505,17.311111111110918,0.6,-1
4124,9506,17.31770833333314,0.6,-1
4125,9507,17.324305555555362,0.6,-1
4126,9508,17.330902777777585,0.6,-1
4127,9509,17.337499999999807,0.6,-1
4128,9510,17.34409722222203,0.6,-1
4129,9511,17.35069444444425,0.6,-1
4130,9512,17.357291666666473,0.6,-1
4131,9513,17.363888888888695,0.6,-1
4132,9514,17.370486111110917,0.6,-1
4133,9515,17.37708333333314,0.6,-1
4134,9516,17.38368055555536,0.6,-1
4135,9517,17.390277777777584,0.6,-1
4136,9518,17.396874999999806,0.6,-1
4137,9519,17.403472222222028,0.6,-1
4138,9520,17.41006944444425,0.6,-1
4139,9521,17.416666666666472,0.6,-1
4140,9522,17.423263888888695,0.6,-1
4141,9523,17.429861111110917,0.6,-1
4142,9524,17.43645833333314,0.6,-1
4143,9525,17.44305555555536,0.6,-1
4144,9526,17.449652777777583,0.6,-1
4145,9527,17.456249999999805,0.6,-1
4146,9528,17.462847222222027,0.6,-1
4147,9529,17.46944444444425,0.6,-1
4148,9530,17.47604166666647,0.6,-1
4149,9531,17.482638888888694,0.6,-1
4150,9532,17.489236111110916,0.6,-1
4151,9533,17.495833333333138,0.6,-1
4152,9534,17.50243055555536,0.6,-1
4153,9535,17.509027777777582,0.6,-1
4154,9536,17.515624999999805,0.6,-1
4155,9537,17.522222222222027,0.6,-1
4156,9538,17.52881944444425,0.6,-1
4157,9539,17.53541666666647,0.6,-1
4158,9540,17.542013888888693,0.6,-1
4159,9541,17.548611111110915,0.6,-1
4160,9542,17.555208333333137,0.6,-1
4161,9543,17.56180555555536,0.6,-1
4162,9544,17.56840277777758,0.6,-1
4163,9545,17.574999999999804,0.6,-1
4164,9546,17.581597222222026,0.6,-1
4165,9547,17.588194444444248,0.6,-1
4166,9548,17.59479166666647,0.6,-1
4167,9549,17.601388888888692,0.6,-1
4168,9550,17.607986111110915,0.6,-1
4169,9551,17.614583333333137,0.6,-1
4170,9552,17.614583333333137,0.5,34
4171,9553,17.614583333333137,0.5,34
4172,9554,17.614583333333137,0.5,34
4173,9555,17.614583333333137,0.5,34
4174,9556,17.614583333333137,0.5,34
4175,9557,17.614583333333137,0.5,34
4176,9558,17.614583333333137,0.5,34
4177,9559,17.614583333333137,0.5,34
4178,9560,17.614583333333137,0.5,34
4179,9561,17.614583333333137,0.5,34
4180,9562,17.614583333333137,0.5,34
4181,9563,17.614583333333137,0.5,34
4182,9564,17.614583333333137,0.5,34
4183,9565,17.614583333333137,0.5,34
4184,9566,17.614583333333137,0.5,34
4185,9567,17.614583333333137,0.5,34
4186,9568,17.614583333333137,0.5,34
4187,9569,17.614583333333137,0.5,34
4188,9570,17.614583333333137,0.5,34
4189,9571,17.614583333333137,0.5,34
4190,9572,17.614583333333137,0.5,34
4191,9573,17.614583333333137,0.5,34
4192,9574,17.614583333333137,0.5,34
4193,9575,17.614583333333137,0.5,34
4194,9576,17.62118055555536,0.5,-1
4195,9577,17.62777777777758,0.5,-1
4196,9578,17.634374999999803,0.5,-1
4197,9579,17.640972222222025,0.5,-1
4198,9580,17.647569444444247,0.5,-1
4199,9581,17.65416666666647,0.5,-1
4200,9582,17.66076388888869,0.5,-1
4201,9583,17.667361111110914,0.5,-1
4202,9584,17.673958333333136,0.5,-1
4203,9585,17.680555555555358,0.5,-1
4204,9586,17.68715277777758,0.5,-1
4205,9587,17.693749999999802,0.5,-1
4206,9588,17.700347222222025,0.5,-1
4207,9589,17.706944444444247,0.5,-1
4208,9590,17.71354166666647,0.5,-1
4209,9591,17.72013888888869,0.5,-1
4210,9592,17.726736111110913,0.5,-1
4211,9593,17.733333333333135,0.5,-1
4212,9594,17.739930555555357,0.5,-1
4213,9595,17.74652777777758,0.5,-1
4214,9596,17.7531249999998,0.5,-1
4215,9597,17.759722222222024,0.5,-1
4216,9598,17.766319444444246,0.5,-1
4217,9599,17.772916666666468,0.5,-1
4218,9600,17.77951388888869,0.5,-1
4219,9601,17.786111111110912,0.5,-1
4220,9602,17.792708333333135,0.5,-1
4221,9603,17.799305555555357,0.5,-1
4222,9604,17.80590277777758,0.5,-1
4223,9605,17.8124999999998,0.5,-1
4224,9606,17.819097222222023,0.5,-1
4225,9607,17.825694444444245,0.5,-1
4226,9608,17.832291666666467,0.5,-1
4227,9609,17.83888888888869,0.5,-1
4228,9610,17.84548611111091,0.5,-1
4229,9611,17.852083333333134,0.5,-1
4230,9612,17.858680555555356,0.5,-1
4231,9613,17.865277777777578,0.5,-1
4232,9614,17.8718749999998,0.5,-1
4233,9615,17.878472222222022,0.5,-1
4234,9616,17.885069444444245,0.5,-1
4235,9617,17.891666666666467,0.5,-1
4236,9618,17.89826388888869,0.5,-1
4237,9619,17.90486111111091,0.5,-1
4238,9620,17.911458333333133,0.5,-1
4239,9621,17.918055555555355,0.5,-1
4240,9622,17.924652777777577,0.5,-1
4241,9623,17.9312499999998,0.5,-1
4242,9624,17.93784722222202,0.5,-1
4243,9625,17.944444444444244,0.5,-1
4244,9626,17.951041666666466,0.5,-1
4245,9627,17.957638888888688,0.5,-1
4246,9628,17.96423611111091,0.5,-1
4247,9629,17.970833333333132,0.5,-1
4248,9630,17.977430555555355,0.5,-1
4249,9631,17.984027777777577,0.5,-1
4250,9632,17.9906249999998,0.5,-1
4251,9633,17.99722222222202,0.5,-1
4252,9634,18.003819444444243,0.5,-1
4253,9635,18.010416666666465,0.5,-1
4254,9636,18.017013888888687,0.5,-1
4255,9637,18.02361111111091,0.5,-1
4256,9638,18.03020833333313,0.5,-1
4257,9639,18.036805555555354,0.5,-1
4258,9640,18.043402777777576,0.5,-1
4259,9641,18.049999999999798,0.5,-1
4260,9642,18.05659722222202,0.5,-1
4261,9643,18.063194444444242,0.5,-1
4262,9644,18.069791666666465,0.5,-1
4263,9645,18.076388888888687,0.5,-1
4264,9646,18.08298611111091,0.5,-1
4265,9647,18.08958333333313,0.5,-1
4266,9648,18.096180555555353,0.5,-1
4267,9649,18.102777777777575,0.5,-1
4268,9650,18.109374999999797,0.5,-1
4269,9651,18.11597222222202,0.5,-1
4270,9652,18.122569444444242,0.5,-1
4271,9653,18.129166666666464,0.5,-1
4272,9654,18.135763888888686,0.5,-1
4273,9655,18.142361111110908,0.5,-1
4274,9656,18.14895833333313,0.5,-1
4275,9657,18.155555555555352,0.5,-1
4276,9658,18.162152777777575,0.5,-1
4277,9659,18.168749999999797,0.5,-1
4278,9660,18.17534722222202,0.5,-1
4279,9661,18.18194444444424,0.5,-1
4280,9662,18.188541666666463,0.5,-1
4281,9663,18.195138888888685,0.5,-1
4282,9664,18.201736111110908,0.5,-1
4283,9665,18.20833333333313,0.5,-1
4284,9666,18.214930555555352,0.5,-1
4285,9667,18.221527777777574,0.5,-1
4286,9668,18.228124999999796,0.5,-1
4287,9669,18.234722222222018,0.5,-1
4288,9670,18.24131944444424,0.5,-1
4289,9671,18.247916666666463,0.5,-1
4290,9672,18.254513888888685,0.5,-1
4291,9673,18.261111111110907,0.5,-1
4292,9674,18.26770833333313,0.5,-1
4293,9675,18.27430555555535,0.5,-1
4294,9676,18.280902777777573,0.5,-1
4295,9677,18.287499999999795,0.5,-1
4296,9678,18.294097222222018,0.5,-1
4297,9679,18.30069444444424,0.5,-1
4298,9680,18.307291666666462,0.5,-1
4299,9681,18.313888888888684,0.5,-1
4300,9682,18.320486111110906,0.5,-1
4301,9683,18.327083333333128,0.5,-1
4302,9684,18.33368055555535,0.5,-1
4303,9685,18.340277777777573,0.5,-1
4304,9686,18.346874999999795,0.5,-1
4305,9687,18.353472222222017,0.5,-1
4306,9688,18.36006944444424,0.5,-1
4307,9689,18.36666666666646,0.5,-1
4308,9690,18.373263888888683,0.5,-1
4309,9691,18.379861111110905,0.5,-1
4310,9692,18.386458333333128,0.5,-1
4311,9693,18.39305555555535,0.5,-1
4312,9694,18.399652777777572,0.5,-1
4313,9695,18.406249999999794,0.5,-1
4314,9696,18.412847222222016,0.5,-1
4315,9697,18.41944444444424,0.5,-1
4316,9698,18.42604166666646,0.5,-1
4317,9699,18.432638888888683,0.5,-1
4318,9700,18.439236111110905,0.5,-1
4319,9701,18.445833333333127,0.5,-1
4320,9702,18.45243055555535,0.5,-1
4321,9703,18.45902777777757,0.5,-1
4322,9704,18.465624999999793,0.5,-1
4323,9705,18.472222222222015,0.5,-1
4324,9706,18.478819444444238,0.5,-1
4325,9707,18.48541666666646,0.5,-1
4326,9708,18.492013888888682,0.5,-1
4327,9709,18.498611111110904,0.5,-1
4328,9710,18.505208333333126,0.5,-1
4329,9711,18.51180555555535,0.5,-1
4330,9712,18.51840277777757,0.5,-1
4331,9713,18.524999999999793,0.5,-1
4332,9714,18.531597222222015,0.5,-1
4333,9715,18.538194444444237,0.5,-1
4334,9716,18.54479166666646,0.5,-1
4335,9717,18.55138888888868,0.5,-1
4336,9718,18.557986111110903,0.5,-1
4337,9719,18.564583333333125,0.5,-1
4338,9720,18.571180555555348,0.5,-1
4339,9721,18.57777777777757,0.5,-1
4340,9722,18.584374999999792,0.5,-1
4341,9723,18.590972222222014,0.5,-1
4342,9724,18.597569444444236,0.5,-1
4343,9725,18.60416666666646,0.5,-1
4344,9726,18.61076388888868,0.5,-1
4345,9727,18.617361111110903,0.5,-1
4346,9728,18.623958333333125,0.5,-1
4347,9729,18.630555555555347,0.5,-1
4348,9730,18.63715277777757,0.5,-1
4349,9731,18.64374999999979,0.5,-1
4350,9732,18.650347222222013,0.5,-1
4351,9733,18.656944444444235,0.5,-1
4352,9734,18.663541666666458,0.5,-1
4353,9735,18.67013888888868,0.5,-1
4354,9736,18.676736111110902,0.5,-1
4355,9737,18.683333333333124,0.5,-1
4356,9738,18.689930555555346,0.5,-1
4357,9739,18.69652777777757,0.5,-1
4358,9740,18.70312499999979,0.5,-1
4359,9741,18.709722222222013,0.5,-1
4360,9742,18.716319444444235,0.5,-1
4361,9743,18.722916666666457,0.5,-1
4362,9744,18.72951388888868,0.5,-1
4363,9745,18.7361111111109,0.5,-1
4364,9746,18.742708333333123,0.5,-1
4365,9747,18.749305555555345,0.5,-1
4366,9748,18.755902777777568,0.5,-1
4367,9749,18.76249999999979,0.5,-1
4368,9750,18.769097222222012,0.5,-1
4369,9751,18.775694444444234,0.5,-1
4370,9752,18.782291666666456,0.5,-1
4371,9753,18.78888888888868,0.5,-1
4372,9754,18.7954861111109,0.5,-1
4373,9755,18.802083333333123,0.5,-1
4374,9756,18.808680555555345,0.5,-1
4375,9757,18.815277777777567,0.5,-1
4376,9758,18.82187499999979,0.5,-1
4377,9759,18.82847222222201,0.5,-1
4378,9760,18.835069444444233,0.5,-1
4379,9761,18.841666666666455,0.5,-1
4380,9762,18.848263888888678,0.5,-1
4381,9763,18.8548611111109,0.5,-1
4382,9764,18.861458333333122,0.5,-1
4383,9765,18.868055555555344,0.5,-1
4384,9766,18.874652777777566,0.5,-1
4385,9767,18.88124999999979,0.5,-1
4386,9768,18.88784722222201,0.5,-1
4387,9769,18.894444444444233,0.5,-1
4388,9770,18.901041666666455,0.5,-1
4389,9771,18.907638888888677,0.5,-1
4390,9772,18.9142361111109,0.5,-1
4391,9773,18.92083333333312,0.5,-1
4392,9774,18.927430555555343,0.5,-1
4393,9775,18.934027777777565,0.5,-1
4394,9776,18.940624999999788,0.5,-1
4395,9777,18.94722222222201,0.5,-1
4396,9778,18.953819444444232,0.5,-1
4397,9779,18.960416666666454,0.5,-1
4398,9780,18.967013888888676,0.5,-1
4399,9781,18.9736111111109,0.5,-1
4400,9782,18.98020833333312,0.5,-1
4401,9783,18.986805555555343,0.5,-1
4402,9784,18.993402777777565,0.5,-1
4403,9785,18.999999999999787,0.5,-1
4404,9786,19.00659722222201,0.5,-1
4405,9787,19.01319444444423,0.5,-1
4406,9788,19.019791666666453,0.5,-1
4407,9789,19.026388888888675,0.5,-1
4408,9790,19.032986111110898,0.5,-1
4409,9791,19.03958333333312,0.5,-1
4410,9792,19.046180555555342,0.5,-1
4411,9793,19.052777777777564,0.5,-1
4412,9794,19.059374999999786,0.5,-1
4413,9795,19.06597222222201,0.5,-1
4414,9796,19.07256944444423,0.5,-1
4415,9797,19.079166666666453,0.5,-1
4416,9798,19.085763888888675,0.5,-1
4417,9799,19.092361111110897,0.5,-1
4418,9800,19.09895833333312,0.5,-1
4419,9801,19.10555555555534,0.5,-1
4420,9802,19.112152777777563,0.5,-1
4421,9803,19.118749999999785,0.5,-1
4422,9804,19.125347222222008,0.5,-1
4423,9805,19.13194444444423,0.5,-1
4424,9806,19.138541666666452,0.5,-1
4425,9807,19.145138888888674,0.5,-1
4426,9808,19.151736111110896,0.5,-1
4427,9809,19.15833333333312,0.5,-1
4428,9810,19.16493055555534,0.5,-1
4429,9811,19.171527777777563,0.5,-1
4430,9812,19.178124999999785,0.5,-1
4431,9813,19.184722222222007,0.5,-1
4432,9814,19.19131944444423,0.5,-1
4433,9815,19.19791666666645,0.5,-1
4434,9816,19.204513888888673,0.5,-1
4435,9817,19.211111111110895,0.5,-1
4436,9818,19.217708333333118,0.5,-1
4437,9819,19.22430555555534,0.5,-1
4438,9820,19.230902777777562,0.5,-1
4439,9821,19.237499999999784,0.5,-1
4440,9822,19.244097222222006,0.5,-1
4441,9823,19.25069444444423,0.5,-1
4442,9824,19.25729166666645,0.5,-1
4443,9825,19.263888888888673,0.5,-1
4444,9826,19.270486111110895,0.5,-1
4445,9827,19.277083333333117,0.5,-1
4446,9828,19.28368055555534,0.5,-1
4447,9829,19.29027777777756,0.5,-1
4448,9830,19.296874999999783,0.5,-1
4449,9831,19.303472222222005,0.5,-1
4450,9832,19.310069444444228,0.5,-1
4451,9833,19.31666666666645,0.5,-1
4452,9834,19.323263888888672,0.5,-1
4453,9835,19.329861111110894,0.5,-1
4454,9836,19.336458333333116,0.5,-1
4455,9837,19.34305555555534,0.5,-1
4456,9838,19.34965277777756,0.5,-1
4457,9839,19.356249999999783,0.5,-1
4458,9840,19.362847222222005,0.5,-1
4459,9841,19.369444444444227,0.5,-1
4460,9842,19.37604166666645,0.5,-1
4461,9843,19.38263888888867,0.5,-1
4462,9844,19.389236111110893,0.5,-1
4463,9845,19.395833333333115,0.5,-1
4464,9846,19.402430555555338,0.5,-1
4465,9847,19.40902777777756,0.5,-1
4466,9848,19.415624999999782,0.5,-1
4467,9849,19.422222222222004,0.5,-1
4468,9850,19.428819444444226,0.5,-1
4469,9851,19.428819444444226,0.4,35
4470,9852,19.428819444444226,0.4,35
4471,9853,19.428819444444226,0.4,35
4472,9854,19.428819444444226,0.4,35
4473,9855,19.428819444444226,0.4,35
4474,9856,19.428819444444226,0.4,35
4475,9857,19.428819444444226,0.4,35
4476,9858,19.428819444444226,0.4,35
4477,9859,19.428819444444226,0.4,35
4478,9860,19.428819444444226,0.4,35
4479,9861,19.428819444444226,0.4,35
4480,9862,19.428819444444226,0.4,35
4481,9863,19.428819444444226,0.4,35
4482,9864,19.428819444444226,0.4,35
4483,9865,19.428819444444226,0.4,35
4484,9866,19.428819444444226,0.4,35
4485,9867,19.428819444444226,0.4,35
4486,9868,19.428819444444226,0.4,35
4487,9869,19.428819444444226,0.4,35
4488,9870,19.428819444444226,0.4,35
4489,9871,19.428819444444226,0.4,35
4490,9872,19.428819444444226,0.4,35
4491,9873,19.43541666666645,0.4,-1
4492,9874,19.43541666666645,0.35833333333333334,36
4493,9875,19.43541666666645,0.35833333333333334,36
4494,9876,19.43541666666645,0.35833333333333334,36
4495,9877,19.43541666666645,0.35833333333333334,36
4496,9878,19.43541666666645,0.35833333333333334,36
4497,9879,19.43541666666645,0.35833333333333334,36
4498,9880,19.43541666666645,0.35833333333333334,36
4499,9881,19.43541666666645,0.35833333333333334,36
4500,9882,19.43541666666645,0.35833333333333334,36
4501,9883,19.43541666666645,0.35833333333333334,36
4502,9884,19.43541666666645,0.35833333333333334,36
4503,9885,19.43541666666645,0.35833333333333334,36
4504,9886,19.43541666666645,0.35833333333333334,36
4505,9887,19.43541666666645,0.35833333333333334,36
4506,9888,19.43541666666645,0.35833333333333334,36
4507,9889,19.43541666666645,0.35833333333333334,36
4508,9890,19.43541666666645,0.35833333333333334,36
4509,9891,19.43541666666645,0.35833333333333334,36
4510,9892,19.43541666666645,0.35833333333333334,36
4511,9893,19.43541666666645,0.35833333333333334,36
4512,9894,19.43541666666645,0.35833333333333334,36
4513,9895,19.43541666666645,0.35833333333333334,36
4514,9896,19.43541666666645,0.35833333333333334,36
4515,9897,19.43541666666645,0.35833333333333334,36
4516,9898,19.43541666666645,0.35833333333333334,36
4517,9899,19.43541666666645,0.35833333333333334,36
4518,9900,19.43541666666645,0.35833333333333334,36
4519,9901,19.43541666666645,0.35833333333333334,36
4520,9902,19.43541666666645,0.35833333333333334,36
4521,9903,19.43541666666645,0.35833333333333334,36
4522,9904,19.43541666666645,0.35833333333333334,36
4523,9905,19.43541666666645,0.35833333333333334,36
4524,9906,19.43541666666645,0.35833333333333334,36
4525,9907,19.43541666666645,0.35833333333333334,36
4526,9908,19.43541666666645,0.35833333333333334,36
4527,9909,19.43541666666645,0.35833333333333334,36
4528,9910,19.43541666666645,0.35833333333333334,36
4529,9911,19.43541666666645,0.35833333333333334,36
4530,9912,19.43541666666645,0.35833333333333334,36
4531,9913,19.43541666666645,0.35833333333333334,36
4532,9914,19.43541666666645,0.35833333333333334,36
4533,9915,19.43541666666645,0.35833333333333334,36
4534,9916,19.43541666666645,0.35833333333333334,36
4535,9917,19.43541666666645,0.35833333333333334,36
4536,9918,19.43541666666645,0.35833333333333334,36
4537,9919,19.43541666666645,0.35833333333333334,36
4538,9920,19.43541666666645,0.35833333333333334,36
4539,9921,19.43541666666645,0.35833333333333334,36
4540,9922,19.43541666666645,0.35833333333333334,36
4541,9923,19.43541666666645,0.35833333333333334,36
4542,9924,19.43541666666645,0.35833333333333334,36
4543,9925,19.43541666666645,0.35833333333333334,36
4544,9926,19.43541666666645,0.35833333333333334,36
4545,9927,19.43541666666645,0.35833333333333334,36
4546,9928,19.43541666666645,0.35833333333333334,36
4547,9929,19.43541666666645,0.35833333333333334,36
4548,9930,19.43541666666645,0.35833333333333334,36
4549,9931,19.43541666666645,0.35833333333333334,36
4550,9932,19.43541666666645,0.35833333333333334,36
4551,9933,19.43541666666645,0.35833333333333334,36
4552,9934,19.43541666666645,0.35833333333333334,36
4553,9935,19.43541666666645,0.35833333333333334,36
4554,9936,19.43541666666645,0.35833333333333334,36
4555,9937,19.43541666666645,0.35833333333333334,36
4556,9938,19.43541666666645,0.35833333333333334,36
4557,9939,19.43541666666645,0.35833333333333334,36
4558,9940,19.43541666666645,0.35833333333333334,36
4559,9941,19.43541666666645,0.35833333333333334,36
4560,9942,19.43541666666645,0.35833333333333334,36
4561,9943,19.43541666666645,0.35833333333333334,36
4562,9944,19.43541666666645,0.35833333333333334,36
4563,9945,19.43541666666645,0.35833333333333334,36
4564,9946,19.43541666666645,0.35833333333333334,36
4565,9947,19.43541666666645,0.35833333333333334,36
4566,9948,19.43541666666645,0.35833333333333334,36
4567,9949,19.43541666666645,0.35833333333333334,36
4568,9950,19.43541666666645,0.35833333333333334,36
4569,9951,19.43541666666645,0.35833333333333334,36
4570,9952,19.43541666666645,0.35833333333333334,36
4571,9953,19.43541666666645,0.35833333333333334,36
4572,9954,19.43541666666645,0.35833333333333334,36
4573,9955,19.43541666666645,0.35833333333333334,36
4574,9956,19.43541666666645,0.35833333333333334,36
4575,9957,19.43541666666645,0.35833333333333334,36
4576,9958,19.44201388888867,0.35833333333333334,-1
4577,9959,19.448611111110893,0.35833333333333334,-1
4578,9960,19.455208333333115,0.35833333333333334,-1
4579,9961,19.461805555555337,0.35833333333333334,-1
4580,9962,19.46840277777756,0.35833333333333334,-1
4581,9963,19.47499999999978,0.35833333333333334,-1
4582,9964,19.481597222222003,0.35833333333333334,-1
4583,9965,19.488194444444225,0.35833333333333334,-1
4584,9966,19.494791666666448,0.35833333333333334,-1
4585,9967,19.50138888888867,0.35833333333333334,-1
4586,9968,19.507986111110892,0.35833333333333334,-1
4587,9969,19.514583333333114,0.35833333333333334,-1
4588,9970,19.521180555555336,0.35833333333333334,-1
4589,9971,19.52777777777756,0.35833333333333334,-1
4590,9972,19.53437499999978,0.35833333333333334,-1
4591,9973,19.540972222222003,0.35833333333333334,-1
4592,9974,19.547569444444225,0.35833333333333334,-1
4593,9975,19.554166666666447,0.35833333333333334,-1
4594,9976,19.56076388888867,0.35833333333333334,-1
4595,9977,19.56736111111089,0.35833333333333334,-1
4596,9978,19.573958333333113,0.35833333333333334,-1
4597,9979,19.580555555555335,0.35833333333333334,-1
4598,9980,19.587152777777558,0.35833333333333334,-1
4599,9981,19.59374999999978,0.35833333333333334,-1
4600,9982,19.600347222222002,0.35833333333333334,-1
4601,9983,19.606944444444224,0.35833333333333334,-1
4602,9984,19.613541666666446,0.35833333333333334,-1
4603,9985,19.62013888888867,0.35833333333333334,-1
4604,9986,19.62673611111089,0.35833333333333334,-1
4605,9987,19.633333333333113,0.35833333333333334,-1
4606,9988,19.639930555555335,0.35833333333333334,-1
4607,9989,19.646527777777557,0.35833333333333334,-1
4608,9990,19.65312499999978,0.35833333333333334,-1
4609,9991,19.659722222222,0.35833333333333334,-1
4610,9992,19.666319444444223,0.35833333333333334,-1
4611,9993,19.672916666666445,0.35833333333333334,-1
4612,9994,19.679513888888668,0.35833333333333334,-1
4613,9995,19.68611111111089,0.35833333333333334,-1
4614,9996,19.692708333333112,0.35833333333333334,-1
4615,9997,19.699305555555334,0.35833333333333334,-1
4616,9998,19.705902777777556,0.35833333333333334,-1
4617,9999,19.71249999999978,0.35833333333333334,-1
4618,10000,19.719097222222,0.35833333333333334,-1
4619,10001,19.725694444444223,0.35833333333333334,-1
4620,10002,19.732291666666445,0.35833333333333334,-1
4621,10003,19.738888888888667,0.35833333333333334,-1
4622,10004,19.74548611111089,0.35833333333333334,-1
4623,10005,19.75208333333311,0.35833333333333334,-1
4624,10006,19.758680555555333,0.35833333333333334,-1
4625,10007,19.765277777777555,0.35833333333333334,-1
4626,10008,19.771874999999778,0.35833333333333334,-1
4627,10009,19.778472222222,0.35833333333333334,-1
4628,10010,19.785069444444222,0.35833333333333334,-1
4629,10011,19.785069444444222,0.23333333333333334,37
4630,10012,19.785069444444222,0.23333333333333334,37
4631,10013,19.785069444444222,0.23333333333333334,37
4632,10014,19.785069444444222,0.23333333333333334,37
4633,10015,19.785069444444222,0.23333333333333334,37
4634,10016,19.785069444444222,0.23333333333333334,37
4635,10017,19.785069444444222,0.23333333333333334,37
4636,10018,19.785069444444222,0.23333333333333334,37
4637,10019,19.785069444444222,0.23333333333333334,37
4638,10020,19.785069444444222,0.23333333333333334,37
4639,10021,19.785069444444222,0.23333333333333334,37
4640,10022,19.785069444444222,0.23333333333333334,37
4641,10023,19.785069444444222,0.23333333333333334,37
4642,10024,19.785069444444222,0.23333333333333334,37
4643,10025,19.785069444444222,0.23333333333333334,37
4644,10026,19.785069444444222,0.23333333333333334,37
4645,10027,19.785069444444222,0.23333333333333334,37
4646,10028,19.785069444444222,0.23333333333333334,37
4647,10029,19.785069444444222,0.23333333333333334,37
4648,10030,19.785069444444222,0.23333333333333334,37
4649,10031,19.785069444444222,0.23333333333333334,37
4650,10032,19.785069444444222,0.23333333333333334,37
4651,10033,19.785069444444222,0.23333333333333334,37
4652,10034,19.785069444444222,0.23333333333333334,37
4653,10035,19.785069444444222,0.23333333333333334,37
4654,10036,19.785069444444222,0.23333333333333334,37
4655,10037,19.785069444444222,0.23333333333333334,37
4656,10038,19.785069444444222,0.23333333333333334,37
4657,10039,19.785069444444222,0.23333333333333334,37
4658,10040,19.785069444444222,0.23333333333333334,37
4659,10041,19.785069444444222,0.23333333333333334,37
4660,10042,19.785069444444222,0.23333333333333334,37
4661,10043,19.785069444444222,0.23333333333333334,37
4662,10044,19.785069444444222,0.23333333333333334,37
4663,10045,19.785069444444222,0.23333333333333334,37
4664,10046,19.785069444444222,0.23333333333333334,37
4665,10047,19.791666666666444,0.23333333333333334,-1
4666,10048,19.798263888888666,0.23333333333333334,-1
4667,10049,19.80486111111089,0.23333333333333334,-1
4668,10050,19.81145833333311,0.23333333333333334,-1
4669,10051,19.818055555555333,0.23333333333333334,-1
4670,10052,19.824652777777555,0.23333333333333334,-1
4671,10053,19.831249999999777,0.23333333333333334,-1
4672,10054,19.837847222222,0.23333333333333334,-1
4673,10055,19.84444444444422,0.23333333333333334,-1
4674,10056,19.851041666666443,0.23333333333333334,-1
4675,10057,19.857638888888665,0.23333333333333334,-1
4676,10058,19.864236111110888,0.23333333333333334,-1
4677,10059,19.87083333333311,0.23333333333333334,-1
4678,10060,19.877430555555332,0.23333333333333334,-1
4679,10061,19.884027777777554,0.23333333333333334,-1
4680,10062,19.890624999999776,0.23333333333333334,-1
4681,10063,19.897222222222,0.23333333333333334,-1
4682,10064,19.90381944444422,0.23333333333333334,-1
4683,10065,19.910416666666443,0.23333333333333334,-1
4684,10066,19.917013888888665,0.23333333333333334,-1
4685,10067,19.923611111110887,0.23333333333333334,-1
4686,10068,19.93020833333311,0.23333333333333334,-1
4687,10069,19.93680555555533,0.23333333333333334,-1
4688,10070,19.943402777777553,0.23333333333333334,-1
4689,10071,19.949999999999775,0.23333333333333334,-1
4690,10072,19.956597222221998,0.23333333333333334,-1
4691,10073,19.96319444444422,0.23333333333333334,-1
4692,10074,19.969791666666442,0.23333333333333334,-1
4693,10075,19.976388888888664,0.23333333333333334,-1
4694,10076,19.982986111110886,0.23333333333333334,-1
4695,10077,19.98958333333311,0.23333333333333334,-1
4696,10078,19.99618055555533,0.23333333333333334,-1
4697,10079,20.002777777777553,0.23333333333333334,-1
4698,10080,20.009374999999775,0.23333333333333334,-1
4699,10081,20.015972222221997,0.23333333333333334,-1
4700,10082,20.02256944444422,0.23333333333333334,-1
4701,10083,20.02916666666644,0.23333333333333334,-1
4702,10084,20.035763888888663,0.23333333333333334,-1
4703,10085,20.042361111110885,0.23333333333333334,-1
4704,10086,20.048958333333108,0.23333333333333334,-1
4705,10087,20.05555555555533,0.23333333333333334,-1
4706,10088,20.062152777777552,0.23333333333333334,-1
4707,10089,20.068749999999774,0.23333333333333334,-1
4708,10090,20.075347222221996,0.23333333333333334,-1
4709,10091,20.08194444444422,0.23333333333333334,-1
4710,10092,20.08854166666644,0.23333333333333334,-1
4711,10093,20.095138888888663,0.23333333333333334,-1
4712,10094,20.101736111110885,0.23333333333333334,-1
4713,10095,20.108333333333107,0.23333333333333334,-1
4714,10096,20.11493055555533,0.23333333333333334,-1
4715,10097,20.12152777777755,0.23333333333333334,-1
4716,10098,20.128124999999773,0.23333333333333334,-1
4717,10099,20.134722222221995,0.23333333333333334,-1
4718,10100,20.141319444444218,0.23333333333333334,-1
4719,10101,20.14791666666644,0.23333333333333334,-1
4720,10102,20.154513888888662,0.23333333333333334,-1
4721,10103,20.161111111110884,0.23333333333333334,-1
4722,10104,20.167708333333106,0.23333333333333334,-1
4723,10105,20.17430555555533,0.23333333333333334,-1
4724,10106,20.18090277777755,0.23333333333333334,-1
4725,10107,20.187499999999773,0.23333333333333334,-1
4726,10108,20.194097222221995,0.23333333333333334,-1
4727,10109,20.200694444444217,0.23333333333333334,-1
4728,10110,20.20729166666644,0.23333333333333334,-1
4729,10111,20.21388888888866,0.23333333333333334,-1
4730,10112,20.220486111110883,0.23333333333333334,-1
4731,10113,20.227083333333105,0.23333333333333334,-1
4732,10114,20.233680555555328,0.23333333333333334,-1
4733,10115,20.24027777777755,0.23333333333333334,-1
4734,10116,20.246874999999772,0.23333333333333334,-1
4735,10117,20.253472222221994,0.23333333333333334,-1
4736,10118,20.260069444444216,0.23333333333333334,-1
4737,10119,20.26666666666644,0.23333333333333334,-1
4738,10120,20.27326388888866,0.23333333333333334,-1
4739,10121,20.279861111110883,0.23333333333333334,-1
4740,10122,20.286458333333105,0.23333333333333334,-1
4741,10123,20.293055555555327,0.23333333333333334,-1
4742,10124,20.29965277777755,0.23333333333333334,-1
4743,10125,20.30624999999977,0.23333333333333334,-1
4744,10126,20.312847222221993,0.23333333333333334,-1
4745,10127,20.319444444444215,0.23333333333333334,-1
4746,10128,20.326041666666438,0.23333333333333334,-1
4747,10129,20.326041666666438,0.15833333333333333,38
4748,10130,20.326041666666438,0.15833333333333333,38
4749,10131,20.326041666666438,0.15833333333333333,38
4750,10132,20.326041666666438,0.15833333333333333,38
4751,10133,20.326041666666438,0.15833333333333333,38
4752,10134,20.326041666666438,0.15833333333333333,38
4753,10135,20.326041666666438,0.15833333333333333,38
4754,10136,20.326041666666438,0.15833333333333333,38
4755,10137,20.326041666666438,0.15833333333333333,38
4756,10138,20.326041666666438,0.15833333333333333,38
4757,10139,20.326041666666438,0.15833333333333333,38
4758,10140,20.326041666666438,0.15833333333333333,38
4759,10141,20.326041666666438,0.15833333333333333,38
4760,10142,20.326041666666438,0.15833333333333333,38
4761,10143,20.326041666666438,0.15833333333333333,38
4762,10144,20.326041666666438,0.15833333333333333,38
4763,10145,20.326041666666438,0.15833333333333333,38
4764,10146,20.326041666666438,0.15833333333333333,38
4765,10147,20.33263888888866,0.15833333333333333,-1
4766,10148,20.339236111110882,0.15833333333333333,-1
4767,10149,20.345833333333104,0.15833333333333333,-1
4768,10150,20.352430555555326,0.15833333333333333,-1
4769,10151,20.35902777777755,0.15833333333333333,-1
4770,10152,20.36562499999977,0.15833333333333333,-1
4771,10153,20.372222222221993,0.15833333333333333,-1
4772,10154,20.378819444444215,0.15833333333333333,-1
4773,10155,20.385416666666437,0.15833333333333333,-1
4774,10156,20.39201388888866,0.15833333333333333,-1
4775,10157,20.39861111111088,0.15833333333333333,-1
4776,10158,20.405208333333103,0.15833333333333333,-1
4777,10159,20.411805555555325,0.15833333333333333,-1
4778,10160,20.418402777777548,0.15833333333333333,-1
4779,10161,20.42499999999977,0.15833333333333333,-1
4780,10162,20.431597222221992,0.15833333333333333,-1
4781,10163,20.438194444444214,0.15833333333333333,-1
4782,10164,20.444791666666436,0.15833333333333333,-1
4783,10165,20.45138888888866,0.15833333333333333,-1
4784,10166,20.45798611111088,0.15833333333333333,-1
4785,10167,20.464583333333103,0.15833333333333333,-1
4786,10168,20.471180555555325,0.15833333333333333,-1
4787,10169,20.477777777777547,0.15833333333333333,-1
4788,10170,20.48437499999977,0.15833333333333333,-1
4789,10171,20.49097222222199,0.15833333333333333,-1
4790,10172,20.497569444444213,0.15833333333333333,-1
4791,10173,20.504166666666436,0.15833333333333333,-1
4792,10174,20.510763888888658,0.15833333333333333,-1
4793,10175,20.51736111111088,0.15833333333333333,-1
4794,10176,20.523958333333102,0.15833333333333333,-1
4795,10177,20.530555555555324,0.15833333333333333,-1
4796,10178,20.537152777777546,0.15833333333333333,-1
4797,10179,20.54374999999977,0.15833333333333333,-1
4798,10180,20.55034722222199,0.15833333333333333,-1
4799,10181,20.556944444444213,0.15833333333333333,-1
4800,10182,20.563541666666435,0.15833333333333333,-1
4801,10183,20.570138888888657,0.15833333333333333,-1
4802,10184,20.57673611111088,0.15833333333333333,-1
4803,10185,20.5833333333331,0.15833333333333333,-1
4804,10186,20.589930555555323,0.15833333333333333,-1
4805,10187,20.596527777777546,0.15833333333333333,-1
4806,10188,20.603124999999768,0.15833333333333333,-1
4807,10189,20.60972222222199,0.15833333333333333,-1
4808,10190,20.616319444444212,0.15833333333333333,-1
4809,10191,20.622916666666434,0.15833333333333333,-1
4810,10192,20.629513888888656,0.15833333333333333,-1
4811,10193,20.63611111111088,0.15833333333333333,-1
4812,10194,20.6427083333331,0.15833333333333333,-1
4813,10195,20.649305555555323,0.15833333333333333,-1
4814,10196,20.655902777777545,0.15833333333333333,-1
4815,10197,20.662499999999767,0.15833333333333333,-1
4816,10198,20.66909722222199,0.15833333333333333,-1
4817,10199,20.67569444444421,0.15833333333333333,-1
4818,10200,20.682291666666433,0.15833333333333333,-1
4819,10201,20.688888888888656,0.15833333333333333,-1
4820,10202,20.695486111110878,0.15833333333333333,-1
4821,10203,20.7020833333331,0.15833333333333333,-1
4822,10204,20.708680555555322,0.15833333333333333,-1
4823,10205,20.715277777777544,0.15833333333333333,-1
4824,10206,20.721874999999766,0.15833333333333333,-1
4825,10207,20.72847222222199,0.15833333333333333,-1
4826,10208,20.73506944444421,0.15833333333333333,-1
4827,10209,20.741666666666433,0.15833333333333333,-1
4828,10210,20.748263888888655,0.15833333333333333,-1
4829,10211,20.754861111110877,0.15833333333333333,-1
4830,10212,20.7614583333331,0.15833333333333333,-1
4831,10213,20.76805555555532,0.15833333333333333,-1
4832,10214,20.774652777777543,0.15833333333333333,-1
4833,10215,20.781249999999766,0.15833333333333333,-1
4834,10216,20.787847222221988,0.15833333333333333,-1
4835,10217,20.79444444444421,0.15833333333333333,-1
4836,10218,20.801041666666432,0.15833333333333333,-1
4837,10219,20.807638888888654,0.15833333333333333,-1
4838,10220,20.814236111110876,0.15833333333333333,-1
4839,10221,20.8208333333331,0.15833333333333333,-1
4840,10222,20.82743055555532,0.15833333333333333,-1
4841,10223,20.834027777777543,0.15833333333333333,-1
4842,10224,20.840624999999765,0.15833333333333333,-1
4843,10225,20.847222222221987,0.15833333333333333,-1
4844,10226,20.85381944444421,0.15833333333333333,-1
4845,10227,20.86041666666643,0.15833333333333333,-1
4846,10228,20.867013888888653,0.15833333333333333,-1
4847,10229,20.873611111110876,0.15833333333333333,-1
4848,10230,20.880208333333098,0.15833333333333333,-1
4849,10231,20.88680555555532,0.15833333333333333,-1
4850,10232,20.893402777777542,0.15833333333333333,-1
4851,10233,20.899999999999764,0.15833333333333333,-1
4852,10234,20.906597222221986,0.15833333333333333,-1
4853,10235,20.91319444444421,0.15833333333333333,-1
4854,10236,20.91979166666643,0.15833333333333333,-1
4855,10237,20.926388888888653,0.15833333333333333,-1
4856,10238,20.932986111110875,0.15833333333333333,-1
4857,10239,20.939583333333097,0.15833333333333333,-1
4858,10240,20.94618055555532,0.15833333333333333,-1
4859,10241,20.95277777777754,0.15833333333333333,-1
4860,10242,20.959374999999763,0.15833333333333333,-1
4861,10243,20.965972222221986,0.15833333333333333,-1
4862,10244,20.972569444444208,0.15833333333333333,-1
4863,10245,20.97916666666643,0.15833333333333333,-1
4864,10246,20.985763888888652,0.15833333333333333,-1
4865,10247,20.992361111110874,0.15833333333333333,-1
4866,10248,20.998958333333096,0.15833333333333333,-1
4867,10249,20.998958333333096,0.0,39
