time_s,station_position
7005.0,1.0
7006.0,1.0
7007.0,1.0
7008.0,1.0
7009.0,1.0072222222222222
7010.0,1.0144444444444445
7011.0,1.0216666666666667
7012.0,1.028888888888889
7013.0,1.0361111111111112
7014.0,1.0433333333333332
7015.0,1.0505555555555555
7016.0,1.0577777777777777
7017.0,1.065
7018.0,1.0722222222222222
7019.0,1.0794444444444444
7020.0,1.0866666666666667
7021.0,1.093888888888889
7022.0,1.1011111111111112
7023.0,1.1083333333333334
7024.0,1.1155555555555556
7025.0,1.1227777777777779
7026.0,1.1300000000000001
7027.0,1.1372222222222224
7028.0,1.1444444444444444
7029.0,1.1516666666666666
7030.0,1.1588888888888889
7031.0,1.166111111111111
7032.0,1.1733333333333333
7033.0,1.1805555555555556
7034.0,1.1877777777777778
7035.0,1.1949999999999998
7036.0,1.202222222222222
7037.0,1.2094444444444443
7038.0,1.2166666666666666
7039.0,1.2238888888888888
7040.0,1.231111111111111
7041.0,1.2383333333333333
7042.0,1.2455555555555555
7043.0,1.2527777777777778
7044.0,1.2599999999999998
7045.0,1.2672222222222222
7046.0,1.2744444444444443
7047.0,1.2816666666666667
7048.0,1.2888888888888888
7049.0,1.2961111111111112
7050.0,1.3033333333333332
7051.0,1.3105555555555557
7052.0,1.3177777777777777
7053.0,1.3250000000000002
7054.0,1.3322222222222222
7055.0,1.3394444444444447
7056.0,1.3394444444444447
7057.0,1.3394444444444447
7058.0,1.3394444444444447
7059.0,1.3466666666666667
7060.0,1.3538888888888891
7061.0,1.3611111111111112
7062.0,1.3683333333333336
7063.0,1.3755555555555556
7064.0,1.382777777777778
7065.0,1.3900000000000001
7066.0,1.3972222222222226
7067.0,1.4044444444444446
7068.0,1.411666666666667
7069.0,1.418888888888889
7070.0,1.4261111111111116
7071.0,1.4333333333333336
7072.0,1.440555555555556
7073.0,1.447777777777778
7074.0,1.4550000000000005
7075.0,1.4622222222222225
7076.0,1.469444444444445
7077.0,1.476666666666667
7078.0,1.4838888888888895
7079.0,1.4911111111111115
7080.0,1.498333333333334
7081.0,1.505555555555556
7082.0,1.5127777777777784
7083.0,1.5200000000000005
7084.0,1.527222222222223
7085.0,1.534444444444445
7086.0,1.5416666666666674
7087.0,1.5488888888888894
7088.0,1.5561111111111119
7089.0,1.563333333333334
7090.0,1.5705555555555564
7091.0,1.5777777777777784
7092.0,1.5850000000000009
7093.0,1.5922222222222229
7094.0,1.5994444444444453
7095.0,1.6066666666666674
7096.0,1.6138888888888898
7097.0,1.6211111111111118
7098.0,1.6283333333333343
7099.0,1.6355555555555563
7100.0,1.6427777777777788
7101.0,1.6500000000000008
7102.0,1.6572222222222233
7103.0,1.6644444444444453
7104.0,1.6716666666666677
7105.0,1.6788888888888898
7106.0,1.6861111111111122
7107.0,1.6933333333333342
7108.0,1.7005555555555567
7109.0,1.7077777777777787
7110.0,1.7150000000000012
7111.0,1.7222222222222232
7112.0,1.7294444444444457
7113.0,1.7366666666666677
7114.0,1.7438888888888902
7115.0,1.7511111111111122
7116.0,1.7583333333333346
7117.0,1.7655555555555567
7118.0,1.7727777777777791
7119.0,1.7800000000000011
7120.0,1.7872222222222236
7121.0,1.7944444444444456
7122.0,1.801666666666668
7123.0,1.80888888888889
7124.0,1.8161111111111126
7125.0,1.8233333333333346
7126.0,1.830555555555557
7127.0,1.837777777777779
7128.0,1.8450000000000015
7129.0,1.8522222222222235
7130.0,1.859444444444446
7131.0,1.866666666666668
7132.0,1.8738888888888905
7133.0,1.8811111111111125
7134.0,1.888333333333335
7135.0,1.895555555555557
7136.0,1.9027777777777795
7137.0,1.9100000000000015
7138.0,1.917222222222224
7139.0,1.924444444444446
7140.0,1.924444444444446
7141.0,1.924444444444446
7142.0,1.924444444444446
7143.0,1.924444444444446
7144.0,1.924444444444446
7145.0,1.924444444444446
7146.0,1.924444444444446
7147.0,1.924444444444446
7148.0,1.924444444444446
7149.0,1.924444444444446
7150.0,1.924444444444446
7151.0,1.924444444444446
7152.0,1.924444444444446
7153.0,1.924444444444446
7154.0,1.924444444444446
7155.0,1.924444444444446
7156.0,1.924444444444446
7157.0,1.924444444444446
7158.0,1.924444444444446
7159.0,1.924444444444446
7160.0,1.924444444444446
7161.0,1.924444444444446
7162.0,1.924444444444446
7163.0,1.924444444444446
7164.0,1.924444444444446
7165.0,1.924444444444446
7166.0,1.924444444444446
7167.0,1.924444444444446
7168.0,1.924444444444446
7169.0,1.924444444444446
7170.0,1.924444444444446
7171.0,1.924444444444446
7172.0,1.924444444444446
7173.0,1.924444444444446
7174.0,1.924444444444446
7175.0,1.924444444444446
7176.0,1.924444444444446
7177.0,1.924444444444446
7178.0,1.924444444444446
7179.0,1.924444444444446
7180.0,1.924444444444446
7181.0,1.924444444444446
7182.0,1.924444444444446
7183.0,1.924444444444446
7184.0,1.924444444444446
7185.0,1.924444444444446
7186.0,1.924444444444446
7187.0,1.9316666666666684
7188.0,1.9388888888888904
7189.0,1.946111111111113
7190.0,1.953333333333335
7191.0,1.9605555555555574
7192.0,1.9677777777777794
7193.0,1.9750000000000019
7194.0,1.9822222222222239
7195.0,1.9894444444444463
7196.0,1.9966666666666684
7197.0,2.0038888888888904
7198.0,2.011111111111113
7199.0,2.0183333333333353
7200.0,2.0255555555555573
7201.0,2.0327777777777793
7202.0,2.040000000000002
7203.0,2.0472222222222243
7204.0,2.0544444444444463
7205.0,2.0616666666666683
7206.0,2.0688888888888908
7207.0,2.0761111111111132
7208.0,2.0833333333333353
7209.0,2.0905555555555573
7210.0,2.0977777777777797
7211.0,2.105000000000002
7212.0,2.112222222222224
7213.0,2.1194444444444462
7214.0,2.1266666666666687
7215.0,2.133888888888891
7216.0,2.141111111111113
7217.0,2.148333333333335
7218.0,2.1555555555555577
7219.0,2.16277777777778
7220.0,2.170000000000002
7221.0,2.177222222222224
7222.0,2.1844444444444466
7223.0,2.191666666666669
7224.0,2.198888888888891
7225.0,2.206111111111113
7226.0,2.2133333333333356
7227.0,2.220555555555558
7228.0,2.22777777777778
7229.0,2.235000000000002
7230.0,2.2422222222222246
7231.0,2.249444444444447
7232.0,2.256666666666669
7233.0,2.263888888888891
7234.0,2.2711111111111135
7235.0,2.278333333333336
7236.0,2.285555555555558
7237.0,2.29277777777778
7238.0,2.3000000000000025
7239.0,2.307222222222225
7240.0,2.314444444444447
7241.0,2.321666666666669
7242.0,2.3288888888888915
7243.0,2.336111111111114
7244.0,2.343333333333336
7245.0,2.350555555555558
7246.0,2.3577777777777804
7247.0,2.365000000000003
7248.0,2.372222222222225
7249.0,2.379444444444447
7250.0,2.3866666666666694
7251.0,2.393888888888892
7252.0,2.401111111111114
7253.0,2.408333333333336
7254.0,2.4155555555555583
7255.0,2.422777777777781
7256.0,2.430000000000003
7257.0,2.430000000000003
7258.0,2.430000000000003
7259.0,2.430000000000003
7260.0,2.430000000000003
7261.0,2.430000000000003
7262.0,2.430000000000003
7263.0,2.430000000000003
7264.0,2.430000000000003
7265.0,2.430000000000003
7266.0,2.430000000000003
7267.0,2.430000000000003
7268.0,2.430000000000003
7269.0,2.430000000000003
7270.0,2.430000000000003
7271.0,2.430000000000003
7272.0,2.430000000000003
7273.0,2.430000000000003
7274.0,2.430000000000003
7275.0,2.430000000000003
7276.0,2.430000000000003
7277.0,2.430000000000003
7278.0,2.430000000000003
7279.0,2.430000000000003
7280.0,2.430000000000003
7281.0,2.430000000000003
7282.0,2.430000000000003
7283.0,2.430000000000003
7284.0,2.430000000000003
7285.0,2.430000000000003
7286.0,2.430000000000003
7287.0,2.430000000000003
7288.0,2.430000000000003
7289.0,2.430000000000003
7290.0,2.430000000000003
7291.0,2.430000000000003
7292.0,2.430000000000003
7293.0,2.430000000000003
7294.0,2.430000000000003
7295.0,2.430000000000003
7296.0,2.430000000000003
7297.0,2.430000000000003
7298.0,2.430000000000003
7299.0,2.430000000000003
7300.0,2.430000000000003
7301.0,2.430000000000003
7302.0,2.430000000000003
7303.0,2.430000000000003
7304.0,2.430000000000003
7305.0,2.430000000000003
7306.0,2.430000000000003
7307.0,2.437222222222225
7308.0,2.4444444444444473
7309.0,2.4516666666666698
7310.0,2.458888888888892
7311.0,2.466111111111114
7312.0,2.4733333333333363
7313.0,2.4805555555555587
7314.0,2.4877777777777808
7315.0,2.4950000000000028
7316.0,2.5022222222222252
7317.0,2.5094444444444477
7318.0,2.5166666666666697
7319.0,2.5238888888888917
7320.0,2.531111111111114
7321.0,2.5383333333333367
7322.0,2.5455555555555587
7323.0,2.5527777777777807
7324.0,2.560000000000003
7325.0,2.5672222222222256
7326.0,2.5744444444444476
7327.0,2.5816666666666697
7328.0,2.588888888888892
7329.0,2.5961111111111146
7330.0,2.6033333333333366
7331.0,2.6105555555555586
7332.0,2.617777777777781
7333.0,2.6250000000000036
7334.0,2.6322222222222256
7335.0,2.6394444444444476
7336.0,2.64666666666667
7337.0,2.6538888888888925
7338.0,2.6611111111111145
7339.0,2.6683333333333366
7340.0,2.675555555555559
7341.0,2.6827777777777815
7342.0,2.6900000000000035
7343.0,2.6972222222222255
7344.0,2.704444444444448
7345.0,2.7116666666666704
7346.0,2.7188888888888925
7347.0,2.7261111111111145
7348.0,2.733333333333337
7349.0,2.7405555555555594
7350.0,2.7477777777777814
7351.0,2.7550000000000034
7352.0,2.762222222222226
7353.0,2.7694444444444484
7354.0,2.7766666666666704
7355.0,2.7838888888888924
7356.0,2.791111111111115
7357.0,2.7983333333333373
7358.0,2.8055555555555594
7359.0,2.8127777777777814
7360.0,2.820000000000004
7361.0,2.8272222222222263
7362.0,2.8344444444444483
7363.0,2.8416666666666703
7364.0,2.848888888888893
7365.0,2.8561111111111153
7366.0,2.8633333333333373
7367.0,2.8705555555555593
7368.0,2.8777777777777818
7369.0,2.8850000000000042
7370.0,2.8922222222222262
7371.0,2.8994444444444483
7372.0,2.9066666666666707
7373.0,2.913888888888893
7374.0,2.921111111111115
7375.0,2.9283333333333372
7376.0,2.9355555555555597
7377.0,2.942777777777782
7378.0,2.950000000000004
7379.0,2.957222222222226
7380.0,2.9644444444444487
7381.0,2.971666666666671
7382.0,2.978888888888893
7383.0,2.986111111111115
7384.0,2.9933333333333376
7385.0,3.0005555555555596
7386.0,3.0077777777777817
7387.0,3.0150000000000037
7388.0,3.0222222222222257
7389.0,3.0294444444444477
7390.0,3.0366666666666697
7391.0,3.0438888888888918
7392.0,3.0511111111111138
7393.0,3.058333333333336
7394.0,3.065555555555558
7395.0,3.07277777777778
7396.0,3.080000000000002
7397.0,3.087222222222224
7398.0,3.094444444444446
7399.0,3.101666666666668
7400.0,3.10888888888889
7401.0,3.116111111111112
7402.0,3.123333333333334
7403.0,3.130555555555556
7404.0,3.137777777777778
7405.0,3.145
7406.0,3.152222222222222
7407.0,3.159444444444444
7408.0,3.166666666666666
7409.0,3.173888888888888
7410.0,3.18111111111111
7411.0,3.188333333333332
7412.0,3.195555555555554
7413.0,3.202777777777776
7414.0,3.209999999999998
7415.0,3.21722222222222
7416.0,3.2244444444444422
7417.0,3.2316666666666642
7418.0,3.2388888888888863
7419.0,3.2461111111111083
7420.0,3.2533333333333303
7421.0,3.2605555555555523
7422.0,3.2677777777777743
7423.0,3.2749999999999964
7424.0,3.2749999999999964
7425.0,3.2749999999999964
7426.0,3.2749999999999964
7427.0,3.2749999999999964
7428.0,3.2749999999999964
7429.0,3.2749999999999964
7430.0,3.2749999999999964
7431.0,3.2749999999999964
7432.0,3.2749999999999964
7433.0,3.2749999999999964
7434.0,3.2749999999999964
7435.0,3.2749999999999964
7436.0,3.2749999999999964
7437.0,3.2749999999999964
7438.0,3.2749999999999964
7439.0,3.2749999999999964
7440.0,3.2749999999999964
7441.0,3.2749999999999964
7442.0,3.2749999999999964
7443.0,3.2749999999999964
7444.0,3.2749999999999964
7445.0,3.2749999999999964
7446.0,3.2749999999999964
7447.0,3.2749999999999964
7448.0,3.2749999999999964
7449.0,3.2749999999999964
7450.0,3.2749999999999964
7451.0,3.2749999999999964
7452.0,3.2749999999999964
7453.0,3.2749999999999964
7454.0,3.2749999999999964
7455.0,3.2749999999999964
7456.0,3.2749999999999964
7457.0,3.2749999999999964
7458.0,3.2749999999999964
7459.0,3.2749999999999964
7460.0,3.2749999999999964
7461.0,3.2749999999999964
7462.0,3.2749999999999964
7463.0,3.2749999999999964
7464.0,3.2749999999999964
7465.0,3.2749999999999964
7466.0,3.2749999999999964
7467.0,3.2749999999999964
7468.0,3.2749999999999964
7469.0,3.2749999999999964
7470.0,3.2749999999999964
7471.0,3.2749999999999964
7472.0,3.2749999999999964
7473.0,3.2749999999999964
7474.0,3.2749999999999964
7475.0,3.2749999999999964
7476.0,3.2749999999999964
7477.0,3.2749999999999964
7478.0,3.2749999999999964
7479.0,3.2749999999999964
7480.0,3.2749999999999964
7481.0,3.2749999999999964
7482.0,3.2749999999999964
7483.0,3.2749999999999964
7484.0,3.2749999999999964
7485.0,3.2749999999999964
7486.0,3.2749999999999964
7487.0,3.2749999999999964
7488.0,3.2749999999999964
7489.0,3.2749999999999964
7490.0,3.2749999999999964
7491.0,3.2749999999999964
7492.0,3.2749999999999964
7493.0,3.2749999999999964
7494.0,3.2749999999999964
7495.0,3.2749999999999964
7496.0,3.2749999999999964
7497.0,3.2749999999999964
7498.0,3.2749999999999964
7499.0,3.2749999999999964
7500.0,3.2749999999999964
7501.0,3.2749999999999964
7502.0,3.2749999999999964
7503.0,3.2749999999999964
7504.0,3.2749999999999964
7505.0,3.2749999999999964
7506.0,3.2749999999999964
7507.0,3.2749999999999964
7508.0,3.2749999999999964
7509.0,3.2749999999999964
7510.0,3.2749999999999964
7511.0,3.2749999999999964
7512.0,3.2749999999999964
7513.0,3.2749999999999964
7514.0,3.2749999999999964
7515.0,3.2749999999999964
7516.0,3.2749999999999964
7517.0,3.2749999999999964
7518.0,3.2749999999999964
7519.0,3.2749999999999964
7520.0,3.2749999999999964
7521.0,3.2749999999999964
7522.0,3.2749999999999964
7523.0,3.2749999999999964
7524.0,3.2822222222222184
7525.0,3.2894444444444404
7526.0,3.2966666666666624
7527.0,3.3038888888888844
7528.0,3.3111111111111065
7529.0,3.3183333333333285
7530.0,3.3255555555555505
7531.0,3.3327777777777725
7532.0,3.3399999999999945
7533.0,3.3472222222222165
7534.0,3.3544444444444386
7535.0,3.3616666666666606
7536.0,3.3688888888888826
7537.0,3.3761111111111046
7538.0,3.3833333333333266
7539.0,3.3905555555555487
7540.0,3.3977777777777707
7541.0,3.4049999999999927
7542.0,3.4122222222222147
7543.0,3.4194444444444367
7544.0,3.4266666666666588
7545.0,3.4338888888888808
7546.0,3.441111111111103
7547.0,3.448333333333325
7548.0,3.455555555555547
7549.0,3.462777777777769
7550.0,3.469999999999991
7551.0,3.477222222222213
7552.0,3.484444444444435
7553.0,3.491666666666657
7554.0,3.498888888888879
7555.0,3.506111111111101
7556.0,3.513333333333323
7557.0,3.520555555555545
7558.0,3.527777777777767
7559.0,3.534999999999989
7560.0,3.542222222222211
7561.0,3.549444444444433
7562.0,3.556666666666655
7563.0,3.563888888888877
7564.0,3.571111111111099
7565.0,3.578333333333321
7566.0,3.585555555555543
7567.0,3.592777777777765
7568.0,3.599999999999987
7569.0,3.6072222222222092
7570.0,3.6144444444444312
7571.0,3.6216666666666533
7572.0,3.6288888888888753
7573.0,3.6361111111110973
7574.0,3.6433333333333193
7575.0,3.6505555555555413
7576.0,3.6577777777777634
7577.0,3.6649999999999854
7578.0,3.6722222222222074
7579.0,3.6794444444444294
7580.0,3.6866666666666514
7581.0,3.6938888888888735
7582.0,3.7011111111110955
7583.0,3.7083333333333175
7584.0,3.7155555555555395
7585.0,3.7227777777777615
7586.0,3.7299999999999836
7587.0,3.7372222222222056
7588.0,3.7444444444444276
7589.0,3.7516666666666496
7590.0,3.7588888888888716
7591.0,3.7661111111110936
7592.0,3.7733333333333157
7593.0,3.7805555555555377
7594.0,3.7877777777777597
7595.0,3.7949999999999817
7596.0,3.8022222222222037
7597.0,3.8094444444444258
7598.0,3.816666666666648
7599.0,3.82388888888887
7600.0,3.831111111111092
7601.0,3.838333333333314
7602.0,3.845555555555536
7603.0,3.852777777777758
7604.0,3.85999999999998
7605.0,3.867222222222202
7606.0,3.874444444444424
7607.0,3.881666666666646
7608.0,3.888888888888868
7609.0,3.89611111111109
7610.0,3.903333333333312
7611.0,3.910555555555534
7612.0,3.917777777777756
7613.0,3.924999999999978
7614.0,3.9322222222222
7615.0,3.939444444444422
7616.0,3.946666666666644
7617.0,3.953888888888866
7618.0,3.961111111111088
7619.0,3.96833333333331
7620.0,3.975555555555532
7621.0,3.982777777777754
7622.0,3.9899999999999762
7623.0,3.9972222222221983
7624.0,4.00444444444442
7625.0,4.011666666666642
7626.0,4.018888888888864
7627.0,4.026111111111087
7628.0,4.033333333333308
7629.0,4.04055555555553
7630.0,4.047777777777752
7631.0,4.054999999999975
7632.0,4.062222222222196
7633.0,4.069444444444418
7634.0,4.0766666666666405
7635.0,4.083888888888863
7636.0,4.0911111111110845
7637.0,4.098333333333306
7638.0,4.1055555555555285
7639.0,4.112777777777751
7640.0,4.119999999999973
7641.0,4.127222222222194
7642.0,4.134444444444417
7643.0,4.134444444444417
7644.0,4.134444444444417
7645.0,4.134444444444417
7646.0,4.134444444444417
7647.0,4.134444444444417
7648.0,4.134444444444417
7649.0,4.134444444444417
7650.0,4.134444444444417
7651.0,4.134444444444417
7652.0,4.134444444444417
7653.0,4.134444444444417
7654.0,4.134444444444417
7655.0,4.134444444444417
7656.0,4.134444444444417
7657.0,4.134444444444417
7658.0,4.134444444444417
7659.0,4.134444444444417
7660.0,4.134444444444417
7661.0,4.134444444444417
7662.0,4.134444444444417
7663.0,4.134444444444417
7664.0,4.134444444444417
7665.0,4.134444444444417
7666.0,4.134444444444417
7667.0,4.134444444444417
7668.0,4.134444444444417
7669.0,4.134444444444417
7670.0,4.134444444444417
7671.0,4.134444444444417
7672.0,4.134444444444417
7673.0,4.134444444444417
7674.0,4.134444444444417
7675.0,4.134444444444417
7676.0,4.134444444444417
7677.0,4.134444444444417
7678.0,4.134444444444417
7679.0,4.134444444444417
7680.0,4.134444444444417
7681.0,4.134444444444417
7682.0,4.134444444444417
7683.0,4.134444444444417
7684.0,4.134444444444417
7685.0,4.134444444444417
7686.0,4.134444444444417
7687.0,4.134444444444417
7688.0,4.134444444444417
7689.0,4.134444444444417
7690.0,4.134444444444417
7691.0,4.134444444444417
7692.0,4.134444444444417
7693.0,4.134444444444417
7694.0,4.134444444444417
7695.0,4.134444444444417
7696.0,4.134444444444417
7697.0,4.134444444444417
7698.0,4.134444444444417
7699.0,4.134444444444417
7700.0,4.134444444444417
7701.0,4.134444444444417
7702.0,4.134444444444417
7703.0,4.134444444444417
7704.0,4.134444444444417
7705.0,4.134444444444417
7706.0,4.134444444444417
7707.0,4.134444444444417
7708.0,4.141666666666639
7709.0,4.148888888888861
7710.0,4.156111111111082
7711.0,4.163333333333305
7712.0,4.170555555555527
7713.0,4.177777777777749
7714.0,4.18499999999997
7715.0,4.192222222222193
7716.0,4.199444444444415
7717.0,4.206666666666637
7718.0,4.213888888888858
7719.0,4.221111111111081
7720.0,4.228333333333303
7721.0,4.235555555555525
7722.0,4.2427777777777465
7723.0,4.249999999999969
7724.0,4.257222222222191
7725.0,4.264444444444413
7726.0,4.2716666666666345
7727.0,4.278888888888857
7728.0,4.2861111111110795
7729.0,4.293333333333301
7730.0,4.300555555555523
7731.0,4.307777777777745
7732.0,4.3149999999999675
7733.0,4.322222222222189
7734.0,4.329444444444411
7735.0,4.336666666666633
7736.0,4.343888888888856
7737.0,4.351111111111077
7738.0,4.358333333333299
7739.0,4.365555555555521
7740.0,4.372777777777744
7741.0,4.379999999999965
7742.0,4.387222222222187
7743.0,4.394444444444409
7744.0,4.401666666666632
7745.0,4.408888888888853
7746.0,4.416111111111075
7747.0,4.423333333333297
7748.0,4.43055555555552
7749.0,4.437777777777741
7750.0,4.444999999999963
7751.0,4.452222222222185
7752.0,4.459444444444408
7753.0,4.4666666666666295
7754.0,4.473888888888851
7755.0,4.4811111111110735
7756.0,4.488333333333296
7757.0,4.495555555555518
7758.0,4.502777777777739
7759.0,4.509999999999962
7760.0,4.517222222222184
7761.0,4.524444444444406
7762.0,4.531666666666627
7763.0,4.53888888888885
7764.0,4.546111111111072
7765.0,4.553333333333294
7766.0,4.560555555555515
7767.0,4.567777777777738
7768.0,4.57499999999996
7769.0,4.582222222222182
7770.0,4.589444444444403
7771.0,4.596666666666626
7772.0,4.603888888888848
7773.0,4.61111111111107
7774.0,4.618333333333291
7775.0,4.625555555555514
7776.0,4.632777777777736
7777.0,4.639999999999958
7778.0,4.6472222222221795
7779.0,4.654444444444402
7780.0,4.661666666666624
7781.0,4.668888888888846
7782.0,4.676111111111068
7783.0,4.68333333333329
7784.0,4.6905555555555125
7785.0,4.697777777777734
7786.0,4.704999999999956
7787.0,4.712222222222178
7788.0,4.719444444444401
7789.0,4.726666666666622
7790.0,4.733888888888844
7791.0,4.741111111111066
7792.0,4.748333333333289
7793.0,4.75555555555551
7794.0,4.762777777777732
7795.0,4.769999999999954
7796.0,4.777222222222177
7797.0,4.784444444444398
7798.0,4.79166666666662
7799.0,4.798888888888842
7800.0,4.806111111111065
7801.0,4.813333333333286
7802.0,4.820555555555508
7803.0,4.82777777777773
7804.0,4.834999999999953
7805.0,4.8422222222221745
7806.0,4.849444444444396
7807.0,4.8566666666666185
7808.0,4.863888888888841
7809.0,4.8711111111110625
7810.0,4.878333333333284
7811.0,4.885555555555507
7812.0,4.892777777777729
7813.0,4.899999999999951
7814.0,4.907222222222172
7815.0,4.914444444444395
7816.0,4.921666666666617
7817.0,4.928888888888839
7818.0,4.93611111111106
7819.0,4.943333333333283
7820.0,4.950555555555505
7821.0,4.957777777777727
7822.0,4.964999999999948
7823.0,4.972222222222171
7824.0,4.979444444444393
7825.0,4.986666666666615
7826.0,4.993888888888836
7827.0,5.001111111111059
7828.0,5.008333333333281
7829.0,5.015555555555504
7830.0,5.022777777777726
7831.0,5.029999999999949
7832.0,5.037222222222171
7833.0,5.037222222222171
7834.0,5.037222222222171
7835.0,5.037222222222171
7836.0,5.037222222222171
7837.0,5.037222222222171
7838.0,5.037222222222171
7839.0,5.037222222222171
7840.0,5.037222222222171
7841.0,5.037222222222171
7842.0,5.037222222222171
7843.0,5.037222222222171
7844.0,5.037222222222171
7845.0,5.037222222222171
7846.0,5.037222222222171
7847.0,5.037222222222171
7848.0,5.037222222222171
7849.0,5.037222222222171
7850.0,5.037222222222171
7851.0,5.037222222222171
7852.0,5.037222222222171
7853.0,5.037222222222171
7854.0,5.037222222222171
7855.0,5.037222222222171
7856.0,5.037222222222171
7857.0,5.037222222222171
7858.0,5.037222222222171
7859.0,5.037222222222171
7860.0,5.037222222222171
7861.0,5.037222222222171
7862.0,5.037222222222171
7863.0,5.037222222222171
7864.0,5.037222222222171
7865.0,5.037222222222171
7866.0,5.037222222222171
7867.0,5.037222222222171
7868.0,5.037222222222171
7869.0,5.037222222222171
7870.0,5.037222222222171
7871.0,5.037222222222171
7872.0,5.037222222222171
7873.0,5.037222222222171
7874.0,5.037222222222171
7875.0,5.037222222222171
7876.0,5.037222222222171
7877.0,5.037222222222171
7878.0,5.037222222222171
7879.0,5.037222222222171
7880.0,5.037222222222171
7881.0,5.037222222222171
7882.0,5.037222222222171
7883.0,5.037222222222171
7884.0,5.037222222222171
7885.0,5.037222222222171
7886.0,5.037222222222171
7887.0,5.037222222222171
7888.0,5.037222222222171
7889.0,5.037222222222171
7890.0,5.037222222222171
7891.0,5.037222222222171
7892.0,5.037222222222171
7893.0,5.037222222222171
7894.0,5.037222222222171
7895.0,5.037222222222171
7896.0,5.037222222222171
7897.0,5.037222222222171
7898.0,5.037222222222171
7899.0,5.037222222222171
7900.0,5.037222222222171
7901.0,5.037222222222171
7902.0,5.037222222222171
7903.0,5.037222222222171
7904.0,5.037222222222171
7905.0,5.037222222222171
7906.0,5.037222222222171
7907.0,5.037222222222171
7908.0,5.037222222222171
7909.0,5.044444444444394
7910.0,5.051666666666616
7911.0,5.058888888888839
7912.0,5.066111111111061
7913.0,5.0733333333332835
7914.0,5.080555555555506
7915.0,5.087777777777728
7916.0,5.094999999999951
7917.0,5.102222222222173
7918.0,5.109444444444396
7919.0,5.116666666666618
7920.0,5.123888888888841
7921.0,5.131111111111063
7922.0,5.138333333333286
7923.0,5.145555555555508
7924.0,5.152777777777731
7925.0,5.159999999999953
7926.0,5.1672222222221755
7927.0,5.174444444444398
7928.0,5.1816666666666205
7929.0,5.188888888888843
7930.0,5.196111111111065
7931.0,5.203333333333288
7932.0,5.21055555555551
7933.0,5.217777777777733
7934.0,5.224999999999955
7935.0,5.232222222222178
7936.0,5.2394444444444
7937.0,5.246666666666623
7938.0,5.253888888888845
7939.0,5.2611111111110676
7940.0,5.26833333333329
7941.0,5.2755555555555125
7942.0,5.282777777777735
7943.0,5.289999999999957
7944.0,5.29722222222218
7945.0,5.304444444444402
7946.0,5.311666666666625
7947.0,5.318888888888847
7948.0,5.32611111111107
7949.0,5.32611111111107
7950.0,5.32611111111107
7951.0,5.32611111111107
7952.0,5.32611111111107
7953.0,5.32611111111107
7954.0,5.32611111111107
7955.0,5.32611111111107
7956.0,5.32611111111107
7957.0,5.32611111111107
7958.0,5.32611111111107
7959.0,5.32611111111107
7960.0,5.32611111111107
7961.0,5.32611111111107
7962.0,5.32611111111107
7963.0,5.32611111111107
7964.0,5.32611111111107
7965.0,5.32611111111107
7966.0,5.32611111111107
7967.0,5.32611111111107
7968.0,5.32611111111107
7969.0,5.32611111111107
7970.0,5.32611111111107
7971.0,5.32611111111107
7972.0,5.32611111111107
7973.0,5.32611111111107
7974.0,5.32611111111107
7975.0,5.32611111111107
7976.0,5.32611111111107
7977.0,5.32611111111107
7978.0,5.32611111111107
7979.0,5.32611111111107
7980.0,5.32611111111107
7981.0,5.32611111111107
7982.0,5.32611111111107
7983.0,5.32611111111107
7984.0,5.32611111111107
7985.0,5.32611111111107
7986.0,5.32611111111107
7987.0,5.32611111111107
7988.0,5.32611111111107
7989.0,5.32611111111107
7990.0,5.32611111111107
7991.0,5.32611111111107
7992.0,5.32611111111107
7993.0,5.32611111111107
7994.0,5.32611111111107
7995.0,5.32611111111107
7996.0,5.32611111111107
7997.0,5.32611111111107
7998.0,5.32611111111107
7999.0,5.32611111111107
8000.0,5.32611111111107
8001.0,5.32611111111107
8002.0,5.32611111111107
8003.0,5.32611111111107
8004.0,5.32611111111107
8005.0,5.32611111111107
8006.0,5.32611111111107
8007.0,5.32611111111107
8008.0,5.32611111111107
8009.0,5.32611111111107
8010.0,5.32611111111107
8011.0,5.32611111111107
8012.0,5.32611111111107
8013.0,5.32611111111107
8014.0,5.32611111111107
8015.0,5.32611111111107
8016.0,5.32611111111107
8017.0,5.32611111111107
8018.0,5.32611111111107
8019.0,5.32611111111107
8020.0,5.32611111111107
8021.0,5.32611111111107
8022.0,5.32611111111107
8023.0,5.32611111111107
8024.0,5.32611111111107
8025.0,5.32611111111107
8026.0,5.32611111111107
8027.0,5.32611111111107
8028.0,5.32611111111107
8029.0,5.32611111111107
8030.0,5.32611111111107
8031.0,5.32611111111107
8032.0,5.32611111111107
8033.0,5.32611111111107
8034.0,5.32611111111107
8035.0,5.32611111111107
8036.0,5.32611111111107
8037.0,5.32611111111107
8038.0,5.32611111111107
8039.0,5.32611111111107
8040.0,5.32611111111107
8041.0,5.32611111111107
8042.0,5.32611111111107
8043.0,5.32611111111107
8044.0,5.32611111111107
8045.0,5.32611111111107
8046.0,5.32611111111107
8047.0,5.32611111111107
8048.0,5.32611111111107
8049.0,5.32611111111107
8050.0,5.32611111111107
8051.0,5.32611111111107
8052.0,5.32611111111107
8053.0,5.32611111111107
8054.0,5.32611111111107
8055.0,5.32611111111107
8056.0,5.32611111111107
8057.0,5.32611111111107
8058.0,5.32611111111107
8059.0,5.32611111111107
8060.0,5.32611111111107
8061.0,5.333333333333292
8062.0,5.340555555555515
8063.0,5.347777777777737
8064.0,5.35499999999996
8065.0,5.362222222222182
8066.0,5.3694444444444045
8067.0,5.376666666666627
8068.0,5.383888888888849
8069.0,5.391111111111072
8070.0,5.398333333333294
8071.0,5.405555555555517
8072.0,5.412777777777739
8073.0,5.419999999999962
8074.0,5.427222222222184
8075.0,5.434444444444407
8076.0,5.441666666666629
8077.0,5.448888888888852
8078.0,5.456111111111074
8079.0,5.4633333333332965
8080.0,5.470555555555519
8081.0,5.477777777777741
8082.0,5.484999999999964
8083.0,5.492222222222186
8084.0,5.499444444444409
8085.0,5.506666666666631
8086.0,5.513888888888854
8087.0,5.521111111111076
8088.0,5.528333333333299
8089.0,5.535555555555521
8090.0,5.542777777777744
8091.0,5.549999999999966
8092.0,5.5572222222221885
8093.0,5.564444444444411
8094.0,5.5716666666666335
8095.0,5.578888888888856
8096.0,5.586111111111078
8097.0,5.593333333333301
8098.0,5.600555555555523
8099.0,5.607777777777746
8100.0,5.614999999999968
8101.0,5.622222222222191
8102.0,5.629444444444413
8103.0,5.636666666666636
8104.0,5.643888888888858
8105.0,5.6511111111110806
8106.0,5.658333333333303
8107.0,5.6655555555555255
8108.0,5.672777777777748
8109.0,5.67999999999997
8110.0,5.687222222222193
8111.0,5.694444444444415
8112.0,5.701666666666638
8113.0,5.70888888888886
8114.0,5.716111111111083
8115.0,5.723333333333305
8116.0,5.730555555555528
8117.0,5.73777777777775
8118.0,5.744999999999973
8119.0,5.752222222222195
8120.0,5.7594444444444175
8121.0,5.76666666666664
8122.0,5.773888888888862
8123.0,5.781111111111085
8124.0,5.788333333333307
8125.0,5.79555555555553
8126.0,5.802777777777752
8127.0,5.809999999999975
8128.0,5.817222222222197
8129.0,5.82444444444442
8130.0,5.831666666666642
8131.0,5.838888888888865
8132.0,5.846111111111087
8133.0,5.8533333333333095
8134.0,5.860555555555532
8135.0,5.8677777777777544
8136.0,5.874999999999977
8137.0,5.882222222222199
8138.0,5.889444444444422
8139.0,5.896666666666644
8140.0,5.903888888888867
8141.0,5.911111111111089
8142.0,5.918333333333312
8143.0,5.925555555555534
8144.0,5.932777777777757
8145.0,5.932777777777757
8146.0,5.932777777777757
8147.0,5.932777777777757
8148.0,5.932777777777757
8149.0,5.932777777777757
8150.0,5.932777777777757
8151.0,5.932777777777757
8152.0,5.932777777777757
8153.0,5.932777777777757
8154.0,5.932777777777757
8155.0,5.932777777777757
8156.0,5.932777777777757
8157.0,5.932777777777757
8158.0,5.932777777777757
8159.0,5.932777777777757
8160.0,5.932777777777757
8161.0,5.932777777777757
8162.0,5.932777777777757
8163.0,5.932777777777757
8164.0,5.932777777777757
8165.0,5.932777777777757
8166.0,5.932777777777757
8167.0,5.932777777777757
8168.0,5.932777777777757
8169.0,5.932777777777757
8170.0,5.932777777777757
8171.0,5.932777777777757
8172.0,5.932777777777757
8173.0,5.932777777777757
8174.0,5.932777777777757
8175.0,5.932777777777757
8176.0,5.932777777777757
8177.0,5.932777777777757
8178.0,5.932777777777757
8179.0,5.932777777777757
8180.0,5.932777777777757
8181.0,5.932777777777757
8182.0,5.932777777777757
8183.0,5.932777777777757
8184.0,5.932777777777757
8185.0,5.932777777777757
8186.0,5.939999999999979
8187.0,5.9472222222222015
8188.0,5.954444444444424
8189.0,5.9616666666666465
8190.0,5.968888888888869
8191.0,5.976111111111091
8192.0,5.983333333333314
8193.0,5.990555555555536
8194.0,5.997777777777759
8195.0,6.004999999999981
8196.0,6.012222222222204
8197.0,6.019444444444426
8198.0,6.026666666666649
8199.0,6.033888888888871
8200.0,6.041111111111094
8201.0,6.048333333333316
8202.0,6.0555555555555385
8203.0,6.062777777777761
8204.0,6.069999999999983
8205.0,6.077222222222206
8206.0,6.084444444444428
8207.0,6.091666666666651
8208.0,6.098888888888873
8209.0,6.106111111111096
8210.0,6.113333333333318
8211.0,6.120555555555541
8212.0,6.127777777777763
8213.0,6.134999999999986
8214.0,6.142222222222208
8215.0,6.1494444444444305
8216.0,6.156666666666653
8217.0,6.163888888888875
8218.0,6.171111111111098
8219.0,6.17833333333332
8220.0,6.185555555555543
8221.0,6.192777777777765
8222.0,6.199999999999988
8223.0,6.20722222222221
8224.0,6.214444444444433
8225.0,6.221666666666655
8226.0,6.228888888888878
8227.0,6.2361111111111
8228.0,6.2433333333333225
8229.0,6.250555555555545
8230.0,6.2577777777777674
8231.0,6.26499999999999
8232.0,6.272222222222212
8233.0,6.279444444444435
8234.0,6.286666666666657
8235.0,6.29388888888888
8236.0,6.301111111111102
8237.0,6.308333333333325
8238.0,6.315555555555547
8239.0,6.32277777777777
8240.0,6.329999999999992
8241.0,6.3372222222222145
8242.0,6.344444444444437
8243.0,6.3516666666666595
8244.0,6.3516666666666595
8245.0,6.3516666666666595
8246.0,6.3516666666666595
8247.0,6.3516666666666595
8248.0,6.3516666666666595
8249.0,6.3516666666666595
8250.0,6.3516666666666595
8251.0,6.3516666666666595
8252.0,6.3516666666666595
8253.0,6.3516666666666595
8254.0,6.3516666666666595
8255.0,6.3516666666666595
8256.0,6.3516666666666595
8257.0,6.3516666666666595
8258.0,6.3516666666666595
8259.0,6.3516666666666595
8260.0,6.3516666666666595
8261.0,6.3516666666666595
8262.0,6.3516666666666595
8263.0,6.3516666666666595
8264.0,6.3516666666666595
8265.0,6.3516666666666595
8266.0,6.3516666666666595
8267.0,6.3516666666666595
8268.0,6.3516666666666595
8269.0,6.3516666666666595
8270.0,6.3516666666666595
8271.0,6.3516666666666595
8272.0,6.3516666666666595
8273.0,6.3516666666666595
8274.0,6.3516666666666595
8275.0,6.3516666666666595
8276.0,6.3516666666666595
8277.0,6.3516666666666595
8278.0,6.3516666666666595
8279.0,6.3516666666666595
8280.0,6.3516666666666595
8281.0,6.3516666666666595
8282.0,6.3516666666666595
8283.0,6.3516666666666595
8284.0,6.3516666666666595
8285.0,6.3516666666666595
8286.0,6.3516666666666595
8287.0,6.3516666666666595
8288.0,6.3516666666666595
8289.0,6.3516666666666595
8290.0,6.3516666666666595
8291.0,6.3516666666666595
8292.0,6.3516666666666595
8293.0,6.3516666666666595
8294.0,6.3516666666666595
8295.0,6.3516666666666595
8296.0,6.3516666666666595
8297.0,6.3516666666666595
8298.0,6.3516666666666595
8299.0,6.3516666666666595
8300.0,6.3516666666666595
8301.0,6.3516666666666595
8302.0,6.3516666666666595
8303.0,6.3516666666666595
8304.0,6.3516666666666595
8305.0,6.3516666666666595
8306.0,6.3516666666666595
8307.0,6.3516666666666595
8308.0,6.3516666666666595
8309.0,6.3516666666666595
8310.0,6.3516666666666595
8311.0,6.3516666666666595
8312.0,6.3516666666666595
8313.0,6.3516666666666595
8314.0,6.3516666666666595
8315.0,6.3516666666666595
8316.0,6.358888888888882
8317.0,6.366111111111104
8318.0,6.373333333333327
8319.0,6.380555555555549
8320.0,6.387777777777772
8321.0,6.394999999999994
8322.0,6.402222222222217
8323.0,6.409444444444439
8324.0,6.416666666666662
8325.0,6.423888888888884
8326.0,6.431111111111107
8327.0,6.438333333333329
8328.0,6.4455555555555515
8329.0,6.452777777777774
8330.0,6.459999999999996
8331.0,6.467222222222219
8332.0,6.474444444444441
8333.0,6.481666666666664
8334.0,6.488888888888886
8335.0,6.496111111111109
8336.0,6.503333333333331
8337.0,6.510555555555554
8338.0,6.517777777777776
8339.0,6.524999999999999
8340.0,6.532222222222221
8341.0,6.5394444444444435
8342.0,6.546666666666666
8343.0,6.553888888888888
8344.0,6.561111111111111
8345.0,6.568333333333333
8346.0,6.575555555555556
8347.0,6.582777777777778
8348.0,6.590000000000001
8349.0,6.597222222222223
8350.0,6.604444444444446
8351.0,6.611666666666668
8352.0,6.618888888888891
8353.0,6.626111111111113
8354.0,6.6333333333333355
8355.0,6.640555555555558
8356.0,6.6477777777777805
8357.0,6.655000000000003
8358.0,6.662222222222225
8359.0,6.669444444444448
8360.0,6.67666666666667
8361.0,6.683888888888893
8362.0,6.691111111111115
8363.0,6.698333333333338
8364.0,6.70555555555556
8365.0,6.712777777777783
8366.0,6.720000000000005
8367.0,6.7272222222222275
8368.0,6.73444444444445
8369.0,6.7416666666666725
8370.0,6.748888888888895
8371.0,6.756111111111117
8372.0,6.76333333333334
8373.0,6.770555555555562
8374.0,6.777777777777785
8375.0,6.785000000000007
8376.0,6.79222222222223
8377.0,6.799444444444452
8378.0,6.806666666666675
8379.0,6.813888888888897
8380.0,6.82111111111112
8381.0,6.828333333333342
8382.0,6.8355555555555645
8383.0,6.842777777777787
8384.0,6.850000000000009
8385.0,6.857222222222232
8386.0,6.864444444444454
8387.0,6.871666666666677
8388.0,6.878888888888899
8389.0,6.886111111111122
8390.0,6.893333333333344
8391.0,6.900555555555567
8392.0,6.907777777777789
8393.0,6.915000000000012
8394.0,6.922222222222234
8395.0,6.9294444444444565
8396.0,6.936666666666679
8397.0,6.943888888888901
8398.0,6.951111111111124
8399.0,6.958333333333346
8400.0,6.965555555555569
8401.0,6.972777777777791
8402.0,6.980000000000014
8403.0,6.987222222222236
8404.0,6.994444444444459
8405.0,7.001666666666681
8406.0,7.008888888888904
8407.0,7.016111111111126
8408.0,7.0233333333333485
8409.0,7.030555555555571
8410.0,7.0377777777777935
8411.0,7.045000000000016
8412.0,7.052222222222238
8413.0,7.059444444444461
8414.0,7.066666666666683
8415.0,7.073888888888906
8416.0,7.081111111111128
8417.0,7.088333333333351
8418.0,7.095555555555573
8419.0,7.102777777777796
8420.0,7.110000000000018
8421.0,7.1172222222222405
8422.0,7.124444444444463
8423.0,7.1316666666666855
8424.0,7.138888888888908
8425.0,7.14611111111113
8426.0,7.153333333333353
8427.0,7.160555555555575
8428.0,7.167777777777798
8429.0,7.17500000000002
8430.0,7.182222222222243
8431.0,7.189444444444465
8432.0,7.196666666666688
8433.0,7.20388888888891
8434.0,7.211111111111133
8435.0,7.218333333333355
8436.0,7.2255555555555775
8437.0,7.2327777777778
8438.0,7.240000000000022
8439.0,7.247222222222245
8440.0,7.254444444444467
8441.0,7.26166666666669
8442.0,7.268888888888912
8443.0,7.276111111111135
8444.0,7.283333333333357
8445.0,7.29055555555558
8446.0,7.297777777777802
8447.0,7.305000000000025
8448.0,7.312222222222247
8449.0,7.3194444444444695
8450.0,7.326666666666692
8451.0,7.333888888888914
8452.0,7.341111111111137
8453.0,7.348333333333359
8454.0,7.355555555555582
8455.0,7.362777777777804
8456.0,7.370000000000027
8457.0,7.377222222222249
8458.0,7.384444444444472
8459.0,7.391666666666694
8460.0,7.398888888888917
8461.0,7.406111111111139
8462.0,7.4133333333333615
8463.0,7.420555555555584
8464.0,7.4277777777778065
8465.0,7.435000000000029
8466.0,7.442222222222251
8467.0,7.449444444444474
8468.0,7.456666666666696
8469.0,7.463888888888919
8470.0,7.471111111111141
8471.0,7.478333333333364
8472.0,7.485555555555586
8473.0,7.492777777777809
8474.0,7.492777777777809
8475.0,7.492777777777809
8476.0,7.492777777777809
8477.0,7.492777777777809
8478.0,7.492777777777809
8479.0,7.492777777777809
8480.0,7.492777777777809
8481.0,7.492777777777809
8482.0,7.492777777777809
8483.0,7.492777777777809
8484.0,7.492777777777809
8485.0,7.492777777777809
8486.0,7.492777777777809
8487.0,7.492777777777809
8488.0,7.492777777777809
8489.0,7.492777777777809
8490.0,7.492777777777809
8491.0,7.492777777777809
8492.0,7.492777777777809
8493.0,7.492777777777809
8494.0,7.492777777777809
8495.0,7.492777777777809
8496.0,7.492777777777809
8497.0,7.492777777777809
8498.0,7.492777777777809
8499.0,7.492777777777809
8500.0,7.492777777777809
8501.0,7.492777777777809
8502.0,7.492777777777809
8503.0,7.492777777777809
8504.0,7.492777777777809
8505.0,7.492777777777809
8506.0,7.492777777777809
8507.0,7.492777777777809
8508.0,7.492777777777809
8509.0,7.492777777777809
8510.0,7.492777777777809
8511.0,7.492777777777809
8512.0,7.492777777777809
8513.0,7.492777777777809
8514.0,7.492777777777809
8515.0,7.492777777777809
8516.0,7.492777777777809
8517.0,7.492777777777809
8518.0,7.492777777777809
8519.0,7.492777777777809
8520.0,7.492777777777809
8521.0,7.492777777777809
8522.0,7.492777777777809
8523.0,7.492777777777809
8524.0,7.492777777777809
8525.0,7.492777777777809
8526.0,7.492777777777809
8527.0,7.492777777777809
8528.0,7.492777777777809
8529.0,7.492777777777809
8530.0,7.492777777777809
8531.0,7.492777777777809
8532.0,7.492777777777809
8533.0,7.492777777777809
8534.0,7.492777777777809
8535.0,7.492777777777809
8536.0,7.492777777777809
8537.0,7.492777777777809
8538.0,7.492777777777809
8539.0,7.492777777777809
8540.0,7.492777777777809
8541.0,7.492777777777809
8542.0,7.492777777777809
8543.0,7.492777777777809
8544.0,7.492777777777809
8545.0,7.492777777777809
8546.0,7.492777777777809
8547.0,7.492777777777809
8548.0,7.492777777777809
8549.0,7.492777777777809
8550.0,7.492777777777809
8551.0,7.492777777777809
8552.0,7.500000000000031
8553.0,7.5072222222222535
8554.0,7.514444444444476
8555.0,7.5216666666666985
8556.0,7.528888888888921
8557.0,7.536111111111143
8558.0,7.543333333333366
8559.0,7.550555555555588
8560.0,7.557777777777811
8561.0,7.565000000000033
8562.0,7.572222222222256
8563.0,7.579444444444478
8564.0,7.586666666666701
8565.0,7.593888888888923
8566.0,7.601111111111146
8567.0,7.608333333333368
8568.0,7.6155555555555905
8569.0,7.622777777777813
8570.0,7.630000000000035
8571.0,7.637222222222258
8572.0,7.64444444444448
8573.0,7.651666666666703
8574.0,7.658888888888925
8575.0,7.666111111111148
8576.0,7.67333333333337
8577.0,7.680555555555593
8578.0,7.687777777777815
8579.0,7.695000000000038
8580.0,7.70222222222226
8581.0,7.7094444444444825
8582.0,7.716666666666705
8583.0,7.723888888888927
8584.0,7.73111111111115
8585.0,7.738333333333372
8586.0,7.745555555555595
8587.0,7.752777777777817
8588.0,7.76000000000004
8589.0,7.767222222222262
8590.0,7.774444444444485
8591.0,7.781666666666707
8592.0,7.78888888888893
8593.0,7.796111111111152
8594.0,7.8033333333333745
8595.0,7.810555555555597
8596.0,7.8177777777778195
8597.0,7.825000000000042
8598.0,7.832222222222264
8599.0,7.839444444444487
8600.0,7.846666666666709
8601.0,7.853888888888932
8602.0,7.861111111111154
8603.0,7.868333333333377
8604.0,7.875555555555599
8605.0,7.882777777777822
8606.0,7.890000000000044
8607.0,7.8972222222222666
8608.0,7.904444444444489
8609.0,7.9116666666667115
8610.0,7.918888888888934
8611.0,7.926111111111156
8612.0,7.933333333333379
8613.0,7.933333333333379
8614.0,7.933333333333379
8615.0,7.933333333333379
8616.0,7.933333333333379
8617.0,7.933333333333379
8618.0,7.933333333333379
8619.0,7.933333333333379
8620.0,7.933333333333379
8621.0,7.933333333333379
8622.0,7.933333333333379
8623.0,7.933333333333379
8624.0,7.933333333333379
8625.0,7.933333333333379
8626.0,7.933333333333379
8627.0,7.933333333333379
8628.0,7.933333333333379
8629.0,7.933333333333379
8630.0,7.933333333333379
8631.0,7.933333333333379
8632.0,7.933333333333379
8633.0,7.933333333333379
8634.0,7.933333333333379
8635.0,7.933333333333379
8636.0,7.933333333333379
8637.0,7.933333333333379
8638.0,7.933333333333379
8639.0,7.933333333333379
8640.0,7.933333333333379
8641.0,7.933333333333379
8642.0,7.933333333333379
8643.0,7.933333333333379
8644.0,7.933333333333379
8645.0,7.933333333333379
8646.0,7.933333333333379
8647.0,7.933333333333379
8648.0,7.933333333333379
8649.0,7.933333333333379
8650.0,7.933333333333379
8651.0,7.933333333333379
8652.0,7.933333333333379
8653.0,7.933333333333379
8654.0,7.933333333333379
8655.0,7.933333333333379
8656.0,7.933333333333379
8657.0,7.933333333333379
8658.0,7.933333333333379
8659.0,7.933333333333379
8660.0,7.933333333333379
8661.0,7.933333333333379
8662.0,7.933333333333379
8663.0,7.933333333333379
8664.0,7.933333333333379
8665.0,7.933333333333379
8666.0,7.933333333333379
8667.0,7.933333333333379
8668.0,7.933333333333379
8669.0,7.933333333333379
8670.0,7.933333333333379
8671.0,7.940555555555601
8672.0,7.947777777777824
8673.0,7.955000000000046
8674.0,7.962222222222269
8675.0,7.969444444444491
8676.0,7.976666666666714
8677.0,7.983888888888936
8678.0,7.991111111111159
8679.0,7.998333333333381
8680.0,8.005555555555603
8681.0,8.012777777777826
8682.0,8.02000000000005
8683.0,8.02722222222227
8684.0,8.034444444444492
8685.0,8.041666666666716
8686.0,8.04888888888894
8687.0,8.05611111111116
8688.0,8.063333333333382
8689.0,8.070555555555606
8690.0,8.077777777777829
8691.0,8.08500000000005
8692.0,8.092222222222272
8693.0,8.099444444444496
8694.0,8.106666666666719
8695.0,8.11388888888894
8696.0,8.121111111111162
8697.0,8.128333333333385
8698.0,8.135555555555609
8699.0,8.14277777777783
8700.0,8.150000000000052
8701.0,8.157222222222275
8702.0,8.164444444444499
8703.0,8.17166666666672
8704.0,8.178888888888942
8705.0,8.186111111111165
8706.0,8.193333333333388
8707.0,8.20055555555561
8708.0,8.207777777777832
8709.0,8.215000000000055
8710.0,8.222222222222278
8711.0,8.2294444444445
8712.0,8.236666666666721
8713.0,8.243888888888945
8714.0,8.251111111111168
8715.0,8.25833333333339
8716.0,8.265555555555611
8717.0,8.272777777777835
8718.0,8.280000000000058
8719.0,8.28722222222228
8720.0,8.294444444444501
8721.0,8.301666666666724
8722.0,8.301666666666724
8723.0,8.301666666666724
8724.0,8.301666666666724
8725.0,8.301666666666724
8726.0,8.301666666666724
8727.0,8.301666666666724
8728.0,8.301666666666724
8729.0,8.301666666666724
8730.0,8.301666666666724
8731.0,8.308888888888948
8732.0,8.31611111111117
8733.0,8.323333333333391
8734.0,8.330555555555614
8735.0,8.337777777777838
8736.0,8.34500000000006
8737.0,8.35222222222228
8738.0,8.359444444444504
8739.0,8.366666666666728
8740.0,8.373888888888949
8741.0,8.38111111111117
8742.0,8.388333333333394
8743.0,8.395555555555617
8744.0,8.402777777777839
8745.0,8.41000000000006
8746.0,8.417222222222284
8747.0,8.424444444444507
8748.0,8.431666666666729
8749.0,8.43888888888895
8750.0,8.446111111111174
8751.0,8.453333333333397
8752.0,8.460555555555619
8753.0,8.46777777777784
8754.0,8.475000000000064
8755.0,8.482222222222287
8756.0,8.489444444444509
8757.0,8.49666666666673
8758.0,8.503888888888953
8759.0,8.511111111111177
8760.0,8.518333333333398
8761.0,8.52555555555562
8762.0,8.532777777777843
8763.0,8.540000000000067
8764.0,8.547222222222288
8765.0,8.55444444444451
8766.0,8.561666666666733
8767.0,8.568888888888957
8768.0,8.576111111111178
8769.0,8.5833333333334
8770.0,8.590555555555623
8771.0,8.597777777777846
8772.0,8.605000000000068
8773.0,8.61222222222229
8774.0,8.619444444444513
8775.0,8.626666666666736
8776.0,8.633888888888958
8777.0,8.64111111111118
8778.0,8.648333333333403
8779.0,8.655555555555626
8780.0,8.662777777777848
8781.0,8.67000000000007
8782.0,8.677222222222293
8783.0,8.684444444444516
8784.0,8.691666666666737
8785.0,8.698888888888959
8786.0,8.706111111111182
8787.0,8.713333333333406
8788.0,8.720555555555627
8789.0,8.727777777777849
8790.0,8.735000000000072
8791.0,8.742222222222296
8792.0,8.749444444444517
8793.0,8.756666666666739
8794.0,8.763888888888962
8795.0,8.771111111111185
8796.0,8.778333333333407
8797.0,8.785555555555629
8798.0,8.792777777777852
8799.0,8.800000000000075
8800.0,8.807222222222297
8801.0,8.814444444444518
8802.0,8.821666666666742
8803.0,8.828888888888965
8804.0,8.836111111111187
8805.0,8.843333333333408
8806.0,8.850555555555632
8807.0,8.857777777777855
8808.0,8.865000000000077
8809.0,8.872222222222298
8810.0,8.879444444444522
8811.0,8.886666666666745
8812.0,8.893888888888966
8813.0,8.893888888888966
8814.0,8.893888888888966
8815.0,8.893888888888966
8816.0,8.893888888888966
8817.0,8.893888888888966
8818.0,8.893888888888966
8819.0,8.893888888888966
8820.0,8.893888888888966
8821.0,8.893888888888966
8822.0,8.893888888888966
8823.0,8.893888888888966
8824.0,8.893888888888966
8825.0,8.893888888888966
8826.0,8.893888888888966
8827.0,8.893888888888966
8828.0,8.893888888888966
8829.0,8.893888888888966
8830.0,8.893888888888966
8831.0,8.901111111111188
8832.0,8.908333333333411
8833.0,8.915555555555635
8834.0,8.922777777777856
8835.0,8.930000000000078
8836.0,8.937222222222301
8837.0,8.944444444444525
8838.0,8.951666666666746
8839.0,8.958888888888968
8840.0,8.966111111111191
8841.0,8.973333333333414
8842.0,8.980555555555636
8843.0,8.987777777777858
8844.0,8.995000000000081
8845.0,9.002222222222303
8846.0,9.009444444444524
8847.0,9.016666666666746
8848.0,9.023888888888967
8849.0,9.031111111111189
8850.0,9.03833333333341
8851.0,9.045555555555632
8852.0,9.052777777777854
8853.0,9.060000000000075
8854.0,9.067222222222297
8855.0,9.074444444444518
8856.0,9.08166666666674
8857.0,9.088888888888961
8858.0,9.096111111111183
8859.0,9.103333333333405
8860.0,9.110555555555626
8861.0,9.117777777777848
8862.0,9.12500000000007
8863.0,9.13222222222229
8864.0,9.139444444444512
8865.0,9.146666666666734
8866.0,9.153888888888956
8867.0,9.161111111111177
8868.0,9.168333333333399
8869.0,9.17555555555562
8870.0,9.182777777777842
8871.0,9.190000000000063
8872.0,9.197222222222285
8873.0,9.204444444444507
8874.0,9.211666666666728
8875.0,9.21888888888895
8876.0,9.226111111111171
8877.0,9.233333333333393
8878.0,9.240555555555614
8879.0,9.247777777777836
8880.0,9.255000000000058
8881.0,9.26222222222228
8882.0,9.2694444444445
8883.0,9.2694444444445
8884.0,9.2694444444445
8885.0,9.2694444444445
8886.0,9.2694444444445
8887.0,9.2694444444445
8888.0,9.2694444444445
8889.0,9.2694444444445
8890.0,9.2694444444445
8891.0,9.2694444444445
8892.0,9.2694444444445
8893.0,9.2694444444445
8894.0,9.2694444444445
8895.0,9.2694444444445
8896.0,9.2694444444445
8897.0,9.2694444444445
8898.0,9.2694444444445
8899.0,9.2694444444445
8900.0,9.2694444444445
8901.0,9.2694444444445
8902.0,9.2694444444445
8903.0,9.2694444444445
8904.0,9.2694444444445
8905.0,9.2694444444445
8906.0,9.2694444444445
8907.0,9.2694444444445
8908.0,9.2694444444445
8909.0,9.2694444444445
8910.0,9.2694444444445
8911.0,9.2694444444445
8912.0,9.2694444444445
8913.0,9.2694444444445
8914.0,9.2694444444445
8915.0,9.2694444444445
8916.0,9.2694444444445
8917.0,9.2694444444445
8918.0,9.2694444444445
8919.0,9.2694444444445
8920.0,9.2694444444445
8921.0,9.2694444444445
8922.0,9.2694444444445
8923.0,9.2694444444445
8924.0,9.2694444444445
8925.0,9.2694444444445
8926.0,9.2694444444445
8927.0,9.2694444444445
8928.0,9.276666666666722
8929.0,9.283888888888944
8930.0,9.291111111111165
8931.0,9.298333333333387
8932.0,9.305555555555609
8933.0,9.31277777777783
8934.0,9.320000000000052
8935.0,9.327222222222273
8936.0,9.334444444444495
8937.0,9.341666666666717
8938.0,9.348888888888938
8939.0,9.35611111111116
8940.0,9.363333333333381
8941.0,9.370555555555603
8942.0,9.377777777777824
8943.0,9.385000000000046
8944.0,9.392222222222268
8945.0,9.39944444444449
8946.0,9.40666666666671
8947.0,9.413888888888932
8948.0,9.421111111111154
8949.0,9.428333333333375
8950.0,9.435555555555597
8951.0,9.442777777777819
8952.0,9.45000000000004
8953.0,9.457222222222262
8954.0,9.464444444444483
8955.0,9.471666666666705
8956.0,9.478888888888926
8957.0,9.486111111111148
8958.0,9.49333333333337
8959.0,9.500555555555591
8960.0,9.507777777777813
8961.0,9.515000000000034
8962.0,9.522222222222256
8963.0,9.529444444444477
8964.0,9.536666666666699
8965.0,9.54388888888892
8966.0,9.551111111111142
8967.0,9.558333333333364
8968.0,9.565555555555585
8969.0,9.572777777777807
8970.0,9.580000000000028
8971.0,9.58722222222225
8972.0,9.594444444444472
8973.0,9.601666666666693
8974.0,9.608888888888915
8975.0,9.616111111111136
8976.0,9.623333333333358
8977.0,9.63055555555558
8978.0,9.637777777777801
8979.0,9.645000000000023
8980.0,9.652222222222244
8981.0,9.659444444444466
8982.0,9.666666666666687
8983.0,9.673888888888909
8984.0,9.68111111111113
8985.0,9.688333333333352
8986.0,9.695555555555574
8987.0,9.702777777777795
8988.0,9.710000000000017
8989.0,9.717222222222238
8990.0,9.72444444444446
8991.0,9.731666666666682
8992.0,9.738888888888903
8993.0,9.746111111111125
8994.0,9.753333333333346
8995.0,9.760555555555568
8996.0,9.76777777777779
8997.0,9.775000000000011
8998.0,9.782222222222233
8999.0,9.789444444444454
9000.0,9.796666666666676
9001.0,9.803888888888897
9002.0,9.811111111111119
9003.0,9.81833333333334
9004.0,9.825555555555562
9005.0,9.832777777777784
9006.0,9.840000000000005
9007.0,9.847222222222227
9008.0,9.854444444444448
9009.0,9.86166666666667
9010.0,9.868888888888891
9011.0,9.876111111111113
9012.0,9.883333333333335
9013.0,9.883333333333335
9014.0,9.883333333333335
9015.0,9.883333333333335
9016.0,9.883333333333335
9017.0,9.883333333333335
9018.0,9.883333333333335
9019.0,9.883333333333335
9020.0,9.883333333333335
9021.0,9.883333333333335
9022.0,9.883333333333335
9023.0,9.883333333333335
9024.0,9.883333333333335
9025.0,9.883333333333335
9026.0,9.883333333333335
9027.0,9.883333333333335
9028.0,9.883333333333335
9029.0,9.883333333333335
9030.0,9.883333333333335
9031.0,9.883333333333335
9032.0,9.883333333333335
9033.0,9.883333333333335
9034.0,9.883333333333335
9035.0,9.883333333333335
9036.0,9.883333333333335
9037.0,9.883333333333335
9038.0,9.883333333333335
9039.0,9.883333333333335
9040.0,9.883333333333335
9041.0,9.883333333333335
9042.0,9.883333333333335
9043.0,9.883333333333335
9044.0,9.883333333333335
9045.0,9.883333333333335
9046.0,9.883333333333335
9047.0,9.883333333333335
9048.0,9.883333333333335
9049.0,9.883333333333335
9050.0,9.883333333333335
9051.0,9.883333333333335
9052.0,9.883333333333335
9053.0,9.883333333333335
9054.0,9.883333333333335
9055.0,9.883333333333335
9056.0,9.883333333333335
9057.0,9.883333333333335
9058.0,9.883333333333335
9059.0,9.883333333333335
9060.0,9.883333333333335
9061.0,9.883333333333335
9062.0,9.883333333333335
9063.0,9.883333333333335
9064.0,9.883333333333335
9065.0,9.883333333333335
9066.0,9.883333333333335
9067.0,9.883333333333335
9068.0,9.883333333333335
9069.0,9.883333333333335
9070.0,9.883333333333335
9071.0,9.883333333333335
9072.0,9.883333333333335
9073.0,9.883333333333335
9074.0,9.883333333333335
9075.0,9.883333333333335
9076.0,9.883333333333335
9077.0,9.883333333333335
9078.0,9.883333333333335
9079.0,9.883333333333335
9080.0,9.883333333333335
9081.0,9.883333333333335
9082.0,9.883333333333335
9083.0,9.883333333333335
9084.0,9.883333333333335
9085.0,9.883333333333335
9086.0,9.883333333333335
9087.0,9.883333333333335
9088.0,9.883333333333335
9089.0,9.883333333333335
9090.0,9.883333333333335
9091.0,9.883333333333335
9092.0,9.883333333333335
9093.0,9.883333333333335
9094.0,9.883333333333335
9095.0,9.883333333333335
9096.0,9.883333333333335
9097.0,9.883333333333335
9098.0,9.883333333333335
9099.0,9.883333333333335
9100.0,9.883333333333335
9101.0,9.883333333333335
9102.0,9.883333333333335
9103.0,9.883333333333335
9104.0,9.883333333333335
9105.0,9.883333333333335
9106.0,9.883333333333335
9107.0,9.883333333333335
9108.0,9.883333333333335
9109.0,9.883333333333335
9110.0,9.883333333333335
9111.0,9.883333333333335
9112.0,9.883333333333335
9113.0,9.883333333333335
9114.0,9.883333333333335
9115.0,9.883333333333335
9116.0,9.883333333333335
9117.0,9.883333333333335
9118.0,9.883333333333335
9119.0,9.883333333333335
9120.0,9.883333333333335
9121.0,9.883333333333335
9122.0,9.883333333333335
9123.0,9.883333333333335
9124.0,9.883333333333335
9125.0,9.883333333333335
9126.0,9.883333333333335
9127.0,9.883333333333335
9128.0,9.890555555555556
9129.0,9.897777777777778
9130.0,9.905
9131.0,9.912222222222221
9132.0,9.919444444444443
9133.0,9.926666666666664
9134.0,9.933888888888886
9135.0,9.941111111111107
9136.0,9.948333333333329
9137.0,9.95555555555555
9138.0,9.962777777777772
9139.0,9.969999999999994
9140.0,9.977222222222215
9141.0,9.984444444444437
9142.0,9.991666666666658
9143.0,9.99888888888888
9144.0,10.006111111111101
9145.0,10.013333333333323
9146.0,10.020555555555545
9147.0,10.027777777777766
9148.0,10.034999999999988
9149.0,10.04222222222221
9150.0,10.04944444444443
9151.0,10.056666666666652
9152.0,10.063888888888874
9153.0,10.071111111111096
9154.0,10.078333333333317
9155.0,10.085555555555539
9156.0,10.09277777777776
9157.0,10.099999999999982
9158.0,10.107222222222203
9159.0,10.114444444444425
9160.0,10.121666666666647
9161.0,10.128888888888868
9162.0,10.13611111111109
9163.0,10.143333333333311
9164.0,10.150555555555533
9165.0,10.157777777777754
9166.0,10.164999999999976
9167.0,10.172222222222198
9168.0,10.17944444444442
9169.0,10.18666666666664
9170.0,10.193888888888862
9171.0,10.201111111111084
9172.0,10.208333333333306
9173.0,10.215555555555527
9174.0,10.222777777777749
9175.0,10.22999999999997
9176.0,10.237222222222192
9177.0,10.244444444444413
9178.0,10.251666666666635
9179.0,10.258888888888857
9180.0,10.266111111111078
9181.0,10.2733333333333
9182.0,10.280555555555521
9183.0,10.287777777777743
9184.0,10.294999999999964
9185.0,10.302222222222186
9186.0,10.309444444444408
9187.0,10.31666666666663
9188.0,10.32388888888885
9189.0,10.331111111111072
9190.0,10.338333333333294
9191.0,10.345555555555515
9192.0,10.352777777777737
9193.0,10.352777777777737
9194.0,10.352777777777737
9195.0,10.352777777777737
9196.0,10.352777777777737
9197.0,10.352777777777737
9198.0,10.352777777777737
9199.0,10.352777777777737
9200.0,10.352777777777737
9201.0,10.352777777777737
9202.0,10.352777777777737
9203.0,10.352777777777737
9204.0,10.352777777777737
9205.0,10.352777777777737
9206.0,10.352777777777737
9207.0,10.352777777777737
9208.0,10.352777777777737
9209.0,10.352777777777737
9210.0,10.352777777777737
9211.0,10.352777777777737
9212.0,10.352777777777737
9213.0,10.352777777777737
9214.0,10.352777777777737
9215.0,10.352777777777737
9216.0,10.352777777777737
9217.0,10.352777777777737
9218.0,10.352777777777737
9219.0,10.352777777777737
9220.0,10.352777777777737
9221.0,10.352777777777737
9222.0,10.352777777777737
9223.0,10.352777777777737
9224.0,10.352777777777737
9225.0,10.352777777777737
9226.0,10.352777777777737
9227.0,10.352777777777737
9228.0,10.352777777777737
9229.0,10.352777777777737
9230.0,10.352777777777737
9231.0,10.352777777777737
9232.0,10.352777777777737
9233.0,10.352777777777737
9234.0,10.352777777777737
9235.0,10.352777777777737
9236.0,10.352777777777737
9237.0,10.352777777777737
9238.0,10.352777777777737
9239.0,10.352777777777737
9240.0,10.352777777777737
9241.0,10.352777777777737
9242.0,10.352777777777737
9243.0,10.352777777777737
9244.0,10.352777777777737
9245.0,10.352777777777737
9246.0,10.352777777777737
9247.0,10.352777777777737
9248.0,10.352777777777737
9249.0,10.352777777777737
9250.0,10.352777777777737
9251.0,10.352777777777737
9252.0,10.352777777777737
9253.0,10.352777777777737
9254.0,10.352777777777737
9255.0,10.359999999999959
9256.0,10.36722222222218
9257.0,10.374444444444402
9258.0,10.381666666666623
9259.0,10.388888888888845
9260.0,10.396111111111066
9261.0,10.403333333333288
9262.0,10.41055555555551
9263.0,10.417777777777731
9264.0,10.424999999999953
9265.0,10.432222222222174
9266.0,10.439444444444396
9267.0,10.446666666666617
9268.0,10.453888888888839
9269.0,10.46111111111106
9270.0,10.468333333333282
9271.0,10.475555555555504
9272.0,10.482777777777725
9273.0,10.489999999999947
9274.0,10.497222222222168
9275.0,10.50444444444439
9276.0,10.511666666666612
9277.0,10.518888888888833
9278.0,10.526111111111055
9279.0,10.533333333333276
9280.0,10.540555555555498
9281.0,10.54777777777772
9282.0,10.554999999999941
9283.0,10.562222222222163
9284.0,10.569444444444384
9285.0,10.576666666666606
9286.0,10.583888888888827
9287.0,10.591111111111049
9288.0,10.59833333333327
9289.0,10.605555555555492
9290.0,10.612777777777714
9291.0,10.619999999999935
9292.0,10.627222222222157
9293.0,10.634444444444378
9294.0,10.6416666666666
9295.0,10.648888888888822
9296.0,10.656111111111043
9297.0,10.663333333333265
9298.0,10.670555555555486
9299.0,10.677777777777708
9300.0,10.68499999999993
9301.0,10.692222222222151
9302.0,10.699444444444373
9303.0,10.706666666666594
9304.0,10.713888888888816
9305.0,10.721111111111037
9306.0,10.728333333333259
9307.0,10.73555555555548
9308.0,10.742777777777702
9309.0,10.749999999999924
9310.0,10.757222222222145
9311.0,10.764444444444367
9312.0,10.771666666666588
9313.0,10.77888888888881
9314.0,10.77888888888881
9315.0,10.77888888888881
9316.0,10.77888888888881
9317.0,10.77888888888881
9318.0,10.77888888888881
9319.0,10.77888888888881
9320.0,10.77888888888881
9321.0,10.77888888888881
9322.0,10.77888888888881
9323.0,10.77888888888881
9324.0,10.77888888888881
9325.0,10.77888888888881
9326.0,10.77888888888881
9327.0,10.77888888888881
9328.0,10.77888888888881
9329.0,10.77888888888881
9330.0,10.77888888888881
9331.0,10.77888888888881
9332.0,10.77888888888881
9333.0,10.77888888888881
9334.0,10.77888888888881
9335.0,10.77888888888881
9336.0,10.77888888888881
9337.0,10.77888888888881
9338.0,10.77888888888881
9339.0,10.77888888888881
9340.0,10.77888888888881
9341.0,10.77888888888881
9342.0,10.77888888888881
9343.0,10.77888888888881
9344.0,10.77888888888881
9345.0,10.77888888888881
9346.0,10.77888888888881
9347.0,10.77888888888881
9348.0,10.77888888888881
9349.0,10.77888888888881
9350.0,10.77888888888881
9351.0,10.77888888888881
9352.0,10.77888888888881
9353.0,10.77888888888881
9354.0,10.77888888888881
9355.0,10.77888888888881
9356.0,10.77888888888881
9357.0,10.77888888888881
9358.0,10.77888888888881
9359.0,10.77888888888881
9360.0,10.786111111111031
9361.0,10.793333333333253
9362.0,10.800555555555475
9363.0,10.807777777777696
9364.0,10.814999999999918
9365.0,10.82222222222214
9366.0,10.829444444444361
9367.0,10.836666666666583
9368.0,10.843888888888804
9369.0,10.851111111111026
9370.0,10.858333333333247
9371.0,10.865555555555469
9372.0,10.87277777777769
9373.0,10.879999999999912
9374.0,10.887222222222134
9375.0,10.894444444444355
9376.0,10.901666666666577
9377.0,10.908888888888798
9378.0,10.91611111111102
9379.0,10.923333333333241
9380.0,10.930555555555463
9381.0,10.937777777777685
9382.0,10.944999999999906
9383.0,10.952222222222128
9384.0,10.95944444444435
9385.0,10.96666666666657
9386.0,10.973888888888792
9387.0,10.981111111111014
9388.0,10.988333333333236
9389.0,10.995555555555457
9390.0,11.002777777777679
9391.0,11.0099999999999
9392.0,11.017222222222122
9393.0,11.024444444444343
9394.0,11.031666666666565
9395.0,11.038888888888787
9396.0,11.046111111111008
9397.0,11.05333333333323
9398.0,11.060555555555451
9399.0,11.067777777777673
9400.0,11.074999999999894
9401.0,11.082222222222116
9402.0,11.089444444444338
9403.0,11.09666666666656
9404.0,11.10388888888878
9405.0,11.111111111111002
9406.0,11.118333333333224
9407.0,11.125555555555446
9408.0,11.132777777777667
9409.0,11.139999999999889
9410.0,11.14722222222211
9411.0,11.154444444444332
9412.0,11.161666666666553
9413.0,11.168888888888775
9414.0,11.168888888888775
9415.0,11.168888888888775
9416.0,11.168888888888775
9417.0,11.168888888888775
9418.0,11.168888888888775
9419.0,11.168888888888775
9420.0,11.168888888888775
9421.0,11.168888888888775
9422.0,11.168888888888775
9423.0,11.168888888888775
9424.0,11.168888888888775
9425.0,11.168888888888775
9426.0,11.168888888888775
9427.0,11.168888888888775
9428.0,11.168888888888775
9429.0,11.168888888888775
9430.0,11.168888888888775
9431.0,11.168888888888775
9432.0,11.168888888888775
9433.0,11.168888888888775
9434.0,11.168888888888775
9435.0,11.168888888888775
9436.0,11.168888888888775
9437.0,11.168888888888775
9438.0,11.168888888888775
9439.0,11.168888888888775
9440.0,11.168888888888775
9441.0,11.168888888888775
9442.0,11.168888888888775
9443.0,11.168888888888775
9444.0,11.168888888888775
9445.0,11.168888888888775
9446.0,11.168888888888775
9447.0,11.168888888888775
9448.0,11.168888888888775
9449.0,11.168888888888775
9450.0,11.168888888888775
9451.0,11.168888888888775
9452.0,11.168888888888775
9453.0,11.168888888888775
9454.0,11.168888888888775
9455.0,11.168888888888775
9456.0,11.176111111110997
9457.0,11.183333333333218
9458.0,11.19055555555544
9459.0,11.197777777777661
9460.0,11.204999999999883
9461.0,11.212222222222104
9462.0,11.219444444444326
9463.0,11.226666666666548
9464.0,11.23388888888877
9465.0,11.24111111111099
9466.0,11.248333333333212
9467.0,11.255555555555434
9468.0,11.262777777777655
9469.0,11.269999999999877
9470.0,11.277222222222099
9471.0,11.28444444444432
9472.0,11.291666666666542
9473.0,11.298888888888763
9474.0,11.306111111110985
9475.0,11.313333333333206
9476.0,11.320555555555428
9477.0,11.32777777777765
9478.0,11.334999999999871
9479.0,11.342222222222093
9480.0,11.349444444444314
9481.0,11.356666666666536
9482.0,11.363888888888757
9483.0,11.371111111110979
9484.0,11.3783333333332
9485.0,11.385555555555422
9486.0,11.392777777777644
9487.0,11.399999999999865
9488.0,11.407222222222087
9489.0,11.414444444444309
9490.0,11.42166666666653
9491.0,11.428888888888752
9492.0,11.436111111110973
9493.0,11.443333333333195
9494.0,11.450555555555416
9495.0,11.457777777777638
9496.0,11.46499999999986
9497.0,11.472222222222081
9498.0,11.479444444444303
9499.0,11.486666666666524
9500.0,11.493888888888746
9501.0,11.501111111110967
9502.0,11.508333333333189
9503.0,11.51555555555541
9504.0,11.522777777777632
9505.0,11.529999999999854
9506.0,11.537222222222075
9507.0,11.544444444444297
9508.0,11.551666666666518
9509.0,11.55888888888874
9510.0,11.566111111110962
9511.0,11.573333333333183
9512.0,11.580555555555405
9513.0,11.587777777777626
9514.0,11.594999999999848
9515.0,11.60222222222207
9516.0,11.609444444444291
9517.0,11.616666666666513
9518.0,11.623888888888734
9519.0,11.631111111110956
9520.0,11.638333333333177
9521.0,11.645555555555399
9522.0,11.65277777777762
9523.0,11.659999999999842
9524.0,11.667222222222064
9525.0,11.674444444444285
9526.0,11.681666666666507
9527.0,11.688888888888728
9528.0,11.69611111111095
9529.0,11.703333333333171
9530.0,11.710555555555393
9531.0,11.717777777777615
9532.0,11.724999999999836
9533.0,11.732222222222058
9534.0,11.73944444444428
9535.0,11.746666666666501
9536.0,11.753888888888723
9537.0,11.761111111110944
9538.0,11.768333333333166
9539.0,11.775555555555387
9540.0,11.782777777777609
9541.0,11.78999999999983
9542.0,11.797222222222052
9543.0,11.804444444444274
9544.0,11.811666666666495
9545.0,11.818888888888717
9546.0,11.826111111110938
9547.0,11.83333333333316
9548.0,11.840555555555381
9549.0,11.847777777777603
9550.0,11.847777777777603
9551.0,11.847777777777603
9552.0,11.847777777777603
9553.0,11.847777777777603
9554.0,11.847777777777603
9555.0,11.847777777777603
9556.0,11.847777777777603
9557.0,11.847777777777603
9558.0,11.847777777777603
9559.0,11.847777777777603
9560.0,11.847777777777603
9561.0,11.847777777777603
9562.0,11.847777777777603
9563.0,11.847777777777603
9564.0,11.847777777777603
9565.0,11.847777777777603
9566.0,11.847777777777603
9567.0,11.847777777777603
9568.0,11.847777777777603
9569.0,11.847777777777603
9570.0,11.847777777777603
9571.0,11.847777777777603
9572.0,11.847777777777603
9573.0,11.847777777777603
9574.0,11.847777777777603
9575.0,11.847777777777603
9576.0,11.847777777777603
9577.0,11.847777777777603
9578.0,11.847777777777603
9579.0,11.847777777777603
9580.0,11.847777777777603
9581.0,11.847777777777603
9582.0,11.847777777777603
9583.0,11.847777777777603
9584.0,11.847777777777603
9585.0,11.847777777777603
9586.0,11.854999999999825
9587.0,11.862222222222046
9588.0,11.869444444444268
9589.0,11.87666666666649
9590.0,11.88388888888871
9591.0,11.891111111110932
9592.0,11.898333333333154
9593.0,11.905555555555376
9594.0,11.912777777777597
9595.0,11.919999999999819
9596.0,11.92722222222204
9597.0,11.934444444444262
9598.0,11.941666666666483
9599.0,11.948888888888705
9600.0,11.956111111110927
9601.0,11.963333333333148
9602.0,11.97055555555537
9603.0,11.977777777777591
9604.0,11.984999999999813
9605.0,11.992222222222034
9606.0,11.999444444444256
9607.0,12.006666666666478
9608.0,12.0138888888887
9609.0,12.02111111111092
9610.0,12.028333333333142
9611.0,12.035555555555364
9612.0,12.042777777777586
9613.0,12.049999999999807
9614.0,12.057222222222029
9615.0,12.06444444444425
9616.0,12.071666666666472
9617.0,12.078888888888693
9618.0,12.086111111110915
9619.0,12.093333333333137
9620.0,12.100555555555358
9621.0,12.10777777777758
9622.0,12.114999999999801
9623.0,12.122222222222023
9624.0,12.129444444444244
9625.0,12.136666666666466
9626.0,12.143888888888688
9627.0,12.15111111111091
9628.0,12.15833333333313
9629.0,12.165555555555352
9630.0,12.172777777777574
9631.0,12.179999999999795
9632.0,12.187222222222017
9633.0,12.194444444444239
9634.0,12.20166666666646
9635.0,12.208888888888682
9636.0,12.216111111110903
9637.0,12.223333333333125
9638.0,12.230555555555346
9639.0,12.237777777777568
9640.0,12.24499999999979
9641.0,12.252222222222011
9642.0,12.259444444444233
9643.0,12.266666666666454
9644.0,12.273888888888676
9645.0,12.281111111110897
9646.0,12.288333333333119
9647.0,12.29555555555534
9648.0,12.302777777777562
9649.0,12.309999999999784
9650.0,12.317222222222005
9651.0,12.324444444444227
9652.0,12.331666666666449
9653.0,12.33888888888867
9654.0,12.346111111110892
9655.0,12.353333333333113
9656.0,12.360555555555335
9657.0,12.367777777777556
9658.0,12.374999999999778
9659.0,12.382222222222
9660.0,12.389444444444221
9661.0,12.396666666666443
9662.0,12.403888888888664
9663.0,12.411111111110886
9664.0,12.418333333333107
9665.0,12.425555555555329
9666.0,12.43277777777755
9667.0,12.439999999999772
9668.0,12.447222222221994
9669.0,12.454444444444215
9670.0,12.461666666666437
9671.0,12.468888888888658
9672.0,12.47611111111088
9673.0,12.483333333333102
9674.0,12.490555555555323
9675.0,12.497777777777545
9676.0,12.497777777777545
9677.0,12.497777777777545
9678.0,12.497777777777545
9679.0,12.497777777777545
9680.0,12.497777777777545
9681.0,12.497777777777545
9682.0,12.497777777777545
9683.0,12.497777777777545
9684.0,12.497777777777545
9685.0,12.497777777777545
9686.0,12.497777777777545
9687.0,12.497777777777545
9688.0,12.497777777777545
9689.0,12.497777777777545
9690.0,12.497777777777545
9691.0,12.497777777777545
9692.0,12.497777777777545
9693.0,12.497777777777545
9694.0,12.497777777777545
9695.0,12.497777777777545
9696.0,12.497777777777545
9697.0,12.497777777777545
9698.0,12.497777777777545
9699.0,12.497777777777545
9700.0,12.497777777777545
9701.0,12.497777777777545
9702.0,12.497777777777545
9703.0,12.497777777777545
9704.0,12.497777777777545
9705.0,12.497777777777545
9706.0,12.497777777777545
9707.0,12.497777777777545
9708.0,12.497777777777545
9709.0,12.497777777777545
9710.0,12.497777777777545
9711.0,12.497777777777545
9712.0,12.497777777777545
9713.0,12.497777777777545
9714.0,12.497777777777545
9715.0,12.497777777777545
9716.0,12.497777777777545
9717.0,12.497777777777545
9718.0,12.497777777777545
9719.0,12.497777777777545
9720.0,12.497777777777545
9721.0,12.497777777777545
9722.0,12.497777777777545
9723.0,12.497777777777545
9724.0,12.497777777777545
9725.0,12.497777777777545
9726.0,12.497777777777545
9727.0,12.497777777777545
9728.0,12.497777777777545
9729.0,12.497777777777545
9730.0,12.497777777777545
9731.0,12.497777777777545
9732.0,12.497777777777545
9733.0,12.497777777777545
9734.0,12.497777777777545
9735.0,12.504999999999766
9736.0,12.512222222221988
9737.0,12.51944444444421
9738.0,12.526666666666431
9739.0,12.533888888888653
9740.0,12.541111111110874
9741.0,12.548333333333096
9742.0,12.555555555555317
9743.0,12.562777777777539
9744.0,12.56999999999976
9745.0,12.577222222221982
9746.0,12.584444444444204
9747.0,12.591666666666425
9748.0,12.598888888888647
9749.0,12.606111111110868
9750.0,12.61333333333309
9751.0,12.620555555555311
9752.0,12.627777777777533
9753.0,12.634999999999755
9754.0,12.642222222221976
9755.0,12.649444444444198
9756.0,12.65666666666642
9757.0,12.663888888888641
9758.0,12.671111111110863
9759.0,12.678333333333084
9760.0,12.685555555555306
9761.0,12.692777777777527
9762.0,12.699999999999749
9763.0,12.70722222222197
9764.0,12.714444444444192
9765.0,12.721666666666414
9766.0,12.728888888888635
9767.0,12.736111111110857
9768.0,12.743333333333078
9769.0,12.7505555555553
9770.0,12.757777777777521
9771.0,12.764999999999743
9772.0,12.772222222221965
9773.0,12.779444444444186
9774.0,12.786666666666408
9775.0,12.79388888888863
9776.0,12.80111111111085
9777.0,12.808333333333072
9778.0,12.815555555555294
9779.0,12.822777777777516
9780.0,12.829999999999737
9781.0,12.837222222221959
9782.0,12.84444444444418
9783.0,12.851666666666402
9784.0,12.858888888888623
9785.0,12.866111111110845
9786.0,12.873333333333067
9787.0,12.880555555555288
9788.0,12.88777777777751
9789.0,12.894999999999731
9790.0,12.902222222221953
9791.0,12.909444444444174
9792.0,12.916666666666396
9793.0,12.923888888888618
9794.0,12.93111111111084
9795.0,12.93833333333306
9796.0,12.945555555555282
9797.0,12.952777777777504
9798.0,12.959999999999726
9799.0,12.967222222221947
9800.0,12.974444444444169
9801.0,12.98166666666639
9802.0,12.988888888888612
9803.0,12.996111111110833
9804.0,13.003333333333055
9805.0,13.010555555555277
9806.0,13.017777777777498
9807.0,13.02499999999972
9808.0,13.032222222221941
9809.0,13.039444444444163
9810.0,13.046666666666384
9811.0,13.053888888888606
9812.0,13.061111111110828
9813.0,13.06833333333305
9814.0,13.07555555555527
9815.0,13.082777777777492
9816.0,13.089999999999714
9817.0,13.097222222221935
9818.0,13.104444444444157
9819.0,13.111666666666379
9820.0,13.1188888888886
9821.0,13.126111111110822
9822.0,13.133333333333043
9823.0,13.140555555555265
9824.0,13.147777777777486
9825.0,13.154999999999708
9826.0,13.16222222222193
9827.0,13.169444444444151
9828.0,13.176666666666373
9829.0,13.183888888888594
9830.0,13.191111111110816
9831.0,13.198333333333037
9832.0,13.205555555555259
9833.0,13.21277777777748
9834.0,13.219999999999702
9835.0,13.227222222221924
9836.0,13.234444444444145
9837.0,13.241666666666367
9838.0,13.248888888888589
9839.0,13.25611111111081
9840.0,13.263333333333032
9841.0,13.270555555555253
9842.0,13.277777777777475
9843.0,13.284999999999696
9844.0,13.284999999999696
9845.0,13.284999999999696
9846.0,13.284999999999696
9847.0,13.284999999999696
9848.0,13.284999999999696
9849.0,13.284999999999696
9850.0,13.284999999999696
9851.0,13.284999999999696
9852.0,13.284999999999696
9853.0,13.292222222221918
9854.0,13.29944444444414
9855.0,13.306666666666361
9856.0,13.313888888888583
9857.0,13.321111111110804
9858.0,13.328333333333026
9859.0,13.335555555555247
9860.0,13.342777777777469
9861.0,13.34999999999969
9862.0,13.357222222221912
9863.0,13.364444444444134
9864.0,13.371666666666355
9865.0,13.378888888888577
9866.0,13.386111111110798
9867.0,13.39333333333302
9868.0,13.400555555555242
9869.0,13.407777777777463
9870.0,13.414999999999685
9871.0,13.422222222221906
9872.0,13.429444444444128
9873.0,13.43666666666635
9874.0,13.443888888888571
9875.0,13.451111111110793
9876.0,13.458333333333014
9877.0,13.465555555555236
9878.0,13.472777777777457
9879.0,13.479999999999679
9880.0,13.4872222222219
9881.0,13.494444444444122
9882.0,13.501666666666344
9883.0,13.508888888888565
9884.0,13.516111111110787
9885.0,13.523333333333008
9886.0,13.53055555555523
9887.0,13.537777777777452
9888.0,13.544999999999673
9889.0,13.552222222221895
9890.0,13.559444444444116
9891.0,13.566666666666338
9892.0,13.57388888888856
9893.0,13.581111111110781
9894.0,13.588333333333003
9895.0,13.595555555555224
9896.0,13.602777777777446
9897.0,13.609999999999667
9898.0,13.617222222221889
9899.0,13.62444444444411
9900.0,13.631666666666332
9901.0,13.638888888888554
9902.0,13.646111111110775
9903.0,13.653333333332997
9904.0,13.660555555555218
9905.0,13.66777777777744
9906.0,13.674999999999661
9907.0,13.682222222221883
9908.0,13.689444444444105
9909.0,13.696666666666326
9910.0,13.696666666666326
9911.0,13.696666666666326
9912.0,13.696666666666326
9913.0,13.696666666666326
9914.0,13.696666666666326
9915.0,13.696666666666326
9916.0,13.696666666666326
9917.0,13.696666666666326
9918.0,13.696666666666326
9919.0,13.696666666666326
9920.0,13.696666666666326
9921.0,13.696666666666326
9922.0,13.696666666666326
9923.0,13.696666666666326
9924.0,13.696666666666326
9925.0,13.696666666666326
9926.0,13.696666666666326
9927.0,13.696666666666326
9928.0,13.696666666666326
9929.0,13.696666666666326
9930.0,13.696666666666326
9931.0,13.696666666666326
9932.0,13.696666666666326
9933.0,13.696666666666326
9934.0,13.696666666666326
9935.0,13.696666666666326
9936.0,13.696666666666326
9937.0,13.696666666666326
9938.0,13.696666666666326
9939.0,13.696666666666326
9940.0,13.696666666666326
9941.0,13.696666666666326
9942.0,13.696666666666326
9943.0,13.696666666666326
9944.0,13.696666666666326
9945.0,13.696666666666326
9946.0,13.696666666666326
9947.0,13.696666666666326
9948.0,13.696666666666326
9949.0,13.696666666666326
9950.0,13.696666666666326
9951.0,13.696666666666326
9952.0,13.696666666666326
9953.0,13.696666666666326
9954.0,13.696666666666326
9955.0,13.696666666666326
9956.0,13.696666666666326
9957.0,13.696666666666326
9958.0,13.696666666666326
9959.0,13.696666666666326
9960.0,13.696666666666326
9961.0,13.696666666666326
9962.0,13.696666666666326
9963.0,13.696666666666326
9964.0,13.696666666666326
9965.0,13.696666666666326
9966.0,13.696666666666326
9967.0,13.696666666666326
9968.0,13.696666666666326
9969.0,13.696666666666326
9970.0,13.696666666666326
9971.0,13.696666666666326
9972.0,13.696666666666326
9973.0,13.696666666666326
9974.0,13.696666666666326
9975.0,13.696666666666326
9976.0,13.696666666666326
9977.0,13.696666666666326
9978.0,13.696666666666326
9979.0,13.696666666666326
9980.0,13.696666666666326
9981.0,13.696666666666326
9982.0,13.696666666666326
9983.0,13.696666666666326
9984.0,13.696666666666326
9985.0,13.696666666666326
9986.0,13.696666666666326
9987.0,13.696666666666326
9988.0,13.696666666666326
9989.0,13.696666666666326
9990.0,13.696666666666326
9991.0,13.696666666666326
9992.0,13.696666666666326
9993.0,13.696666666666326
9994.0,13.696666666666326
9995.0,13.696666666666326
9996.0,13.696666666666326
9997.0,13.696666666666326
9998.0,13.696666666666326
9999.0,13.703888888888548
10000.0,13.71111111111077
10001.0,13.71833333333299
10002.0,13.725555555555212
10003.0,13.732777777777434
10004.0,13.739999999999656
10005.0,13.747222222221877
10006.0,13.754444444444099
10007.0,13.76166666666632
10008.0,13.768888888888542
10009.0,13.776111111110763
10010.0,13.783333333332985
10011.0,13.790555555555207
10012.0,13.797777777777428
10013.0,13.80499999999965
10014.0,13.812222222221871
10015.0,13.819444444444093
10016.0,13.826666666666314
10017.0,13.833888888888536
10018.0,13.841111111110758
10019.0,13.84833333333298
10020.0,13.8555555555552
10021.0,13.862777777777422
10022.0,13.869999999999644
10023.0,13.877222222221866
10024.0,13.884444444444087
10025.0,13.891666666666309
10026.0,13.89888888888853
10027.0,13.906111111110752
10028.0,13.913333333332973
10029.0,13.920555555555195
10030.0,13.927777777777417
10031.0,13.934999999999638
10032.0,13.94222222222186
10033.0,13.949444444444081
10034.0,13.956666666666303
10035.0,13.963888888888524
10036.0,13.971111111110746
10037.0,13.978333333332968
10038.0,13.98555555555519
10039.0,13.99277777777741
10040.0,13.999999999999632
10041.0,14.007222222221854
10042.0,14.014444444444075
10043.0,14.021666666666297
10044.0,14.028888888888519
10045.0,14.03611111111074
10046.0,14.043333333332962
10047.0,14.050555555555183
10048.0,14.057777777777405
10049.0,14.064999999999626
10050.0,14.072222222221848
10051.0,14.07944444444407
10052.0,14.086666666666291
10053.0,14.093888888888513
10054.0,14.101111111110734
10055.0,14.108333333332956
10056.0,14.115555555555177
10057.0,14.122777777777399
10058.0,14.12999999999962
10059.0,14.137222222221842
10060.0,14.144444444444064
10061.0,14.151666666666285
10062.0,14.158888888888507
10063.0,14.166111111110729
10064.0,14.17333333333295
10065.0,14.180555555555172
10066.0,14.187777777777393
10067.0,14.194999999999615
10068.0,14.202222222221836
10069.0,14.209444444444058
10070.0,14.21666666666628
10071.0,14.223888888888501
10072.0,14.231111111110723
10073.0,14.238333333332944
10074.0,14.238333333332944
10075.0,14.238333333332944
10076.0,14.238333333332944
10077.0,14.238333333332944
10078.0,14.238333333332944
10079.0,14.238333333332944
10080.0,14.238333333332944
10081.0,14.238333333332944
10082.0,14.238333333332944
10083.0,14.238333333332944
10084.0,14.238333333332944
10085.0,14.238333333332944
10086.0,14.238333333332944
10087.0,14.238333333332944
10088.0,14.238333333332944
10089.0,14.238333333332944
10090.0,14.238333333332944
10091.0,14.238333333332944
10092.0,14.238333333332944
10093.0,14.238333333332944
10094.0,14.238333333332944
10095.0,14.238333333332944
10096.0,14.238333333332944
10097.0,14.238333333332944
10098.0,14.238333333332944
10099.0,14.238333333332944
10100.0,14.238333333332944
10101.0,14.238333333332944
10102.0,14.238333333332944
10103.0,14.238333333332944
10104.0,14.238333333332944
10105.0,14.238333333332944
10106.0,14.238333333332944
10107.0,14.238333333332944
10108.0,14.238333333332944
10109.0,14.238333333332944
10110.0,14.238333333332944
10111.0,14.238333333332944
10112.0,14.238333333332944
10113.0,14.238333333332944
10114.0,14.238333333332944
10115.0,14.238333333332944
10116.0,14.238333333332944
10117.0,14.238333333332944
10118.0,14.238333333332944
10119.0,14.238333333332944
10120.0,14.238333333332944
10121.0,14.238333333332944
10122.0,14.238333333332944
10123.0,14.238333333332944
10124.0,14.238333333332944
10125.0,14.238333333332944
10126.0,14.238333333332944
10127.0,14.238333333332944
10128.0,14.238333333332944
10129.0,14.238333333332944
10130.0,14.238333333332944
10131.0,14.238333333332944
10132.0,14.238333333332944
10133.0,14.238333333332944
10134.0,14.238333333332944
10135.0,14.238333333332944
10136.0,14.238333333332944
10137.0,14.238333333332944
10138.0,14.238333333332944
10139.0,14.238333333332944
10140.0,14.238333333332944
10141.0,14.238333333332944
10142.0,14.238333333332944
10143.0,14.238333333332944
10144.0,14.238333333332944
10145.0,14.238333333332944
10146.0,14.238333333332944
10147.0,14.238333333332944
10148.0,14.238333333332944
10149.0,14.238333333332944
10150.0,14.238333333332944
10151.0,14.238333333332944
10152.0,14.238333333332944
10153.0,14.238333333332944
10154.0,14.238333333332944
10155.0,14.238333333332944
10156.0,14.238333333332944
10157.0,14.238333333332944
10158.0,14.238333333332944
10159.0,14.238333333332944
10160.0,14.238333333332944
10161.0,14.238333333332944
10162.0,14.238333333332944
10163.0,14.238333333332944
10164.0,14.238333333332944
10165.0,14.238333333332944
10166.0,14.238333333332944
10167.0,14.238333333332944
10168.0,14.238333333332944
10169.0,14.238333333332944
10170.0,14.238333333332944
10171.0,14.238333333332944
10172.0,14.238333333332944
10173.0,14.238333333332944
10174.0,14.238333333332944
10175.0,14.245555555555166
10176.0,14.252777777777387
10177.0,14.259999999999609
10178.0,14.26722222222183
10179.0,14.274444444444052
10180.0,14.281666666666274
10181.0,14.288888888888495
10182.0,14.296111111110717
10183.0,14.303333333332938
10184.0,14.31055555555516
10185.0,14.317777777777382
10186.0,14.324999999999603
10187.0,14.332222222221825
10188.0,14.339444444444046
10189.0,14.346666666666268
10190.0,14.35388888888849
10191.0,14.361111111110711
10192.0,14.368333333332933
10193.0,14.375555555555154
10194.0,14.382777777777376
10195.0,14.389999999999597
10196.0,14.397222222221819
10197.0,14.40444444444404
10198.0,14.411666666666262
10199.0,14.418888888888484
10200.0,14.426111111110705
10201.0,14.433333333332927
10202.0,14.440555555555148
10203.0,14.44777777777737
10204.0,14.454999999999592
10205.0,14.462222222221813
10206.0,14.469444444444035
10207.0,14.476666666666256
10208.0,14.483888888888478
10209.0,14.4911111111107
10210.0,14.498333333332921
10211.0,14.505555555555143
10212.0,14.512777777777364
10213.0,14.519999999999586
10214.0,14.527222222221807
10215.0,14.534444444444029
10216.0,14.54166666666625
10217.0,14.548888888888472
10218.0,14.556111111110694
10219.0,14.563333333332915
10220.0,14.570555555555137
10221.0,14.577777777777358
10222.0,14.58499999999958
10223.0,14.592222222221801
10224.0,14.599444444444023
10225.0,14.606666666666245
10226.0,14.613888888888466
10227.0,14.621111111110688
10228.0,14.62833333333291
10229.0,14.63555555555513
10230.0,14.642777777777352
10231.0,14.649999999999574
10232.0,14.657222222221796
10233.0,14.664444444444017
10234.0,14.671666666666239
10235.0,14.67888888888846
10236.0,14.686111111110682
10237.0,14.693333333332903
10238.0,14.700555555555125
10239.0,14.707777777777347
10240.0,14.714999999999568
10241.0,14.72222222222179
10242.0,14.729444444444011
10243.0,14.736666666666233
10244.0,14.743888888888455
10245.0,14.751111111110676
10246.0,14.758333333332898
10247.0,14.76555555555512
10248.0,14.77277777777734
10249.0,14.779999999999562
10250.0,14.787222222221784
10251.0,14.794444444444006
10252.0,14.801666666666227
10253.0,14.808888888888449
10254.0,14.81611111111067
10255.0,14.823333333332892
10256.0,14.830555555555113
10257.0,14.837777777777335
10258.0,14.844999999999557
10259.0,14.852222222221778
10260.0,14.859444444444
10261.0,14.866666666666221
10262.0,14.866666666666221
10263.0,14.866666666666221
10264.0,14.866666666666221
10265.0,14.866666666666221
10266.0,14.866666666666221
10267.0,14.866666666666221
10268.0,14.866666666666221
10269.0,14.866666666666221
10270.0,14.866666666666221
10271.0,14.866666666666221
10272.0,14.866666666666221
10273.0,14.866666666666221
10274.0,14.866666666666221
10275.0,14.866666666666221
10276.0,14.866666666666221
10277.0,14.866666666666221
10278.0,14.866666666666221
10279.0,14.866666666666221
10280.0,14.866666666666221
10281.0,14.866666666666221
10282.0,14.866666666666221
10283.0,14.866666666666221
10284.0,14.866666666666221
10285.0,14.866666666666221
10286.0,14.866666666666221
10287.0,14.866666666666221
10288.0,14.866666666666221
10289.0,14.866666666666221
10290.0,14.866666666666221
10291.0,14.866666666666221
10292.0,14.866666666666221
10293.0,14.866666666666221
10294.0,14.866666666666221
10295.0,14.866666666666221
10296.0,14.866666666666221
10297.0,14.866666666666221
10298.0,14.866666666666221
10299.0,14.866666666666221
10300.0,14.866666666666221
10301.0,14.866666666666221
10302.0,14.866666666666221
10303.0,14.866666666666221
10304.0,14.866666666666221
10305.0,14.866666666666221
10306.0,14.866666666666221
10307.0,14.866666666666221
10308.0,14.866666666666221
10309.0,14.866666666666221
10310.0,14.866666666666221
10311.0,14.866666666666221
10312.0,14.866666666666221
10313.0,14.866666666666221
10314.0,14.866666666666221
10315.0,14.866666666666221
10316.0,14.866666666666221
10317.0,14.866666666666221
10318.0,14.866666666666221
10319.0,14.866666666666221
10320.0,14.866666666666221
10321.0,14.866666666666221
10322.0,14.866666666666221
10323.0,14.866666666666221
10324.0,14.866666666666221
10325.0,14.866666666666221
10326.0,14.866666666666221
10327.0,14.873888888888443
10328.0,14.881111111110664
10329.0,14.888333333332886
10330.0,14.895555555555108
10331.0,14.90277777777733
10332.0,14.90999999999955
10333.0,14.917222222221772
10334.0,14.924444444443994
10335.0,14.931666666666215
10336.0,14.938888888888437
10337.0,14.946111111110659
10338.0,14.95333333333288
10339.0,14.960555555555102
10340.0,14.967777777777323
10341.0,14.974999999999545
10342.0,14.982222222221766
10343.0,14.989444444443988
10344.0,14.99666666666621
10345.0,15.003888888888431
10346.0,15.011111111110653
10347.0,15.018333333332874
10348.0,15.025555555555096
10349.0,15.032777777777317
10350.0,15.039999999999539
10351.0,15.04722222222176
10352.0,15.054444444443982
10353.0,15.061666666666204
10354.0,15.068888888888425
10355.0,15.076111111110647
10356.0,15.083333333332869
10357.0,15.09055555555509
10358.0,15.097777777777312
10359.0,15.104999999999533
10360.0,15.112222222221755
10361.0,15.119444444443976
10362.0,15.126666666666198
10363.0,15.13388888888842
10364.0,15.13388888888842
10365.0,15.13388888888842
10366.0,15.13388888888842
10367.0,15.13388888888842
10368.0,15.13388888888842
10369.0,15.13388888888842
10370.0,15.13388888888842
10371.0,15.13388888888842
10372.0,15.13388888888842
10373.0,15.141111111110641
10374.0,15.148333333332863
10375.0,15.155555555555084
10376.0,15.162777777777306
10377.0,15.169999999999527
10378.0,15.177222222221749
10379.0,15.18444444444397
10380.0,15.191666666666192
10381.0,15.198888888888414
10382.0,15.206111111110635
10383.0,15.213333333332857
10384.0,15.220555555555078
10385.0,15.2277777777773
10386.0,15.234999999999522
10387.0,15.242222222221743
10388.0,15.249444444443965
10389.0,15.256666666666186
10390.0,15.263888888888408
10391.0,15.27111111111063
10392.0,15.278333333332851
10393.0,15.285555555555073
10394.0,15.292777777777294
10395.0,15.299999999999516
10396.0,15.307222222221737
10397.0,15.314444444443959
10398.0,15.32166666666618
10399.0,15.328888888888402
10400.0,15.336111111110624
10401.0,15.343333333332845
10402.0,15.350555555555067
10403.0,15.357777777777288
10404.0,15.36499999999951
10405.0,15.372222222221732
10406.0,15.379444444443953
10407.0,15.386666666666175
10408.0,15.386666666666175
10409.0,15.386666666666175
10410.0,15.386666666666175
10411.0,15.386666666666175
10412.0,15.386666666666175
10413.0,15.386666666666175
10414.0,15.386666666666175
10415.0,15.386666666666175
10416.0,15.386666666666175
10417.0,15.386666666666175
10418.0,15.386666666666175
10419.0,15.386666666666175
10420.0,15.386666666666175
10421.0,15.386666666666175
10422.0,15.386666666666175
10423.0,15.386666666666175
10424.0,15.386666666666175
10425.0,15.386666666666175
10426.0,15.386666666666175
10427.0,15.386666666666175
10428.0,15.386666666666175
10429.0,15.386666666666175
10430.0,15.386666666666175
10431.0,15.386666666666175
10432.0,15.386666666666175
10433.0,15.386666666666175
10434.0,15.386666666666175
10435.0,15.386666666666175
10436.0,15.386666666666175
10437.0,15.386666666666175
10438.0,15.386666666666175
10439.0,15.386666666666175
10440.0,15.386666666666175
10441.0,15.386666666666175
10442.0,15.386666666666175
10443.0,15.386666666666175
10444.0,15.386666666666175
10445.0,15.386666666666175
10446.0,15.386666666666175
10447.0,15.386666666666175
10448.0,15.386666666666175
10449.0,15.386666666666175
10450.0,15.393888888888396
10451.0,15.401111111110618
10452.0,15.40833333333284
10453.0,15.415555555555061
10454.0,15.422777777777283
10455.0,15.429999999999504
10456.0,15.437222222221726
10457.0,15.444444444443947
10458.0,15.451666666666169
10459.0,15.45888888888839
10460.0,15.466111111110612
10461.0,15.473333333332834
10462.0,15.480555555555055
10463.0,15.487777777777277
10464.0,15.494999999999498
10465.0,15.50222222222172
10466.0,15.509444444443941
10467.0,15.516666666666163
10468.0,15.523888888888385
10469.0,15.531111111110606
10470.0,15.538333333332828
10471.0,15.54555555555505
10472.0,15.55277777777727
10473.0,15.559999999999492
10474.0,15.567222222221714
10475.0,15.574444444443936
10476.0,15.581666666666157
10477.0,15.588888888888379
10478.0,15.5961111111106
10479.0,15.603333333332822
10480.0,15.610555555555043
10481.0,15.617777777777265
10482.0,15.624999999999487
10483.0,15.632222222221708
10484.0,15.63944444444393
10485.0,15.646666666666151
10486.0,15.653888888888373
10487.0,15.661111111110595
10488.0,15.661111111110595
10489.0,15.661111111110595
10490.0,15.661111111110595
10491.0,15.661111111110595
10492.0,15.661111111110595
10493.0,15.661111111110595
10494.0,15.661111111110595
10495.0,15.661111111110595
10496.0,15.661111111110595
10497.0,15.661111111110595
10498.0,15.661111111110595
10499.0,15.661111111110595
10500.0,15.661111111110595
10501.0,15.661111111110595
10502.0,15.661111111110595
10503.0,15.668333333332816
10504.0,15.675555555555038
10505.0,15.68277777777726
10506.0,15.68999999999948
10507.0,15.697222222221702
10508.0,15.704444444443924
10509.0,15.711666666666146
10510.0,15.718888888888367
10511.0,15.726111111110589
10512.0,15.73333333333281
10513.0,15.740555555555032
10514.0,15.747777777777253
10515.0,15.754999999999475
10516.0,15.762222222221697
10517.0,15.769444444443918
10518.0,15.77666666666614
10519.0,15.783888888888361
10520.0,15.791111111110583
10521.0,15.798333333332804
10522.0,15.805555555555026
10523.0,15.812777777777248
10524.0,15.81999999999947
10525.0,15.82722222222169
10526.0,15.834444444443912
10527.0,15.841666666666134
10528.0,15.848888888888355
10529.0,15.856111111110577
10530.0,15.863333333332799
10531.0,15.87055555555502
10532.0,15.877777777777242
10533.0,15.884999999999463
10534.0,15.892222222221685
10535.0,15.899444444443906
10536.0,15.906666666666128
10537.0,15.91388888888835
10538.0,15.921111111110571
10539.0,15.928333333332793
10540.0,15.935555555555014
10541.0,15.942777777777236
10542.0,15.949999999999458
10543.0,15.957222222221679
10544.0,15.9644444444439
10545.0,15.9644444444439
10546.0,15.9644444444439
10547.0,15.9644444444439
10548.0,15.9644444444439
10549.0,15.9644444444439
10550.0,15.9644444444439
10551.0,15.9644444444439
10552.0,15.9644444444439
10553.0,15.9644444444439
10554.0,15.9644444444439
10555.0,15.9644444444439
10556.0,15.9644444444439
10557.0,15.9644444444439
10558.0,15.9644444444439
10559.0,15.9644444444439
10560.0,15.971666666666122
10561.0,15.978888888888344
10562.0,15.986111111110565
10563.0,15.993333333332787
10564.0,16.00055555555501
10565.0,16.00777777777723
10566.0,16.014999999999453
10567.0,16.02222222222167
10568.0,16.029444444443897
10569.0,16.036666666666115
10570.0,16.04388888888834
10571.0,16.051111111110558
10572.0,16.058333333332783
10573.0,16.065555555555
10574.0,16.072777777777226
10575.0,16.079999999999444
10576.0,16.08722222222167
10577.0,16.094444444443887
10578.0,16.101666666666112
10579.0,16.10888888888833
10580.0,16.116111111110555
10581.0,16.123333333332774
10582.0,16.130555555555
10583.0,16.137777777777217
10584.0,16.144999999999442
10585.0,16.15222222222166
10586.0,16.159444444443885
10587.0,16.166666666666103
10588.0,16.173888888888328
10589.0,16.181111111110546
10590.0,16.18833333333277
10591.0,16.19555555555499
10592.0,16.202777777777214
10593.0,16.209999999999432
10594.0,16.217222222221658
10595.0,16.224444444443876
10596.0,16.2316666666661
10597.0,16.23888888888832
10598.0,16.246111111110544
10599.0,16.253333333332762
10600.0,16.260555555554987
10601.0,16.267777777777205
10602.0,16.27499999999943
10603.0,16.282222222221648
10604.0,16.289444444443873
10605.0,16.29666666666609
10606.0,16.303888888888316
10607.0,16.311111111110534
10608.0,16.31833333333276
10609.0,16.325555555554978
10610.0,16.332777777777203
10611.0,16.33999999999942
10612.0,16.33999999999942
10613.0,16.33999999999942
10614.0,16.33999999999942
10615.0,16.33999999999942
10616.0,16.33999999999942
10617.0,16.33999999999942
10618.0,16.33999999999942
10619.0,16.33999999999942
10620.0,16.33999999999942
10621.0,16.33999999999942
10622.0,16.33999999999942
10623.0,16.33999999999942
10624.0,16.33999999999942
10625.0,16.33999999999942
10626.0,16.33999999999942
10627.0,16.33999999999942
10628.0,16.33999999999942
10629.0,16.33999999999942
10630.0,16.33999999999942
10631.0,16.33999999999942
10632.0,16.33999999999942
10633.0,16.33999999999942
10634.0,16.33999999999942
10635.0,16.33999999999942
10636.0,16.33999999999942
10637.0,16.33999999999942
10638.0,16.33999999999942
10639.0,16.33999999999942
10640.0,16.33999999999942
10641.0,16.33999999999942
10642.0,16.33999999999942
10643.0,16.33999999999942
10644.0,16.33999999999942
10645.0,16.33999999999942
10646.0,16.33999999999942
10647.0,16.33999999999942
10648.0,16.33999999999942
10649.0,16.33999999999942
10650.0,16.33999999999942
10651.0,16.33999999999942
10652.0,16.33999999999942
10653.0,16.33999999999942
10654.0,16.33999999999942
10655.0,16.33999999999942
10656.0,16.33999999999942
10657.0,16.33999999999942
10658.0,16.33999999999942
10659.0,16.33999999999942
10660.0,16.33999999999942
10661.0,16.33999999999942
10662.0,16.33999999999942
10663.0,16.33999999999942
10664.0,16.33999999999942
10665.0,16.33999999999942
10666.0,16.33999999999942
10667.0,16.33999999999942
10668.0,16.33999999999942
10669.0,16.33999999999942
10670.0,16.33999999999942
10671.0,16.33999999999942
10672.0,16.33999999999942
10673.0,16.33999999999942
10674.0,16.33999999999942
10675.0,16.33999999999942
10676.0,16.33999999999942
10677.0,16.33999999999942
10678.0,16.33999999999942
10679.0,16.33999999999942
10680.0,16.33999999999942
10681.0,16.33999999999942
10682.0,16.33999999999942
10683.0,16.33999999999942
10684.0,16.33999999999942
10685.0,16.33999999999942
10686.0,16.33999999999942
10687.0,16.33999999999942
10688.0,16.33999999999942
10689.0,16.33999999999942
10690.0,16.33999999999942
10691.0,16.33999999999942
10692.0,16.33999999999942
10693.0,16.33999999999942
10694.0,16.33999999999942
10695.0,16.33999999999942
10696.0,16.33999999999942
10697.0,16.33999999999942
10698.0,16.33999999999942
10699.0,16.33999999999942
10700.0,16.33999999999942
10701.0,16.33999999999942
10702.0,16.33999999999942
10703.0,16.33999999999942
10704.0,16.33999999999942
10705.0,16.33999999999942
10706.0,16.33999999999942
10707.0,16.33999999999942
10708.0,16.33999999999942
10709.0,16.33999999999942
10710.0,16.33999999999942
10711.0,16.33999999999942
10712.0,16.33999999999942
10713.0,16.33999999999942
10714.0,16.33999999999942
10715.0,16.347222222221646
10716.0,16.354444444443864
10717.0,16.36166666666609
10718.0,16.368888888888307
10719.0,16.376111111110532
10720.0,16.38333333333275
10721.0,16.390555555554975
10722.0,16.397777777777193
10723.0,16.40499999999942
10724.0,16.412222222221637
10725.0,16.41944444444386
10726.0,16.42666666666608
10727.0,16.433888888888305
10728.0,16.441111111110523
10729.0,16.448333333332748
10730.0,16.455555555554966
10731.0,16.46277777777719
10732.0,16.46999999999941
10733.0,16.477222222221634
10734.0,16.484444444443852
10735.0,16.491666666666077
10736.0,16.498888888888295
10737.0,16.50611111111052
10738.0,16.51333333333274
10739.0,16.520555555554964
10740.0,16.52777777777718
10741.0,16.534999999999407
10742.0,16.542222222221625
10743.0,16.54944444444385
10744.0,16.556666666666068
10745.0,16.563888888888293
10746.0,16.57111111111051
10747.0,16.578333333332736
10748.0,16.585555555554954
10749.0,16.59277777777718
10750.0,16.599999999999397
10751.0,16.607222222221623
10752.0,16.61444444444384
10753.0,16.621666666666066
10754.0,16.628888888888284
10755.0,16.63611111111051
10756.0,16.643333333332727
10757.0,16.650555555554952
10758.0,16.65777777777717
10759.0,16.664999999999395
10760.0,16.672222222221613
10761.0,16.67944444444384
10762.0,16.686666666666056
10763.0,16.69388888888828
10764.0,16.7011111111105
10765.0,16.708333333332725
10766.0,16.715555555554943
10767.0,16.722777777777168
10768.0,16.729999999999386
10769.0,16.73722222222161
10770.0,16.74444444444383
10771.0,16.751666666666054
10772.0,16.758888888888272
10773.0,16.766111111110497
10774.0,16.773333333332715
10775.0,16.78055555555494
10776.0,16.78777777777716
10777.0,16.794999999999384
10778.0,16.8022222222216
10779.0,16.809444444443827
10780.0,16.816666666666045
10781.0,16.82388888888827
10782.0,16.831111111110488
10783.0,16.838333333332713
10784.0,16.84555555555493
10785.0,16.852777777777156
10786.0,16.859999999999374
10787.0,16.859999999999374
10788.0,16.859999999999374
10789.0,16.859999999999374
10790.0,16.859999999999374
10791.0,16.859999999999374
10792.0,16.859999999999374
10793.0,16.859999999999374
10794.0,16.859999999999374
10795.0,16.859999999999374
10796.0,16.859999999999374
10797.0,16.859999999999374
10798.0,16.859999999999374
10799.0,16.859999999999374
10800.0,16.859999999999374
10801.0,16.859999999999374
10802.0,16.859999999999374
10803.0,16.859999999999374
10804.0,16.859999999999374
10805.0,16.859999999999374
10806.0,16.859999999999374
10807.0,16.859999999999374
10808.0,16.859999999999374
10809.0,16.859999999999374
10810.0,16.859999999999374
10811.0,16.859999999999374
10812.0,16.859999999999374
10813.0,16.859999999999374
10814.0,16.859999999999374
10815.0,16.859999999999374
10816.0,16.859999999999374
10817.0,16.859999999999374
10818.0,16.859999999999374
10819.0,16.859999999999374
10820.0,16.859999999999374
10821.0,16.859999999999374
10822.0,16.859999999999374
10823.0,16.859999999999374
10824.0,16.859999999999374
10825.0,16.859999999999374
10826.0,16.859999999999374
10827.0,16.859999999999374
10828.0,16.859999999999374
10829.0,16.859999999999374
10830.0,16.859999999999374
10831.0,16.859999999999374
10832.0,16.859999999999374
10833.0,16.859999999999374
10834.0,16.859999999999374
10835.0,16.859999999999374
10836.0,16.859999999999374
10837.0,16.859999999999374
10838.0,16.859999999999374
10839.0,16.859999999999374
10840.0,16.859999999999374
10841.0,16.859999999999374
10842.0,16.859999999999374
10843.0,16.859999999999374
10844.0,16.859999999999374
10845.0,16.859999999999374
10846.0,16.859999999999374
10847.0,16.859999999999374
10848.0,16.859999999999374
10849.0,16.859999999999374
10850.0,16.859999999999374
10851.0,16.859999999999374
10852.0,16.859999999999374
10853.0,16.859999999999374
10854.0,16.859999999999374
10855.0,16.859999999999374
10856.0,16.859999999999374
10857.0,16.859999999999374
10858.0,16.859999999999374
10859.0,16.859999999999374
10860.0,16.859999999999374
10861.0,16.859999999999374
10862.0,16.859999999999374
10863.0,16.859999999999374
10864.0,16.859999999999374
10865.0,16.859999999999374
10866.0,16.859999999999374
10867.0,16.859999999999374
10868.0,16.8672222222216
10869.0,16.874444444443817
10870.0,16.881666666666042
10871.0,16.88888888888826
10872.0,16.896111111110486
10873.0,16.903333333332704
10874.0,16.91055555555493
10875.0,16.917777777777147
10876.0,16.924999999999372
10877.0,16.93222222222159
10878.0,16.939444444443815
10879.0,16.946666666666033
10880.0,16.953888888888258
10881.0,16.961111111110476
10882.0,16.9683333333327
10883.0,16.97555555555492
10884.0,16.982777777777144
10885.0,16.989999999999363
10886.0,16.997222222221588
10887.0,17.00444444444381
10888.0,17.01166666666603
10889.0,17.018888888888252
10890.0,17.026111111110474
10891.0,17.033333333332696
10892.0,17.040555555554917
10893.0,17.04777777777714
10894.0,17.05499999999936
10895.0,17.062222222221582
10896.0,17.069444444443803
10897.0,17.076666666666025
10898.0,17.083888888888247
10899.0,17.091111111110468
10900.0,17.09833333333269
10901.0,17.10555555555491
10902.0,17.112777777777133
10903.0,17.119999999999354
10904.0,17.127222222221576
10905.0,17.134444444443798
10906.0,17.14166666666602
10907.0,17.14888888888824
10908.0,17.156111111110462
10909.0,17.163333333332684
10910.0,17.170555555554905
10911.0,17.177777777777127
10912.0,17.18499999999935
10913.0,17.19222222222157
10914.0,17.19944444444379
10915.0,17.206666666666013
10916.0,17.213888888888235
10917.0,17.221111111110456
10918.0,17.228333333332678
10919.0,17.2355555555549
10920.0,17.24277777777712
10921.0,17.249999999999343
10922.0,17.257222222221564
10923.0,17.264444444443786
10924.0,17.271666666666007
10925.0,17.27888888888823
10926.0,17.28611111111045
10927.0,17.293333333332672
10928.0,17.300555555554894
10929.0,17.307777777777115
10930.0,17.314999999999337
10931.0,17.32222222222156
10932.0,17.32944444444378
10933.0,17.336666666666
10934.0,17.343888888888223
10935.0,17.351111111110445
10936.0,17.358333333332666
10937.0,17.365555555554888
10938.0,17.37277777777711
10939.0,17.37999999999933
10940.0,17.387222222221553
10941.0,17.394444444443774
10942.0,17.401666666665996
10943.0,17.408888888888217
10944.0,17.41611111111044
10945.0,17.42333333333266
10946.0,17.430555555554882
10947.0,17.437777777777104
10948.0,17.444999999999325
10949.0,17.452222222221547
10950.0,17.45944444444377
10951.0,17.46666666666599
10952.0,17.47388888888821
10953.0,17.481111111110433
10954.0,17.488333333332655
10955.0,17.495555555554876
10956.0,17.502777777777098
10957.0,17.50999999999932
10958.0,17.51722222222154
10959.0,17.524444444443763
10960.0,17.531666666665984
10961.0,17.538888888888206
10962.0,17.546111111110427
10963.0,17.55333333333265
10964.0,17.56055555555487
10965.0,17.567777777777092
10966.0,17.574999999999314
10967.0,17.582222222221535
10968.0,17.589444444443757
10969.0,17.59666666666598
10970.0,17.6038888888882
10971.0,17.6038888888882
10972.0,17.6038888888882
10973.0,17.6038888888882
10974.0,17.6038888888882
10975.0,17.6038888888882
10976.0,17.6038888888882
10977.0,17.6038888888882
10978.0,17.6038888888882
10979.0,17.6038888888882
10980.0,17.6038888888882
10981.0,17.6038888888882
10982.0,17.6038888888882
10983.0,17.6038888888882
10984.0,17.6038888888882
10985.0,17.6038888888882
10986.0,17.61111111111042
10987.0,17.618333333332643
10988.0,17.625555555554865
10989.0,17.632777777777086
10990.0,17.639999999999308
10991.0,17.64722222222153
10992.0,17.65444444444375
10993.0,17.661666666665973
10994.0,17.668888888888194
10995.0,17.676111111110416
10996.0,17.683333333332637
10997.0,17.69055555555486
10998.0,17.69777777777708
10999.0,17.704999999999302
11000.0,17.712222222221524
11001.0,17.719444444443745
11002.0,17.726666666665967
11003.0,17.73388888888819
11004.0,17.74111111111041
11005.0,17.74833333333263
11006.0,17.755555555554853
11007.0,17.762777777777075
11008.0,17.769999999999296
11009.0,17.777222222221518
11010.0,17.78444444444374
11011.0,17.79166666666596
11012.0,17.798888888888182
11013.0,17.806111111110404
11014.0,17.813333333332626
11015.0,17.820555555554847
11016.0,17.82777777777707
11017.0,17.83499999999929
11018.0,17.842222222221512
11019.0,17.849444444443733
11020.0,17.856666666665955
11021.0,17.863888888888177
11022.0,17.871111111110398
11023.0,17.87833333333262
11024.0,17.88555555555484
11025.0,17.892777777777063
11026.0,17.899999999999284
11027.0,17.907222222221506
11028.0,17.914444444443728
11029.0,17.92166666666595
11030.0,17.92888888888817
11031.0,17.936111111110392
11032.0,17.943333333332614
11033.0,17.950555555554836
11034.0,17.957777777777057
11035.0,17.96499999999928
11036.0,17.9722222222215
11037.0,17.9722222222215
11038.0,17.9722222222215
11039.0,17.9722222222215
11040.0,17.9722222222215
11041.0,17.9722222222215
11042.0,17.9722222222215
11043.0,17.9722222222215
11044.0,17.9722222222215
11045.0,17.9722222222215
11046.0,17.9722222222215
11047.0,17.9722222222215
11048.0,17.9722222222215
11049.0,17.9722222222215
11050.0,17.979444444443722
11051.0,17.986666666665943
11052.0,17.993888888888165
11053.0,18.001111111110387
11054.0,18.008333333332608
11055.0,18.01555555555483
11056.0,18.02277777777705
11057.0,18.029999999999273
11058.0,18.037222222221494
11059.0,18.044444444443716
11060.0,18.051666666665938
11061.0,18.05888888888816
11062.0,18.06611111111038
11063.0,18.073333333332602
11064.0,18.080555555554824
11065.0,18.087777777777045
11066.0,18.094999999999267
11067.0,18.10222222222149
11068.0,18.10944444444371
11069.0,18.11666666666593
11070.0,18.123888888888153
11071.0,18.131111111110375
11072.0,18.138333333332596
11073.0,18.145555555554818
11074.0,18.15277777777704
11075.0,18.15999999999926
11076.0,18.167222222221483
11077.0,18.174444444443704
11078.0,18.181666666665926
11079.0,18.188888888888147
11080.0,18.19611111111037
11081.0,18.20333333333259
11082.0,18.210555555554812
11083.0,18.217777777777034
11084.0,18.224999999999255
11085.0,18.232222222221477
11086.0,18.2394444444437
11087.0,18.24666666666592
11088.0,18.25388888888814
11089.0,18.261111111110363
11090.0,18.268333333332585
11091.0,18.275555555554806
11092.0,18.282777777777028
11093.0,18.28999999999925
11094.0,18.29722222222147
11095.0,18.304444444443693
11096.0,18.311666666665914
11097.0,18.318888888888136
11098.0,18.326111111110357
11099.0,18.33333333333258
11100.0,18.3405555555548
11101.0,18.347777777777022
11102.0,18.354999999999244
11103.0,18.362222222221465
11104.0,18.369444444443687
11105.0,18.37666666666591
11106.0,18.38388888888813
11107.0,18.39111111111035
11108.0,18.398333333332573
11109.0,18.405555555554795
11110.0,18.412777777777016
11111.0,18.419999999999238
11112.0,18.42722222222146
11113.0,18.43444444444368
11114.0,18.441666666665903
11115.0,18.448888888888124
11116.0,18.456111111110346
11117.0,18.463333333332567
11118.0,18.47055555555479
11119.0,18.47777777777701
11120.0,18.484999999999232
11121.0,18.492222222221454
11122.0,18.499444444443675
11123.0,18.506666666665897
11124.0,18.51388888888812
11125.0,18.52111111111034
11126.0,18.52833333333256
11127.0,18.535555555554783
11128.0,18.542777777777005
11129.0,18.549999999999226
11130.0,18.557222222221448
11131.0,18.56444444444367
11132.0,18.57166666666589
11133.0,18.578888888888113
11134.0,18.586111111110334
11135.0,18.593333333332556
11136.0,18.600555555554777
11137.0,18.607777777777
11138.0,18.61499999999922
11139.0,18.61499999999922
11140.0,18.61499999999922
11141.0,18.61499999999922
11142.0,18.61499999999922
11143.0,18.61499999999922
11144.0,18.61499999999922
11145.0,18.61499999999922
11146.0,18.61499999999922
11147.0,18.61499999999922
11148.0,18.61499999999922
11149.0,18.61499999999922
11150.0,18.61499999999922
11151.0,18.61499999999922
11152.0,18.61499999999922
11153.0,18.61499999999922
11154.0,18.61499999999922
11155.0,18.61499999999922
11156.0,18.61499999999922
11157.0,18.61499999999922
11158.0,18.61499999999922
11159.0,18.61499999999922
11160.0,18.61499999999922
11161.0,18.61499999999922
11162.0,18.61499999999922
11163.0,18.61499999999922
11164.0,18.61499999999922
11165.0,18.61499999999922
11166.0,18.61499999999922
11167.0,18.61499999999922
11168.0,18.61499999999922
11169.0,18.61499999999922
11170.0,18.61499999999922
11171.0,18.61499999999922
11172.0,18.61499999999922
11173.0,18.61499999999922
11174.0,18.61499999999922
11175.0,18.61499999999922
11176.0,18.61499999999922
11177.0,18.61499999999922
11178.0,18.61499999999922
11179.0,18.61499999999922
11180.0,18.61499999999922
11181.0,18.61499999999922
11182.0,18.61499999999922
11183.0,18.61499999999922
11184.0,18.61499999999922
11185.0,18.61499999999922
11186.0,18.61499999999922
11187.0,18.61499999999922
11188.0,18.61499999999922
11189.0,18.61499999999922
11190.0,18.61499999999922
11191.0,18.61499999999922
11192.0,18.61499999999922
11193.0,18.61499999999922
11194.0,18.61499999999922
11195.0,18.622222222221442
11196.0,18.629444444443664
11197.0,18.636666666665885
11198.0,18.643888888888107
11199.0,18.65111111111033
11200.0,18.65833333333255
11201.0,18.66555555555477
11202.0,18.672777777776993
11203.0,18.679999999999215
11204.0,18.687222222221436
11205.0,18.694444444443658
11206.0,18.70166666666588
11207.0,18.7088888888881
11208.0,18.716111111110322
11209.0,18.723333333332544
11210.0,18.730555555554766
11211.0,18.737777777776987
11212.0,18.74499999999921
11213.0,18.75222222222143
11214.0,18.759444444443652
11215.0,18.766666666665873
11216.0,18.773888888888095
11217.0,18.781111111110317
11218.0,18.788333333332538
11219.0,18.79555555555476
11220.0,18.80277777777698
11221.0,18.809999999999203
11222.0,18.817222222221424
11223.0,18.824444444443646
11224.0,18.831666666665868
11225.0,18.83888888888809
11226.0,18.84611111111031
11227.0,18.853333333332532
11228.0,18.860555555554754
11229.0,18.867777777776976
11230.0,18.874999999999197
11231.0,18.88222222222142
11232.0,18.88944444444364
11233.0,18.896666666665862
11234.0,18.903888888888083
11235.0,18.911111111110305
11236.0,18.918333333332527
11237.0,18.925555555554748
11238.0,18.93277777777697
11239.0,18.93999999999919
11240.0,18.947222222221413
11241.0,18.954444444443634
11242.0,18.961666666665856
11243.0,18.968888888888078
11244.0,18.9761111111103
11245.0,18.98333333333252
11246.0,18.990555555554742
11247.0,18.997777777776964
11248.0,19.004999999999185
11249.0,19.012222222221407
11250.0,19.01944444444363
11251.0,19.02666666666585
11252.0,19.03388888888807
11253.0,19.041111111110293
11254.0,19.048333333332515
11255.0,19.055555555554736
11256.0,19.062777777776958
11257.0,19.06999999999918
11258.0,19.0772222222214
11259.0,19.084444444443623
11260.0,19.091666666665844
11261.0,19.098888888888066
11262.0,19.106111111110287
11263.0,19.11333333333251
11264.0,19.12055555555473
11265.0,19.127777777776952
11266.0,19.134999999999174
11267.0,19.142222222221395
11268.0,19.149444444443617
11269.0,19.15666666666584
11270.0,19.16388888888806
11271.0,19.17111111111028
11272.0,19.178333333332503
11273.0,19.185555555554725
11274.0,19.192777777776946
11275.0,19.199999999999168
11276.0,19.20722222222139
11277.0,19.21444444444361
11278.0,19.221666666665833
11279.0,19.228888888888054
11280.0,19.236111111110276
11281.0,19.243333333332497
11282.0,19.25055555555472
11283.0,19.25777777777694
11284.0,19.264999999999162
11285.0,19.272222222221384
11286.0,19.279444444443605
11287.0,19.286666666665827
11288.0,19.29388888888805
11289.0,19.30111111111027
11290.0,19.30833333333249
11291.0,19.315555555554713
11292.0,19.322777777776935
11293.0,19.329999999999156
11294.0,19.337222222221378
11295.0,19.3444444444436
11296.0,19.35166666666582
11297.0,19.358888888888043
11298.0,19.366111111110264
11299.0,19.373333333332486
11300.0,19.380555555554707
11301.0,19.38777777777693
11302.0,19.39499999999915
11303.0,19.402222222221372
11304.0,19.409444444443594
11305.0,19.416666666665815
11306.0,19.423888888888037
11307.0,19.43111111111026
11308.0,19.43833333333248
11309.0,19.4455555555547
11310.0,19.452777777776923
11311.0,19.459999999999145
11312.0,19.467222222221366
11313.0,19.474444444443588
11314.0,19.48166666666581
11315.0,19.48888888888803
11316.0,19.496111111110253
11317.0,19.503333333332474
11318.0,19.510555555554696
11319.0,19.517777777776917
11320.0,19.52499999999914
11321.0,19.53222222222136
11322.0,19.539444444443582
11323.0,19.546666666665804
11324.0,19.553888888888025
11325.0,19.561111111110247
11326.0,19.56833333333247
11327.0,19.57555555555469
11328.0,19.58277777777691
11329.0,19.589999999999133
11330.0,19.597222222221355
11331.0,19.604444444443576
11332.0,19.611666666665798
11333.0,19.61888888888802
11334.0,19.62611111111024
11335.0,19.633333333332462
11336.0,19.640555555554684
11337.0,19.647777777776906
11338.0,19.654999999999127
11339.0,19.66222222222135
11340.0,19.66944444444357
11341.0,19.676666666665792
11342.0,19.683888888888013
11343.0,19.691111111110235
11344.0,19.698333333332457
11345.0,19.705555555554678
11346.0,19.7127777777769
11347.0,19.71999999999912
11348.0,19.727222222221343
11349.0,19.734444444443564
11350.0,19.741666666665786
11351.0,19.748888888888008
11352.0,19.75611111111023
11353.0,19.76333333333245
11354.0,19.770555555554672
11355.0,19.777777777776894
11356.0,19.784999999999116
11357.0,19.792222222221337
11358.0,19.79944444444356
11359.0,19.80666666666578
11360.0,19.813888888888002
11361.0,19.821111111110223
11362.0,19.828333333332445
11363.0,19.835555555554667
11364.0,19.842777777776888
11365.0,19.84999999999911
11366.0,19.85722222222133
11367.0,19.864444444443553
11368.0,19.871666666665774
11369.0,19.878888888887996
11370.0,19.886111111110218
11371.0,19.89333333333244
11372.0,19.90055555555466
11373.0,19.907777777776882
11374.0,19.914999999999104
11375.0,19.922222222221325
11376.0,19.929444444443547
11377.0,19.93666666666577
11378.0,19.94388888888799
11379.0,19.95111111111021
11380.0,19.958333333332433
11381.0,19.965555555554655
11382.0,19.972777777776876
11383.0,19.979999999999098
11384.0,19.98722222222132
11385.0,19.99444444444354
11386.0,20.001666666665763
11387.0,20.008888888887984
11388.0,20.016111111110206
11389.0,20.023333333332427
11390.0,20.03055555555465
11391.0,20.03777777777687
11392.0,20.044999999999092
11393.0,20.052222222221314
11394.0,20.059444444443535
11395.0,20.066666666665757
11396.0,20.07388888888798
11397.0,20.0811111111102
11398.0,20.08833333333242
11399.0,20.095555555554643
11400.0,20.102777777776865
11401.0,20.109999999999086
11402.0,20.117222222221308
11403.0,20.12444444444353
11404.0,20.13166666666575
11405.0,20.138888888887973
11406.0,20.146111111110194
11407.0,20.153333333332416
11408.0,20.160555555554637
11409.0,20.16777777777686
11410.0,20.17499999999908
11411.0,20.182222222221302
11412.0,20.189444444443524
11413.0,20.196666666665745
11414.0,20.203888888887967
11415.0,20.21111111111019
11416.0,20.21833333333241
11417.0,20.22555555555463
11418.0,20.232777777776853
11419.0,20.239999999999075
11420.0,20.247222222221296
11421.0,20.254444444443518
11422.0,20.26166666666574
11423.0,20.26888888888796
11424.0,20.276111111110183
11425.0,20.283333333332404
11426.0,20.290555555554626
11427.0,20.297777777776847
11428.0,20.30499999999907
11429.0,20.31222222222129
11430.0,20.319444444443512
11431.0,20.326666666665734
11432.0,20.333888888887955
11433.0,20.341111111110177
11434.0,20.3483333333324
11435.0,20.35555555555462
11436.0,20.36277777777684
11437.0,20.369999999999063
11438.0,20.377222222221285
11439.0,20.384444444443506
11440.0,20.391666666665728
11441.0,20.39888888888795
11442.0,20.40611111111017
11443.0,20.413333333332393
11444.0,20.420555555554614
11445.0,20.427777777776836
11446.0,20.427777777776836
11447.0,20.427777777776836
11448.0,20.427777777776836
11449.0,20.427777777776836
11450.0,20.427777777776836
11451.0,20.427777777776836
11452.0,20.427777777776836
11453.0,20.427777777776836
11454.0,20.427777777776836
11455.0,20.427777777776836
11456.0,20.427777777776836
11457.0,20.427777777776836
11458.0,20.427777777776836
11459.0,20.427777777776836
11460.0,20.427777777776836
11461.0,20.427777777776836
11462.0,20.427777777776836
11463.0,20.427777777776836
11464.0,20.427777777776836
11465.0,20.427777777776836
11466.0,20.427777777776836
11467.0,20.427777777776836
11468.0,20.427777777776836
11469.0,20.427777777776836
11470.0,20.427777777776836
11471.0,20.427777777776836
11472.0,20.427777777776836
11473.0,20.427777777776836
11474.0,20.427777777776836
11475.0,20.427777777776836
11476.0,20.427777777776836
11477.0,20.427777777776836
11478.0,20.427777777776836
11479.0,20.434999999999057
11480.0,20.434999999999057
11481.0,20.434999999999057
11482.0,20.434999999999057
11483.0,20.434999999999057
11484.0,20.434999999999057
11485.0,20.434999999999057
11486.0,20.434999999999057
11487.0,20.434999999999057
11488.0,20.434999999999057
11489.0,20.434999999999057
11490.0,20.434999999999057
11491.0,20.434999999999057
11492.0,20.434999999999057
11493.0,20.434999999999057
11494.0,20.434999999999057
11495.0,20.434999999999057
11496.0,20.434999999999057
11497.0,20.434999999999057
11498.0,20.44222222222128
11499.0,20.4494444444435
11500.0,20.456666666665722
11501.0,20.463888888887944
11502.0,20.471111111110165
11503.0,20.478333333332387
11504.0,20.48555555555461
11505.0,20.49277777777683
11506.0,20.49999999999905
11507.0,20.507222222221273
11508.0,20.514444444443495
11509.0,20.521666666665716
11510.0,20.528888888887938
11511.0,20.53611111111016
11512.0,20.54333333333238
11513.0,20.550555555554602
11514.0,20.557777777776824
11515.0,20.564999999999046
11516.0,20.572222222221267
11517.0,20.57944444444349
11518.0,20.58666666666571
11519.0,20.593888888887932
11520.0,20.601111111110153
11521.0,20.608333333332375
11522.0,20.615555555554597
11523.0,20.622777777776818
11524.0,20.62999999999904
11525.0,20.63722222222126
11526.0,20.644444444443483
11527.0,20.651666666665704
11528.0,20.658888888887926
11529.0,20.666111111110148
11530.0,20.67333333333237
11531.0,20.68055555555459
11532.0,20.687777777776812
11533.0,20.694999999999034
11534.0,20.702222222221256
11535.0,20.709444444443477
11536.0,20.7166666666657
11537.0,20.72388888888792
11538.0,20.731111111110142
11539.0,20.738333333332363
11540.0,20.745555555554585
11541.0,20.752777777776807
11542.0,20.759999999999028
11543.0,20.76722222222125
11544.0,20.77444444444347
11545.0,20.781666666665693
11546.0,20.788888888887914
11547.0,20.788888888887914
11548.0,20.788888888887914
11549.0,20.788888888887914
11550.0,20.788888888887914
11551.0,20.788888888887914
11552.0,20.788888888887914
11553.0,20.788888888887914
11554.0,20.788888888887914
11555.0,20.788888888887914
11556.0,20.788888888887914
11557.0,20.788888888887914
11558.0,20.788888888887914
11559.0,20.788888888887914
11560.0,20.788888888887914
11561.0,20.788888888887914
11562.0,20.788888888887914
11563.0,20.788888888887914
11564.0,20.788888888887914
11565.0,20.788888888887914
11566.0,20.788888888887914
11567.0,20.788888888887914
11568.0,20.788888888887914
11569.0,20.796111111110136
11570.0,20.803333333332358
11571.0,20.81055555555458
11572.0,20.8177777777768
11573.0,20.824999999999022
11574.0,20.832222222221244
11575.0,20.839444444443465
11576.0,20.846666666665687
11577.0,20.85388888888791
11578.0,20.86111111111013
11579.0,20.86833333333235
11580.0,20.875555555554573
11581.0,20.882777777776795
11582.0,20.889999999999016
11583.0,20.897222222221238
11584.0,20.90444444444346
11585.0,20.91166666666568
11586.0,20.918888888887903
11587.0,20.926111111110124
11588.0,20.933333333332346
11589.0,20.940555555554567
11590.0,20.94777777777679
11591.0,20.95499999999901
11592.0,20.962222222221232
11593.0,20.969444444443454
11594.0,20.976666666665675
11595.0,20.983888888887897
11596.0,20.99111111111012
11597.0,20.99833333333234
11598.0,21.00555555555456
11599.0,21.012777777776783
11600.0,21.019999999999005
11601.0,21.027222222221226
11602.0,21.034444444443448
11603.0,21.04166666666567
11604.0,21.04888888888789
11605.0,21.056111111110113
11606.0,21.063333333332334
11607.0,21.070555555554556
11608.0,21.077777777776777
11609.0,21.084999999999
11610.0,21.09222222222122
11611.0,21.099444444443442
11612.0,21.106666666665664
11613.0,21.113888888887885
11614.0,21.121111111110107
11615.0,21.12833333333233
11616.0,21.13555555555455
11617.0,21.14277777777677
11618.0,21.149999999998993
11619.0,21.157222222221215
11620.0,21.164444444443436
11621.0,21.171666666665658
11622.0,21.17888888888788
11623.0,21.1861111111101
11624.0,21.193333333332323
11625.0,21.200555555554544
11626.0,21.207777777776766
11627.0,21.214999999998987
11628.0,21.22222222222121
11629.0,21.22944444444343
11630.0,21.236666666665652
11631.0,21.243888888887874
11632.0,21.251111111110095
11633.0,21.258333333332317
11634.0,21.26555555555454
11635.0,21.27277777777676
11636.0,21.27999999999898
11637.0,21.287222222221203
11638.0,21.294444444443425
11639.0,21.301666666665646
11640.0,21.308888888887868
11641.0,21.31611111111009
11642.0,21.32333333333231
11643.0,21.330555555554533
11644.0,21.330555555554533
11645.0,21.330555555554533
11646.0,21.330555555554533
11647.0,21.330555555554533
11648.0,21.330555555554533
11649.0,21.330555555554533
11650.0,21.330555555554533
11651.0,21.330555555554533
11652.0,21.330555555554533
11653.0,21.330555555554533
11654.0,21.330555555554533
11655.0,21.330555555554533
11656.0,21.330555555554533
11657.0,21.330555555554533
11658.0,21.330555555554533
11659.0,21.330555555554533
11660.0,21.330555555554533
11661.0,21.330555555554533
11662.0,21.330555555554533
11663.0,21.330555555554533
11664.0,21.330555555554533
11665.0,21.330555555554533
11666.0,21.330555555554533
11667.0,21.330555555554533
11668.0,21.330555555554533
11669.0,21.330555555554533
11670.0,21.337777777776754
11671.0,21.344999999998976
11672.0,21.352222222221197
11673.0,21.35944444444342
11674.0,21.36666666666564
11675.0,21.373888888887862
11676.0,21.381111111110084
11677.0,21.388333333332305
11678.0,21.395555555554527
11679.0,21.40277777777675
11680.0,21.40999999999897
11681.0,21.41722222222119
11682.0,21.424444444443413
11683.0,21.431666666665635
11684.0,21.438888888887856
11685.0,21.446111111110078
11686.0,21.4533333333323
11687.0,21.46055555555452
11688.0,21.467777777776742
11689.0,21.474999999998964
11690.0,21.482222222221186
11691.0,21.489444444443407
11692.0,21.49666666666563
11693.0,21.50388888888785
11694.0,21.511111111110072
11695.0,21.518333333332293
11696.0,21.525555555554515
11697.0,21.532777777776737
11698.0,21.539999999998958
11699.0,21.54722222222118
11700.0,21.5544444444434
11701.0,21.561666666665623
11702.0,21.568888888887845
11703.0,21.576111111110066
11704.0,21.583333333332288
11705.0,21.59055555555451
11706.0,21.59777777777673
11707.0,21.604999999998952
11708.0,21.612222222221174
11709.0,21.619444444443396
11710.0,21.626666666665617
11711.0,21.63388888888784
11712.0,21.64111111111006
11713.0,21.648333333332282
11714.0,21.655555555554503
11715.0,21.662777777776725
11716.0,21.669999999998947
11717.0,21.677222222221168
11718.0,21.68444444444339
11719.0,21.69166666666561
11720.0,21.698888888887833
11721.0,21.706111111110054
11722.0,21.713333333332276
11723.0,21.720555555554498
11724.0,21.72777777777672
11725.0,21.73499999999894
11726.0,21.742222222221162
11727.0,21.749444444443384
11728.0,21.756666666665605
11729.0,21.763888888887827
11730.0,21.77111111111005
11731.0,21.77833333333227
11732.0,21.78555555555449
11733.0,21.792777777776713
11734.0,21.799999999998935
11735.0,21.807222222221156
11736.0,21.814444444443378
11737.0,21.8216666666656
11738.0,21.82888888888782
11739.0,21.836111111110043
11740.0,21.843333333332264
11741.0,21.850555555554486
11742.0,21.857777777776707
11743.0,21.86499999999893
11744.0,21.87222222222115
11745.0,21.879444444443372
11746.0,21.886666666665594
11747.0,21.893888888887815
11748.0,21.901111111110037
11749.0,21.90833333333226
11750.0,21.91555555555448
11751.0,21.9227777777767
11752.0,21.929999999998923
11753.0,21.937222222221145
11754.0,21.944444444443366
11755.0,21.951666666665588
11756.0,21.95888888888781
11757.0,21.96611111111003
11758.0,21.973333333332253
11759.0,21.980555555554474
11760.0,21.987777777776696
11761.0,21.994999999998917
11762.0,22.00222222222114
11763.0,22.00222222222114
