{"type": "FeatureCollection", "features": [{"type": "Feature", "id": "Liikennevalot_piste.45", "geometry": {"type": "Point", "coordinates": [24.88225425, 60.20157271]}, "geometry_name": "geom", "properties": {"id": 45, "numero": 27, "tyyppi": "Liikennevalot", "risteys": "Huopalahdentie/Tietokuja", "lisatiedot": "", "datanomistaja": "Helsinki/MAKA", "paivitetty_tietopalveluun": "2026-08-14"}}, {"type": "Feature", "id": "Liikennevalot_piste.2", "geometry": {"type": "Point", "coordinates": [24.84575468, 60.24367574]}, "geometry_name": "geom", "properties": {"id": 2, "numero": 815, "tyyppi": "Liikennevalot", "risteys": "Vihdintie/Konalantie/Malminkartanontie", "lisatiedot": "", "datanomistaja": "Helsinki/MAKA", "paivitetty_tietopalveluun": "2026-08-14"}}, {"type": "Feature", "id": "Liikennevalot_piste.4", "geometry": {"type": "Point", "coordinates": [24.85175778, 60.2399924]}, "geometry_name": "geom", "properties": {"id": 4, "numero": 814, "tyyppi": "Liikennevalot", "risteys": "Vihdintie/Ristipellontie", "lisatiedot": "", "datanomistaja": "Helsinki/MAKA", "paivitetty_tietopalveluun": "2026-08-14"}}, {"type": "Feature", "id": "Liikennevalot_piste.47", "geometry": {"type": "Point", "coordinates": [24.88343628, 60.19953605]}, "geometry_name": "geom", "properties": {"id": 47, "numero": 28, "tyyppi": "Liikennevalot", "risteys": "Huopalahdentie/Lokkalantie (suojatie)", "lisatiedot": "", "datanomistaja": "Helsinki/MAKA", "paivitetty_tietopalveluun": "2026-08-14"}}, {"type": "Feature", "id": "Liikennevalot_piste.6", "geometry": {"type": "Point", "coordinates": [24.85734565, 60.23656186]}, "geometry_name": "geom", "properties": {"id": 6, "numero": 812, "tyyppi": "Liikennevalot", "risteys": "Vihdintie/Ruosilantie", "lisatiedot": "", "datanomistaja": "Helsinki/MAKA", "paivitetty_tietopalveluun": "2026-08-14"}}, {"type": "Feature", "id": "Liikennevalot_piste.7", "geometry": {"type": "Point", "coordinates": [24.85960124, 60.23518229]}, "geometry_name": "geom", "properties": {"id": 7, "numero": 811, "tyyppi": "Liikennevalot", "risteys": "Vihdintie/Kehä I (pohjoisramppi)", "lisatiedot": "", "datanomistaja": "Helsinki/MAKA", "paivitetty_tietopalveluun": "2026-08-14"}}, {"type": "Feature", "id": "Liikennevalot_piste.46", "geometry": {"type": "Point", "coordinates": [24.88422151, 60.19794869]}, "geometry_name": "geom", "properties": {"id": 46, "numero": 29, "tyyppi": "Liikennevalot", "risteys": "Huopalahdentie/Perustie", "lisatiedot": "", "datanomistaja": "Helsinki/MAKA", "paivitetty_tietopalveluun": "2026-08-14"}}, {"type": "Feature", "id": "Liikennevalot_piste.9", "geometry": {"type": "Point", "coordinates": [24.84963066, 60.22843555]}, "geometry_name": "geom", "properties": {"id": 9, "numero": 826, "tyyppi": "Liikennevalot", "risteys": "Konalantie/Kokkokalliontie/Lauritsalantie", "lisatiedot": "", "datanomistaja": "Helsinki/MAKA", "paivitetty_tietopalveluun": "2026-08-14"}}, {"type": "Feature", "id": "Liikennevalot_piste.3", "geometry": {"type": "Point", "coordinates": [24.84838392, 60.24499578]}, "geometry_name": "geom", "properties": {"id": 3, "numero": 816, "tyyppi": "Liikennevalot", "risteys": "Malminkartanontie/Hankasuontie", "lisatiedot": "", "datanomistaja": "Helsinki/MAKA", "paivitetty_tietopalveluun": "2026-08-14"}}, {"type": "Feature", "id": "Liikennevalot_piste.12", "geometry": {"type": "Point", "coordinates": [24.87309429, 60.22740607]}, "geometry_name": "geom", "properties": {"id": 12, "numero": 808, "tyyppi": "Liikennevalot", "risteys": "Vihdintie/Kaupintie", "lisatiedot": "", "datanomistaja": "Helsinki/MAKA", "paivitetty_tietopalveluun": "2026-08-14"}}, {"type": "Feature", "id": "Liikennevalot_piste.16", "geometry": {"type": "Point", "coordinates": [24.84929665, 60.22473901]}, "geometry_name": "geom", "properties": {"id": 16, "numero": 831, "tyyppi": "Liikennevalot", "risteys": "Pitäjänmäentie/Henrikintie", "lisatiedot": "", "datanomistaja": "Helsinki/MAKA", "paivitetty_tietopalveluun": "2026-08-14"}}, {"type": "Feature", "id": "Liikennevalot_piste.18", "geometry": {"type": "Point", "coordinates": [24.86192753, 60.22142275]}, "geometry_name": "geom", "properties": {"id": 18, "numero": 823, "tyyppi": "Liikennevalot", "risteys": "Pitäjänmäentie/Strömbergintie/Takkatie", "lisatiedot": "", "datanomistaja": "Helsinki/MAKA", "paivitetty_tietopalveluun": "2026-08-14"}}, {"type": "Feature", "id": "Liikennevalot_piste.19", "geometry": {"type": "Point", "coordinates": [24.86968627, 60.21729212]}, "geometry_name": "geom", "properties": {"id": 19, "numero": 821, "tyyppi": "Liikennevalot", "risteys": "Pitäjänmäentie/Takomotie/Purotie", "lisatiedot": "", "datanomistaja": "Helsinki/MAKA", "paivitetty_tietopalveluun": "2026-08-14"}}, {"type": "Feature", "id": "Liikennevalot_piste.20", "geometry": {"type": "Point", "coordinates": [24.87556158, 60.21528605]}, "geometry_name": "geom", "properties": {"id": 20, "numero": 820, "tyyppi": "Liikennevalot", "risteys": "Pitäjänmäentie/Valimontie/Kuutamotie", "lisatiedot": "", "datanomistaja": "Helsinki/MAKA", "paivitetty_tietopalveluun": "2026-08-14"}}, {"type": "Feature", "id": "Liikennevalot_piste.21", "geometry": {"type": "Point", "coordinates": [24.88139312, 60.21916085]}, "geometry_name": "geom", "properties": {"id": 21, "numero": 807, "tyyppi": "Liikennevalot", "risteys": "Vihdintie/Valimonkuja", "lisatiedot": "", "datanomistaja": "Helsinki/MAKA", "paivitetty_tietopalveluun": "2026-08-14"}}, {"type": "Feature", "id": "Liikennevalot_piste.22", "geometry": {"type": "Point", "coordinates": [24.88331886, 60.21605908]}, "geometry_name": "geom", "properties": {"id": 22, "numero": 806, "tyyppi": "Liikennevalot", "risteys": "Vihdintie/Karvaamokuja", "lisatiedot": "", "datanomistaja": "Helsinki/MAKA", "paivitetty_tietopalveluun": "2026-08-14"}}, {"type": "Feature", "id": "Liikennevalot_piste.23", "geometry": {"type": "Point", "coordinates": [24.88407753, 60.21431238]}, "geometry_name": "geom", "properties": {"id": 23, "numero": 801, "tyyppi": "Liikennevalot", "risteys": "Vihdintien ympyrä/Vihdintie (pohjoinen)", "lisatiedot": "", "datanomistaja": "Helsinki/MAKA", "paivitetty_tietopalveluun": "2026-08-14"}}, {"type": "Feature", "id": "Liikennevalot_piste.28", "geometry": {"type": "Point", "coordinates": [24.87953669, 60.20910746]}, "geometry_name": "geom", "properties": {"id": 28, "numero": 22, "tyyppi": "Liikennevalot", "risteys": "Huopalahdentie/Pohjolan pysäköinti/Canonin pysäköinti", "lisatiedot": "", "datanomistaja": "Helsinki/MAKA", "paivitetty_tietopalveluun": "2026-08-14"}}, {"type": "Feature", "id": "Liikennevalot_piste.30", "geometry": {"type": "Point", "coordinates": [24.88237487, 60.2067638]}, "geometry_name": "geom", "properties": {"id": 30, "numero": 20, "tyyppi": "Liikennevalot", "risteys": "Lapinmäentie/Niemenmäentie", "lisatiedot": "", "datanomistaja": "Helsinki/MAKA", "paivitetty_tietopalveluun": "2026-08-14"}}, {"type": "Feature", "id": "Liikennevalot_piste.31", "geometry": {"type": "Point", "coordinates": [24.87987629, 60.20661869]}, "geometry_name": "geom", "properties": {"id": 31, "numero": 23, "tyyppi": "Liikennevalot", "risteys": "Huopalahdentie/Lapinmäentie/Ulvilantie (pohjoinen)", "lisatiedot": "", "datanomistaja": "Helsinki/MAKA", "paivitetty_tietopalveluun": "2026-08-14"}}, {"type": "Feature", "id": "Liikennevalot_piste.33", "geometry": {"type": "Point", "coordinates": [24.88982421, 60.20896039]}, "geometry_name": "geom", "properties": {"id": 33, "numero": 58, "tyyppi": "Liikennevalot", "risteys": "Vihdintie/Lapinmäentie", "lisatiedot": "", "datanomistaja": "Helsinki/MAKA", "paivitetty_tietopalveluun": "2026-08-14"}}, {"type": "Feature", "id": "Liikennevalot_piste.34", "geometry": {"type": "Point", "coordinates": [24.89197703, 60.20867507]}, "geometry_name": "geom", "properties": {"id": 34, "numero": 59, "tyyppi": "Liikennevalot", "risteys": "Vihdintie/Korppaanmäentie", "lisatiedot": "", "datanomistaja": "Helsinki/MAKA", "paivitetty_tietopalveluun": "2026-08-14"}}, {"type": "Feature", "id": "Liikennevalot_piste.35", "geometry": {"type": "Point", "coordinates": [24.89515843, 60.20832062]}, "geometry_name": "geom", "properties": {"id": 35, "numero": 60, "tyyppi": "Liikennevalot", "risteys": "Vihdintie/Kauppalantie", "lisatiedot": "", "datanomistaja": "Helsinki/MAKA", "paivitetty_tietopalveluun": "2026-08-14"}}, {"type": "Feature", "id": "Liikennevalot_piste.38", "geometry": {"type": "Point", "coordinates": [24.89906697, 60.20560418]}, "geometry_name": "geom", "properties": {"id": 38, "numero": 62, "tyyppi": "Liikennevalot", "risteys": "Mannerheimintie 172 (suojatie)", "lisatiedot": "", "datanomistaja": "Helsinki/MAKA", "paivitetty_tietopalveluun": "2026-08-14"}}, {"type": "Feature", "id": "Liikennevalot_piste.40", "geometry": {"type": "Point", "coordinates": [24.88066002, 60.20510307]}, "geometry_name": "geom", "properties": {"id": 40, "numero": 24, "tyyppi": "Liikennevalot", "risteys": "Huopalahdentie/Ulvilantie (eteläinen)", "lisatiedot": "", "datanomistaja": "Helsinki/MAKA", "paivitetty_tietopalveluun": "2026-08-14"}}, {"type": "Feature", "id": "Liikennevalot_piste.42", "geometry": {"type": "Point", "coordinates": [24.87263783, 60.20384199]}, "geometry_name": "geom", "properties": {"id": 42, "numero": 15, "tyyppi": "Liikennevalot", "risteys": "Ulvilantie/Professorintie (suojatie)", "lisatiedot": "", "datanomistaja": "Helsinki/MAKA", "paivitetty_tietopalveluun": "2026-08-14"}}, {"type": "Feature", "id": "Liikennevalot_piste.43", "geometry": {"type": "Point", "coordinates": [24.87402197, 60.20192999]}, "geometry_name": "geom", "properties": {"id": 43, "numero": 16, "tyyppi": "Liikennevalot", "risteys": "Professorintie/Dosentintie (suojatie)", "lisatiedot": "", "datanomistaja": "Helsinki/MAKA", "paivitetty_tietopalveluun": "2026-08-14"}}, {"type": "Feature", "id": "Liikennevalot_piste.48", "geometry": {"type": "Point", "coordinates": [24.8847713, 60.19644223]}, "geometry_name": "geom", "properties": {"id": 48, "numero": 30, "tyyppi": "Liikennevalot", "risteys": "Munkkiniemen aukio", "lisatiedot": "", "datanomistaja": "Helsinki/MAKA", "paivitetty_tietopalveluun": "2026-08-14"}}, {"type": "Feature", "id": "Liikennevalot_piste.49", "geometry": {"type": "Point", "coordinates": [24.87900955, 60.19249772]}, "geometry_name": "geom", "properties": {"id": 49, "numero": 10, "tyyppi": "Liikennevalot", "risteys": "Saunalahdentie/Ramsaynranta", "lisatiedot": "", "datanomistaja": "Helsinki/MAKA", "paivitetty_tietopalveluun": "2026-08-14"}}, {"type": "Feature", "id": "Liikennevalot_piste.50", "geometry": {"type": "Point", "coordinates": [24.89128674, 60.1947066]}, "geometry_name": "geom", "properties": {"id": 50, "numero": 17, "tyyppi": "Liikennevalot", "risteys": "Paciuksenkatu/Paciuksenkaari", "lisatiedot": "", "datanomistaja": "Helsinki/MAKA", "paivitetty_tietopalveluun": "2026-08-14"}}, {"type": "Feature", "id": "Liikennevalot_piste.51", "geometry": {"type": "Point", "coordinates": [24.89495823, 60.19311319]}, "geometry_name": "geom", "properties": {"id": 51, "numero": 31, "tyyppi": "Liikennevalot", "risteys": "Paciuksenkatu/Meilahdentie", "lisatiedot": "", "datanomistaja": "Helsinki/MAKA", "paivitetty_tietopalveluun": "2026-08-14"}}, {"type": "Feature", "id": "Liikennevalot_piste.52", "geometry": {"type": "Point", "coordinates": [24.90013262, 60.19131182]}, "geometry_name": "geom", "properties": {"id": 52, "numero": 32, "tyyppi": "Liikennevalot", "risteys": "Paciuksenkatu/Tukholmankatu", "lisatiedot": "", "datanomistaja": "Helsinki/MAKA", "paivitetty_tietopalveluun": "2026-08-14"}}, {"type": "Feature", "id": "Liikennevalot_piste.55", "geometry": {"type": "Point", "coordinates": [24.85781437, 60.18458687]}, "geometry_name": "geom", "properties": {"id": 55, "numero": 13, "tyyppi": "Liikennevalot", "risteys": "Kuusisaarentie/Kuusitorpantie (suojatie)", "lisatiedot": "", "datanomistaja": "Helsinki/MAKA", "paivitetty_tietopalveluun": "2026-08-14"}}, {"type": "Feature", "id": "Liikennevalot_piste.56", "geometry": {"type": "Point", "coordinates": [24.85038158, 60.18174377]}, "geometry_name": "geom", "properties": {"id": 56, "numero": 14, "tyyppi": "Liikennevalot", "risteys": "Kuusisaarentie/Lehtisaarentie/Liljasaarentie", "lisatiedot": "", "datanomistaja": "Helsinki/MAKA", "paivitetty_tietopalveluun": "2026-08-14"}}, {"type": "Feature", "id": "Liikennevalot_piste.57", "geometry": {"type": "Point", "coordinates": [24.90851754, 60.18512536]}, "geometry_name": "geom", "properties": {"id": 57, "numero": 38, "tyyppi": "Liikennevalot", "risteys": "Paciuksenkatu/Stenbäckinkatu/Merikannontie", "lisatiedot": "", "datanomistaja": "Helsinki/MAKA", "paivitetty_tietopalveluun": "2026-08-14"}}, {"type": "Feature", "id": "Liikennevalot_piste.59", "geometry": {"type": "Point", "coordinates": [24.9163932, 60.18523237]}, "geometry_name": "geom", "properties": {"id": 59, "numero": 40, "tyyppi": "Liikennevalot", "risteys": "Nordenskiöldin aukio", "lisatiedot": "", "datanomistaja": "Helsinki/MAKA", "paivitetty_tietopalveluun": "2026-08-14"}}, {"type": "Feature", "id": "Liikennevalot_piste.175", "geometry": {"type": "Point", "coordinates": [24.92932849, 60.19242607]}, "geometry_name": "geom", "properties": {"id": 175, "numero": 88, "tyyppi": "Liikennevalot", "risteys": "Nordenskiöldinkatu/Veturitie", "lisatiedot": "", "datanomistaja": "Helsinki/MAKA", "paivitetty_tietopalveluun": "2026-08-14"}}, {"type": "Feature", "id": "Liikennevalot_piste.5", "geometry": {"type": "Point", "coordinates": [24.85452557, 60.23828424]}, "geometry_name": "geom", "properties": {"id": 5, "numero": 813, "tyyppi": "Liikennevalot", "risteys": "Vihdintie/Ruosilanpolku", "lisatiedot": "", "datanomistaja": "Helsinki/MAKA", "paivitetty_tietopalveluun": "2026-08-14"}}, {"type": "Feature", "id": "Liikennevalot_piste.10", "geometry": {"type": "Point", "coordinates": [24.86254865, 60.23340951]}, "geometry_name": "geom", "properties": {"id": 10, "numero": 810, "tyyppi": "Liikennevalot", "risteys": "Vihdintie/Kehä I (eteläramppi)", "lisatiedot": "", "datanomistaja": "Helsinki/MAKA", "paivitetty_tietopalveluun": "2026-08-14"}}, {"type": "Feature", "id": "Liikennevalot_piste.11", "geometry": {"type": "Point", "coordinates": [24.86615905, 60.23135822]}, "geometry_name": "geom", "properties": {"id": 11, "numero": 809, "tyyppi": "Liikennevalot", "risteys": "Vihdintie/Muonamiehentie", "lisatiedot": "", "datanomistaja": "Helsinki/MAKA", "paivitetty_tietopalveluun": "2026-08-14"}}, {"type": "Feature", "id": "Liikennevalot_piste.15", "geometry": {"type": "Point", "coordinates": [24.85482903, 60.22480803]}, "geometry_name": "geom", "properties": {"id": 15, "numero": 832, "tyyppi": "Liikennevalot", "risteys": "Pitäjänmäentie/Konalantie", "lisatiedot": "", "datanomistaja": "Helsinki/MAKA", "paivitetty_tietopalveluun": "2026-08-14"}}, {"type": "Feature", "id": "Liikennevalot_piste.13", "geometry": {"type": "Point", "coordinates": [24.86877279, 60.22534934]}, "geometry_name": "geom", "properties": {"id": 13, "numero": 835, "tyyppi": "Liikennevalot", "risteys": "Kaupintie/Meijeritie", "lisatiedot": "", "datanomistaja": "Helsinki/MAKA", "paivitetty_tietopalveluun": "2026-08-14"}}, {"type": "Feature", "id": "Liikennevalot_piste.17", "geometry": {"type": "Point", "coordinates": [24.84500486, 60.22267432]}, "geometry_name": "geom", "properties": {"id": 17, "numero": 830, "tyyppi": "Liikennevalot", "risteys": "Turuntie/Mäkkylän seisake", "lisatiedot": "JK-valot", "datanomistaja": "Helsinki/MAKA", "paivitetty_tietopalveluun": "2026-08-14"}}, {"type": "Feature", "id": "Liikennevalot_piste.24", "geometry": {"type": "Point", "coordinates": [24.88323388, 60.21374114]}, "geometry_name": "geom", "properties": {"id": 24, "numero": 802, "tyyppi": "Liikennevalot", "risteys": "Vihdintien ympyrä/Pitäjänmäentie/Huopalahdentie", "lisatiedot": "", "datanomistaja": "Helsinki/MAKA", "paivitetty_tietopalveluun": "2026-08-14"}}, {"type": "Feature", "id": "Liikennevalot_piste.26", "geometry": {"type": "Point", "coordinates": [24.8855864, 60.21306812]}, "geometry_name": "geom", "properties": {"id": 26, "numero": 804, "tyyppi": "Liikennevalot", "risteys": "Vihdintien ympyrä/Vihdintie (eteläinen)", "lisatiedot": "", "datanomistaja": "Helsinki/MAKA", "paivitetty_tietopalveluun": "2026-08-14"}}, {"type": "Feature", "id": "Liikennevalot_piste.25", "geometry": {"type": "Point", "coordinates": [24.8854313, 60.21415631]}, "geometry_name": "geom", "properties": {"id": 25, "numero": 805, "tyyppi": "Liikennevalot", "risteys": "Vihdintien ympyrä/Eliel Saarisen tie/Vanha Turun maantie", "lisatiedot": "", "datanomistaja": "Helsinki/MAKA", "paivitetty_tietopalveluun": "2026-08-14"}}, {"type": "Feature", "id": "Liikennevalot_piste.37", "geometry": {"type": "Point", "coordinates": [24.90327124, 60.20804543]}, "geometry_name": "geom", "properties": {"id": 37, "numero": 380, "tyyppi": "Liikennevalot", "risteys": "Hakamäentie/Kivihaantie (suojatie)", "lisatiedot": "", "datanomistaja": "Helsinki/MAKA", "paivitetty_tietopalveluun": "2026-08-14"}}, {"type": "Feature", "id": "Liikennevalot_piste.36", "geometry": {"type": "Point", "coordinates": [24.89929759, 60.20802345]}, "geometry_name": "geom", "properties": {"id": 36, "numero": 61, "tyyppi": "Liikennevalot", "risteys": "Mannerheimintie/Hakamäentie/Vihdintie", "lisatiedot": "", "datanomistaja": "Helsinki/MAKA", "paivitetty_tietopalveluun": "2026-08-14"}}, {"type": "Feature", "id": "Liikennevalot_piste.39", "geometry": {"type": "Point", "coordinates": [24.89924918, 60.2032616]}, "geometry_name": "geom", "properties": {"id": 39, "numero": 63, "tyyppi": "Liikennevalot", "risteys": "Mannerheimintie/Korppaanmäentie/Koroistentie", "lisatiedot": "", "datanomistaja": "Helsinki/MAKA", "paivitetty_tietopalveluun": "2026-08-14"}}, {"type": "Feature", "id": "Liikennevalot_piste.8", "geometry": {"type": "Point", "coordinates": [24.8468047, 60.23533871]}, "geometry_name": "geom", "properties": {"id": 8, "numero": 828, "tyyppi": "Liikennevalot", "risteys": "Konalantie/Tähkätie (suojatie)", "lisatiedot": "", "datanomistaja": "Helsinki/MAKA", "paivitetty_tietopalveluun": "2026-08-14"}}, {"type": "Feature", "id": "Liikennevalot_piste.58", "geometry": {"type": "Point", "coordinates": [24.91556921, 60.18342384]}, "geometry_name": "geom", "properties": {"id": 58, "numero": 45, "tyyppi": "Liikennevalot", "risteys": "Mechelininkatu/Rajasaarentie", "lisatiedot": "", "datanomistaja": "Helsinki/MAKA", "paivitetty_tietopalveluun": "2026-08-14"}}, {"type": "Feature", "id": "Liikennevalot_piste.54", "geometry": {"type": "Point", "coordinates": [24.86922474, 60.18711706]}, "geometry_name": "geom", "properties": {"id": 54, "numero": 12, "tyyppi": "Liikennevalot", "risteys": "Kuusisaarentie/Kuusiniementie (suojatie)", "lisatiedot": "", "datanomistaja": "Helsinki/MAKA", "paivitetty_tietopalveluun": "2026-08-14"}}, {"type": "Feature", "id": "Liikennevalot_piste.27", "geometry": {"type": "Point", "coordinates": [24.88818147, 60.21062978]}, "geometry_name": "geom", "properties": {"id": 27, "numero": 57, "tyyppi": "Liikennevalot", "risteys": "Vihdintie/Isonnevantie", "lisatiedot": "", "datanomistaja": "Helsinki/MAKA", "paivitetty_tietopalveluun": "2026-08-14"}}, {"type": "Feature", "id": "Liikennevalot_piste.32", "geometry": {"type": "Point", "coordinates": [24.8866255, 60.20846893]}, "geometry_name": "geom", "properties": {"id": 32, "numero": 56, "tyyppi": "Liikennevalot", "risteys": "Lapinmäentie/Ansaritie (suojatie)", "lisatiedot": "", "datanomistaja": "Helsinki/MAKA", "paivitetty_tietopalveluun": "2026-08-14"}}, {"type": "Feature", "id": "Liikennevalot_piste.29", "geometry": {"type": "Point", "coordinates": [24.88377541, 60.20738432]}, "geometry_name": "geom", "properties": {"id": 29, "numero": 55, "tyyppi": "Liikennevalot", "risteys": "Lapinmäentie (puiston suojatie)", "lisatiedot": "", "datanomistaja": "Helsinki/MAKA", "paivitetty_tietopalveluun": "2026-08-14"}}, {"type": "Feature", "id": "Liikennevalot_piste.41", "geometry": {"type": "Point", "coordinates": [24.88110021, 60.20369214]}, "geometry_name": "geom", "properties": {"id": 41, "numero": 25, "tyyppi": "Liikennevalot", "risteys": "Huopalahdentie/Turunväylä (menoramppi)", "lisatiedot": "", "datanomistaja": "Helsinki/MAKA", "paivitetty_tietopalveluun": "2026-08-14"}}, {"type": "Feature", "id": "Liikennevalot_piste.44", "geometry": {"type": "Point", "coordinates": [24.88167725, 60.20243769]}, "geometry_name": "geom", "properties": {"id": 44, "numero": 26, "tyyppi": "Liikennevalot", "risteys": "Huopalahdentie/Turunväylä (tuloramppi)", "lisatiedot": "", "datanomistaja": "Helsinki/MAKA", "paivitetty_tietopalveluun": "2026-08-14"}}, {"type": "Feature", "id": "Liikennevalot_piste.60", "geometry": {"type": "Point", "coordinates": [24.91271616, 60.18845296]}, "geometry_name": "geom", "properties": {"id": 60, "numero": 37, "tyyppi": "Liikennevalot", "risteys": "Topeliuksenkatu/Stenbäckinkatu/Haartmaninkatu", "lisatiedot": "", "datanomistaja": "Helsinki/MAKA", "paivitetty_tietopalveluun": "2026-08-14"}}, {"type": "Feature", "id": "Liikennevalot_piste.61", "geometry": {"type": "Point", "coordinates": [24.90713675, 60.19116297]}, "geometry_name": "geom", "properties": {"id": 61, "numero": 35, "tyyppi": "Liikennevalot", "risteys": "Tukholmankatu/Haartmaninkatu", "lisatiedot": "", "datanomistaja": "Helsinki/MAKA", "paivitetty_tietopalveluun": "2026-08-14"}}, {"type": "Feature", "id": "Liikennevalot_piste.62", "geometry": {"type": "Point", "coordinates": [24.91037217, 60.19114671]}, "geometry_name": "geom", "properties": {"id": 62, "numero": 36, "tyyppi": "Liikennevalot", "risteys": "Tukholmankatu/Topeliuksenkatu", "lisatiedot": "", "datanomistaja": "Helsinki/MAKA", "paivitetty_tietopalveluun": "2026-08-14"}}, {"type": "Feature", "id": "Liikennevalot_piste.63", "geometry": {"type": "Point", "coordinates": [24.91308405, 60.1912097]}, "geometry_name": "geom", "properties": {"id": 63, "numero": 73, "tyyppi": "Liikennevalot", "risteys": "Mannerheimintie/Tukholmankatu/Lääkärinkatu", "lisatiedot": "", "datanomistaja": "Helsinki/MAKA", "paivitetty_tietopalveluun": "2026-08-14"}}, {"type": "Feature", "id": "Liikennevalot_piste.106", "geometry": {"type": "Point", "coordinates": [24.93277075, 60.17471358]}, "geometry_name": "geom", "properties": {"id": 106, "numero": 239, "tyyppi": "Liikennevalot", "risteys": "Mannerheimintie/Finlandiatalo (suojatie)", "lisatiedot": "", "datanomistaja": "Helsinki/MAKA", "paivitetty_tietopalveluun": "2026-08-14"}}, {"type": "Feature", "id": "Liikennevalot_piste.68", "geometry": {"type": "Point", "coordinates": [24.91940739, 60.18888982]}, "geometry_name": "geom", "properties": {"id": 68, "numero": 85, "tyyppi": "Liikennevalot", "risteys": "Nordenskiöldinkatu/Urheilukatu", "lisatiedot": "", "datanomistaja": "Helsinki/MAKA", "paivitetty_tietopalveluun": "2026-08-14"}}, {"type": "Feature", "id": "Liikennevalot_piste.69", "geometry": {"type": "Point", "coordinates": [24.91852517, 60.18800526]}, "geometry_name": "geom", "properties": {"id": 69, "numero": 78, "tyyppi": "Liikennevalot", "risteys": "Mannerheimintie/Nordenskiöldinkatu", "lisatiedot": "", "datanomistaja": "Helsinki/MAKA", "paivitetty_tietopalveluun": "2026-08-14"}}, {"type": "Feature", "id": "Liikennevalot_piste.70", "geometry": {"type": "Point", "coordinates": [24.91025706, 60.19218067]}, "geometry_name": "geom", "properties": {"id": 70, "numero": 71, "tyyppi": "Liikennevalot", "risteys": "Mannerheimintie/Topeliuksenkatu", "lisatiedot": "", "datanomistaja": "Helsinki/MAKA", "paivitetty_tietopalveluun": "2026-08-14"}}, {"type": "Feature", "id": "Liikennevalot_piste.353", "geometry": {"type": "Point", "coordinates": [25.02205263, 60.23641077]}, "geometry_name": "geom", "properties": {"id": 353, "numero": 524, "tyyppi": "Liikennevalot", "risteys": "Malmin hautausmaa (suojatie)", "lisatiedot": "", "datanomistaja": "Helsinki/MAKA", "paivitetty_tietopalveluun": "2026-08-14"}}, {"type": "Feature", "id": "Liikennevalot_piste.72", "geometry": {"type": "Point", "coordinates": [24.90393263, 60.19438792]}, "geometry_name": "geom", "properties": {"id": 72, "numero": 68, "tyyppi": "Liikennevalot", "risteys": "Mannerheimintie/Lehtikuusentie/Valpurintie", "lisatiedot": "", "datanomistaja": "Helsinki/MAKA", "paivitetty_tietopalveluun": "2026-08-14"}}, {"type": "Feature", "id": "Liikennevalot_piste.73", "geometry": {"type": "Point", "coordinates": [24.90165304, 60.19536199]}, "geometry_name": "geom", "properties": {"id": 73, "numero": 67, "tyyppi": "Liikennevalot", "risteys": "Mannerheimintie/Kuusitie (suojatie)", "lisatiedot": "", "datanomistaja": "Helsinki/MAKA", "paivitetty_tietopalveluun": "2026-08-14"}}, {"type": "Feature", "id": "Liikennevalot_piste.99", "geometry": {"type": "Point", "coordinates": [24.92721543, 60.16951891]}, "geometry_name": "geom", "properties": {"id": 99, "numero": 109, "tyyppi": "Liikennevalot", "risteys": "Runeberginkatu/Eteläinen Rautatiekatu/Pohjoinen Rautatiekatu", "lisatiedot": "", "datanomistaja": "Helsinki/MAKA", "paivitetty_tietopalveluun": "2026-08-14"}}, {"type": "Feature", "id": "Liikennevalot_piste.75", "geometry": {"type": "Point", "coordinates": [24.90109667, 60.19866113]}, "geometry_name": "geom", "properties": {"id": 75, "numero": 65, "tyyppi": "Liikennevalot", "risteys": "Mannerheimintie/Kiskontie/Sanitäärinkatu", "lisatiedot": "", "datanomistaja": "Helsinki/MAKA", "paivitetty_tietopalveluun": "2026-08-14"}}, {"type": "Feature", "id": "Liikennevalot_piste.114", "geometry": {"type": "Point", "coordinates": [24.93955927, 60.17025715]}, "geometry_name": "geom", "properties": {"id": 114, "numero": 228, "tyyppi": "Liikennevalot", "risteys": "Kaivokatu/asema-aukio", "lisatiedot": "", "datanomistaja": "Helsinki/MAKA", "paivitetty_tietopalveluun": "2026-08-14"}}, {"type": "Feature", "id": "Liikennevalot_piste.110", "geometry": {"type": "Point", "coordinates": [24.93614376, 60.17122894]}, "geometry_name": "geom", "properties": {"id": 110, "numero": 231, "tyyppi": "Liikennevalot", "risteys": "Mannerheimintie/Arkadiankatu", "lisatiedot": "", "datanomistaja": "Helsinki/MAKA", "paivitetty_tietopalveluun": "2026-08-14"}}, {"type": "Feature", "id": "Liikennevalot_piste.79", "geometry": {"type": "Point", "coordinates": [24.92735774, 60.18174336]}, "geometry_name": "geom", "properties": {"id": 79, "numero": 82, "tyyppi": "Liikennevalot", "risteys": "Mannerheimintie/Helsinginkatu", "lisatiedot": "", "datanomistaja": "Helsinki/MAKA", "paivitetty_tietopalveluun": "2026-08-14"}}, {"type": "Feature", "id": "Liikennevalot_piste.81", "geometry": {"type": "Point", "coordinates": [24.9245388, 60.18048428]}, "geometry_name": "geom", "properties": {"id": 81, "numero": 98, "tyyppi": "Liikennevalot", "risteys": "Runeberginkatu/Töölönkatu", "lisatiedot": "", "datanomistaja": "Helsinki/MAKA", "paivitetty_tietopalveluun": "2026-08-14"}}, {"type": "Feature", "id": "Liikennevalot_piste.82", "geometry": {"type": "Point", "coordinates": [24.92289523, 60.17917767]}, "geometry_name": "geom", "properties": {"id": 82, "numero": 99, "tyyppi": "Liikennevalot", "risteys": "Töölöntori", "lisatiedot": "", "datanomistaja": "Helsinki/MAKA", "paivitetty_tietopalveluun": "2026-08-14"}}, {"type": "Feature", "id": "Liikennevalot_piste.83", "geometry": {"type": "Point", "coordinates": [24.92227841, 60.17715408]}, "geometry_name": "geom", "properties": {"id": 83, "numero": 101, "tyyppi": "Liikennevalot", "risteys": "Runeberginkatu/Pohjoinen Hesperiankatu", "lisatiedot": "", "datanomistaja": "Helsinki/MAKA", "paivitetty_tietopalveluun": "2026-08-14"}}, {"type": "Feature", "id": "Liikennevalot_piste.85", "geometry": {"type": "Point", "coordinates": [24.92015152, 60.18165123]}, "geometry_name": "geom", "properties": {"id": 85, "numero": 42, "tyyppi": "Liikennevalot", "risteys": "Topeliuksenkatu/Sibeliuksenkatu", "lisatiedot": "", "datanomistaja": "Helsinki/MAKA", "paivitetty_tietopalveluun": "2026-08-14"}}, {"type": "Feature", "id": "Liikennevalot_piste.86", "geometry": {"type": "Point", "coordinates": [24.91768049, 60.17672395]}, "geometry_name": "geom", "properties": {"id": 86, "numero": 90, "tyyppi": "Liikennevalot", "risteys": "Mechelininkatu/Pohjoinen Hesperiankatu", "lisatiedot": "", "datanomistaja": "Helsinki/MAKA", "paivitetty_tietopalveluun": "2026-08-14"}}, {"type": "Feature", "id": "Liikennevalot_piste.87", "geometry": {"type": "Point", "coordinates": [24.92218971, 60.17654861]}, "geometry_name": "geom", "properties": {"id": 87, "numero": 102, "tyyppi": "Liikennevalot", "risteys": "Runeberginkatu/Eteläinen Hesperiankatu/Apollonkatu", "lisatiedot": "", "datanomistaja": "Helsinki/MAKA", "paivitetty_tietopalveluun": "2026-08-14"}}, {"type": "Feature", "id": "Liikennevalot_piste.88", "geometry": {"type": "Point", "coordinates": [24.92193018, 60.17525279]}, "geometry_name": "geom", "properties": {"id": 88, "numero": 103, "tyyppi": "Liikennevalot", "risteys": "Runeberginkatu/Caloniuksenkatu/Museokatu", "lisatiedot": "", "datanomistaja": "Helsinki/MAKA", "paivitetty_tietopalveluun": "2026-08-14"}}, {"type": "Feature", "id": "Liikennevalot_piste.89", "geometry": {"type": "Point", "coordinates": [24.9181027, 60.17588402]}, "geometry_name": "geom", "properties": {"id": 89, "numero": 91, "tyyppi": "Liikennevalot", "risteys": "Mechelininkatu/Eteläinen Hesperiankatu", "lisatiedot": "", "datanomistaja": "Helsinki/MAKA", "paivitetty_tietopalveluun": "2026-08-14"}}, {"type": "Feature", "id": "Liikennevalot_piste.90", "geometry": {"type": "Point", "coordinates": [24.91851961, 60.17514509]}, "geometry_name": "geom", "properties": {"id": 90, "numero": 92, "tyyppi": "Liikennevalot", "risteys": "Mechelininkatu/Museokatu", "lisatiedot": "", "datanomistaja": "Helsinki/MAKA", "paivitetty_tietopalveluun": "2026-08-14"}}, {"type": "Feature", "id": "Liikennevalot_piste.91", "geometry": {"type": "Point", "coordinates": [24.92231947, 60.17407949]}, "geometry_name": "geom", "properties": {"id": 91, "numero": 104, "tyyppi": "Liikennevalot", "risteys": "Runeberginkatu/Tunturikatu/Ilmarinkatu", "lisatiedot": "", "datanomistaja": "Helsinki/MAKA", "paivitetty_tietopalveluun": "2026-08-14"}}, {"type": "Feature", "id": "Liikennevalot_piste.92", "geometry": {"type": "Point", "coordinates": [24.91923826, 60.17374999]}, "geometry_name": "geom", "properties": {"id": 92, "numero": 93, "tyyppi": "Liikennevalot", "risteys": "Mechelininkatu/Caloniuksenkatu", "lisatiedot": "", "datanomistaja": "Helsinki/MAKA", "paivitetty_tietopalveluun": "2026-08-14"}}, {"type": "Feature", "id": "Liikennevalot_piste.93", "geometry": {"type": "Point", "coordinates": [24.9196962, 60.17284045]}, "geometry_name": "geom", "properties": {"id": 93, "numero": 94, "tyyppi": "Liikennevalot", "risteys": "Mechelininkatu/Sammonkatu", "lisatiedot": "", "datanomistaja": "Helsinki/MAKA", "paivitetty_tietopalveluun": "2026-08-14"}}, {"type": "Feature", "id": "Liikennevalot_piste.94", "geometry": {"type": "Point", "coordinates": [24.92275738, 60.17313556]}, "geometry_name": "geom", "properties": {"id": 94, "numero": 105, "tyyppi": "Liikennevalot", "risteys": "Runeberginkatu/Sammonkatu", "lisatiedot": "", "datanomistaja": "Helsinki/MAKA", "paivitetty_tietopalveluun": "2026-08-14"}}, {"type": "Feature", "id": "Liikennevalot_piste.95", "geometry": {"type": "Point", "coordinates": [24.9235109, 60.17225243]}, "geometry_name": "geom", "properties": {"id": 95, "numero": 106, "tyyppi": "Liikennevalot", "risteys": "Runeberginkatu/Lutherinkatu", "lisatiedot": "", "datanomistaja": "Helsinki/MAKA", "paivitetty_tietopalveluun": "2026-08-14"}}, {"type": "Feature", "id": "Liikennevalot_piste.96", "geometry": {"type": "Point", "coordinates": [24.92039693, 60.17157004]}, "geometry_name": "geom", "properties": {"id": 96, "numero": 95, "tyyppi": "Liikennevalot", "risteys": "Mechelininkatu/Arkadiankatu", "lisatiedot": "", "datanomistaja": "Helsinki/MAKA", "paivitetty_tietopalveluun": "2026-08-14"}}, {"type": "Feature", "id": "Liikennevalot_piste.97", "geometry": {"type": "Point", "coordinates": [24.92437473, 60.1713839]}, "geometry_name": "geom", "properties": {"id": 97, "numero": 107, "tyyppi": "Liikennevalot", "risteys": "Runeberginkatu/Arkadiankatu", "lisatiedot": "", "datanomistaja": "Helsinki/MAKA", "paivitetty_tietopalveluun": "2026-08-14"}}, {"type": "Feature", "id": "Liikennevalot_piste.98", "geometry": {"type": "Point", "coordinates": [24.92082947, 60.16989236]}, "geometry_name": "geom", "properties": {"id": 98, "numero": 96, "tyyppi": "Liikennevalot", "risteys": "Mechelininkatu/Hietaniemenkatu", "lisatiedot": "", "datanomistaja": "Helsinki/MAKA", "paivitetty_tietopalveluun": "2026-08-14"}}, {"type": "Feature", "id": "Liikennevalot_piste.100", "geometry": {"type": "Point", "coordinates": [24.92111894, 60.16772045]}, "geometry_name": "geom", "properties": {"id": 100, "numero": 97, "tyyppi": "Liikennevalot", "risteys": "Mechelininkatu/Pohjoinen Rautatiekatu/Lapinlahdentie", "lisatiedot": "", "datanomistaja": "Helsinki/MAKA", "paivitetty_tietopalveluun": "2026-08-14"}}, {"type": "Feature", "id": "Liikennevalot_piste.101", "geometry": {"type": "Point", "coordinates": [24.92905413, 60.17004388]}, "geometry_name": "geom", "properties": {"id": 101, "numero": 110, "tyyppi": "Liikennevalot", "risteys": "Fredrikinkatu/Eteläinen Rautatiekatu/Pohjoinen Rautatiekatu", "lisatiedot": "", "datanomistaja": "Helsinki/MAKA", "paivitetty_tietopalveluun": "2026-08-14"}}, {"type": "Feature", "id": "Liikennevalot_piste.102", "geometry": {"type": "Point", "coordinates": [24.93028264, 60.17045318]}, "geometry_name": "geom", "properties": {"id": 102, "numero": 111, "tyyppi": "Liikennevalot", "risteys": "Eteläinen Rautatiekatu/Pohjoinen Rautatiekatu/Jaakonkatu", "lisatiedot": "", "datanomistaja": "Helsinki/MAKA", "paivitetty_tietopalveluun": "2026-08-14"}}, {"type": "Feature", "id": "Liikennevalot_piste.104", "geometry": {"type": "Point", "coordinates": [24.93488595, 60.17243844]}, "geometry_name": "geom", "properties": {"id": 104, "numero": 237, "tyyppi": "Liikennevalot", "risteys": "Mannerheimintie/Pohjoinen Rautatiekatu", "lisatiedot": "", "datanomistaja": "Helsinki/MAKA", "paivitetty_tietopalveluun": "2026-08-14"}}, {"type": "Feature", "id": "Liikennevalot_piste.105", "geometry": {"type": "Point", "coordinates": [24.93370535, 60.17375413]}, "geometry_name": "geom", "properties": {"id": 105, "numero": 238, "tyyppi": "Liikennevalot", "risteys": "Mannerheimintie/Töölönlahdenkatu", "lisatiedot": "", "datanomistaja": "Helsinki/MAKA", "paivitetty_tietopalveluun": "2026-08-14"}}, {"type": "Feature", "id": "Liikennevalot_piste.107", "geometry": {"type": "Point", "coordinates": [24.93104914, 60.17630761]}, "geometry_name": "geom", "properties": {"id": 107, "numero": 240, "tyyppi": "Liikennevalot", "risteys": "Mannerheimintie/Cygnaeuksenkatu", "lisatiedot": "", "datanomistaja": "Helsinki/MAKA", "paivitetty_tietopalveluun": "2026-08-14"}}, {"type": "Feature", "id": "Liikennevalot_piste.108", "geometry": {"type": "Point", "coordinates": [24.92961907, 60.17779631]}, "geometry_name": "geom", "properties": {"id": 108, "numero": 241, "tyyppi": "Liikennevalot", "risteys": "Mannerheimintie/Pohjoinen Hesperiankatu/Eteläinen Hesperiankatu", "lisatiedot": "", "datanomistaja": "Helsinki/MAKA", "paivitetty_tietopalveluun": "2026-08-14"}}, {"type": "Feature", "id": "Liikennevalot_piste.109", "geometry": {"type": "Point", "coordinates": [24.92910144, 60.17864567]}, "geometry_name": "geom", "properties": {"id": 109, "numero": 242, "tyyppi": "Liikennevalot", "risteys": "Mannerheimintie/Dunkerinkatu", "lisatiedot": "", "datanomistaja": "Helsinki/MAKA", "paivitetty_tietopalveluun": "2026-08-14"}}, {"type": "Feature", "id": "Liikennevalot_piste.111", "geometry": {"type": "Point", "coordinates": [24.93711986, 60.17079024]}, "geometry_name": "geom", "properties": {"id": 111, "numero": 230, "tyyppi": "Liikennevalot", "risteys": "Mannerheimintie/Postikatu", "lisatiedot": "", "datanomistaja": "Helsinki/MAKA", "paivitetty_tietopalveluun": "2026-08-14"}}, {"type": "Feature", "id": "Liikennevalot_piste.112", "geometry": {"type": "Point", "coordinates": [24.93897709, 60.17096078]}, "geometry_name": "geom", "properties": {"id": 112, "numero": 235, "tyyppi": "Liikennevalot", "risteys": "Postikatu/asema-aukio (suojatie)", "lisatiedot": "", "datanomistaja": "Helsinki/MAKA", "paivitetty_tietopalveluun": "2026-08-14"}}, {"type": "Feature", "id": "Liikennevalot_piste.115", "geometry": {"type": "Point", "coordinates": [24.94151421, 60.17040667]}, "geometry_name": "geom", "properties": {"id": 115, "numero": 225, "tyyppi": "Liikennevalot", "risteys": "Kaivokatu/Rautatieasema (suojatie)", "lisatiedot": "", "datanomistaja": "Helsinki/MAKA", "paivitetty_tietopalveluun": "2026-08-14"}}, {"type": "Feature", "id": "Liikennevalot_piste.116", "geometry": {"type": "Point", "coordinates": [24.94276624, 60.17043417]}, "geometry_name": "geom", "properties": {"id": 116, "numero": 227, "tyyppi": "Liikennevalot", "risteys": "Kaivokatu/Keskuskatu/Rautatientori", "lisatiedot": "", "datanomistaja": "Helsinki/MAKA", "paivitetty_tietopalveluun": "2026-08-14"}}, {"type": "Feature", "id": "Liikennevalot_piste.71", "geometry": {"type": "Point", "coordinates": [24.90628469, 60.19357315]}, "geometry_name": "geom", "properties": {"id": 71, "numero": 69, "tyyppi": "Liikennevalot", "risteys": "Mannerheimintie/Jalavatie", "lisatiedot": "", "datanomistaja": "Helsinki/MAKA", "paivitetty_tietopalveluun": "2026-08-14"}}, {"type": "Feature", "id": "Liikennevalot_piste.65", "geometry": {"type": "Point", "coordinates": [24.91644386, 60.18967808]}, "geometry_name": "geom", "properties": {"id": 65, "numero": 76, "tyyppi": "Liikennevalot", "risteys": "Mannerheimintie/Reijolankatu/Stenbäckinkatu (vaihe 1)", "lisatiedot": "", "datanomistaja": "Helsinki/MAKA", "paivitetty_tietopalveluun": "2026-08-14"}}, {"type": "Feature", "id": "Liikennevalot_piste.66", "geometry": {"type": "Point", "coordinates": [24.91830864, 60.18979544]}, "geometry_name": "geom", "properties": {"id": 66, "numero": 84, "tyyppi": "Liikennevalot", "risteys": "Reijolankatu/Urheilukatu", "lisatiedot": "", "datanomistaja": "Helsinki/MAKA", "paivitetty_tietopalveluun": "2026-08-14"}}, {"type": "Feature", "id": "Liikennevalot_piste.67", "geometry": {"type": "Point", "coordinates": [24.92066158, 60.18983]}, "geometry_name": "geom", "properties": {"id": 67, "numero": 86, "tyyppi": "Liikennevalot", "risteys": "Nordenskiöldinkatu/Reijolankatu", "lisatiedot": "", "datanomistaja": "Helsinki/MAKA", "paivitetty_tietopalveluun": "2026-08-14"}}, {"type": "Feature", "id": "Liikennevalot_piste.76", "geometry": {"type": "Point", "coordinates": [24.92190399, 60.18529946]}, "geometry_name": "geom", "properties": {"id": 76, "numero": 79, "tyyppi": "Liikennevalot", "risteys": "Mannerheimintie/Sallinkatu/Humalistonkatu", "lisatiedot": "", "datanomistaja": "Helsinki/MAKA", "paivitetty_tietopalveluun": "2026-08-14"}}, {"type": "Feature", "id": "Liikennevalot_piste.77", "geometry": {"type": "Point", "coordinates": [24.92401088, 60.18392132]}, "geometry_name": "geom", "properties": {"id": 77, "numero": 80, "tyyppi": "Liikennevalot", "risteys": "Mannerheimintie/Toivonkatu/Eino Leinon katu", "lisatiedot": "", "datanomistaja": "Helsinki/MAKA", "paivitetty_tietopalveluun": "2026-08-14"}}, {"type": "Feature", "id": "Liikennevalot_piste.78", "geometry": {"type": "Point", "coordinates": [24.92642897, 60.18237746]}, "geometry_name": "geom", "properties": {"id": 78, "numero": 81, "tyyppi": "Liikennevalot", "risteys": "Mannerheimintie/kisahalli (suojatie)", "lisatiedot": "", "datanomistaja": "Helsinki/MAKA", "paivitetty_tietopalveluun": "2026-08-14"}}, {"type": "Feature", "id": "Liikennevalot_piste.80", "geometry": {"type": "Point", "coordinates": [24.92969158, 60.18245755]}, "geometry_name": "geom", "properties": {"id": 80, "numero": 298, "tyyppi": "Liikennevalot", "risteys": "Helsinginkatu/Ooppera", "lisatiedot": "", "datanomistaja": "Helsinki/MAKA", "paivitetty_tietopalveluun": "2026-08-14"}}, {"type": "Feature", "id": "Liikennevalot_piste.113", "geometry": {"type": "Point", "coordinates": [24.93847704, 60.16989403]}, "geometry_name": "geom", "properties": {"id": 113, "numero": 229, "tyyppi": "Liikennevalot", "risteys": "Mannerheimintie/Kaivokatu/Simonkatu", "lisatiedot": "", "datanomistaja": "Helsinki/MAKA", "paivitetty_tietopalveluun": "2026-08-14"}}, {"type": "Feature", "id": "Liikennevalot_piste.117", "geometry": {"type": "Point", "coordinates": [24.94516042, 60.1706765]}, "geometry_name": "geom", "properties": {"id": 117, "numero": 226, "tyyppi": "Liikennevalot", "risteys": "Kaivokatu/Mikonkatu/Kaisaniemenkatu/Rautatientori", "lisatiedot": "", "datanomistaja": "Helsinki/MAKA", "paivitetty_tietopalveluun": "2026-08-14"}}, {"type": "Feature", "id": "Liikennevalot_piste.84", "geometry": {"type": "Point", "coordinates": [24.91592711, 60.18047631]}, "geometry_name": "geom", "properties": {"id": 84, "numero": 46, "tyyppi": "Liikennevalot", "risteys": "Mechelininkatu/Sibeliuksenkatu", "lisatiedot": "", "datanomistaja": "Helsinki/MAKA", "paivitetty_tietopalveluun": "2026-08-14"}}, {"type": "Feature", "id": "Liikennevalot_piste.103", "geometry": {"type": "Point", "coordinates": [24.93238858, 60.17114262]}, "geometry_name": "geom", "properties": {"id": 103, "numero": 236, "tyyppi": "Liikennevalot", "risteys": "Eläinmuseon aukio", "lisatiedot": "", "datanomistaja": "Helsinki/MAKA", "paivitetty_tietopalveluun": "2026-08-14"}}, {"type": "Feature", "id": "Liikennevalot_piste.118", "geometry": {"type": "Point", "coordinates": [24.94520723, 60.17198694]}, "geometry_name": "geom", "properties": {"id": 118, "numero": 161, "tyyppi": "Liikennevalot", "risteys": "Vilhonkatu/Mikonkatu/Itäinen Teatterikuja", "lisatiedot": "", "datanomistaja": "Helsinki/MAKA", "paivitetty_tietopalveluun": "2026-08-14"}}, {"type": "Feature", "id": "Liikennevalot_piste.128", "geometry": null, "geometry_name": "geom", "properties": {"id": 128, "numero": 405, "tyyppi": "Liikennevalot", "risteys": "Hämeentie/Kolmas Linja/Näkinkuja", "lisatiedot": "", "datanomistaja": "Helsinki/MAKA", "paivitetty_tietopalveluun": "2026-08-14"}}, {"type": "Feature", "id": "Liikennevalot_piste.121", "geometry": {"type": "Point", "coordinates": [24.95006266, 60.17402911]}, "geometry_name": "geom", "properties": {"id": 121, "numero": 164, "tyyppi": "Liikennevalot", "risteys": "Kaisaniemen ympyrä", "lisatiedot": "", "datanomistaja": "Helsinki/MAKA", "paivitetty_tietopalveluun": "2026-08-14"}}, {"type": "Feature", "id": "Liikennevalot_piste.181", "geometry": {"type": "Point", "coordinates": [24.9349422, 60.19818124]}, "geometry_name": "geom", "properties": {"id": 181, "numero": 363, "tyyppi": "Liikennevalot", "risteys": "Asemapäällikönkatu/Ratapihantie", "lisatiedot": "", "datanomistaja": "Helsinki/MAKA", "paivitetty_tietopalveluun": "2026-08-14"}}, {"type": "Feature", "id": "Liikennevalot_piste.546", "geometry": {"type": "Point", "coordinates": [24.97342133, 60.23100624]}, "geometry_name": "geom", "properties": {"id": 546, "numero": 852, "tyyppi": "Liikennevalot", "risteys": null, "lisatiedot": null, "datanomistaja": "Helsinki/MAKA", "paivitetty_tietopalveluun": "2026-08-14"}}, {"type": "Feature", "id": "Liikennevalot_piste.135", "geometry": {"type": "Point", "coordinates": [24.96110056, 60.18609359]}, "geometry_name": "geom", "properties": {"id": 135, "numero": 410, "tyyppi": "Liikennevalot", "risteys": "Hämeentie/Torkkelinkatu/Käenkuja", "lisatiedot": "Työnaikainen liikennevalosuunnitelma", "datanomistaja": "Helsinki/MAKA", "paivitetty_tietopalveluun": "2026-08-14"}}, {"type": "Feature", "id": "Liikennevalot_piste.485", "geometry": {"type": "Point", "coordinates": [24.93520595, 60.15509659]}, "geometry_name": "geom", "properties": {"id": 485, "numero": 258, "tyyppi": "Liikennevalot", "risteys": "Telakkakatu/Eiranranranta", "lisatiedot": null, "datanomistaja": "Helsinki/MAKA", "paivitetty_tietopalveluun": "2026-08-14"}}, {"type": "Feature", "id": "Liikennevalot_piste.486", "geometry": {"type": "Point", "coordinates": [24.96820718, 60.21602006]}, "geometry_name": "geom", "properties": {"id": 486, "numero": 389, "tyyppi": "Liikennevalot", "risteys": "Koskelantie/Kunnalliskodintie", "lisatiedot": null, "datanomistaja": "Helsinki/MAKA", "paivitetty_tietopalveluun": "2026-08-14"}}, {"type": "Feature", "id": "Liikennevalot_piste.487", "geometry": {"type": "Point", "coordinates": [24.92365453, 60.23297748]}, "geometry_name": "geom", "properties": {"id": 487, "numero": 860, "tyyppi": "Liikennevalot", "risteys": "Pirkkolantie/Lehtotie", "lisatiedot": null, "datanomistaja": "Helsinki/MAKA", "paivitetty_tietopalveluun": "2026-08-14"}}, {"type": "Feature", "id": "Liikennevalot_piste.488", "geometry": {"type": "Point", "coordinates": [24.92517709, 60.2337459]}, "geometry_name": "geom", "properties": {"id": 488, "numero": 861, "tyyppi": "Liikennevalot", "risteys": "Pirkkolantie/Maunulantie", "lisatiedot": null, "datanomistaja": "Helsinki/MAKA", "paivitetty_tietopalveluun": "2026-08-14"}}, {"type": "Feature", "id": "Liikennevalot_piste.127", "geometry": {"type": "Point", "coordinates": [24.95139991, 60.18044758]}, "geometry_name": "geom", "properties": {"id": 127, "numero": 404, "tyyppi": "Liikennevalot", "risteys": "Hämeentie/Toinen Linja/Hakaniemen torikatu", "lisatiedot": "", "datanomistaja": "Helsinki/MAKA", "paivitetty_tietopalveluun": "2026-08-14"}}, {"type": "Feature", "id": "Liikennevalot_piste.130", "geometry": {"type": "Point", "coordinates": [24.95619395, 60.18215801]}, "geometry_name": "geom", "properties": {"id": 130, "numero": 407, "tyyppi": "Liikennevalot", "risteys": "Hämeentie/Viides Linja/Haapaniemenkatu", "lisatiedot": "", "datanomistaja": "Helsinki/MAKA", "paivitetty_tietopalveluun": "2026-08-14"}}, {"type": "Feature", "id": "Liikennevalot_piste.132", "geometry": {"type": "Point", "coordinates": [24.95072195, 60.18417493]}, "geometry_name": "geom", "properties": {"id": 132, "numero": 338, "tyyppi": "Liikennevalot", "risteys": "Kallion paloasema", "lisatiedot": "", "datanomistaja": "Helsinki/MAKA", "paivitetty_tietopalveluun": "2026-08-14"}}, {"type": "Feature", "id": "Liikennevalot_piste.133", "geometry": {"type": "Point", "coordinates": [24.94488994, 60.18300793]}, "geometry_name": "geom", "properties": {"id": 133, "numero": 337, "tyyppi": "Liikennevalot", "risteys": "Toinen Linja/Ilolanpuisto (suojatie)", "lisatiedot": "", "datanomistaja": "Helsinki/MAKA", "paivitetty_tietopalveluun": "2026-08-14"}}, {"type": "Feature", "id": "Liikennevalot_piste.136", "geometry": {"type": "Point", "coordinates": [24.96165569, 60.18763258]}, "geometry_name": "geom", "properties": {"id": 136, "numero": 411, "tyyppi": "Liikennevalot", "risteys": "Hämeentie/Helsinginkatu/Vilhovuorenkatu", "lisatiedot": "Työnaikainen liikennevalosuunnitelma", "datanomistaja": "Helsinki/MAKA", "paivitetty_tietopalveluun": "2026-08-14"}}, {"type": "Feature", "id": "Liikennevalot_piste.137", "geometry": {"type": "Point", "coordinates": [24.9631263, 60.18803276]}, "geometry_name": "geom", "properties": {"id": 137, "numero": 412, "tyyppi": "Liikennevalot", "risteys": "Hämeentie/Vilhonvuorenkatu (suojatie)", "lisatiedot": "", "datanomistaja": "Helsinki/MAKA", "paivitetty_tietopalveluun": "2026-08-14"}}, {"type": "Feature", "id": "Liikennevalot_piste.489", "geometry": {"type": "Point", "coordinates": [24.93110241, 60.23406357]}, "geometry_name": "geom", "properties": {"id": 489, "numero": 879, "tyyppi": "Liikennevalot", "risteys": "Pirjontie/Pakilantie/Suursuonlaita", "lisatiedot": null, "datanomistaja": "Helsinki/MAKA", "paivitetty_tietopalveluun": "2026-08-14"}}, {"type": "Feature", "id": "Liikennevalot_piste.490", "geometry": null, "geometry_name": "geom", "properties": {"id": 490, "numero": null, "tyyppi": null, "risteys": null, "lisatiedot": null, "datanomistaja": "Helsinki/MAKA", "paivitetty_tietopalveluun": "2026-08-14"}}, {"type": "Feature", "id": "Liikennevalot_piste.140", "geometry": {"type": "Point", "coordinates": [24.96109823, 60.18989327]}, "geometry_name": "geom", "properties": {"id": 140, "numero": 331, "tyyppi": "Liikennevalot", "risteys": "Teollisuuskatu/Vääksyntie/Teollisuuspolku", "lisatiedot": "", "datanomistaja": "Helsinki/MAKA", "paivitetty_tietopalveluun": "2026-08-14"}}, {"type": "Feature", "id": "Liikennevalot_piste.141", "geometry": {"type": "Point", "coordinates": [24.96128077, 60.19191908]}, "geometry_name": "geom", "properties": {"id": 141, "numero": 333, "tyyppi": "Liikennevalot", "risteys": "Mäkelänkatu/Päijänteentie/Vallilantie", "lisatiedot": "", "datanomistaja": "Helsinki/MAKA", "paivitetty_tietopalveluun": "2026-08-14"}}, {"type": "Feature", "id": "Liikennevalot_piste.142", "geometry": {"type": "Point", "coordinates": [24.96081818, 60.19234814]}, "geometry_name": "geom", "properties": {"id": 142, "numero": 333, "tyyppi": "Liikennevalot", "risteys": "Mäkelänkatu/Päijänteentie/Vallilantie", "lisatiedot": "", "datanomistaja": "Helsinki/MAKA", "paivitetty_tietopalveluun": "2026-08-14"}}, {"type": "Feature", "id": "Liikennevalot_piste.144", "geometry": {"type": "Point", "coordinates": [24.95712248, 60.19443879]}, "geometry_name": "geom", "properties": {"id": 144, "numero": 340, "tyyppi": "Liikennevalot", "risteys": "Mäkelänkatu/Sturenkatu", "lisatiedot": "", "datanomistaja": "Helsinki/MAKA", "paivitetty_tietopalveluun": "2026-08-14"}}, {"type": "Feature", "id": "Liikennevalot_piste.145", "geometry": {"type": "Point", "coordinates": [24.95547031, 60.19528003]}, "geometry_name": "geom", "properties": {"id": 145, "numero": 341, "tyyppi": "Liikennevalot", "risteys": "Mäkelänkatu/Hattulantie/Ensi-Kodintie", "lisatiedot": "", "datanomistaja": "Helsinki/MAKA", "paivitetty_tietopalveluun": "2026-08-14"}}, {"type": "Feature", "id": "Liikennevalot_piste.146", "geometry": {"type": "Point", "coordinates": [24.95973076, 60.19583965]}, "geometry_name": "geom", "properties": {"id": 146, "numero": 310, "tyyppi": "Liikennevalot", "risteys": "Sturenkatu/Kangasalantie", "lisatiedot": "", "datanomistaja": "Helsinki/MAKA", "paivitetty_tietopalveluun": "2026-08-14"}}, {"type": "Feature", "id": "Liikennevalot_piste.147", "geometry": {"type": "Point", "coordinates": [24.96209734, 60.19695582]}, "geometry_name": "geom", "properties": {"id": 147, "numero": 315, "tyyppi": "Liikennevalot", "risteys": "Hämeentie/Sturenkatu/Violankatu", "lisatiedot": "", "datanomistaja": "Helsinki/MAKA", "paivitetty_tietopalveluun": "2026-08-14"}}, {"type": "Feature", "id": "Liikennevalot_piste.150", "geometry": {"type": "Point", "coordinates": [24.97826718, 60.19272994]}, "geometry_name": "geom", "properties": {"id": 150, "numero": 433, "tyyppi": "Liikennevalot", "risteys": "Vanha talvitie/Hermannin rantatie", "lisatiedot": "", "datanomistaja": "Helsinki/MAKA", "paivitetty_tietopalveluun": "2026-08-14"}}, {"type": "Feature", "id": "Liikennevalot_piste.151", "geometry": {"type": "Point", "coordinates": [24.9786799, 60.19036645]}, "geometry_name": "geom", "properties": {"id": 151, "numero": 432, "tyyppi": "Liikennevalot", "risteys": "Hermannin rantatie/Verkkosaarenkatu", "lisatiedot": "", "datanomistaja": "Helsinki/MAKA", "paivitetty_tietopalveluun": "2026-08-14"}}, {"type": "Feature", "id": "Liikennevalot_piste.152", "geometry": {"type": "Point", "coordinates": [24.97762582, 60.18804249]}, "geometry_name": "geom", "properties": {"id": 152, "numero": 431, "tyyppi": "Liikennevalot", "risteys": "Työpajankatu/Hermannin rantatie", "lisatiedot": "", "datanomistaja": "Helsinki/MAKA", "paivitetty_tietopalveluun": "2026-08-14"}}, {"type": "Feature", "id": "Liikennevalot_piste.153", "geometry": {"type": "Point", "coordinates": [24.97241214, 60.18821628]}, "geometry_name": "geom", "properties": {"id": 153, "numero": 430, "tyyppi": "Liikennevalot", "risteys": "Hermannin rantatie (ramppi)/Panimokatu (suojatie)", "lisatiedot": "", "datanomistaja": "Helsinki/MAKA", "paivitetty_tietopalveluun": "2026-08-14"}}, {"type": "Feature", "id": "Liikennevalot_piste.154", "geometry": {"type": "Point", "coordinates": [24.97012684, 60.18803033]}, "geometry_name": "geom", "properties": {"id": 154, "numero": 418, "tyyppi": "Liikennevalot", "risteys": "Sörnäisten rantatie/Itäväylä/Pääskylänkatu", "lisatiedot": "", "datanomistaja": "Helsinki/MAKA", "paivitetty_tietopalveluun": "2026-08-14"}}, {"type": "Feature", "id": "Liikennevalot_piste.155", "geometry": {"type": "Point", "coordinates": [24.97082805, 60.18878684]}, "geometry_name": "geom", "properties": {"id": 155, "numero": 419, "tyyppi": "Liikennevalot", "risteys": "Lautatarhankatu/Tynnyrintekijänkatu", "lisatiedot": "", "datanomistaja": "Helsinki/MAKA", "paivitetty_tietopalveluun": "2026-08-14"}}, {"type": "Feature", "id": "Liikennevalot_piste.156", "geometry": {"type": "Point", "coordinates": [24.96809418, 60.18629495]}, "geometry_name": "geom", "properties": {"id": 156, "numero": 417, "tyyppi": "Liikennevalot", "risteys": "Sörnäisten rantatie/Vilhonvuorenkatu", "lisatiedot": "", "datanomistaja": "Helsinki/MAKA", "paivitetty_tietopalveluun": "2026-08-14"}}, {"type": "Feature", "id": "Liikennevalot_piste.157", "geometry": {"type": "Point", "coordinates": [24.96598656, 60.18467761]}, "geometry_name": "geom", "properties": {"id": 157, "numero": 416, "tyyppi": "Liikennevalot", "risteys": "Sörnäisten rantatie/Parrukatu/Käenkuja", "lisatiedot": "", "datanomistaja": "Helsinki/MAKA", "paivitetty_tietopalveluun": "2026-08-14"}}, {"type": "Feature", "id": "Liikennevalot_piste.158", "geometry": {"type": "Point", "coordinates": [24.97694721, 60.18648249]}, "geometry_name": "geom", "properties": {"id": 158, "numero": 434, "tyyppi": "Liikennevalot", "risteys": "Leonkatu/Hermannin rantatie", "lisatiedot": "", "datanomistaja": "Helsinki/MAKA", "paivitetty_tietopalveluun": "2026-08-14"}}, {"type": "Feature", "id": "Liikennevalot_piste.159", "geometry": {"type": "Point", "coordinates": [24.95716213, 60.19046643]}, "geometry_name": "geom", "properties": {"id": 159, "numero": 330, "tyyppi": "Liikennevalot", "risteys": "Teollisuuskatu/Kustaankatu", "lisatiedot": "", "datanomistaja": "Helsinki/MAKA", "paivitetty_tietopalveluun": "2026-08-14"}}, {"type": "Feature", "id": "Liikennevalot_piste.160", "geometry": {"type": "Point", "coordinates": [24.95293551, 60.1894932]}, "geometry_name": "geom", "properties": {"id": 160, "numero": 328, "tyyppi": "Liikennevalot", "risteys": "Aleksis Kiven katu/Fleminginkatu", "lisatiedot": "", "datanomistaja": "Helsinki/MAKA", "paivitetty_tietopalveluun": "2026-08-14"}}, {"type": "Feature", "id": "Liikennevalot_piste.163", "geometry": {"type": "Point", "coordinates": [24.95223064, 60.19228352]}, "geometry_name": "geom", "properties": {"id": 163, "numero": 308, "tyyppi": "Liikennevalot", "risteys": "Sturenkatu/Teollisuuskatu (rampit)", "lisatiedot": "", "datanomistaja": "Helsinki/MAKA", "paivitetty_tietopalveluun": "2026-08-14"}}, {"type": "Feature", "id": "Liikennevalot_piste.164", "geometry": {"type": "Point", "coordinates": [24.9493121, 60.19064032]}, "geometry_name": "geom", "properties": {"id": 164, "numero": 306, "tyyppi": "Liikennevalot", "risteys": "Sturenkatu/Aleksis Kiven katu", "lisatiedot": "", "datanomistaja": "Helsinki/MAKA", "paivitetty_tietopalveluun": "2026-08-14"}}, {"type": "Feature", "id": "Liikennevalot_piste.165", "geometry": {"type": "Point", "coordinates": [24.94768546, 60.18974749]}, "geometry_name": "geom", "properties": {"id": 165, "numero": 305, "tyyppi": "Liikennevalot", "risteys": "Sturenkatu/Porvoonkatu/Läntinen Brahenkatu", "lisatiedot": "", "datanomistaja": "Helsinki/MAKA", "paivitetty_tietopalveluun": "2026-08-14"}}, {"type": "Feature", "id": "Liikennevalot_piste.167", "geometry": {"type": "Point", "coordinates": [24.94822431, 60.18825918]}, "geometry_name": "geom", "properties": {"id": 167, "numero": 327, "tyyppi": "Liikennevalot", "risteys": "Läntinen Brahenkatu/Kalliolanrinne (suojatie)", "lisatiedot": "", "datanomistaja": "Helsinki/MAKA", "paivitetty_tietopalveluun": "2026-08-14"}}, {"type": "Feature", "id": "Liikennevalot_piste.171", "geometry": {"type": "Point", "coordinates": [24.93398134, 60.18498496]}, "geometry_name": "geom", "properties": {"id": 171, "numero": 300, "tyyppi": "Liikennevalot", "risteys": "Helsinginkatu/Vauhtitie", "lisatiedot": "", "datanomistaja": "Helsinki/MAKA", "paivitetty_tietopalveluun": "2026-08-14"}}, {"type": "Feature", "id": "Liikennevalot_piste.124", "geometry": {"type": "Point", "coordinates": [24.95012202, 60.17687939]}, "geometry_name": "geom", "properties": {"id": 124, "numero": 400, "tyyppi": "Liikennevalot", "risteys": "Siltasaarenkatu/Pitkänsillan ranta/John Stenbergin ranta", "lisatiedot": "", "datanomistaja": "Helsinki/MAKA", "paivitetty_tietopalveluun": "2026-08-14"}}, {"type": "Feature", "id": "Liikennevalot_piste.170", "geometry": {"type": "Point", "coordinates": [24.9406463, 60.18594357]}, "geometry_name": "geom", "properties": {"id": 170, "numero": 301, "tyyppi": "Liikennevalot", "risteys": "Helsinginkatu/Sturenkatu/Kolmas Linja", "lisatiedot": "", "datanomistaja": "Helsinki/MAKA", "paivitetty_tietopalveluun": "2026-08-14"}}, {"type": "Feature", "id": "Liikennevalot_piste.169", "geometry": {"type": "Point", "coordinates": [24.94311082, 60.18696735]}, "geometry_name": "geom", "properties": {"id": 169, "numero": 302, "tyyppi": "Liikennevalot", "risteys": "Sturenkatu/Wallininkatu", "lisatiedot": "", "datanomistaja": "Helsinki/MAKA", "paivitetty_tietopalveluun": "2026-08-14"}}, {"type": "Feature", "id": "Liikennevalot_piste.168", "geometry": {"type": "Point", "coordinates": [24.94507037, 60.18819484]}, "geometry_name": "geom", "properties": {"id": 168, "numero": 303, "tyyppi": "Liikennevalot", "risteys": "Sturenkatu/Kalliolanrinne", "lisatiedot": "", "datanomistaja": "Helsinki/MAKA", "paivitetty_tietopalveluun": "2026-08-14"}}, {"type": "Feature", "id": "Liikennevalot_piste.166", "geometry": {"type": "Point", "coordinates": [24.94616276, 60.18888753]}, "geometry_name": "geom", "properties": {"id": 166, "numero": 304, "tyyppi": "Liikennevalot", "risteys": "Sturenkatu/Kirstinkatu", "lisatiedot": "", "datanomistaja": "Helsinki/MAKA", "paivitetty_tietopalveluun": "2026-08-14"}}, {"type": "Feature", "id": "Liikennevalot_piste.162", "geometry": {"type": "Point", "coordinates": [24.95218602, 60.19202988]}, "geometry_name": "geom", "properties": {"id": 162, "numero": 309, "tyyppi": "Liikennevalot", "risteys": "Teollisuuskatu/Sturenkatu (rampit)", "lisatiedot": "", "datanomistaja": "Helsinki/MAKA", "paivitetty_tietopalveluun": "2026-08-14"}}, {"type": "Feature", "id": "Liikennevalot_piste.161", "geometry": {"type": "Point", "coordinates": [24.95371887, 60.191482]}, "geometry_name": "geom", "properties": {"id": 161, "numero": 329, "tyyppi": "Liikennevalot", "risteys": "Teollisuuskatu/Primula (suojatie)", "lisatiedot": "", "datanomistaja": "Helsinki/MAKA", "paivitetty_tietopalveluun": "2026-08-14"}}, {"type": "Feature", "id": "Liikennevalot_piste.174", "geometry": {"type": "Point", "coordinates": [24.93190181, 60.1927631]}, "geometry_name": "geom", "properties": {"id": 174, "numero": 89, "tyyppi": "Liikennevalot", "risteys": "Nordenskiöldinkatu/Vauhtitie", "lisatiedot": "", "datanomistaja": "Helsinki/MAKA", "paivitetty_tietopalveluun": "2026-08-14"}}, {"type": "Feature", "id": "Liikennevalot_piste.173", "geometry": {"type": "Point", "coordinates": [24.9344291, 60.19317787]}, "geometry_name": "geom", "properties": {"id": 173, "numero": 360, "tyyppi": "Liikennevalot", "risteys": "Nordenskiöldinkatu/Savonkatu/Viipurinkatu", "lisatiedot": "", "datanomistaja": "Helsinki/MAKA", "paivitetty_tietopalveluun": "2026-08-14"}}, {"type": "Feature", "id": "Liikennevalot_piste.172", "geometry": {"type": "Point", "coordinates": [24.93175568, 60.18397418]}, "geometry_name": "geom", "properties": {"id": 172, "numero": 299, "tyyppi": "Liikennevalot", "risteys": "Helsinginkatu/Mäntymäentie", "lisatiedot": "", "datanomistaja": "Helsinki/MAKA", "paivitetty_tietopalveluun": "2026-08-14"}}, {"type": "Feature", "id": "Liikennevalot_piste.138", "geometry": {"type": "Point", "coordinates": [24.96402764, 60.18916102]}, "geometry_name": "geom", "properties": {"id": 138, "numero": 420, "tyyppi": "Liikennevalot", "risteys": "Hämeentie/Pääskylänkatu/Kinaporinkatu", "lisatiedot": "", "datanomistaja": "Helsinki/MAKA", "paivitetty_tietopalveluun": "2026-08-14"}}, {"type": "Feature", "id": "Liikennevalot_piste.139", "geometry": {"type": "Point", "coordinates": [24.96426068, 60.18961376]}, "geometry_name": "geom", "properties": {"id": 139, "numero": 421, "tyyppi": "Liikennevalot", "risteys": "Hämeentie/Mäkelänkatu/Lautatarhankatu", "lisatiedot": "", "datanomistaja": "Helsinki/MAKA", "paivitetty_tietopalveluun": "2026-08-14"}}, {"type": "Feature", "id": "Liikennevalot_piste.143", "geometry": {"type": "Point", "coordinates": [24.96464852, 60.19287852]}, "geometry_name": "geom", "properties": {"id": 143, "numero": 422, "tyyppi": "Liikennevalot", "risteys": "Hämeentie/Vellamonkatu", "lisatiedot": "", "datanomistaja": "Helsinki/MAKA", "paivitetty_tietopalveluun": "2026-08-14"}}, {"type": "Feature", "id": "Liikennevalot_piste.148", "geometry": {"type": "Point", "coordinates": [24.96175453, 60.19877932]}, "geometry_name": "geom", "properties": {"id": 148, "numero": 316, "tyyppi": "Liikennevalot", "risteys": "Hämeentie/Haukilahdenkatu", "lisatiedot": "", "datanomistaja": "Helsinki/MAKA", "paivitetty_tietopalveluun": "2026-08-14"}}, {"type": "Feature", "id": "Liikennevalot_piste.119", "geometry": {"type": "Point", "coordinates": [24.94788976, 60.17209056]}, "geometry_name": "geom", "properties": {"id": 119, "numero": 162, "tyyppi": "Liikennevalot", "risteys": "Kaisaniemenkatu/Vuorikatu/Helsingin yliopiston metroasema", "lisatiedot": "", "datanomistaja": "Helsinki/MAKA", "paivitetty_tietopalveluun": "2026-08-14"}}, {"type": "Feature", "id": "Liikennevalot_piste.120", "geometry": {"type": "Point", "coordinates": [24.94900678, 60.17311588]}, "geometry_name": "geom", "properties": {"id": 120, "numero": 163, "tyyppi": "Liikennevalot", "risteys": "Kaisaniemenkatu/Fabianinkatu/Puutarhakatu", "lisatiedot": "", "datanomistaja": "Helsinki/MAKA", "paivitetty_tietopalveluun": "2026-08-14"}}, {"type": "Feature", "id": "Liikennevalot_piste.122", "geometry": {"type": "Point", "coordinates": [24.95310032, 60.17407929]}, "geometry_name": "geom", "properties": {"id": 122, "numero": 166, "tyyppi": "Liikennevalot", "risteys": "Liisankatu/Snellmaninkatu", "lisatiedot": "", "datanomistaja": "Helsinki/MAKA", "paivitetty_tietopalveluun": "2026-08-14"}}, {"type": "Feature", "id": "Liikennevalot_piste.125", "geometry": {"type": "Point", "coordinates": [24.95020422, 60.17829267]}, "geometry_name": "geom", "properties": {"id": 125, "numero": 401, "tyyppi": "Liikennevalot", "risteys": "Siltasaarenkatu/Hakaniemenranta", "lisatiedot": "", "datanomistaja": "Helsinki/MAKA", "paivitetty_tietopalveluun": "2026-08-14"}}, {"type": "Feature", "id": "Liikennevalot_piste.126", "geometry": {"type": "Point", "coordinates": [24.94989068, 60.17987386]}, "geometry_name": "geom", "properties": {"id": 126, "numero": 403, "tyyppi": "Liikennevalot", "risteys": "Ympyrätalo - Hämeentie/Siltasaarenkatu/Eläintarhantie", "lisatiedot": "", "datanomistaja": "Helsinki/MAKA", "paivitetty_tietopalveluun": "2026-08-14"}}, {"type": "Feature", "id": "Liikennevalot_piste.176", "geometry": {"type": "Point", "coordinates": [24.93603305, 60.19558477]}, "geometry_name": "geom", "properties": {"id": 176, "numero": 361, "tyyppi": "Liikennevalot", "risteys": "Savonkatu/Aleksis Kiven katu/Eläintarhan alakoulu", "lisatiedot": "", "datanomistaja": "Helsinki/MAKA", "paivitetty_tietopalveluun": "2026-08-14"}}, {"type": "Feature", "id": "Liikennevalot_piste.177", "geometry": {"type": "Point", "coordinates": [24.93579798, 60.19638603]}, "geometry_name": "geom", "properties": {"id": 177, "numero": 362, "tyyppi": "Liikennevalot", "risteys": "Ratapihantie/Teollisuuskatu", "lisatiedot": "", "datanomistaja": "Helsinki/MAKA", "paivitetty_tietopalveluun": "2026-08-14"}}, {"type": "Feature", "id": "Liikennevalot_piste.178", "geometry": {"type": "Point", "coordinates": [24.92991941, 60.1955922]}, "geometry_name": "geom", "properties": {"id": 178, "numero": 386, "tyyppi": "Liikennevalot", "risteys": "Veturitie/Pasilankatu", "lisatiedot": "", "datanomistaja": "Helsinki/MAKA", "paivitetty_tietopalveluun": "2026-08-14"}}, {"type": "Feature", "id": "Liikennevalot_piste.179", "geometry": {"type": "Point", "coordinates": [24.9290752, 60.19607367]}, "geometry_name": "geom", "properties": {"id": 179, "numero": 381, "tyyppi": "Liikennevalot", "risteys": "Pasilankatu/Palkkatilanportti", "lisatiedot": "", "datanomistaja": "Helsinki/MAKA", "paivitetty_tietopalveluun": "2026-08-14"}}, {"type": "Feature", "id": "Liikennevalot_piste.491", "geometry": {"type": "Point", "coordinates": [25.04805895, 60.21839738]}, "geometry_name": "geom", "properties": {"id": 491, "numero": 764, "tyyppi": "Liikennevalot", "risteys": "Viilarintie/Myllärintie", "lisatiedot": "Jokerivalot", "datanomistaja": "Helsinki/MAKA", "paivitetty_tietopalveluun": "2026-08-14"}}, {"type": "Feature", "id": "Liikennevalot_piste.183", "geometry": {"type": "Point", "coordinates": [24.92708082, 60.20028048]}, "geometry_name": "geom", "properties": {"id": 183, "numero": 384, "tyyppi": "Liikennevalot", "risteys": "Pasilankatu/Kyllikinportti", "lisatiedot": "", "datanomistaja": "Helsinki/MAKA", "paivitetty_tietopalveluun": "2026-08-14"}}, {"type": "Feature", "id": "Liikennevalot_piste.184", "geometry": {"type": "Point", "coordinates": [24.94002409, 60.19877873]}, "geometry_name": "geom", "properties": {"id": 184, "numero": 364, "tyyppi": "Liikennevalot", "risteys": "Asemapäällikönkatu/Ratamestarinkatu", "lisatiedot": "Raitiovaunuvalot", "datanomistaja": "Helsinki/MAKA", "paivitetty_tietopalveluun": "2026-08-14"}}, {"type": "Feature", "id": "Liikennevalot_piste.185", "geometry": {"type": "Point", "coordinates": [24.94358589, 60.19666472]}, "geometry_name": "geom", "properties": {"id": 185, "numero": 314, "tyyppi": "Liikennevalot", "risteys": "Kumpulantie/Jämsänkatu", "lisatiedot": "Raitiovaunuvalot", "datanomistaja": "Helsinki/MAKA", "paivitetty_tietopalveluun": "2026-08-14"}}, {"type": "Feature", "id": "Liikennevalot_piste.186", "geometry": {"type": "Point", "coordinates": [24.94388219, 60.19565832]}, "geometry_name": "geom", "properties": {"id": 186, "numero": 313, "tyyppi": "Liikennevalot", "risteys": "Teollisuuskatu/Jämsänkatu", "lisatiedot": "", "datanomistaja": "Helsinki/MAKA", "paivitetty_tietopalveluun": "2026-08-14"}}, {"type": "Feature", "id": "Liikennevalot_piste.187", "geometry": {"type": "Point", "coordinates": [24.9458748, 60.19479552]}, "geometry_name": "geom", "properties": {"id": 187, "numero": 325, "tyyppi": "Liikennevalot", "risteys": "Teollisuuskatu/Traverssikuja", "lisatiedot": "", "datanomistaja": "Helsinki/MAKA", "paivitetty_tietopalveluun": "2026-08-14"}}, {"type": "Feature", "id": "Liikennevalot_piste.188", "geometry": {"type": "Point", "coordinates": [24.94698651, 60.19436161]}, "geometry_name": "geom", "properties": {"id": 188, "numero": 312, "tyyppi": "Liikennevalot", "risteys": "Teollisuuskatu/Töysänkatu", "lisatiedot": "", "datanomistaja": "Helsinki/MAKA", "paivitetty_tietopalveluun": "2026-08-14"}}, {"type": "Feature", "id": "Liikennevalot_piste.189", "geometry": {"type": "Point", "coordinates": [24.94849025, 60.1937099]}, "geometry_name": "geom", "properties": {"id": 189, "numero": 311, "tyyppi": "Liikennevalot", "risteys": "Teollisuuskatu/Telekatu", "lisatiedot": "", "datanomistaja": "Helsinki/MAKA", "paivitetty_tietopalveluun": "2026-08-14"}}, {"type": "Feature", "id": "Liikennevalot_piste.190", "geometry": {"type": "Point", "coordinates": [24.94329617, 60.19322577]}, "geometry_name": "geom", "properties": {"id": 190, "numero": 326, "tyyppi": "Liikennevalot", "risteys": "Aleksis Kiven Katu/Traverssikuja", "lisatiedot": "Raitiovaunuvalot", "datanomistaja": "Helsinki/MAKA", "paivitetty_tietopalveluun": "2026-08-14"}}, {"type": "Feature", "id": "Liikennevalot_piste.192", "geometry": {"type": "Point", "coordinates": [24.94784695, 60.19829734]}, "geometry_name": "geom", "properties": {"id": 192, "numero": 344, "tyyppi": "Liikennevalot", "risteys": "Mäkelänkatu/Kumpulantie", "lisatiedot": "", "datanomistaja": "Helsinki/MAKA", "paivitetty_tietopalveluun": "2026-08-14"}}, {"type": "Feature", "id": "Liikennevalot_piste.193", "geometry": {"type": "Point", "coordinates": [24.94481299, 60.20073784]}, "geometry_name": "geom", "properties": {"id": 193, "numero": 345, "tyyppi": "Liikennevalot", "risteys": "Mäkelänkatu/Radanrakentajantie/uimahalli", "lisatiedot": "", "datanomistaja": "Helsinki/MAKA", "paivitetty_tietopalveluun": "2026-08-14"}}, {"type": "Feature", "id": "Liikennevalot_piste.194", "geometry": {"type": "Point", "coordinates": [24.94529362, 60.20276805]}, "geometry_name": "geom", "properties": {"id": 194, "numero": 346, "tyyppi": "Liikennevalot", "risteys": "Mäkelänkatu/Isoniitynkatu", "lisatiedot": "", "datanomistaja": "Helsinki/MAKA", "paivitetty_tietopalveluun": "2026-08-14"}}, {"type": "Feature", "id": "Liikennevalot_piste.195", "geometry": {"type": "Point", "coordinates": [24.93297943, 60.20421812]}, "geometry_name": "geom", "properties": {"id": 195, "numero": 366, "tyyppi": "Liikennevalot", "risteys": "Ratapihantie/Suomen messut", "lisatiedot": "", "datanomistaja": "Helsinki/MAKA", "paivitetty_tietopalveluun": "2026-08-14"}}, {"type": "Feature", "id": "Liikennevalot_piste.197", "geometry": {"type": "Point", "coordinates": [24.92755602, 60.20538747]}, "geometry_name": "geom", "properties": {"id": 197, "numero": 375, "tyyppi": "Liikennevalot", "risteys": "Veturitie/Hakamäentie (eteläinen ramppi)", "lisatiedot": "", "datanomistaja": "Helsinki/MAKA", "paivitetty_tietopalveluun": "2026-08-14"}}, {"type": "Feature", "id": "Liikennevalot_piste.198", "geometry": {"type": "Point", "coordinates": [24.940623, 60.20772738]}, "geometry_name": "geom", "properties": {"id": 198, "numero": 371, "tyyppi": "Liikennevalot", "risteys": "Koskelantie/Ilmattarentie", "lisatiedot": "", "datanomistaja": "Helsinki/MAKA", "paivitetty_tietopalveluun": "2026-08-14"}}, {"type": "Feature", "id": "Liikennevalot_piste.199", "geometry": {"type": "Point", "coordinates": [24.92922099, 60.20800154]}, "geometry_name": "geom", "properties": {"id": 199, "numero": 376, "tyyppi": "Liikennevalot", "risteys": "Veturitie/Hakamäentie (pohjoinen ramppi)", "lisatiedot": "", "datanomistaja": "Helsinki/MAKA", "paivitetty_tietopalveluun": "2026-08-14"}}, {"type": "Feature", "id": "Liikennevalot_piste.200", "geometry": {"type": "Point", "coordinates": [24.94534477, 60.20858141]}, "geometry_name": "geom", "properties": {"id": 200, "numero": 350, "tyyppi": "Liikennevalot", "risteys": "Mäkelänkatu/Koskelantie/Sofianlehdonkatu", "lisatiedot": "", "datanomistaja": "Helsinki/MAKA", "paivitetty_tietopalveluun": "2026-08-14"}}, {"type": "Feature", "id": "Liikennevalot_piste.201", "geometry": {"type": "Point", "coordinates": [24.94836029, 60.20941102]}, "geometry_name": "geom", "properties": {"id": 201, "numero": 353, "tyyppi": "Liikennevalot", "risteys": "Koskelantie/Kalervonkatu", "lisatiedot": "", "datanomistaja": "Helsinki/MAKA", "paivitetty_tietopalveluun": "2026-08-14"}}, {"type": "Feature", "id": "Liikennevalot_piste.202", "geometry": {"type": "Point", "coordinates": [24.94478227, 60.20982589]}, "geometry_name": "geom", "properties": {"id": 202, "numero": 354, "tyyppi": "Liikennevalot", "risteys": "Mäkelänkatu/Turjantie/Amer", "lisatiedot": "", "datanomistaja": "Helsinki/MAKA", "paivitetty_tietopalveluun": "2026-08-14"}}, {"type": "Feature", "id": "Liikennevalot_piste.203", "geometry": {"type": "Point", "coordinates": [24.94445068, 60.2106543]}, "geometry_name": "geom", "properties": {"id": 203, "numero": 351, "tyyppi": "Liikennevalot", "risteys": "Mäkelänkatu/Kimmontie/Väinölänkatu", "lisatiedot": "", "datanomistaja": "Helsinki/MAKA", "paivitetty_tietopalveluun": "2026-08-14"}}, {"type": "Feature", "id": "Liikennevalot_piste.205", "geometry": {"type": "Point", "coordinates": [24.95438497, 60.21176354]}, "geometry_name": "geom", "properties": {"id": 205, "numero": 388, "tyyppi": "Liikennevalot", "risteys": "Koskelantie 25 (suojatie)", "lisatiedot": "", "datanomistaja": "Helsinki/MAKA", "paivitetty_tietopalveluun": "2026-08-14"}}, {"type": "Feature", "id": "Liikennevalot_piste.206", "geometry": {"type": "Point", "coordinates": [24.94325775, 60.2134226]}, "geometry_name": "geom", "properties": {"id": 206, "numero": 352, "tyyppi": "Liikennevalot", "risteys": "Mäkelänkatu/Pohjolankatu/Vaakalinnuntie", "lisatiedot": "", "datanomistaja": "Helsinki/MAKA", "paivitetty_tietopalveluun": "2026-08-14"}}, {"type": "Feature", "id": "Liikennevalot_piste.207", "geometry": {"type": "Point", "coordinates": [24.93152765, 60.2118828]}, "geometry_name": "geom", "properties": {"id": 207, "numero": 378, "tyyppi": "Liikennevalot", "risteys": "Veturitie/Transpoint", "lisatiedot": "", "datanomistaja": "Helsinki/MAKA", "paivitetty_tietopalveluun": "2026-08-14"}}, {"type": "Feature", "id": "Liikennevalot_piste.208", "geometry": {"type": "Point", "coordinates": [24.95862592, 60.21344528]}, "geometry_name": "geom", "properties": {"id": 208, "numero": 390, "tyyppi": "Liikennevalot", "risteys": "Koskelantie/Käpyläntie/Intiankatu", "lisatiedot": "", "datanomistaja": "Helsinki/MAKA", "paivitetty_tietopalveluun": "2026-08-14"}}, {"type": "Feature", "id": "Liikennevalot_piste.209", "geometry": {"type": "Point", "coordinates": [24.96293488, 60.21459464]}, "geometry_name": "geom", "properties": {"id": 209, "numero": 391, "tyyppi": "Liikennevalot", "risteys": "Koskelantie/Kullervonkatu", "lisatiedot": "JK-valot", "datanomistaja": "Helsinki/MAKA", "paivitetty_tietopalveluun": "2026-08-14"}}, {"type": "Feature", "id": "Liikennevalot_piste.210", "geometry": {"type": "Point", "coordinates": [24.96502334, 60.21509612]}, "geometry_name": "geom", "properties": {"id": 210, "numero": 392, "tyyppi": "Liikennevalot", "risteys": "Koskelantie/Valtimontie (suojatie)", "lisatiedot": "", "datanomistaja": "Helsinki/MAKA", "paivitetty_tietopalveluun": "2026-08-14"}}, {"type": "Feature", "id": "Liikennevalot_piste.211", "geometry": {"type": "Point", "coordinates": [24.97275234, 60.21666907]}, "geometry_name": "geom", "properties": {"id": 211, "numero": 393, "tyyppi": "Liikennevalot", "risteys": "Koskelantie/Lahdenväylä (länsiramppi)", "lisatiedot": "", "datanomistaja": "Helsinki/MAKA", "paivitetty_tietopalveluun": "2026-08-14"}}, {"type": "Feature", "id": "Liikennevalot_piste.212", "geometry": {"type": "Point", "coordinates": [24.9759662, 60.21684187]}, "geometry_name": "geom", "properties": {"id": 212, "numero": 394, "tyyppi": "Liikennevalot", "risteys": "Koskelantie/Lahdenväylä (itäramppi)", "lisatiedot": "", "datanomistaja": "Helsinki/MAKA", "paivitetty_tietopalveluun": "2026-08-14"}}, {"type": "Feature", "id": "Liikennevalot_piste.213", "geometry": {"type": "Point", "coordinates": [24.97974357, 60.21694622]}, "geometry_name": "geom", "properties": {"id": 213, "numero": 395, "tyyppi": "Liikennevalot", "risteys": "Koskelantie/Hämeentie/Viikintie", "lisatiedot": "", "datanomistaja": "Helsinki/MAKA", "paivitetty_tietopalveluun": "2026-08-14"}}, {"type": "Feature", "id": "Liikennevalot_piste.214", "geometry": {"type": "Point", "coordinates": [24.98302225, 60.21752435]}, "geometry_name": "geom", "properties": {"id": 214, "numero": 595, "tyyppi": "Liikennevalot", "risteys": "Viikintie/Katariina Saksilaisen katu", "lisatiedot": "", "datanomistaja": "Helsinki/MAKA", "paivitetty_tietopalveluun": "2026-08-14"}}, {"type": "Feature", "id": "Liikennevalot_piste.215", "geometry": {"type": "Point", "coordinates": [24.98613519, 60.21867146]}, "geometry_name": "geom", "properties": {"id": 215, "numero": 596, "tyyppi": "Liikennevalot", "risteys": "Viikintie/Jokisuunpolku", "lisatiedot": "JK-valot", "datanomistaja": "Helsinki/MAKA", "paivitetty_tietopalveluun": "2026-08-14"}}, {"type": "Feature", "id": "Liikennevalot_piste.216", "geometry": {"type": "Point", "coordinates": [24.99078775, 60.22125007]}, "geometry_name": "geom", "properties": {"id": 216, "numero": 597, "tyyppi": "Liikennevalot", "risteys": "Viikintie/Hernepellontie", "lisatiedot": "", "datanomistaja": "Helsinki/MAKA", "paivitetty_tietopalveluun": "2026-08-14"}}, {"type": "Feature", "id": "Liikennevalot_piste.217", "geometry": {"type": "Point", "coordinates": [24.97879272, 60.21282738]}, "geometry_name": "geom", "properties": {"id": 217, "numero": 453, "tyyppi": "Liikennevalot", "risteys": "Hämeentie 157 (suojatie)", "lisatiedot": "", "datanomistaja": "Helsinki/MAKA", "paivitetty_tietopalveluun": "2026-08-14"}}, {"type": "Feature", "id": "Liikennevalot_piste.218", "geometry": {"type": "Point", "coordinates": [24.97022061, 60.21255237]}, "geometry_name": "geom", "properties": {"id": 218, "numero": 322, "tyyppi": "Liikennevalot", "risteys": "Kustaa Vaasan tie/Valtimontie (suojatie)", "lisatiedot": "", "datanomistaja": "Helsinki/MAKA", "paivitetty_tietopalveluun": "2026-08-14"}}, {"type": "Feature", "id": "Liikennevalot_piste.219", "geometry": {"type": "Point", "coordinates": [24.96873279, 60.21068568]}, "geometry_name": "geom", "properties": {"id": 219, "numero": 321, "tyyppi": "Liikennevalot", "risteys": "Kustaa Vaasan tie/Aavasaksantie (suojatie)", "lisatiedot": "", "datanomistaja": "Helsinki/MAKA", "paivitetty_tietopalveluun": "2026-08-14"}}, {"type": "Feature", "id": "Liikennevalot_piste.220", "geometry": {"type": "Point", "coordinates": [24.97615868, 60.20970058]}, "geometry_name": "geom", "properties": {"id": 220, "numero": 451, "tyyppi": "Liikennevalot", "risteys": "Hämeentie 135 C (suojatie)", "lisatiedot": "", "datanomistaja": "Helsinki/MAKA", "paivitetty_tietopalveluun": "2026-08-14"}}, {"type": "Feature", "id": "Liikennevalot_piste.221", "geometry": {"type": "Point", "coordinates": [24.9683812, 60.2088926]}, "geometry_name": "geom", "properties": {"id": 221, "numero": 320, "tyyppi": "Liikennevalot", "risteys": "Kustaa Vaasan tie/Väinö Auerin katu", "lisatiedot": "", "datanomistaja": "Helsinki/MAKA", "paivitetty_tietopalveluun": "2026-08-14"}}, {"type": "Feature", "id": "Liikennevalot_piste.222", "geometry": {"type": "Point", "coordinates": [24.96797482, 60.20770609]}, "geometry_name": "geom", "properties": {"id": 222, "numero": 319, "tyyppi": "Liikennevalot", "risteys": "Kustaa Vaasan tie/Intiankatu (suojatie)", "lisatiedot": "", "datanomistaja": "Helsinki/MAKA", "paivitetty_tietopalveluun": "2026-08-14"}}, {"type": "Feature", "id": "Liikennevalot_piste.223", "geometry": {"type": "Point", "coordinates": [24.97490804, 60.20821114]}, "geometry_name": "geom", "properties": {"id": 223, "numero": 450, "tyyppi": "Liikennevalot", "risteys": "Hämeentie 135 A (suojatie)", "lisatiedot": "", "datanomistaja": "Helsinki/MAKA", "paivitetty_tietopalveluun": "2026-08-14"}}, {"type": "Feature", "id": "Liikennevalot_piste.224", "geometry": {"type": "Point", "coordinates": [24.97401227, 60.20716515]}, "geometry_name": "geom", "properties": {"id": 224, "numero": 449, "tyyppi": "Liikennevalot", "risteys": "Hämeentie/Arabiankatu", "lisatiedot": "", "datanomistaja": "Helsinki/MAKA", "paivitetty_tietopalveluun": "2026-08-14"}}, {"type": "Feature", "id": "Liikennevalot_piste.225", "geometry": {"type": "Point", "coordinates": [24.9724375, 60.20568351]}, "geometry_name": "geom", "properties": {"id": 225, "numero": 444, "tyyppi": "Liikennevalot", "risteys": "Hämeentie/Kokkosaarenkatu (suojatie)", "lisatiedot": "", "datanomistaja": "Helsinki/MAKA", "paivitetty_tietopalveluun": "2026-08-14"}}, {"type": "Feature", "id": "Liikennevalot_piste.226", "geometry": {"type": "Point", "coordinates": [24.96672927, 60.20523635]}, "geometry_name": "geom", "properties": {"id": 226, "numero": 318, "tyyppi": "Liikennevalot", "risteys": "Kustaa Vaasan tie/Pietari Kalmin katu", "lisatiedot": "", "datanomistaja": "Helsinki/MAKA", "paivitetty_tietopalveluun": "2026-08-14"}}, {"type": "Feature", "id": "Liikennevalot_piste.227", "geometry": {"type": "Point", "coordinates": [24.96856504, 60.20377872]}, "geometry_name": "geom", "properties": {"id": 227, "numero": 442, "tyyppi": "Liikennevalot", "risteys": "Hämeentie/Kotisaarenkatu", "lisatiedot": "", "datanomistaja": "Helsinki/MAKA", "paivitetty_tietopalveluun": "2026-08-14"}}, {"type": "Feature", "id": "Liikennevalot_piste.232", "geometry": {"type": "Point", "coordinates": [24.96547326, 60.20050366]}, "geometry_name": "geom", "properties": {"id": 232, "numero": 437, "tyyppi": "Liikennevalot", "risteys": "Hermannin rantatie/Toukolankatu (jatke)", "lisatiedot": "", "datanomistaja": "Helsinki/MAKA", "paivitetty_tietopalveluun": "2026-08-14"}}, {"type": "Feature", "id": "Liikennevalot_piste.233", "geometry": {"type": "Point", "coordinates": [24.96908925, 60.19853429]}, "geometry_name": "geom", "properties": {"id": 233, "numero": 436, "tyyppi": "Liikennevalot", "risteys": "Hermannin rantatie/Kyläsaarenkatu/Haukilahdenkatu", "lisatiedot": "", "datanomistaja": "Helsinki/MAKA", "paivitetty_tietopalveluun": "2026-08-14"}}, {"type": "Feature", "id": "Liikennevalot_piste.234", "geometry": {"type": "Point", "coordinates": [24.95948298, 60.18065769]}, "geometry_name": "geom", "properties": {"id": 234, "numero": 413, "tyyppi": "Liikennevalot", "risteys": "Sörnäisten rantatie/Haapaniemenkatu", "lisatiedot": "", "datanomistaja": "Helsinki/MAKA", "paivitetty_tietopalveluun": "2026-08-14"}}, {"type": "Feature", "id": "Liikennevalot_piste.180", "geometry": {"type": "Point", "coordinates": [24.92849153, 60.19735978]}, "geometry_name": "geom", "properties": {"id": 180, "numero": 382, "tyyppi": "Liikennevalot", "risteys": "Pasilankatu/Pasilan silta/Esterinportti", "lisatiedot": "", "datanomistaja": "Helsinki/MAKA", "paivitetty_tietopalveluun": "2026-08-14"}}, {"type": "Feature", "id": "Liikennevalot_piste.230", "geometry": {"type": "Point", "coordinates": [24.96317758, 60.20205965]}, "geometry_name": "geom", "properties": {"id": 230, "numero": 439, "tyyppi": "Liikennevalot", "risteys": "Hämeentie/Hermannin rantatie (menoramppi)", "lisatiedot": "", "datanomistaja": "Helsinki/MAKA", "paivitetty_tietopalveluun": "2026-08-14"}}, {"type": "Feature", "id": "Liikennevalot_piste.231", "geometry": {"type": "Point", "coordinates": [24.9638172, 60.20178565]}, "geometry_name": "geom", "properties": {"id": 231, "numero": 438, "tyyppi": "Liikennevalot", "risteys": "Hämeentie/Hermannin rantatie (tuloramppi)", "lisatiedot": "", "datanomistaja": "Helsinki/MAKA", "paivitetty_tietopalveluun": "2026-08-14"}}, {"type": "Feature", "id": "Liikennevalot_piste.229", "geometry": {"type": "Point", "coordinates": [24.96515658, 60.20316953]}, "geometry_name": "geom", "properties": {"id": 229, "numero": 317, "tyyppi": "Liikennevalot", "risteys": "Hämeentie/Kustaa Vaasan tie", "lisatiedot": "", "datanomistaja": "Helsinki/MAKA", "paivitetty_tietopalveluun": "2026-08-14"}}, {"type": "Feature", "id": "Liikennevalot_piste.191", "geometry": {"type": "Point", "coordinates": [24.94870643, 60.19796801]}, "geometry_name": "geom", "properties": {"id": 191, "numero": 343, "tyyppi": "Liikennevalot", "risteys": "Mäkelänkatu/Elimäenkatu/Mäkelänrinne", "lisatiedot": "", "datanomistaja": "Helsinki/MAKA", "paivitetty_tietopalveluun": "2026-08-14"}}, {"type": "Feature", "id": "Liikennevalot_piste.285", "geometry": null, "geometry_name": "geom", "properties": {"id": 285, "numero": 256, "tyyppi": "Liikennevalot", "risteys": "Telakkakatu/Pursimiehenkatu", "lisatiedot": "Raitiovaunuvalot", "datanomistaja": "Helsinki/MAKA", "paivitetty_tietopalveluun": "2026-08-14"}}, {"type": "Feature", "id": "Liikennevalot_piste.286", "geometry": {"type": "Point", "coordinates": [24.93312889, 60.15824051]}, "geometry_name": "geom", "properties": {"id": 286, "numero": 257, "tyyppi": "Liikennevalot", "risteys": "Tehtaankatu/Telakkakatu", "lisatiedot": "", "datanomistaja": "Helsinki/MAKA", "paivitetty_tietopalveluun": "2026-08-14"}}, {"type": "Feature", "id": "Liikennevalot_piste.240", "geometry": {"type": "Point", "coordinates": [24.95828085, 60.16921917]}, "geometry_name": "geom", "properties": {"id": 240, "numero": 136, "tyyppi": "Liikennevalot", "risteys": "Pohjoisranta/Aleksanterinkatu", "lisatiedot": "", "datanomistaja": "Helsinki/MAKA", "paivitetty_tietopalveluun": "2026-08-14"}}, {"type": "Feature", "id": "Liikennevalot_piste.241", "geometry": {"type": "Point", "coordinates": [24.95682936, 60.16914588]}, "geometry_name": "geom", "properties": {"id": 241, "numero": 137, "tyyppi": "Liikennevalot", "risteys": "Mariankatu/Aleksanterinkatu", "lisatiedot": "Raitiovaunuvalot", "datanomistaja": "Helsinki/MAKA", "paivitetty_tietopalveluun": "2026-08-14"}}, {"type": "Feature", "id": "Liikennevalot_piste.242", "geometry": {"type": "Point", "coordinates": [24.95765089, 60.16842128]}, "geometry_name": "geom", "properties": {"id": 242, "numero": 135, "tyyppi": "Liikennevalot", "risteys": "Kanavakatu/Päävartiotori", "lisatiedot": "", "datanomistaja": "Helsinki/MAKA", "paivitetty_tietopalveluun": "2026-08-14"}}, {"type": "Feature", "id": "Liikennevalot_piste.243", "geometry": {"type": "Point", "coordinates": [24.95713189, 60.16807758]}, "geometry_name": "geom", "properties": {"id": 243, "numero": 134, "tyyppi": "Liikennevalot", "risteys": "Pohjoisesplanadi/Katajanokanlaituri/Mariankatu", "lisatiedot": "", "datanomistaja": "Helsinki/MAKA", "paivitetty_tietopalveluun": "2026-08-14"}}, {"type": "Feature", "id": "Liikennevalot_piste.265", "geometry": {"type": "Point", "coordinates": [24.93632362, 60.16911933]}, "geometry_name": "geom", "properties": {"id": 265, "numero": 233, "tyyppi": "Liikennevalot", "risteys": "Simonkatu/Yrjönkatu/Forum", "lisatiedot": "", "datanomistaja": "Helsinki/MAKA", "paivitetty_tietopalveluun": "2026-08-14"}}, {"type": "Feature", "id": "Liikennevalot_piste.266", "geometry": {"type": "Point", "coordinates": [24.93484787, 60.16840136]}, "geometry_name": "geom", "properties": {"id": 266, "numero": 234, "tyyppi": "Liikennevalot", "risteys": "Simonkatu/Annankatu", "lisatiedot": "Jokerivalot", "datanomistaja": "Helsinki/MAKA", "paivitetty_tietopalveluun": "2026-08-14"}}, {"type": "Feature", "id": "Liikennevalot_piste.293", "geometry": {"type": "Point", "coordinates": [24.92140691, 60.16347071]}, "geometry_name": "geom", "properties": {"id": 293, "numero": 267, "tyyppi": "Liikennevalot", "risteys": "Mechelininkatu/Itämerenkatu", "lisatiedot": "", "datanomistaja": "Helsinki/MAKA", "paivitetty_tietopalveluun": "2026-08-14"}}, {"type": "Feature", "id": "Liikennevalot_piste.247", "geometry": {"type": "Point", "coordinates": [24.95112408, 60.16723169]}, "geometry_name": "geom", "properties": {"id": 247, "numero": 220, "tyyppi": "Liikennevalot", "risteys": "Eteläesplanadi/Unioninkatu", "lisatiedot": "", "datanomistaja": "Helsinki/MAKA", "paivitetty_tietopalveluun": "2026-08-14"}}, {"type": "Feature", "id": "Liikennevalot_piste.248", "geometry": {"type": "Point", "coordinates": [24.95103765, 60.16783335]}, "geometry_name": "geom", "properties": {"id": 248, "numero": 219, "tyyppi": "Liikennevalot", "risteys": "Pohjoisesplanadi/Unioninkatu", "lisatiedot": "", "datanomistaja": "Helsinki/MAKA", "paivitetty_tietopalveluun": "2026-08-14"}}, {"type": "Feature", "id": "Liikennevalot_piste.249", "geometry": {"type": "Point", "coordinates": [24.94949572, 60.1678337]}, "geometry_name": "geom", "properties": {"id": 249, "numero": 217, "tyyppi": "Liikennevalot", "risteys": "Pohjoisesplanadi/Fabianinkatu/Kluuvin pysäköinti", "lisatiedot": "", "datanomistaja": "Helsinki/MAKA", "paivitetty_tietopalveluun": "2026-08-14"}}, {"type": "Feature", "id": "Liikennevalot_piste.250", "geometry": {"type": "Point", "coordinates": [24.94958214, 60.16720183]}, "geometry_name": "geom", "properties": {"id": 250, "numero": 218, "tyyppi": "Liikennevalot", "risteys": "Eteläesplanadi/Fabianinkatu", "lisatiedot": "", "datanomistaja": "Helsinki/MAKA", "paivitetty_tietopalveluun": "2026-08-14"}}, {"type": "Feature", "id": "Liikennevalot_piste.255", "geometry": {"type": "Point", "coordinates": [24.95140935, 60.16479739]}, "geometry_name": "geom", "properties": {"id": 255, "numero": 131, "tyyppi": "Liikennevalot", "risteys": "Unioninkatu/Eteläinen Makasiinikatu", "lisatiedot": "", "datanomistaja": "Helsinki/MAKA", "paivitetty_tietopalveluun": "2026-08-14"}}, {"type": "Feature", "id": "Liikennevalot_piste.259", "geometry": {"type": "Point", "coordinates": [24.94026311, 60.16695789]}, "geometry_name": "geom", "properties": {"id": 259, "numero": 207, "tyyppi": "Liikennevalot", "risteys": "Lönnrotinkatu/Yrjönkatu", "lisatiedot": "", "datanomistaja": "Helsinki/MAKA", "paivitetty_tietopalveluun": "2026-08-14"}}, {"type": "Feature", "id": "Liikennevalot_piste.260", "geometry": {"type": "Point", "coordinates": [24.93793068, 60.16614642]}, "geometry_name": "geom", "properties": {"id": 260, "numero": 205, "tyyppi": "Liikennevalot", "risteys": "Lönnrotinkatu/Annankatu", "lisatiedot": "", "datanomistaja": "Helsinki/MAKA", "paivitetty_tietopalveluun": "2026-08-14"}}, {"type": "Feature", "id": "Liikennevalot_piste.270", "geometry": {"type": "Point", "coordinates": [24.93110104, 60.16746975]}, "geometry_name": "geom", "properties": {"id": 270, "numero": 114, "tyyppi": "Liikennevalot", "risteys": "Runeberginkatu/Malminrinne", "lisatiedot": "Raitiovaunuvalot", "datanomistaja": "Helsinki/MAKA", "paivitetty_tietopalveluun": "2026-08-14"}}, {"type": "Feature", "id": "Liikennevalot_piste.271", "geometry": {"type": "Point", "coordinates": [24.93025445, 60.16643516]}, "geometry_name": "geom", "properties": {"id": 271, "numero": 116, "tyyppi": "Liikennevalot", "risteys": "Ruoholahdenkatu/Lapinlahdenkatu/Malminrinne", "lisatiedot": "Raitiovaunuvalot", "datanomistaja": "Helsinki/MAKA", "paivitetty_tietopalveluun": "2026-08-14"}}, {"type": "Feature", "id": "Liikennevalot_piste.280", "geometry": {"type": "Point", "coordinates": [24.92981652, 60.16185425]}, "geometry_name": "geom", "properties": {"id": 280, "numero": 254, "tyyppi": "Liikennevalot", "risteys": "Bulevardi/Hietalahdenkatu", "lisatiedot": "", "datanomistaja": "Helsinki/MAKA", "paivitetty_tietopalveluun": "2026-08-14"}}, {"type": "Feature", "id": "Liikennevalot_piste.281", "geometry": {"type": "Point", "coordinates": [24.93021078, 60.16347241]}, "geometry_name": "geom", "properties": {"id": 281, "numero": 204, "tyyppi": "Liikennevalot", "risteys": "Lönnrotinkatu/Abrahaminkatu", "lisatiedot": "", "datanomistaja": "Helsinki/MAKA", "paivitetty_tietopalveluun": "2026-08-14"}}, {"type": "Feature", "id": "Liikennevalot_piste.282", "geometry": {"type": "Point", "coordinates": [24.92846421, 60.16286784]}, "geometry_name": "geom", "properties": {"id": 282, "numero": 253, "tyyppi": "Liikennevalot", "risteys": "Lönnrotinkatu/Hietalahdenkatu", "lisatiedot": "", "datanomistaja": "Helsinki/MAKA", "paivitetty_tietopalveluun": "2026-08-14"}}, {"type": "Feature", "id": "Liikennevalot_piste.283", "geometry": {"type": "Point", "coordinates": [24.92740235, 60.16362605]}, "geometry_name": "geom", "properties": {"id": 283, "numero": 252, "tyyppi": "Liikennevalot", "risteys": "Hietalahdenkatu/Kalevankatu", "lisatiedot": "Raitiovaunuvalot", "datanomistaja": "Helsinki/MAKA", "paivitetty_tietopalveluun": "2026-08-14"}}, {"type": "Feature", "id": "Liikennevalot_piste.284", "geometry": {"type": "Point", "coordinates": [24.93051804, 60.1603893]}, "geometry_name": "geom", "properties": {"id": 284, "numero": 255, "tyyppi": "Liikennevalot", "risteys": "Hietalahdenranta/Mallaskatu", "lisatiedot": "", "datanomistaja": "Helsinki/MAKA", "paivitetty_tietopalveluun": "2026-08-14"}}, {"type": "Feature", "id": "Liikennevalot_piste.287", "geometry": {"type": "Point", "coordinates": [24.92055064, 60.155329]}, "geometry_name": "geom", "properties": {"id": 287, "numero": 274, "tyyppi": "Liikennevalot", "risteys": "Länsiterminaalin edusta", "lisatiedot": "Raitiovaunuvalot", "datanomistaja": "Helsinki/MAKA", "paivitetty_tietopalveluun": "2026-08-14"}}, {"type": "Feature", "id": "Liikennevalot_piste.288", "geometry": {"type": "Point", "coordinates": [24.92189794, 60.15688703]}, "geometry_name": "geom", "properties": {"id": 288, "numero": 273, "tyyppi": "Liikennevalot", "risteys": "Tyynenmerenkatu/Rionkatu", "lisatiedot": "", "datanomistaja": "Helsinki/MAKA", "paivitetty_tietopalveluun": "2026-08-14"}}, {"type": "Feature", "id": "Liikennevalot_piste.289", "geometry": {"type": "Point", "coordinates": [24.92153794, 60.1591957]}, "geometry_name": "geom", "properties": {"id": 289, "numero": 272, "tyyppi": "Liikennevalot", "risteys": "Tyynenmerenkatu/Juutinraumankatu", "lisatiedot": "Palokuntavalot", "datanomistaja": "Helsinki/MAKA", "paivitetty_tietopalveluun": "2026-08-14"}}, {"type": "Feature", "id": "Liikennevalot_piste.290", "geometry": {"type": "Point", "coordinates": [24.92131067, 60.1602383]}, "geometry_name": "geom", "properties": {"id": 290, "numero": 270, "tyyppi": "Liikennevalot", "risteys": "Välimerenkatu/Tyynenmerenkatu", "lisatiedot": "", "datanomistaja": "Helsinki/MAKA", "paivitetty_tietopalveluun": "2026-08-14"}}, {"type": "Feature", "id": "Liikennevalot_piste.294", "geometry": {"type": "Point", "coordinates": [24.91560024, 60.16200118]}, "geometry_name": "geom", "properties": {"id": 294, "numero": 259, "tyyppi": "Liikennevalot", "risteys": "Selkämerenkatu/Ruoholahden kanava (suojatie)", "lisatiedot": "", "datanomistaja": "Helsinki/MAKA", "paivitetty_tietopalveluun": "2026-08-14"}}, {"type": "Feature", "id": "Liikennevalot_piste.291", "geometry": {"type": "Point", "coordinates": [24.92561833, 60.16096721]}, "geometry_name": "geom", "properties": {"id": 291, "numero": 271, "tyyppi": "Liikennevalot", "risteys": "Hietalahdenranta/Ruoholahdenranta", "lisatiedot": "", "datanomistaja": "Helsinki/MAKA", "paivitetty_tietopalveluun": "2026-08-14"}}, {"type": "Feature", "id": "Liikennevalot_piste.256", "geometry": {"type": "Point", "coordinates": [24.95264895, 60.16486123]}, "geometry_name": "geom", "properties": {"id": 256, "numero": 132, "tyyppi": "Liikennevalot", "risteys": "Eteläranta/Eteläinen Makasiinikatu", "lisatiedot": "", "datanomistaja": "Helsinki/MAKA", "paivitetty_tietopalveluun": "2026-08-14"}}, {"type": "Feature", "id": "Liikennevalot_piste.246", "geometry": {"type": "Point", "coordinates": [24.95242768, 60.16737016]}, "geometry_name": "geom", "properties": {"id": 246, "numero": 222, "tyyppi": "Liikennevalot", "risteys": "Eteläesplanadi/Eteläranta", "lisatiedot": "", "datanomistaja": "Helsinki/MAKA", "paivitetty_tietopalveluun": "2026-08-14"}}, {"type": "Feature", "id": "Liikennevalot_piste.245", "geometry": {"type": "Point", "coordinates": [24.95251429, 60.16775741]}, "geometry_name": "geom", "properties": {"id": 245, "numero": 221, "tyyppi": "Liikennevalot", "risteys": "Pohjoisesplanadi/Eteläranta", "lisatiedot": "", "datanomistaja": "Helsinki/MAKA", "paivitetty_tietopalveluun": "2026-08-14"}}, {"type": "Feature", "id": "Liikennevalot_piste.244", "geometry": {"type": "Point", "coordinates": [24.96150797, 60.16717583]}, "geometry_name": "geom", "properties": {"id": 244, "numero": 151, "tyyppi": "Liikennevalot", "risteys": "Kanavakatu/Satamakatu", "lisatiedot": "", "datanomistaja": "Helsinki/MAKA", "paivitetty_tietopalveluun": "2026-08-14"}}, {"type": "Feature", "id": "Liikennevalot_piste.237", "geometry": {"type": "Point", "coordinates": [24.96060315, 60.17170862]}, "geometry_name": "geom", "properties": {"id": 237, "numero": 140, "tyyppi": "Liikennevalot", "risteys": "Pohjoisranta/Rauhankatu (suojatie)", "lisatiedot": "", "datanomistaja": "Helsinki/MAKA", "paivitetty_tietopalveluun": "2026-08-14"}}, {"type": "Feature", "id": "Liikennevalot_piste.238", "geometry": {"type": "Point", "coordinates": [24.96006911, 60.17105177]}, "geometry_name": "geom", "properties": {"id": 238, "numero": 139, "tyyppi": "Liikennevalot", "risteys": "Pohjoisranta/Kirkkokatu", "lisatiedot": "", "datanomistaja": "Helsinki/MAKA", "paivitetty_tietopalveluun": "2026-08-14"}}, {"type": "Feature", "id": "Liikennevalot_piste.235", "geometry": {"type": "Point", "coordinates": [24.96177406, 60.17429562]}, "geometry_name": "geom", "properties": {"id": 235, "numero": 142, "tyyppi": "Liikennevalot", "risteys": "Pohjoisranta/Liisankatu/Tervasaaren kannas", "lisatiedot": "", "datanomistaja": "Helsinki/MAKA", "paivitetty_tietopalveluun": "2026-08-14"}}, {"type": "Feature", "id": "Liikennevalot_piste.236", "geometry": {"type": "Point", "coordinates": [24.96139617, 60.17343089]}, "geometry_name": "geom", "properties": {"id": 236, "numero": 141, "tyyppi": "Liikennevalot", "risteys": "Pohjoisranta/Maneesikatu (suojatie)", "lisatiedot": "", "datanomistaja": "Helsinki/MAKA", "paivitetty_tietopalveluun": "2026-08-14"}}, {"type": "Feature", "id": "Liikennevalot_piste.267", "geometry": {"type": "Point", "coordinates": [24.93255973, 60.16749319]}, "geometry_name": "geom", "properties": {"id": 267, "numero": 117, "tyyppi": "Liikennevalot", "risteys": "Fredrikinkatu/Kansakoulukatu", "lisatiedot": "", "datanomistaja": "Helsinki/MAKA", "paivitetty_tietopalveluun": "2026-08-14"}}, {"type": "Feature", "id": "Liikennevalot_piste.268", "geometry": {"type": "Point", "coordinates": [24.93376369, 60.16667951]}, "geometry_name": "geom", "properties": {"id": 268, "numero": 119, "tyyppi": "Liikennevalot", "risteys": "Fredrikinkatu/Eerikinkatu", "lisatiedot": "", "datanomistaja": "Helsinki/MAKA", "paivitetty_tietopalveluun": "2026-08-14"}}, {"type": "Feature", "id": "Liikennevalot_piste.269", "geometry": {"type": "Point", "coordinates": [24.93452744, 60.1661343]}, "geometry_name": "geom", "properties": {"id": 269, "numero": 121, "tyyppi": "Liikennevalot", "risteys": "Fredrikinkatu/Kalevankatu", "lisatiedot": "", "datanomistaja": "Helsinki/MAKA", "paivitetty_tietopalveluun": "2026-08-14"}}, {"type": "Feature", "id": "Liikennevalot_piste.274", "geometry": {"type": "Point", "coordinates": [24.93561795, 60.1653535]}, "geometry_name": "geom", "properties": {"id": 274, "numero": 123, "tyyppi": "Liikennevalot", "risteys": "Lönnrotinkatu/Fredrikinkatu", "lisatiedot": "", "datanomistaja": "Helsinki/MAKA", "paivitetty_tietopalveluun": "2026-08-14"}}, {"type": "Feature", "id": "Liikennevalot_piste.276", "geometry": {"type": "Point", "coordinates": [24.93703897, 60.16432487]}, "geometry_name": "geom", "properties": {"id": 276, "numero": 125, "tyyppi": "Liikennevalot", "risteys": "Bulevardi/Fredrikinkatu", "lisatiedot": "", "datanomistaja": "Helsinki/MAKA", "paivitetty_tietopalveluun": "2026-08-14"}}, {"type": "Feature", "id": "Liikennevalot_piste.277", "geometry": {"type": "Point", "coordinates": [24.93812824, 60.1635428]}, "geometry_name": "geom", "properties": {"id": 277, "numero": 127, "tyyppi": "Liikennevalot", "risteys": "Fredrikinkatu/Uudenmaankatu", "lisatiedot": "", "datanomistaja": "Helsinki/MAKA", "paivitetty_tietopalveluun": "2026-08-14"}}, {"type": "Feature", "id": "Liikennevalot_piste.261", "geometry": {"type": "Point", "coordinates": [24.93935824, 60.16514115]}, "geometry_name": "geom", "properties": {"id": 261, "numero": 128, "tyyppi": "Liikennevalot", "risteys": "Bulevardi/Annankatu", "lisatiedot": "", "datanomistaja": "Helsinki/MAKA", "paivitetty_tietopalveluun": "2026-08-14"}}, {"type": "Feature", "id": "Liikennevalot_piste.262", "geometry": {"type": "Point", "coordinates": [24.9404493, 60.16435313]}, "geometry_name": "geom", "properties": {"id": 262, "numero": 206, "tyyppi": "Liikennevalot", "risteys": "Uudenmaankatu/Annankatu", "lisatiedot": "", "datanomistaja": "Helsinki/MAKA", "paivitetty_tietopalveluun": "2026-08-14"}}, {"type": "Feature", "id": "Liikennevalot_piste.258", "geometry": {"type": "Point", "coordinates": [24.94281218, 60.16517039]}, "geometry_name": "geom", "properties": {"id": 258, "numero": 208, "tyyppi": "Liikennevalot", "risteys": "Uudenmaankatu/Yrjönkatu", "lisatiedot": "", "datanomistaja": "Helsinki/MAKA", "paivitetty_tietopalveluun": "2026-08-14"}}, {"type": "Feature", "id": "Liikennevalot_piste.257", "geometry": {"type": "Point", "coordinates": [24.94388004, 60.1655385]}, "geometry_name": "geom", "properties": {"id": 257, "numero": 210, "tyyppi": "Liikennevalot", "risteys": "Uudenmaankatu/Erottajankatu/Ludviginkatu", "lisatiedot": "", "datanomistaja": "Helsinki/MAKA", "paivitetty_tietopalveluun": "2026-08-14"}}, {"type": "Feature", "id": "Liikennevalot_piste.253", "geometry": {"type": "Point", "coordinates": [24.94377568, 60.16657172]}, "geometry_name": "geom", "properties": {"id": 253, "numero": 212, "tyyppi": "Liikennevalot", "risteys": "Erottaja", "lisatiedot": "", "datanomistaja": "Helsinki/MAKA", "paivitetty_tietopalveluun": "2026-08-14"}}, {"type": "Feature", "id": "Liikennevalot_piste.254", "geometry": {"type": "Point", "coordinates": [24.94213426, 60.16753946]}, "geometry_name": "geom", "properties": {"id": 254, "numero": 209, "tyyppi": "Liikennevalot", "risteys": "Mannerheimintie/Pohjoisesplanadi/Lönnrotinkatu", "lisatiedot": "", "datanomistaja": "Helsinki/MAKA", "paivitetty_tietopalveluun": "2026-08-14"}}, {"type": "Feature", "id": "Liikennevalot_piste.264", "geometry": {"type": "Point", "coordinates": [24.93985669, 60.16901065]}, "geometry_name": "geom", "properties": {"id": 264, "numero": 224, "tyyppi": "Liikennevalot", "risteys": "Mannerheimintie/Ylioppilastalo (suojatie)", "lisatiedot": "", "datanomistaja": "Helsinki/MAKA", "paivitetty_tietopalveluun": "2026-08-14"}}, {"type": "Feature", "id": "Liikennevalot_piste.251", "geometry": {"type": "Point", "coordinates": [24.94765077, 60.16716674]}, "geometry_name": "geom", "properties": {"id": 251, "numero": 216, "tyyppi": "Liikennevalot", "risteys": "Eteläesplanadi/Kasarmikatu", "lisatiedot": "", "datanomistaja": "Helsinki/MAKA", "paivitetty_tietopalveluun": "2026-08-14"}}, {"type": "Feature", "id": "Liikennevalot_piste.252", "geometry": {"type": "Point", "coordinates": [24.94576066, 60.16711899]}, "geometry_name": "geom", "properties": {"id": 252, "numero": 214, "tyyppi": "Liikennevalot", "risteys": "Eteläesplanadi/Korkeavuorenkatu", "lisatiedot": "", "datanomistaja": "Helsinki/MAKA", "paivitetty_tietopalveluun": "2026-08-14"}}, {"type": "Feature", "id": "Liikennevalot_piste.278", "geometry": {"type": "Point", "coordinates": [24.93450227, 60.16344688]}, "geometry_name": "geom", "properties": {"id": 278, "numero": 124, "tyyppi": "Liikennevalot", "risteys": "Bulevardi/Albertinkatu", "lisatiedot": "", "datanomistaja": "Helsinki/MAKA", "paivitetty_tietopalveluun": "2026-08-14"}}, {"type": "Feature", "id": "Liikennevalot_piste.279", "geometry": {"type": "Point", "coordinates": [24.93562345, 60.16267277]}, "geometry_name": "geom", "properties": {"id": 279, "numero": 126, "tyyppi": "Liikennevalot", "risteys": "Albertinkatu/Uudenmaankatu", "lisatiedot": "", "datanomistaja": "Helsinki/MAKA", "paivitetty_tietopalveluun": "2026-08-14"}}, {"type": "Feature", "id": "Liikennevalot_piste.275", "geometry": {"type": "Point", "coordinates": [24.9330852, 60.16446788]}, "geometry_name": "geom", "properties": {"id": 275, "numero": 122, "tyyppi": "Liikennevalot", "risteys": "Lönnrotinkatu/Albertinkatu", "lisatiedot": "", "datanomistaja": "Helsinki/MAKA", "paivitetty_tietopalveluun": "2026-08-14"}}, {"type": "Feature", "id": "Liikennevalot_piste.273", "geometry": {"type": "Point", "coordinates": [24.93201891, 60.16524974]}, "geometry_name": "geom", "properties": {"id": 273, "numero": 120, "tyyppi": "Liikennevalot", "risteys": "Albertinkatu/Kalevankatu", "lisatiedot": "", "datanomistaja": "Helsinki/MAKA", "paivitetty_tietopalveluun": "2026-08-14"}}, {"type": "Feature", "id": "Liikennevalot_piste.272", "geometry": {"type": "Point", "coordinates": [24.93123806, 60.16579374]}, "geometry_name": "geom", "properties": {"id": 272, "numero": 118, "tyyppi": "Liikennevalot", "risteys": "Albertinkatu/Eerikinkatu", "lisatiedot": "", "datanomistaja": "Helsinki/MAKA", "paivitetty_tietopalveluun": "2026-08-14"}}, {"type": "Feature", "id": "Liikennevalot_piste.295", "geometry": {"type": "Point", "coordinates": [24.9139948, 60.16334921]}, "geometry_name": "geom", "properties": {"id": 295, "numero": 264, "tyyppi": "Liikennevalot", "risteys": "Itämerenkatu/Ruoholahden metroasema (suojatie)", "lisatiedot": "", "datanomistaja": "Helsinki/MAKA", "paivitetty_tietopalveluun": "2026-08-14"}}, {"type": "Feature", "id": "Liikennevalot_piste.149", "geometry": {"type": "Point", "coordinates": [24.95297179, 60.19623254]}, "geometry_name": "geom", "properties": {"id": 149, "numero": 342, "tyyppi": "Liikennevalot", "risteys": "Mäkelänkatu/Nokiankuja (suojatie)", "lisatiedot": "", "datanomistaja": "Helsinki/MAKA", "paivitetty_tietopalveluun": "2026-08-14"}}, {"type": "Feature", "id": "Liikennevalot_piste.299", "geometry": {"type": "Point", "coordinates": [24.91236355, 60.16435846]}, "geometry_name": "geom", "properties": {"id": 299, "numero": 263, "tyyppi": "Liikennevalot", "risteys": "Porkkalankatu/Länsiväylä", "lisatiedot": "", "datanomistaja": "Helsinki/MAKA", "paivitetty_tietopalveluun": "2026-08-14"}}, {"type": "Feature", "id": "Liikennevalot_piste.301", "geometry": {"type": "Point", "coordinates": [24.90781357, 60.16312712]}, "geometry_name": "geom", "properties": {"id": 301, "numero": 275, "tyyppi": "Liikennevalot", "risteys": "Itämerenkatu/Länsisatamankatu", "lisatiedot": "", "datanomistaja": "Helsinki/MAKA", "paivitetty_tietopalveluun": "2026-08-14"}}, {"type": "Feature", "id": "Liikennevalot_piste.303", "geometry": {"type": "Point", "coordinates": [24.90357161, 60.16298726]}, "geometry_name": "geom", "properties": {"id": 303, "numero": 260, "tyyppi": "Liikennevalot", "risteys": "Porkkalankatu/Tallberginkatu", "lisatiedot": "", "datanomistaja": "Helsinki/MAKA", "paivitetty_tietopalveluun": "2026-08-14"}}, {"type": "Feature", "id": "Liikennevalot_piste.304", "geometry": {"type": "Point", "coordinates": [24.89201654, 60.16140641]}, "geometry_name": "geom", "properties": {"id": 304, "numero": 289, "tyyppi": "Liikennevalot", "risteys": "Lauttasaarentie/Pohjoiskaari", "lisatiedot": "", "datanomistaja": "Helsinki/MAKA", "paivitetty_tietopalveluun": "2026-08-14"}}, {"type": "Feature", "id": "Liikennevalot_piste.305", "geometry": {"type": "Point", "coordinates": [24.8891068, 60.16108225]}, "geometry_name": "geom", "properties": {"id": 305, "numero": 288, "tyyppi": "Liikennevalot", "risteys": "Lauttasaarentie/Meripuistotie", "lisatiedot": "", "datanomistaja": "Helsinki/MAKA", "paivitetty_tietopalveluun": "2026-08-14"}}, {"type": "Feature", "id": "Liikennevalot_piste.306", "geometry": {"type": "Point", "coordinates": [24.88735598, 60.15930826]}, "geometry_name": "geom", "properties": {"id": 306, "numero": 290, "tyyppi": "Liikennevalot", "risteys": "Meripuistotie/Pajalahdentie", "lisatiedot": "", "datanomistaja": "Helsinki/MAKA", "paivitetty_tietopalveluun": "2026-08-14"}}, {"type": "Feature", "id": "Liikennevalot_piste.307", "geometry": {"type": "Point", "coordinates": [24.87927242, 60.15778326]}, "geometry_name": "geom", "properties": {"id": 307, "numero": 297, "tyyppi": "Liikennevalot", "risteys": "Tallbergin puistotie/Otavantie", "lisatiedot": "", "datanomistaja": "Helsinki/MAKA", "paivitetty_tietopalveluun": "2026-08-14"}}, {"type": "Feature", "id": "Liikennevalot_piste.309", "geometry": {"type": "Point", "coordinates": [24.87529382, 60.161034]}, "geometry_name": "geom", "properties": {"id": 309, "numero": 283, "tyyppi": "Liikennevalot", "risteys": "Lauttasaarentien/Särkiniementie/Lemissaarentie", "lisatiedot": "", "datanomistaja": "Helsinki/MAKA", "paivitetty_tietopalveluun": "2026-08-14"}}, {"type": "Feature", "id": "Liikennevalot_piste.310", "geometry": {"type": "Point", "coordinates": [24.87493876, 60.15996784]}, "geometry_name": "geom", "properties": {"id": 310, "numero": 294, "tyyppi": "Liikennevalot", "risteys": "Särkiniementie/Lahnalahden puisto (suojatie)", "lisatiedot": "", "datanomistaja": "Helsinki/MAKA", "paivitetty_tietopalveluun": "2026-08-14"}}, {"type": "Feature", "id": "Liikennevalot_piste.311", "geometry": {"type": "Point", "coordinates": [24.87423891, 60.15824558]}, "geometry_name": "geom", "properties": {"id": 311, "numero": 295, "tyyppi": "Liikennevalot", "risteys": "Särkiniementie/Tallbergin puistotie", "lisatiedot": "", "datanomistaja": "Helsinki/MAKA", "paivitetty_tietopalveluun": "2026-08-14"}}, {"type": "Feature", "id": "Liikennevalot_piste.312", "geometry": {"type": "Point", "coordinates": [24.87599387, 60.1580802]}, "geometry_name": "geom", "properties": {"id": 312, "numero": 296, "tyyppi": "Liikennevalot", "risteys": "Tallbergin puistotie/Haahkakuja (suojatie)", "lisatiedot": "", "datanomistaja": "Helsinki/MAKA", "paivitetty_tietopalveluun": "2026-08-14"}}, {"type": "Feature", "id": "Liikennevalot_piste.317", "geometry": {"type": "Point", "coordinates": [24.90826308, 60.21971065]}, "geometry_name": "geom", "properties": {"id": 317, "numero": 800, "tyyppi": "Liikennevalot", "risteys": "Metsäläntie/Nurmijärventie (länsiramppi)", "lisatiedot": "", "datanomistaja": "Helsinki/MAKA", "paivitetty_tietopalveluun": "2026-08-14"}}, {"type": "Feature", "id": "Liikennevalot_piste.318", "geometry": {"type": "Point", "coordinates": [24.8976293, 60.22442127]}, "geometry_name": "geom", "properties": {"id": 318, "numero": 842, "tyyppi": "Liikennevalot", "risteys": "Eliel Saarisen tie/Aino Ackten tie", "lisatiedot": "Jokerivalot ja muuttuva infotaulu", "datanomistaja": "Helsinki/MAKA", "paivitetty_tietopalveluun": "2026-08-14"}}, {"type": "Feature", "id": "Liikennevalot_piste.319", "geometry": {"type": "Point", "coordinates": [24.89995749, 60.22599234]}, "geometry_name": "geom", "properties": {"id": 319, "numero": 843, "tyyppi": "Liikennevalot", "risteys": "Eliel Saarisen tie/Maria Jotunin tie (suojatie)", "lisatiedot": "", "datanomistaja": "Helsinki/MAKA", "paivitetty_tietopalveluun": "2026-08-14"}}, {"type": "Feature", "id": "Liikennevalot_piste.320", "geometry": {"type": "Point", "coordinates": [24.89565536, 60.22627767]}, "geometry_name": "geom", "properties": {"id": 320, "numero": 844, "tyyppi": "Liikennevalot", "risteys": "Näyttelijäntie/Pietari Hannikaisen tie", "lisatiedot": "", "datanomistaja": "Helsinki/MAKA", "paivitetty_tietopalveluun": "2026-08-14"}}, {"type": "Feature", "id": "Liikennevalot_piste.322", "geometry": {"type": "Point", "coordinates": [24.88178757, 60.23048651]}, "geometry_name": "geom", "properties": {"id": 322, "numero": 837, "tyyppi": "Liikennevalot", "risteys": "Leiviskäpolku", "lisatiedot": "JK-valot", "datanomistaja": "Helsinki/MAKA", "paivitetty_tietopalveluun": "2026-08-14"}}, {"type": "Feature", "id": "Liikennevalot_piste.323", "geometry": {"type": "Point", "coordinates": [24.88916864, 60.23297054]}, "geometry_name": "geom", "properties": {"id": 323, "numero": 846, "tyyppi": "Liikennevalot", "risteys": "Kaupintie/Näyttelijäntie", "lisatiedot": "", "datanomistaja": "Helsinki/MAKA", "paivitetty_tietopalveluun": "2026-08-14"}}, {"type": "Feature", "id": "Liikennevalot_piste.325", "geometry": {"type": "Point", "coordinates": [24.92049276, 60.23107684]}, "geometry_name": "geom", "properties": {"id": 325, "numero": 859, "tyyppi": "Liikennevalot", "risteys": "Pirkkolantie/Metsäpurontie (suojatie)", "lisatiedot": "", "datanomistaja": "Helsinki/MAKA", "paivitetty_tietopalveluun": "2026-08-14"}}, {"type": "Feature", "id": "Liikennevalot_piste.326", "geometry": {"type": "Point", "coordinates": [24.93451682, 60.23123824]}, "geometry_name": "geom", "properties": {"id": 326, "numero": 877, "tyyppi": "Liikennevalot", "risteys": "Pakilantie/Metsäpurontie", "lisatiedot": "", "datanomistaja": "Helsinki/MAKA", "paivitetty_tietopalveluun": "2026-08-14"}}, {"type": "Feature", "id": "Liikennevalot_piste.328", "geometry": {"type": "Point", "coordinates": [24.9669553, 60.22734278]}, "geometry_name": "geom", "properties": {"id": 328, "numero": 851, "tyyppi": "Liikennevalot", "risteys": "Maaherrantie/Oulunkyläntie", "lisatiedot": "Jokerivalot", "datanomistaja": "Helsinki/MAKA", "paivitetty_tietopalveluun": "2026-08-14"}}, {"type": "Feature", "id": "Liikennevalot_piste.329", "geometry": {"type": "Point", "coordinates": [24.97549597, 60.23736061]}, "geometry_name": "geom", "properties": {"id": 329, "numero": 870, "tyyppi": "Liikennevalot", "risteys": "Käskynhaltijantie/Liukumäentie", "lisatiedot": "", "datanomistaja": "Helsinki/MAKA", "paivitetty_tietopalveluun": "2026-08-14"}}, {"type": "Feature", "id": "Liikennevalot_piste.331", "geometry": {"type": "Point", "coordinates": [25.00238916, 60.23937637]}, "geometry_name": "geom", "properties": {"id": 331, "numero": 519, "tyyppi": "Liikennevalot", "risteys": "Rapakiventie/Lucina Hagmanin kuja (suojatie)", "lisatiedot": "", "datanomistaja": "Helsinki/MAKA", "paivitetty_tietopalveluun": "2026-08-14"}}, {"type": "Feature", "id": "Liikennevalot_piste.332", "geometry": {"type": "Point", "coordinates": [24.99667107, 60.24120578]}, "geometry_name": "geom", "properties": {"id": 332, "numero": 518, "tyyppi": "Liikennevalot", "risteys": "Kehä I/Malminkaari (eteläramppi)", "lisatiedot": "", "datanomistaja": "Helsinki/MAKA", "paivitetty_tietopalveluun": "2026-08-14"}}, {"type": "Feature", "id": "Liikennevalot_piste.333", "geometry": {"type": "Point", "coordinates": [24.9965344, 60.24274418]}, "geometry_name": "geom", "properties": {"id": 333, "numero": 517, "tyyppi": "Liikennevalot", "risteys": "Malminkaari/Eskolantie", "lisatiedot": "", "datanomistaja": "Helsinki/MAKA", "paivitetty_tietopalveluun": "2026-08-14"}}, {"type": "Feature", "id": "Liikennevalot_piste.334", "geometry": {"type": "Point", "coordinates": [24.98134321, 60.2411231]}, "geometry_name": "geom", "properties": {"id": 334, "numero": 511, "tyyppi": "Liikennevalot", "risteys": "Pukinmäenkaari/Kehä I (eteläinen ramppi)", "lisatiedot": "", "datanomistaja": "Helsinki/MAKA", "paivitetty_tietopalveluun": "2026-08-14"}}, {"type": "Feature", "id": "Liikennevalot_piste.335", "geometry": {"type": "Point", "coordinates": [24.98107031, 60.24214656]}, "geometry_name": "geom", "properties": {"id": 335, "numero": 512, "tyyppi": "Liikennevalot", "risteys": "Pukinmäenkaari/Kehä I (pohjoinen ramppi)", "lisatiedot": "", "datanomistaja": "Helsinki/MAKA", "paivitetty_tietopalveluun": "2026-08-14"}}, {"type": "Feature", "id": "Liikennevalot_piste.336", "geometry": {"type": "Point", "coordinates": [24.97889462, 60.24376726]}, "geometry_name": "geom", "properties": {"id": 336, "numero": 513, "tyyppi": "Liikennevalot", "risteys": "Pukinmäenkaari/Jokipellontie (suojatie)", "lisatiedot": "", "datanomistaja": "Helsinki/MAKA", "paivitetty_tietopalveluun": "2026-08-14"}}, {"type": "Feature", "id": "Liikennevalot_piste.337", "geometry": {"type": "Point", "coordinates": [24.95933582, 60.2425371]}, "geometry_name": "geom", "properties": {"id": 337, "numero": 898, "tyyppi": "Liikennevalot", "risteys": "Yhdyskunnantie/Manttaalitie", "lisatiedot": "", "datanomistaja": "Helsinki/MAKA", "paivitetty_tietopalveluun": "2026-08-14"}}, {"type": "Feature", "id": "Liikennevalot_piste.338", "geometry": {"type": "Point", "coordinates": [24.95828353, 60.24929634]}, "geometry_name": "geom", "properties": {"id": 338, "numero": 896, "tyyppi": "Liikennevalot", "risteys": "Yhdyskunnantie/Lukupolku", "lisatiedot": "", "datanomistaja": "Helsinki/MAKA", "paivitetty_tietopalveluun": "2026-08-14"}}, {"type": "Feature", "id": "Liikennevalot_piste.339", "geometry": {"type": "Point", "coordinates": [24.92861647, 60.23800898]}, "geometry_name": "geom", "properties": {"id": 339, "numero": 880, "tyyppi": "Liikennevalot", "risteys": "Pakilantie/Osuuskunnantie", "lisatiedot": "", "datanomistaja": "Helsinki/MAKA", "paivitetty_tietopalveluun": "2026-08-14"}}, {"type": "Feature", "id": "Liikennevalot_piste.340", "geometry": {"type": "Point", "coordinates": [24.92753533, 60.24058179]}, "geometry_name": "geom", "properties": {"id": 340, "numero": 882, "tyyppi": "Liikennevalot", "risteys": "Pakilantie/Kehä I (eteläinen ramppi)", "lisatiedot": "", "datanomistaja": "Helsinki/MAKA", "paivitetty_tietopalveluun": "2026-08-14"}}, {"type": "Feature", "id": "Liikennevalot_piste.341", "geometry": {"type": "Point", "coordinates": [24.92642922, 60.24208203]}, "geometry_name": "geom", "properties": {"id": 341, "numero": 883, "tyyppi": "Liikennevalot", "risteys": "Pakilantie/Kehä I (pohjoinen ramppi)", "lisatiedot": "", "datanomistaja": "Helsinki/MAKA", "paivitetty_tietopalveluun": "2026-08-14"}}, {"type": "Feature", "id": "Liikennevalot_piste.342", "geometry": {"type": "Point", "coordinates": [24.9258303, 60.2429131]}, "geometry_name": "geom", "properties": {"id": 342, "numero": 884, "tyyppi": "Liikennevalot", "risteys": "Pakilantie/Halkosuontie", "lisatiedot": "", "datanomistaja": "Helsinki/MAKA", "paivitetty_tietopalveluun": "2026-08-14"}}, {"type": "Feature", "id": "Liikennevalot_piste.344", "geometry": {"type": "Point", "coordinates": [24.91893001, 60.25249307]}, "geometry_name": "geom", "properties": {"id": 344, "numero": 890, "tyyppi": "Liikennevalot", "risteys": "Pakilantie 120 (suojatie)", "lisatiedot": "", "datanomistaja": "Helsinki/MAKA", "paivitetty_tietopalveluun": "2026-08-14"}}, {"type": "Feature", "id": "Liikennevalot_piste.347", "geometry": {"type": "Point", "coordinates": [24.93908894, 60.25672691]}, "geometry_name": "geom", "properties": {"id": 347, "numero": 893, "tyyppi": "Liikennevalot", "risteys": "Kuusmiehentie/Tulustie", "lisatiedot": "", "datanomistaja": "Helsinki/MAKA", "paivitetty_tietopalveluun": "2026-08-14"}}, {"type": "Feature", "id": "Liikennevalot_piste.348", "geometry": {"type": "Point", "coordinates": [24.94519728, 60.25663485]}, "geometry_name": "geom", "properties": {"id": 348, "numero": 894, "tyyppi": "Liikennevalot", "risteys": "Kuusmiehenkaari", "lisatiedot": "JK-valot", "datanomistaja": "Helsinki/MAKA", "paivitetty_tietopalveluun": "2026-08-14"}}, {"type": "Feature", "id": "Liikennevalot_piste.350", "geometry": {"type": "Point", "coordinates": [24.98828214, 60.24952734]}, "geometry_name": "geom", "properties": {"id": 350, "numero": 515, "tyyppi": "Liikennevalot", "risteys": "Karhusuontie/Kuismankuja (suojatie)", "lisatiedot": "", "datanomistaja": "Helsinki/MAKA", "paivitetty_tietopalveluun": "2026-08-14"}}, {"type": "Feature", "id": "Liikennevalot_piste.352", "geometry": {"type": "Point", "coordinates": [24.99804335, 60.24890038]}, "geometry_name": "geom", "properties": {"id": 352, "numero": 516, "tyyppi": "Liikennevalot", "risteys": "Pukinmäenkaari/Kenttätie (suojatie)", "lisatiedot": "", "datanomistaja": "Helsinki/MAKA", "paivitetty_tietopalveluun": "2026-08-14"}}, {"type": "Feature", "id": "Liikennevalot_piste.313", "geometry": {"type": "Point", "coordinates": [24.8691491, 60.16156578]}, "geometry_name": "geom", "properties": {"id": 313, "numero": 281, "tyyppi": "Liikennevalot", "risteys": "Lauttasaarentie/Lahnalahdentie (suojatie)", "lisatiedot": "", "datanomistaja": "Helsinki/MAKA", "paivitetty_tietopalveluun": "2026-08-14"}}, {"type": "Feature", "id": "Liikennevalot_piste.308", "geometry": {"type": "Point", "coordinates": [24.87772836, 60.16068842]}, "geometry_name": "geom", "properties": {"id": 308, "numero": 284, "tyyppi": "Liikennevalot", "risteys": "Lauttasaarentie/Gyldenintie", "lisatiedot": "", "datanomistaja": "Helsinki/MAKA", "paivitetty_tietopalveluun": "2026-08-14"}}, {"type": "Feature", "id": "Liikennevalot_piste.302", "geometry": {"type": "Point", "coordinates": [24.90517806, 60.16352812]}, "geometry_name": "geom", "properties": {"id": 302, "numero": 261, "tyyppi": "Liikennevalot", "risteys": "Porkkalankatu/Itämerenkatu (suojatie)", "lisatiedot": "", "datanomistaja": "Helsinki/MAKA", "paivitetty_tietopalveluun": "2026-08-14"}}, {"type": "Feature", "id": "Liikennevalot_piste.300", "geometry": {"type": "Point", "coordinates": [24.90780012, 60.1642172]}, "geometry_name": "geom", "properties": {"id": 300, "numero": 262, "tyyppi": "Liikennevalot", "risteys": "Porkkalankatu/Länsisatamankatu", "lisatiedot": "", "datanomistaja": "Helsinki/MAKA", "paivitetty_tietopalveluun": "2026-08-14"}}, {"type": "Feature", "id": "Liikennevalot_piste.296", "geometry": {"type": "Point", "coordinates": [24.91546673, 60.16444067]}, "geometry_name": "geom", "properties": {"id": 296, "numero": 265, "tyyppi": "Liikennevalot", "risteys": "Porkkalankatu/Mechelininkatu (menoramppi)", "lisatiedot": "", "datanomistaja": "Helsinki/MAKA", "paivitetty_tietopalveluun": "2026-08-14"}}, {"type": "Feature", "id": "Liikennevalot_piste.324", "geometry": {"type": "Point", "coordinates": [24.86636763, 60.25104016]}, "geometry_name": "geom", "properties": {"id": 324, "numero": 818, "tyyppi": "Liikennevalot", "risteys": "Malminkartanontie/Rukkilanpolku (suojatie)", "lisatiedot": "", "datanomistaja": "Helsinki/MAKA", "paivitetty_tietopalveluun": "2026-08-14"}}, {"type": "Feature", "id": "Liikennevalot_piste.316", "geometry": {"type": "Point", "coordinates": [24.8982876, 60.21531339]}, "geometry_name": "geom", "properties": {"id": 316, "numero": 50, "tyyppi": "Liikennevalot", "risteys": "Kauppalantie/Palokaivon aukio (suojatie)", "lisatiedot": "", "datanomistaja": "Helsinki/MAKA", "paivitetty_tietopalveluun": "2026-08-14"}}, {"type": "Feature", "id": "Liikennevalot_piste.315", "geometry": {"type": "Point", "coordinates": [24.89839886, 60.21254619]}, "geometry_name": "geom", "properties": {"id": 315, "numero": 51, "tyyppi": "Liikennevalot", "risteys": "Kauppalantie/Kylänevantie", "lisatiedot": "", "datanomistaja": "Helsinki/MAKA", "paivitetty_tietopalveluun": "2026-08-14"}}, {"type": "Feature", "id": "Liikennevalot_piste.351", "geometry": {"type": "Point", "coordinates": [24.98719603, 60.25168419]}, "geometry_name": "geom", "properties": {"id": 351, "numero": 514, "tyyppi": "Liikennevalot", "risteys": "Pukinmäenkaari/Katajamäentie", "lisatiedot": "", "datanomistaja": "Helsinki/MAKA", "paivitetty_tietopalveluun": "2026-08-14"}}, {"type": "Feature", "id": "Liikennevalot_piste.345", "geometry": {"type": "Point", "coordinates": [24.92035369, 60.25484816]}, "geometry_name": "geom", "properties": {"id": 345, "numero": 891, "tyyppi": "Liikennevalot", "risteys": "Kuusmiehentie/Paloheinän ulkoilumaja", "lisatiedot": "", "datanomistaja": "Helsinki/MAKA", "paivitetty_tietopalveluun": "2026-08-14"}}, {"type": "Feature", "id": "Liikennevalot_piste.346", "geometry": {"type": "Point", "coordinates": [24.92999286, 60.25584067]}, "geometry_name": "geom", "properties": {"id": 346, "numero": 892, "tyyppi": "Liikennevalot", "risteys": "Kuusmiehentie/Paloheinän koulu", "lisatiedot": "", "datanomistaja": "Helsinki/MAKA", "paivitetty_tietopalveluun": "2026-08-14"}}, {"type": "Feature", "id": "Liikennevalot_piste.297", "geometry": {"type": "Point", "coordinates": [24.9161553, 60.16454466]}, "geometry_name": "geom", "properties": {"id": 297, "numero": 277, "tyyppi": "Liikennevalot", "risteys": "Porkkalankatu/Mechelininkatu (tuloramppi)", "lisatiedot": "", "datanomistaja": "Helsinki/MAKA", "paivitetty_tietopalveluun": "2026-08-14"}}, {"type": "Feature", "id": "Liikennevalot_piste.298", "geometry": {"type": "Point", "coordinates": [24.92097877, 60.16464545]}, "geometry_name": "geom", "properties": {"id": 298, "numero": 266, "tyyppi": "Liikennevalot", "risteys": "Mechelininkatu/Porkkalankatu (rampit)/Telia", "lisatiedot": "", "datanomistaja": "Helsinki/MAKA", "paivitetty_tietopalveluun": "2026-08-14"}}, {"type": "Feature", "id": "Liikennevalot_piste.354", "geometry": {"type": "Point", "coordinates": [25.02072492, 60.24047819]}, "geometry_name": "geom", "properties": {"id": 354, "numero": 525, "tyyppi": "Liikennevalot", "risteys": "Pihlajamäentie/Kehä I (eteläramppi)", "lisatiedot": "", "datanomistaja": "Helsinki/MAKA", "paivitetty_tietopalveluun": "2026-08-14"}}, {"type": "Feature", "id": "Liikennevalot_piste.355", "geometry": {"type": "Point", "coordinates": [25.02011663, 60.24222113]}, "geometry_name": "geom", "properties": {"id": 355, "numero": 527, "tyyppi": "Liikennevalot", "risteys": "Vanha Helsingintie/Tattariharjuntie", "lisatiedot": "", "datanomistaja": "Helsinki/MAKA", "paivitetty_tietopalveluun": "2026-08-14"}}, {"type": "Feature", "id": "Liikennevalot_piste.356", "geometry": {"type": "Point", "coordinates": [25.01536008, 60.24351347]}, "geometry_name": "geom", "properties": {"id": 356, "numero": 528, "tyyppi": "Liikennevalot", "risteys": "Latokartanontie/Riihenkulma (suojatie)", "lisatiedot": "", "datanomistaja": "Helsinki/MAKA", "paivitetty_tietopalveluun": "2026-08-14"}}, {"type": "Feature", "id": "Liikennevalot_piste.357", "geometry": {"type": "Point", "coordinates": [25.01081607, 60.2477811]}, "geometry_name": "geom", "properties": {"id": 357, "numero": 529, "tyyppi": "Liikennevalot", "risteys": "Latokartanontie/Vilppulantie/Malmin asematie", "lisatiedot": "", "datanomistaja": "Helsinki/MAKA", "paivitetty_tietopalveluun": "2026-08-14"}}, {"type": "Feature", "id": "Liikennevalot_piste.358", "geometry": {"type": "Point", "coordinates": [25.01013026, 60.24841429]}, "geometry_name": "geom", "properties": {"id": 358, "numero": 529, "tyyppi": "Liikennevalot", "risteys": "Latokartanontie/Vilppulantie/Malmin asematie", "lisatiedot": "", "datanomistaja": "Helsinki/MAKA", "paivitetty_tietopalveluun": "2026-08-14"}}, {"type": "Feature", "id": "Liikennevalot_piste.359", "geometry": {"type": "Point", "coordinates": [25.00884303, 60.24975862]}, "geometry_name": "geom", "properties": {"id": 359, "numero": 530, "tyyppi": "Liikennevalot", "risteys": "Kirkonkyläntie/Malmin terminaali (eteläinen)", "lisatiedot": "", "datanomistaja": "Helsinki/MAKA", "paivitetty_tietopalveluun": "2026-08-14"}}, {"type": "Feature", "id": "Liikennevalot_piste.360", "geometry": {"type": "Point", "coordinates": [25.00861561, 60.25061017]}, "geometry_name": "geom", "properties": {"id": 360, "numero": 531, "tyyppi": "Liikennevalot", "risteys": "Malmin terminaali (pohjoinen risteys)", "lisatiedot": "", "datanomistaja": "Helsinki/MAKA", "paivitetty_tietopalveluun": "2026-08-14"}}, {"type": "Feature", "id": "Liikennevalot_piste.361", "geometry": {"type": "Point", "coordinates": [25.00689408, 60.25225335]}, "geometry_name": "geom", "properties": {"id": 361, "numero": 532, "tyyppi": "Liikennevalot", "risteys": "Kirkonkyläntie/Malmin raitti/Markkinatie", "lisatiedot": "", "datanomistaja": "Helsinki/MAKA", "paivitetty_tietopalveluun": "2026-08-14"}}, {"type": "Feature", "id": "Liikennevalot_piste.362", "geometry": {"type": "Point", "coordinates": [25.00283835, 60.25379678]}, "geometry_name": "geom", "properties": {"id": 362, "numero": 533, "tyyppi": "Liikennevalot", "risteys": "Kirkonkyläntie/Sairaalakatu (suojatie)", "lisatiedot": "", "datanomistaja": "Helsinki/MAKA", "paivitetty_tietopalveluun": "2026-08-14"}}, {"type": "Feature", "id": "Liikennevalot_piste.363", "geometry": {"type": "Point", "coordinates": [25.00156417, 60.25535554]}, "geometry_name": "geom", "properties": {"id": 363, "numero": 535, "tyyppi": "Liikennevalot", "risteys": "Kirkonkyläntie/Tukkisillantie (suojatie)", "lisatiedot": "", "datanomistaja": "Helsinki/MAKA", "paivitetty_tietopalveluun": "2026-08-14"}}, {"type": "Feature", "id": "Liikennevalot_piste.364", "geometry": {"type": "Point", "coordinates": [24.99842732, 60.25686799]}, "geometry_name": "geom", "properties": {"id": 364, "numero": 534, "tyyppi": "Liikennevalot", "risteys": "Kirkonkyläntie/Laulurastaantie/Syystie", "lisatiedot": "", "datanomistaja": "Helsinki/MAKA", "paivitetty_tietopalveluun": "2026-08-14"}}, {"type": "Feature", "id": "Liikennevalot_piste.327", "geometry": {"type": "Point", "coordinates": [24.94624505, 60.22991851]}, "geometry_name": "geom", "properties": {"id": 327, "numero": 875, "tyyppi": "Liikennevalot", "risteys": "Käskynhaltijantie/Tuusulanväylän itäinen ramppi", "lisatiedot": "JK-valot", "datanomistaja": "Helsinki/MAKA", "paivitetty_tietopalveluun": "2026-08-14"}}, {"type": "Feature", "id": "Liikennevalot_piste.204", "geometry": {"type": "Point", "coordinates": [24.95180073, 60.21079095]}, "geometry_name": "geom", "properties": {"id": 204, "numero": 387, "tyyppi": "Liikennevalot", "risteys": "Koskelantie 17 (suojatie)", "lisatiedot": "", "datanomistaja": "Helsinki/MAKA", "paivitetty_tietopalveluun": "2026-08-14"}}, {"type": "Feature", "id": "Liikennevalot_piste.367", "geometry": {"type": "Point", "coordinates": [24.98344827, 60.26444959]}, "geometry_name": "geom", "properties": {"id": 367, "numero": 570, "tyyppi": "Liikennevalot", "risteys": "Tapaninkyläntie/Kirkonkyläntie", "lisatiedot": "", "datanomistaja": "Helsinki/MAKA", "paivitetty_tietopalveluun": "2026-08-14"}}, {"type": "Feature", "id": "Liikennevalot_piste.369", "geometry": {"type": "Point", "coordinates": [24.99777347, 60.27466054]}, "geometry_name": "geom", "properties": {"id": 369, "numero": 572, "tyyppi": "Liikennevalot", "risteys": "Suutarilantie/Oinaanpolku (suojatie)", "lisatiedot": "", "datanomistaja": "Helsinki/MAKA", "paivitetty_tietopalveluun": "2026-08-14"}}, {"type": "Feature", "id": "Liikennevalot_piste.370", "geometry": {"type": "Point", "coordinates": [25.00898793, 60.26703578]}, "geometry_name": "geom", "properties": {"id": 370, "numero": 568, "tyyppi": "Liikennevalot", "risteys": "Tapaninkyläntie/Sidekuja (suojatie)", "lisatiedot": "", "datanomistaja": "Helsinki/MAKA", "paivitetty_tietopalveluun": "2026-08-14"}}, {"type": "Feature", "id": "Liikennevalot_piste.371", "geometry": {"type": "Point", "coordinates": [25.01328028, 60.25697783]}, "geometry_name": "geom", "properties": {"id": 371, "numero": 545, "tyyppi": "Liikennevalot", "risteys": "Kotinummentie/Malmin raitti", "lisatiedot": "", "datanomistaja": "Helsinki/MAKA", "paivitetty_tietopalveluun": "2026-08-14"}}, {"type": "Feature", "id": "Liikennevalot_piste.372", "geometry": {"type": "Point", "coordinates": [25.03253684, 60.2490157]}, "geometry_name": "geom", "properties": {"id": 372, "numero": 540, "tyyppi": "Liikennevalot", "risteys": "Tullivuorentie/Pyrytie", "lisatiedot": "", "datanomistaja": "Helsinki/MAKA", "paivitetty_tietopalveluun": "2026-08-14"}}, {"type": "Feature", "id": "Liikennevalot_piste.373", "geometry": {"type": "Point", "coordinates": [25.02874652, 60.24241189]}, "geometry_name": "geom", "properties": {"id": 373, "numero": 526, "tyyppi": "Liikennevalot", "risteys": "Tattariharjuntie/Malmin Kalmistontie (suojatie)", "lisatiedot": "", "datanomistaja": "Helsinki/MAKA", "paivitetty_tietopalveluun": "2026-08-14"}}, {"type": "Feature", "id": "Liikennevalot_piste.376", "geometry": {"type": "Point", "coordinates": [25.00611766, 60.27780272]}, "geometry_name": "geom", "properties": {"id": 376, "numero": 573, "tyyppi": "Liikennevalot", "risteys": "Suutarilantie/Revontulentie/Vaskipellontie", "lisatiedot": "", "datanomistaja": "Helsinki/MAKA", "paivitetty_tietopalveluun": "2026-08-14"}}, {"type": "Feature", "id": "Liikennevalot_piste.377", "geometry": {"type": "Point", "coordinates": [25.01042487, 60.27991409]}, "geometry_name": "geom", "properties": {"id": 377, "numero": 581, "tyyppi": "Liikennevalot", "risteys": "Suutarilantie/Tapulikaupungintie", "lisatiedot": "", "datanomistaja": "Helsinki/MAKA", "paivitetty_tietopalveluun": "2026-08-14"}}, {"type": "Feature", "id": "Liikennevalot_piste.378", "geometry": {"type": "Point", "coordinates": [25.01153638, 60.2809902]}, "geometry_name": "geom", "properties": {"id": 378, "numero": 582, "tyyppi": "Liikennevalot", "risteys": "Suutarilantie/Sateenkaarentie", "lisatiedot": "", "datanomistaja": "Helsinki/MAKA", "paivitetty_tietopalveluun": "2026-08-14"}}, {"type": "Feature", "id": "Liikennevalot_piste.379", "geometry": {"type": "Point", "coordinates": [25.01222151, 60.28238964]}, "geometry_name": "geom", "properties": {"id": 379, "numero": 583, "tyyppi": "Liikennevalot", "risteys": "Suutarilantie/Lampputie", "lisatiedot": "", "datanomistaja": "Helsinki/MAKA", "paivitetty_tietopalveluun": "2026-08-14"}}, {"type": "Feature", "id": "Liikennevalot_piste.381", "geometry": {"type": "Point", "coordinates": [25.03092973, 60.27852471]}, "geometry_name": "geom", "properties": {"id": 381, "numero": 576, "tyyppi": "Liikennevalot", "risteys": "Tapulikaupungintie/Mintun päiväkoti", "lisatiedot": "JK-valot", "datanomistaja": "Helsinki/MAKA", "paivitetty_tietopalveluun": "2026-08-14"}}, {"type": "Feature", "id": "Liikennevalot_piste.385", "geometry": {"type": "Point", "coordinates": [25.07780125, 60.24520832]}, "geometry_name": "geom", "properties": {"id": 385, "numero": 729, "tyyppi": "Liikennevalot", "risteys": "Kontulankaari 22 (suojatie)", "lisatiedot": "", "datanomistaja": "Helsinki/MAKA", "paivitetty_tietopalveluun": "2026-08-14"}}, {"type": "Feature", "id": "Liikennevalot_piste.386", "geometry": {"type": "Point", "coordinates": [25.05374825, 60.23004507]}, "geometry_name": "geom", "properties": {"id": 386, "numero": 509, "tyyppi": "Liikennevalot", "risteys": "Kivikontie/Kehä I (eteläinen ramppi)", "lisatiedot": "", "datanomistaja": "Helsinki/MAKA", "paivitetty_tietopalveluun": "2026-08-14"}}, {"type": "Feature", "id": "Liikennevalot_piste.387", "geometry": {"type": "Point", "coordinates": [25.05521509, 60.23058755]}, "geometry_name": "geom", "properties": {"id": 387, "numero": 510, "tyyppi": "Liikennevalot", "risteys": "Kivikontie/Kehä I (pohjoinen ramppi)", "lisatiedot": "", "datanomistaja": "Helsinki/MAKA", "paivitetty_tietopalveluun": "2026-08-14"}}, {"type": "Feature", "id": "Liikennevalot_piste.388", "geometry": {"type": "Point", "coordinates": [25.04478048, 60.21463271]}, "geometry_name": "geom", "properties": {"id": 388, "numero": 761, "tyyppi": "Liikennevalot", "risteys": "Viikintie/Siilitie (suojatie)", "lisatiedot": "Suojatievalot", "datanomistaja": "Helsinki/MAKA", "paivitetty_tietopalveluun": "2026-08-14"}}, {"type": "Feature", "id": "Liikennevalot_piste.389", "geometry": {"type": "Point", "coordinates": [25.04332914, 60.21901608]}, "geometry_name": "geom", "properties": {"id": 389, "numero": 760, "tyyppi": "Liikennevalot", "risteys": "Viikintie/Viilarintie", "lisatiedot": "Jokerivalot", "datanomistaja": "Helsinki/MAKA", "paivitetty_tietopalveluun": "2026-08-14"}}, {"type": "Feature", "id": "Liikennevalot_piste.390", "geometry": {"type": "Point", "coordinates": [25.03668455, 60.22095148]}, "geometry_name": "geom", "properties": {"id": 390, "numero": 555, "tyyppi": "Liikennevalot", "risteys": "Viikintie", "lisatiedot": "JK-valot", "datanomistaja": "Helsinki/MAKA", "paivitetty_tietopalveluun": "2026-08-14"}}, {"type": "Feature", "id": "Liikennevalot_piste.391", "geometry": {"type": "Point", "coordinates": [25.02127171, 60.22396364]}, "geometry_name": "geom", "properties": {"id": 391, "numero": 554, "tyyppi": "Liikennevalot", "risteys": "Viikintie/Tilanhoitajankaari", "lisatiedot": "", "datanomistaja": "Helsinki/MAKA", "paivitetty_tietopalveluun": "2026-08-14"}}, {"type": "Feature", "id": "Liikennevalot_piste.392", "geometry": {"type": "Point", "coordinates": [25.01695732, 60.22480314]}, "geometry_name": "geom", "properties": {"id": 392, "numero": 553, "tyyppi": "Liikennevalot", "risteys": "Viikintie/Viikinkaari", "lisatiedot": "", "datanomistaja": "Helsinki/MAKA", "paivitetty_tietopalveluun": "2026-08-14"}}, {"type": "Feature", "id": "Liikennevalot_piste.394", "geometry": {"type": "Point", "coordinates": [25.01180776, 60.22810701]}, "geometry_name": "geom", "properties": {"id": 394, "numero": 520, "tyyppi": "Liikennevalot", "risteys": "Pihlajamäentie/Latokartanonkaari/Lahdentie (ramppi)", "lisatiedot": "", "datanomistaja": "Helsinki/MAKA", "paivitetty_tietopalveluun": "2026-08-14"}}, {"type": "Feature", "id": "Liikennevalot_piste.396", "geometry": {"type": "Point", "coordinates": [25.00996905, 60.23024444]}, "geometry_name": "geom", "properties": {"id": 396, "numero": 521, "tyyppi": "Liikennevalot", "risteys": "Pihlajamäentie/Pihlajistontie", "lisatiedot": "", "datanomistaja": "Helsinki/MAKA", "paivitetty_tietopalveluun": "2026-08-14"}}, {"type": "Feature", "id": "Liikennevalot_piste.397", "geometry": {"type": "Point", "coordinates": [25.01173551, 60.23244076]}, "geometry_name": "geom", "properties": {"id": 397, "numero": 522, "tyyppi": "Liikennevalot", "risteys": "Pihlajamäentie/Meripihkatie", "lisatiedot": "", "datanomistaja": "Helsinki/MAKA", "paivitetty_tietopalveluun": "2026-08-14"}}, {"type": "Feature", "id": "Liikennevalot_piste.398", "geometry": {"type": "Point", "coordinates": [25.08207279, 60.23628246]}, "geometry_name": "geom", "properties": {"id": 398, "numero": 727, "tyyppi": "Liikennevalot", "risteys": "Kontulankaari/Keinulaudantie", "lisatiedot": "", "datanomistaja": "Helsinki/MAKA", "paivitetty_tietopalveluun": "2026-08-14"}}, {"type": "Feature", "id": "Liikennevalot_piste.401", "geometry": {"type": "Point", "coordinates": [25.07978693, 60.23196682]}, "geometry_name": "geom", "properties": {"id": 401, "numero": 725, "tyyppi": "Liikennevalot", "risteys": "Kontulantie/Porttitie", "lisatiedot": "", "datanomistaja": "Helsinki/MAKA", "paivitetty_tietopalveluun": "2026-08-14"}}, {"type": "Feature", "id": "Liikennevalot_piste.402", "geometry": {"type": "Point", "coordinates": [25.07819601, 60.23044849]}, "geometry_name": "geom", "properties": {"id": 402, "numero": 728, "tyyppi": "Liikennevalot", "risteys": "Kontulantie/Sirrikuja", "lisatiedot": "", "datanomistaja": "Helsinki/MAKA", "paivitetty_tietopalveluun": "2026-08-14"}}, {"type": "Feature", "id": "Liikennevalot_piste.405", "geometry": {"type": "Point", "coordinates": [25.08060457, 60.22334112]}, "geometry_name": "geom", "properties": {"id": 405, "numero": 722, "tyyppi": "Liikennevalot", "risteys": "Kehä I/Myllypurontie", "lisatiedot": "", "datanomistaja": "Helsinki/MAKA", "paivitetty_tietopalveluun": "2026-08-14"}}, {"type": "Feature", "id": "Liikennevalot_piste.406", "geometry": {"type": "Point", "coordinates": [25.08431935, 60.21357924]}, "geometry_name": "geom", "properties": {"id": 406, "numero": 750, "tyyppi": "Liikennevalot", "risteys": "Turunlinnantie/Korsholmantie", "lisatiedot": "", "datanomistaja": "Helsinki/MAKA", "paivitetty_tietopalveluun": "2026-08-14"}}, {"type": "Feature", "id": "Liikennevalot_piste.409", "geometry": {"type": "Point", "coordinates": [25.09102635, 60.21419507]}, "geometry_name": "geom", "properties": {"id": 409, "numero": 709, "tyyppi": "Liikennevalot", "risteys": "Itäväylä/Brahenlinnantie", "lisatiedot": "", "datanomistaja": "Helsinki/MAKA", "paivitetty_tietopalveluun": "2026-08-14"}}, {"type": "Feature", "id": "Liikennevalot_piste.410", "geometry": {"type": "Point", "coordinates": [25.10338479, 60.21809881]}, "geometry_name": "geom", "properties": {"id": 410, "numero": 710, "tyyppi": "Liikennevalot", "risteys": "Itäväylä/Kiviportintie", "lisatiedot": "", "datanomistaja": "Helsinki/MAKA", "paivitetty_tietopalveluun": "2026-08-14"}}, {"type": "Feature", "id": "Liikennevalot_piste.411", "geometry": {"type": "Point", "coordinates": [25.1100181, 60.22121812]}, "geometry_name": "geom", "properties": {"id": 411, "numero": 713, "tyyppi": "Liikennevalot", "risteys": "Itäväylä/Vartioharjuntie/Riskutie", "lisatiedot": "", "datanomistaja": "Helsinki/MAKA", "paivitetty_tietopalveluun": "2026-08-14"}}, {"type": "Feature", "id": "Liikennevalot_piste.375", "geometry": {"type": "Point", "coordinates": [25.02124799, 60.26952188]}, "geometry_name": "geom", "properties": {"id": 375, "numero": 566, "tyyppi": "Liikennevalot", "risteys": "Tapanilankaari/Ripetie", "lisatiedot": "", "datanomistaja": "Helsinki/MAKA", "paivitetty_tietopalveluun": "2026-08-14"}}, {"type": "Feature", "id": "Liikennevalot_piste.366", "geometry": {"type": "Point", "coordinates": [24.99052001, 60.2613305]}, "geometry_name": "geom", "properties": {"id": 366, "numero": 538, "tyyppi": "Liikennevalot", "risteys": "Tapanilantie/Laukkipäänpolku (suojatie)", "lisatiedot": "", "datanomistaja": "Helsinki/MAKA", "paivitetty_tietopalveluun": "2026-08-14"}}, {"type": "Feature", "id": "Liikennevalot_piste.368", "geometry": {"type": "Point", "coordinates": [24.98711649, 60.2705161]}, "geometry_name": "geom", "properties": {"id": 368, "numero": 571, "tyyppi": "Liikennevalot", "risteys": "Siltakyläntie 9/koulu (suojatie)", "lisatiedot": "", "datanomistaja": "Helsinki/MAKA", "paivitetty_tietopalveluun": "2026-08-14"}}, {"type": "Feature", "id": "Liikennevalot_piste.380", "geometry": {"type": "Point", "coordinates": [25.02756944, 60.27829125]}, "geometry_name": "geom", "properties": {"id": 380, "numero": 575, "tyyppi": "Liikennevalot", "risteys": "Tapulikaupungintie/Palovartijanpolku", "lisatiedot": "JK-valot", "datanomistaja": "Helsinki/MAKA", "paivitetty_tietopalveluun": "2026-08-14"}}, {"type": "Feature", "id": "Liikennevalot_piste.412", "geometry": {"type": "Point", "coordinates": [25.11484782, 60.22383087]}, "geometry_name": "geom", "properties": {"id": 412, "numero": 714, "tyyppi": "Liikennevalot", "risteys": "Itäväylä/Linnavuorentie/Linnanherrantie", "lisatiedot": "", "datanomistaja": "Helsinki/MAKA", "paivitetty_tietopalveluun": "2026-08-14"}}, {"type": "Feature", "id": "Liikennevalot_piste.407", "geometry": {"type": "Point", "coordinates": [25.08621746, 60.21297129]}, "geometry_name": "geom", "properties": {"id": 407, "numero": 752, "tyyppi": "Liikennevalot", "risteys": "Kehä I/Itäkatu", "lisatiedot": "", "datanomistaja": "Helsinki/MAKA", "paivitetty_tietopalveluun": "2026-08-14"}}, {"type": "Feature", "id": "Liikennevalot_piste.404", "geometry": {"type": "Point", "coordinates": [25.07577239, 60.22713944]}, "geometry_name": "geom", "properties": {"id": 404, "numero": 723, "tyyppi": "Liikennevalot", "risteys": "Kehä I/Kontulantie", "lisatiedot": "", "datanomistaja": "Helsinki/MAKA", "paivitetty_tietopalveluun": "2026-08-14"}}, {"type": "Feature", "id": "Liikennevalot_piste.400", "geometry": {"type": "Point", "coordinates": [25.0831361, 60.23540441]}, "geometry_name": "geom", "properties": {"id": 400, "numero": 726, "tyyppi": "Liikennevalot", "risteys": "Kontulantie/Kontulankaari", "lisatiedot": "", "datanomistaja": "Helsinki/MAKA", "paivitetty_tietopalveluun": "2026-08-14"}}, {"type": "Feature", "id": "Liikennevalot_piste.403", "geometry": {"type": "Point", "coordinates": [25.07632443, 60.22861568]}, "geometry_name": "geom", "properties": {"id": 403, "numero": 724, "tyyppi": "Liikennevalot", "risteys": "Kontulantie/Kurkimäentie", "lisatiedot": "", "datanomistaja": "Helsinki/MAKA", "paivitetty_tietopalveluun": "2026-08-14"}}, {"type": "Feature", "id": "Liikennevalot_piste.399", "geometry": {"type": "Point", "coordinates": [25.08866216, 60.23700384]}, "geometry_name": "geom", "properties": {"id": 399, "numero": 731, "tyyppi": "Liikennevalot", "risteys": "Kotikonnuntie/Kontulantie", "lisatiedot": "", "datanomistaja": "Helsinki/MAKA", "paivitetty_tietopalveluun": "2026-08-14"}}, {"type": "Feature", "id": "Liikennevalot_piste.384", "geometry": {"type": "Point", "coordinates": [25.07981452, 60.26198104]}, "geometry_name": "geom", "properties": {"id": 384, "numero": 560, "tyyppi": "Liikennevalot", "risteys": "Huokotie/Jakomäen koulu (suojatie)", "lisatiedot": "", "datanomistaja": "Helsinki/MAKA", "paivitetty_tietopalveluun": "2026-08-14"}}, {"type": "Feature", "id": "Liikennevalot_piste.383", "geometry": {"type": "Point", "coordinates": [25.05688517, 60.26997653]}, "geometry_name": "geom", "properties": {"id": 383, "numero": 579, "tyyppi": "Liikennevalot", "risteys": "Puistolan raitti/Koudankuja (suojatie)", "lisatiedot": "", "datanomistaja": "Helsinki/MAKA", "paivitetty_tietopalveluun": "2026-08-14"}}, {"type": "Feature", "id": "Liikennevalot_piste.382", "geometry": {"type": "Point", "coordinates": [25.05273794, 60.27096294]}, "geometry_name": "geom", "properties": {"id": 382, "numero": 578, "tyyppi": "Liikennevalot", "risteys": "Puistolan raitti/Tenavapolku (suojatie)", "lisatiedot": "", "datanomistaja": "Helsinki/MAKA", "paivitetty_tietopalveluun": "2026-08-14"}}, {"type": "Feature", "id": "Liikennevalot_piste.365", "geometry": {"type": "Point", "coordinates": [24.98702516, 60.25799274]}, "geometry_name": "geom", "properties": {"id": 365, "numero": 536, "tyyppi": "Liikennevalot", "risteys": "Tapaninvainiontie 42/päiväkoti (suojatie)", "lisatiedot": "", "datanomistaja": "Helsinki/MAKA", "paivitetty_tietopalveluun": "2026-08-14"}}, {"type": "Feature", "id": "Liikennevalot_piste.432", "geometry": {"type": "Point", "coordinates": [25.07894467, 60.20692998]}, "geometry_name": "geom", "properties": {"id": 432, "numero": 742, "tyyppi": "Liikennevalot", "risteys": "Kauppakartanonkatu/Asujanpolku", "lisatiedot": "", "datanomistaja": "Helsinki/MAKA", "paivitetty_tietopalveluun": "2026-08-14"}}, {"type": "Feature", "id": "Liikennevalot_piste.414", "geometry": {"type": "Point", "coordinates": [25.12367985, 60.22851512]}, "geometry_name": "geom", "properties": {"id": 414, "numero": 716, "tyyppi": "Liikennevalot", "risteys": "Itäväylä/Länsimäentie", "lisatiedot": "", "datanomistaja": "Helsinki/MAKA", "paivitetty_tietopalveluun": "2026-08-14"}}, {"type": "Feature", "id": "Liikennevalot_piste.431", "geometry": {"type": "Point", "coordinates": [25.08306234, 60.20806493]}, "geometry_name": "geom", "properties": {"id": 431, "numero": 743, "tyyppi": "Liikennevalot", "risteys": "Kauppakartanonkatu/Lyypekinaukio", "lisatiedot": "", "datanomistaja": "Helsinki/MAKA", "paivitetty_tietopalveluun": "2026-08-14"}}, {"type": "Feature", "id": "Liikennevalot_piste.416", "geometry": {"type": "Point", "coordinates": [25.13266181, 60.23264385]}, "geometry_name": "geom", "properties": {"id": 416, "numero": 718, "tyyppi": "Liikennevalot", "risteys": "Itäväylä/Kallvikintie", "lisatiedot": "", "datanomistaja": "Helsinki/MAKA", "paivitetty_tietopalveluun": "2026-08-14"}}, {"type": "Feature", "id": "Liikennevalot_piste.458", "geometry": {"type": "Point", "coordinates": [24.96863281, 60.16484752]}, "geometry_name": "geom", "properties": {"id": 458, "numero": 154, "tyyppi": "Liikennevalot", "risteys": "Katajanokan terminaali", "lisatiedot": "Raitiovaunun varoitusvalot", "datanomistaja": "Helsinki/MAKA", "paivitetty_tietopalveluun": "2026-08-14"}}, {"type": "Feature", "id": "Liikennevalot_piste.418", "geometry": {"type": "Point", "coordinates": [25.1333132, 60.21557454]}, "geometry_name": "geom", "properties": {"id": 418, "numero": 786, "tyyppi": "Liikennevalot", "risteys": "Kallvikintie/Koukkusaarenpolu (suojatie)", "lisatiedot": "", "datanomistaja": "Helsinki/MAKA", "paivitetty_tietopalveluun": "2026-08-14"}}, {"type": "Feature", "id": "Liikennevalot_piste.419", "geometry": {"type": "Point", "coordinates": [25.1349713, 60.21210279]}, "geometry_name": "geom", "properties": {"id": 419, "numero": 784, "tyyppi": "Liikennevalot", "risteys": "Kallvikintie/Satamasaarentie (suojatie)", "lisatiedot": "", "datanomistaja": "Helsinki/MAKA", "paivitetty_tietopalveluun": "2026-08-14"}}, {"type": "Feature", "id": "Liikennevalot_piste.420", "geometry": {"type": "Point", "coordinates": [25.13603669, 60.20958026]}, "geometry_name": "geom", "properties": {"id": 420, "numero": 783, "tyyppi": "Liikennevalot", "risteys": "Kallvikintie/Vuosaarentie/Lokitie", "lisatiedot": "", "datanomistaja": "Helsinki/MAKA", "paivitetty_tietopalveluun": "2026-08-14"}}, {"type": "Feature", "id": "Liikennevalot_piste.421", "geometry": {"type": "Point", "coordinates": [25.13536651, 60.20596126]}, "geometry_name": "geom", "properties": {"id": 421, "numero": 781, "tyyppi": "Liikennevalot", "risteys": "Vuotie/Kaivonkatsojantie", "lisatiedot": "", "datanomistaja": "Helsinki/MAKA", "paivitetty_tietopalveluun": "2026-08-14"}}, {"type": "Feature", "id": "Liikennevalot_piste.422", "geometry": {"type": "Point", "coordinates": [25.13626397, 60.2041476]}, "geometry_name": "geom", "properties": {"id": 422, "numero": 780, "tyyppi": "Liikennevalot", "risteys": "Kaivonkatsojantie/Kaivonkatsojan puisto (suojatie)", "lisatiedot": "", "datanomistaja": "Helsinki/MAKA", "paivitetty_tietopalveluun": "2026-08-14"}}, {"type": "Feature", "id": "Liikennevalot_piste.423", "geometry": {"type": "Point", "coordinates": [25.1185594, 60.20503172]}, "geometry_name": "geom", "properties": {"id": 423, "numero": 770, "tyyppi": "Liikennevalot", "risteys": "Meri-Rastilantie/Karavaanikatu/Vuotie (ramppi)", "lisatiedot": "", "datanomistaja": "Helsinki/MAKA", "paivitetty_tietopalveluun": "2026-08-14"}}, {"type": "Feature", "id": "Liikennevalot_piste.424", "geometry": {"type": "Point", "coordinates": [25.1486734, 60.20742826]}, "geometry_name": "geom", "properties": {"id": 424, "numero": 778, "tyyppi": "Liikennevalot", "risteys": "Vuotie/Porslahdentie", "lisatiedot": "", "datanomistaja": "Helsinki/MAKA", "paivitetty_tietopalveluun": "2026-08-14"}}, {"type": "Feature", "id": "Liikennevalot_piste.425", "geometry": {"type": "Point", "coordinates": [25.10410593, 60.20819498]}, "geometry_name": "geom", "properties": {"id": 425, "numero": 757, "tyyppi": "Liikennevalot", "risteys": "Meripellontie/Juorumäenkuja/venesatama", "lisatiedot": "", "datanomistaja": "Helsinki/MAKA", "paivitetty_tietopalveluun": "2026-08-14"}}, {"type": "Feature", "id": "Liikennevalot_piste.426", "geometry": {"type": "Point", "coordinates": [25.09989231, 60.20787974]}, "geometry_name": "geom", "properties": {"id": 426, "numero": 756, "tyyppi": "Liikennevalot", "risteys": "Meripellontie/Puotilantie", "lisatiedot": "", "datanomistaja": "Helsinki/MAKA", "paivitetty_tietopalveluun": "2026-08-14"}}, {"type": "Feature", "id": "Liikennevalot_piste.427", "geometry": {"type": "Point", "coordinates": [25.09600567, 60.20838868]}, "geometry_name": "geom", "properties": {"id": 427, "numero": 755, "tyyppi": "Liikennevalot", "risteys": "Meripellontie/Kunnallisneuvoksentie", "lisatiedot": "", "datanomistaja": "Helsinki/MAKA", "paivitetty_tietopalveluun": "2026-08-14"}}, {"type": "Feature", "id": "Liikennevalot_piste.428", "geometry": {"type": "Point", "coordinates": [25.09088779, 60.21024687]}, "geometry_name": "geom", "properties": {"id": 428, "numero": 754, "tyyppi": "Liikennevalot", "risteys": "Meripellontie/Kauppakartanonkatu", "lisatiedot": "", "datanomistaja": "Helsinki/MAKA", "paivitetty_tietopalveluun": "2026-08-14"}}, {"type": "Feature", "id": "Liikennevalot_piste.429", "geometry": {"type": "Point", "coordinates": [25.08820239, 60.20950097]}, "geometry_name": "geom", "properties": {"id": 429, "numero": 744, "tyyppi": "Liikennevalot", "risteys": "Kauppakartanonkatu/Visbynkatu", "lisatiedot": "", "datanomistaja": "Helsinki/MAKA", "paivitetty_tietopalveluun": "2026-08-14"}}, {"type": "Feature", "id": "Liikennevalot_piste.430", "geometry": {"type": "Point", "coordinates": [25.08770877, 60.21231903]}, "geometry_name": "geom", "properties": {"id": 430, "numero": 753, "tyyppi": "Liikennevalot", "risteys": "Itäväylä/Kehä I", "lisatiedot": "", "datanomistaja": "Helsinki/MAKA", "paivitetty_tietopalveluun": "2026-08-14"}}, {"type": "Feature", "id": "Liikennevalot_piste.433", "geometry": {"type": "Point", "coordinates": [25.07567322, 60.20603583]}, "geometry_name": "geom", "properties": {"id": 433, "numero": 741, "tyyppi": "Liikennevalot", "risteys": "Kauppakartanonkatu/Marjaniementie", "lisatiedot": "", "datanomistaja": "Helsinki/MAKA", "paivitetty_tietopalveluun": "2026-08-14"}}, {"type": "Feature", "id": "Liikennevalot_piste.453", "geometry": {"type": "Point", "coordinates": [25.04121543, 60.18833089]}, "geometry_name": "geom", "properties": {"id": 453, "numero": 606, "tyyppi": "Liikennevalot", "risteys": "Linnanrakentajantie/Kaivolahdenkatu", "lisatiedot": "", "datanomistaja": "Helsinki/MAKA", "paivitetty_tietopalveluun": "2026-08-14"}}, {"type": "Feature", "id": "Liikennevalot_piste.440", "geometry": {"type": "Point", "coordinates": [25.03414768, 60.20435577]}, "geometry_name": "geom", "properties": {"id": 440, "numero": 640, "tyyppi": "Liikennevalot", "risteys": "Kettutie/Eränkävijäntori (suojatie)", "lisatiedot": "", "datanomistaja": "Helsinki/MAKA", "paivitetty_tietopalveluun": "2026-08-14"}}, {"type": "Feature", "id": "Liikennevalot_piste.436", "geometry": {"type": "Point", "coordinates": [25.07670823, 60.20481394]}, "geometry_name": "geom", "properties": {"id": 436, "numero": 740, "tyyppi": "Liikennevalot", "risteys": "Marjaniementie 60 (suojatie)", "lisatiedot": "", "datanomistaja": "Helsinki/MAKA", "paivitetty_tietopalveluun": "2026-08-14"}}, {"type": "Feature", "id": "Liikennevalot_piste.437", "geometry": {"type": "Point", "coordinates": [25.05974114, 60.20154954]}, "geometry_name": "geom", "properties": {"id": 437, "numero": 620, "tyyppi": "Liikennevalot", "risteys": "Roihuvuorentie/Vuorenpeikontie/Tulisuontie", "lisatiedot": "", "datanomistaja": "Helsinki/MAKA", "paivitetty_tietopalveluun": "2026-08-14"}}, {"type": "Feature", "id": "Liikennevalot_piste.438", "geometry": {"type": "Point", "coordinates": [25.05380204, 60.20738949]}, "geometry_name": "geom", "properties": {"id": 438, "numero": 630, "tyyppi": "Liikennevalot", "risteys": "Viilarintie/Roihuvuorentie/Sahaajankatu", "lisatiedot": "", "datanomistaja": "Helsinki/MAKA", "paivitetty_tietopalveluun": "2026-08-14"}}, {"type": "Feature", "id": "Liikennevalot_piste.439", "geometry": {"type": "Point", "coordinates": [25.05841948, 60.21018232]}, "geometry_name": "geom", "properties": {"id": 439, "numero": 766, "tyyppi": "Liikennevalot", "risteys": "Viilarintie/Varikkotie/Tulppatie", "lisatiedot": "", "datanomistaja": "Helsinki/MAKA", "paivitetty_tietopalveluun": "2026-08-14"}}, {"type": "Feature", "id": "Liikennevalot_piste.441", "geometry": {"type": "Point", "coordinates": [25.04734284, 60.19835364]}, "geometry_name": "geom", "properties": {"id": 441, "numero": 627, "tyyppi": "Liikennevalot", "risteys": "Sahaajankatu/Asentajankatu", "lisatiedot": "", "datanomistaja": "Helsinki/MAKA", "paivitetty_tietopalveluun": "2026-08-14"}}, {"type": "Feature", "id": "Liikennevalot_piste.442", "geometry": {"type": "Point", "coordinates": [25.04334518, 60.19661554]}, "geometry_name": "geom", "properties": {"id": 442, "numero": 600, "tyyppi": "Liikennevalot", "risteys": "Herttoniemen paloasema (Sorvaajankatu 16)", "lisatiedot": "Palokuntavalot", "datanomistaja": "Helsinki/MAKA", "paivitetty_tietopalveluun": "2026-08-14"}}, {"type": "Feature", "id": "Liikennevalot_piste.443", "geometry": {"type": "Point", "coordinates": [25.0502131, 60.19382062]}, "geometry_name": "geom", "properties": {"id": 443, "numero": 609, "tyyppi": "Liikennevalot", "risteys": "Abraham Wetterin tie/Porolahden puisto (suojatie)", "lisatiedot": "", "datanomistaja": "Helsinki/MAKA", "paivitetty_tietopalveluun": "2026-08-14"}}, {"type": "Feature", "id": "Liikennevalot_piste.444", "geometry": {"type": "Point", "coordinates": [25.05327522, 60.19484395]}, "geometry_name": "geom", "properties": {"id": 444, "numero": 610, "tyyppi": "Liikennevalot", "risteys": "Roihuvuorentie 2/koulu (suojatie)", "lisatiedot": "", "datanomistaja": "Helsinki/MAKA", "paivitetty_tietopalveluun": "2026-08-14"}}, {"type": "Feature", "id": "Liikennevalot_piste.445", "geometry": {"type": "Point", "coordinates": [25.05643941, 60.19448575]}, "geometry_name": "geom", "properties": {"id": 445, "numero": 611, "tyyppi": "Liikennevalot", "risteys": "Abraham Wetterin tie/koulu (suojatie)", "lisatiedot": "", "datanomistaja": "Helsinki/MAKA", "paivitetty_tietopalveluun": "2026-08-14"}}, {"type": "Feature", "id": "Liikennevalot_piste.446", "geometry": {"type": "Point", "coordinates": [25.03962553, 60.19224181]}, "geometry_name": "geom", "properties": {"id": 446, "numero": 604, "tyyppi": "Liikennevalot", "risteys": "Linnanrakentajantie/Laajasalontie/Abraham Wetterin tie", "lisatiedot": "Työmaa-aikaiset liikennevalot", "datanomistaja": "Helsinki/MAKA", "paivitetty_tietopalveluun": "2026-08-14"}}, {"type": "Feature", "id": "Liikennevalot_piste.447", "geometry": {"type": "Point", "coordinates": [25.03578258, 60.19317189]}, "geometry_name": "geom", "properties": {"id": 447, "numero": 603, "tyyppi": "Liikennevalot", "risteys": "Linnanrakentajantie/Laivalahdenportti", "lisatiedot": "", "datanomistaja": "Helsinki/MAKA", "paivitetty_tietopalveluun": "2026-08-14"}}, {"type": "Feature", "id": "Liikennevalot_piste.448", "geometry": {"type": "Point", "coordinates": [25.03408366, 60.19356718]}, "geometry_name": "geom", "properties": {"id": 448, "numero": 612, "tyyppi": "Liikennevalot", "risteys": "Linnanrakentajantie/Kipinä/Insinöörinkatu", "lisatiedot": "", "datanomistaja": "Helsinki/MAKA", "paivitetty_tietopalveluun": "2026-08-14"}}, {"type": "Feature", "id": "Liikennevalot_piste.449", "geometry": {"type": "Point", "coordinates": [25.03300136, 60.19380031]}, "geometry_name": "geom", "properties": {"id": 449, "numero": 602, "tyyppi": "Liikennevalot", "risteys": "Linnanrakentajantie/Itäväylä (menoramppi)", "lisatiedot": "", "datanomistaja": "Helsinki/MAKA", "paivitetty_tietopalveluun": "2026-08-14"}}, {"type": "Feature", "id": "Liikennevalot_piste.450", "geometry": {"type": "Point", "coordinates": [25.03090752, 60.19412086]}, "geometry_name": "geom", "properties": {"id": 450, "numero": 601, "tyyppi": "Liikennevalot", "risteys": "Herttoniemen ympyrä", "lisatiedot": "", "datanomistaja": "Helsinki/MAKA", "paivitetty_tietopalveluun": "2026-08-14"}}, {"type": "Feature", "id": "Liikennevalot_piste.451", "geometry": {"type": "Point", "coordinates": [25.03339134, 60.19564123]}, "geometry_name": "geom", "properties": {"id": 451, "numero": 622, "tyyppi": "Liikennevalot", "risteys": "Itäväylä/Operaattorinkatu/Koodaajankatu", "lisatiedot": "", "datanomistaja": "Helsinki/MAKA", "paivitetty_tietopalveluun": "2026-08-14"}}, {"type": "Feature", "id": "Liikennevalot_piste.452", "geometry": {"type": "Point", "coordinates": [25.0402609, 60.1898483]}, "geometry_name": "geom", "properties": {"id": 452, "numero": 605, "tyyppi": "Liikennevalot", "risteys": "Kerttulinkuja/Linnanrakentajantie", "lisatiedot": "", "datanomistaja": "Helsinki/MAKA", "paivitetty_tietopalveluun": "2026-08-14"}}, {"type": "Feature", "id": "Liikennevalot_piste.455", "geometry": {"type": "Point", "coordinates": [25.04960239, 60.17537799]}, "geometry_name": "geom", "properties": {"id": 455, "numero": 613, "tyyppi": "Liikennevalot", "risteys": "Laajasalontie/Koirasaarentie/Kuvernöörintie", "lisatiedot": "", "datanomistaja": "Helsinki/MAKA", "paivitetty_tietopalveluun": "2026-08-14"}}, {"type": "Feature", "id": "Liikennevalot_piste.456", "geometry": {"type": "Point", "coordinates": [25.04932031, 60.17183267]}, "geometry_name": "geom", "properties": {"id": 456, "numero": 614, "tyyppi": "Liikennevalot", "risteys": "Laajasalontie/Willebrandintie (suojatie)", "lisatiedot": "", "datanomistaja": "Helsinki/MAKA", "paivitetty_tietopalveluun": "2026-08-14"}}, {"type": "Feature", "id": "Liikennevalot_piste.457", "geometry": {"type": "Point", "coordinates": [25.0476675, 60.16758984]}, "geometry_name": "geom", "properties": {"id": 457, "numero": 615, "tyyppi": "Liikennevalot", "risteys": "Laajasalontie/Reiherintie (suojatie)", "lisatiedot": "", "datanomistaja": "Helsinki/MAKA", "paivitetty_tietopalveluun": "2026-08-14"}}, {"type": "Feature", "id": "Liikennevalot_piste.459", "geometry": {"type": "Point", "coordinates": [24.95646894, 60.16115736]}, "geometry_name": "geom", "properties": {"id": 459, "numero": 130, "tyyppi": "Liikennevalot", "risteys": "Eteläranta/Laivasillankatu", "lisatiedot": "Raitiovaunuvalot", "datanomistaja": "Helsinki/MAKA", "paivitetty_tietopalveluun": "2026-08-14"}}, {"type": "Feature", "id": "Liikennevalot_piste.460", "geometry": {"type": "Point", "coordinates": [24.91733139, 60.15241151]}, "geometry_name": "geom", "properties": {"id": 460, "numero": 276, "tyyppi": "Liikennevalot", "risteys": "Tyynenmerenkatu/Länsisatamankatu", "lisatiedot": "Raitiovaunuvalot, vaihe 2", "datanomistaja": "Helsinki/MAKA", "paivitetty_tietopalveluun": "2026-08-14"}}, {"type": "Feature", "id": "Liikennevalot_piste.349", "geometry": {"type": "Point", "coordinates": [24.89748095, 60.25900041]}, "geometry_name": "geom", "properties": {"id": 349, "numero": 819, "tyyppi": "Liikennevalot", "risteys": "Perhekunnantie", "lisatiedot": "Vuorotteluvalot", "datanomistaja": "Helsinki/MAKA", "paivitetty_tietopalveluun": "2026-08-14"}}, {"type": "Feature", "id": "Liikennevalot_piste.462", "geometry": {"type": "Point", "coordinates": [24.92728634, 60.1655637]}, "geometry_name": "geom", "properties": {"id": 462, "numero": 201, "tyyppi": "Liikennevalot", "risteys": "Ruoholahdenkatu/Abrahaminkatu", "lisatiedot": "", "datanomistaja": "Helsinki/MAKA", "paivitetty_tietopalveluun": "2026-08-14"}}, {"type": "Feature", "id": "Liikennevalot_piste.494", "geometry": {"type": "Point", "coordinates": [24.86675293, 60.21841176]}, "geometry_name": "geom", "properties": {"id": 494, "numero": 822, "tyyppi": "Liikennevalot", "risteys": "Pitäjänmäentie/Taimistontie", "lisatiedot": null, "datanomistaja": "Helsinki/MAKA", "paivitetty_tietopalveluun": "2026-08-14"}}, {"type": "Feature", "id": "Liikennevalot_piste.464", "geometry": {"type": "Point", "coordinates": [24.92753649, 60.16750073]}, "geometry_name": "geom", "properties": {"id": 464, "numero": 199, "tyyppi": "Liikennevalot", "risteys": "Salomonkatu (joukkoliikennetunneli)", "lisatiedot": "", "datanomistaja": "Helsinki/MAKA", "paivitetty_tietopalveluun": "2026-08-14"}}, {"type": "Feature", "id": "Liikennevalot_piste.465", "geometry": {"type": "Point", "coordinates": [24.92322354, 60.22035388]}, "geometry_name": "geom", "properties": {"id": 465, "numero": 857, "tyyppi": "Liikennevalot", "risteys": "Metsäläntie/Postintaival", "lisatiedot": "", "datanomistaja": "Helsinki/MAKA", "paivitetty_tietopalveluun": "2026-08-14"}}, {"type": "Feature", "id": "Liikennevalot_piste.466", "geometry": {"type": "Point", "coordinates": [24.93315065, 60.22067011]}, "geometry_name": "geom", "properties": {"id": 466, "numero": 856, "tyyppi": "Liikennevalot", "risteys": "Asesepäntie/Metsäläntie/Veturitie/Rajametsäntie", "lisatiedot": "", "datanomistaja": "Helsinki/MAKA", "paivitetty_tietopalveluun": "2026-08-14"}}, {"type": "Feature", "id": "Liikennevalot_piste.467", "geometry": {"type": "Point", "coordinates": [24.93754321, 60.22098094]}, "geometry_name": "geom", "properties": {"id": 467, "numero": 855, "tyyppi": "Liikennevalot", "risteys": "Asesepäntie/Läkkisepänkuja", "lisatiedot": "JK-valot", "datanomistaja": "Helsinki/MAKA", "paivitetty_tietopalveluun": "2026-08-14"}}, {"type": "Feature", "id": "Liikennevalot_piste.468", "geometry": {"type": "Point", "coordinates": [24.94270652, 60.22154892]}, "geometry_name": "geom", "properties": {"id": 468, "numero": 854, "tyyppi": "Liikennevalot", "risteys": "Asesepäntie/Tuusulan moottoritie (läntinen ramppi)", "lisatiedot": "", "datanomistaja": "Helsinki/MAKA", "paivitetty_tietopalveluun": "2026-08-14"}}, {"type": "Feature", "id": "Liikennevalot_piste.469", "geometry": {"type": "Point", "coordinates": [24.94662723, 60.2220311]}, "geometry_name": "geom", "properties": {"id": 469, "numero": 853, "tyyppi": "Liikennevalot", "risteys": "Mäkitorpantie/Panuntie/Asesepäntie", "lisatiedot": "", "datanomistaja": "Helsinki/MAKA", "paivitetty_tietopalveluun": "2026-08-14"}}, {"type": "Feature", "id": "Liikennevalot_piste.415", "geometry": {"type": "Point", "coordinates": [25.12779751, 60.23082342]}, "geometry_name": "geom", "properties": {"id": 415, "numero": 717, "tyyppi": "Liikennevalot", "risteys": "Itäväylä/Mellunmäentie", "lisatiedot": "", "datanomistaja": "Helsinki/MAKA", "paivitetty_tietopalveluun": "2026-08-14"}}, {"type": "Feature", "id": "Liikennevalot_piste.434", "geometry": {"type": "Point", "coordinates": [25.07543145, 60.20815782]}, "geometry_name": "geom", "properties": {"id": 434, "numero": 700, "tyyppi": "Liikennevalot", "risteys": "Marjaniementie/Iiris (suojatie)", "lisatiedot": "", "datanomistaja": "Helsinki/MAKA", "paivitetty_tietopalveluun": "2026-08-14"}}, {"type": "Feature", "id": "Liikennevalot_piste.435", "geometry": {"type": "Point", "coordinates": [25.07544406, 60.20914833]}, "geometry_name": "geom", "properties": {"id": 435, "numero": 701, "tyyppi": "Liikennevalot", "risteys": "Itäkatu 11 (suojatie)", "lisatiedot": "Jokerivalot", "datanomistaja": "Helsinki/MAKA", "paivitetty_tietopalveluun": "2026-08-14"}}, {"type": "Feature", "id": "Liikennevalot_piste.417", "geometry": {"type": "Point", "coordinates": [25.1073105, 60.23771411]}, "geometry_name": "geom", "properties": {"id": 417, "numero": 733, "tyyppi": "Liikennevalot", "risteys": "Kontulantie/Länsimäentie", "lisatiedot": "", "datanomistaja": "Helsinki/MAKA", "paivitetty_tietopalveluun": "2026-08-14"}}, {"type": "Feature", "id": "Liikennevalot_piste.461", "geometry": {"type": "Point", "coordinates": [24.92558301, 60.16495901]}, "geometry_name": "geom", "properties": {"id": 461, "numero": 250, "tyyppi": "Liikennevalot", "risteys": "Ruoholahdenkatu/Hietalahdenkatu/Lapinrinne", "lisatiedot": "", "datanomistaja": "Helsinki/MAKA", "paivitetty_tietopalveluun": "2026-08-14"}}, {"type": "Feature", "id": "Liikennevalot_piste.463", "geometry": {"type": "Point", "coordinates": [24.92723793, 60.16696642]}, "geometry_name": "geom", "properties": {"id": 463, "numero": 200, "tyyppi": "Liikennevalot", "risteys": "Lapinlahdenkatu/Lapinrinne", "lisatiedot": "", "datanomistaja": "Helsinki/MAKA", "paivitetty_tietopalveluun": "2026-08-14"}}, {"type": "Feature", "id": "Liikennevalot_piste.471", "geometry": {"type": "Point", "coordinates": [24.95125722, 60.18671667]}, "geometry_name": "geom", "properties": {"id": 471, "numero": 323, "tyyppi": "Liikennevalot", "risteys": "Helsinginkatu/Kaarlenkatu", "lisatiedot": "", "datanomistaja": "Helsinki/MAKA", "paivitetty_tietopalveluun": "2026-08-14"}}, {"type": "Feature", "id": "Liikennevalot_piste.472", "geometry": {"type": "Point", "coordinates": [24.92467177, 60.19133515]}, "geometry_name": "geom", "properties": {"id": 472, "numero": 87, "tyyppi": "Liikennevalot", "risteys": "Nordenskiöldinkatu/Pohjoinen Stadiontie/Auroranportti", "lisatiedot": "", "datanomistaja": "Helsinki/MAKA", "paivitetty_tietopalveluun": "2026-08-14"}}, {"type": "Feature", "id": "Liikennevalot_piste.473", "geometry": {"type": "Point", "coordinates": [25.04712998, 60.1933374]}, "geometry_name": "geom", "properties": {"id": 473, "numero": 608, "tyyppi": "Liikennevalot", "risteys": "Abraham Wetterin tie/Sahaajankatu", "lisatiedot": "", "datanomistaja": "Helsinki/MAKA", "paivitetty_tietopalveluun": "2026-08-14"}}, {"type": "Feature", "id": "Liikennevalot_piste.474", "geometry": {"type": "Point", "coordinates": [24.93371794, 60.2010142]}, "geometry_name": "geom", "properties": {"id": 474, "numero": 365, "tyyppi": "Liikennevalot", "risteys": "Ratapihantie/Rautatieläisenkatu", "lisatiedot": "", "datanomistaja": "Helsinki/MAKA", "paivitetty_tietopalveluun": "2026-08-14"}}, {"type": "Feature", "id": "Liikennevalot_piste.475", "geometry": {"type": "Point", "coordinates": [24.9648137, 60.18397854]}, "geometry_name": "geom", "properties": {"id": 475, "numero": 415, "tyyppi": "Liikennevalot", "risteys": "Sörnäisten rantatie/Hanasaarenkatu", "lisatiedot": "", "datanomistaja": "Helsinki/MAKA", "paivitetty_tietopalveluun": "2026-08-14"}}, {"type": "Feature", "id": "Liikennevalot_piste.478", "geometry": {"type": "Point", "coordinates": [25.0775259, 60.27492837]}, "geometry_name": "geom", "properties": {"id": 478, "numero": 930, "tyyppi": "Liikennevalot", "risteys": "Vanha Porvoontie (Korvasienentie-Kalkkivuorentie)", "lisatiedot": "RMS Vantaa", "datanomistaja": "Helsinki/MAKA", "paivitetty_tietopalveluun": "2026-08-14"}}, {"type": "Feature", "id": "Liikennevalot_piste.477", "geometry": {"type": "Point", "coordinates": [25.01287942, 60.28434989]}, "geometry_name": "geom", "properties": {"id": 477, "numero": 584, "tyyppi": "Liikennevalot", "risteys": "Suutarilantie/Kehä III (ramppi)", "lisatiedot": "", "datanomistaja": "Helsinki/MAKA", "paivitetty_tietopalveluun": "2026-08-14"}}, {"type": "Feature", "id": "Liikennevalot_piste.314", "geometry": {"type": "Point", "coordinates": [24.86188546, 60.15806053]}, "geometry_name": "geom", "properties": {"id": 314, "numero": 292, "tyyppi": "Liikennevalot", "risteys": "Isokaari 19/Lauttasaaren koulu (suojatie)", "lisatiedot": "", "datanomistaja": "Helsinki/MAKA", "paivitetty_tietopalveluun": "2026-08-14"}}, {"type": "Feature", "id": "Liikennevalot_piste.292", "geometry": {"type": "Point", "coordinates": [24.92285185, 60.16220492]}, "geometry_name": "geom", "properties": {"id": 292, "numero": 269, "tyyppi": "Liikennevalot", "risteys": "Hietalahdenranta/Jätkäsaarenlaituri", "lisatiedot": "", "datanomistaja": "Helsinki/MAKA", "paivitetty_tietopalveluun": "2026-08-14"}}, {"type": "Feature", "id": "Liikennevalot_piste.239", "geometry": {"type": "Point", "coordinates": [24.95975449, 60.16986064]}, "geometry_name": "geom", "properties": {"id": 239, "numero": 138, "tyyppi": "Liikennevalot", "risteys": "Pohjoisranta/Meritullintori (suojatie)", "lisatiedot": "", "datanomistaja": "Helsinki/MAKA", "paivitetty_tietopalveluun": "2026-08-14"}}, {"type": "Feature", "id": "Liikennevalot_piste.123", "geometry": {"type": "Point", "coordinates": [24.9502406, 60.17583316]}, "geometry_name": "geom", "properties": {"id": 123, "numero": 165, "tyyppi": "Liikennevalot", "risteys": "Unioninkatu/Siltavuorenranta/Kaisaniemenranta", "lisatiedot": "", "datanomistaja": "Helsinki/MAKA", "paivitetty_tietopalveluun": "2026-08-14"}}, {"type": "Feature", "id": "Liikennevalot_piste.476", "geometry": {"type": "Point", "coordinates": [24.92380103, 60.1914939]}, "geometry_name": "geom", "properties": {"id": 476, "numero": 999, "tyyppi": "Liikennevalot", "risteys": "Lasten liikennekaupunki", "lisatiedot": "", "datanomistaja": "Helsinki/MAKA", "paivitetty_tietopalveluun": "2026-08-14"}}, {"type": "Feature", "id": "Liikennevalot_piste.374", "geometry": {"type": "Point", "coordinates": [25.02555141, 60.26531831]}, "geometry_name": "geom", "properties": {"id": 374, "numero": 564, "tyyppi": "Liikennevalot", "risteys": "Päiväläntie/Veljestentie (suojatie)", "lisatiedot": "", "datanomistaja": "Helsinki/MAKA", "paivitetty_tietopalveluun": "2026-08-14"}}, {"type": "Feature", "id": "Liikennevalot_piste.1", "geometry": {"type": "Point", "coordinates": [24.83362619, 60.25039446]}, "geometry_name": "geom", "properties": {"id": 1, "numero": 829, "tyyppi": "Liikennevalot", "risteys": "Vihdintie/Vanha Hämeenkyläntie", "lisatiedot": "", "datanomistaja": "Helsinki/MAKA", "paivitetty_tietopalveluun": "2026-08-14"}}, {"type": "Feature", "id": "Liikennevalot_piste.531", "geometry": {"type": "Point", "coordinates": [25.03458467, 60.17305106]}, "geometry_name": "geom", "properties": {"id": 531, "numero": 652, "tyyppi": "Rakenteilla", "risteys": "Koirasaarentie/Jurmonkuja", "lisatiedot": null, "datanomistaja": "Helsinki/MAKA", "paivitetty_tietopalveluun": "2026-08-14"}}, {"type": "Feature", "id": "Liikennevalot_piste.14", "geometry": {"type": "Point", "coordinates": [24.85887442, 60.22422339]}, "geometry_name": "geom", "properties": {"id": 14, "numero": 833, "tyyppi": "Liikennevalot", "risteys": "Pitäjänmäentie/Turkismiehentie/Sulkapolku", "lisatiedot": "", "datanomistaja": "Helsinki/MAKA", "paivitetty_tietopalveluun": "2026-08-14"}}, {"type": "Feature", "id": "Liikennevalot_piste.74", "geometry": {"type": "Point", "coordinates": [24.90150653, 60.19638882]}, "geometry_name": "geom", "properties": {"id": 74, "numero": 66, "tyyppi": "Liikennevalot", "risteys": "Mannerheimintie/Tilkanvierto", "lisatiedot": "", "datanomistaja": "Helsinki/MAKA", "paivitetty_tietopalveluun": "2026-08-14"}}, {"type": "Feature", "id": "Liikennevalot_piste.64", "geometry": {"type": "Point", "coordinates": [24.91475593, 60.1904059]}, "geometry_name": "geom", "properties": {"id": 64, "numero": 75, "tyyppi": "Liikennevalot", "risteys": "Mannerheimintie 110 (suojatie)", "lisatiedot": "", "datanomistaja": "Helsinki/MAKA", "paivitetty_tietopalveluun": "2026-08-14"}}, {"type": "Feature", "id": "Liikennevalot_piste.470", "geometry": {"type": "Point", "coordinates": [24.95319369, 60.18702139]}, "geometry_name": "geom", "properties": {"id": 470, "numero": 324, "tyyppi": "Liikennevalot", "risteys": "Helsinginkatu/Fleminginkatu", "lisatiedot": "", "datanomistaja": "Helsinki/MAKA", "paivitetty_tietopalveluun": "2026-08-14"}}, {"type": "Feature", "id": "Liikennevalot_piste.228", "geometry": {"type": "Point", "coordinates": [24.96580407, 60.20380636]}, "geometry_name": "geom", "properties": {"id": 228, "numero": 440, "tyyppi": "Liikennevalot", "risteys": "Kustaa Vaasan tie", "lisatiedot": "JK-valot", "datanomistaja": "Helsinki/MAKA", "paivitetty_tietopalveluun": "2026-08-14"}}, {"type": "Feature", "id": "Liikennevalot_piste.413", "geometry": {"type": "Point", "coordinates": [25.12120842, 60.22723499]}, "geometry_name": "geom", "properties": {"id": 413, "numero": 715, "tyyppi": "Liikennevalot", "risteys": "Itäväylä/Linnanpajankuja", "lisatiedot": "", "datanomistaja": "Helsinki/MAKA", "paivitetty_tietopalveluun": "2026-08-14"}}, {"type": "Feature", "id": "Liikennevalot_piste.408", "geometry": {"type": "Point", "coordinates": [25.08577881, 60.21408263]}, "geometry_name": "geom", "properties": {"id": 408, "numero": 751, "tyyppi": "Liikennevalot", "risteys": "Kehä I/Turunlinnantie", "lisatiedot": "", "datanomistaja": "Helsinki/MAKA", "paivitetty_tietopalveluun": "2026-08-14"}}, {"type": "Feature", "id": "Liikennevalot_piste.263", "geometry": {"type": "Point", "coordinates": [24.94076574, 60.16836091]}, "geometry_name": "geom", "properties": {"id": 263, "numero": 223, "tyyppi": "Liikennevalot", "risteys": "Mannerheimintie/Aleksanterinkatu/Kalevankatu", "lisatiedot": "", "datanomistaja": "Helsinki/MAKA", "paivitetty_tietopalveluun": "2026-08-14"}}, {"type": "Feature", "id": "Liikennevalot_piste.479", "geometry": {"type": "Point", "coordinates": [25.02850843, 60.28144063]}, "geometry_name": "geom", "properties": {"id": 479, "numero": 929, "tyyppi": "Liikennevalot", "risteys": "Tikkuritie/Tikkurikuja", "lisatiedot": "RMS Vantaa", "datanomistaja": "Helsinki/MAKA", "paivitetty_tietopalveluun": "2026-08-14"}}, {"type": "Feature", "id": "Liikennevalot_piste.480", "geometry": {"type": "Point", "coordinates": [25.02903699, 60.28319381]}, "geometry_name": "geom", "properties": {"id": 480, "numero": 928, "tyyppi": "Liikennevalot", "risteys": "Tikkuritie/Kehä III (pohjoinen ramppi)", "lisatiedot": "RMS Vantaa", "datanomistaja": "Helsinki/MAKA", "paivitetty_tietopalveluun": "2026-08-14"}}, {"type": "Feature", "id": "Liikennevalot_piste.481", "geometry": {"type": "Point", "coordinates": [25.02958304, 60.28392151]}, "geometry_name": "geom", "properties": {"id": 481, "numero": 933, "tyyppi": "Liikennevalot", "risteys": "Härkävaljakontie/Aamuruskontie", "lisatiedot": "RMS Vantaa", "datanomistaja": "Helsinki/MAKA", "paivitetty_tietopalveluun": "2026-08-14"}}, {"type": "Feature", "id": "Liikennevalot_piste.495", "geometry": {"type": "Point", "coordinates": [24.86210674, 60.22013151]}, "geometry_name": "geom", "properties": {"id": 495, "numero": 824, "tyyppi": "Liikennevalot", "risteys": "Pitäjänmäentie/Pajamäentie", "lisatiedot": null, "datanomistaja": "Helsinki/MAKA", "paivitetty_tietopalveluun": "2026-08-14"}}, {"type": "Feature", "id": "Liikennevalot_piste.496", "geometry": {"type": "Point", "coordinates": [24.90987882, 60.1537919]}, "geometry_name": "geom", "properties": {"id": 496, "numero": 279, "tyyppi": "Rakenteilla", "risteys": null, "lisatiedot": null, "datanomistaja": "Helsinki/MAKA", "paivitetty_tietopalveluun": "2026-08-14"}}, {"type": "Feature", "id": "Liikennevalot_piste.497", "geometry": {"type": "Point", "coordinates": [24.91149317, 60.1578216]}, "geometry_name": "geom", "properties": {"id": 497, "numero": 280, "tyyppi": "Rakenteilla", "risteys": null, "lisatiedot": null, "datanomistaja": "Helsinki/MAKA", "paivitetty_tietopalveluun": "2026-08-14"}}, {"type": "Feature", "id": "Liikennevalot_piste.498", "geometry": {"type": "Point", "coordinates": [24.95886718, 60.19359473]}, "geometry_name": "geom", "properties": {"id": 498, "numero": 334, "tyyppi": "Rakenteilla", "risteys": null, "lisatiedot": null, "datanomistaja": "Helsinki/MAKA", "paivitetty_tietopalveluun": "2026-08-14"}}, {"type": "Feature", "id": "Liikennevalot_piste.499", "geometry": {"type": "Point", "coordinates": [24.95303014, 60.20078815]}, "geometry_name": "geom", "properties": {"id": 499, "numero": 348, "tyyppi": "Rakenteilla", "risteys": null, "lisatiedot": null, "datanomistaja": "Helsinki/MAKA", "paivitetty_tietopalveluun": "2026-08-14"}}, {"type": "Feature", "id": "Liikennevalot_piste.500", "geometry": {"type": "Point", "coordinates": [24.96173853, 60.20112833]}, "geometry_name": "geom", "properties": {"id": 500, "numero": 349, "tyyppi": "Rakenteilla", "risteys": null, "lisatiedot": null, "datanomistaja": "Helsinki/MAKA", "paivitetty_tietopalveluun": "2026-08-14"}}, {"type": "Feature", "id": "Liikennevalot_piste.501", "geometry": {"type": "Point", "coordinates": [24.93070595, 60.19769942]}, "geometry_name": "geom", "properties": {"id": 501, "numero": 367, "tyyppi": "Rakenteilla", "risteys": null, "lisatiedot": null, "datanomistaja": "Helsinki/MAKA", "paivitetty_tietopalveluun": "2026-08-14"}}, {"type": "Feature", "id": "Liikennevalot_piste.502", "geometry": {"type": "Point", "coordinates": [24.92068667, 60.20224327]}, "geometry_name": "geom", "properties": {"id": 502, "numero": 372, "tyyppi": "Rakenteilla", "risteys": null, "lisatiedot": null, "datanomistaja": "Helsinki/MAKA", "paivitetty_tietopalveluun": "2026-08-14"}}, {"type": "Feature", "id": "Liikennevalot_piste.503", "geometry": {"type": "Point", "coordinates": [24.93083595, 60.20071955]}, "geometry_name": "geom", "properties": {"id": 503, "numero": 373, "tyyppi": "Liikennevalot", "risteys": "Veturitie/Höyrykatu/Rautatieläisenkatu", "lisatiedot": null, "datanomistaja": "Helsinki/MAKA", "paivitetty_tietopalveluun": "2026-08-14"}}, {"type": "Feature", "id": "Liikennevalot_piste.507", "geometry": {"type": "Point", "coordinates": [24.979684, 60.18285545]}, "geometry_name": "geom", "properties": {"id": 507, "numero": 424, "tyyppi": "Rakenteilla", "risteys": null, "lisatiedot": null, "datanomistaja": "Helsinki/MAKA", "paivitetty_tietopalveluun": "2026-08-14"}}, {"type": "Feature", "id": "Liikennevalot_piste.508", "geometry": null, "geometry_name": "geom", "properties": {"id": 508, "numero": 425, "tyyppi": "Rakenteilla", "risteys": null, "lisatiedot": null, "datanomistaja": "Helsinki/MAKA", "paivitetty_tietopalveluun": "2026-08-14"}}, {"type": "Feature", "id": "Liikennevalot_piste.509", "geometry": {"type": "Point", "coordinates": [24.97428769, 60.19565104]}, "geometry_name": "geom", "properties": {"id": 509, "numero": 426, "tyyppi": "Rakenteilla", "risteys": null, "lisatiedot": null, "datanomistaja": "Helsinki/MAKA", "paivitetty_tietopalveluun": "2026-08-14"}}, {"type": "Feature", "id": "Liikennevalot_piste.511", "geometry": {"type": "Point", "coordinates": [24.97226478, 60.17938165]}, "geometry_name": "geom", "properties": {"id": 511, "numero": 470, "tyyppi": "Rakenteilla", "risteys": null, "lisatiedot": null, "datanomistaja": "Helsinki/MAKA", "paivitetty_tietopalveluun": "2026-08-14"}}, {"type": "Feature", "id": "Liikennevalot_piste.514", "geometry": {"type": "Point", "coordinates": [25.05375713, 60.24201609]}, "geometry_name": "geom", "properties": {"id": 514, "numero": 585, "tyyppi": "Rakenteilla", "risteys": null, "lisatiedot": null, "datanomistaja": "Helsinki/MAKA", "paivitetty_tietopalveluun": "2026-08-14"}}, {"type": "Feature", "id": "Liikennevalot_piste.515", "geometry": {"type": "Point", "coordinates": [25.05276538, 60.24256694]}, "geometry_name": "geom", "properties": {"id": 515, "numero": 586, "tyyppi": "Rakenteilla", "risteys": null, "lisatiedot": null, "datanomistaja": "Helsinki/MAKA", "paivitetty_tietopalveluun": "2026-08-14"}}, {"type": "Feature", "id": "Liikennevalot_piste.516", "geometry": {"type": "Point", "coordinates": [25.05142256, 60.24326216]}, "geometry_name": "geom", "properties": {"id": 516, "numero": 587, "tyyppi": "Rakenteilla", "risteys": null, "lisatiedot": null, "datanomistaja": "Helsinki/MAKA", "paivitetty_tietopalveluun": "2026-08-14"}}, {"type": "Feature", "id": "Liikennevalot_piste.517", "geometry": {"type": "Point", "coordinates": [25.04458173, 60.24687143]}, "geometry_name": "geom", "properties": {"id": 517, "numero": 589, "tyyppi": "Rakenteilla", "risteys": null, "lisatiedot": null, "datanomistaja": "Helsinki/MAKA", "paivitetty_tietopalveluun": "2026-08-14"}}, {"type": "Feature", "id": "Liikennevalot_piste.518", "geometry": {"type": "Point", "coordinates": [25.04464815, 60.24517072]}, "geometry_name": "geom", "properties": {"id": 518, "numero": 592, "tyyppi": "Rakenteilla", "risteys": null, "lisatiedot": null, "datanomistaja": "Helsinki/MAKA", "paivitetty_tietopalveluun": "2026-08-14"}}, {"type": "Feature", "id": "Liikennevalot_piste.519", "geometry": {"type": "Point", "coordinates": [25.04683292, 60.24569763]}, "geometry_name": "geom", "properties": {"id": 519, "numero": 588, "tyyppi": "Rakenteilla", "risteys": null, "lisatiedot": null, "datanomistaja": "Helsinki/MAKA", "paivitetty_tietopalveluun": "2026-08-14"}}, {"type": "Feature", "id": "Liikennevalot_piste.520", "geometry": {"type": "Point", "coordinates": [25.04947608, 60.24629647]}, "geometry_name": "geom", "properties": {"id": 520, "numero": 593, "tyyppi": "Rakenteilla", "risteys": null, "lisatiedot": null, "datanomistaja": "Helsinki/MAKA", "paivitetty_tietopalveluun": "2026-08-14"}}, {"type": "Feature", "id": "Liikennevalot_piste.521", "geometry": {"type": "Point", "coordinates": [25.0516762, 60.24676636]}, "geometry_name": "geom", "properties": {"id": 521, "numero": 594, "tyyppi": "Rakenteilla", "risteys": null, "lisatiedot": null, "datanomistaja": "Helsinki/MAKA", "paivitetty_tietopalveluun": "2026-08-14"}}, {"type": "Feature", "id": "Liikennevalot_piste.522", "geometry": {"type": "Point", "coordinates": [25.03982832, 60.24415867]}, "geometry_name": "geom", "properties": {"id": 522, "numero": 591, "tyyppi": "Rakenteilla", "risteys": null, "lisatiedot": null, "datanomistaja": "Helsinki/MAKA", "paivitetty_tietopalveluun": "2026-08-14"}}, {"type": "Feature", "id": "Liikennevalot_piste.523", "geometry": {"type": "Point", "coordinates": [25.04266663, 60.2478739]}, "geometry_name": "geom", "properties": {"id": 523, "numero": 590, "tyyppi": "Rakenteilla", "risteys": null, "lisatiedot": null, "datanomistaja": "Helsinki/MAKA", "paivitetty_tietopalveluun": "2026-08-14"}}, {"type": "Feature", "id": "Liikennevalot_piste.542", "geometry": {"type": "Point", "coordinates": [25.07725987, 60.20867805]}, "geometry_name": "geom", "properties": {"id": 542, "numero": 703, "tyyppi": "Rakenteilla", "risteys": null, "lisatiedot": null, "datanomistaja": "Helsinki/MAKA", "paivitetty_tietopalveluun": "2026-08-14"}}, {"type": "Feature", "id": "Liikennevalot_piste.543", "geometry": {"type": "Point", "coordinates": [25.07517273, 60.20995478]}, "geometry_name": "geom", "properties": {"id": 543, "numero": 702, "tyyppi": "Rakenteilla", "risteys": null, "lisatiedot": null, "datanomistaja": "Helsinki/MAKA", "paivitetty_tietopalveluun": "2026-08-14"}}, {"type": "Feature", "id": "Liikennevalot_piste.544", "geometry": {"type": "Point", "coordinates": [25.07253221, 60.20943996]}, "geometry_name": "geom", "properties": {"id": 544, "numero": 704, "tyyppi": "Rakenteilla", "risteys": null, "lisatiedot": null, "datanomistaja": "Helsinki/MAKA", "paivitetty_tietopalveluun": "2026-08-14"}}, {"type": "Feature", "id": "Liikennevalot_piste.557", "geometry": {"type": "Point", "coordinates": [24.93755013, 60.19847025]}, "geometry_name": "geom", "properties": {"id": 557, "numero": 0, "tyyppi": "Rakenteilla", "risteys": null, "lisatiedot": null, "datanomistaja": "Helsinki/MAKA", "paivitetty_tietopalveluun": "2026-08-14"}}, {"type": "Feature", "id": "Liikennevalot_piste.484", "geometry": {"type": "Point", "coordinates": [24.9150932, 60.15058161]}, "geometry_name": "geom", "properties": {"id": 484, "numero": 278, "tyyppi": "Liikennevalot", "risteys": "Tyynenmerenkatu/Atlantinkatu", "lisatiedot": "raitiovaunuvalot", "datanomistaja": "Helsinki/MAKA", "paivitetty_tietopalveluun": "2026-08-14"}}, {"type": "Feature", "id": "Liikennevalot_piste.561", "geometry": {"type": "Point", "coordinates": [24.98336979, 60.17721742]}, "geometry_name": "geom", "properties": {"id": 561, "numero": 986, "tyyppi": "Rakenteilla", "risteys": "Korkeasaari", "lisatiedot": null, "datanomistaja": "Helsinki/MAKA", "paivitetty_tietopalveluun": "2026-08-14"}}, {"type": "Feature", "id": "Liikennevalot_piste.550", "geometry": {"type": "Point", "coordinates": [24.9404447, 60.22967257]}, "geometry_name": "geom", "properties": {"id": 550, "numero": 876, "tyyppi": "Liikennevalot", "risteys": null, "lisatiedot": null, "datanomistaja": "Helsinki/MAKA", "paivitetty_tietopalveluun": "2026-08-14"}}, {"type": "Feature", "id": "Liikennevalot_piste.527", "geometry": {"type": "Point", "coordinates": [25.03575065, 60.19515625]}, "geometry_name": "geom", "properties": {"id": 527, "numero": 623, "tyyppi": "Liikennevalot", "risteys": "Suunnittelijankatu/Insinöörinkatu", "lisatiedot": "Omnivue", "datanomistaja": "Helsinki/MAKA", "paivitetty_tietopalveluun": "2026-08-14"}}, {"type": "Feature", "id": "Liikennevalot_piste.528", "geometry": {"type": "Point", "coordinates": [25.03762585, 60.19471537]}, "geometry_name": "geom", "properties": {"id": 528, "numero": 624, "tyyppi": "Liikennevalot", "risteys": "Suunnitteljiankatu/Laivalahdenkatu", "lisatiedot": "Omnivue", "datanomistaja": "Helsinki/MAKA", "paivitetty_tietopalveluun": "2026-08-14"}}, {"type": "Feature", "id": "Liikennevalot_piste.545", "geometry": {"type": "Point", "coordinates": [25.05993045, 60.20940829]}, "geometry_name": "geom", "properties": {"id": 545, "numero": 768, "tyyppi": "Liikennevalot", "risteys": null, "lisatiedot": null, "datanomistaja": "Helsinki/MAKA", "paivitetty_tietopalveluun": "2026-08-14"}}, {"type": "Feature", "id": "Liikennevalot_piste.553", "geometry": {"type": "Point", "coordinates": [24.90532501, 60.22735546]}, "geometry_name": "geom", "properties": {"id": 553, "numero": 841, "tyyppi": "Liikennevalot", "risteys": null, "lisatiedot": null, "datanomistaja": "Helsinki/MAKA", "paivitetty_tietopalveluun": "2026-08-14"}}, {"type": "Feature", "id": "Liikennevalot_piste.559", "geometry": {"type": "Point", "coordinates": [25.01130925, 60.22723057]}, "geometry_name": "geom", "properties": {"id": 559, "numero": 550, "tyyppi": "Liikennevalot", "risteys": "Viikinkaari/Pasteurinkatu/Pihlajamäentie", "lisatiedot": "Vuorotteluvalot (Jokeri)", "datanomistaja": "Helsinki/MAKA", "paivitetty_tietopalveluun": "2026-08-14"}}, {"type": "Feature", "id": "Liikennevalot_piste.551", "geometry": {"type": "Point", "coordinates": [24.93322643, 60.23224295]}, "geometry_name": "geom", "properties": {"id": 551, "numero": 878, "tyyppi": "Liikennevalot", "risteys": null, "lisatiedot": null, "datanomistaja": "Helsinki/MAKA", "paivitetty_tietopalveluun": "2026-08-14"}}, {"type": "Feature", "id": "Liikennevalot_piste.549", "geometry": {"type": "Point", "coordinates": [24.95147242, 60.23085008]}, "geometry_name": "geom", "properties": {"id": 549, "numero": 874, "tyyppi": "Liikennevalot", "risteys": null, "lisatiedot": null, "datanomistaja": "Helsinki/MAKA", "paivitetty_tietopalveluun": "2026-08-14"}}, {"type": "Feature", "id": "Liikennevalot_piste.562", "geometry": {"type": "Point", "coordinates": [24.95222964, 60.17839972]}, "geometry_name": "geom", "properties": {"id": 562, "numero": 460, "tyyppi": "Rakenteilla", "risteys": "Hakaniemenranta/Hakaniementorikatu", "lisatiedot": null, "datanomistaja": "Helsinki/MAKA", "paivitetty_tietopalveluun": "2026-08-14"}}, {"type": "Feature", "id": "Liikennevalot_piste.564", "geometry": {"type": "Point", "coordinates": [24.95771039, 60.17830266]}, "geometry_name": "geom", "properties": {"id": 564, "numero": 462, "tyyppi": "Rakenteilla", "risteys": "Hakaniemenranta/Merihaankatu", "lisatiedot": null, "datanomistaja": "Helsinki/MAKA", "paivitetty_tietopalveluun": "2026-08-14"}}, {"type": "Feature", "id": "Liikennevalot_piste.565", "geometry": {"type": "Point", "coordinates": [24.95845612, 60.17981625]}, "geometry_name": "geom", "properties": {"id": 565, "numero": 463, "tyyppi": "Rakenteilla", "risteys": "Sörnäisten rantatie/Merihaankatu/MiinaSillanpään katu", "lisatiedot": null, "datanomistaja": "Helsinki/MAKA", "paivitetty_tietopalveluun": "2026-08-14"}}, {"type": "Feature", "id": "Liikennevalot_piste.567", "geometry": {"type": "Point", "coordinates": [24.96327799, 60.17831208]}, "geometry_name": "geom", "properties": {"id": 567, "numero": 465, "tyyppi": "Rakenteilla", "risteys": "Hakaniemenranta/Merihaansilta", "lisatiedot": null, "datanomistaja": "Helsinki/MAKA", "paivitetty_tietopalveluun": "2026-08-14"}}, {"type": "Feature", "id": "Liikennevalot_piste.568", "geometry": {"type": "Point", "coordinates": [24.96628579, 60.17874959]}, "geometry_name": "geom", "properties": {"id": 568, "numero": 466, "tyyppi": "Rakenteilla", "risteys": "Merihaansilta hiilivaraston kohdalla", "lisatiedot": null, "datanomistaja": "Helsinki/MAKA", "paivitetty_tietopalveluun": "2026-08-14"}}, {"type": "Feature", "id": "Liikennevalot_piste.506", "geometry": {"type": "Point", "coordinates": [24.9751154, 60.17848475]}, "geometry_name": "geom", "properties": {"id": 506, "numero": 468, "tyyppi": "Rakenteilla", "risteys": "Tihtaalinkatu/Konttisatamankatu", "lisatiedot": null, "datanomistaja": "Helsinki/MAKA", "paivitetty_tietopalveluun": "2026-08-14"}}, {"type": "Feature", "id": "Liikennevalot_piste.569", "geometry": {"type": "Point", "coordinates": [24.97100982, 60.17847675]}, "geometry_name": "geom", "properties": {"id": 569, "numero": 467, "tyyppi": "Rakenteilla", "risteys": "Konttisatamankatu/Somapasaaren laituri", "lisatiedot": null, "datanomistaja": "Helsinki/MAKA", "paivitetty_tietopalveluun": "2026-08-14"}}, {"type": "Feature", "id": "Liikennevalot_piste.536", "geometry": {"type": "Point", "coordinates": [25.01358795, 60.16921486]}, "geometry_name": "geom", "properties": {"id": 536, "numero": 658, "tyyppi": "Rakenteilla", "risteys": "Koirasaarentie/Horisontti", "lisatiedot": null, "datanomistaja": "Helsinki/MAKA", "paivitetty_tietopalveluun": "2026-08-14"}}, {"type": "Feature", "id": "Liikennevalot_piste.570", "geometry": {"type": "Point", "coordinates": [24.97683574, 60.17851868]}, "geometry_name": "geom", "properties": {"id": 570, "numero": 469, "tyyppi": "Rakenteilla", "risteys": "Konttisatamankatu/Aallonhalkoja", "lisatiedot": null, "datanomistaja": "Helsinki/MAKA", "paivitetty_tietopalveluun": "2026-08-14"}}, {"type": "Feature", "id": "Liikennevalot_piste.535", "geometry": {"type": "Point", "coordinates": [25.01620879, 60.16913105]}, "geometry_name": "geom", "properties": {"id": 535, "numero": 657, "tyyppi": "Rakenteilla", "risteys": "Koirasaarentie/Saaristolaivastontie/Kultakruununkaari", "lisatiedot": null, "datanomistaja": "Helsinki/MAKA", "paivitetty_tietopalveluun": "2026-08-14"}}, {"type": "Feature", "id": "Liikennevalot_piste.534", "geometry": {"type": "Point", "coordinates": [25.01847927, 60.1692826]}, "geometry_name": "geom", "properties": {"id": 534, "numero": 656, "tyyppi": "Rakenteilla", "risteys": "Koirasaarentie/Hopeakaivoksentie", "lisatiedot": null, "datanomistaja": "Helsinki/MAKA", "paivitetty_tietopalveluun": "2026-08-14"}}, {"type": "Feature", "id": "Liikennevalot_piste.533", "geometry": {"type": "Point", "coordinates": [25.02146545, 60.16865957]}, "geometry_name": "geom", "properties": {"id": 533, "numero": 655, "tyyppi": "Rakenteilla", "risteys": "Koirasaarentie/Haakoninlahdenkatu", "lisatiedot": null, "datanomistaja": "Helsinki/MAKA", "paivitetty_tietopalveluun": "2026-08-14"}}, {"type": "Feature", "id": "Liikennevalot_piste.532", "geometry": {"type": "Point", "coordinates": [25.02493967, 60.16878044]}, "geometry_name": "geom", "properties": {"id": 532, "numero": 654, "tyyppi": "Rakenteilla", "risteys": "Koirasaarentie/Stansvikintie", "lisatiedot": null, "datanomistaja": "Helsinki/MAKA", "paivitetty_tietopalveluun": "2026-08-14"}}, {"type": "Feature", "id": "Liikennevalot_piste.540", "geometry": {"type": "Point", "coordinates": [25.0326072, 60.17191446]}, "geometry_name": "geom", "properties": {"id": 540, "numero": 653, "tyyppi": "Rakenteilla", "risteys": "Koirasaarentie/Gunillantie", "lisatiedot": null, "datanomistaja": "Helsinki/MAKA", "paivitetty_tietopalveluun": "2026-08-14"}}, {"type": "Feature", "id": "Liikennevalot_piste.537", "geometry": {"type": "Point", "coordinates": [25.0178773, 60.16562328]}, "geometry_name": "geom", "properties": {"id": 537, "numero": 659, "tyyppi": "Liikennevalot", "risteys": "Haakoninkahdenkatu 9", "lisatiedot": null, "datanomistaja": "Helsinki/MAKA", "paivitetty_tietopalveluun": "2026-08-14"}}, {"type": "Feature", "id": "Liikennevalot_piste.530", "geometry": {"type": "Point", "coordinates": [25.03828954, 60.1745078]}, "geometry_name": "geom", "properties": {"id": 530, "numero": 651, "tyyppi": "Rakenteilla", "risteys": "Koirasaarentie/Reiherintie/Henrik Borgströmmin tie", "lisatiedot": null, "datanomistaja": "Helsinki/MAKA", "paivitetty_tietopalveluun": "2026-08-14"}}, {"type": "Feature", "id": "Liikennevalot_piste.529", "geometry": {"type": "Point", "coordinates": [25.04376158, 60.17514387]}, "geometry_name": "geom", "properties": {"id": 529, "numero": 650, "tyyppi": "Rakenteilla", "risteys": "Koirasaarentie/Svanströmintie/Köökarinkuja", "lisatiedot": null, "datanomistaja": "Helsinki/MAKA", "paivitetty_tietopalveluun": "2026-08-14"}}, {"type": "Feature", "id": "Liikennevalot_piste.524", "geometry": {"type": "Point", "coordinates": [25.05018274, 60.17956458]}, "geometry_name": "geom", "properties": {"id": 524, "numero": 618, "tyyppi": "Rakenteilla", "risteys": "Laajasalontie välisuojatie", "lisatiedot": null, "datanomistaja": "Helsinki/MAKA", "paivitetty_tietopalveluun": "2026-08-14"}}, {"type": "Feature", "id": "Liikennevalot_piste.571", "geometry": {"type": "Point", "coordinates": [24.95831202, 60.17607215]}, "geometry_name": "geom", "properties": {"id": 571, "numero": 143, "tyyppi": "Rakenteilla", "risteys": "Hakaniemensilta/Siltavuorenranta/Pohjoisranta", "lisatiedot": null, "datanomistaja": "Helsinki/MAKA", "paivitetty_tietopalveluun": "2026-08-14"}}, {"type": "Feature", "id": "Liikennevalot_piste.563", "geometry": {"type": "Point", "coordinates": [24.95387162, 60.1783366]}, "geometry_name": "geom", "properties": {"id": 563, "numero": 461, "tyyppi": "Rakenteilla", "risteys": "Hakaniemenranta/Hakaniemenkatu", "lisatiedot": null, "datanomistaja": "Helsinki/MAKA", "paivitetty_tietopalveluun": "2026-08-14"}}, {"type": "Feature", "id": "Liikennevalot_piste.566", "geometry": {"type": "Point", "coordinates": [24.96061148, 60.17828562]}, "geometry_name": "geom", "properties": {"id": 566, "numero": 464, "tyyppi": "Rakenteilla", "risteys": "Hakaniemenranta/Haapaniemenkatu", "lisatiedot": null, "datanomistaja": "Helsinki/MAKA", "paivitetty_tietopalveluun": "2026-08-14"}}, {"type": "Feature", "id": "Liikennevalot_piste.505", "geometry": {"type": "Point", "coordinates": [24.92587207, 60.20282416]}, "geometry_name": "geom", "properties": {"id": 505, "numero": 385, "tyyppi": "Liikennevalot", "risteys": null, "lisatiedot": null, "datanomistaja": "Helsinki/MAKA", "paivitetty_tietopalveluun": "2026-08-14"}}, {"type": "Feature", "id": "Liikennevalot_piste.53", "geometry": {"type": "Point", "coordinates": [24.90307459, 60.18902919]}, "geometry_name": "geom", "properties": {"id": 53, "numero": 18, "tyyppi": "Liikennevalot", "risteys": "Paciuksenkatu 4 (suojatie)", "lisatiedot": "", "datanomistaja": "Helsinki/MAKA", "paivitetty_tietopalveluun": "2026-08-14"}}, {"type": "Feature", "id": "Liikennevalot_piste.556", "geometry": {"type": "Point", "coordinates": [24.87870585, 60.21432043]}, "geometry_name": "geom", "properties": {"id": 556, "numero": 825, "tyyppi": "Liikennevalot", "risteys": null, "lisatiedot": null, "datanomistaja": "Helsinki/MAKA", "paivitetty_tietopalveluun": "2026-08-14"}}, {"type": "Feature", "id": "Liikennevalot_piste.554", "geometry": {"type": "Point", "coordinates": [24.90302941, 60.22676919]}, "geometry_name": "geom", "properties": {"id": 554, "numero": 840, "tyyppi": "Liikennevalot", "risteys": null, "lisatiedot": null, "datanomistaja": "Helsinki/MAKA", "paivitetty_tietopalveluun": "2026-08-14"}}, {"type": "Feature", "id": "Liikennevalot_piste.548", "geometry": {"type": "Point", "coordinates": [24.96359193, 60.22910961]}, "geometry_name": "geom", "properties": {"id": 548, "numero": 850, "tyyppi": "Liikennevalot", "risteys": null, "lisatiedot": null, "datanomistaja": "Helsinki/MAKA", "paivitetty_tietopalveluun": "2026-08-14"}}, {"type": "Feature", "id": "Liikennevalot_piste.547", "geometry": {"type": "Point", "coordinates": [24.97213923, 60.2306871]}, "geometry_name": "geom", "properties": {"id": 547, "numero": 852, "tyyppi": "Liikennevalot", "risteys": null, "lisatiedot": null, "datanomistaja": "Helsinki/MAKA", "paivitetty_tietopalveluun": "2026-08-14"}}, {"type": "Feature", "id": "Liikennevalot_piste.513", "geometry": {"type": "Point", "coordinates": [25.02478315, 60.22300067]}, "geometry_name": "geom", "properties": {"id": 513, "numero": 557, "tyyppi": "Liikennevalot", "risteys": null, "lisatiedot": null, "datanomistaja": "Helsinki/MAKA", "paivitetty_tietopalveluun": "2026-08-14"}}, {"type": "Feature", "id": "Liikennevalot_piste.512", "geometry": {"type": "Point", "coordinates": [24.88955812, 60.21666005]}, "geometry_name": "geom", "properties": {"id": 512, "numero": 52, "tyyppi": "Liikennevalot", "risteys": null, "lisatiedot": null, "datanomistaja": "Helsinki/MAKA", "paivitetty_tietopalveluun": "2026-08-14"}}, {"type": "Feature", "id": "Liikennevalot_piste.552", "geometry": {"type": "Point", "coordinates": [24.91698799, 60.23005477]}, "geometry_name": "geom", "properties": {"id": 552, "numero": 858, "tyyppi": "Liikennevalot", "risteys": null, "lisatiedot": null, "datanomistaja": "Helsinki/MAKA", "paivitetty_tietopalveluun": "2026-08-14"}}, {"type": "Feature", "id": "Liikennevalot_piste.555", "geometry": {"type": "Point", "coordinates": [24.89626747, 60.22188596]}, "geometry_name": "geom", "properties": {"id": 555, "numero": 839, "tyyppi": "Liikennevalot", "risteys": null, "lisatiedot": null, "datanomistaja": "Helsinki/MAKA", "paivitetty_tietopalveluun": "2026-08-14"}}, {"type": "Feature", "id": "Liikennevalot_piste.393", "geometry": {"type": "Point", "coordinates": [25.00943604, 60.2265257]}, "geometry_name": "geom", "properties": {"id": 393, "numero": 552, "tyyppi": "Liikennevalot", "risteys": "Maaherrantie/Pihlajamäentie", "lisatiedot": "Jokerivalot", "datanomistaja": "Helsinki/MAKA", "paivitetty_tietopalveluun": "2026-08-14"}}, {"type": "Feature", "id": "Liikennevalot_piste.573", "geometry": {"type": "Point", "coordinates": [25.04441783, 60.19262352]}, "geometry_name": "geom", "properties": {"id": 573, "numero": 626, "tyyppi": "Rakenteilla", "risteys": "Abraham Wetterintie/Johan Sederholmin tie", "lisatiedot": null, "datanomistaja": "Helsinki/MAKA", "paivitetty_tietopalveluun": "2026-08-14"}}, {"type": "Feature", "id": "Liikennevalot_piste.510", "geometry": {"type": "Point", "coordinates": [24.97822103, 60.18937173]}, "geometry_name": "geom", "properties": {"id": 510, "numero": 435, "tyyppi": "Liikennevalot", "risteys": null, "lisatiedot": null, "datanomistaja": "Helsinki/MAKA", "paivitetty_tietopalveluun": "2026-08-14"}}, {"type": "Feature", "id": "Liikennevalot_piste.493", "geometry": {"type": "Point", "coordinates": [24.95848419, 60.23241846]}, "geometry_name": "geom", "properties": {"id": 493, "numero": 873, "tyyppi": "Liikennevalot", "risteys": "Käskynhaltijantie/Norrtäljentie", "lisatiedot": "rv-valot", "datanomistaja": "Helsinki/MAKA", "paivitetty_tietopalveluun": "2026-08-14"}}, {"type": "Feature", "id": "Liikennevalot_piste.454", "geometry": {"type": "Point", "coordinates": [25.05001759, 60.18066261]}, "geometry_name": "geom", "properties": {"id": 454, "numero": 607, "tyyppi": "Liikennevalot", "risteys": "Laajasalontie/Yliskyläntie", "lisatiedot": "", "datanomistaja": "Helsinki/MAKA", "paivitetty_tietopalveluun": "2026-08-14"}}, {"type": "Feature", "id": "Liikennevalot_piste.525", "geometry": {"type": "Point", "coordinates": [25.05040933, 60.17822823]}, "geometry_name": "geom", "properties": {"id": 525, "numero": 619, "tyyppi": "Liikennevalot", "risteys": "Laajasalontie/Reposalmentie/Isosaarentie", "lisatiedot": null, "datanomistaja": "Helsinki/MAKA", "paivitetty_tietopalveluun": "2026-08-14"}}, {"type": "Feature", "id": "Liikennevalot_piste.572", "geometry": {"type": "Point", "coordinates": [25.00139107, 60.22832919]}, "geometry_name": "geom", "properties": {"id": 572, "numero": 551, "tyyppi": "Liikennevalot", "risteys": "Maaherrantie/Hernepellontie/Aulangontie", "lisatiedot": "Vuorotteluvalot (Jokeri)", "datanomistaja": "Helsinki/MAKA", "paivitetty_tietopalveluun": "2026-08-14"}}, {"type": "Feature", "id": "Liikennevalot_piste.504", "geometry": {"type": "Point", "coordinates": [24.92813581, 60.20344798]}, "geometry_name": "geom", "properties": {"id": 504, "numero": 374, "tyyppi": "Liikennevalot", "risteys": "Veturitie/Radioportti", "lisatiedot": null, "datanomistaja": "Helsinki/MAKA", "paivitetty_tietopalveluun": "2026-08-14"}}, {"type": "Feature", "id": "Liikennevalot_piste.343", "geometry": {"type": "Point", "coordinates": [24.88847556, 60.23706416]}, "geometry_name": "geom", "properties": {"id": 343, "numero": 847, "tyyppi": "Liikennevalot", "risteys": "Kantelettarentie/Lauttakuja", "lisatiedot": "", "datanomistaja": "Helsinki/MAKA", "paivitetty_tietopalveluun": "2026-08-14"}}, {"type": "Feature", "id": "Liikennevalot_piste.581", "geometry": {"type": "Point", "coordinates": [24.95640905, 60.21622539]}, "geometry_name": "geom", "properties": {"id": 581, "numero": 397, "tyyppi": "Liikennevalot", "risteys": "Kullervonkadun palokuntavalot", "lisatiedot": null, "datanomistaja": "Helsinki/MAKA", "paivitetty_tietopalveluun": "2026-08-14"}}], "totalFeatures": 557, "numberMatched": 557, "numberReturned": 557, "timeStamp": "2026-08-15T02:36:45.603Z", "crs": {"type": "name", "properties": {"name": "urn:ogc:def:crs:EPSG::4326"}}}
